idx	species	label	label_name	cluster	source	rep_name
0	dfam_consensus	3	Copia	1	dfam_consensus	Copia_I
1	dfam_consensus	6	Gypsy	8	dfam_consensus	DF003448724
2	dfam_consensus	5	ERVK	6	dfam_consensus	RNERVK23
3	dfam_consensus	9	L2	0	dfam_consensus	L2-12_Hmel_C
4	dfam_consensus	10	Pao	0	dfam_consensus	DF003449142
5	dfam_consensus	2	CR1-Zenon	3	dfam_consensus	LINE_B.platifrons_167_cons
6	dfam_consensus	2	CR1-Zenon	8	dfam_consensus	LINE_M.phylippinarum_94_cons
7	dfam_consensus	2	CR1-Zenon	7	dfam_consensus	LINE_A.marissinica_165_cons
8	dfam_consensus	5	ERVK	9	dfam_consensus	RLTR13D3
9	dfam_consensus	3	Copia	8	dfam_consensus	Acol_copia_Ele13
10	dfam_consensus	9	L2	4	dfam_consensus	TE2957_SO2_FAM108
11	dfam_consensus	7	L1	2	dfam_consensus	SpiGra-2.41
12	dfam_consensus	7	L1	2	dfam_consensus	NanGal-6.3
13	dfam_consensus	2	CR1-Zenon	3	dfam_consensus	LINE_M.mercenaria_179_cons
14	dfam_consensus	7	L1	2	dfam_consensus	ConCri-5.22
15	dfam_consensus	5	ERVK	8	dfam_consensus	SorAra-1.136
16	dfam_consensus	3	Copia	1	dfam_consensus	Copia-25_rCom
17	dfam_consensus	10	Pao	6	dfam_consensus	DF003448115
18	dfam_consensus	8	L1-Tx1	4	dfam_consensus	LINE_M.yessoensis_44_cons
19	dfam_consensus	9	L2	1	dfam_consensus	Acol_L2_Ele5
20	dfam_consensus	10	Pao	8	dfam_consensus	BEL-41_DRe-I
21	dfam_consensus	3	Copia	9	dfam_consensus	Acol_copia_Ele13
22	dfam_consensus	7	L1	1	dfam_consensus	DinBra-5.199
23	dfam_consensus	8	L1-Tx1	7	dfam_consensus	LINE_D.rostriformis_10_cons
24	dfam_consensus	9	L2	7	dfam_consensus	CR1-42_DR
25	dfam_consensus	5	ERVK	0	dfam_consensus	RNERVK23
26	dfam_consensus	4	ERV1	9	dfam_consensus	PlaGan-6.232_int
27	dfam_consensus	9	L2	7	dfam_consensus	TE2267_SO2_FAM0328
28	dfam_consensus	4	ERV1	0	dfam_consensus	RanTar-5.1113_int
29	dfam_consensus	3	Copia	4	dfam_consensus	TE3246_SO2_FAM390
30	dfam_consensus	6	Gypsy	9	dfam_consensus	GTWIN_I
31	dfam_consensus	1	CR1	0	dfam_consensus	DF003447853
32	dfam_consensus	10	Pao	0	dfam_consensus	DF003449838
33	dfam_consensus	8	L1-Tx1	1	dfam_consensus	LINE_R.philippinarum_17_cons
34	dfam_consensus	4	ERV1	0	dfam_consensus	ManLeu-6.331_int
35	dfam_consensus	8	L1-Tx1	4	dfam_consensus	LINE_C.sinensis_45_cons
36	dfam_consensus	6	Gypsy	9	dfam_consensus	Gypsy132-I_DR
37	dfam_consensus	2	CR1-Zenon	3	dfam_consensus	LINE_M.yessoensis_61_cons
38	dfam_consensus	8	L1-Tx1	1	dfam_consensus	Tx1-13_DR
39	dfam_consensus	6	Gypsy	2	dfam_consensus	TE2358_SO2_FAM0042
40	dfam_consensus	6	Gypsy	1	dfam_consensus	Gypsy-8_DMel-I
41	dfam_consensus	4	ERV1	3	dfam_consensus	ERV2_DR-I
42	dfam_consensus	1	CR1	0	dfam_consensus	LINE2E_CE
43	dfam_consensus	6	Gypsy	0	dfam_consensus	Acol_gypsy_Ele65
44	dfam_consensus	2	CR1-Zenon	3	dfam_consensus	LINE_C.virginica_30_cons
45	dfam_consensus	9	L2	3	dfam_consensus	LINE_D.rostriformis_66_cons
46	dfam_consensus	7	L1	4	dfam_consensus	L1MEi_5end
47	dfam_consensus	1	CR1	0	dfam_consensus	DF003447382
48	dfam_consensus	5	ERVK	8	dfam_consensus	OnyTor-1.356_int
49	dfam_consensus	7	L1	2	dfam_consensus	MerUng-4.46
50	dfam_consensus	6	Gypsy	6	dfam_consensus	DF003450175
51	dfam_consensus	4	ERV1	3	dfam_consensus	TriMan-5.1174_int
52	dfam_consensus	3	Copia	2	dfam_consensus	TE3213_SO2_FAM275
53	dfam_consensus	7	L1	7	dfam_consensus	L1-111_DR
54	dfam_consensus	7	L1	2	dfam_consensus	SorAra-1.111
55	dfam_consensus	1	CR1	0	dfam_consensus	DF003449620
56	dfam_consensus	3	Copia	5	dfam_consensus	ZymTri_2023_family_637
57	dfam_consensus	5	ERVK	8	dfam_consensus	SigHis-5.463_int
58	dfam_consensus	3	Copia	3	dfam_consensus	TE1699_SO2_FAM0264
59	dfam_consensus	8	L1-Tx1	2	dfam_consensus	L1-74_DR
60	dfam_consensus	1	CR1	6	dfam_consensus	DF003448662
61	dfam_consensus	3	Copia	8	dfam_consensus	Frogger_I
62	dfam_consensus	2	CR1-Zenon	7	dfam_consensus	LINE_P.maximus_98_cons
63	dfam_consensus	2	CR1-Zenon	4	dfam_consensus	LINE_M.phylippinarum_18_cons
64	dfam_consensus	2	CR1-Zenon	7	dfam_consensus	LINE_A.marissinica_194_cons
65	dfam_consensus	5	ERVK	8	dfam_consensus	OndZib-1.100_int
66	dfam_consensus	4	ERV1	3	dfam_consensus	DicSum-4.95
67	dfam_consensus	5	ERVK	9	dfam_consensus	ETnERV3
68	dfam_consensus	3	Copia	3	dfam_consensus	Copia-31_rCom
69	dfam_consensus	6	Gypsy	7	dfam_consensus	Gypsy-26-LTR_DR
70	dfam_consensus	8	L1-Tx1	1	dfam_consensus	LINE_S.glomerata_7_cons
71	dfam_consensus	2	CR1-Zenon	3	dfam_consensus	LINE_M.phylippinarum_90_cons
72	dfam_consensus	6	Gypsy	1	dfam_consensus	Stalker4_I
73	dfam_consensus	8	L1-Tx1	3	dfam_consensus	LINE_M.edulis_152_cons
74	dfam_consensus	8	L1-Tx1	3	dfam_consensus	LINE_M.edulis_10_cons
75	dfam_consensus	7	L1	2	dfam_consensus	MinSch-5.244
76	dfam_consensus	6	Gypsy	0	dfam_consensus	DF003450307
77	dfam_consensus	10	Pao	3	dfam_consensus	BEL32-LTR_DR
78	dfam_consensus	5	ERVK	9	dfam_consensus	OryAfe-6.555a
79	dfam_consensus	10	Pao	8	dfam_consensus	DF003449776
80	dfam_consensus	10	Pao	4	dfam_consensus	BEL4-I_DR
81	dfam_consensus	6	Gypsy	8	dfam_consensus	DF003447698
82	dfam_consensus	4	ERV1	6	dfam_consensus	HERVH
83	dfam_consensus	8	L1-Tx1	4	dfam_consensus	LINE_C.virginica_19_cons
84	dfam_consensus	3	Copia	9	dfam_consensus	ZymTri_2023_family_216
85	dfam_consensus	7	L1	9	dfam_consensus	SpeDau-1.416
86	dfam_consensus	7	L1	2	dfam_consensus	OviAri-1.110
87	dfam_consensus	4	ERV1	0	dfam_consensus	OviAri-6.637_int
88	dfam_consensus	3	Copia	9	dfam_consensus	Copia-1_rCom
89	dfam_consensus	1	CR1	3	dfam_consensus	DF003447974
90	dfam_consensus	2	CR1-Zenon	3	dfam_consensus	LINE_A.marissinica_16_cons
91	dfam_consensus	2	CR1-Zenon	1	dfam_consensus	LINE_S.glomerata_18_cons
92	dfam_consensus	5	ERVK	2	dfam_consensus	OnyTor-1.323
93	dfam_consensus	5	ERVK	0	dfam_consensus	EllTal-1.350
94	dfam_consensus	1	CR1	6	dfam_consensus	DF003449332
95	dfam_consensus	7	L1	2	dfam_consensus	PapAnu-1.22
96	dfam_consensus	1	CR1	0	dfam_consensus	Acol_CR1_Ele24
97	dfam_consensus	8	L1-Tx1	1	dfam_consensus	LINE_M.mercenaria_126_cons
98	dfam_consensus	7	L1	8	dfam_consensus	RhiPru-5.12
99	dfam_consensus	8	L1-Tx1	1	dfam_consensus	LINE_M.edulis_10_cons
100	dfam_consensus	5	ERVK	0	dfam_consensus	RLTR16B_MM
101	dfam_consensus	6	Gypsy	4	dfam_consensus	Acol_gypsy_Ele93
102	dfam_consensus	9	L2	7	dfam_consensus	L2-15_Hmel_B1
103	dfam_consensus	3	Copia	9	dfam_consensus	ZymTri_2023_family_985
104	dfam_consensus	10	Pao	0	dfam_consensus	BEL2-I_DR
105	dfam_consensus	2	CR1-Zenon	7	dfam_consensus	LINE_A.purpuratus_1_cons
106	dfam_consensus	7	L1	7	dfam_consensus	L1-81_DR
107	dfam_consensus	7	L1	7	dfam_consensus	Pman_L1_5.3435
108	dfam_consensus	5	ERVK	8	dfam_consensus	Pman_ERVK_4.63
109	dfam_consensus	10	Pao	3	dfam_consensus	DF003450013
110	dfam_consensus	1	CR1	7	dfam_consensus	DF003448886
111	dfam_consensus	4	ERV1	0	dfam_consensus	ProCoq-5.236_int
112	dfam_consensus	5	ERVK	8	dfam_consensus	LTR1_mMyo_ltr
113	dfam_consensus	7	L1	8	dfam_consensus	L1-25_DR
114	dfam_consensus	4	ERV1	3	dfam_consensus	HUERS-P3b
115	dfam_consensus	10	Pao	5	dfam_consensus	DF003449834
116	dfam_consensus	7	L1	8	dfam_consensus	CavApe-6.632
117	dfam_consensus	8	L1-Tx1	3	dfam_consensus	Tx1-30_DR
118	dfam_consensus	3	Copia	1	dfam_consensus	Copia-29_rCom
119	dfam_consensus	4	ERV1	6	dfam_consensus	DF000282929
120	dfam_consensus	3	Copia	1	dfam_consensus	TE2257_SO2_FAM0318
121	dfam_consensus	1	CR1	8	dfam_consensus	DF003448749
122	dfam_consensus	2	CR1-Zenon	1	dfam_consensus	LINE_B.platifrons_44_cons
123	dfam_consensus	1	CR1	6	dfam_consensus	DF003449468
124	dfam_consensus	10	Pao	6	dfam_consensus	DF003447800
125	dfam_consensus	10	Pao	9	dfam_consensus	CER12-I_CE
126	dfam_consensus	4	ERV1	6	dfam_consensus	HERVFH19
127	dfam_consensus	8	L1-Tx1	1	dfam_consensus	LINE_P.maximus_77_cons
128	dfam_consensus	5	ERVK	6	dfam_consensus	Pman_ERVK_6.1622
129	dfam_consensus	7	L1	1	dfam_consensus	L1-16_DR
130	dfam_consensus	7	L1	2	dfam_consensus	MegLyr-1.16
131	dfam_consensus	2	CR1-Zenon	1	dfam_consensus	LINE_C.gigas_50_cons
132	dfam_consensus	10	Pao	4	dfam_consensus	Pao-13_INT_AstCal
133	dfam_consensus	1	CR1	0	dfam_consensus	LINE_A.marissinica_195_cons
134	dfam_consensus	8	L1-Tx1	5	dfam_consensus	LINE_S.constricta_51_cons
135	dfam_consensus	4	ERV1	3	dfam_consensus	BHIKHARI-2-I_DR
136	dfam_consensus	9	L2	7	dfam_consensus	Crack-3_DR
137	dfam_consensus	7	L1	8	dfam_consensus	RatNor-3.124
138	dfam_consensus	3	Copia	5	dfam_consensus	Copia-26_rCom
139	dfam_consensus	9	L2	1	dfam_consensus	LINE_M.edulis_11_cons
140	dfam_consensus	6	Gypsy	3	dfam_consensus	TE2746_SO2_FAM0082
141	dfam_consensus	7	L1	8	dfam_consensus	MesAur-1.52
142	dfam_consensus	3	Copia	8	dfam_consensus	Acol_copia_Ele25
143	dfam_consensus	5	ERVK	8	dfam_consensus	LTR14AB1-int
144	dfam_consensus	7	L1	0	dfam_consensus	L1-1_pKuh
145	dfam_consensus	3	Copia	8	dfam_consensus	Copia-47_rCom
146	dfam_consensus	8	L1-Tx1	1	dfam_consensus	LINE_M.yessoensis_57_cons
147	dfam_consensus	4	ERV1	6	dfam_consensus	LTR27D
148	dfam_consensus	4	ERV1	3	dfam_consensus	XerIna-6.348_int
149	dfam_consensus	2	CR1-Zenon	3	dfam_consensus	LINE_P.maximus_28_cons
150	dfam_consensus	5	ERVK	0	dfam_consensus	ERVB4_1-I_MM
151	dfam_consensus	7	L1	2	dfam_consensus	TonSau-4.36
152	dfam_consensus	1	CR1	9	dfam_consensus	DF003449444
153	dfam_consensus	8	L1-Tx1	1	dfam_consensus	LINE_C.sinensis_21_cons
154	dfam_consensus	10	Pao	0	dfam_consensus	BEL-56_DRe-I
155	dfam_consensus	7	L1	2	dfam_consensus	TolMat-5.4
156	dfam_consensus	10	Pao	2	dfam_consensus	TE2708_SO2_FAM0078
157	dfam_consensus	1	CR1	6	dfam_consensus	Acol_CR1_Ele11
158	dfam_consensus	9	L2	6	dfam_consensus	L2-53_DR
159	dfam_consensus	7	L1	9	dfam_consensus	L1-38_DR
160	dfam_consensus	2	CR1-Zenon	6	dfam_consensus	Zenon-1_Hmel_B
161	dfam_consensus	1	CR1	8	dfam_consensus	LINE_B.platifrons_95_cons
162	dfam_consensus	8	L1-Tx1	2	dfam_consensus	LINE_P.maximus_58_cons
163	dfam_consensus	2	CR1-Zenon	7	dfam_consensus	LINE_D.rostriformis_37_cons
164	dfam_consensus	3	Copia	7	dfam_consensus	Copia-29_rCom
165	dfam_consensus	5	ERVK	1	dfam_consensus	EllLut-1.166_int
166	dfam_consensus	5	ERVK	8	dfam_consensus	RLTR20B4_MM
167	dfam_consensus	8	L1-Tx1	3	dfam_consensus	LINE_C.virginica_10_cons
168	dfam_consensus	10	Pao	9	dfam_consensus	DF003449949
169	dfam_consensus	8	L1-Tx1	1	dfam_consensus	LINE_A.kagoshimensis_53_cons
170	dfam_consensus	4	ERV1	0	dfam_consensus	Pman_ERV1_4.286
171	dfam_consensus	9	L2	4	dfam_consensus	LINE_M.mercenaria_39_cons
172	dfam_consensus	4	ERV1	5	dfam_consensus	EUTREP7-int
173	dfam_consensus	2	CR1-Zenon	5	dfam_consensus	LINE_C.sinensis_64_cons
174	dfam_consensus	5	ERVK	4	dfam_consensus	MYSERV6
175	dfam_consensus	1	CR1	1	dfam_consensus	DF003449940
176	dfam_consensus	9	L2	4	dfam_consensus	LINE_R.philippinarum_0_cons
177	dfam_consensus	3	Copia	8	dfam_consensus	Copia-47_rCom
178	dfam_consensus	2	CR1-Zenon	1	dfam_consensus	LINE_M.yessoensis_15_cons
179	dfam_consensus	2	CR1-Zenon	1	dfam_consensus	LINE_C.gigas_20_cons
180	dfam_consensus	3	Copia	4	dfam_consensus	Copia-1_Dmel-I
181	dfam_consensus	2	CR1-Zenon	7	dfam_consensus	LINE_C.sinensis_10_cons
182	dfam_consensus	9	L2	2	dfam_consensus	TE2322_SO2_FAM0385
183	dfam_consensus	3	Copia	8	dfam_consensus	TE2260_SO2_FAM0320
184	dfam_consensus	3	Copia	9	dfam_consensus	ZymTri_2023_family_760
185	dfam_consensus	6	Gypsy	9	dfam_consensus	Acol_gypsy_Ele48
186	dfam_consensus	6	Gypsy	9	dfam_consensus	Gypsy101-I_DR
187	dfam_consensus	7	L1	2	dfam_consensus	L1MC5_3end
188	dfam_consensus	8	L1-Tx1	0	dfam_consensus	Tx1-18_DR
189	dfam_consensus	3	Copia	7	dfam_consensus	Copia-12_rCom
190	dfam_consensus	10	Pao	1	dfam_consensus	BEL-51_DRe-I
191	dfam_consensus	7	L1	2	dfam_consensus	HipGal-1.158
192	dfam_consensus	9	L2	7	dfam_consensus	TE2346_SO2_FAM0408
193	dfam_consensus	3	Copia	5	dfam_consensus	Copia-34_rCom
194	dfam_consensus	1	CR1	3	dfam_consensus	LINE_S.constricta_24_cons
195	dfam_consensus	8	L1-Tx1	9	dfam_consensus	LINE_C.gigas_61_cons
196	dfam_consensus	9	L2	1	dfam_consensus	TE2556_SO2_FAM0617
197	dfam_consensus	4	ERV1	6	dfam_consensus	HydHyd-1.123
198	dfam_consensus	10	Pao	9	dfam_consensus	DF003447790
199	dfam_consensus	8	L1-Tx1	1	dfam_consensus	LINE_C.gigas_51_cons
200	dfam_consensus	4	ERV1	2	dfam_consensus	ZFERV-2N2-I_DR
201	dfam_consensus	10	Pao	8	dfam_consensus	BEL-65_DRe-I
202	dfam_consensus	6	Gypsy	8	dfam_consensus	Gypsy61-I_DR
203	dfam_consensus	8	L1-Tx1	3	dfam_consensus	LINE_C.sinensis_15_cons
204	dfam_consensus	4	ERV1	0	dfam_consensus	MER83B-int
205	dfam_consensus	9	L2	8	dfam_consensus	TE2258_SO2_FAM0319
206	dfam_consensus	9	L2	6	dfam_consensus	L2-1_AMi
207	dfam_consensus	1	CR1	9	dfam_consensus	LINE_A.marissinica_58_cons
208	dfam_consensus	1	CR1	0	dfam_consensus	DF003449326
209	dfam_consensus	4	ERV1	9	dfam_consensus	CunPac-1.299_int
210	dfam_consensus	1	CR1	7	dfam_consensus	Acol_CR1_Ele28
211	dfam_consensus	3	Copia	9	dfam_consensus	Acol_copia_Ele25
212	dfam_consensus	2	CR1-Zenon	3	dfam_consensus	LINE_P.maximus_81_cons
213	dfam_consensus	3	Copia	8	dfam_consensus	Copia-42_rCom
214	dfam_consensus	8	L1-Tx1	2	dfam_consensus	LINE_P.maximus_108_cons
215	dfam_consensus	8	L1-Tx1	3	dfam_consensus	LINE_S.grandis_27_cons
216	dfam_consensus	5	ERVK	9	dfam_consensus	SpeDau-5.2620_int
217	dfam_consensus	10	Pao	5	dfam_consensus	Pao-47_INT_AstCal
218	dfam_consensus	3	Copia	9	dfam_consensus	SE15195_novo-B-G231-Map20
219	dfam_consensus	10	Pao	9	dfam_consensus	DF003448639
220	dfam_consensus	7	L1	8	dfam_consensus	ProCap-6.562
221	dfam_consensus	2	CR1-Zenon	5	dfam_consensus	LINE_M.phylippinarum_76_cons
222	dfam_consensus	3	Copia	8	dfam_consensus	Copia-26_rCom
223	dfam_consensus	6	Gypsy	8	dfam_consensus	Gypsy-11_INT_AstCal
224	dfam_consensus	6	Gypsy	4	dfam_consensus	DF003450294
225	dfam_consensus	3	Copia	3	dfam_consensus	Copia-82_rCom
226	dfam_consensus	6	Gypsy	2	dfam_consensus	Gypsy-3_DMel-I
227	dfam_consensus	2	CR1-Zenon	3	dfam_consensus	LINE_C.gigas_50_cons
228	dfam_consensus	7	L1	7	dfam_consensus	L1-49_DR
229	dfam_consensus	4	ERV1	1	dfam_consensus	LTR54-int
230	dfam_consensus	7	L1	7	dfam_consensus	L1-33_DR
231	dfam_consensus	10	Pao	0	dfam_consensus	DF003450139
232	dfam_consensus	2	CR1-Zenon	1	dfam_consensus	LINE_C.gigas_32_cons
233	dfam_consensus	5	ERVK	8	dfam_consensus	MurERV4_19
234	dfam_consensus	3	Copia	7	dfam_consensus	Copia-29_rCom
235	dfam_consensus	2	CR1-Zenon	3	dfam_consensus	LINE_D.rostriformis_57_cons
236	dfam_consensus	8	L1-Tx1	7	dfam_consensus	LINE_A.marissinica_40_cons
237	dfam_consensus	5	ERVK	9	dfam_consensus	MLTR25A
238	dfam_consensus	2	CR1-Zenon	1	dfam_consensus	LINE_M.yessoensis_13_cons
239	dfam_consensus	3	Copia	7	dfam_consensus	Copia-39_rCom
240	dfam_consensus	6	Gypsy	6	dfam_consensus	Gypsy-227_DR-LTR
241	dfam_consensus	1	CR1	3	dfam_consensus	DF003449548
242	dfam_consensus	7	L1	2	dfam_consensus	MyrTri-6.168
243	dfam_consensus	9	L2	1	dfam_consensus	LINE_M.edulis_29_cons
244	dfam_consensus	7	L1	8	dfam_consensus	MurFea-1.92
245	dfam_consensus	5	ERVK	9	dfam_consensus	SpeDau-1.396_int
246	dfam_consensus	3	Copia	8	dfam_consensus	TE2350_SO2_FAM0411
247	dfam_consensus	4	ERV1	6	dfam_consensus	PilTep-1.194
248	dfam_consensus	4	ERV1	9	dfam_consensus	MesBid-1.206
249	dfam_consensus	1	CR1	1	dfam_consensus	DF003448763
250	dfam_consensus	10	Pao	5	dfam_consensus	DF003447870
251	dfam_consensus	3	Copia	8	dfam_consensus	TE2271_SO2_FAM0334
252	dfam_consensus	3	Copia	9	dfam_consensus	SE14017_novo-B-R55-Map20
253	dfam_consensus	4	ERV1	3	dfam_consensus	DF000282885
254	dfam_consensus	8	L1-Tx1	9	dfam_consensus	Tx1-25_DR
255	dfam_consensus	9	L2	1	dfam_consensus	LINE_P.fucata_0_cons
256	dfam_consensus	1	CR1	0	dfam_consensus	DF003448915
257	dfam_consensus	8	L1-Tx1	1	dfam_consensus	LINE_A.kagoshimensis_12_cons
258	dfam_consensus	3	Copia	4	dfam_consensus	Copia-39_rCom
259	dfam_consensus	1	CR1	0	dfam_consensus	LINE_A.marissinica_71_cons
260	dfam_consensus	7	L1	2	dfam_consensus	TurTru-1.10
261	dfam_consensus	9	L2	1	dfam_consensus	L2-1_Ldor
262	dfam_consensus	7	L1	6	dfam_consensus	L1M2a1_5end
263	dfam_consensus	10	Pao	6	dfam_consensus	DF003448822
264	dfam_consensus	8	L1-Tx1	2	dfam_consensus	LINE_M.mercenaria_53_cons
265	dfam_consensus	4	ERV1	9	dfam_consensus	OviAri-5.1082_int
266	dfam_consensus	2	CR1-Zenon	1	dfam_consensus	LINE_S.grandis_102_cons
267	dfam_consensus	1	CR1	7	dfam_consensus	DF003448423
268	dfam_consensus	3	Copia	1	dfam_consensus	Copia-38_rCom
269	dfam_consensus	9	L2	4	dfam_consensus	LINE_A.marissinica_110_cons
270	dfam_consensus	10	Pao	9	dfam_consensus	Pao-11_INT_AstCal
271	dfam_consensus	2	CR1-Zenon	3	dfam_consensus	LINE_M.edulis_16_cons
272	dfam_consensus	8	L1-Tx1	1	dfam_consensus	LINE_A.kagoshimensis_43_cons
273	dfam_consensus	1	CR1	7	dfam_consensus	TE2262_SO2_FAM0322
274	dfam_consensus	5	ERVK	8	dfam_consensus	AcoCah-5.2986
275	dfam_consensus	3	Copia	8	dfam_consensus	Copia-31_rCom
276	dfam_consensus	4	ERV1	0	dfam_consensus	ERV1-7_DR-I
277	dfam_consensus	7	L1	8	dfam_consensus	ThrSwi-4.23
278	dfam_consensus	5	ERVK	7	dfam_consensus	Pman_ERVK_6.9887
279	dfam_consensus	6	Gypsy	9	dfam_consensus	TE2559_SO2_FAM0062
280	dfam_consensus	9	L2	8	dfam_consensus	TE1327_SO2_FAM0229
281	dfam_consensus	3	Copia	0	dfam_consensus	ZymTri_2023_family_318
282	dfam_consensus	2	CR1-Zenon	4	dfam_consensus	LINE_M.phylippinarum_76_cons
283	dfam_consensus	3	Copia	0	dfam_consensus	Copia-29_rCom
284	dfam_consensus	8	L1-Tx1	7	dfam_consensus	LINE_M.mercenaria_47_cons
285	dfam_consensus	5	ERVK	0	dfam_consensus	DasNov-1.393_int
286	dfam_consensus	10	Pao	9	dfam_consensus	DF003447790
287	dfam_consensus	3	Copia	1	dfam_consensus	TE2260_SO2_FAM0320
288	dfam_consensus	6	Gypsy	8	dfam_consensus	Gypsy-192_DR-I
289	dfam_consensus	1	CR1	0	dfam_consensus	DF003448948
290	dfam_consensus	7	L1	2	dfam_consensus	TonSau-3.24
291	dfam_consensus	6	Gypsy	8	dfam_consensus	DF003450294
292	dfam_consensus	9	L2	1	dfam_consensus	LINE_D.rostriformis_4_cons
293	dfam_consensus	5	ERVK	9	dfam_consensus	PerLon-1.204_int
294	dfam_consensus	4	ERV1	9	dfam_consensus	RhiRox-5.139_int
295	dfam_consensus	3	Copia	8	dfam_consensus	TE2389_SO2_FAM0450
296	dfam_consensus	8	L1-Tx1	1	dfam_consensus	LINE_M.yessoensis_57_cons
297	dfam_consensus	9	L2	3	dfam_consensus	L2-32_DRe
298	dfam_consensus	8	L1-Tx1	5	dfam_consensus	LINE_M.nervosa_70_cons
299	dfam_consensus	6	Gypsy	9	dfam_consensus	Gypsy-177_DR-I
300	dfam_consensus	6	Gypsy	8	dfam_consensus	Osvaldo8_DM_I
301	dfam_consensus	3	Copia	9	dfam_consensus	TE3245_SO2_FAM390
302	dfam_consensus	3	Copia	2	dfam_consensus	SE14017_novo-B-R12-Map20
303	dfam_consensus	10	Pao	8	dfam_consensus	Pao-40_INT_AstCal
304	dfam_consensus	1	CR1	7	dfam_consensus	DF003448886
305	dfam_consensus	10	Pao	6	dfam_consensus	DF003447785
306	dfam_consensus	5	ERVK	0	dfam_consensus	Pman_ERVK_6.10168
307	dfam_consensus	5	ERVK	4	dfam_consensus	OndZib-1.288_int
308	dfam_consensus	5	ERVK	6	dfam_consensus	EriEur-1.337_int
309	dfam_consensus	5	ERVK	0	dfam_consensus	ERVB2_1-I_MM
310	dfam_consensus	2	CR1-Zenon	1	dfam_consensus	LINE_B.platifrons_80_cons
311	dfam_consensus	3	Copia	9	dfam_consensus	Acol_copia_Ele25
312	dfam_consensus	4	ERV1	7	dfam_consensus	CasCan-1.162_int
313	dfam_consensus	9	L2	8	dfam_consensus	L2-7_AstCal
314	dfam_consensus	9	L2	7	dfam_consensus	LINE_M.mercenaria_116_cons
315	dfam_consensus	8	L1-Tx1	1	dfam_consensus	LINE_A.kagoshimensis_27_cons
316	dfam_consensus	4	ERV1	6	dfam_consensus	OviAri-6.2449_int
317	dfam_consensus	8	L1-Tx1	0	dfam_consensus	KenoDr1
318	dfam_consensus	4	ERV1	0	dfam_consensus	ElaDav-5.614_int
319	dfam_consensus	10	Pao	1	dfam_consensus	DF003449142
320	dfam_consensus	6	Gypsy	0	dfam_consensus	DF003450309
321	dfam_consensus	9	L2	1	dfam_consensus	TE2429_SO2_FAM0492
322	dfam_consensus	1	CR1	3	dfam_consensus	DF003449318
323	dfam_consensus	5	ERVK	4	dfam_consensus	RLTR11C_MM
324	dfam_consensus	8	L1-Tx1	1	dfam_consensus	Tx1-36_DR
325	dfam_consensus	1	CR1	4	dfam_consensus	LINE_C.sinensis_2_cons
326	dfam_consensus	2	CR1-Zenon	7	dfam_consensus	LINE_A.kagoshimensis_18_cons
327	dfam_consensus	2	CR1-Zenon	5	dfam_consensus	LINE_P.maximus_8_cons
328	dfam_consensus	4	ERV1	8	dfam_consensus	Pman_ERV1_5.407
329	dfam_consensus	1	CR1	9	dfam_consensus	DF003447871
330	dfam_consensus	8	L1-Tx1	4	dfam_consensus	LINE_S.glomerata_21_cons
331	dfam_consensus	9	L2	1	dfam_consensus	TE1883_SO2_FAM0281
332	dfam_consensus	9	L2	6	dfam_consensus	L2-33_DRe
333	dfam_consensus	9	L2	1	dfam_consensus	Daphne-2_Hmel_D
334	dfam_consensus	5	ERVK	6	dfam_consensus	XerIna-4.825_int
335	dfam_consensus	10	Pao	0	dfam_consensus	Pao-40_INT_AstCal
336	dfam_consensus	3	Copia	1	dfam_consensus	Copia-37_rCom
337	dfam_consensus	7	L1	2	dfam_consensus	AnoCau-1.20
338	dfam_consensus	9	L2	3	dfam_consensus	L2-14_Hmel_A3a
339	dfam_consensus	7	L1	2	dfam_consensus	PygNem-1.23
340	dfam_consensus	8	L1-Tx1	9	dfam_consensus	LINE_A.purpuratus_6_cons
341	dfam_consensus	6	Gypsy	1	dfam_consensus	TE0203_SO2_FAM0120
342	dfam_consensus	4	ERV1	6	dfam_consensus	RhiRox-1.267e_int
343	dfam_consensus	10	Pao	0	dfam_consensus	TE0325_SO2_FAM0132
344	dfam_consensus	4	ERV1	6	dfam_consensus	PsaObe-5.310_int
345	dfam_consensus	1	CR1	0	dfam_consensus	DF003449132
346	dfam_consensus	7	L1	2	dfam_consensus	AloPal-4.87
347	dfam_consensus	3	Copia	4	dfam_consensus	Acol_copia_Ele6
348	dfam_consensus	1	CR1	0	dfam_consensus	DF003448751
349	dfam_consensus	10	Pao	8	dfam_consensus	Pao-20_INT_AstCal
350	dfam_consensus	2	CR1-Zenon	7	dfam_consensus	LINE_M.mercenaria_17_cons
351	dfam_consensus	6	Gypsy	4	dfam_consensus	Acol_gypsy_Ele59
352	dfam_consensus	1	CR1	4	dfam_consensus	LINE_M.edulis_100_cons
353	dfam_consensus	10	Pao	6	dfam_consensus	DF003448594
354	dfam_consensus	7	L1	2	dfam_consensus	MusAve-6.432
355	dfam_consensus	3	Copia	8	dfam_consensus	TE2026_SO2_FAM0294
356	dfam_consensus	4	ERV1	0	dfam_consensus	PhoPho-1.230
357	dfam_consensus	2	CR1-Zenon	9	dfam_consensus	LINE_A.marissinica_196_cons
358	dfam_consensus	7	L1	3	dfam_consensus	L1-15_rCom
359	dfam_consensus	9	L2	6	dfam_consensus	L2-30_AstCal
360	dfam_consensus	5	ERVK	3	dfam_consensus	SpeDau-5.2620_int
361	dfam_consensus	3	Copia	8	dfam_consensus	Acol_copia_Ele12
362	dfam_consensus	8	L1-Tx1	1	dfam_consensus	LINE_M.edulis_84_cons
363	dfam_consensus	3	Copia	8	dfam_consensus	TE1645_SO2_FAM0259
364	dfam_consensus	8	L1-Tx1	4	dfam_consensus	LINE_M.yessoensis_56_cons
365	dfam_consensus	2	CR1-Zenon	4	dfam_consensus	LINE_M.yessoensis_36_cons
366	dfam_consensus	6	Gypsy	2	dfam_consensus	Quasimodo3_DM-I
367	dfam_consensus	10	Pao	1	dfam_consensus	TE0102_SO2_FAM0011
368	dfam_consensus	6	Gypsy	1	dfam_consensus	TE2326_SO2_FAM0389
369	dfam_consensus	6	Gypsy	0	dfam_consensus	Gypsy87-I_DR
370	dfam_consensus	1	CR1	0	dfam_consensus	DF003447611
371	dfam_consensus	4	ERV1	6	dfam_consensus	OryAfe-6.226_LTR
372	dfam_consensus	8	L1-Tx1	1	dfam_consensus	LINE_C.sinensis_5_cons
373	dfam_consensus	9	L2	3	dfam_consensus	L2-14_AstCal
374	dfam_consensus	6	Gypsy	4	dfam_consensus	Quasimodo_I
375	dfam_consensus	4	ERV1	1	dfam_consensus	CasCan-1.35_int
376	dfam_consensus	2	CR1-Zenon	7	dfam_consensus	LINE_M.yessoensis_36_cons
377	dfam_consensus	4	ERV1	0	dfam_consensus	ERV1-2_INT_AstCal
378	dfam_consensus	2	CR1-Zenon	3	dfam_consensus	LINE_P.maximus_83_cons
379	dfam_consensus	4	ERV1	0	dfam_consensus	DelLeu-1.204
380	dfam_consensus	9	L2	7	dfam_consensus	Crack-4_DR
381	dfam_consensus	4	ERV1	6	dfam_consensus	LasBor-5.3043b_int
382	dfam_consensus	6	Gypsy	9	dfam_consensus	ZymTri_2023_family_925
383	dfam_consensus	8	L1-Tx1	3	dfam_consensus	LINE_S.constricta_26_cons
384	dfam_consensus	5	ERVK	9	dfam_consensus	DF000283043
385	dfam_consensus	5	ERVK	8	dfam_consensus	Pman_ERVK_5.354
386	dfam_consensus	5	ERVK	6	dfam_consensus	ERVB5_1-I_MM
387	dfam_consensus	4	ERV1	9	dfam_consensus	CasCan-1.35_int
388	dfam_consensus	7	L1	2	dfam_consensus	ChoDid-1.34
389	dfam_consensus	4	ERV1	2	dfam_consensus	ChrAsi-5.30
390	dfam_consensus	10	Pao	9	dfam_consensus	DF003447609
391	dfam_consensus	7	L1	2	dfam_consensus	GliGli-2.168
392	dfam_consensus	2	CR1-Zenon	1	dfam_consensus	LINE_S.glomerata_4_cons
393	dfam_consensus	9	L2	6	dfam_consensus	AmnL2-1
394	dfam_consensus	1	CR1	4	dfam_consensus	LINE_B.platifrons_135_cons
395	dfam_consensus	8	L1-Tx1	7	dfam_consensus	KenoDr1
396	dfam_consensus	9	L2	1	dfam_consensus	TE2317_SO2_FAM0380
397	dfam_consensus	7	L1	2	dfam_consensus	MonMon-1.12
398	dfam_consensus	10	Pao	0	dfam_consensus	GATE-1_I
399	dfam_consensus	8	L1-Tx1	1	dfam_consensus	LINE_S.constricta_26_cons
400	dfam_consensus	1	CR1	6	dfam_consensus	Acol_CR1_Ele2
401	dfam_consensus	10	Pao	6	dfam_consensus	DF003449922
402	dfam_consensus	8	L1-Tx1	8	dfam_consensus	LINE_M.edulis_93_cons
403	dfam_consensus	8	L1-Tx1	1	dfam_consensus	LINE_M.edulis_84_cons
404	dfam_consensus	6	Gypsy	0	dfam_consensus	Halyomorpha_halys-5_family-3015
405	dfam_consensus	2	CR1-Zenon	7	dfam_consensus	LINE_M.mercenaria_13_cons
406	dfam_consensus	8	L1-Tx1	4	dfam_consensus	Tx1-25_DR
407	dfam_consensus	9	L2	7	dfam_consensus	L2-55_DR
408	dfam_consensus	4	ERV1	9	dfam_consensus	IniGeo-1.181
409	dfam_consensus	6	Gypsy	9	dfam_consensus	SE14017_novo-B-G526-Map13
410	dfam_consensus	2	CR1-Zenon	3	dfam_consensus	LINE_M.phylippinarum_76_cons
411	dfam_consensus	7	L1	2	dfam_consensus	EriEur-1.91
412	dfam_consensus	10	Pao	9	dfam_consensus	DF003448789
413	dfam_consensus	8	L1-Tx1	2	dfam_consensus	Tx1-1_DR
414	dfam_consensus	6	Gypsy	8	dfam_consensus	DF003448819
415	dfam_consensus	9	L2	1	dfam_consensus	L2-2_Etal
416	dfam_consensus	7	L1	9	dfam_consensus	AllBul-6.470
417	dfam_consensus	10	Pao	0	dfam_consensus	DF003447993
418	dfam_consensus	9	L2	5	dfam_consensus	LINE_D.rostriformis_47_cons
419	dfam_consensus	9	L2	2	dfam_consensus	TE2301_SO2_FAM0365
420	dfam_consensus	1	CR1	8	dfam_consensus	LINE_A.marissinica_71_cons
421	dfam_consensus	6	Gypsy	6	dfam_consensus	DF003448295
422	dfam_consensus	10	Pao	9	dfam_consensus	BEL14-I_DR
423	dfam_consensus	3	Copia	8	dfam_consensus	Acol_copia_Ele16
424	dfam_consensus	10	Pao	0	dfam_consensus	DF003449245
425	dfam_consensus	1	CR1	9	dfam_consensus	DF003449129
426	dfam_consensus	3	Copia	5	dfam_consensus	Copia-17_rCom
427	dfam_consensus	5	ERVK	9	dfam_consensus	DF000283022
428	dfam_consensus	1	CR1	1	dfam_consensus	DF003447768
429	dfam_consensus	10	Pao	9	dfam_consensus	BEL-61_DRe-I
430	dfam_consensus	7	L1	2	dfam_consensus	ArtJam-5.756
431	dfam_consensus	1	CR1	1	dfam_consensus	DF003447813
432	dfam_consensus	5	ERVK	9	dfam_consensus	BosInd-1.220
433	dfam_consensus	1	CR1	0	dfam_consensus	DF003450137
434	dfam_consensus	10	Pao	0	dfam_consensus	BEL-26_DR-I
435	dfam_consensus	4	ERV1	0	dfam_consensus	ZapHud-5.935_int
436	dfam_consensus	3	Copia	8	dfam_consensus	Acol_copia_Ele27
437	dfam_consensus	8	L1-Tx1	2	dfam_consensus	LINE_S.glomerata_8_cons
438	dfam_consensus	8	L1-Tx1	8	dfam_consensus	LINE_A.kagoshimensis_40_cons
439	dfam_consensus	5	ERVK	6	dfam_consensus	DasNov-1.259_LTR
440	dfam_consensus	5	ERVK	6	dfam_consensus	PteBra-5.3104
441	dfam_consensus	10	Pao	0	dfam_consensus	DF003448509
442	dfam_consensus	3	Copia	8	dfam_consensus	Acol_copia_Ele5
443	dfam_consensus	8	L1-Tx1	3	dfam_consensus	LINE_M.edulis_228_cons
444	dfam_consensus	6	Gypsy	0	dfam_consensus	TE3251_SO2_FAM419
445	dfam_consensus	1	CR1	4	dfam_consensus	LINE_M.edulis_197_cons
446	dfam_consensus	3	Copia	9	dfam_consensus	Copia-6_rCom
447	dfam_consensus	3	Copia	8	dfam_consensus	Copia-9_rCom
448	dfam_consensus	1	CR1	0	dfam_consensus	DF003447727
449	dfam_consensus	5	ERVK	1	dfam_consensus	AplRuf-6.79
450	dfam_consensus	8	L1-Tx1	1	dfam_consensus	LINE_A.marissinica_26_cons
451	dfam_consensus	5	ERVK	0	dfam_consensus	Pman_ERVK_6.5502
452	dfam_consensus	10	Pao	1	dfam_consensus	TE2526_SO2_FAM0586
453	dfam_consensus	1	CR1	1	dfam_consensus	DF003449419
454	dfam_consensus	6	Gypsy	3	dfam_consensus	ZymTri_2023_family_279
455	dfam_consensus	6	Gypsy	9	dfam_consensus	Gypsy43-I_DR
456	dfam_consensus	6	Gypsy	8	dfam_consensus	Gypsy50-I_DR
457	dfam_consensus	8	L1-Tx1	4	dfam_consensus	LINE_C.gigas_56_cons
458	dfam_consensus	4	ERV1	7	dfam_consensus	FukDam-5.580_int
459	dfam_consensus	9	L2	5	dfam_consensus	LINE_S.glomerata_2_cons
460	dfam_consensus	2	CR1-Zenon	3	dfam_consensus	LINE_P.maximus_20_cons
461	dfam_consensus	2	CR1-Zenon	3	dfam_consensus	LINE_C.gigas_32_cons
462	dfam_consensus	10	Pao	0	dfam_consensus	Pao-19_INT_AstCal
463	dfam_consensus	6	Gypsy	4	dfam_consensus	DF003447795
464	dfam_consensus	4	ERV1	3	dfam_consensus	RhiPru-5.54_int
465	dfam_consensus	7	L1	2	dfam_consensus	L1ME3Cz_3end
466	dfam_consensus	2	CR1-Zenon	1	dfam_consensus	LINE_M.phylippinarum_54_cons
467	dfam_consensus	2	CR1-Zenon	0	dfam_consensus	Zenon-2_Hmel_C
468	dfam_consensus	9	L2	4	dfam_consensus	LINE_R.philippinarum_1_cons
469	dfam_consensus	5	ERVK	7	dfam_consensus	MMERVK9E_I
470	dfam_consensus	3	Copia	1	dfam_consensus	Copia-68_rCom
471	dfam_consensus	3	Copia	0	dfam_consensus	ZymTri_2023_family_318
472	dfam_consensus	8	L1-Tx1	1	dfam_consensus	LINE_M.mercenaria_54_cons
473	dfam_consensus	7	L1	2	dfam_consensus	MosMos-6.135
474	dfam_consensus	3	Copia	9	dfam_consensus	Copia-72_rCom
475	dfam_consensus	5	ERVK	0	dfam_consensus	SorAra-6.410_int
476	dfam_consensus	6	Gypsy	9	dfam_consensus	Acol_gypsy_Ele51
477	dfam_consensus	8	L1-Tx1	3	dfam_consensus	LINE_A.marissinica_226_cons
478	dfam_consensus	9	L2	1	dfam_consensus	TE1688_SO2_FAM0263
479	dfam_consensus	5	ERVK	1	dfam_consensus	EriEur-1.337_int
480	dfam_consensus	8	L1-Tx1	1	dfam_consensus	Tx1-27_DR
481	dfam_consensus	2	CR1-Zenon	1	dfam_consensus	LINE_M.yessoensis_42_cons
482	dfam_consensus	6	Gypsy	0	dfam_consensus	Gypsy-51_INT_AstCal
483	dfam_consensus	6	Gypsy	2	dfam_consensus	Gypsy36-I_DR
484	dfam_consensus	9	L2	9	dfam_consensus	TE2258_SO2_FAM0319
485	dfam_consensus	8	L1-Tx1	4	dfam_consensus	LINE_C.gigas_12_cons
486	dfam_consensus	2	CR1-Zenon	7	dfam_consensus	LINE_M.edulis_16_cons
487	dfam_consensus	9	L2	8	dfam_consensus	LINE_D.rostriformis_4_cons
488	dfam_consensus	6	Gypsy	9	dfam_consensus	DF003447664
489	dfam_consensus	1	CR1	0	dfam_consensus	DF003448006
490	dfam_consensus	3	Copia	1	dfam_consensus	Acol_copia_Ele14
491	dfam_consensus	7	L1	2	dfam_consensus	ChoHof-1.16
492	dfam_consensus	5	ERVK	1	dfam_consensus	ChoHof-1.250_int
493	dfam_consensus	7	L1	2	dfam_consensus	HipGal-1.158
494	dfam_consensus	3	Copia	8	dfam_consensus	Copia-36_rCom
495	dfam_consensus	4	ERV1	9	dfam_consensus	CriGam-5.2095_int
496	dfam_consensus	5	ERVK	9	dfam_consensus	LasBor-1.346_int
497	dfam_consensus	7	L1	0	dfam_consensus	L1MdA_V_5end
498	dfam_consensus	7	L1	9	dfam_consensus	DinBra-1.146
499	dfam_consensus	7	L1	5	dfam_consensus	Pman_L1_6.15341
500	dfam_consensus	8	L1-Tx1	5	dfam_consensus	LINE_A.marissinica_83_cons
501	dfam_consensus	3	Copia	1	dfam_consensus	Copia-7_rCom
502	dfam_consensus	6	Gypsy	5	dfam_consensus	DF003450231
503	dfam_consensus	7	L1	8	dfam_consensus	L1MdF_V_orf2
504	dfam_consensus	3	Copia	8	dfam_consensus	Copia-37_rCom
505	dfam_consensus	3	Copia	1	dfam_consensus	Copia-25_rCom
506	dfam_consensus	9	L2	1	dfam_consensus	LINE_S.glomerata_0_cons
507	dfam_consensus	9	L2	1	dfam_consensus	LINE_D.rostriformis_17_cons
508	dfam_consensus	7	L1	3	dfam_consensus	HipAmp-1.11101
509	dfam_consensus	7	L1	2	dfam_consensus	RhiBie-1.302
510	dfam_consensus	5	ERVK	0	dfam_consensus	ChoHof-6.477_int
511	dfam_consensus	1	CR1	8	dfam_consensus	CR1-L3A_Croc
512	dfam_consensus	7	L1	3	dfam_consensus	DasPun-1.19
513	dfam_consensus	5	ERVK	6	dfam_consensus	AllBul-1.323_int
514	dfam_consensus	7	L1	6	dfam_consensus	HyaHya-4.14
515	dfam_consensus	8	L1-Tx1	1	dfam_consensus	LINE_S.constricta_13_cons
516	dfam_consensus	4	ERV1	0	dfam_consensus	HERV3
517	dfam_consensus	1	CR1	9	dfam_consensus	DF003447358
518	dfam_consensus	5	ERVK	9	dfam_consensus	AllBul-1.241_int
519	dfam_consensus	5	ERVK	7	dfam_consensus	AplRuf-6.700_int
520	dfam_consensus	3	Copia	8	dfam_consensus	Acol_copia_Ele4
521	dfam_consensus	9	L2	7	dfam_consensus	L2-47_DR
522	dfam_consensus	9	L2	1	dfam_consensus	LINE_A.marissinica_110_cons
523	dfam_consensus	2	CR1-Zenon	1	dfam_consensus	LINE_R.philippinarum_39_cons
524	dfam_consensus	2	CR1-Zenon	7	dfam_consensus	LINE_M.edulis_159_cons
525	dfam_consensus	6	Gypsy	0	dfam_consensus	DF003448354
526	dfam_consensus	7	L1	2	dfam_consensus	OkaJoh-5.299
527	dfam_consensus	4	ERV1	9	dfam_consensus	SemEnt-5.862_int
528	dfam_consensus	2	CR1-Zenon	7	dfam_consensus	LINE_C.ariakensis_2_cons
529	dfam_consensus	9	L2	1	dfam_consensus	TE2069_SO2_FAM0298
530	dfam_consensus	5	ERVK	7	dfam_consensus	HERVK9B
531	dfam_consensus	4	ERV1	9	dfam_consensus	CavTsc-6.128_int
532	dfam_consensus	8	L1-Tx1	1	dfam_consensus	LINE_A.marissinica_76_cons
533	dfam_consensus	10	Pao	5	dfam_consensus	DF003448539
534	dfam_consensus	5	ERVK	9	dfam_consensus	Pman_ERVK_6.5502
535	dfam_consensus	4	ERV1	4	dfam_consensus	ScaAqu-5.507_int
536	dfam_consensus	2	CR1-Zenon	1	dfam_consensus	LINE_M.edulis_16_cons
537	dfam_consensus	6	Gypsy	9	dfam_consensus	ZymTri_2023_family_189
538	dfam_consensus	4	ERV1	6	dfam_consensus	LTR18_rFer
539	dfam_consensus	3	Copia	7	dfam_consensus	Copia-67_rCom
540	dfam_consensus	7	L1	9	dfam_consensus	SpeDau-5.2004
541	dfam_consensus	6	Gypsy	3	dfam_consensus	Acol_gypsy_Ele68
542	dfam_consensus	8	L1-Tx1	1	dfam_consensus	LINE_M.mercenaria_178_cons
543	dfam_consensus	2	CR1-Zenon	1	dfam_consensus	LINE_P.maximus_27_cons
544	dfam_consensus	5	ERVK	9	dfam_consensus	RhiPru-1.353
545	dfam_consensus	10	Pao	5	dfam_consensus	DF003448447
546	dfam_consensus	9	L2	4	dfam_consensus	TE0579_SO2_FAM1564
547	dfam_consensus	3	Copia	1	dfam_consensus	Copia-78_rCom
548	dfam_consensus	1	CR1	7	dfam_consensus	DF003448610
549	dfam_consensus	4	ERV1	6	dfam_consensus	LTR10_rFer
550	dfam_consensus	5	ERVK	1	dfam_consensus	MurERV4
551	dfam_consensus	9	L2	7	dfam_consensus	TE2258_SO2_FAM0319
552	dfam_consensus	10	Pao	8	dfam_consensus	CATCH3I_DR
553	dfam_consensus	1	CR1	0	dfam_consensus	DF003450284
554	dfam_consensus	9	L2	9	dfam_consensus	TE1327_SO2_FAM0229
555	dfam_consensus	7	L1	2	dfam_consensus	MyrTri-1.202
556	dfam_consensus	5	ERVK	3	dfam_consensus	HERVK11
557	dfam_consensus	2	CR1-Zenon	1	dfam_consensus	LINE_S.glomerata_10_cons
558	dfam_consensus	1	CR1	0	dfam_consensus	DF003449645
559	dfam_consensus	10	Pao	5	dfam_consensus	DF003449639
560	dfam_consensus	7	L1	2	dfam_consensus	PitPit-6.11
561	dfam_consensus	10	Pao	8	dfam_consensus	DF003448714
562	dfam_consensus	8	L1-Tx1	1	dfam_consensus	LINE_A.marissinica_226_cons
563	dfam_consensus	10	Pao	6	dfam_consensus	DF003449339
564	dfam_consensus	5	ERVK	0	dfam_consensus	RhiPru-5.311
565	dfam_consensus	8	L1-Tx1	3	dfam_consensus	LINE_A.marissinica_157_cons
566	dfam_consensus	4	ERV1	6	dfam_consensus	MER34A
567	dfam_consensus	7	L1	4	dfam_consensus	L1MC4_3end
568	dfam_consensus	7	L1	2	dfam_consensus	DolPat-2.27
569	dfam_consensus	3	Copia	3	dfam_consensus	Copia-22_rCom
570	dfam_consensus	4	ERV1	7	dfam_consensus	LTR43-int
571	dfam_consensus	4	ERV1	8	dfam_consensus	MesBid-5.310
572	dfam_consensus	10	Pao	6	dfam_consensus	DF003448014
573	dfam_consensus	1	CR1	3	dfam_consensus	DF003449133
574	dfam_consensus	8	L1-Tx1	3	dfam_consensus	Tx1-38_DR
575	dfam_consensus	2	CR1-Zenon	3	dfam_consensus	LINE_R.philippinarum_111_cons
576	dfam_consensus	7	L1	9	dfam_consensus	SpeDau-6.213
577	dfam_consensus	4	ERV1	6	dfam_consensus	PerLon-1.107_int
578	dfam_consensus	4	ERV1	5	dfam_consensus	MER110-int
579	dfam_consensus	9	L2	9	dfam_consensus	LINE_C.farreri_0_cons
580	dfam_consensus	10	Pao	6	dfam_consensus	DF003449619
581	dfam_consensus	10	Pao	5	dfam_consensus	DF003448539
582	dfam_consensus	1	CR1	6	dfam_consensus	DF003447466
583	dfam_consensus	3	Copia	9	dfam_consensus	Copia-97_rCom
584	dfam_consensus	6	Gypsy	6	dfam_consensus	DF003448412
585	dfam_consensus	6	Gypsy	9	dfam_consensus	ZymTri_2023_family_607
586	dfam_consensus	8	L1-Tx1	4	dfam_consensus	LINE_M.mercenaria_127_cons
587	dfam_consensus	9	L2	7	dfam_consensus	L2-7_AstCal
588	dfam_consensus	2	CR1-Zenon	1	dfam_consensus	LINE_A.kagoshimensis_18_cons
589	dfam_consensus	1	CR1	8	dfam_consensus	CR1-E5a_Ucy
590	dfam_consensus	1	CR1	9	dfam_consensus	DMCR1A
591	dfam_consensus	9	L2	3	dfam_consensus	L2-4_Hmel_A
592	dfam_consensus	6	Gypsy	7	dfam_consensus	Acol_gypsy_Ele15
593	dfam_consensus	8	L1-Tx1	1	dfam_consensus	LINE_M.edulis_10_cons
594	dfam_consensus	3	Copia	3	dfam_consensus	Copia-95_rCom
595	dfam_consensus	3	Copia	5	dfam_consensus	Copia-72_rCom
596	dfam_consensus	1	CR1	4	dfam_consensus	LINE_M.edulis_165_cons
597	dfam_consensus	3	Copia	8	dfam_consensus	Acol_copia_Ele25
598	dfam_consensus	4	ERV1	1	dfam_consensus	CerCot-5.657_int
599	dfam_consensus	7	L1	2	dfam_consensus	DolPat-5.586
600	dfam_consensus	7	L1	0	dfam_consensus	Pman_L1_6.444
601	dfam_consensus	1	CR1	0	dfam_consensus	DF003449548
602	dfam_consensus	6	Gypsy	0	dfam_consensus	Copia2-I_DR
603	dfam_consensus	2	CR1-Zenon	1	dfam_consensus	LINE_S.grandis_87_cons
604	dfam_consensus	9	L2	2	dfam_consensus	TE3192_SO2_FAM240
605	dfam_consensus	6	Gypsy	0	dfam_consensus	Gypsy66-I_DR
606	dfam_consensus	9	L2	4	dfam_consensus	LINE_S.broughtoni_18_cons
607	dfam_consensus	3	Copia	4	dfam_consensus	Copia-5_INT_AstCal
608	dfam_consensus	7	L1	6	dfam_consensus	Pman_L1_6.6723
609	dfam_consensus	3	Copia	7	dfam_consensus	Copia-17_rCom
610	dfam_consensus	1	CR1	9	dfam_consensus	DF003447318
611	dfam_consensus	8	L1-Tx1	4	dfam_consensus	LINE_M.nervosa_70_cons
612	dfam_consensus	6	Gypsy	1	dfam_consensus	Gypsy67-I_DR
613	dfam_consensus	2	CR1-Zenon	4	dfam_consensus	LINE_P.maximus_62_cons
614	dfam_consensus	6	Gypsy	2	dfam_consensus	Acol_gypsy_Ele31
615	dfam_consensus	2	CR1-Zenon	7	dfam_consensus	LINE_A.marissinica_115_cons
616	dfam_consensus	8	L1-Tx1	1	dfam_consensus	LINE_M.edulis_228_cons
617	dfam_consensus	3	Copia	5	dfam_consensus	Copia-18_rCom
618	dfam_consensus	1	CR1	0	dfam_consensus	DF003449623
619	dfam_consensus	7	L1	1	dfam_consensus	CavApe-1.29
620	dfam_consensus	2	CR1-Zenon	3	dfam_consensus	LINE_B.platifrons_97_cons
621	dfam_consensus	1	CR1	1	dfam_consensus	TE2147_SO2_FAM0305
622	dfam_consensus	3	Copia	0	dfam_consensus	ZymTri_2023_family_316
623	dfam_consensus	6	Gypsy	8	dfam_consensus	DF003447851
624	dfam_consensus	3	Copia	9	dfam_consensus	ZymTri_2023_family_147
625	dfam_consensus	7	L1	2	dfam_consensus	CamDro-4.467
626	dfam_consensus	6	Gypsy	3	dfam_consensus	TE2379_SO2_FAM0044
627	dfam_consensus	10	Pao	0	dfam_consensus	DF003449319
628	dfam_consensus	10	Pao	8	dfam_consensus	TE0325_SO2_FAM0132
629	dfam_consensus	4	ERV1	6	dfam_consensus	GraMur-6.571_int
630	dfam_consensus	10	Pao	0	dfam_consensus	Pao-41_INT_AstCal
631	dfam_consensus	7	L1	2	dfam_consensus	ChoHof-2.30
632	dfam_consensus	8	L1-Tx1	1	dfam_consensus	Tx1-4_DR
633	dfam_consensus	1	CR1	7	dfam_consensus	DF003448712
634	dfam_consensus	5	ERVK	0	dfam_consensus	AllBul-1.323_int
635	dfam_consensus	1	CR1	9	dfam_consensus	DF003448325
636	dfam_consensus	5	ERVK	0	dfam_consensus	ERVB4_2-I_MM
637	dfam_consensus	8	L1-Tx1	3	dfam_consensus	LINE_C.gigas_33_cons
638	dfam_consensus	2	CR1-Zenon	3	dfam_consensus	LINE_S.glomerata_4_cons
639	dfam_consensus	8	L1-Tx1	4	dfam_consensus	LINE_T.granosa_24_cons
640	dfam_consensus	5	ERVK	6	dfam_consensus	AllBul-1.272_int
641	dfam_consensus	8	L1-Tx1	5	dfam_consensus	LINE_C.gigas_47_cons
642	dfam_consensus	4	ERV1	0	dfam_consensus	ERV1-9_INT_AstCal
643	dfam_consensus	9	L2	1	dfam_consensus	LINE_M.edulis_0_cons
644	dfam_consensus	1	CR1	9	dfam_consensus	DF003450117
645	dfam_consensus	4	ERV1	1	dfam_consensus	SorAra-5.453_int
646	dfam_consensus	6	Gypsy	8	dfam_consensus	Gypsy-9_INT_AstCal
647	dfam_consensus	6	Gypsy	9	dfam_consensus	Gypsy137-I_DR
648	dfam_consensus	9	L2	3	dfam_consensus	L2-1_AstCal
649	dfam_consensus	10	Pao	0	dfam_consensus	DF003449633
650	dfam_consensus	9	L2	8	dfam_consensus	LINE_M.mercenaria_45_cons
651	dfam_consensus	9	L2	1	dfam_consensus	L2-31_AstCal
652	dfam_consensus	10	Pao	0	dfam_consensus	DF003449372
653	dfam_consensus	1	CR1	6	dfam_consensus	DF003449386
654	dfam_consensus	6	Gypsy	9	dfam_consensus	Gypsy6S_I
655	dfam_consensus	3	Copia	8	dfam_consensus	Acol_copia_Ele5
656	dfam_consensus	2	CR1-Zenon	4	dfam_consensus	LINE_M.phylippinarum_91_cons
657	dfam_consensus	3	Copia	4	dfam_consensus	Copia-20_rCom
658	dfam_consensus	3	Copia	8	dfam_consensus	Copia-34_rCom
659	dfam_consensus	6	Gypsy	0	dfam_consensus	Gypsy-64_INT_AstCal
660	dfam_consensus	2	CR1-Zenon	1	dfam_consensus	LINE_M.edulis_19_cons
661	dfam_consensus	5	ERVK	8	dfam_consensus	MarMar-1.159_int
662	dfam_consensus	10	Pao	0	dfam_consensus	DF003447609
663	dfam_consensus	6	Gypsy	8	dfam_consensus	Gypsy-111_AstCal
664	dfam_consensus	8	L1-Tx1	7	dfam_consensus	LINE_P.streckersoni_6_cons
665	dfam_consensus	7	L1	8	dfam_consensus	MicOch-3.220
666	dfam_consensus	6	Gypsy	0	dfam_consensus	Gypsy157-I_DR
667	dfam_consensus	3	Copia	8	dfam_consensus	Copia-16_rCom
668	dfam_consensus	3	Copia	6	dfam_consensus	ZymTri_2023_family_58
669	dfam_consensus	8	L1-Tx1	2	dfam_consensus	LINE_M.yessoensis_50_cons
670	dfam_consensus	6	Gypsy	0	dfam_consensus	Gypsy58-I_DR
671	dfam_consensus	7	L1	2	dfam_consensus	HemHyl-2.17
672	dfam_consensus	4	ERV1	6	dfam_consensus	LTR27C
673	dfam_consensus	7	L1	2	dfam_consensus	HipArm-3.36
674	dfam_consensus	2	CR1-Zenon	1	dfam_consensus	LINE_P.maximus_35_cons
675	dfam_consensus	2	CR1-Zenon	7	dfam_consensus	LINE_P.maximus_68_cons
676	dfam_consensus	2	CR1-Zenon	7	dfam_consensus	LINE_M.yessoensis_10_cons
677	dfam_consensus	9	L2	2	dfam_consensus	TE2322_SO2_FAM0385
678	dfam_consensus	3	Copia	8	dfam_consensus	Copia-45_rCom
679	dfam_consensus	8	L1-Tx1	4	dfam_consensus	LINE_C.sinensis_13_cons
680	dfam_consensus	6	Gypsy	9	dfam_consensus	Gypsy151-I_DR
681	dfam_consensus	5	ERVK	9	dfam_consensus	EriEur-1.305a_int
682	dfam_consensus	9	L2	1	dfam_consensus	LINE_M.mercenaria_40_cons
683	dfam_consensus	5	ERVK	1	dfam_consensus	Pman_ERVK_4.81
684	dfam_consensus	9	L2	3	dfam_consensus	TE2957_SO2_FAM108
685	dfam_consensus	8	L1-Tx1	9	dfam_consensus	LINE_C.virginica_51_cons
686	dfam_consensus	4	ERV1	8	dfam_consensus	AmmLer-6.186_int
687	dfam_consensus	7	L1	8	dfam_consensus	DauMad-4.277
688	dfam_consensus	9	L2	1	dfam_consensus	TE2321_SO2_FAM0384
689	dfam_consensus	10	Pao	0	dfam_consensus	DF003449690
690	dfam_consensus	1	CR1	1	dfam_consensus	DF003447990
691	dfam_consensus	6	Gypsy	5	dfam_consensus	Halyomorpha_halys-5_family-147
692	dfam_consensus	7	L1	2	dfam_consensus	ChiLan-1.35
693	dfam_consensus	10	Pao	9	dfam_consensus	DF003448184
694	dfam_consensus	4	ERV1	7	dfam_consensus	CunPac-5.1653_int
695	dfam_consensus	2	CR1-Zenon	7	dfam_consensus	LINE_C.virginica_48_cons
696	dfam_consensus	3	Copia	1	dfam_consensus	Copia-23_rCom
697	dfam_consensus	4	ERV1	0	dfam_consensus	OkaJoh-5.286_int
698	dfam_consensus	7	L1	2	dfam_consensus	GirTip-1.98
699	dfam_consensus	6	Gypsy	2	dfam_consensus	Acol_gypsy_Ele10
700	dfam_consensus	4	ERV1	9	dfam_consensus	LasBor-1.322_int
701	dfam_consensus	9	L2	6	dfam_consensus	L2-1_Crp
702	dfam_consensus	7	L1	3	dfam_consensus	L1-61_DR
703	dfam_consensus	1	CR1	6	dfam_consensus	DF003449713
704	dfam_consensus	6	Gypsy	9	dfam_consensus	ZymTri_2023_family_99
705	dfam_consensus	7	L1	2	dfam_consensus	L1MA4_3end
706	dfam_consensus	2	CR1-Zenon	4	dfam_consensus	LINE_M.edulis_48_cons
707	dfam_consensus	6	Gypsy	4	dfam_consensus	Gypsy-188_DR-I
708	dfam_consensus	6	Gypsy	7	dfam_consensus	Gypsy-2_INT_AstCal
709	dfam_consensus	8	L1-Tx1	1	dfam_consensus	LINE_A.kagoshimensis_67_cons
710	dfam_consensus	6	Gypsy	1	dfam_consensus	TE2169_SO2_FAM0307
711	dfam_consensus	8	L1-Tx1	5	dfam_consensus	LINE_P.maximus_57_cons
712	dfam_consensus	10	Pao	5	dfam_consensus	DF003448663
713	dfam_consensus	1	CR1	5	dfam_consensus	LINE_M.edulis_109_cons
714	dfam_consensus	10	Pao	1	dfam_consensus	TE0102_SO2_FAM0011
715	dfam_consensus	2	CR1-Zenon	5	dfam_consensus	LINE_S.glomerata_23_cons
716	dfam_consensus	5	ERVK	3	dfam_consensus	BraVar-1.210
717	dfam_consensus	2	CR1-Zenon	3	dfam_consensus	LINE_S.broughtoni_12_cons
718	dfam_consensus	10	Pao	9	dfam_consensus	DF003447743
719	dfam_consensus	1	CR1	7	dfam_consensus	Acol_CR1_Ele12
720	dfam_consensus	9	L2	4	dfam_consensus	CR1-51_DR
721	dfam_consensus	3	Copia	8	dfam_consensus	Copia-48_rCom
722	dfam_consensus	9	L2	7	dfam_consensus	L2-6_AstCal
723	dfam_consensus	3	Copia	9	dfam_consensus	ZymTri_2023_family_985
724	dfam_consensus	4	ERV1	6	dfam_consensus	LTR46-int
725	dfam_consensus	1	CR1	6	dfam_consensus	DF003448533
726	dfam_consensus	8	L1-Tx1	4	dfam_consensus	LINE_S.constricta_30_cons
727	dfam_consensus	3	Copia	7	dfam_consensus	Copia-70_rCom
728	dfam_consensus	6	Gypsy	9	dfam_consensus	Gypsy-107_INT_AstCal
729	dfam_consensus	9	L2	8	dfam_consensus	L2-23_AstCal
730	dfam_consensus	2	CR1-Zenon	7	dfam_consensus	LINE_R.philippinarum_30_cons
731	dfam_consensus	4	ERV1	0	dfam_consensus	PRIMA4-int
732	dfam_consensus	3	Copia	5	dfam_consensus	Copia-61_rCom
733	dfam_consensus	6	Gypsy	3	dfam_consensus	TE1409_SO2_FAM0237
734	dfam_consensus	7	L1	7	dfam_consensus	L1-12_AstCal
735	dfam_consensus	9	L2	1	dfam_consensus	L2-1_Ldor
736	dfam_consensus	7	L1	2	dfam_consensus	EulFul-1.8
737	dfam_consensus	4	ERV1	0	dfam_consensus	HERV1_I
738	dfam_consensus	7	L1	2	dfam_consensus	DicBic-1.239
739	dfam_consensus	3	Copia	8	dfam_consensus	Copia-36_rCom
740	dfam_consensus	5	ERVK	6	dfam_consensus	NomLeu-1.174
741	dfam_consensus	5	ERVK	8	dfam_consensus	OnyTor-5.1819
742	dfam_consensus	5	ERVK	7	dfam_consensus	Pman_ERVK_6.13671
743	dfam_consensus	9	L2	8	dfam_consensus	L2-19_AstCal
744	dfam_consensus	1	CR1	9	dfam_consensus	DF003450117
745	dfam_consensus	5	ERVK	9	dfam_consensus	RLTR22_Mus
746	dfam_consensus	1	CR1	9	dfam_consensus	DF003448608
747	dfam_consensus	3	Copia	8	dfam_consensus	Acol_copia_Ele27
748	dfam_consensus	2	CR1-Zenon	1	dfam_consensus	LINE_R.philippinarum_110_cons
749	dfam_consensus	10	Pao	8	dfam_consensus	BEL-42_DRe-I
750	dfam_consensus	1	CR1	8	dfam_consensus	LINE_B.platifrons_135_cons
751	dfam_consensus	1	CR1	6	dfam_consensus	LINE_A.marissinica_9_cons
752	dfam_consensus	1	CR1	0	dfam_consensus	DF003449962
753	dfam_consensus	5	ERVK	3	dfam_consensus	HERVK9
754	dfam_consensus	1	CR1	3	dfam_consensus	LINE_S.grandis_25_cons
755	dfam_consensus	9	L2	1	dfam_consensus	LINE_B.platifrons_7_cons
756	dfam_consensus	2	CR1-Zenon	1	dfam_consensus	LINE_A.marissinica_79_cons
757	dfam_consensus	10	Pao	7	dfam_consensus	DF003449663
758	dfam_consensus	9	L2	9	dfam_consensus	L2-3_DRe
759	dfam_consensus	1	CR1	9	dfam_consensus	DF003449567
760	dfam_consensus	2	CR1-Zenon	9	dfam_consensus	Zenon-2_Hmel_D
761	dfam_consensus	4	ERV1	6	dfam_consensus	DF000282964
762	dfam_consensus	9	L2	0	dfam_consensus	LINE_M.edulis_298_cons
763	dfam_consensus	10	Pao	9	dfam_consensus	BEL-42_DRe-I
764	dfam_consensus	9	L2	1	dfam_consensus	TE2301_SO2_FAM0365
765	dfam_consensus	8	L1-Tx1	2	dfam_consensus	Tx1-49_DR
766	dfam_consensus	1	CR1	3	dfam_consensus	DF003448751
767	dfam_consensus	4	ERV1	0	dfam_consensus	MirAng-6.387_int
768	dfam_consensus	8	L1-Tx1	1	dfam_consensus	LINE_C.virginica_23_cons
769	dfam_consensus	9	L2	6	dfam_consensus	L2-14_Hmel_B4
770	dfam_consensus	4	ERV1	0	dfam_consensus	BisBis-1.282
771	dfam_consensus	7	L1	8	dfam_consensus	AnoCau-1.22
772	dfam_consensus	1	CR1	9	dfam_consensus	DF003448650
773	dfam_consensus	8	L1-Tx1	5	dfam_consensus	LINE_C.sinensis_60_cons
774	dfam_consensus	6	Gypsy	9	dfam_consensus	Gypsy-7_rCom
775	dfam_consensus	9	L2	1	dfam_consensus	TE1688_SO2_FAM0263
776	dfam_consensus	3	Copia	1	dfam_consensus	Copia-1_DSec-I
777	dfam_consensus	3	Copia	1	dfam_consensus	Copia-31_rCom
778	dfam_consensus	3	Copia	7	dfam_consensus	Copia-32_rCom
779	dfam_consensus	6	Gypsy	0	dfam_consensus	ZymTri_2023_family_99
780	dfam_consensus	1	CR1	1	dfam_consensus	Acol_CR1_Ele29
781	dfam_consensus	8	L1-Tx1	1	dfam_consensus	LINE_C.sinensis_42_cons
782	dfam_consensus	1	CR1	3	dfam_consensus	TE2323_SO2_FAM0386
783	dfam_consensus	8	L1-Tx1	8	dfam_consensus	LINE_A.kagoshimensis_12_cons
784	dfam_consensus	7	L1	2	dfam_consensus	CriGri-1.97
785	dfam_consensus	7	L1	1	dfam_consensus	L1-47_DR
786	dfam_consensus	9	L2	1	dfam_consensus	L2-14_AstCal
787	dfam_consensus	10	Pao	9	dfam_consensus	DF003447743
788	dfam_consensus	1	CR1	0	dfam_consensus	DF003448405
789	dfam_consensus	6	Gypsy	0	dfam_consensus	Gypsy-171-I_DR
790	dfam_consensus	2	CR1-Zenon	3	dfam_consensus	LINE_A.marissinica_78_cons
791	dfam_consensus	9	L2	1	dfam_consensus	Daphne-2_Hmel_A
792	dfam_consensus	9	L2	3	dfam_consensus	TE2957_SO2_FAM108
793	dfam_consensus	9	L2	1	dfam_consensus	TE1357_SO2_FAM0232
794	dfam_consensus	2	CR1-Zenon	5	dfam_consensus	LINE_A.marissinica_29_cons
795	dfam_consensus	1	CR1	3	dfam_consensus	DF003449550
796	dfam_consensus	9	L2	1	dfam_consensus	TE2600_SO2_FAM0661
797	dfam_consensus	10	Pao	7	dfam_consensus	DF003448115
798	dfam_consensus	10	Pao	7	dfam_consensus	DF003449339
799	dfam_consensus	1	CR1	7	dfam_consensus	DF003447508
800	dfam_consensus	10	Pao	0	dfam_consensus	BEL17-I_DR
801	dfam_consensus	10	Pao	0	dfam_consensus	DF003449636
802	dfam_consensus	8	L1-Tx1	1	dfam_consensus	LINE_C.sinensis_42_cons
803	dfam_consensus	10	Pao	9	dfam_consensus	TE0367_SO2_FAM0136
804	dfam_consensus	3	Copia	1	dfam_consensus	Copia-41_rCom
805	dfam_consensus	10	Pao	4	dfam_consensus	DF003448714
806	dfam_consensus	9	L2	3	dfam_consensus	LINE_S.constricta_33_cons
807	dfam_consensus	7	L1	8	dfam_consensus	AllBul-4.29
808	dfam_consensus	1	CR1	3	dfam_consensus	DF003449303
809	dfam_consensus	3	Copia	6	dfam_consensus	Copia-3_INT_AstCal
810	dfam_consensus	6	Gypsy	9	dfam_consensus	Stalker1c_I
811	dfam_consensus	4	ERV1	4	dfam_consensus	Pman_ERV1_6.2247
812	dfam_consensus	5	ERVK	9	dfam_consensus	EriEur-1.365
813	dfam_consensus	8	L1-Tx1	1	dfam_consensus	LINE_P.streckersoni_8_cons
814	dfam_consensus	1	CR1	6	dfam_consensus	DF003449281
815	dfam_consensus	5	ERVK	6	dfam_consensus	ERVB4_2-I_MM
816	dfam_consensus	1	CR1	1	dfam_consensus	LINE_M.edulis_54_cons
817	dfam_consensus	7	L1	2	dfam_consensus	FukDam-4.83
818	dfam_consensus	5	ERVK	1	dfam_consensus	OnyTor-5.1446
819	dfam_consensus	3	Copia	8	dfam_consensus	Acol_copia_Ele12
820	dfam_consensus	6	Gypsy	0	dfam_consensus	DF003449842
821	dfam_consensus	1	CR1	0	dfam_consensus	DF003449071
822	dfam_consensus	9	L2	2	dfam_consensus	TE2288_SO2_FAM0352
823	dfam_consensus	5	ERVK	9	dfam_consensus	ChoHof-1.287_int
824	dfam_consensus	1	CR1	0	dfam_consensus	DF003449087
825	dfam_consensus	2	CR1-Zenon	1	dfam_consensus	LINE_M.edulis_6_cons
826	dfam_consensus	9	L2	3	dfam_consensus	L2-49_DR
827	dfam_consensus	5	ERVK	9	dfam_consensus	MER11C
828	dfam_consensus	9	L2	7	dfam_consensus	L2-1B_DR
829	dfam_consensus	5	ERVK	1	dfam_consensus	Pman_ERVK_5.330
830	dfam_consensus	7	L1	1	dfam_consensus	L1-38_DR
831	dfam_consensus	3	Copia	8	dfam_consensus	Copia-5_rCom
832	dfam_consensus	1	CR1	3	dfam_consensus	DF003448183
833	dfam_consensus	9	L2	1	dfam_consensus	LINE_M.edulis_291_cons
834	dfam_consensus	5	ERVK	0	dfam_consensus	Pman_ERVK_6.10168
835	dfam_consensus	9	L2	1	dfam_consensus	L2-1_Etal
836	dfam_consensus	8	L1-Tx1	5	dfam_consensus	LINE_T.granosa_4_cons
837	dfam_consensus	5	ERVK	7	dfam_consensus	RNERVK23
838	dfam_consensus	1	CR1	9	dfam_consensus	DF003447822
839	dfam_consensus	6	Gypsy	1	dfam_consensus	TE0574_SO2_FAM0156
840	dfam_consensus	1	CR1	9	dfam_consensus	DF003449050
841	dfam_consensus	5	ERVK	0	dfam_consensus	IAPEz-int
842	dfam_consensus	10	Pao	6	dfam_consensus	DF003448797
843	dfam_consensus	5	ERVK	9	dfam_consensus	CriGri-1.301_int
844	dfam_consensus	5	ERVK	5	dfam_consensus	MMTV-int
845	dfam_consensus	8	L1-Tx1	7	dfam_consensus	Tx1-44_DR
846	dfam_consensus	10	Pao	2	dfam_consensus	CER15-I_CE
847	dfam_consensus	1	CR1	9	dfam_consensus	DF003450168
848	dfam_consensus	5	ERVK	3	dfam_consensus	EchTel-6.1218_int
849	dfam_consensus	3	Copia	8	dfam_consensus	Copia-23_rCom
850	dfam_consensus	6	Gypsy	1	dfam_consensus	CER3-I_CE
851	dfam_consensus	7	L1	7	dfam_consensus	L1-7_DR
852	dfam_consensus	1	CR1	9	dfam_consensus	DF003447983
853	dfam_consensus	7	L1	2	dfam_consensus	PanOnc-1.163
854	dfam_consensus	10	Pao	0	dfam_consensus	DF003448179
855	dfam_consensus	1	CR1	0	dfam_consensus	DF003449937
856	dfam_consensus	7	L1	1	dfam_consensus	Acol_L1_Ele5
857	dfam_consensus	2	CR1-Zenon	3	dfam_consensus	LINE_A.i.concentricus_4_cons
858	dfam_consensus	7	L1	2	dfam_consensus	LINE1-3_pDis
859	dfam_consensus	5	ERVK	0	dfam_consensus	HERVK13
860	dfam_consensus	5	ERVK	8	dfam_consensus	ETnERV
861	dfam_consensus	5	ERVK	9	dfam_consensus	RhiPru-5.251
862	dfam_consensus	8	L1-Tx1	1	dfam_consensus	LINE_C.gigas_31_cons
863	dfam_consensus	3	Copia	4	dfam_consensus	Copia-5_INT_AstCal
864	dfam_consensus	7	L1	2	dfam_consensus	EchTel-1.300
865	dfam_consensus	1	CR1	1	dfam_consensus	DF003447479
866	dfam_consensus	3	Copia	1	dfam_consensus	Copia-75_rCom
867	dfam_consensus	10	Pao	1	dfam_consensus	TE0346_SO2_FAM0134
868	dfam_consensus	10	Pao	0	dfam_consensus	DF003448045
869	dfam_consensus	3	Copia	7	dfam_consensus	Copia-59_rCom
870	dfam_consensus	7	L1	2	dfam_consensus	L1MdTf_II_orf2
871	dfam_consensus	1	CR1	6	dfam_consensus	DF003449998
872	dfam_consensus	4	ERV1	0	dfam_consensus	MinSch-1.138
873	dfam_consensus	5	ERVK	0	dfam_consensus	HemHyl-5.235_int
874	dfam_consensus	8	L1-Tx1	8	dfam_consensus	LINE_P.maximus_47_cons
875	dfam_consensus	7	L1	8	dfam_consensus	CalDon-1.26
876	dfam_consensus	6	Gypsy	8	dfam_consensus	Idefix2_I
877	dfam_consensus	6	Gypsy	1	dfam_consensus	Acol_gypsy_Ele30
878	dfam_consensus	4	ERV1	3	dfam_consensus	BosMut-5.397_int
879	dfam_consensus	7	L1	0	dfam_consensus	GirTip-1.98
880	dfam_consensus	1	CR1	9	dfam_consensus	DF003447829
881	dfam_consensus	1	CR1	4	dfam_consensus	LINE_C.farreri_15_cons
882	dfam_consensus	3	Copia	6	dfam_consensus	Copia-3_INT_AstCal
883	dfam_consensus	7	L1	2	dfam_consensus	BeaHun-1.108
884	dfam_consensus	2	CR1-Zenon	7	dfam_consensus	LINE_M.yessoensis_20_cons
885	dfam_consensus	10	Pao	9	dfam_consensus	DF003449949
886	dfam_consensus	3	Copia	8	dfam_consensus	Copia-51_rCom
887	dfam_consensus	8	L1-Tx1	1	dfam_consensus	LINE_M.edulis_228_cons
888	dfam_consensus	6	Gypsy	6	dfam_consensus	Gypsy40-LTR_DR
889	dfam_consensus	9	L2	7	dfam_consensus	TE1872_SO2_FAM0280
890	dfam_consensus	9	L2	1	dfam_consensus	CR1-37_DR
891	dfam_consensus	2	CR1-Zenon	3	dfam_consensus	LINE_R.philippinarum_87_cons
892	dfam_consensus	10	Pao	9	dfam_consensus	BEL21-I_DR
893	dfam_consensus	2	CR1-Zenon	1	dfam_consensus	LINE_S.glomerata_23_cons
894	dfam_consensus	4	ERV1	8	dfam_consensus	ColAng-1.167_int
895	dfam_consensus	10	Pao	9	dfam_consensus	DF003450317
896	dfam_consensus	1	CR1	6	dfam_consensus	Acol_CR1_Ele3
897	dfam_consensus	4	ERV1	7	dfam_consensus	PlaGan-6.232_int
898	dfam_consensus	3	Copia	1	dfam_consensus	Copia-68_rCom
899	dfam_consensus	10	Pao	5	dfam_consensus	DF003448584
900	dfam_consensus	7	L1	2	dfam_consensus	TriMan-1.50
901	dfam_consensus	1	CR1	9	dfam_consensus	DF003450296
902	dfam_consensus	5	ERVK	0	dfam_consensus	ERVB4_1-I_MM
903	dfam_consensus	4	ERV1	0	dfam_consensus	HERVE
904	dfam_consensus	3	Copia	7	dfam_consensus	Copia-2_rCom
905	dfam_consensus	4	ERV1	0	dfam_consensus	MER83A-int
906	dfam_consensus	5	ERVK	0	dfam_consensus	HetBru-1.322
907	dfam_consensus	3	Copia	8	dfam_consensus	Copia-42_rCom
908	dfam_consensus	1	CR1	9	dfam_consensus	DF003447812
909	dfam_consensus	1	CR1	3	dfam_consensus	DF003449780
910	dfam_consensus	9	L2	1	dfam_consensus	Daphne-2_Hmel_B
911	dfam_consensus	1	CR1	3	dfam_consensus	DF003447381
912	dfam_consensus	10	Pao	9	dfam_consensus	DF003449243
913	dfam_consensus	8	L1-Tx1	1	dfam_consensus	LINE_R.philippinarum_65_cons
914	dfam_consensus	5	ERVK	8	dfam_consensus	SpeDau-1.327_int
915	dfam_consensus	6	Gypsy	0	dfam_consensus	Gypsy139-I_DR
916	dfam_consensus	7	L1	2	dfam_consensus	TurTru-1.38
917	dfam_consensus	3	Copia	8	dfam_consensus	Acol_copia_Ele24
918	dfam_consensus	4	ERV1	6	dfam_consensus	DF000282875
919	dfam_consensus	1	CR1	7	dfam_consensus	DF003447856
920	dfam_consensus	1	CR1	0	dfam_consensus	Acol_CR1_Ele19
921	dfam_consensus	5	ERVK	9	dfam_consensus	Pman_ERVK_6.959
922	dfam_consensus	9	L2	7	dfam_consensus	L2-33_AstCal
923	dfam_consensus	6	Gypsy	0	dfam_consensus	Gypsy79-I_DR
924	dfam_consensus	8	L1-Tx1	1	dfam_consensus	LINE_R.philippinarum_83_cons
925	dfam_consensus	2	CR1-Zenon	7	dfam_consensus	LINE_R.philippinarum_93_cons
926	dfam_consensus	4	ERV1	6	dfam_consensus	LTR46-int
927	dfam_consensus	4	ERV1	6	dfam_consensus	LasBor-5.3043b_int
928	dfam_consensus	7	L1	8	dfam_consensus	ScaAqu-1.17
929	dfam_consensus	3	Copia	9	dfam_consensus	Copia-22_rCom
930	dfam_consensus	1	CR1	6	dfam_consensus	LINE2D_CE
931	dfam_consensus	9	L2	3	dfam_consensus	L2-1b_Hnum
932	dfam_consensus	9	L2	1	dfam_consensus	TE2566_SO2_FAM0628
933	dfam_consensus	4	ERV1	9	dfam_consensus	BisBis-5.121_int
934	dfam_consensus	1	CR1	0	dfam_consensus	DF003449879
935	dfam_consensus	4	ERV1	7	dfam_consensus	TriMan-5.39_LTR
936	dfam_consensus	3	Copia	8	dfam_consensus	Acol_copia_Ele20
937	dfam_consensus	2	CR1-Zenon	3	dfam_consensus	LINE_S.grandis_9_cons
938	dfam_consensus	3	Copia	3	dfam_consensus	Copia-91_rCom
939	dfam_consensus	2	CR1-Zenon	3	dfam_consensus	LINE_A.marissinica_35_cons
940	dfam_consensus	2	CR1-Zenon	6	dfam_consensus	LINE_A.marissinica_196_cons
941	dfam_consensus	2	CR1-Zenon	1	dfam_consensus	LINE_D.rostriformis_21_cons
942	dfam_consensus	2	CR1-Zenon	3	dfam_consensus	LINE_P.maximus_9_cons
943	dfam_consensus	1	CR1	7	dfam_consensus	DF003449780
944	dfam_consensus	1	CR1	0	dfam_consensus	DF003449745
945	dfam_consensus	3	Copia	3	dfam_consensus	ZymTri_2023_family_760
946	dfam_consensus	1	CR1	1	dfam_consensus	DF003447626
947	dfam_consensus	6	Gypsy	9	dfam_consensus	DF003448512
948	dfam_consensus	3	Copia	1	dfam_consensus	Copia-15_rCom
949	dfam_consensus	8	L1-Tx1	4	dfam_consensus	LINE_P.maximus_52_cons
950	dfam_consensus	2	CR1-Zenon	3	dfam_consensus	LINE_S.grandis_102_cons
951	dfam_consensus	10	Pao	3	dfam_consensus	TE0140_SO2_FAM0114
952	dfam_consensus	2	CR1-Zenon	7	dfam_consensus	LINE_R.philippinarum_50_cons
953	dfam_consensus	4	ERV1	6	dfam_consensus	PapAnu-5.269_int
954	dfam_consensus	6	Gypsy	1	dfam_consensus	Gypsy46-I_DR
955	dfam_consensus	8	L1-Tx1	1	dfam_consensus	Tx1-22_DR
956	dfam_consensus	2	CR1-Zenon	4	dfam_consensus	LINE_B.platifrons_29_cons
957	dfam_consensus	7	L1	3	dfam_consensus	L1-44_DR
958	dfam_consensus	4	ERV1	0	dfam_consensus	HERV9NC
959	dfam_consensus	2	CR1-Zenon	6	dfam_consensus	LINE_M.yessoensis_20_cons
960	dfam_consensus	10	Pao	9	dfam_consensus	DF003449319
961	dfam_consensus	8	L1-Tx1	1	dfam_consensus	LINE_M.edulis_206_cons
962	dfam_consensus	9	L2	1	dfam_consensus	LINE_M.edulis_29_cons
963	dfam_consensus	6	Gypsy	7	dfam_consensus	Copia2-LTR_DR
964	dfam_consensus	4	ERV1	9	dfam_consensus	PapAnu-1.348_int
965	dfam_consensus	4	ERV1	7	dfam_consensus	HydHyd-1.220_int
966	dfam_consensus	4	ERV1	9	dfam_consensus	RhiPru-6.749
967	dfam_consensus	3	Copia	9	dfam_consensus	ZymTri_2023_family_12
968	dfam_consensus	7	L1	2	dfam_consensus	DelLeu-6.115
969	dfam_consensus	3	Copia	0	dfam_consensus	ZymTri_2023_family_316
970	dfam_consensus	6	Gypsy	0	dfam_consensus	Acol_gypsy_Ele46
971	dfam_consensus	4	ERV1	6	dfam_consensus	NanGal-5.314_int
972	dfam_consensus	6	Gypsy	8	dfam_consensus	DF003449778
973	dfam_consensus	10	Pao	9	dfam_consensus	BEL-43_DRe-I
974	dfam_consensus	5	ERVK	8	dfam_consensus	PanOnc-1.198
975	dfam_consensus	8	L1-Tx1	9	dfam_consensus	LINE_M.mercenaria_22_cons
976	dfam_consensus	2	CR1-Zenon	1	dfam_consensus	LINE_C.virginica_0_cons
977	dfam_consensus	3	Copia	4	dfam_consensus	Ssa_0412
978	dfam_consensus	7	L1	2	dfam_consensus	PilTep-1.96
979	dfam_consensus	9	L2	1	dfam_consensus	L2-1_Etal
980	dfam_consensus	7	L1	7	dfam_consensus	FukDam-4.137a
981	dfam_consensus	5	ERVK	9	dfam_consensus	RhiPru-1.310_int
982	dfam_consensus	1	CR1	8	dfam_consensus	LINE_C.sinensis_16_cons
983	dfam_consensus	4	ERV1	0	dfam_consensus	TadBra-5.4243_int
984	dfam_consensus	1	CR1	1	dfam_consensus	DF003448790
985	dfam_consensus	9	L2	1	dfam_consensus	L2-13_Hmel_C
986	dfam_consensus	9	L2	3	dfam_consensus	LINE_B.platifrons_81_cons
987	dfam_consensus	7	L1	2	dfam_consensus	PanTig-1.50
988	dfam_consensus	7	L1	6	dfam_consensus	HipGal-1.82
989	dfam_consensus	5	ERVK	7	dfam_consensus	LTR14AB1-int
990	dfam_consensus	1	CR1	1	dfam_consensus	LINE_B.platifrons_22_cons
991	dfam_consensus	6	Gypsy	0	dfam_consensus	DF003448070
992	dfam_consensus	3	Copia	6	dfam_consensus	Copia-18_rCom
993	dfam_consensus	7	L1	0	dfam_consensus	NanGal-5.11
994	dfam_consensus	6	Gypsy	2	dfam_consensus	Quasimodo4_DM-I
995	dfam_consensus	2	CR1-Zenon	3	dfam_consensus	LINE_A.marissinica_29_cons
996	dfam_consensus	10	Pao	0	dfam_consensus	DF003449243
997	dfam_consensus	3	Copia	4	dfam_consensus	TE2272_SO2_FAM0335
998	dfam_consensus	5	ERVK	8	dfam_consensus	Pman_ERVK_6.7639
999	dfam_consensus	4	ERV1	9	dfam_consensus	NycCou-5.2593
1000	dfam_consensus	9	L2	8	dfam_consensus	L2-21_AstCal
1001	dfam_consensus	7	L1	2	dfam_consensus	RhiSin-6.330
1002	dfam_consensus	4	ERV1	0	dfam_consensus	OviAri-5.327_int
1003	dfam_consensus	5	ERVK	1	dfam_consensus	RLTR45-int
1004	dfam_consensus	6	Gypsy	6	dfam_consensus	Gypsy76-I_DR
1005	dfam_consensus	2	CR1-Zenon	1	dfam_consensus	LINE_C.gigas_32_cons
1006	dfam_consensus	8	L1-Tx1	8	dfam_consensus	LINE_M.mercenaria_65_cons
1007	dfam_consensus	10	Pao	9	dfam_consensus	DF003449306
1008	dfam_consensus	4	ERV1	1	dfam_consensus	ERV1-N1-I_DR
1009	dfam_consensus	4	ERV1	6	dfam_consensus	BosMut-5.540_int
1010	dfam_consensus	6	Gypsy	9	dfam_consensus	Gypsy81-I_Dr
1011	dfam_consensus	5	ERVK	0	dfam_consensus	HERVK14
1012	dfam_consensus	8	L1-Tx1	1	dfam_consensus	LINE_P.maximus_15_cons
1013	dfam_consensus	7	L1	3	dfam_consensus	L1-20_DR
1014	dfam_consensus	5	ERVK	7	dfam_consensus	Pman_ERVK_3.87
1015	dfam_consensus	2	CR1-Zenon	7	dfam_consensus	LINE_M.yessoensis_13_cons
1016	dfam_consensus	5	ERVK	9	dfam_consensus	MusCar-1.287_int
1017	dfam_consensus	7	L1	2	dfam_consensus	PtePar-3.25
1018	dfam_consensus	8	L1-Tx1	2	dfam_consensus	LINE_C.sinensis_15_cons
1019	dfam_consensus	5	ERVK	9	dfam_consensus	CheMed-1.231
1020	dfam_consensus	6	Gypsy	5	dfam_consensus	TE1210_SO2_FAM0218
1021	dfam_consensus	10	Pao	0	dfam_consensus	DF003448447
1022	dfam_consensus	9	L2	6	dfam_consensus	L2-4_Hmel_D
1023	dfam_consensus	2	CR1-Zenon	1	dfam_consensus	LINE_M.phylippinarum_54_cons
1024	dfam_consensus	7	L1	3	dfam_consensus	L1-15_rCom
1025	dfam_consensus	5	ERVK	9	dfam_consensus	SigHis-5.615_int
1026	dfam_consensus	5	ERVK	3	dfam_consensus	RLTR22_Mus
1027	dfam_consensus	9	L2	1	dfam_consensus	L2-21_AstCal
1028	dfam_consensus	8	L1-Tx1	1	dfam_consensus	Tx1-10_DR
1029	dfam_consensus	4	ERV1	9	dfam_consensus	PygNem-6.703_int
1030	dfam_consensus	3	Copia	1	dfam_consensus	TE3246_SO2_FAM390
1031	dfam_consensus	10	Pao	9	dfam_consensus	DF003447694
1032	dfam_consensus	5	ERVK	9	dfam_consensus	Pman_ERVK_5.1332
1033	dfam_consensus	7	L1	8	dfam_consensus	EleEdw-5.234
1034	dfam_consensus	9	L2	7	dfam_consensus	L2-56_DR
1035	dfam_consensus	1	CR1	0	dfam_consensus	DF003448610
1036	dfam_consensus	5	ERVK	6	dfam_consensus	ChoHof-6.150_int
1037	dfam_consensus	4	ERV1	0	dfam_consensus	HERVS71
1038	dfam_consensus	5	ERVK	9	dfam_consensus	MusCar-5.284_int
1039	dfam_consensus	8	L1-Tx1	4	dfam_consensus	LINE_M.mercenaria_178_cons
1040	dfam_consensus	9	L2	7	dfam_consensus	L2-51_DR
1041	dfam_consensus	7	L1	0	dfam_consensus	L1-2_pKuh
1042	dfam_consensus	8	L1-Tx1	2	dfam_consensus	LINE_M.edulis_127_cons
1043	dfam_consensus	6	Gypsy	0	dfam_consensus	Gypsy-2_rCom
1044	dfam_consensus	3	Copia	8	dfam_consensus	Copia-75_rCom
1045	dfam_consensus	1	CR1	3	dfam_consensus	DF003447715
1046	dfam_consensus	10	Pao	0	dfam_consensus	GATE-2_I
1047	dfam_consensus	8	L1-Tx1	1	dfam_consensus	Tx1-30_DR
1048	dfam_consensus	8	L1-Tx1	1	dfam_consensus	LINE_M.edulis_32_cons
1049	dfam_consensus	1	CR1	5	dfam_consensus	DF003450272
1050	dfam_consensus	8	L1-Tx1	1	dfam_consensus	LINE_C.sinensis_41_cons
1051	dfam_consensus	9	L2	1	dfam_consensus	LINE_R.philippinarum_0_cons
1052	dfam_consensus	10	Pao	5	dfam_consensus	CER11-I_CE
1053	dfam_consensus	1	CR1	0	dfam_consensus	DF003450329
1054	dfam_consensus	8	L1-Tx1	2	dfam_consensus	LINE_R.philippinarum_83_cons
1055	dfam_consensus	6	Gypsy	4	dfam_consensus	Rover2_DM-I
1056	dfam_consensus	6	Gypsy	9	dfam_consensus	CER3-I_CE
1057	dfam_consensus	1	CR1	7	dfam_consensus	DF003449677
1058	dfam_consensus	8	L1-Tx1	1	dfam_consensus	LINE_A.marissinica_153_cons
1059	dfam_consensus	3	Copia	9	dfam_consensus	Copia-31_rCom
1060	dfam_consensus	7	L1	2	dfam_consensus	TadBra-1.20
1061	dfam_consensus	8	L1-Tx1	2	dfam_consensus	LINE_C.gigas_35_cons
1062	dfam_consensus	7	L1	2	dfam_consensus	OkaJoh-6.1104
1063	dfam_consensus	4	ERV1	0	dfam_consensus	OnyTor-5.73
1064	dfam_consensus	5	ERVK	9	dfam_consensus	SpeDau-1.286_int
1065	dfam_consensus	1	CR1	9	dfam_consensus	DF003449087
1066	dfam_consensus	8	L1-Tx1	4	dfam_consensus	LINE_R.philippinarum_128_cons
1067	dfam_consensus	6	Gypsy	6	dfam_consensus	DF003449450
1068	dfam_consensus	2	CR1-Zenon	7	dfam_consensus	LINE_P.maximus_61_cons
1069	dfam_consensus	2	CR1-Zenon	7	dfam_consensus	LINE_M.mercenaria_181_cons
1070	dfam_consensus	9	L2	0	dfam_consensus	TE2236_SO2_FAM0313
1071	dfam_consensus	7	L1	3	dfam_consensus	L1-13_DR
1072	dfam_consensus	1	CR1	9	dfam_consensus	DF003448060
1073	dfam_consensus	7	L1	2	dfam_consensus	PanHod-6.824
1074	dfam_consensus	2	CR1-Zenon	3	dfam_consensus	LINE_R.philippinarum_93_cons
1075	dfam_consensus	5	ERVK	7	dfam_consensus	MusSpr-5.3247
1076	dfam_consensus	7	L1	2	dfam_consensus	AilMel-5.28
1077	dfam_consensus	5	ERVK	9	dfam_consensus	PumCon-6.3252
1078	dfam_consensus	6	Gypsy	6	dfam_consensus	DF003448572
1079	dfam_consensus	6	Gypsy	1	dfam_consensus	TE1948_SO2_FAM0287
1080	dfam_consensus	2	CR1-Zenon	7	dfam_consensus	LINE_M.phylippinarum_18_cons
1081	dfam_consensus	4	ERV1	3	dfam_consensus	HydHyd-5.842_int
1082	dfam_consensus	4	ERV1	6	dfam_consensus	OnyTor-5.379_int
1083	dfam_consensus	9	L2	0	dfam_consensus	LINE_A.marissinica_30_cons
1084	dfam_consensus	7	L1	2	dfam_consensus	HemHyl-2.17
1085	dfam_consensus	5	ERVK	8	dfam_consensus	SorAra-1.124
1086	dfam_consensus	8	L1-Tx1	5	dfam_consensus	LINE_A.kagoshimensis_17_cons
1087	dfam_consensus	3	Copia	9	dfam_consensus	ZymTri_2023_family_12
1088	dfam_consensus	8	L1-Tx1	8	dfam_consensus	LINE_M.edulis_74_cons
1089	dfam_consensus	2	CR1-Zenon	1	dfam_consensus	LINE_B.platifrons_114_cons
1090	dfam_consensus	5	ERVK	0	dfam_consensus	EriEur-1.332_int
1091	dfam_consensus	9	L2	3	dfam_consensus	Halyomorpha_halys-5_family-2030
1092	dfam_consensus	4	ERV1	9	dfam_consensus	OctDeg-5.169_int
1093	dfam_consensus	2	CR1-Zenon	5	dfam_consensus	LINE_A.kagoshimensis_1_cons
1094	dfam_consensus	9	L2	9	dfam_consensus	LINE_S.constricta_79_cons
1095	dfam_consensus	8	L1-Tx1	1	dfam_consensus	LINE_P.maximus_13_cons
1096	dfam_consensus	9	L2	1	dfam_consensus	LINE_D.rostriformis_16_cons
1097	dfam_consensus	10	Pao	9	dfam_consensus	BEL-60_DRe-I
1098	dfam_consensus	5	ERVK	2	dfam_consensus	MesAur-1.194_int
1099	dfam_consensus	2	CR1-Zenon	7	dfam_consensus	LINE_D.rostriformis_25_cons
1100	dfam_consensus	10	Pao	0	dfam_consensus	BEL27-I_DR
1101	dfam_consensus	7	L1	2	dfam_consensus	VulLag-1.59
1102	dfam_consensus	9	L2	8	dfam_consensus	L2-33_AstCal
1103	dfam_consensus	2	CR1-Zenon	2	dfam_consensus	LINE_C.virginica_1_cons
1104	dfam_consensus	4	ERV1	1	dfam_consensus	LTR2B-int
1105	dfam_consensus	6	Gypsy	0	dfam_consensus	DF003448623
1106	dfam_consensus	9	L2	3	dfam_consensus	LINE_S.constricta_4_cons
1107	dfam_consensus	2	CR1-Zenon	7	dfam_consensus	LINE_A.purpuratus_1_cons
1108	dfam_consensus	5	ERVK	1	dfam_consensus	HydHyd-5.169_int
1109	dfam_consensus	7	L1	2	dfam_consensus	CatWag-3.10
1110	dfam_consensus	1	CR1	9	dfam_consensus	DF003447735
1111	dfam_consensus	7	L1	8	dfam_consensus	L1HS_5end
1112	dfam_consensus	6	Gypsy	5	dfam_consensus	Gypsy-28B-I_DR
1113	dfam_consensus	2	CR1-Zenon	4	dfam_consensus	LINE_M.edulis_48_cons
1114	dfam_consensus	8	L1-Tx1	1	dfam_consensus	LINE_A.marissinica_40_cons
1115	dfam_consensus	9	L2	3	dfam_consensus	L2-14_AstCal
1116	dfam_consensus	1	CR1	7	dfam_consensus	DF003449387
1117	dfam_consensus	10	Pao	0	dfam_consensus	BEL35-I_DR
1118	dfam_consensus	4	ERV1	6	dfam_consensus	RhiSin-5.3463
1119	dfam_consensus	3	Copia	8	dfam_consensus	Ssa_0412
1120	dfam_consensus	4	ERV1	0	dfam_consensus	ColAng-5.2523_int
1121	dfam_consensus	9	L2	1	dfam_consensus	LINE_A.marissinica_125_cons
1122	dfam_consensus	6	Gypsy	1	dfam_consensus	TE2818_SO2_FAM0089
1123	dfam_consensus	9	L2	7	dfam_consensus	L2-6_DRe
1124	dfam_consensus	6	Gypsy	6	dfam_consensus	DF003448575
1125	dfam_consensus	7	L1	8	dfam_consensus	CryFer-1.189
1126	dfam_consensus	10	Pao	9	dfam_consensus	DF003449583
1127	dfam_consensus	2	CR1-Zenon	1	dfam_consensus	LINE_A.marissinica_140_cons
1128	dfam_consensus	9	L2	9	dfam_consensus	L2-16_AstCal
1129	dfam_consensus	9	L2	7	dfam_consensus	TE2957_SO2_FAM108
1130	dfam_consensus	10	Pao	5	dfam_consensus	Pao-27_INT_AstCal
1131	dfam_consensus	7	L1	8	dfam_consensus	ChoHof-1.19
1132	dfam_consensus	4	ERV1	0	dfam_consensus	MinSch-6.740_int
1133	dfam_consensus	1	CR1	9	dfam_consensus	DF003447626
1134	dfam_consensus	8	L1-Tx1	3	dfam_consensus	Tx1-17_DR
1135	dfam_consensus	5	ERVK	8	dfam_consensus	OnyTor-1.190_int
1136	dfam_consensus	8	L1-Tx1	4	dfam_consensus	LINE_D.rostriformis_90_cons
1137	dfam_consensus	2	CR1-Zenon	7	dfam_consensus	LINE_M.phylippinarum_76_cons
1138	dfam_consensus	4	ERV1	9	dfam_consensus	BHIKHARI-3-I_DR
1139	dfam_consensus	1	CR1	6	dfam_consensus	DF003448259
1140	dfam_consensus	2	CR1-Zenon	4	dfam_consensus	LINE_P.maximus_94_cons
1141	dfam_consensus	2	CR1-Zenon	3	dfam_consensus	LINE_C.gigas_55_cons
1142	dfam_consensus	9	L2	7	dfam_consensus	LINE_D.rostriformis_47_cons
1143	dfam_consensus	8	L1-Tx1	1	dfam_consensus	LINE_P.maximus_25_cons
1144	dfam_consensus	2	CR1-Zenon	3	dfam_consensus	LINE_M.yessoensis_26_cons
1145	dfam_consensus	5	ERVK	1	dfam_consensus	RLTR42-int
1146	dfam_consensus	8	L1-Tx1	4	dfam_consensus	LINE_R.philippinarum_16_cons
1147	dfam_consensus	1	CR1	9	dfam_consensus	DF003448282
1148	dfam_consensus	5	ERVK	0	dfam_consensus	ERVB4_3-I_MM
1149	dfam_consensus	1	CR1	3	dfam_consensus	DF003449419
1150	dfam_consensus	4	ERV1	0	dfam_consensus	ERV3_DR-I
1151	dfam_consensus	6	Gypsy	0	dfam_consensus	TE2289_SO2_FAM0353
1152	dfam_consensus	1	CR1	9	dfam_consensus	DF003448612
1153	dfam_consensus	9	L2	7	dfam_consensus	Halyomorpha_halys-5_family-1937
1154	dfam_consensus	4	ERV1	0	dfam_consensus	EubJap-1.139
1155	dfam_consensus	10	Pao	5	dfam_consensus	TE0325_SO2_FAM0132
1156	dfam_consensus	2	CR1-Zenon	7	dfam_consensus	LINE_M.mercenaria_13_cons
1157	dfam_consensus	10	Pao	8	dfam_consensus	DF003449286
1158	dfam_consensus	10	Pao	5	dfam_consensus	DF003450178
1159	dfam_consensus	3	Copia	0	dfam_consensus	Acol_copia_Ele26
1160	dfam_consensus	2	CR1-Zenon	7	dfam_consensus	LINE_A.marissinica_140_cons
1161	dfam_consensus	4	ERV1	1	dfam_consensus	GirTip-5.833_int
1162	dfam_consensus	4	ERV1	3	dfam_consensus	MER57-int
1163	dfam_consensus	8	L1-Tx1	1	dfam_consensus	LINE_A.kagoshimensis_12_cons
1164	dfam_consensus	9	L2	7	dfam_consensus	L2-11_Hmel_A3
1165	dfam_consensus	10	Pao	0	dfam_consensus	Pao-38_AstCal
1166	dfam_consensus	9	L2	2	dfam_consensus	LINE_S.constricta_18_cons
1167	dfam_consensus	10	Pao	8	dfam_consensus	BEL4-LTR_DR
1168	dfam_consensus	6	Gypsy	9	dfam_consensus	Gypsy9_I
1169	dfam_consensus	3	Copia	9	dfam_consensus	Acol_copia_Ele15
1170	dfam_consensus	7	L1	2	dfam_consensus	PilTep-5.375
1171	dfam_consensus	3	Copia	9	dfam_consensus	Acol_copia_Ele14
1172	dfam_consensus	10	Pao	9	dfam_consensus	DF003448607
1173	dfam_consensus	5	ERVK	6	dfam_consensus	HERVK13
1174	dfam_consensus	6	Gypsy	5	dfam_consensus	Gypsy172-I_Dr
1175	dfam_consensus	8	L1-Tx1	1	dfam_consensus	LINE_M.edulis_190_cons
1176	dfam_consensus	5	ERVK	6	dfam_consensus	Pman_ERVK_6.905
1177	dfam_consensus	7	L1	2	dfam_consensus	DicSum-1.99
1178	dfam_consensus	6	Gypsy	9	dfam_consensus	Gypsy-201_DR-I
1179	dfam_consensus	9	L2	5	dfam_consensus	LINE_D.rostriformis_47_cons
1180	dfam_consensus	4	ERV1	0	dfam_consensus	BHIKHARI-4-I_DR
1181	dfam_consensus	5	ERVK	0	dfam_consensus	SpeDau-5.2620_int
1182	dfam_consensus	3	Copia	8	dfam_consensus	Copia-26_rCom
1183	dfam_consensus	2	CR1-Zenon	1	dfam_consensus	LINE_M.edulis_48_cons
1184	dfam_consensus	2	CR1-Zenon	3	dfam_consensus	LINE_A.marissinica_79_cons
1185	dfam_consensus	5	ERVK	9	dfam_consensus	SpeDau-5.2620_int
1186	dfam_consensus	7	L1	2	dfam_consensus	ProCoq-3.19
1187	dfam_consensus	8	L1-Tx1	5	dfam_consensus	LINE_C.gigas_49_cons
1188	dfam_consensus	3	Copia	7	dfam_consensus	Copia-29_rCom
1189	dfam_consensus	3	Copia	5	dfam_consensus	Copia-103_rCom
1190	dfam_consensus	4	ERV1	8	dfam_consensus	ERV1-3-I_DR
1191	dfam_consensus	9	L2	7	dfam_consensus	CR1-10_DR
1192	dfam_consensus	6	Gypsy	1	dfam_consensus	Gypsy63-LTR_DR
1193	dfam_consensus	1	CR1	7	dfam_consensus	LINE2H_CE
1194	dfam_consensus	1	CR1	7	dfam_consensus	DF003449894
1195	dfam_consensus	2	CR1-Zenon	7	dfam_consensus	LINE_D.rostriformis_74_cons
1196	dfam_consensus	1	CR1	0	dfam_consensus	DF003447460
1197	dfam_consensus	2	CR1-Zenon	6	dfam_consensus	LINE_M.yessoensis_42_cons
1198	dfam_consensus	5	ERVK	0	dfam_consensus	RMER17A-int
1199	dfam_consensus	2	CR1-Zenon	1	dfam_consensus	LINE_M.mercenaria_183_cons
1200	dfam_consensus	8	L1-Tx1	1	dfam_consensus	LINE_R.philippinarum_65_cons
1201	dfam_consensus	9	L2	5	dfam_consensus	LINE_M.edulis_298_cons
1202	dfam_consensus	4	ERV1	6	dfam_consensus	EquPrz-1.157
1203	dfam_consensus	9	L2	3	dfam_consensus	L2-13_AstCal
1204	dfam_consensus	1	CR1	0	dfam_consensus	DF003447655
1205	dfam_consensus	3	Copia	0	dfam_consensus	Copia-59_rCom
1206	dfam_consensus	2	CR1-Zenon	3	dfam_consensus	LINE_B.platifrons_44_cons
1207	dfam_consensus	4	ERV1	0	dfam_consensus	CasCan-6.176_int
1208	dfam_consensus	10	Pao	9	dfam_consensus	DF003448241
1209	dfam_consensus	8	L1-Tx1	1	dfam_consensus	LINE_M.edulis_56_cons
1210	dfam_consensus	6	Gypsy	8	dfam_consensus	Acol_gypsy_Ele73
1211	dfam_consensus	2	CR1-Zenon	3	dfam_consensus	LINE_P.maximus_50_cons
1212	dfam_consensus	10	Pao	0	dfam_consensus	BEL19-I_DR
1213	dfam_consensus	3	Copia	2	dfam_consensus	TE2092_SO2_FAM0300
1214	dfam_consensus	3	Copia	8	dfam_consensus	TE2026_SO2_FAM0294
1215	dfam_consensus	2	CR1-Zenon	3	dfam_consensus	LINE_M.phylippinarum_94_cons
1216	dfam_consensus	1	CR1	0	dfam_consensus	DF003449910
1217	dfam_consensus	7	L1	1	dfam_consensus	L1-88_DR
1218	dfam_consensus	5	ERVK	8	dfam_consensus	Pman_ERVK_5.528
1219	dfam_consensus	3	Copia	3	dfam_consensus	ZymTri_2023_family_71
1220	dfam_consensus	4	ERV1	9	dfam_consensus	MER66-int
1221	dfam_consensus	5	ERVK	6	dfam_consensus	EriEur-1.339_int
1222	dfam_consensus	1	CR1	9	dfam_consensus	DF003448137
1223	dfam_consensus	10	Pao	9	dfam_consensus	Pao-35_INT_AstCal
1224	dfam_consensus	7	L1	2	dfam_consensus	EubJap-3.360
1225	dfam_consensus	2	CR1-Zenon	1	dfam_consensus	LINE_P.maximus_28_cons
1226	dfam_consensus	4	ERV1	6	dfam_consensus	HERVS71
1227	dfam_consensus	5	ERVK	0	dfam_consensus	ChoHof-6.477_int
1228	dfam_consensus	9	L2	3	dfam_consensus	LINE_S.constricta_45_cons
1229	dfam_consensus	1	CR1	7	dfam_consensus	LINE_C.sinensis_4_cons
1230	dfam_consensus	2	CR1-Zenon	7	dfam_consensus	LINE_M.mercenaria_42_cons
1231	dfam_consensus	7	L1	2	dfam_consensus	L1MdN_I_orf2
1232	dfam_consensus	10	Pao	9	dfam_consensus	DF003449737
1233	dfam_consensus	6	Gypsy	8	dfam_consensus	TE3391_SO2_FAM094
1234	dfam_consensus	4	ERV1	7	dfam_consensus	ERV1-N9B-LTR_DR
1235	dfam_consensus	4	ERV1	9	dfam_consensus	TapTer-6.600
1236	dfam_consensus	9	L2	1	dfam_consensus	L2-15_AstCal
1237	dfam_consensus	1	CR1	0	dfam_consensus	DF003447835
1238	dfam_consensus	4	ERV1	7	dfam_consensus	MER34-int
1239	dfam_consensus	4	ERV1	6	dfam_consensus	ArtJam-5.74_int
1240	dfam_consensus	7	L1	1	dfam_consensus	EnhLut-4.201
1241	dfam_consensus	6	Gypsy	3	dfam_consensus	TE2426_SO2_FAM0049
1242	dfam_consensus	2	CR1-Zenon	7	dfam_consensus	LINE_C.farreri_10_cons
1243	dfam_consensus	1	CR1	0	dfam_consensus	DF003447365
1244	dfam_consensus	4	ERV1	0	dfam_consensus	HERVI
1245	dfam_consensus	3	Copia	8	dfam_consensus	Acol_copia_Ele16
1246	dfam_consensus	5	ERVK	0	dfam_consensus	PerLon-1.204_int
1247	dfam_consensus	9	L2	1	dfam_consensus	CR1-25_DR
1248	dfam_consensus	5	ERVK	1	dfam_consensus	PanHod-1.248
1249	dfam_consensus	6	Gypsy	0	dfam_consensus	DF003448005
1250	dfam_consensus	9	L2	3	dfam_consensus	TE1872_SO2_FAM0280
1251	dfam_consensus	9	L2	1	dfam_consensus	TE1688_SO2_FAM0263
1252	dfam_consensus	7	L1	0	dfam_consensus	RhiPru-1.60a
1253	dfam_consensus	9	L2	1	dfam_consensus	TE2429_SO2_FAM0492
1254	dfam_consensus	5	ERVK	9	dfam_consensus	TupChi-1.262
1255	dfam_consensus	3	Copia	9	dfam_consensus	ZymTri_2023_family_717
1256	dfam_consensus	2	CR1-Zenon	5	dfam_consensus	LINE_P.maximus_98_cons
1257	dfam_consensus	8	L1-Tx1	5	dfam_consensus	LINE_C.gigas_47_cons
1258	dfam_consensus	8	L1-Tx1	1	dfam_consensus	LINE_M.edulis_177_cons
1259	dfam_consensus	1	CR1	7	dfam_consensus	LINE_B.platifrons_8_cons
1260	dfam_consensus	2	CR1-Zenon	4	dfam_consensus	LINE_M.yessoensis_13_cons
1261	dfam_consensus	1	CR1	7	dfam_consensus	DF003448886
1262	dfam_consensus	10	Pao	6	dfam_consensus	DF003448115
1263	dfam_consensus	8	L1-Tx1	1	dfam_consensus	LINE_C.sinensis_21_cons
1264	dfam_consensus	6	Gypsy	8	dfam_consensus	TE2015_SO2_FAM0293
1265	dfam_consensus	3	Copia	5	dfam_consensus	Copia5-I_DR
1266	dfam_consensus	3	Copia	6	dfam_consensus	ZymTri_2023_family_568
1267	dfam_consensus	7	L1	8	dfam_consensus	OryAfe-1.241
1268	dfam_consensus	10	Pao	3	dfam_consensus	DF003449983
1269	dfam_consensus	9	L2	1	dfam_consensus	TE1883_SO2_FAM0281
1270	dfam_consensus	5	ERVK	6	dfam_consensus	DasNov-1.363_int
1271	dfam_consensus	9	L2	2	dfam_consensus	TE2556_SO2_FAM0617
1272	dfam_consensus	2	CR1-Zenon	5	dfam_consensus	LINE_P.maximus_60_cons
1273	dfam_consensus	3	Copia	8	dfam_consensus	TE2136_SO2_FAM0304
1274	dfam_consensus	6	Gypsy	7	dfam_consensus	Gypsy-21_LTR_AstCal
1275	dfam_consensus	9	L2	3	dfam_consensus	LINE_S.constricta_18_cons
1276	dfam_consensus	1	CR1	5	dfam_consensus	Acol_CR1_Ele6
1277	dfam_consensus	3	Copia	8	dfam_consensus	Copia-2_Hm
1278	dfam_consensus	6	Gypsy	7	dfam_consensus	DF003449450
1279	dfam_consensus	3	Copia	0	dfam_consensus	ZymTri_2023_family_316
1280	dfam_consensus	8	L1-Tx1	4	dfam_consensus	LINE_M.edulis_56_cons
1281	dfam_consensus	9	L2	6	dfam_consensus	L2-30_AstCal
1282	dfam_consensus	4	ERV1	9	dfam_consensus	HERVE_a
1283	dfam_consensus	9	L2	1	dfam_consensus	TE2684_SO2_FAM0750
1284	dfam_consensus	4	ERV1	1	dfam_consensus	ERV1-10_DR-I
1285	dfam_consensus	3	Copia	8	dfam_consensus	Acol_copia_Ele4
1286	dfam_consensus	6	Gypsy	8	dfam_consensus	Gypsy-178_DR-I
1287	dfam_consensus	1	CR1	7	dfam_consensus	DF003448614
1288	dfam_consensus	4	ERV1	0	dfam_consensus	NanGal-5.314_int
1289	dfam_consensus	8	L1-Tx1	4	dfam_consensus	LINE_M.phylippinarum_67_cons
1290	dfam_consensus	3	Copia	3	dfam_consensus	Copia-69_rCom
1291	dfam_consensus	1	CR1	6	dfam_consensus	DF003449769
1292	dfam_consensus	10	Pao	1	dfam_consensus	DF003450030
1293	dfam_consensus	4	ERV1	9	dfam_consensus	LTR1A2
1294	dfam_consensus	7	L1	8	dfam_consensus	Acol_L1_Ele5
1295	dfam_consensus	7	L1	2	dfam_consensus	XerIna-2.53
1296	dfam_consensus	4	ERV1	5	dfam_consensus	RodERV21
1297	dfam_consensus	4	ERV1	0	dfam_consensus	PonBla-1.256
1298	dfam_consensus	2	CR1-Zenon	1	dfam_consensus	LINE_P.maximus_48_cons
1299	dfam_consensus	9	L2	1	dfam_consensus	L2-29_AstCal
1300	dfam_consensus	8	L1-Tx1	1	dfam_consensus	LINE_A.marissinica_226_cons
1301	dfam_consensus	6	Gypsy	2	dfam_consensus	DF003447529
1302	dfam_consensus	9	L2	1	dfam_consensus	TE2069_SO2_FAM0298
1303	dfam_consensus	1	CR1	0	dfam_consensus	DF003449596
1304	dfam_consensus	1	CR1	8	dfam_consensus	CR1-16_AMi
1305	dfam_consensus	1	CR1	3	dfam_consensus	LINE_A.marissinica_58_cons
1306	dfam_consensus	6	Gypsy	1	dfam_consensus	Acol_gypsy_Ele24
1307	dfam_consensus	10	Pao	9	dfam_consensus	DF003448583
1308	dfam_consensus	9	L2	1	dfam_consensus	L2-1_Ldor_A
1309	dfam_consensus	1	CR1	0	dfam_consensus	DF003448646
1310	dfam_consensus	5	ERVK	2	dfam_consensus	SpeDau-1.332_int
1311	dfam_consensus	2	CR1-Zenon	3	dfam_consensus	LINE_P.maximus_28_cons
1312	dfam_consensus	1	CR1	4	dfam_consensus	LINE_M.edulis_195_cons
1313	dfam_consensus	10	Pao	9	dfam_consensus	DF003448558
1314	dfam_consensus	6	Gypsy	4	dfam_consensus	Acol_gypsy_Ele62
1315	dfam_consensus	4	ERV1	7	dfam_consensus	HERVH48
1316	dfam_consensus	5	ERVK	8	dfam_consensus	MesAur-1.142_int
1317	dfam_consensus	4	ERV1	9	dfam_consensus	ERV1-1_mMyo_int
1318	dfam_consensus	6	Gypsy	9	dfam_consensus	DF003447534
1319	dfam_consensus	1	CR1	2	dfam_consensus	LINE_A.purpuratus_7_cons
1320	dfam_consensus	2	CR1-Zenon	7	dfam_consensus	LINE_M.mercenaria_181_cons
1321	dfam_consensus	6	Gypsy	9	dfam_consensus	Gypsy10b_I
1322	dfam_consensus	7	L1	8	dfam_consensus	MirCoq-4.159
1323	dfam_consensus	10	Pao	9	dfam_consensus	BELPADRE_I
1324	dfam_consensus	1	CR1	9	dfam_consensus	LINE_A.marissinica_45_cons
1325	dfam_consensus	6	Gypsy	0	dfam_consensus	Tirant_I
1326	dfam_consensus	6	Gypsy	9	dfam_consensus	Gypsy8-I_DR
1327	dfam_consensus	7	L1	2	dfam_consensus	TriMan-5.512
1328	dfam_consensus	8	L1-Tx1	1	dfam_consensus	LINE_C.virginica_19_cons
1329	dfam_consensus	5	ERVK	1	dfam_consensus	ERVB4_1B-I_MM
1330	dfam_consensus	8	L1-Tx1	1	dfam_consensus	LINE_A.marissinica_73_cons
1331	dfam_consensus	10	Pao	1	dfam_consensus	TE0102_SO2_FAM0011
1332	dfam_consensus	1	CR1	8	dfam_consensus	LINE_M.yessoensis_39_cons
1333	dfam_consensus	6	Gypsy	2	dfam_consensus	TE3030_SO2_FAM148
1334	dfam_consensus	1	CR1	9	dfam_consensus	DF003447849
1335	dfam_consensus	9	L2	1	dfam_consensus	TE2447_SO2_FAM0509
1336	dfam_consensus	1	CR1	1	dfam_consensus	DF003449708
1337	dfam_consensus	7	L1	8	dfam_consensus	DesRot-1.40
1338	dfam_consensus	2	CR1-Zenon	7	dfam_consensus	LINE_S.grandis_87_cons
1339	dfam_consensus	7	L1	2	dfam_consensus	ElaDav-1.128
1340	dfam_consensus	5	ERVK	3	dfam_consensus	MusCar-1.337_int
1341	dfam_consensus	10	Pao	0	dfam_consensus	DF003449619
1342	dfam_consensus	1	CR1	3	dfam_consensus	DF003449332
1343	dfam_consensus	7	L1	2	dfam_consensus	MusPut-1.86
1344	dfam_consensus	8	L1-Tx1	4	dfam_consensus	LINE_B.platifrons_107_cons
1345	dfam_consensus	8	L1-Tx1	1	dfam_consensus	LINE_M.edulis_83_cons
1346	dfam_consensus	5	ERVK	2	dfam_consensus	OndZib-1.1_int
1347	dfam_consensus	9	L2	8	dfam_consensus	LINE_M.edulis_3_cons
1348	dfam_consensus	5	ERVK	9	dfam_consensus	HERVK22
1349	dfam_consensus	2	CR1-Zenon	8	dfam_consensus	LINE_C.gigas_1_cons
1350	dfam_consensus	6	Gypsy	0	dfam_consensus	Gypsy75-I_DR
1351	dfam_consensus	7	L1	1	dfam_consensus	L1-88_DR
1352	dfam_consensus	2	CR1-Zenon	3	dfam_consensus	LINE_P.maximus_11_cons
1353	dfam_consensus	10	Pao	0	dfam_consensus	DF003450243
1354	dfam_consensus	8	L1-Tx1	4	dfam_consensus	LINE_M.edulis_9_cons
1355	dfam_consensus	8	L1-Tx1	5	dfam_consensus	LINE_M.nervosa_30_cons
1356	dfam_consensus	8	L1-Tx1	1	dfam_consensus	LINE_M.edulis_177_cons
1357	dfam_consensus	4	ERV1	0	dfam_consensus	Pman_ERV1_4.201
1358	dfam_consensus	4	ERV1	9	dfam_consensus	OviAri-4.1043
1359	dfam_consensus	2	CR1-Zenon	5	dfam_consensus	LINE_M.yessoensis_35_cons
1360	dfam_consensus	3	Copia	8	dfam_consensus	Copia-52_rCom
1361	dfam_consensus	8	L1-Tx1	4	dfam_consensus	LINE_M.edulis_31_cons
1362	dfam_consensus	2	CR1-Zenon	7	dfam_consensus	LINE_M.yessoensis_2_cons
1363	dfam_consensus	4	ERV1	6	dfam_consensus	PonAbe-1.340_int
1364	dfam_consensus	5	ERVK	6	dfam_consensus	AllBul-1.234
1365	dfam_consensus	10	Pao	2	dfam_consensus	BEL-38-I_DR
1366	dfam_consensus	6	Gypsy	3	dfam_consensus	Gypsy156-LTR_DR
1367	dfam_consensus	7	L1	0	dfam_consensus	TapInd-2.10
1368	dfam_consensus	5	ERVK	4	dfam_consensus	RMER3D4
1369	dfam_consensus	9	L2	7	dfam_consensus	L2-26_AstCal
1370	dfam_consensus	2	CR1-Zenon	7	dfam_consensus	LINE_S.grandis_102_cons
1371	dfam_consensus	6	Gypsy	9	dfam_consensus	MUN3_I
1372	dfam_consensus	2	CR1-Zenon	1	dfam_consensus	LINE_B.platifrons_170_cons
1373	dfam_consensus	3	Copia	2	dfam_consensus	Acol_copia_Ele7
1374	dfam_consensus	10	Pao	9	dfam_consensus	DF003448461
1375	dfam_consensus	3	Copia	8	dfam_consensus	Acol_copia_Ele15
1376	dfam_consensus	5	ERVK	7	dfam_consensus	EriEur-1.305b_int
1377	dfam_consensus	2	CR1-Zenon	5	dfam_consensus	LINE_M.phylippinarum_28_cons
1378	dfam_consensus	9	L2	1	dfam_consensus	LINE_B.platifrons_31_cons
1379	dfam_consensus	1	CR1	6	dfam_consensus	Acol_CR1_Ele26
1380	dfam_consensus	1	CR1	6	dfam_consensus	Acol_CR1_Ele23
1381	dfam_consensus	9	L2	8	dfam_consensus	TE2236_SO2_FAM0313
1382	dfam_consensus	6	Gypsy	6	dfam_consensus	TE1559_SO2_FAM0251
1383	dfam_consensus	9	L2	7	dfam_consensus	TE2429_SO2_FAM0492
1384	dfam_consensus	10	Pao	1	dfam_consensus	TE0102_SO2_FAM0011
1385	dfam_consensus	3	Copia	8	dfam_consensus	Copia-17_rCom
1386	dfam_consensus	4	ERV1	0	dfam_consensus	ERV1-1_pKuh_int
1387	dfam_consensus	8	L1-Tx1	3	dfam_consensus	Tx1-22_DR
1388	dfam_consensus	6	Gypsy	1	dfam_consensus	Gypsy-53_rCom
1389	dfam_consensus	10	Pao	6	dfam_consensus	DF003448520
1390	dfam_consensus	10	Pao	0	dfam_consensus	BEL5-I_DR
1391	dfam_consensus	6	Gypsy	9	dfam_consensus	DF003449450
1392	dfam_consensus	5	ERVK	9	dfam_consensus	Pman_ERVK_6.4136
1393	dfam_consensus	5	ERVK	0	dfam_consensus	HERVK22
1394	dfam_consensus	5	ERVK	9	dfam_consensus	CamBac-5.4456
1395	dfam_consensus	5	ERVK	1	dfam_consensus	MMERVK10C
1396	dfam_consensus	8	L1-Tx1	4	dfam_consensus	LINE_M.yessoensis_56_cons
1397	dfam_consensus	6	Gypsy	6	dfam_consensus	Gypsy107-I_Dr
1398	dfam_consensus	5	ERVK	9	dfam_consensus	CriGri-1.117_int
1399	dfam_consensus	7	L1	1	dfam_consensus	HydHyd-5.68
1400	dfam_consensus	7	L1	2	dfam_consensus	MorBla-4.24
1401	dfam_consensus	10	Pao	9	dfam_consensus	DF003447694
1402	dfam_consensus	6	Gypsy	3	dfam_consensus	Gypsy-2_rCom
1403	dfam_consensus	7	L1	2	dfam_consensus	MacSob-5.1019
1404	dfam_consensus	10	Pao	0	dfam_consensus	Pao-8_INT_AstCal
1405	dfam_consensus	8	L1-Tx1	4	dfam_consensus	LINE_P.fucata_6_cons
1406	dfam_consensus	7	L1	2	dfam_consensus	CavApe-4.77
1407	dfam_consensus	10	Pao	0	dfam_consensus	DF003449843
1408	dfam_consensus	3	Copia	8	dfam_consensus	Copia-2_INT_AstCal
1409	dfam_consensus	9	L2	7	dfam_consensus	L2-1_Hbur
1410	dfam_consensus	4	ERV1	4	dfam_consensus	ERV1-3_INT_AstCal
1411	dfam_consensus	6	Gypsy	5	dfam_consensus	Gypsy-55_INT_AstCal
1412	dfam_consensus	3	Copia	6	dfam_consensus	Copia-3_INT_AstCal
1413	dfam_consensus	9	L2	1	dfam_consensus	LINE_R.philippinarum_1_cons
1414	dfam_consensus	10	Pao	9	dfam_consensus	DF003449949
1415	dfam_consensus	8	L1-Tx1	1	dfam_consensus	LINE_A.marissinica_73_cons
1416	dfam_consensus	10	Pao	8	dfam_consensus	Ninja-2_Dros-I
1417	dfam_consensus	1	CR1	0	dfam_consensus	Acol_CR1_Ele13
1418	dfam_consensus	4	ERV1	0	dfam_consensus	ERV1-2_mMyo_int
1419	dfam_consensus	5	ERVK	9	dfam_consensus	BisBis-1.124
1420	dfam_consensus	3	Copia	8	dfam_consensus	Copia-31_rCom
1421	dfam_consensus	6	Gypsy	4	dfam_consensus	DF003450294
1422	dfam_consensus	1	CR1	9	dfam_consensus	DF003448948
1423	dfam_consensus	9	L2	1	dfam_consensus	CR1-37_DR
1424	dfam_consensus	10	Pao	9	dfam_consensus	DF003449433
1425	dfam_consensus	8	L1-Tx1	1	dfam_consensus	LINE_M.edulis_8_cons
1426	dfam_consensus	5	ERVK	0	dfam_consensus	SigHis-1.211_int
1427	dfam_consensus	2	CR1-Zenon	5	dfam_consensus	LINE_S.glomerata_10_cons
1428	dfam_consensus	1	CR1	0	dfam_consensus	DF003449567
1429	dfam_consensus	2	CR1-Zenon	7	dfam_consensus	LINE_P.maximus_28_cons
1430	dfam_consensus	5	ERVK	8	dfam_consensus	RLTR20D
1431	dfam_consensus	4	ERV1	4	dfam_consensus	PRIMAX-int
1432	dfam_consensus	5	ERVK	3	dfam_consensus	MusPah-6.345_int
1433	dfam_consensus	7	L1	2	dfam_consensus	L1-1_ChrAsi
1434	dfam_consensus	7	L1	0	dfam_consensus	NomLeu-1.23
1435	dfam_consensus	2	CR1-Zenon	3	dfam_consensus	LINE_P.maximus_10_cons
1436	dfam_consensus	5	ERVK	8	dfam_consensus	RLTR34C_MM
1437	dfam_consensus	3	Copia	1	dfam_consensus	Copia-11_rCom
1438	dfam_consensus	9	L2	0	dfam_consensus	LINE_R.philippinarum_18_cons
1439	dfam_consensus	6	Gypsy	9	dfam_consensus	Gypsy12_I
1440	dfam_consensus	5	ERVK	9	dfam_consensus	AplRuf-1.214
1441	dfam_consensus	10	Pao	3	dfam_consensus	TE2935_SO2_FAM101
1442	dfam_consensus	7	L1	2	dfam_consensus	SpeDau-1.33
1443	dfam_consensus	1	CR1	0	dfam_consensus	DF003448225
1444	dfam_consensus	10	Pao	6	dfam_consensus	CER2-1-LTR_CE
1445	dfam_consensus	8	L1-Tx1	1	dfam_consensus	LINE_A.kagoshimensis_36_cons
1446	dfam_consensus	2	CR1-Zenon	4	dfam_consensus	LINE_B.platifrons_179_cons
1447	dfam_consensus	4	ERV1	6	dfam_consensus	PonAbe-1.284a
1448	dfam_consensus	6	Gypsy	3	dfam_consensus	TE3293_SO2_FAM061
1449	dfam_consensus	9	L2	3	dfam_consensus	L2-22_AstCal
1450	dfam_consensus	1	CR1	4	dfam_consensus	LINE_M.edulis_54_cons
1451	dfam_consensus	10	Pao	0	dfam_consensus	BEL-40_DRe-I
1452	dfam_consensus	5	ERVK	9	dfam_consensus	DF000283023
1453	dfam_consensus	8	L1-Tx1	2	dfam_consensus	Tx1-47_DR
1454	dfam_consensus	3	Copia	5	dfam_consensus	Copia-69_rCom
1455	dfam_consensus	3	Copia	4	dfam_consensus	Copia-2_INT_AstCal
1456	dfam_consensus	6	Gypsy	8	dfam_consensus	DF003448529
1457	dfam_consensus	4	ERV1	9	dfam_consensus	NanGal-5.166_int
1458	dfam_consensus	5	ERVK	9	dfam_consensus	LTR13
1459	dfam_consensus	1	CR1	7	dfam_consensus	DF003449049
1460	dfam_consensus	7	L1	8	dfam_consensus	ArtJam-2.28
1461	dfam_consensus	1	CR1	7	dfam_consensus	DF003450064
1462	dfam_consensus	6	Gypsy	4	dfam_consensus	Gypsy-13_rCom
1463	dfam_consensus	1	CR1	9	dfam_consensus	DF003447626
1464	dfam_consensus	3	Copia	8	dfam_consensus	Copia-10_INT_AstCal
1465	dfam_consensus	10	Pao	4	dfam_consensus	DF003448461
1466	dfam_consensus	1	CR1	0	dfam_consensus	LINE_B.platifrons_95_cons
1467	dfam_consensus	6	Gypsy	4	dfam_consensus	Gypsy-208_DR-I
1468	dfam_consensus	4	ERV1	3	dfam_consensus	LasBor-6.3737
1469	dfam_consensus	9	L2	1	dfam_consensus	LINE_M.mercenaria_4_cons
1470	dfam_consensus	10	Pao	9	dfam_consensus	BEL-26_DR-I
1471	dfam_consensus	8	L1-Tx1	3	dfam_consensus	LINE_C.virginica_20_cons
1472	dfam_consensus	8	L1-Tx1	1	dfam_consensus	LINE_M.edulis_93_cons
1473	dfam_consensus	8	L1-Tx1	5	dfam_consensus	LINE_C.sinensis_42_cons
1474	dfam_consensus	4	ERV1	1	dfam_consensus	NomLeu-5.168_int
1475	dfam_consensus	4	ERV1	0	dfam_consensus	HydHyd-5.2862_int
1476	dfam_consensus	2	CR1-Zenon	0	dfam_consensus	LINE_D.rostriformis_37_cons
1477	dfam_consensus	6	Gypsy	0	dfam_consensus	Acol_gypsy_Ele39
1478	dfam_consensus	7	L1	9	dfam_consensus	L1-5_AstCal
1479	dfam_consensus	8	L1-Tx1	3	dfam_consensus	LINE_S.grandis_158_cons
1480	dfam_consensus	5	ERVK	0	dfam_consensus	OndZib-1.182_int
1481	dfam_consensus	8	L1-Tx1	0	dfam_consensus	KenoDr1
1482	dfam_consensus	5	ERVK	1	dfam_consensus	EriEur-5.537
1483	dfam_consensus	7	L1	8	dfam_consensus	AplRuf-1.90
1484	dfam_consensus	9	L2	7	dfam_consensus	LINE_R.philippinarum_20_cons
1485	dfam_consensus	3	Copia	8	dfam_consensus	Copia-6_INT_AstCal
1486	dfam_consensus	6	Gypsy	0	dfam_consensus	Gypsy-210_DR-I
1487	dfam_consensus	10	Pao	6	dfam_consensus	DF003449690
1488	dfam_consensus	1	CR1	0	dfam_consensus	DF003449175
1489	dfam_consensus	9	L2	3	dfam_consensus	L2-1_AstCal
1490	dfam_consensus	10	Pao	7	dfam_consensus	DF003448663
1491	dfam_consensus	3	Copia	7	dfam_consensus	ZymTri_2023_family_1506
1492	dfam_consensus	8	L1-Tx1	2	dfam_consensus	LINE_A.marissinica_226_cons
1493	dfam_consensus	1	CR1	5	dfam_consensus	DF003449012
1494	dfam_consensus	3	Copia	9	dfam_consensus	ZymTri_2023_family_760
1495	dfam_consensus	10	Pao	1	dfam_consensus	TE2999_SO2_FAM127
1496	dfam_consensus	4	ERV1	0	dfam_consensus	PipPip-6.1561_int
1497	dfam_consensus	4	ERV1	1	dfam_consensus	ERV1-10_DR-I
1498	dfam_consensus	3	Copia	1	dfam_consensus	Copia-24_rCom
1499	dfam_consensus	1	CR1	9	dfam_consensus	CR1-1_Hmel_A
1500	dfam_consensus	4	ERV1	5	dfam_consensus	PRIMAX-int
1501	dfam_consensus	9	L2	8	dfam_consensus	LINE_P.fucata_3_cons
1502	dfam_consensus	4	ERV1	1	dfam_consensus	MER101-int
1503	dfam_consensus	9	L2	0	dfam_consensus	L2-12_Hmel_A
1504	dfam_consensus	2	CR1-Zenon	4	dfam_consensus	LINE_A.marissinica_20_cons
1505	dfam_consensus	2	CR1-Zenon	1	dfam_consensus	LINE_P.maximus_60_cons
1506	dfam_consensus	8	L1-Tx1	1	dfam_consensus	LINE_M.edulis_56_cons
1507	dfam_consensus	4	ERV1	9	dfam_consensus	MosMos-1.269_int
1508	dfam_consensus	4	ERV1	6	dfam_consensus	OndZib-1.337_int
1509	dfam_consensus	7	L1	2	dfam_consensus	ColAng-4.114
1510	dfam_consensus	8	L1-Tx1	1	dfam_consensus	LINE_P.maximus_91_cons
1511	dfam_consensus	10	Pao	9	dfam_consensus	DF003450173
1512	dfam_consensus	10	Pao	8	dfam_consensus	BEL-56_DRe-I
1513	dfam_consensus	5	ERVK	9	dfam_consensus	MusCar-1.246
1514	dfam_consensus	7	L1	1	dfam_consensus	OtoGar-5.971
1515	dfam_consensus	8	L1-Tx1	2	dfam_consensus	LINE_A.kagoshimensis_44_cons
1516	dfam_consensus	6	Gypsy	0	dfam_consensus	Gypsy69-I_DR
1517	dfam_consensus	6	Gypsy	9	dfam_consensus	Gypsy11-I_DR
1518	dfam_consensus	3	Copia	9	dfam_consensus	ZymTri_2023_family_147
1519	dfam_consensus	1	CR1	7	dfam_consensus	DF003450117
1520	dfam_consensus	8	L1-Tx1	5	dfam_consensus	LINE_S.constricta_58_cons
1521	dfam_consensus	9	L2	9	dfam_consensus	TE0266_SO2_FAM1263
1522	dfam_consensus	4	ERV1	4	dfam_consensus	HERV1_I
1523	dfam_consensus	6	Gypsy	0	dfam_consensus	Acol_gypsy_Ele19
1524	dfam_consensus	5	ERVK	2	dfam_consensus	CriGri-5.585_int
1525	dfam_consensus	9	L2	4	dfam_consensus	LINE_B.platifrons_11_cons
1526	dfam_consensus	6	Gypsy	0	dfam_consensus	Gypsy-35_INT_AstCal
1527	dfam_consensus	5	ERVK	3	dfam_consensus	ScaAqu-1.154
1528	dfam_consensus	6	Gypsy	1	dfam_consensus	TE0221_SO2_FAM0122
1529	dfam_consensus	7	L1	7	dfam_consensus	Pman_L1_6.6244
1530	dfam_consensus	10	Pao	9	dfam_consensus	Diver_I
1531	dfam_consensus	10	Pao	6	dfam_consensus	MAX_I
1532	dfam_consensus	3	Copia	1	dfam_consensus	ZymTri_2023_family_985
1533	dfam_consensus	6	Gypsy	4	dfam_consensus	Acol_gypsy_Ele62
1534	dfam_consensus	6	Gypsy	1	dfam_consensus	Acol_gypsy_Ele26
1535	dfam_consensus	5	ERVK	9	dfam_consensus	IAPEY5_I
1536	dfam_consensus	3	Copia	9	dfam_consensus	Acol_copia_Ele11
1537	dfam_consensus	7	L1	2	dfam_consensus	TapInd-6.7
1538	dfam_consensus	3	Copia	1	dfam_consensus	Copia-7_rCom
1539	dfam_consensus	9	L2	1	dfam_consensus	LINE_S.glomerata_1_cons
1540	dfam_consensus	8	L1-Tx1	8	dfam_consensus	Tx1-34_DR
1541	dfam_consensus	10	Pao	5	dfam_consensus	DF003448047
1542	dfam_consensus	1	CR1	0	dfam_consensus	LINE_A.marissinica_45_cons
1543	dfam_consensus	1	CR1	9	dfam_consensus	DF003447768
1544	dfam_consensus	8	L1-Tx1	1	dfam_consensus	LINE_M.edulis_83_cons
1545	dfam_consensus	5	ERVK	1	dfam_consensus	OnyTor-1.60_int
1546	dfam_consensus	3	Copia	1	dfam_consensus	Copia-70_rCom
1547	dfam_consensus	8	L1-Tx1	4	dfam_consensus	Tx1-43_DR
1548	dfam_consensus	4	ERV1	0	dfam_consensus	HERV35I
1549	dfam_consensus	7	L1	8	dfam_consensus	HipArm-1.48
1550	dfam_consensus	6	Gypsy	8	dfam_consensus	Gypsy-112_INT_AstCal
1551	dfam_consensus	8	L1-Tx1	3	dfam_consensus	Tx1-19_DR
1552	dfam_consensus	7	L1	2	dfam_consensus	PanPar-4.118
1553	dfam_consensus	3	Copia	9	dfam_consensus	ZymTri_2023_family_1506
1554	dfam_consensus	10	Pao	5	dfam_consensus	BEL-55_DRe-I
1555	dfam_consensus	1	CR1	0	dfam_consensus	DF003447302
1556	dfam_consensus	3	Copia	3	dfam_consensus	Copia-109_rCom
1557	dfam_consensus	6	Gypsy	1	dfam_consensus	SE15195_novo-B-R11-Map19
1558	dfam_consensus	8	L1-Tx1	1	dfam_consensus	LINE_M.edulis_227_cons
1559	dfam_consensus	9	L2	7	dfam_consensus	L2-11_Hmel_A2
1560	dfam_consensus	4	ERV1	0	dfam_consensus	TadBra-5.4243_int
1561	dfam_consensus	3	Copia	8	dfam_consensus	Copia-34_rCom
1562	dfam_consensus	8	L1-Tx1	4	dfam_consensus	LINE_T.granosa_4_cons
1563	dfam_consensus	8	L1-Tx1	2	dfam_consensus	LINE_A.marissinica_40_cons
1564	dfam_consensus	1	CR1	6	dfam_consensus	Acol_CR1_Ele18
1565	dfam_consensus	6	Gypsy	6	dfam_consensus	Gypsy70-I_DR
1566	dfam_consensus	6	Gypsy	1	dfam_consensus	Gypsy11_I
1567	dfam_consensus	10	Pao	0	dfam_consensus	DF003448241
1568	dfam_consensus	2	CR1-Zenon	3	dfam_consensus	LINE_S.grandis_125_cons
1569	dfam_consensus	4	ERV1	6	dfam_consensus	PilTep-1.171_int
1570	dfam_consensus	2	CR1-Zenon	3	dfam_consensus	LINE_A.marissinica_229_cons
1571	dfam_consensus	2	CR1-Zenon	4	dfam_consensus	LINE_C.virginica_48_cons
1572	dfam_consensus	4	ERV1	3	dfam_consensus	fAlbLTR1_Ucy
1573	dfam_consensus	1	CR1	4	dfam_consensus	LINE_M.edulis_263_cons
1574	dfam_consensus	6	Gypsy	7	dfam_consensus	Acol_gypsy_Ele24
1575	dfam_consensus	6	Gypsy	9	dfam_consensus	Gypsy-176_DR-I
1576	dfam_consensus	5	ERVK	8	dfam_consensus	PumCon-1.209
1577	dfam_consensus	8	L1-Tx1	8	dfam_consensus	LINE_P.maximus_77_cons
1578	dfam_consensus	5	ERVK	0	dfam_consensus	FukDam-5.1030_int
1579	dfam_consensus	8	L1-Tx1	1	dfam_consensus	LINE_P.streckersoni_6_cons
1580	dfam_consensus	2	CR1-Zenon	1	dfam_consensus	LINE_M.phylippinarum_90_cons
1581	dfam_consensus	2	CR1-Zenon	5	dfam_consensus	LINE_P.maximus_112_cons
1582	dfam_consensus	2	CR1-Zenon	7	dfam_consensus	LINE_M.mercenaria_48_cons
1583	dfam_consensus	10	Pao	9	dfam_consensus	Pao-45_INT_AstCal
1584	dfam_consensus	8	L1-Tx1	1	dfam_consensus	Tx1-46_DR
1585	dfam_consensus	2	CR1-Zenon	3	dfam_consensus	LINE_A.marissinica_163_cons
1586	dfam_consensus	1	CR1	0	dfam_consensus	LINE_A.marissinica_126_cons
1587	dfam_consensus	9	L2	1	dfam_consensus	LINE_S.constricta_49_cons
1588	dfam_consensus	6	Gypsy	6	dfam_consensus	Gypsy-7_INT_AstCal
1589	dfam_consensus	10	Pao	9	dfam_consensus	CER10-I_CE
1590	dfam_consensus	7	L1	2	dfam_consensus	DauMad-4.291
1591	dfam_consensus	10	Pao	0	dfam_consensus	DF003448366
1592	dfam_consensus	3	Copia	4	dfam_consensus	Copia-34_rCom
1593	dfam_consensus	7	L1	2	dfam_consensus	OnyTor-1.333
1594	dfam_consensus	4	ERV1	9	dfam_consensus	TapTer-1.249
1595	dfam_consensus	5	ERVK	4	dfam_consensus	MLTR31C_MM
1596	dfam_consensus	10	Pao	8	dfam_consensus	Pao-16_INT_AstCal
1597	dfam_consensus	10	Pao	7	dfam_consensus	DF003447993
1598	dfam_consensus	4	ERV1	7	dfam_consensus	ERV24B_Prim
1599	dfam_consensus	6	Gypsy	6	dfam_consensus	Gypsy-30_INT_AstCal
1600	dfam_consensus	4	ERV1	6	dfam_consensus	OndZib-1.337_int
1601	dfam_consensus	8	L1-Tx1	1	dfam_consensus	LINE_M.edulis_127_cons
1602	dfam_consensus	10	Pao	9	dfam_consensus	DF003447694
1603	dfam_consensus	4	ERV1	0	dfam_consensus	MER84-int
1604	dfam_consensus	5	ERVK	9	dfam_consensus	LTR5A
1605	dfam_consensus	10	Pao	6	dfam_consensus	DF003450130
1606	dfam_consensus	1	CR1	7	dfam_consensus	DF003447413
1607	dfam_consensus	6	Gypsy	5	dfam_consensus	TE3286_SO2_FAM059
1608	dfam_consensus	8	L1-Tx1	8	dfam_consensus	LINE_M.edulis_30_cons
1609	dfam_consensus	7	L1	9	dfam_consensus	MicMur-5.2911
1610	dfam_consensus	3	Copia	9	dfam_consensus	ZymTri_2023_family_318
1611	dfam_consensus	3	Copia	1	dfam_consensus	TE1645_SO2_FAM0259
1612	dfam_consensus	7	L1	2	dfam_consensus	PteAle-6.69
1613	dfam_consensus	10	Pao	6	dfam_consensus	DF003449665
1614	dfam_consensus	2	CR1-Zenon	1	dfam_consensus	LINE_M.mercenaria_17_cons
1615	dfam_consensus	6	Gypsy	6	dfam_consensus	Gypsy-75_LTR_AstCal
1616	dfam_consensus	4	ERV1	0	dfam_consensus	CasCan-5.2006
1617	dfam_consensus	1	CR1	7	dfam_consensus	DF003447526
1618	dfam_consensus	4	ERV1	9	dfam_consensus	GalVar-6.461_LTR
1619	dfam_consensus	3	Copia	1	dfam_consensus	Copia-93_rCom
1620	dfam_consensus	4	ERV1	0	dfam_consensus	EllLut-5.4248
1621	dfam_consensus	9	L2	0	dfam_consensus	LINE_S.constricta_4_cons
1622	dfam_consensus	10	Pao	9	dfam_consensus	DF003447747
1623	dfam_consensus	2	CR1-Zenon	1	dfam_consensus	LINE_S.broughtoni_12_cons
1624	dfam_consensus	5	ERVK	5	dfam_consensus	MMETn-int
1625	dfam_consensus	2	CR1-Zenon	3	dfam_consensus	LINE_A.marissinica_174_cons
1626	dfam_consensus	7	L1	0	dfam_consensus	XerIna-1.80
1627	dfam_consensus	8	L1-Tx1	7	dfam_consensus	LINE_A.marissinica_83_cons
1628	dfam_consensus	6	Gypsy	9	dfam_consensus	DF003448255
1629	dfam_consensus	7	L1	2	dfam_consensus	DicSum-1.36
1630	dfam_consensus	9	L2	4	dfam_consensus	TE2812_SO2_FAM0884
1631	dfam_consensus	5	ERVK	4	dfam_consensus	OndZib-1.288_int
1632	dfam_consensus	6	Gypsy	8	dfam_consensus	DF003450331
1633	dfam_consensus	2	CR1-Zenon	3	dfam_consensus	LINE_P.maximus_35_cons
1634	dfam_consensus	8	L1-Tx1	2	dfam_consensus	LINE_M.edulis_152_cons
1635	dfam_consensus	1	CR1	1	dfam_consensus	DF003449689
1636	dfam_consensus	9	L2	3	dfam_consensus	TE1787_SO2_FAM0272
1637	dfam_consensus	2	CR1-Zenon	7	dfam_consensus	LINE_S.glomerata_23_cons
1638	dfam_consensus	4	ERV1	0	dfam_consensus	PRIMA4-int
1639	dfam_consensus	7	L1	2	dfam_consensus	DauMad-3.151
1640	dfam_consensus	7	L1	6	dfam_consensus	ScaAqu-1.151
1641	dfam_consensus	1	CR1	5	dfam_consensus	DF003450048
1642	dfam_consensus	10	Pao	6	dfam_consensus	CATCH1I_DR
1643	dfam_consensus	8	L1-Tx1	1	dfam_consensus	LINE_M.edulis_227_cons
1644	dfam_consensus	3	Copia	0	dfam_consensus	ZymTri_2023_family_58
1645	dfam_consensus	7	L1	2	dfam_consensus	MurFea-3.187
1646	dfam_consensus	5	ERVK	1	dfam_consensus	Pman_ERVK_6.7639
1647	dfam_consensus	2	CR1-Zenon	4	dfam_consensus	LINE_C.farreri_10_cons
1648	dfam_consensus	7	L1	0	dfam_consensus	L1MdGf_I_5end
1649	dfam_consensus	5	ERVK	9	dfam_consensus	IAP-d
1650	dfam_consensus	2	CR1-Zenon	1	dfam_consensus	LINE_A.marissinica_194_cons
1651	dfam_consensus	9	L2	6	dfam_consensus	L2-4_Hmel_B
1652	dfam_consensus	4	ERV1	8	dfam_consensus	HERVE_a
1653	dfam_consensus	1	CR1	0	dfam_consensus	DF003448331
1654	dfam_consensus	4	ERV1	0	dfam_consensus	MirAng-6.387_int
1655	dfam_consensus	3	Copia	3	dfam_consensus	Copia-64_rCom
1656	dfam_consensus	6	Gypsy	5	dfam_consensus	DF003450111
1657	dfam_consensus	1	CR1	9	dfam_consensus	DF003447443
1658	dfam_consensus	9	L2	1	dfam_consensus	LINE_A.marissinica_206_cons
1659	dfam_consensus	5	ERVK	8	dfam_consensus	IAPEz-int
1660	dfam_consensus	2	CR1-Zenon	7	dfam_consensus	LINE_S.broughtoni_11_cons
1661	dfam_consensus	9	L2	7	dfam_consensus	L2-14_Hmel_A3b
1662	dfam_consensus	6	Gypsy	0	dfam_consensus	Gypsy139-I_DR
1663	dfam_consensus	9	L2	1	dfam_consensus	LINE_M.edulis_0_cons
1664	dfam_consensus	10	Pao	5	dfam_consensus	BEL-55_DRe-I
1665	dfam_consensus	7	L1	2	dfam_consensus	SemEnt-1.46
1666	dfam_consensus	3	Copia	4	dfam_consensus	TE2272_SO2_FAM0335
1667	dfam_consensus	2	CR1-Zenon	1	dfam_consensus	LINE_C.virginica_2_cons
1668	dfam_consensus	9	L2	5	dfam_consensus	LINE_S.glomerata_2_cons
1669	dfam_consensus	2	CR1-Zenon	3	dfam_consensus	LINE_B.platifrons_114_cons
1670	dfam_consensus	1	CR1	9	dfam_consensus	DF003449721
1671	dfam_consensus	4	ERV1	0	dfam_consensus	OviAri-6.948_int
1672	dfam_consensus	6	Gypsy	0	dfam_consensus	Gypsy-66_INT_AstCal
1673	dfam_consensus	5	ERVK	9	dfam_consensus	BeaHun-1.270_int
1674	dfam_consensus	1	CR1	6	dfam_consensus	DF003449489
1675	dfam_consensus	8	L1-Tx1	2	dfam_consensus	LINE_D.rostriformis_92_cons
1676	dfam_consensus	4	ERV1	6	dfam_consensus	HERVIP10F
1677	dfam_consensus	1	CR1	1	dfam_consensus	DF003447459
1678	dfam_consensus	2	CR1-Zenon	3	dfam_consensus	LINE_B.platifrons_6_cons
1679	dfam_consensus	8	L1-Tx1	1	dfam_consensus	LINE_C.gigas_14_cons
1680	dfam_consensus	5	ERVK	8	dfam_consensus	HERVK14C
1681	dfam_consensus	3	Copia	8	dfam_consensus	Copia-5_rCom
1682	dfam_consensus	7	L1	7	dfam_consensus	EriEur-1.91
1683	dfam_consensus	9	L2	3	dfam_consensus	LINE_D.rostriformis_4_cons
1684	dfam_consensus	4	ERV1	0	dfam_consensus	ElaDav-5.3124
1685	dfam_consensus	3	Copia	0	dfam_consensus	Copia-64_rCom
1686	dfam_consensus	4	ERV1	9	dfam_consensus	TadBra-5.4243_int
1687	dfam_consensus	5	ERVK	1	dfam_consensus	HERVK11D
1688	dfam_consensus	6	Gypsy	4	dfam_consensus	TE2358_SO2_FAM0042
1689	dfam_consensus	6	Gypsy	9	dfam_consensus	ZymTri_2023_family_189
1690	dfam_consensus	10	Pao	9	dfam_consensus	BEL-45_DRe-I
1691	dfam_consensus	10	Pao	3	dfam_consensus	Pao-6_INT_AstCal
1692	dfam_consensus	4	ERV1	9	dfam_consensus	OviAri-1.272_int
1693	dfam_consensus	8	L1-Tx1	5	dfam_consensus	L1-Tx1-1_AstCal
1694	dfam_consensus	2	CR1-Zenon	3	dfam_consensus	LINE_P.maximus_10_cons
1695	dfam_consensus	1	CR1	9	dfam_consensus	DF003448348
1696	dfam_consensus	4	ERV1	6	dfam_consensus	XerIna-5.1186_LTR
1697	dfam_consensus	8	L1-Tx1	8	dfam_consensus	L1-Tx1-4_AstCal
1698	dfam_consensus	1	CR1	9	dfam_consensus	DF003449974
1699	dfam_consensus	8	L1-Tx1	4	dfam_consensus	LINE_S.glomerata_27_cons
1700	dfam_consensus	6	Gypsy	0	dfam_consensus	DF003448575
1701	dfam_consensus	6	Gypsy	4	dfam_consensus	DF003447831
1702	dfam_consensus	10	Pao	8	dfam_consensus	BEL-44_DRe-I
1703	dfam_consensus	10	Pao	4	dfam_consensus	DF003449843
1704	dfam_consensus	10	Pao	8	dfam_consensus	BEL4-I_DR
1705	dfam_consensus	9	L2	1	dfam_consensus	LINE_M.edulis_11_cons
1706	dfam_consensus	10	Pao	1	dfam_consensus	TE0102_SO2_FAM0011
1707	dfam_consensus	9	L2	7	dfam_consensus	L2-12_Hmel_A
1708	dfam_consensus	7	L1	2	dfam_consensus	PanTig-1.50
1709	dfam_consensus	2	CR1-Zenon	7	dfam_consensus	LINE_A.i.concentricus_4_cons
1710	dfam_consensus	7	L1	2	dfam_consensus	AllBul-4.244
1711	dfam_consensus	5	ERVK	9	dfam_consensus	Pman_ERVK_6.1366
1712	dfam_consensus	2	CR1-Zenon	7	dfam_consensus	LINE_P.maximus_12_cons
1713	dfam_consensus	9	L2	5	dfam_consensus	LINE_S.glomerata_0_cons
1714	dfam_consensus	9	L2	1	dfam_consensus	LINE_M.edulis_11_cons
1715	dfam_consensus	10	Pao	7	dfam_consensus	DF003448539
1716	dfam_consensus	10	Pao	0	dfam_consensus	DF003448953
1717	dfam_consensus	10	Pao	0	dfam_consensus	DF003447690
1718	dfam_consensus	9	L2	1	dfam_consensus	L2-1_Ldor_C
1719	dfam_consensus	10	Pao	0	dfam_consensus	DF003449367
1720	dfam_consensus	6	Gypsy	8	dfam_consensus	Gypsy-35_INT_AstCal
1721	dfam_consensus	5	ERVK	8	dfam_consensus	OnyTor-5.1005
1722	dfam_consensus	2	CR1-Zenon	1	dfam_consensus	LINE_P.maximus_8_cons
1723	dfam_consensus	4	ERV1	0	dfam_consensus	ERV-V_LTR
1724	dfam_consensus	9	L2	2	dfam_consensus	LINE_M.edulis_0_cons
1725	dfam_consensus	2	CR1-Zenon	3	dfam_consensus	LINE_A.marissinica_16_cons
1726	dfam_consensus	1	CR1	0	dfam_consensus	DF003449623
1727	dfam_consensus	6	Gypsy	1	dfam_consensus	TE2426_SO2_FAM0049
1728	dfam_consensus	5	ERVK	4	dfam_consensus	ERVB2_1A-I_MM
1729	dfam_consensus	3	Copia	8	dfam_consensus	Copia-21_rCom
1730	dfam_consensus	8	L1-Tx1	7	dfam_consensus	LINE_M.mercenaria_65_cons
1731	dfam_consensus	9	L2	5	dfam_consensus	TE2346_SO2_FAM0408
1732	dfam_consensus	9	L2	1	dfam_consensus	TE1959_SO2_FAM0288
1733	dfam_consensus	9	L2	1	dfam_consensus	LINE_P.fucata_0_cons
1734	dfam_consensus	10	Pao	0	dfam_consensus	Pao-6_INT_AstCal
1735	dfam_consensus	4	ERV1	9	dfam_consensus	LTR1C3
1736	dfam_consensus	4	ERV1	0	dfam_consensus	CriGam-6.645
1737	dfam_consensus	8	L1-Tx1	1	dfam_consensus	LINE_M.edulis_32_cons
1738	dfam_consensus	5	ERVK	9	dfam_consensus	RLTR49
1739	dfam_consensus	2	CR1-Zenon	1	dfam_consensus	LINE_M.mercenaria_36_cons
1740	dfam_consensus	7	L1	2	dfam_consensus	OryAfe-1.130
1741	dfam_consensus	10	Pao	0	dfam_consensus	DF003449457
1742	dfam_consensus	6	Gypsy	0	dfam_consensus	HMSBeagle_I
1743	dfam_consensus	3	Copia	4	dfam_consensus	TE2136_SO2_FAM0304
1744	dfam_consensus	6	Gypsy	8	dfam_consensus	Gypsy51-I_DR
1745	dfam_consensus	3	Copia	4	dfam_consensus	Copia-1_DSim-I
1746	dfam_consensus	3	Copia	4	dfam_consensus	Copia-75_rCom
1747	dfam_consensus	4	ERV1	1	dfam_consensus	CerCot-4.405_int
1748	dfam_consensus	2	CR1-Zenon	3	dfam_consensus	LINE_M.mercenaria_48_cons
1749	dfam_consensus	10	Pao	9	dfam_consensus	GATE-2_I
1750	dfam_consensus	9	L2	3	dfam_consensus	L2-35_AstCal
1751	dfam_consensus	8	L1-Tx1	1	dfam_consensus	LINE_T.granosa_10_cons
1752	dfam_consensus	10	Pao	9	dfam_consensus	Pao-44_INT_AstCal
1753	dfam_consensus	10	Pao	0	dfam_consensus	DF003450317
1754	dfam_consensus	6	Gypsy	4	dfam_consensus	TE1388_SO2_FAM0235
1755	dfam_consensus	2	CR1-Zenon	7	dfam_consensus	LINE_S.glomerata_15_cons
1756	dfam_consensus	5	ERVK	9	dfam_consensus	HERVK13
1757	dfam_consensus	3	Copia	8	dfam_consensus	TE3245_SO2_FAM390
1758	dfam_consensus	10	Pao	9	dfam_consensus	BEL17-I_DR
1759	dfam_consensus	4	ERV1	0	dfam_consensus	CebCap-5.2799_int
1760	dfam_consensus	7	L1	2	dfam_consensus	AnoCau-5.5
1761	dfam_consensus	6	Gypsy	0	dfam_consensus	Gypsy-84_INT_AstCal
1762	dfam_consensus	5	ERVK	3	dfam_consensus	Pman_ERVK_6.2843
1763	dfam_consensus	6	Gypsy	9	dfam_consensus	Gypsy-79_INT_AstCal
1764	dfam_consensus	9	L2	9	dfam_consensus	LINE_S.constricta_79_cons
1765	dfam_consensus	3	Copia	3	dfam_consensus	ZymTri_2023_family_58
1766	dfam_consensus	5	ERVK	8	dfam_consensus	PanTig-1.224
1767	dfam_consensus	9	L2	3	dfam_consensus	Crack-2_DR
1768	dfam_consensus	2	CR1-Zenon	0	dfam_consensus	LINE_C.virginica_48_cons
1769	dfam_consensus	10	Pao	9	dfam_consensus	Pao-11_INT_AstCal
1770	dfam_consensus	1	CR1	7	dfam_consensus	DF003448612
1771	dfam_consensus	4	ERV1	6	dfam_consensus	DF000283101
1772	dfam_consensus	4	ERV1	8	dfam_consensus	HERV30N1
1773	dfam_consensus	7	L1	2	dfam_consensus	AntAme-1.95
1774	dfam_consensus	4	ERV1	9	dfam_consensus	BHIKHARI_I
1775	dfam_consensus	9	L2	3	dfam_consensus	L2-5_DRe
1776	dfam_consensus	3	Copia	1	dfam_consensus	Copia-107_rCom
1777	dfam_consensus	3	Copia	1	dfam_consensus	Copia-2_rCom
1778	dfam_consensus	10	Pao	8	dfam_consensus	Pao-24_INT_AstCal
1779	dfam_consensus	4	ERV1	0	dfam_consensus	FukDam-1.134
1780	dfam_consensus	1	CR1	4	dfam_consensus	LINE_C.sinensis_2_cons
1781	dfam_consensus	6	Gypsy	7	dfam_consensus	DF003448412
1782	dfam_consensus	2	CR1-Zenon	1	dfam_consensus	LINE_P.maximus_49_cons
1783	dfam_consensus	5	ERVK	9	dfam_consensus	MMERVK10C
1784	dfam_consensus	10	Pao	0	dfam_consensus	Diver_I
1785	dfam_consensus	2	CR1-Zenon	3	dfam_consensus	LINE_R.philippinarum_9_cons
1786	dfam_consensus	4	ERV1	3	dfam_consensus	MER92-int
1787	dfam_consensus	6	Gypsy	6	dfam_consensus	DF003448575
1788	dfam_consensus	9	L2	7	dfam_consensus	LINE_B.platifrons_51_cons
1789	dfam_consensus	5	ERVK	3	dfam_consensus	EriEur-1.305b_int
1790	dfam_consensus	5	ERVK	0	dfam_consensus	TolMat-1.383_int
1791	dfam_consensus	7	L1	2	dfam_consensus	MorBla-1.51
1792	dfam_consensus	2	CR1-Zenon	7	dfam_consensus	LINE_M.mercenaria_181_cons
1793	dfam_consensus	4	ERV1	0	dfam_consensus	BisBis-5.222_int
1794	dfam_consensus	4	ERV1	6	dfam_consensus	MegLyr-1.252
1795	dfam_consensus	2	CR1-Zenon	3	dfam_consensus	LINE_A.marissinica_174_cons
1796	dfam_consensus	10	Pao	9	dfam_consensus	GATE-2_I
1797	dfam_consensus	4	ERV1	3	dfam_consensus	DicBic-5.1073_int
1798	dfam_consensus	1	CR1	0	dfam_consensus	DF003450329
1799	dfam_consensus	6	Gypsy	1	dfam_consensus	HMSBeagle4_Dmel-I
