method	record_id	host_id	host_locus	source_copy_id	homology_component_id	true_family	top_family	top_score	threshold	accepted	correct
kmer4_single_train_medoid	interval|hg38|chr13|61060225|61060586|-|1085518	human:hg38	chr13	coord|human:hg38|chr13|61060225|61060586|-|1085518	hc|0198	AluJb	AluSx1	0.8540445215	0.9175200574264304	0	0
kmer4_single_train_medoid	interval|hg38|chr1|13746501|13746853|-|22298	human:hg38	chr1	coord|human:hg38|chr1|13746501|13746853|-|22298	hc|0200	AluJb	AluSc	0.8516895382	0.9175200574264304	0	0
kmer4_single_train_medoid	interval|hg38|chr1|204583666|204584007|+|310906	human:hg38	chr1	coord|human:hg38|chr1|204583666|204584007|+|310906	hc|0201	AluJb	AluSq	0.858514694	0.9175200574264304	0	0
kmer4_single_train_medoid	interval|hg38|chr11|111559418|111559757|-|759912	human:hg38	chr11	coord|human:hg38|chr11|111559418|111559757|-|759912	hc|0206	AluJb	AluSx1	0.8677489861	0.9175200574264304	0	0
kmer4_single_train_medoid	interval|hg38|chr13|104776246|104776583|-|1143493	human:hg38	chr13	coord|human:hg38|chr13|104776246|104776583|-|1143493	hc|0209	AluJb	AluSq	0.8310995637	0.9175200574264304	0	0
kmer4_single_train_medoid	interval|hg38|chr11|9471897|9472228|-|600438	human:hg38	chr11	coord|human:hg38|chr11|9471897|9472228|-|600438	hc|0217	AluJb	AluSx4	0.9046295341	0.9175200574264304	0	0
kmer4_single_train_medoid	interval|hg38|chr1|28499446|28499775|-|55882	human:hg38	chr1	coord|human:hg38|chr1|28499446|28499775|-|55882	hc|0223	AluJb	AluJo	0.8241561755	0.9175200574264304	0	0
kmer4_single_train_medoid	interval|hg38|chr1|10190176|10190505|-|15467	human:hg38	chr1	coord|human:hg38|chr1|10190176|10190505|-|15467	hc|0224	AluJb	AluSx1	0.8430400038	0.9175200574264304	0	0
kmer4_single_train_medoid	interval|hg38|chr13|66512789|66513117|-|1092167	human:hg38	chr13	coord|human:hg38|chr13|66512789|66513117|-|1092167	hc|0228	AluJb	AluJo	0.8453755732	0.9175200574264304	0	0
kmer4_single_train_medoid	interval|hg38|chr1|12681220|12681548|-|20481	human:hg38	chr1	coord|human:hg38|chr1|12681220|12681548|-|20481	hc|0229	AluJb	AluSx4	0.8862268095	0.9175200574264304	0	0
kmer4_single_train_medoid	interval|hg38|chr1|28994633|28994959|-|57285	human:hg38	chr1	coord|human:hg38|chr1|28994633|28994959|-|57285	hc|0234	AluJb	AluSx1	0.7945404947	0.9175200574264304	0	0
kmer4_single_train_medoid	interval|hg38|chr1|21917149|21917494|+|39669	human:hg38	chr1	coord|human:hg38|chr1|21917149|21917494|+|39669	hc|0429	AluJo	AluSc	0.8178923323	0.9175200574264304	0	0
kmer4_single_train_medoid	interval|hg38|chr11|83108441|83108783|-|717560	human:hg38	chr11	coord|human:hg38|chr11|83108441|83108783|-|717560	hc|0432	AluJo	AluSz6	0.8847327996	0.9175200574264304	0	0
kmer4_single_train_medoid	interval|hg38|chr11|20525408|20525749|-|619259	human:hg38	chr11	coord|human:hg38|chr11|20525408|20525749|-|619259	hc|0433	AluJo	AluSq2	0.9185583437	0.9175200574264304	1	0
kmer4_single_train_medoid	interval|hg38|chr1|229536218|229536553|+|350406	human:hg38	chr1	coord|human:hg38|chr1|229536218|229536553|+|350406	hc|0435	AluJo	AluJo	0.8445064393	0.9175200574264304	0	1
kmer4_single_train_medoid	interval|hg38|chr1|58180260|58180594|-|117763	human:hg38	chr1	coord|human:hg38|chr1|58180260|58180594|-|117763	hc|0437	AluJo	AluSx4	0.9183950332	0.9175200574264304	1	0
kmer4_single_train_medoid	interval|hg38|chr13|110538323|110538656|+|1150355	human:hg38	chr13	coord|human:hg38|chr13|110538323|110538656|+|1150355	hc|0438	AluJo	AluSx3	0.9154308525	0.9175200574264304	0	0
kmer4_single_train_medoid	interval|hg38|chr1|35051946|35052277|-|70225	human:hg38	chr1	coord|human:hg38|chr1|35051946|35052277|-|70225	hc|0440	AluJo	AluSz	0.8308670026	0.9175200574264304	0	0
kmer4_single_train_medoid	interval|hg38|chr11|82793727|82794055|+|716968	human:hg38	chr11	coord|human:hg38|chr11|82793727|82794055|+|716968	hc|0445	AluJo	AluJo	0.8566723241	0.9175200574264304	0	1
kmer4_single_train_medoid	interval|hg38|chr1|28378927|28379254|-|55570	human:hg38	chr1	coord|human:hg38|chr1|28378927|28379254|-|55570	hc|0447	AluJo	AluJr	0.8129492257	0.9175200574264304	0	0
kmer4_single_train_medoid	interval|hg38|chr13|35496352|35496677|+|1047554	human:hg38	chr13	coord|human:hg38|chr13|35496352|35496677|+|1047554	hc|0449	AluJo	AluSx4	0.8947085195	0.9175200574264304	0	0
kmer4_single_train_medoid	interval|hg38|chr13|98628141|98628463|-|1134788	human:hg38	chr13	coord|human:hg38|chr13|98628141|98628463|-|1134788	hc|0451	AluJo	AluSx4	0.875146539	0.9175200574264304	0	0
kmer4_single_train_medoid	interval|hg38|chr13|28115945|28116263|-|1036072	human:hg38	chr13	coord|human:hg38|chr13|28115945|28116263|-|1036072	hc|0457	AluJo	AluSx3	0.912334254	0.9175200574264304	0	0
kmer4_single_train_medoid	interval|hg38|chr13|52875454|52875772|-|1074969	human:hg38	chr13	coord|human:hg38|chr13|52875454|52875772|-|1074969	hc|0460	AluJo	AluJb	0.8616392322	0.9175200574264304	0	0
kmer4_single_train_medoid	interval|hg38|chr11|18226148|18226465|+|615198	human:hg38	chr11	coord|human:hg38|chr11|18226148|18226465|+|615198	hc|0466	AluJo	AluJo	0.842149709	0.9175200574264304	0	1
kmer4_single_train_medoid	interval|hg38|chr11|33549721|33550061|+|638718	human:hg38	chr11	coord|human:hg38|chr11|33549721|33550061|+|638718	hc|0392	AluJr	AluSx3	0.8707525875	0.9175200574264304	0	0
kmer4_single_train_medoid	interval|hg38|chr1|212648304|212648644|-|324291	human:hg38	chr1	coord|human:hg38|chr1|212648304|212648644|-|324291	hc|0393	AluJr	AluJr	0.8169377826	0.9175200574264304	0	1
kmer4_single_train_medoid	interval|hg38|chr13|98692136|98692458|-|1134927	human:hg38	chr13	coord|human:hg38|chr13|98692136|98692458|-|1134927	hc|0407	AluJr	AluSx4	0.9177078324	0.9175200574264304	1	0
kmer4_single_train_medoid	interval|hg38|chr1|99955784|99956103|-|182545	human:hg38	chr1	coord|human:hg38|chr1|99955784|99956103|-|182545	hc|0411	AluJr	AluSx1	0.7603987859	0.9175200574264304	0	0
kmer4_single_train_medoid	interval|hg38|chr1|173119364|173119679|-|263675	human:hg38	chr1	coord|human:hg38|chr1|173119364|173119679|-|263675	hc|1080	AluJr4	L3	0.7639414451	0.9175200574264304	0	0
kmer4_single_train_medoid	interval|hg38|chr1|173888414|173888729|-|264940	human:hg38	chr1	coord|human:hg38|chr1|173888414|173888729|-|264940	hc|1083	AluJr4	AluSx4	0.7937332	0.9175200574264304	0	0
kmer4_single_train_medoid	interval|hg38|chr1|24968046|24968360|-|47067	human:hg38	chr1	coord|human:hg38|chr1|24968046|24968360|-|47067	hc|1086	AluJr4	AluSx4	0.8759368801	0.9175200574264304	0	0
kmer4_single_train_medoid	interval|hg38|chr11|108636204|108636518|+|755370	human:hg38	chr11	coord|human:hg38|chr11|108636204|108636518|+|755370	hc|1090	AluJr4	AluSx	0.7531563159	0.9175200574264304	0	0
kmer4_single_train_medoid	interval|hg38|chr1|217611897|217612210|+|331186	human:hg38	chr1	coord|human:hg38|chr1|217611897|217612210|+|331186	hc|1093	AluJr4	AluSx	0.8118748362	0.9175200574264304	0	0
kmer4_single_train_medoid	interval|hg38|chr1|94969079|94969392|-|175426	human:hg38	chr1	coord|human:hg38|chr1|94969079|94969392|-|175426	hc|1098	AluJr4	AluJr4	0.7800374187	0.9175200574264304	0	1
kmer4_single_train_medoid	interval|hg38|chr1|171453717|171454030|-|261220	human:hg38	chr1	coord|human:hg38|chr1|171453717|171454030|-|261220	hc|1099	AluJr4	AluSq	0.8331760998	0.9175200574264304	0	0
kmer4_single_train_medoid	interval|hg38|chr1|143696235|143696567|-|216021	human:hg38	chr1	coord|human:hg38|chr1|143696235|143696567|-|216021	hc|0676	AluSc	AluSq	0.8793410443	0.9175200574264304	0	0
kmer4_single_train_medoid	interval|hg38|chr11|130039964|130040291|+|789901	human:hg38	chr11	coord|human:hg38|chr11|130039964|130040291|+|789901	hc|0689	AluSc	AluSq	0.8233130558	0.9175200574264304	0	0
kmer4_single_train_medoid	interval|hg38|chr13|64285385|64285710|-|1089450	human:hg38	chr13	coord|human:hg38|chr13|64285385|64285710|-|1089450	hc|0692	AluSc	AluSz6	0.9271053307	0.9175200574264304	1	0
kmer4_single_train_medoid	interval|hg38|chr1|108915400|108915724|-|194778	human:hg38	chr1	coord|human:hg38|chr1|108915400|108915724|-|194778	hc|0694	AluSc	AluSx3	0.8765403064	0.9175200574264304	0	0
kmer4_single_train_medoid	interval|hg38|chr13|77939715|77940039|+|1107294	human:hg38	chr13	coord|human:hg38|chr13|77939715|77940039|+|1107294	hc|0696	AluSc	AluSc	0.8614408147	0.9175200574264304	0	1
kmer4_single_train_medoid	interval|hg38|chr11|73035696|73036018|-|697828	human:hg38	chr11	coord|human:hg38|chr11|73035696|73036018|-|697828	hc|0704	AluSc	AluSc	0.8196483086	0.9175200574264304	0	1
kmer4_single_train_medoid	interval|hg38|chr1|183643262|183643590|-|280733	human:hg38	chr1	coord|human:hg38|chr1|183643262|183643590|-|280733	hc|0832	AluSc8	AluSc	0.8447126431	0.9175200574264304	0	0
kmer4_single_train_medoid	interval|hg38|chr1|155585241|155585568|+|236340	human:hg38	chr1	coord|human:hg38|chr1|155585241|155585568|+|236340	hc|0833	AluSc8	AluSc8	0.9264733459	0.9175200574264304	1	1
kmer4_single_train_medoid	interval|hg38|chr13|103483393|103483717|-|1142024	human:hg38	chr13	coord|human:hg38|chr13|103483393|103483717|-|1142024	hc|0841	AluSc8	AluSx1	0.8307172607	0.9175200574264304	0	0
kmer4_single_train_medoid	interval|hg38|chr1|20584097|20584414|+|36774	human:hg38	chr1	coord|human:hg38|chr1|20584097|20584414|+|36774	hc|0859	AluSc8	AluSx3	0.8981477236	0.9175200574264304	0	0
kmer4_single_train_medoid	interval|hg38|chr1|85945002|85945318|-|161108	human:hg38	chr1	coord|human:hg38|chr1|85945002|85945318|-|161108	hc|0864	AluSc8	AluSx3	0.9295498295	0.9175200574264304	1	0
kmer4_single_train_medoid	interval|hg38|chr1|227737992|227738333|-|347749	human:hg38	chr1	coord|human:hg38|chr1|227737992|227738333|-|347749	hc|0629	AluSg	AluSx3	0.8928029564	0.9175200574264304	0	0
kmer4_single_train_medoid	interval|hg38|chr1|69853245|69853576|-|138517	human:hg38	chr1	coord|human:hg38|chr1|69853245|69853576|-|138517	hc|0638	AluSg	AluSx3	0.9355206971	0.9175200574264304	1	0
kmer4_single_train_medoid	interval|hg38|chr1|206818780|206819109|-|314788	human:hg38	chr1	coord|human:hg38|chr1|206818780|206819109|-|314788	hc|0642	AluSg	AluSx	0.8823974428	0.9175200574264304	0	0
kmer4_single_train_medoid	interval|hg38|chr1|6529309|6529637|+|8260	human:hg38	chr1	coord|human:hg38|chr1|6529309|6529637|+|8260	hc|0644	AluSg	AluSx1	0.8982896188	0.9175200574264304	0	0
kmer4_single_train_medoid	interval|hg38|chr1|151643264|151643592|-|229379	human:hg38	chr1	coord|human:hg38|chr1|151643264|151643592|-|229379	hc|0646	AluSg	AluY	0.7766650874	0.9175200574264304	0	0
kmer4_single_train_medoid	interval|hg38|chr1|200552915|200553235|-|303482	human:hg38	chr1	coord|human:hg38|chr1|200552915|200553235|-|303482	hc|0663	AluSg	AluSc	0.8206241527	0.9175200574264304	0	0
kmer4_single_train_medoid	interval|hg38|chr1|236972669|236972989|+|362967	human:hg38	chr1	coord|human:hg38|chr1|236972669|236972989|+|362967	hc|0664	AluSg	AluSq	0.8305081768	0.9175200574264304	0	0
kmer4_single_train_medoid	interval|hg38|chr11|4663071|4663414|+|593281	human:hg38	chr11	coord|human:hg38|chr11|4663071|4663414|+|593281	hc|0468	AluSp	AluJo	0.8536426932	0.9175200574264304	0	0
kmer4_single_train_medoid	interval|hg38|chr13|33872451|33872793|+|1045239	human:hg38	chr13	coord|human:hg38|chr13|33872451|33872793|+|1045239	hc|0469	AluSp	AluSq	0.8506596718	0.9175200574264304	0	0
kmer4_single_train_medoid	interval|hg38|chr1|230845401|230845741|+|352530	human:hg38	chr1	coord|human:hg38|chr1|230845401|230845741|+|352530	hc|0471	AluSp	AluSx1	0.8432004562	0.9175200574264304	0	0
kmer4_single_train_medoid	interval|hg38|chr1|112735388|112735726|+|201071	human:hg38	chr1	coord|human:hg38|chr1|112735388|112735726|+|201071	hc|0476	AluSp	AluSp	0.8801868911	0.9175200574264304	0	1
kmer4_single_train_medoid	interval|hg38|chr1|72149600|72149934|+|141771	human:hg38	chr1	coord|human:hg38|chr1|72149600|72149934|+|141771	hc|0484	AluSp	AluSp	0.9394901458	0.9175200574264304	1	1
kmer4_single_train_medoid	interval|hg38|chr11|42106182|42106515|+|651362	human:hg38	chr11	coord|human:hg38|chr11|42106182|42106515|+|651362	hc|0487	AluSp	AluSq	0.88521662	0.9175200574264304	0	0
kmer4_single_train_medoid	interval|hg38|chr11|71732386|71732718|-|695294	human:hg38	chr11	coord|human:hg38|chr11|71732386|71732718|-|695294	hc|0490	AluSp	AluSq2	0.8981714636	0.9175200574264304	0	0
kmer4_single_train_medoid	interval|hg38|chr1|214495663|214495994|-|327198	human:hg38	chr1	coord|human:hg38|chr1|214495663|214495994|-|327198	hc|0493	AluSp	AluY	0.8117206073	0.9175200574264304	0	0
kmer4_single_train_medoid	interval|hg38|chr11|8779485|8779814|-|598973	human:hg38	chr11	coord|human:hg38|chr11|8779485|8779814|-|598973	hc|0497	AluSp	AluSx	0.8792698222	0.9175200574264304	0	0
kmer4_single_train_medoid	interval|hg38|chr1|242555877|242556205|-|371508	human:hg38	chr1	coord|human:hg38|chr1|242555877|242556205|-|371508	hc|0501	AluSp	AluSz6	0.9240274117	0.9175200574264304	1	0
kmer4_single_train_medoid	interval|hg38|chr1|1477677|1478003|-|1840	human:hg38	chr1	coord|human:hg38|chr1|1477677|1478003|-|1840	hc|0505	AluSp	AluSx1	0.8527851238	0.9175200574264304	0	0
kmer4_single_train_medoid	interval|hg38|chr1|240620855|240621195|-|368285	human:hg38	chr1	coord|human:hg38|chr1|240620855|240621195|-|368285	hc|0985	AluSq	AluSx1	0.8147609838	0.9175200574264304	0	0
kmer4_single_train_medoid	interval|hg38|chr1|241040465|241040787|-|368964	human:hg38	chr1	coord|human:hg38|chr1|241040465|241040787|-|368964	hc|0994	AluSq	AluSc	0.8610375533	0.9175200574264304	0	0
kmer4_single_train_medoid	interval|hg38|chr1|92143489|92143811|-|170472	human:hg38	chr1	coord|human:hg38|chr1|92143489|92143811|-|170472	hc|0995	AluSq	AluSx1	0.8260018319	0.9175200574264304	0	0
kmer4_single_train_medoid	interval|hg38|chr1|225704954|225705275|+|344033	human:hg38	chr1	coord|human:hg38|chr1|225704954|225705275|+|344033	hc|0996	AluSq	AluSz6	0.9283815222	0.9175200574264304	1	0
kmer4_single_train_medoid	interval|hg38|chr13|19821665|19821985|+|1022527	human:hg38	chr13	coord|human:hg38|chr13|19821665|19821985|+|1022527	hc|1000	AluSq	AluSx1	0.9115902055	0.9175200574264304	0	0
kmer4_single_train_medoid	interval|hg38|chr1|199990500|199990818|-|302443	human:hg38	chr1	coord|human:hg38|chr1|199990500|199990818|-|302443	hc|1010	AluSq	AluSx1	0.8180185583	0.9175200574264304	0	0
kmer4_single_train_medoid	interval|hg38|chr1|235041713|235042030|-|359184	human:hg38	chr1	coord|human:hg38|chr1|235041713|235042030|-|359184	hc|1022	AluSq	AluJb	0.9190432657	0.9175200574264304	1	0
kmer4_single_train_medoid	interval|hg38|chr1|117133712|117134055|+|208740	human:hg38	chr1	coord|human:hg38|chr1|117133712|117134055|+|208740	hc|0317	AluSq2	AluSx	0.8998114516	0.9175200574264304	0	0
kmer4_single_train_medoid	interval|hg38|chr13|52748111|52748453|+|1074758	human:hg38	chr13	coord|human:hg38|chr13|52748111|52748453|+|1074758	hc|0318	AluSq2	AluSq	0.8796090629	0.9175200574264304	0	0
kmer4_single_train_medoid	interval|hg38|chr1|53790083|53790424|+|108852	human:hg38	chr1	coord|human:hg38|chr1|53790083|53790424|+|108852	hc|0323	AluSq2	AluSx4	0.9003455593	0.9175200574264304	0	0
kmer4_single_train_medoid	interval|hg38|chr11|35315511|35315851|+|641617	human:hg38	chr11	coord|human:hg38|chr11|35315511|35315851|+|641617	hc|0326	AluSq2	AluSx	0.8795131867	0.9175200574264304	0	0
kmer4_single_train_medoid	interval|hg38|chr11|80842044|80842384|-|713977	human:hg38	chr11	coord|human:hg38|chr11|80842044|80842384|-|713977	hc|0327	AluSq2	AluSq2	0.9068428334	0.9175200574264304	0	1
kmer4_single_train_medoid	interval|hg38|chr13|62416751|62417090|+|1087198	human:hg38	chr13	coord|human:hg38|chr13|62416751|62417090|+|1087198	hc|0330	AluSq2	AluSx1	0.8622176311	0.9175200574264304	0	0
kmer4_single_train_medoid	interval|hg38|chr13|49829338|49829675|+|1070140	human:hg38	chr13	coord|human:hg38|chr13|49829338|49829675|+|1070140	hc|0333	AluSq2	AluSx3	0.9145995038	0.9175200574264304	0	0
kmer4_single_train_medoid	interval|hg38|chr13|60541129|60541466|-|1084796	human:hg38	chr13	coord|human:hg38|chr13|60541129|60541466|-|1084796	hc|0334	AluSq2	AluSx	0.8439081343	0.9175200574264304	0	0
kmer4_single_train_medoid	interval|hg38|chr11|63536245|63536581|+|679684	human:hg38	chr11	coord|human:hg38|chr11|63536245|63536581|+|679684	hc|0337	AluSq2	AluSq	0.8598944583	0.9175200574264304	0	0
kmer4_single_train_medoid	interval|hg38|chr11|37840530|37840866|-|645511	human:hg38	chr11	coord|human:hg38|chr11|37840530|37840866|-|645511	hc|0338	AluSq2	AluSx1	0.8414923117	0.9175200574264304	0	0
kmer4_single_train_medoid	interval|hg38|chr1|241461063|241461398|+|369648	human:hg38	chr1	coord|human:hg38|chr1|241461063|241461398|+|369648	hc|0340	AluSq2	AluSq2	0.9017279554	0.9175200574264304	0	1
kmer4_single_train_medoid	interval|hg38|chr1|154973228|154973559|+|235039	human:hg38	chr1	coord|human:hg38|chr1|154973228|154973559|+|235039	hc|0350	AluSq2	AluSc8	0.8912749038	0.9175200574264304	0	0
kmer4_single_train_medoid	interval|hg38|chr1|201033351|201033695|-|304357	human:hg38	chr1	coord|human:hg38|chr1|201033351|201033695|-|304357	hc|0043	AluSx	AluSq	0.8642711921	0.9175200574264304	0	0
kmer4_single_train_medoid	interval|hg38|chr1|233061718|233062058|-|355967	human:hg38	chr1	coord|human:hg38|chr1|233061718|233062058|-|355967	hc|0051	AluSx	AluSq	0.909878733	0.9175200574264304	0	0
kmer4_single_train_medoid	interval|hg38|chr1|53699024|53699363|-|108621	human:hg38	chr1	coord|human:hg38|chr1|53699024|53699363|-|108621	hc|0054	AluSx	AluSx3	0.8778550746	0.9175200574264304	0	0
kmer4_single_train_medoid	interval|hg38|chr11|70237593|70237930|+|693037	human:hg38	chr11	coord|human:hg38|chr11|70237593|70237930|+|693037	hc|0061	AluSx	AluSx4	0.9188303581	0.9175200574264304	1	0
kmer4_single_train_medoid	interval|hg38|chr1|105626455|105626791|-|190246	human:hg38	chr1	coord|human:hg38|chr1|105626455|105626791|-|190246	hc|0064	AluSx	AluSx1	0.7616460345	0.9175200574264304	0	0
kmer4_single_train_medoid	interval|hg38|chr1|25075374|25075709|+|47296	human:hg38	chr1	coord|human:hg38|chr1|25075374|25075709|+|47296	hc|0065	AluSx	AluSx1	0.8032054811	0.9175200574264304	0	0
kmer4_single_train_medoid	interval|hg38|chr13|24753874|24754215|+|1030461	human:hg38	chr13	coord|human:hg38|chr13|24753874|24754215|+|1030461	hc|0088	AluSx1	AluSx1	0.8949820655	0.9175200574264304	0	1
kmer4_single_train_medoid	interval|hg38|chr1|105990600|105990939|-|190680	human:hg38	chr1	coord|human:hg38|chr1|105990600|105990939|-|190680	hc|0093	AluSx1	AluSq	0.8725307881	0.9175200574264304	0	0
kmer4_single_train_medoid	interval|hg38|chr11|9830458|9830796|+|601214	human:hg38	chr11	coord|human:hg38|chr11|9830458|9830796|+|601214	hc|0096	AluSx1	AluSc8	0.8910730683	0.9175200574264304	0	0
kmer4_single_train_medoid	interval|hg38|chr1|218854792|218855129|-|333052	human:hg38	chr1	coord|human:hg38|chr1|218854792|218855129|-|333052	hc|0103	AluSx1	AluSq	0.8980199389	0.9175200574264304	0	0
kmer4_single_train_medoid	interval|hg38|chr13|20124699|20125035|+|1023256	human:hg38	chr13	coord|human:hg38|chr13|20124699|20125035|+|1023256	hc|0110	AluSx1	AluSz6	0.9340331099	0.9175200574264304	1	0
kmer4_single_train_medoid	interval|hg38|chr1|20594505|20594840|+|36800	human:hg38	chr1	coord|human:hg38|chr1|20594505|20594840|+|36800	hc|0114	AluSx1	AluSx	0.895315809	0.9175200574264304	0	0
kmer4_single_train_medoid	interval|hg38|chr13|101337273|101337607|-|1139214	human:hg38	chr13	coord|human:hg38|chr13|101337273|101337607|-|1139214	hc|0118	AluSx1	AluSx1	0.8090391173	0.9175200574264304	0	1
kmer4_single_train_medoid	interval|hg38|chr13|105587264|105587598|+|1144405	human:hg38	chr13	coord|human:hg38|chr13|105587264|105587598|+|1144405	hc|0119	AluSx1	AluSz	0.8466315349	0.9175200574264304	0	0
kmer4_single_train_medoid	interval|hg38|chr13|91330328|91330671|-|1124079	human:hg38	chr13	coord|human:hg38|chr13|91330328|91330671|-|1124079	hc|0747	AluSx3	AluSx1	0.8454247851	0.9175200574264304	0	0
kmer4_single_train_medoid	interval|hg38|chr1|63170590|63170920|-|127060	human:hg38	chr1	coord|human:hg38|chr1|63170590|63170920|-|127060	hc|0758	AluSx3	AluSz6	0.9289225889	0.9175200574264304	1	0
kmer4_single_train_medoid	interval|hg38|chr11|63600578|63600903|-|679842	human:hg38	chr11	coord|human:hg38|chr11|63600578|63600903|-|679842	hc|0764	AluSx3	AluSq	0.8994475822	0.9175200574264304	0	0
kmer4_single_train_medoid	interval|hg38|chr13|51888620|51888944|-|1073349	human:hg38	chr13	coord|human:hg38|chr13|51888620|51888944|-|1073349	hc|0765	AluSx3	AluSx4	0.9385159434	0.9175200574264304	1	0
kmer4_single_train_medoid	interval|hg38|chr1|53790424|53790744|+|108853	human:hg38	chr1	coord|human:hg38|chr1|53790424|53790744|+|108853	hc|0323	AluSx3	AluSx1	0.8097915557	0.9175200574264304	0	0
kmer4_single_train_medoid	interval|hg38|chr13|36726380|36726699|-|1049349	human:hg38	chr13	coord|human:hg38|chr13|36726380|36726699|-|1049349	hc|0775	AluSx3	AluSq2	0.9378059162	0.9175200574264304	1	0
kmer4_single_train_medoid	interval|hg38|chr1|150614803|150615122|-|227116	human:hg38	chr1	coord|human:hg38|chr1|150614803|150615122|-|227116	hc|0776	AluSx3	AluSz6	0.935256639	0.9175200574264304	1	0
kmer4_single_train_medoid	interval|hg38|chr1|52722545|52722863|-|106500	human:hg38	chr1	coord|human:hg38|chr1|52722545|52722863|-|106500	hc|0777	AluSx3	AluSx4	0.9265914314	0.9175200574264304	1	0
kmer4_single_train_medoid	interval|hg38|chr1|241467706|241468024|+|369668	human:hg38	chr1	coord|human:hg38|chr1|241467706|241468024|+|369668	hc|0778	AluSx3	AluSq	0.8793093048	0.9175200574264304	0	0
kmer4_single_train_medoid	interval|hg38|chr1|20749341|20749658|-|37135	human:hg38	chr1	coord|human:hg38|chr1|20749341|20749658|-|37135	hc|0781	AluSx3	AluSc8	0.8852317524	0.9175200574264304	0	0
kmer4_single_train_medoid	interval|hg38|chr13|71692477|71692820|-|1098283	human:hg38	chr13	coord|human:hg38|chr13|71692477|71692820|-|1098283	hc|1300	AluSx4	AluSx4	0.933886076	0.9175200574264304	1	1
kmer4_single_train_medoid	interval|hg38|chr13|49622942|49623282|-|1069682	human:hg38	chr13	coord|human:hg38|chr13|49622942|49623282|-|1069682	hc|1301	AluSx4	AluSx1	0.8887322163	0.9175200574264304	0	0
kmer4_single_train_medoid	interval|hg38|chr11|43900195|43900521|-|654289	human:hg38	chr11	coord|human:hg38|chr11|43900195|43900521|-|654289	hc|1305	AluSx4	AluSz6	0.9292394789	0.9175200574264304	1	0
kmer4_single_train_medoid	interval|hg38|chr1|19965980|19966302|-|35423	human:hg38	chr1	coord|human:hg38|chr1|19965980|19966302|-|35423	hc|1308	AluSx4	AluSz6	0.9321106405	0.9175200574264304	1	0
kmer4_single_train_medoid	interval|hg38|chr1|161167541|161167862|-|245269	human:hg38	chr1	coord|human:hg38|chr1|161167541|161167862|-|245269	hc|1309	AluSx4	AluSc8	0.9174405972	0.9175200574264304	0	0
kmer4_single_train_medoid	interval|hg38|chr13|27042509|27042830|-|1034031	human:hg38	chr13	coord|human:hg38|chr13|27042509|27042830|-|1034031	hc|1310	AluSx4	AluSp	0.9329845051	0.9175200574264304	1	0
kmer4_single_train_medoid	interval|hg38|chr11|98190789|98191109|+|739972	human:hg38	chr11	coord|human:hg38|chr11|98190789|98191109|+|739972	hc|1312	AluSx4	AluSx1	0.8442443333	0.9175200574264304	0	0
kmer4_single_train_medoid	interval|hg38|chr1|17805360|17805677|-|30741	human:hg38	chr1	coord|human:hg38|chr1|17805360|17805677|-|30741	hc|1315	AluSx4	AluSx4	0.9466653505	0.9175200574264304	1	1
kmer4_single_train_medoid	interval|hg38|chr1|60560179|60560496|+|122243	human:hg38	chr1	coord|human:hg38|chr1|60560179|60560496|+|122243	hc|1316	AluSx4	AluSx1	0.7826896902	0.9175200574264304	0	0
kmer4_single_train_medoid	interval|hg38|chr1|233600912|233601228|+|356843	human:hg38	chr1	coord|human:hg38|chr1|233600912|233601228|+|356843	hc|1319	AluSx4	AluSx4	0.9391053706	0.9175200574264304	1	1
kmer4_single_train_medoid	interval|hg38|chr13|31273078|31273393|-|1041161	human:hg38	chr13	coord|human:hg38|chr13|31273078|31273393|-|1041161	hc|1325	AluSx4	AluSx	0.8763400835	0.9175200574264304	0	0
kmer4_single_train_medoid	interval|hg38|chr11|79917066|79917381|-|712432	human:hg38	chr11	coord|human:hg38|chr11|79917066|79917381|-|712432	hc|1326	AluSx4	AluSx4	0.9134030788	0.9175200574264304	0	1
kmer4_single_train_medoid	interval|hg38|chr1|65152384|65152698|-|130875	human:hg38	chr1	coord|human:hg38|chr1|65152384|65152698|-|130875	hc|1327	AluSx4	AluSx4	0.9273253451	0.9175200574264304	1	1
kmer4_single_train_medoid	interval|hg38|chr11|67201488|67201802|+|687399	human:hg38	chr11	coord|human:hg38|chr11|67201488|67201802|+|687399	hc|1330	AluSx4	AluSx4	0.9242257677	0.9175200574264304	1	1
kmer4_single_train_medoid	interval|hg38|chr1|35015935|35016248|-|70123	human:hg38	chr1	coord|human:hg38|chr1|35015935|35016248|-|70123	hc|1334	AluSx4	AluSx4	0.8914224283	0.9175200574264304	0	1
kmer4_single_train_medoid	interval|hg38|chr11|46757572|46757885|-|659827	human:hg38	chr11	coord|human:hg38|chr11|46757572|46757885|-|659827	hc|1336	AluSx4	AluSg	0.8682198095	0.9175200574264304	0	0
kmer4_single_train_medoid	interval|hg38|chr1|151445239|151445579|+|228937	human:hg38	chr1	coord|human:hg38|chr1|151445239|151445579|+|228937	hc|0247	AluSz	AluSq2	0.9162883531	0.9175200574264304	0	0
kmer4_single_train_medoid	interval|hg38|chr1|43264328|43264664|-|87468	human:hg38	chr1	coord|human:hg38|chr1|43264328|43264664|-|87468	hc|0255	AluSz	AluSx4	0.9377043877	0.9175200574264304	1	0
kmer4_single_train_medoid	interval|hg38|chr1|39149251|39149587|+|78849	human:hg38	chr1	coord|human:hg38|chr1|39149251|39149587|+|78849	hc|0257	AluSz	AluSx1	0.8905488139	0.9175200574264304	0	0
kmer4_single_train_medoid	interval|hg38|chr11|65509129|65509463|-|683570	human:hg38	chr11	coord|human:hg38|chr11|65509129|65509463|-|683570	hc|0262	AluSz	AluSp	0.9249499855	0.9175200574264304	1	0
kmer4_single_train_medoid	interval|hg38|chr1|34812663|34812995|+|69705	human:hg38	chr1	coord|human:hg38|chr1|34812663|34812995|+|69705	hc|0270	AluSz	AluSx1	0.8245577555	0.9175200574264304	0	0
kmer4_single_train_medoid	interval|hg38|chr1|64920259|64920602|+|130343	human:hg38	chr1	coord|human:hg38|chr1|64920259|64920602|+|130343	hc|0548	AluSz6	AluJr	0.6941389973	0.9175200574264304	0	0
kmer4_single_train_medoid	interval|hg38|chr1|151214341|151214680|-|228444	human:hg38	chr1	coord|human:hg38|chr1|151214341|151214680|-|228444	hc|0552	AluSz6	AluSq	0.8848586556	0.9175200574264304	0	0
kmer4_single_train_medoid	interval|hg38|chr11|32925494|32925826|-|637504	human:hg38	chr11	coord|human:hg38|chr11|32925494|32925826|-|637504	hc|0563	AluSz6	AluSc	0.8364836657	0.9175200574264304	0	0
kmer4_single_train_medoid	interval|hg38|chr1|89693625|89693955|-|166470	human:hg38	chr1	coord|human:hg38|chr1|89693625|89693955|-|166470	hc|0569	AluSz6	AluSx4	0.9258425104	0.9175200574264304	1	0
kmer4_single_train_medoid	interval|hg38|chr13|44823732|44824061|-|1061640	human:hg38	chr13	coord|human:hg38|chr13|44823732|44824061|-|1061640	hc|0570	AluSz6	AluSx1	0.8472102402	0.9175200574264304	0	0
kmer4_single_train_medoid	interval|hg38|chr11|48477285|48477608|-|663453	human:hg38	chr11	coord|human:hg38|chr11|48477285|48477608|-|663453	hc|0584	AluSz6	AluSc	0.8233852281	0.9175200574264304	0	0
kmer4_single_train_medoid	interval|hg38|chr11|80437386|80437733|-|713337	human:hg38	chr11	coord|human:hg38|chr11|80437386|80437733|-|713337	hc|0161	AluY	AluSx3	0.9273449553	0.9175200574264304	1	0
kmer4_single_train_medoid	interval|hg38|chr1|85101440|85101784|+|159742	human:hg38	chr1	coord|human:hg38|chr1|85101440|85101784|+|159742	hc|0163	AluY	AluSc8	0.9120284322	0.9175200574264304	0	0
kmer4_single_train_medoid	interval|hg38|chr13|41739816|41740154|-|1056818	human:hg38	chr13	coord|human:hg38|chr13|41739816|41740154|-|1056818	hc|0175	AluY	AluSx3	0.9114381307	0.9175200574264304	0	0
kmer4_single_train_medoid	interval|hg38|chr1|221434071|221434409|+|336872	human:hg38	chr1	coord|human:hg38|chr1|221434071|221434409|+|336872	hc|0178	AluY	AluSc8	0.9382105499	0.9175200574264304	1	0
kmer4_single_train_medoid	interval|hg38|chr11|121442641|121442977|-|776778	human:hg38	chr11	coord|human:hg38|chr11|121442641|121442977|-|776778	hc|0186	AluY	AluY	0.8950838764	0.9175200574264304	0	1
kmer4_single_train_medoid	interval|hg38|chr13|76437647|76437983|+|1105147	human:hg38	chr13	coord|human:hg38|chr13|76437647|76437983|+|1105147	hc|0189	AluY	AluY	0.9060264861	0.9175200574264304	0	1
kmer4_single_train_medoid	interval|hg38|chr13|63650949|63651284|+|1088717	human:hg38	chr13	coord|human:hg38|chr13|63650949|63651284|+|1088717	hc|0191	AluY	AluY	0.8902023678	0.9175200574264304	0	1
kmer4_single_train_medoid	interval|hg38|chr1|83117210|83117545|-|156808	human:hg38	chr1	coord|human:hg38|chr1|83117210|83117545|-|156808	hc|0193	AluY	AluY	0.877141342	0.9175200574264304	0	1
kmer4_single_train_medoid	interval|hg38|chr11|119609295|119609458|-|773745	human:hg38	chr11	coord|human:hg38|chr11|119609295|119609458|-|773745	hc|1140	FLAM_A	AluSx1	0.7650141925	0.9175200574264304	0	0
kmer4_single_train_medoid	interval|hg38|chr13|89140328|89140478|-|1121240	human:hg38	chr13	coord|human:hg38|chr13|89140328|89140478|-|1121240	hc|1149	FLAM_A	AluSc	0.7737652087	0.9175200574264304	0	0
kmer4_single_train_medoid	interval|hg38|chr1|33296830|33296968|-|66963	human:hg38	chr1	coord|human:hg38|chr1|33296830|33296968|-|66963	hc|1161	FLAM_A	AluSx4	0.7935660175	0.9175200574264304	0	0
kmer4_single_train_medoid	interval|hg38|chr1|118663886|118664023|+|211106	human:hg38	chr1	coord|human:hg38|chr1|118663886|118664023|+|211106	hc|1169	FLAM_A	AluSx	0.6524726974	0.9175200574264304	0	0
kmer4_single_train_medoid	interval|hg38|chr11|65137695|65137877|-|682748	human:hg38	chr11	coord|human:hg38|chr11|65137695|65137877|-|682748	hc|0946	FLAM_C	AluJr4	0.7492503549	0.9175200574264304	0	0
kmer4_single_train_medoid	interval|hg38|chr11|90131115|90131294|+|728506	human:hg38	chr11	coord|human:hg38|chr11|90131115|90131294|+|728506	hc|0947	FLAM_C	L3	0.6552365292	0.9175200574264304	0	0
kmer4_single_train_medoid	interval|hg38|chr1|232646991|232647163|+|355335	human:hg38	chr1	coord|human:hg38|chr1|232646991|232647163|+|355335	hc|0956	FLAM_C	AluJr4	0.7564967192	0.9175200574264304	0	0
kmer4_single_train_medoid	interval|hg38|chr1|121277375|121277546|-|214919	human:hg38	chr1	coord|human:hg38|chr1|121277375|121277546|-|214919	hc|0958	FLAM_C	AluSz6	0.8169900717	0.9175200574264304	0	0
kmer4_single_train_medoid	interval|hg38|chr1|206295864|206296035|-|313952	human:hg38	chr1	coord|human:hg38|chr1|206295864|206296035|-|313952	hc|0958	FLAM_C	AluSz6	0.8149752996	0.9175200574264304	0	0
kmer4_single_train_medoid	interval|hg38|chr11|14744991|14745155|-|609450	human:hg38	chr11	coord|human:hg38|chr11|14744991|14745155|-|609450	hc|0968	FLAM_C	AluJo	0.7522856612	0.9175200574264304	0	0
kmer4_single_train_medoid	interval|hg38|chr13|27506531|27506693|-|1034939	human:hg38	chr13	coord|human:hg38|chr13|27506531|27506693|-|1034939	hc|0973	FLAM_C	FLAM_C	0.8405910884	0.9175200574264304	0	1
kmer4_single_train_medoid	interval|hg38|chr1|106701999|106703583|+|191553	human:hg38	chr1	coord|human:hg38|chr1|106701999|106703583|+|191553	hc|0788	L2	L2	0.8954979895	0.9175200574264304	0	1
kmer4_single_train_medoid	interval|hg38|chr13|65927645|65928885|-|1091485	human:hg38	chr13	coord|human:hg38|chr13|65927645|65928885|-|1091485	hc|0799	L2	L2	0.8829656239	0.9175200574264304	0	1
kmer4_single_train_medoid	interval|hg38|chr1|164180320|164181378|-|250014	human:hg38	chr1	coord|human:hg38|chr1|164180320|164181378|-|250014	hc|0810	L2	L2	0.9037964787	0.9175200574264304	0	1
kmer4_single_train_medoid	interval|hg38|chr11|41892290|41893249|+|651076	human:hg38	chr11	coord|human:hg38|chr11|41892290|41893249|+|651076	hc|0817	L2	L2	0.8912166649	0.9175200574264304	0	1
kmer4_single_train_medoid	interval|hg38|chr1|192762415|192763343|+|292952	human:hg38	chr1	coord|human:hg38|chr1|192762415|192763343|+|292952	hc|0821	L2	L2	0.9011146567	0.9175200574264304	0	1
kmer4_single_train_medoid	interval|hg38|chr1|92907989|92908900|-|171958	human:hg38	chr1	coord|human:hg38|chr1|92907989|92908900|-|171958	hc|0824	L2	L2	0.9069435515	0.9175200574264304	0	1
kmer4_single_train_medoid	interval|hg38|chr1|175559963|175561216|-|267617	human:hg38	chr1	coord|human:hg38|chr1|175559963|175561216|-|267617	hc|0865	L3	L3	0.8984406041	0.9175200574264304	0	1
kmer4_single_train_medoid	interval|hg38|chr1|115376060|115377031|+|205871	human:hg38	chr1	coord|human:hg38|chr1|115376060|115377031|+|205871	hc|0866	L3	L3	0.8407973932	0.9175200574264304	0	1
kmer4_single_train_medoid	interval|hg38|chr13|94943214|94944182|+|1128855	human:hg38	chr13	coord|human:hg38|chr13|94943214|94944182|+|1128855	hc|0867	L3	L3	0.8619073816	0.9175200574264304	0	1
kmer4_single_train_medoid	interval|hg38|chr1|221560476|221561234|+|337077	human:hg38	chr1	coord|human:hg38|chr1|221560476|221561234|+|337077	hc|0877	L3	L3	0.8324308173	0.9175200574264304	0	1
kmer4_single_train_medoid	interval|hg38|chr1|60068299|60068986|-|121401	human:hg38	chr1	coord|human:hg38|chr1|60068299|60068986|-|121401	hc|0882	L3	L3	0.8301463647	0.9175200574264304	0	1
kmer4_single_train_medoid	interval|hg38|chr1|185491905|185492543|-|283713	human:hg38	chr1	coord|human:hg38|chr1|185491905|185492543|-|283713	hc|0890	L3	L3	0.8027552884	0.9175200574264304	0	1
kmer4_single_train_medoid	interval|hg38|chr13|32448237|32448846|+|1042915	human:hg38	chr13	coord|human:hg38|chr13|32448237|32448846|+|1042915	hc|0897	L3	L3	0.8580732622	0.9175200574264304	0	1
kmer4_single_train_medoid	interval|hg38|chr13|26132818|26133008|-|1032488	human:hg38	chr13	coord|human:hg38|chr13|26132818|26133008|-|1032488	hc|1025	MER5A	MER5A	0.6566018365	0.9175200574264304	0	1
kmer4_single_train_medoid	interval|hg38|chr1|116173109|116173298|-|207142	human:hg38	chr1	coord|human:hg38|chr1|116173109|116173298|-|207142	hc|1034	MER5A	MLT1A0	0.6687334648	0.9175200574264304	0	0
kmer4_single_train_medoid	interval|hg38|chr13|109330217|109330406|+|1149011	human:hg38	chr13	coord|human:hg38|chr13|109330217|109330406|+|1149011	hc|1039	MER5A	MER5A	0.623377817	0.9175200574264304	0	1
kmer4_single_train_medoid	interval|hg38|chr11|37688484|37688673|+|645340	human:hg38	chr11	coord|human:hg38|chr11|37688484|37688673|+|645340	hc|1043	MER5A	MER5A	0.6248748921	0.9175200574264304	0	1
kmer4_single_train_medoid	interval|hg38|chr11|87960158|87960346|-|725499	human:hg38	chr11	coord|human:hg38|chr11|87960158|87960346|-|725499	hc|1052	MER5A	L3	0.6182815944	0.9175200574264304	0	0
kmer4_single_train_medoid	interval|hg38|chr11|79244051|79244239|-|711160	human:hg38	chr11	coord|human:hg38|chr11|79244051|79244239|-|711160	hc|1059	MER5A	L2	0.6453276371	0.9175200574264304	0	0
kmer4_single_train_medoid	interval|hg38|chr11|17682878|17683214|-|614237	human:hg38	chr11	coord|human:hg38|chr11|17682878|17683214|-|614237	hc|0120	MIR	L3	0.7375096806	0.9175200574264304	0	0
kmer4_single_train_medoid	interval|hg38|chr1|205488833|205489105|+|312550	human:hg38	chr1	coord|human:hg38|chr1|205488833|205489105|+|312550	hc|0124	MIR	L3	0.6390585934	0.9175200574264304	0	0
kmer4_single_train_medoid	interval|hg38|chr13|60851003|60851268|-|1085231	human:hg38	chr13	coord|human:hg38|chr13|60851003|60851268|-|1085231	hc|0130	MIR	L3	0.7010549037	0.9175200574264304	0	0
kmer4_single_train_medoid	interval|hg38|chr1|204487958|204488223|-|310684	human:hg38	chr1	coord|human:hg38|chr1|204487958|204488223|-|310684	hc|0131	MIR	L3	0.6860887414	0.9175200574264304	0	0
kmer4_single_train_medoid	interval|hg38|chr1|178263260|178263524|-|271633	human:hg38	chr1	coord|human:hg38|chr1|178263260|178263524|-|271633	hc|0135	MIR	L3	0.7177900408	0.9175200574264304	0	0
kmer4_single_train_medoid	interval|hg38|chr1|201087144|201087407|-|304438	human:hg38	chr1	coord|human:hg38|chr1|201087144|201087407|-|304438	hc|0138	MIR	MIRc	0.6493037149	0.9175200574264304	0	0
kmer4_single_train_medoid	interval|hg38|chr1|195834144|195834407|+|297028	human:hg38	chr1	coord|human:hg38|chr1|195834144|195834407|+|297028	hc|0141	MIR	MIRc	0.6005268526	0.9175200574264304	0	0
kmer4_single_train_medoid	interval|hg38|chr11|120146407|120146670|-|774610	human:hg38	chr11	coord|human:hg38|chr11|120146407|120146670|-|774610	hc|0142	MIR	MIR	0.6572847682	0.9175200574264304	0	1
kmer4_single_train_medoid	interval|hg38|chr1|115260156|115260418|+|205716	human:hg38	chr1	coord|human:hg38|chr1|115260156|115260418|+|205716	hc|0145	MIR	L3	0.7453114495	0.9175200574264304	0	0
kmer4_single_train_medoid	interval|hg38|chr1|157997127|157997389|+|240588	human:hg38	chr1	coord|human:hg38|chr1|157997127|157997389|+|240588	hc|0146	MIR	THE1B	0.5867953218	0.9175200574264304	0	0
kmer4_single_train_medoid	interval|hg38|chr13|39790122|39790383|+|1053620	human:hg38	chr13	coord|human:hg38|chr13|39790122|39790383|+|1053620	hc|0154	MIR	L3	0.6982983172	0.9175200574264304	0	0
kmer4_single_train_medoid	interval|hg38|chr1|10787039|10787260|-|16483	human:hg38	chr1	coord|human:hg38|chr1|10787039|10787260|-|16483	hc|0507	MIR3	L2	0.6074634335	0.9175200574264304	0	0
kmer4_single_train_medoid	interval|hg38|chr11|72088660|72088881|+|695954	human:hg38	chr11	coord|human:hg38|chr11|72088660|72088881|+|695954	hc|0509	MIR3	L3	0.6949314052	0.9175200574264304	0	0
kmer4_single_train_medoid	interval|hg38|chr11|92345709|92345926|+|731517	human:hg38	chr11	coord|human:hg38|chr11|92345709|92345926|+|731517	hc|0511	MIR3	MIRb	0.6323047209	0.9175200574264304	0	0
kmer4_single_train_medoid	interval|hg38|chr1|156965347|156965560|+|239002	human:hg38	chr1	coord|human:hg38|chr1|156965347|156965560|+|239002	hc|0514	MIR3	L3	0.6361848309	0.9175200574264304	0	0
kmer4_single_train_medoid	interval|hg38|chr13|40350403|40350604|+|1054403	human:hg38	chr13	coord|human:hg38|chr13|40350403|40350604|+|1054403	hc|0538	MIR3	THE1B	0.6111665713	0.9175200574264304	0	0
kmer4_single_train_medoid	interval|hg38|chr11|40320570|40320771|+|648820	human:hg38	chr11	coord|human:hg38|chr11|40320570|40320771|+|648820	hc|0539	MIR3	L3	0.6914038346	0.9175200574264304	0	0
kmer4_single_train_medoid	interval|hg38|chr11|26633262|26633462|-|627690	human:hg38	chr11	coord|human:hg38|chr11|26633262|26633462|-|627690	hc|0541	MIR3	L3	0.6638926232	0.9175200574264304	0	0
kmer4_single_train_medoid	interval|hg38|chr11|130436464|130436664|-|790637	human:hg38	chr11	coord|human:hg38|chr11|130436464|130436664|-|790637	hc|0542	MIR3	L3	0.6106453789	0.9175200574264304	0	0
kmer4_single_train_medoid	interval|hg38|chr1|56039075|56039274|+|113524	human:hg38	chr1	coord|human:hg38|chr1|56039075|56039274|+|113524	hc|0543	MIR3	L2	0.6452516646	0.9175200574264304	0	0
kmer4_single_train_medoid	interval|hg38|chr1|57401601|57401800|-|116197	human:hg38	chr1	coord|human:hg38|chr1|57401601|57401800|-|116197	hc|0546	MIR3	MSTA	0.6310283977	0.9175200574264304	0	0
kmer4_single_train_medoid	interval|hg38|chr1|17595764|17596060|-|30300	human:hg38	chr1	coord|human:hg38|chr1|17595764|17596060|-|30300	hc|0001	MIRb	AluJr	0.6030517856	0.9175200574264304	0	0
kmer4_single_train_medoid	interval|hg38|chr1|118110852|118111117|+|210369	human:hg38	chr1	coord|human:hg38|chr1|118110852|118111117|+|210369	hc|0004	MIRb	L3	0.7526123047	0.9175200574264304	0	0
kmer4_single_train_medoid	interval|hg38|chr1|177770561|177770824|+|270820	human:hg38	chr1	coord|human:hg38|chr1|177770561|177770824|+|270820	hc|0006	MIRb	MIR	0.6497898285	0.9175200574264304	0	0
kmer4_single_train_medoid	interval|hg38|chr1|30049395|30049656|+|59400	human:hg38	chr1	coord|human:hg38|chr1|30049395|30049656|+|59400	hc|0013	MIRb	THE1B	0.6836615146	0.9175200574264304	0	0
kmer4_single_train_medoid	interval|hg38|chr1|49173199|49173460|-|99040	human:hg38	chr1	coord|human:hg38|chr1|49173199|49173460|-|99040	hc|0014	MIRb	L3	0.7053387738	0.9175200574264304	0	0
kmer4_single_train_medoid	interval|hg38|chr1|215812855|215813114|+|328988	human:hg38	chr1	coord|human:hg38|chr1|215812855|215813114|+|328988	hc|0023	MIRb	L3	0.7092211309	0.9175200574264304	0	0
kmer4_single_train_medoid	interval|hg38|chr1|48485253|48485511|-|97699	human:hg38	chr1	coord|human:hg38|chr1|48485253|48485511|-|97699	hc|0030	MIRb	L3	0.6741375025	0.9175200574264304	0	0
kmer4_single_train_medoid	interval|hg38|chr1|15146959|15147216|+|25032	human:hg38	chr1	coord|human:hg38|chr1|15146959|15147216|+|25032	hc|0039	MIRb	THE1B	0.6423885957	0.9175200574264304	0	0
kmer4_single_train_medoid	interval|hg38|chr1|18409434|18409690|+|32027	human:hg38	chr1	coord|human:hg38|chr1|18409434|18409690|+|32027	hc|0365	MIRc	MSTA	0.6116093387	0.9175200574264304	0	0
kmer4_single_train_medoid	interval|hg38|chr1|154518952|154519205|+|234180	human:hg38	chr1	coord|human:hg38|chr1|154518952|154519205|+|234180	hc|0375	MIRc	L3	0.7036131897	0.9175200574264304	0	0
kmer4_single_train_medoid	interval|hg38|chr11|86787791|86788042|-|723650	human:hg38	chr11	coord|human:hg38|chr11|86787791|86788042|-|723650	hc|0388	MIRc	L3	0.6225715103	0.9175200574264304	0	0
kmer4_single_train_medoid	interval|hg38|chr11|109649300|109649551|+|756882	human:hg38	chr11	coord|human:hg38|chr11|109649300|109649551|+|756882	hc|0389	MIRc	L3	0.6941390531	0.9175200574264304	0	0
kmer4_single_train_medoid	interval|hg38|chr13|93594630|93595001|-|1126968	human:hg38	chr13	coord|human:hg38|chr13|93594630|93595001|-|1126968	hc|1180	MLT1A0	MLT1A0	0.7245111967	0.9175200574264304	0	1
kmer4_single_train_medoid	interval|hg38|chr11|80422277|80422648|-|713307	human:hg38	chr11	coord|human:hg38|chr11|80422277|80422648|-|713307	hc|1182	MLT1A0	MLT1A0	0.7394386318	0.9175200574264304	0	1
kmer4_single_train_medoid	interval|hg38|chr11|103361120|103361490|+|747247	human:hg38	chr11	coord|human:hg38|chr11|103361120|103361490|+|747247	hc|1186	MLT1A0	MLT1A0	0.7711914259	0.9175200574264304	0	1
kmer4_single_train_medoid	interval|hg38|chr1|230776034|230776402|-|352429	human:hg38	chr1	coord|human:hg38|chr1|230776034|230776402|-|352429	hc|1195	MLT1A0	MLT1A0	0.753028467	0.9175200574264304	0	1
kmer4_single_train_medoid	interval|hg38|chr13|93104826|93105194|+|1126379	human:hg38	chr13	coord|human:hg38|chr13|93104826|93105194|+|1126379	hc|1197	MLT1A0	MLT1A0	0.7697353523	0.9175200574264304	0	1
kmer4_single_train_medoid	interval|hg38|chr11|11511587|11511955|+|604100	human:hg38	chr11	coord|human:hg38|chr11|11511587|11511955|+|604100	hc|1204	MLT1A0	MLT1A0	0.7732810821	0.9175200574264304	0	1
kmer4_single_train_medoid	interval|hg38|chr1|216537061|216537429|+|329857	human:hg38	chr1	coord|human:hg38|chr1|216537061|216537429|+|329857	hc|1205	MLT1A0	MLT1A0	0.7412954573	0.9175200574264304	0	1
kmer4_single_train_medoid	interval|hg38|chr1|233552614|233552982|+|356749	human:hg38	chr1	coord|human:hg38|chr1|233552614|233552982|+|356749	hc|1206	MLT1A0	MLT1A0	0.7596865879	0.9175200574264304	0	1
kmer4_single_train_medoid	interval|hg38|chr13|74861844|74862212|+|1102905	human:hg38	chr13	coord|human:hg38|chr13|74861844|74862212|+|1102905	hc|1209	MLT1A0	MLT1A0	0.7900147789	0.9175200574264304	0	1
kmer4_single_train_medoid	interval|hg38|chr1|39271118|39271551|-|79084	human:hg38	chr1	coord|human:hg38|chr1|39271118|39271551|-|79084	hc|1103	MSTA	MSTA	0.8131949761	0.9175200574264304	0	1
kmer4_single_train_medoid	interval|hg38|chr1|158504271|158504703|-|241301	human:hg38	chr1	coord|human:hg38|chr1|158504271|158504703|-|241301	hc|1104	MSTA	MSTA	0.7993513806	0.9175200574264304	0	1
kmer4_single_train_medoid	interval|hg38|chr1|70425502|70425933|-|139372	human:hg38	chr1	coord|human:hg38|chr1|70425502|70425933|-|139372	hc|1107	MSTA	MSTA	0.835562287	0.9175200574264304	0	1
kmer4_single_train_medoid	interval|hg38|chr11|27261709|27262139|-|628626	human:hg38	chr11	coord|human:hg38|chr11|27261709|27262139|-|628626	hc|1110	MSTA	THE1B	0.8360574738	0.9175200574264304	0	0
kmer4_single_train_medoid	interval|hg38|chr1|6855251|6855679|-|8968	human:hg38	chr1	coord|human:hg38|chr1|6855251|6855679|-|8968	hc|1116	MSTA	MSTA	0.8446425446	0.9175200574264304	0	1
kmer4_single_train_medoid	interval|hg38|chr1|165081178|165081604|-|251271	human:hg38	chr1	coord|human:hg38|chr1|165081178|165081604|-|251271	hc|1125	MSTA	THE1B	0.8434801858	0.9175200574264304	0	0
kmer4_single_train_medoid	interval|hg38|chr1|16778473|16778899|-|28488	human:hg38	chr1	coord|human:hg38|chr1|16778473|16778899|-|28488	hc|1127	MSTA	MSTA	0.8276473863	0.9175200574264304	0	1
kmer4_single_train_medoid	interval|hg38|chr1|234803657|234804083|+|358716	human:hg38	chr1	coord|human:hg38|chr1|234803657|234804083|+|358716	hc|1127	MSTA	MSTA	0.8314553489	0.9175200574264304	0	1
kmer4_single_train_medoid	interval|hg38|chr1|72838319|72838745|+|142592	human:hg38	chr1	coord|human:hg38|chr1|72838319|72838745|+|142592	hc|1130	MSTA	MSTA	0.8430590006	0.9175200574264304	0	1
kmer4_single_train_medoid	interval|hg38|chr1|227426183|227426609|-|347368	human:hg38	chr1	coord|human:hg38|chr1|227426183|227426609|-|347368	hc|1133	MSTA	MSTA	0.8513760466	0.9175200574264304	0	1
kmer4_single_train_medoid	interval|hg38|chr13|110764425|110764851|+|1150752	human:hg38	chr13	coord|human:hg38|chr13|110764425|110764851|+|1150752	hc|1134	MSTA	MSTA	0.8672076974	0.9175200574264304	0	1
kmer4_single_train_medoid	interval|hg38|chr1|231876067|231876493|+|354328	human:hg38	chr1	coord|human:hg38|chr1|231876067|231876493|+|354328	hc|1138	MSTA	MSTA	0.8266276518	0.9175200574264304	0	1
kmer4_single_train_medoid	interval|hg38|chr1|223046494|223046863|-|339402	human:hg38	chr1	coord|human:hg38|chr1|223046494|223046863|-|339402	hc|1385	THE1B	THE1B	0.8101322055	0.9175200574264304	0	1
kmer4_single_train_medoid	interval|hg38|chr1|49187824|49188193|+|99070	human:hg38	chr1	coord|human:hg38|chr1|49187824|49188193|+|99070	hc|1387	THE1B	THE1B	0.8547176347	0.9175200574264304	0	1
kmer4_single_train_medoid	interval|hg38|chr1|235008729|235009098|-|359088	human:hg38	chr1	coord|human:hg38|chr1|235008729|235009098|-|359088	hc|1393	THE1B	THE1B	0.8539145728	0.9175200574264304	0	1
kmer4_single_train_medoid	interval|hg38|chr13|55835770|55836139|+|1078771	human:hg38	chr13	coord|human:hg38|chr13|55835770|55836139|+|1078771	hc|1396	THE1B	THE1B	0.863489964	0.9175200574264304	0	1
kmer4_single_train_medoid	interval|hg38|chr13|65203411|65203780|+|1090603	human:hg38	chr13	coord|human:hg38|chr13|65203411|65203780|+|1090603	hc|1398	THE1B	THE1B	0.8773759146	0.9175200574264304	0	1
kmer4_single_train_medoid	interval|hg38|chr13|103267225|103267594|+|1141746	human:hg38	chr13	coord|human:hg38|chr13|103267225|103267594|+|1141746	hc|1399	THE1B	THE1B	0.8551654417	0.9175200574264304	0	1
kmer4_single_train_medoid	interval|hg38|chr1|78120524|78120892|-|150333	human:hg38	chr1	coord|human:hg38|chr1|78120524|78120892|-|150333	hc|1402	THE1B	THE1B	0.8478875275	0.9175200574264304	0	1
kmer4_single_train_medoid	interval|hg38|chr13|32104654|32105022|+|1042390	human:hg38	chr13	coord|human:hg38|chr13|32104654|32105022|+|1042390	hc|1409	THE1B	THE1B	0.8395864177	0.9175200574264304	0	1
kmer4_k4_natural_prototypes	interval|hg38|chr13|61060225|61060586|-|1085518	human:hg38	chr13	coord|human:hg38|chr13|61060225|61060586|-|1085518	hc|0198	AluJb	AluSq2	0.904197301	0.9294861232247632	0	0
kmer4_k4_natural_prototypes	interval|hg38|chr1|13746501|13746853|-|22298	human:hg38	chr1	coord|human:hg38|chr1|13746501|13746853|-|22298	hc|0200	AluJb	AluSq2	0.8714674536	0.9294861232247632	0	0
kmer4_k4_natural_prototypes	interval|hg38|chr1|204583666|204584007|+|310906	human:hg38	chr1	coord|human:hg38|chr1|204583666|204584007|+|310906	hc|0201	AluJb	AluSc	0.8804653025	0.9294861232247632	0	0
kmer4_k4_natural_prototypes	interval|hg38|chr11|111559418|111559757|-|759912	human:hg38	chr11	coord|human:hg38|chr11|111559418|111559757|-|759912	hc|0206	AluJb	AluSq2	0.8898158096	0.9294861232247632	0	0
kmer4_k4_natural_prototypes	interval|hg38|chr13|104776246|104776583|-|1143493	human:hg38	chr13	coord|human:hg38|chr13|104776246|104776583|-|1143493	hc|0209	AluJb	AluSz6	0.8622891767	0.9294861232247632	0	0
kmer4_k4_natural_prototypes	interval|hg38|chr11|9471897|9472228|-|600438	human:hg38	chr11	coord|human:hg38|chr11|9471897|9472228|-|600438	hc|0217	AluJb	AluSz	0.9076472719	0.9294861232247632	0	0
kmer4_k4_natural_prototypes	interval|hg38|chr1|28499446|28499775|-|55882	human:hg38	chr1	coord|human:hg38|chr1|28499446|28499775|-|55882	hc|0223	AluJb	AluSc	0.8460280932	0.9294861232247632	0	0
kmer4_k4_natural_prototypes	interval|hg38|chr1|10190176|10190505|-|15467	human:hg38	chr1	coord|human:hg38|chr1|10190176|10190505|-|15467	hc|0224	AluJb	AluSq	0.9071417339	0.9294861232247632	0	0
kmer4_k4_natural_prototypes	interval|hg38|chr13|66512789|66513117|-|1092167	human:hg38	chr13	coord|human:hg38|chr13|66512789|66513117|-|1092167	hc|0228	AluJb	AluJr4	0.8570377109	0.9294861232247632	0	0
kmer4_k4_natural_prototypes	interval|hg38|chr1|12681220|12681548|-|20481	human:hg38	chr1	coord|human:hg38|chr1|12681220|12681548|-|20481	hc|0229	AluJb	AluSx4	0.8862268095	0.9294861232247632	0	0
kmer4_k4_natural_prototypes	interval|hg38|chr1|28994633|28994959|-|57285	human:hg38	chr1	coord|human:hg38|chr1|28994633|28994959|-|57285	hc|0234	AluJb	AluSx1	0.900094719	0.9294861232247632	0	0
kmer4_k4_natural_prototypes	interval|hg38|chr1|21917149|21917494|+|39669	human:hg38	chr1	coord|human:hg38|chr1|21917149|21917494|+|39669	hc|0429	AluJo	AluSc	0.9049155507	0.9294861232247632	0	0
kmer4_k4_natural_prototypes	interval|hg38|chr11|83108441|83108783|-|717560	human:hg38	chr11	coord|human:hg38|chr11|83108441|83108783|-|717560	hc|0432	AluJo	AluJr4	0.8879543847	0.9294861232247632	0	0
kmer4_k4_natural_prototypes	interval|hg38|chr11|20525408|20525749|-|619259	human:hg38	chr11	coord|human:hg38|chr11|20525408|20525749|-|619259	hc|0433	AluJo	AluSq2	0.9185583437	0.9294861232247632	0	0
kmer4_k4_natural_prototypes	interval|hg38|chr1|229536218|229536553|+|350406	human:hg38	chr1	coord|human:hg38|chr1|229536218|229536553|+|350406	hc|0435	AluJo	AluJo	0.8445064393	0.9294861232247632	0	1
kmer4_k4_natural_prototypes	interval|hg38|chr1|58180260|58180594|-|117763	human:hg38	chr1	coord|human:hg38|chr1|58180260|58180594|-|117763	hc|0437	AluJo	AluJb	0.9329061779	0.9294861232247632	1	0
kmer4_k4_natural_prototypes	interval|hg38|chr13|110538323|110538656|+|1150355	human:hg38	chr13	coord|human:hg38|chr13|110538323|110538656|+|1150355	hc|0438	AluJo	AluSx3	0.9154308525	0.9294861232247632	0	0
kmer4_k4_natural_prototypes	interval|hg38|chr1|35051946|35052277|-|70225	human:hg38	chr1	coord|human:hg38|chr1|35051946|35052277|-|70225	hc|0440	AluJo	AluJr4	0.8645224634	0.9294861232247632	0	0
kmer4_k4_natural_prototypes	interval|hg38|chr11|82793727|82794055|+|716968	human:hg38	chr11	coord|human:hg38|chr11|82793727|82794055|+|716968	hc|0445	AluJo	AluSc8	0.872988938	0.9294861232247632	0	0
kmer4_k4_natural_prototypes	interval|hg38|chr1|28378927|28379254|-|55570	human:hg38	chr1	coord|human:hg38|chr1|28378927|28379254|-|55570	hc|0447	AluJo	AluSz	0.8356364441	0.9294861232247632	0	0
kmer4_k4_natural_prototypes	interval|hg38|chr13|35496352|35496677|+|1047554	human:hg38	chr13	coord|human:hg38|chr13|35496352|35496677|+|1047554	hc|0449	AluJo	AluSx4	0.8947085195	0.9294861232247632	0	0
kmer4_k4_natural_prototypes	interval|hg38|chr13|98628141|98628463|-|1134788	human:hg38	chr13	coord|human:hg38|chr13|98628141|98628463|-|1134788	hc|0451	AluJo	AluSx4	0.875146539	0.9294861232247632	0	0
kmer4_k4_natural_prototypes	interval|hg38|chr13|28115945|28116263|-|1036072	human:hg38	chr13	coord|human:hg38|chr13|28115945|28116263|-|1036072	hc|0457	AluJo	AluSx3	0.912334254	0.9294861232247632	0	0
kmer4_k4_natural_prototypes	interval|hg38|chr13|52875454|52875772|-|1074969	human:hg38	chr13	coord|human:hg38|chr13|52875454|52875772|-|1074969	hc|0460	AluJo	AluJb	0.8616392322	0.9294861232247632	0	0
kmer4_k4_natural_prototypes	interval|hg38|chr11|18226148|18226465|+|615198	human:hg38	chr11	coord|human:hg38|chr11|18226148|18226465|+|615198	hc|0466	AluJo	AluSz6	0.842155058	0.9294861232247632	0	0
kmer4_k4_natural_prototypes	interval|hg38|chr11|33549721|33550061|+|638718	human:hg38	chr11	coord|human:hg38|chr11|33549721|33550061|+|638718	hc|0392	AluJr	AluJr4	0.8912556859	0.9294861232247632	0	0
kmer4_k4_natural_prototypes	interval|hg38|chr1|212648304|212648644|-|324291	human:hg38	chr1	coord|human:hg38|chr1|212648304|212648644|-|324291	hc|0393	AluJr	AluSq2	0.8397152561	0.9294861232247632	0	0
kmer4_k4_natural_prototypes	interval|hg38|chr13|98692136|98692458|-|1134927	human:hg38	chr13	coord|human:hg38|chr13|98692136|98692458|-|1134927	hc|0407	AluJr	AluJr	0.9266740168	0.9294861232247632	0	1
kmer4_k4_natural_prototypes	interval|hg38|chr1|99955784|99956103|-|182545	human:hg38	chr1	coord|human:hg38|chr1|99955784|99956103|-|182545	hc|0411	AluJr	AluSx1	0.8489215387	0.9294861232247632	0	0
kmer4_k4_natural_prototypes	interval|hg38|chr1|173119364|173119679|-|263675	human:hg38	chr1	coord|human:hg38|chr1|173119364|173119679|-|263675	hc|1080	AluJr4	AluSz	0.7989744554	0.9294861232247632	0	0
kmer4_k4_natural_prototypes	interval|hg38|chr1|173888414|173888729|-|264940	human:hg38	chr1	coord|human:hg38|chr1|173888414|173888729|-|264940	hc|1083	AluJr4	AluJr	0.802046389	0.9294861232247632	0	0
kmer4_k4_natural_prototypes	interval|hg38|chr1|24968046|24968360|-|47067	human:hg38	chr1	coord|human:hg38|chr1|24968046|24968360|-|47067	hc|1086	AluJr4	AluSx4	0.8759368801	0.9294861232247632	0	0
kmer4_k4_natural_prototypes	interval|hg38|chr11|108636204|108636518|+|755370	human:hg38	chr11	coord|human:hg38|chr11|108636204|108636518|+|755370	hc|1090	AluJr4	AluJr	0.7918115596	0.9294861232247632	0	0
kmer4_k4_natural_prototypes	interval|hg38|chr1|217611897|217612210|+|331186	human:hg38	chr1	coord|human:hg38|chr1|217611897|217612210|+|331186	hc|1093	AluJr4	AluSz	0.8160821887	0.9294861232247632	0	0
kmer4_k4_natural_prototypes	interval|hg38|chr1|94969079|94969392|-|175426	human:hg38	chr1	coord|human:hg38|chr1|94969079|94969392|-|175426	hc|1098	AluJr4	AluJo	0.8476039546	0.9294861232247632	0	0
kmer4_k4_natural_prototypes	interval|hg38|chr1|171453717|171454030|-|261220	human:hg38	chr1	coord|human:hg38|chr1|171453717|171454030|-|261220	hc|1099	AluJr4	AluSq	0.8331760998	0.9294861232247632	0	0
kmer4_k4_natural_prototypes	interval|hg38|chr1|143696235|143696567|-|216021	human:hg38	chr1	coord|human:hg38|chr1|143696235|143696567|-|216021	hc|0676	AluSc	AluSc8	0.8999018801	0.9294861232247632	0	0
kmer4_k4_natural_prototypes	interval|hg38|chr11|130039964|130040291|+|789901	human:hg38	chr11	coord|human:hg38|chr11|130039964|130040291|+|789901	hc|0689	AluSc	AluSp	0.9033572536	0.9294861232247632	0	0
kmer4_k4_natural_prototypes	interval|hg38|chr13|64285385|64285710|-|1089450	human:hg38	chr13	coord|human:hg38|chr13|64285385|64285710|-|1089450	hc|0692	AluSc	AluSz6	0.9271053307	0.9294861232247632	0	0
kmer4_k4_natural_prototypes	interval|hg38|chr1|108915400|108915724|-|194778	human:hg38	chr1	coord|human:hg38|chr1|108915400|108915724|-|194778	hc|0694	AluSc	AluSx3	0.8765403064	0.9294861232247632	0	0
kmer4_k4_natural_prototypes	interval|hg38|chr13|77939715|77940039|+|1107294	human:hg38	chr13	coord|human:hg38|chr13|77939715|77940039|+|1107294	hc|0696	AluSc	AluSc	0.8995128693	0.9294861232247632	0	1
kmer4_k4_natural_prototypes	interval|hg38|chr11|73035696|73036018|-|697828	human:hg38	chr11	coord|human:hg38|chr11|73035696|73036018|-|697828	hc|0704	AluSc	AluSx1	0.9160332258	0.9294861232247632	0	0
kmer4_k4_natural_prototypes	interval|hg38|chr1|183643262|183643590|-|280733	human:hg38	chr1	coord|human:hg38|chr1|183643262|183643590|-|280733	hc|0832	AluSc8	AluSc	0.9279509316	0.9294861232247632	0	0
kmer4_k4_natural_prototypes	interval|hg38|chr1|155585241|155585568|+|236340	human:hg38	chr1	coord|human:hg38|chr1|155585241|155585568|+|236340	hc|0833	AluSc8	AluSc8	0.9264733459	0.9294861232247632	0	1
kmer4_k4_natural_prototypes	interval|hg38|chr13|103483393|103483717|-|1142024	human:hg38	chr13	coord|human:hg38|chr13|103483393|103483717|-|1142024	hc|0841	AluSc8	AluSc	0.9182820823	0.9294861232247632	0	0
kmer4_k4_natural_prototypes	interval|hg38|chr1|20584097|20584414|+|36774	human:hg38	chr1	coord|human:hg38|chr1|20584097|20584414|+|36774	hc|0859	AluSc8	AluSx3	0.8981477236	0.9294861232247632	0	0
kmer4_k4_natural_prototypes	interval|hg38|chr1|85945002|85945318|-|161108	human:hg38	chr1	coord|human:hg38|chr1|85945002|85945318|-|161108	hc|0864	AluSc8	AluSq	0.9377142051	0.9294861232247632	1	0
kmer4_k4_natural_prototypes	interval|hg38|chr1|227737992|227738333|-|347749	human:hg38	chr1	coord|human:hg38|chr1|227737992|227738333|-|347749	hc|0629	AluSg	AluY	0.9225608898	0.9294861232247632	0	0
kmer4_k4_natural_prototypes	interval|hg38|chr1|69853245|69853576|-|138517	human:hg38	chr1	coord|human:hg38|chr1|69853245|69853576|-|138517	hc|0638	AluSg	AluSx3	0.9355206971	0.9294861232247632	1	0
kmer4_k4_natural_prototypes	interval|hg38|chr1|206818780|206819109|-|314788	human:hg38	chr1	coord|human:hg38|chr1|206818780|206819109|-|314788	hc|0642	AluSg	AluSx1	0.9110613224	0.9294861232247632	0	0
kmer4_k4_natural_prototypes	interval|hg38|chr1|6529309|6529637|+|8260	human:hg38	chr1	coord|human:hg38|chr1|6529309|6529637|+|8260	hc|0644	AluSg	AluSx1	0.8982896188	0.9294861232247632	0	0
kmer4_k4_natural_prototypes	interval|hg38|chr1|151643264|151643592|-|229379	human:hg38	chr1	coord|human:hg38|chr1|151643264|151643592|-|229379	hc|0646	AluSg	AluSq	0.9031952809	0.9294861232247632	0	0
kmer4_k4_natural_prototypes	interval|hg38|chr1|200552915|200553235|-|303482	human:hg38	chr1	coord|human:hg38|chr1|200552915|200553235|-|303482	hc|0663	AluSg	AluSx1	0.9151230728	0.9294861232247632	0	0
kmer4_k4_natural_prototypes	interval|hg38|chr1|236972669|236972989|+|362967	human:hg38	chr1	coord|human:hg38|chr1|236972669|236972989|+|362967	hc|0664	AluSg	AluSp	0.9119927208	0.9294861232247632	0	0
kmer4_k4_natural_prototypes	interval|hg38|chr11|4663071|4663414|+|593281	human:hg38	chr11	coord|human:hg38|chr11|4663071|4663414|+|593281	hc|0468	AluSp	AluSz6	0.8937030679	0.9294861232247632	0	0
kmer4_k4_natural_prototypes	interval|hg38|chr13|33872451|33872793|+|1045239	human:hg38	chr13	coord|human:hg38|chr13|33872451|33872793|+|1045239	hc|0469	AluSp	AluSc8	0.8708332323	0.9294861232247632	0	0
kmer4_k4_natural_prototypes	interval|hg38|chr1|230845401|230845741|+|352530	human:hg38	chr1	coord|human:hg38|chr1|230845401|230845741|+|352530	hc|0471	AluSp	AluSc8	0.8479374865	0.9294861232247632	0	0
kmer4_k4_natural_prototypes	interval|hg38|chr1|112735388|112735726|+|201071	human:hg38	chr1	coord|human:hg38|chr1|112735388|112735726|+|201071	hc|0476	AluSp	AluSx	0.8852310256	0.9294861232247632	0	0
kmer4_k4_natural_prototypes	interval|hg38|chr1|72149600|72149934|+|141771	human:hg38	chr1	coord|human:hg38|chr1|72149600|72149934|+|141771	hc|0484	AluSp	AluSp	0.9394901458	0.9294861232247632	1	1
kmer4_k4_natural_prototypes	interval|hg38|chr11|42106182|42106515|+|651362	human:hg38	chr11	coord|human:hg38|chr11|42106182|42106515|+|651362	hc|0487	AluSp	AluSx1	0.8890292531	0.9294861232247632	0	0
kmer4_k4_natural_prototypes	interval|hg38|chr11|71732386|71732718|-|695294	human:hg38	chr11	coord|human:hg38|chr11|71732386|71732718|-|695294	hc|0490	AluSp	AluSq2	0.9176141351	0.9294861232247632	0	0
kmer4_k4_natural_prototypes	interval|hg38|chr1|214495663|214495994|-|327198	human:hg38	chr1	coord|human:hg38|chr1|214495663|214495994|-|327198	hc|0493	AluSp	AluSq	0.906627281	0.9294861232247632	0	0
kmer4_k4_natural_prototypes	interval|hg38|chr11|8779485|8779814|-|598973	human:hg38	chr11	coord|human:hg38|chr11|8779485|8779814|-|598973	hc|0497	AluSp	AluSp	0.9065579956	0.9294861232247632	0	1
kmer4_k4_natural_prototypes	interval|hg38|chr1|242555877|242556205|-|371508	human:hg38	chr1	coord|human:hg38|chr1|242555877|242556205|-|371508	hc|0501	AluSp	AluSq	0.9469908861	0.9294861232247632	1	0
kmer4_k4_natural_prototypes	interval|hg38|chr1|1477677|1478003|-|1840	human:hg38	chr1	coord|human:hg38|chr1|1477677|1478003|-|1840	hc|0505	AluSp	AluSg	0.8892845827	0.9294861232247632	0	0
kmer4_k4_natural_prototypes	interval|hg38|chr1|240620855|240621195|-|368285	human:hg38	chr1	coord|human:hg38|chr1|240620855|240621195|-|368285	hc|0985	AluSq	AluSx1	0.9211290368	0.9294861232247632	0	0
kmer4_k4_natural_prototypes	interval|hg38|chr1|241040465|241040787|-|368964	human:hg38	chr1	coord|human:hg38|chr1|241040465|241040787|-|368964	hc|0994	AluSq	AluSx	0.9086276787	0.9294861232247632	0	0
kmer4_k4_natural_prototypes	interval|hg38|chr1|92143489|92143811|-|170472	human:hg38	chr1	coord|human:hg38|chr1|92143489|92143811|-|170472	hc|0995	AluSq	AluSq	0.8812029124	0.9294861232247632	0	1
kmer4_k4_natural_prototypes	interval|hg38|chr1|225704954|225705275|+|344033	human:hg38	chr1	coord|human:hg38|chr1|225704954|225705275|+|344033	hc|0996	AluSq	AluSq	0.9465851157	0.9294861232247632	1	1
kmer4_k4_natural_prototypes	interval|hg38|chr13|19821665|19821985|+|1022527	human:hg38	chr13	coord|human:hg38|chr13|19821665|19821985|+|1022527	hc|1000	AluSq	AluSx1	0.9115902055	0.9294861232247632	0	0
kmer4_k4_natural_prototypes	interval|hg38|chr1|199990500|199990818|-|302443	human:hg38	chr1	coord|human:hg38|chr1|199990500|199990818|-|302443	hc|1010	AluSq	AluSx1	0.891548319	0.9294861232247632	0	0
kmer4_k4_natural_prototypes	interval|hg38|chr1|235041713|235042030|-|359184	human:hg38	chr1	coord|human:hg38|chr1|235041713|235042030|-|359184	hc|1022	AluSq	AluSq	0.9191595126	0.9294861232247632	0	1
kmer4_k4_natural_prototypes	interval|hg38|chr1|117133712|117134055|+|208740	human:hg38	chr1	coord|human:hg38|chr1|117133712|117134055|+|208740	hc|0317	AluSq2	AluSx1	0.9176948764	0.9294861232247632	0	0
kmer4_k4_natural_prototypes	interval|hg38|chr13|52748111|52748453|+|1074758	human:hg38	chr13	coord|human:hg38|chr13|52748111|52748453|+|1074758	hc|0318	AluSq2	AluSx	0.9065021464	0.9294861232247632	0	0
kmer4_k4_natural_prototypes	interval|hg38|chr1|53790083|53790424|+|108852	human:hg38	chr1	coord|human:hg38|chr1|53790083|53790424|+|108852	hc|0323	AluSq2	AluSx4	0.9003455593	0.9294861232247632	0	0
kmer4_k4_natural_prototypes	interval|hg38|chr11|35315511|35315851|+|641617	human:hg38	chr11	coord|human:hg38|chr11|35315511|35315851|+|641617	hc|0326	AluSq2	AluSz	0.9051612869	0.9294861232247632	0	0
kmer4_k4_natural_prototypes	interval|hg38|chr11|80842044|80842384|-|713977	human:hg38	chr11	coord|human:hg38|chr11|80842044|80842384|-|713977	hc|0327	AluSq2	AluSx1	0.9082291308	0.9294861232247632	0	0
kmer4_k4_natural_prototypes	interval|hg38|chr13|62416751|62417090|+|1087198	human:hg38	chr13	coord|human:hg38|chr13|62416751|62417090|+|1087198	hc|0330	AluSq2	AluSz6	0.8634347051	0.9294861232247632	0	0
kmer4_k4_natural_prototypes	interval|hg38|chr13|49829338|49829675|+|1070140	human:hg38	chr13	coord|human:hg38|chr13|49829338|49829675|+|1070140	hc|0333	AluSq2	AluSq2	0.9298940436	0.9294861232247632	1	1
kmer4_k4_natural_prototypes	interval|hg38|chr13|60541129|60541466|-|1084796	human:hg38	chr13	coord|human:hg38|chr13|60541129|60541466|-|1084796	hc|0334	AluSq2	AluSp	0.8740340245	0.9294861232247632	0	0
kmer4_k4_natural_prototypes	interval|hg38|chr11|63536245|63536581|+|679684	human:hg38	chr11	coord|human:hg38|chr11|63536245|63536581|+|679684	hc|0337	AluSq2	AluSc	0.8993559067	0.9294861232247632	0	0
kmer4_k4_natural_prototypes	interval|hg38|chr11|37840530|37840866|-|645511	human:hg38	chr11	coord|human:hg38|chr11|37840530|37840866|-|645511	hc|0338	AluSq2	AluSx	0.9216042044	0.9294861232247632	0	0
kmer4_k4_natural_prototypes	interval|hg38|chr1|241461063|241461398|+|369648	human:hg38	chr1	coord|human:hg38|chr1|241461063|241461398|+|369648	hc|0340	AluSq2	AluSp	0.9071088374	0.9294861232247632	0	0
kmer4_k4_natural_prototypes	interval|hg38|chr1|154973228|154973559|+|235039	human:hg38	chr1	coord|human:hg38|chr1|154973228|154973559|+|235039	hc|0350	AluSq2	AluSq2	0.8954096506	0.9294861232247632	0	1
kmer4_k4_natural_prototypes	interval|hg38|chr1|201033351|201033695|-|304357	human:hg38	chr1	coord|human:hg38|chr1|201033351|201033695|-|304357	hc|0043	AluSx	AluSx3	0.9067444361	0.9294861232247632	0	0
kmer4_k4_natural_prototypes	interval|hg38|chr1|233061718|233062058|-|355967	human:hg38	chr1	coord|human:hg38|chr1|233061718|233062058|-|355967	hc|0051	AluSx	AluSq	0.909878733	0.9294861232247632	0	0
kmer4_k4_natural_prototypes	interval|hg38|chr1|53699024|53699363|-|108621	human:hg38	chr1	coord|human:hg38|chr1|53699024|53699363|-|108621	hc|0054	AluSx	AluSx3	0.8778550746	0.9294861232247632	0	0
kmer4_k4_natural_prototypes	interval|hg38|chr11|70237593|70237930|+|693037	human:hg38	chr11	coord|human:hg38|chr11|70237593|70237930|+|693037	hc|0061	AluSx	AluSz	0.9386553128	0.9294861232247632	1	0
kmer4_k4_natural_prototypes	interval|hg38|chr1|105626455|105626791|-|190246	human:hg38	chr1	coord|human:hg38|chr1|105626455|105626791|-|190246	hc|0064	AluSx	AluSx1	0.9113995274	0.9294861232247632	0	0
kmer4_k4_natural_prototypes	interval|hg38|chr1|25075374|25075709|+|47296	human:hg38	chr1	coord|human:hg38|chr1|25075374|25075709|+|47296	hc|0065	AluSx	AluSp	0.8265599817	0.9294861232247632	0	0
kmer4_k4_natural_prototypes	interval|hg38|chr13|24753874|24754215|+|1030461	human:hg38	chr13	coord|human:hg38|chr13|24753874|24754215|+|1030461	hc|0088	AluSx1	AluSx1	0.8949820655	0.9294861232247632	0	1
kmer4_k4_natural_prototypes	interval|hg38|chr1|105990600|105990939|-|190680	human:hg38	chr1	coord|human:hg38|chr1|105990600|105990939|-|190680	hc|0093	AluSx1	AluSc	0.8969186498	0.9294861232247632	0	0
kmer4_k4_natural_prototypes	interval|hg38|chr11|9830458|9830796|+|601214	human:hg38	chr11	coord|human:hg38|chr11|9830458|9830796|+|601214	hc|0096	AluSx1	AluY	0.9158224338	0.9294861232247632	0	0
kmer4_k4_natural_prototypes	interval|hg38|chr1|218854792|218855129|-|333052	human:hg38	chr1	coord|human:hg38|chr1|218854792|218855129|-|333052	hc|0103	AluSx1	AluSz6	0.9262344532	0.9294861232247632	0	0
kmer4_k4_natural_prototypes	interval|hg38|chr13|20124699|20125035|+|1023256	human:hg38	chr13	coord|human:hg38|chr13|20124699|20125035|+|1023256	hc|0110	AluSx1	AluJb	0.9433714568	0.9294861232247632	1	0
kmer4_k4_natural_prototypes	interval|hg38|chr1|20594505|20594840|+|36800	human:hg38	chr1	coord|human:hg38|chr1|20594505|20594840|+|36800	hc|0114	AluSx1	AluSz	0.9003566732	0.9294861232247632	0	0
kmer4_k4_natural_prototypes	interval|hg38|chr13|101337273|101337607|-|1139214	human:hg38	chr13	coord|human:hg38|chr13|101337273|101337607|-|1139214	hc|0118	AluSx1	AluSq	0.9004684667	0.9294861232247632	0	0
kmer4_k4_natural_prototypes	interval|hg38|chr13|105587264|105587598|+|1144405	human:hg38	chr13	coord|human:hg38|chr13|105587264|105587598|+|1144405	hc|0119	AluSx1	AluSc	0.8989075222	0.9294861232247632	0	0
kmer4_k4_natural_prototypes	interval|hg38|chr13|91330328|91330671|-|1124079	human:hg38	chr13	coord|human:hg38|chr13|91330328|91330671|-|1124079	hc|0747	AluSx3	AluSx	0.9199756689	0.9294861232247632	0	0
kmer4_k4_natural_prototypes	interval|hg38|chr1|63170590|63170920|-|127060	human:hg38	chr1	coord|human:hg38|chr1|63170590|63170920|-|127060	hc|0758	AluSx3	AluSq2	0.9360444585	0.9294861232247632	1	0
kmer4_k4_natural_prototypes	interval|hg38|chr11|63600578|63600903|-|679842	human:hg38	chr11	coord|human:hg38|chr11|63600578|63600903|-|679842	hc|0764	AluSx3	AluSc8	0.9062628875	0.9294861232247632	0	0
kmer4_k4_natural_prototypes	interval|hg38|chr13|51888620|51888944|-|1073349	human:hg38	chr13	coord|human:hg38|chr13|51888620|51888944|-|1073349	hc|0765	AluSx3	AluSc	0.943115604	0.9294861232247632	1	0
kmer4_k4_natural_prototypes	interval|hg38|chr1|53790424|53790744|+|108853	human:hg38	chr1	coord|human:hg38|chr1|53790424|53790744|+|108853	hc|0323	AluSx3	AluSx1	0.8097915557	0.9294861232247632	0	0
kmer4_k4_natural_prototypes	interval|hg38|chr13|36726380|36726699|-|1049349	human:hg38	chr13	coord|human:hg38|chr13|36726380|36726699|-|1049349	hc|0775	AluSx3	AluSq2	0.9378059162	0.9294861232247632	1	0
kmer4_k4_natural_prototypes	interval|hg38|chr1|150614803|150615122|-|227116	human:hg38	chr1	coord|human:hg38|chr1|150614803|150615122|-|227116	hc|0776	AluSx3	AluSx	0.9404599473	0.9294861232247632	1	0
kmer4_k4_natural_prototypes	interval|hg38|chr1|52722545|52722863|-|106500	human:hg38	chr1	coord|human:hg38|chr1|52722545|52722863|-|106500	hc|0777	AluSx3	AluSc	0.9287146921	0.9294861232247632	0	0
kmer4_k4_natural_prototypes	interval|hg38|chr1|241467706|241468024|+|369668	human:hg38	chr1	coord|human:hg38|chr1|241467706|241468024|+|369668	hc|0778	AluSx3	AluSc8	0.8952834173	0.9294861232247632	0	0
kmer4_k4_natural_prototypes	interval|hg38|chr1|20749341|20749658|-|37135	human:hg38	chr1	coord|human:hg38|chr1|20749341|20749658|-|37135	hc|0781	AluSx3	AluSc8	0.8852317524	0.9294861232247632	0	0
kmer4_k4_natural_prototypes	interval|hg38|chr13|71692477|71692820|-|1098283	human:hg38	chr13	coord|human:hg38|chr13|71692477|71692820|-|1098283	hc|1300	AluSx4	AluSq2	0.9429117508	0.9294861232247632	1	0
kmer4_k4_natural_prototypes	interval|hg38|chr13|49622942|49623282|-|1069682	human:hg38	chr13	coord|human:hg38|chr13|49622942|49623282|-|1069682	hc|1301	AluSx4	AluSq2	0.9104842892	0.9294861232247632	0	0
kmer4_k4_natural_prototypes	interval|hg38|chr11|43900195|43900521|-|654289	human:hg38	chr11	coord|human:hg38|chr11|43900195|43900521|-|654289	hc|1305	AluSx4	AluSz6	0.9292394789	0.9294861232247632	0	0
kmer4_k4_natural_prototypes	interval|hg38|chr1|19965980|19966302|-|35423	human:hg38	chr1	coord|human:hg38|chr1|19965980|19966302|-|35423	hc|1308	AluSx4	AluJb	0.9459862891	0.9294861232247632	1	0
kmer4_k4_natural_prototypes	interval|hg38|chr1|161167541|161167862|-|245269	human:hg38	chr1	coord|human:hg38|chr1|161167541|161167862|-|245269	hc|1309	AluSx4	AluSq2	0.9428803667	0.9294861232247632	1	0
kmer4_k4_natural_prototypes	interval|hg38|chr13|27042509|27042830|-|1034031	human:hg38	chr13	coord|human:hg38|chr13|27042509|27042830|-|1034031	hc|1310	AluSx4	AluSq2	0.9423417538	0.9294861232247632	1	0
kmer4_k4_natural_prototypes	interval|hg38|chr11|98190789|98191109|+|739972	human:hg38	chr11	coord|human:hg38|chr11|98190789|98191109|+|739972	hc|1312	AluSx4	AluSx	0.9126183428	0.9294861232247632	0	0
kmer4_k4_natural_prototypes	interval|hg38|chr1|17805360|17805677|-|30741	human:hg38	chr1	coord|human:hg38|chr1|17805360|17805677|-|30741	hc|1315	AluSx4	AluSx4	0.9466653505	0.9294861232247632	1	1
kmer4_k4_natural_prototypes	interval|hg38|chr1|60560179|60560496|+|122243	human:hg38	chr1	coord|human:hg38|chr1|60560179|60560496|+|122243	hc|1316	AluSx4	AluSq	0.8702953836	0.9294861232247632	0	0
kmer4_k4_natural_prototypes	interval|hg38|chr1|233600912|233601228|+|356843	human:hg38	chr1	coord|human:hg38|chr1|233600912|233601228|+|356843	hc|1319	AluSx4	AluSx4	0.9391053706	0.9294861232247632	1	1
kmer4_k4_natural_prototypes	interval|hg38|chr13|31273078|31273393|-|1041161	human:hg38	chr13	coord|human:hg38|chr13|31273078|31273393|-|1041161	hc|1325	AluSx4	AluSz	0.8970034384	0.9294861232247632	0	0
kmer4_k4_natural_prototypes	interval|hg38|chr11|79917066|79917381|-|712432	human:hg38	chr11	coord|human:hg38|chr11|79917066|79917381|-|712432	hc|1326	AluSx4	AluSc8	0.9211940412	0.9294861232247632	0	0
kmer4_k4_natural_prototypes	interval|hg38|chr1|65152384|65152698|-|130875	human:hg38	chr1	coord|human:hg38|chr1|65152384|65152698|-|130875	hc|1327	AluSx4	AluJb	0.9345718181	0.9294861232247632	1	0
kmer4_k4_natural_prototypes	interval|hg38|chr11|67201488|67201802|+|687399	human:hg38	chr11	coord|human:hg38|chr11|67201488|67201802|+|687399	hc|1330	AluSx4	AluSx4	0.9242257677	0.9294861232247632	0	1
kmer4_k4_natural_prototypes	interval|hg38|chr1|35015935|35016248|-|70123	human:hg38	chr1	coord|human:hg38|chr1|35015935|35016248|-|70123	hc|1334	AluSx4	AluSc	0.8977369643	0.9294861232247632	0	0
kmer4_k4_natural_prototypes	interval|hg38|chr11|46757572|46757885|-|659827	human:hg38	chr11	coord|human:hg38|chr11|46757572|46757885|-|659827	hc|1336	AluSx4	AluSx4	0.8736621685	0.9294861232247632	0	1
kmer4_k4_natural_prototypes	interval|hg38|chr1|151445239|151445579|+|228937	human:hg38	chr1	coord|human:hg38|chr1|151445239|151445579|+|228937	hc|0247	AluSz	AluSq2	0.9291043805	0.9294861232247632	0	0
kmer4_k4_natural_prototypes	interval|hg38|chr1|43264328|43264664|-|87468	human:hg38	chr1	coord|human:hg38|chr1|43264328|43264664|-|87468	hc|0255	AluSz	AluSx4	0.9377043877	0.9294861232247632	1	0
kmer4_k4_natural_prototypes	interval|hg38|chr1|39149251|39149587|+|78849	human:hg38	chr1	coord|human:hg38|chr1|39149251|39149587|+|78849	hc|0257	AluSz	AluSq2	0.8974964824	0.9294861232247632	0	0
kmer4_k4_natural_prototypes	interval|hg38|chr11|65509129|65509463|-|683570	human:hg38	chr11	coord|human:hg38|chr11|65509129|65509463|-|683570	hc|0262	AluSz	AluSq2	0.9286024873	0.9294861232247632	0	0
kmer4_k4_natural_prototypes	interval|hg38|chr1|34812663|34812995|+|69705	human:hg38	chr1	coord|human:hg38|chr1|34812663|34812995|+|69705	hc|0270	AluSz	AluSc	0.8922204013	0.9294861232247632	0	0
kmer4_k4_natural_prototypes	interval|hg38|chr1|64920259|64920602|+|130343	human:hg38	chr1	coord|human:hg38|chr1|64920259|64920602|+|130343	hc|0548	AluSz6	AluSz6	0.7251725603	0.9294861232247632	0	1
kmer4_k4_natural_prototypes	interval|hg38|chr1|151214341|151214680|-|228444	human:hg38	chr1	coord|human:hg38|chr1|151214341|151214680|-|228444	hc|0552	AluSz6	AluSz6	0.9064887092	0.9294861232247632	0	1
kmer4_k4_natural_prototypes	interval|hg38|chr11|32925494|32925826|-|637504	human:hg38	chr11	coord|human:hg38|chr11|32925494|32925826|-|637504	hc|0563	AluSz6	AluSx1	0.9182520699	0.9294861232247632	0	0
kmer4_k4_natural_prototypes	interval|hg38|chr1|89693625|89693955|-|166470	human:hg38	chr1	coord|human:hg38|chr1|89693625|89693955|-|166470	hc|0569	AluSz6	AluSc	0.9353732586	0.9294861232247632	1	0
kmer4_k4_natural_prototypes	interval|hg38|chr13|44823732|44824061|-|1061640	human:hg38	chr13	coord|human:hg38|chr13|44823732|44824061|-|1061640	hc|0570	AluSz6	AluSx1	0.8961834048	0.9294861232247632	0	0
kmer4_k4_natural_prototypes	interval|hg38|chr11|48477285|48477608|-|663453	human:hg38	chr11	coord|human:hg38|chr11|48477285|48477608|-|663453	hc|0584	AluSz6	AluJb	0.8674348121	0.9294861232247632	0	0
kmer4_k4_natural_prototypes	interval|hg38|chr11|80437386|80437733|-|713337	human:hg38	chr11	coord|human:hg38|chr11|80437386|80437733|-|713337	hc|0161	AluY	AluSc	0.9386749121	0.9294861232247632	1	0
kmer4_k4_natural_prototypes	interval|hg38|chr1|85101440|85101784|+|159742	human:hg38	chr1	coord|human:hg38|chr1|85101440|85101784|+|159742	hc|0163	AluY	AluY	0.9247524911	0.9294861232247632	0	1
kmer4_k4_natural_prototypes	interval|hg38|chr13|41739816|41740154|-|1056818	human:hg38	chr13	coord|human:hg38|chr13|41739816|41740154|-|1056818	hc|0175	AluY	AluSx	0.9280586134	0.9294861232247632	0	0
kmer4_k4_natural_prototypes	interval|hg38|chr1|221434071|221434409|+|336872	human:hg38	chr1	coord|human:hg38|chr1|221434071|221434409|+|336872	hc|0178	AluY	AluY	0.9484343407	0.9294861232247632	1	1
kmer4_k4_natural_prototypes	interval|hg38|chr11|121442641|121442977|-|776778	human:hg38	chr11	coord|human:hg38|chr11|121442641|121442977|-|776778	hc|0186	AluY	AluY	0.9342280823	0.9294861232247632	1	1
kmer4_k4_natural_prototypes	interval|hg38|chr13|76437647|76437983|+|1105147	human:hg38	chr13	coord|human:hg38|chr13|76437647|76437983|+|1105147	hc|0189	AluY	AluY	0.9191570663	0.9294861232247632	0	1
kmer4_k4_natural_prototypes	interval|hg38|chr13|63650949|63651284|+|1088717	human:hg38	chr13	coord|human:hg38|chr13|63650949|63651284|+|1088717	hc|0191	AluY	AluY	0.8902023678	0.9294861232247632	0	1
kmer4_k4_natural_prototypes	interval|hg38|chr1|83117210|83117545|-|156808	human:hg38	chr1	coord|human:hg38|chr1|83117210|83117545|-|156808	hc|0193	AluY	AluSc	0.9313115243	0.9294861232247632	1	0
kmer4_k4_natural_prototypes	interval|hg38|chr11|119609295|119609458|-|773745	human:hg38	chr11	coord|human:hg38|chr11|119609295|119609458|-|773745	hc|1140	FLAM_A	AluY	0.8421323079	0.9294861232247632	0	0
kmer4_k4_natural_prototypes	interval|hg38|chr13|89140328|89140478|-|1121240	human:hg38	chr13	coord|human:hg38|chr13|89140328|89140478|-|1121240	hc|1149	FLAM_A	AluSq2	0.8309241053	0.9294861232247632	0	0
kmer4_k4_natural_prototypes	interval|hg38|chr1|33296830|33296968|-|66963	human:hg38	chr1	coord|human:hg38|chr1|33296830|33296968|-|66963	hc|1161	FLAM_A	AluSx4	0.7935660175	0.9294861232247632	0	0
kmer4_k4_natural_prototypes	interval|hg38|chr1|118663886|118664023|+|211106	human:hg38	chr1	coord|human:hg38|chr1|118663886|118664023|+|211106	hc|1169	FLAM_A	AluJr4	0.7048022168	0.9294861232247632	0	0
kmer4_k4_natural_prototypes	interval|hg38|chr11|65137695|65137877|-|682748	human:hg38	chr11	coord|human:hg38|chr11|65137695|65137877|-|682748	hc|0946	FLAM_C	AluJr4	0.7492503549	0.9294861232247632	0	0
kmer4_k4_natural_prototypes	interval|hg38|chr11|90131115|90131294|+|728506	human:hg38	chr11	coord|human:hg38|chr11|90131115|90131294|+|728506	hc|0947	FLAM_C	L3	0.6810753706	0.9294861232247632	0	0
kmer4_k4_natural_prototypes	interval|hg38|chr1|232646991|232647163|+|355335	human:hg38	chr1	coord|human:hg38|chr1|232646991|232647163|+|355335	hc|0956	FLAM_C	AluJo	0.7648840692	0.9294861232247632	0	0
kmer4_k4_natural_prototypes	interval|hg38|chr1|121277375|121277546|-|214919	human:hg38	chr1	coord|human:hg38|chr1|121277375|121277546|-|214919	hc|0958	FLAM_C	FLAM_C	0.8756367038	0.9294861232247632	0	1
kmer4_k4_natural_prototypes	interval|hg38|chr1|206295864|206296035|-|313952	human:hg38	chr1	coord|human:hg38|chr1|206295864|206296035|-|313952	hc|0958	FLAM_C	FLAM_C	0.8756367038	0.9294861232247632	0	1
kmer4_k4_natural_prototypes	interval|hg38|chr11|14744991|14745155|-|609450	human:hg38	chr11	coord|human:hg38|chr11|14744991|14745155|-|609450	hc|0968	FLAM_C	AluSc8	0.7527645667	0.9294861232247632	0	0
kmer4_k4_natural_prototypes	interval|hg38|chr13|27506531|27506693|-|1034939	human:hg38	chr13	coord|human:hg38|chr13|27506531|27506693|-|1034939	hc|0973	FLAM_C	AluJo	0.8506915005	0.9294861232247632	0	0
kmer4_k4_natural_prototypes	interval|hg38|chr1|106701999|106703583|+|191553	human:hg38	chr1	coord|human:hg38|chr1|106701999|106703583|+|191553	hc|0788	L2	L2	0.9085921133	0.9294861232247632	0	1
kmer4_k4_natural_prototypes	interval|hg38|chr13|65927645|65928885|-|1091485	human:hg38	chr13	coord|human:hg38|chr13|65927645|65928885|-|1091485	hc|0799	L2	L2	0.9033161855	0.9294861232247632	0	1
kmer4_k4_natural_prototypes	interval|hg38|chr1|164180320|164181378|-|250014	human:hg38	chr1	coord|human:hg38|chr1|164180320|164181378|-|250014	hc|0810	L2	L2	0.9037964787	0.9294861232247632	0	1
kmer4_k4_natural_prototypes	interval|hg38|chr11|41892290|41893249|+|651076	human:hg38	chr11	coord|human:hg38|chr11|41892290|41893249|+|651076	hc|0817	L2	L2	0.8927223758	0.9294861232247632	0	1
kmer4_k4_natural_prototypes	interval|hg38|chr1|192762415|192763343|+|292952	human:hg38	chr1	coord|human:hg38|chr1|192762415|192763343|+|292952	hc|0821	L2	L2	0.9011146567	0.9294861232247632	0	1
kmer4_k4_natural_prototypes	interval|hg38|chr1|92907989|92908900|-|171958	human:hg38	chr1	coord|human:hg38|chr1|92907989|92908900|-|171958	hc|0824	L2	L2	0.9069435515	0.9294861232247632	0	1
kmer4_k4_natural_prototypes	interval|hg38|chr1|175559963|175561216|-|267617	human:hg38	chr1	coord|human:hg38|chr1|175559963|175561216|-|267617	hc|0865	L3	L3	0.8984406041	0.9294861232247632	0	1
kmer4_k4_natural_prototypes	interval|hg38|chr1|115376060|115377031|+|205871	human:hg38	chr1	coord|human:hg38|chr1|115376060|115377031|+|205871	hc|0866	L3	L3	0.8601027845	0.9294861232247632	0	1
kmer4_k4_natural_prototypes	interval|hg38|chr13|94943214|94944182|+|1128855	human:hg38	chr13	coord|human:hg38|chr13|94943214|94944182|+|1128855	hc|0867	L3	L3	0.8746130989	0.9294861232247632	0	1
kmer4_k4_natural_prototypes	interval|hg38|chr1|221560476|221561234|+|337077	human:hg38	chr1	coord|human:hg38|chr1|221560476|221561234|+|337077	hc|0877	L3	L3	0.8398996167	0.9294861232247632	0	1
kmer4_k4_natural_prototypes	interval|hg38|chr1|60068299|60068986|-|121401	human:hg38	chr1	coord|human:hg38|chr1|60068299|60068986|-|121401	hc|0882	L3	L3	0.8301463647	0.9294861232247632	0	1
kmer4_k4_natural_prototypes	interval|hg38|chr1|185491905|185492543|-|283713	human:hg38	chr1	coord|human:hg38|chr1|185491905|185492543|-|283713	hc|0890	L3	L3	0.8219719624	0.9294861232247632	0	1
kmer4_k4_natural_prototypes	interval|hg38|chr13|32448237|32448846|+|1042915	human:hg38	chr13	coord|human:hg38|chr13|32448237|32448846|+|1042915	hc|0897	L3	L3	0.8580732622	0.9294861232247632	0	1
kmer4_k4_natural_prototypes	interval|hg38|chr13|26132818|26133008|-|1032488	human:hg38	chr13	coord|human:hg38|chr13|26132818|26133008|-|1032488	hc|1025	MER5A	MIRc	0.6605881853	0.9294861232247632	0	0
kmer4_k4_natural_prototypes	interval|hg38|chr1|116173109|116173298|-|207142	human:hg38	chr1	coord|human:hg38|chr1|116173109|116173298|-|207142	hc|1034	MER5A	MLT1A0	0.6687334648	0.9294861232247632	0	0
kmer4_k4_natural_prototypes	interval|hg38|chr13|109330217|109330406|+|1149011	human:hg38	chr13	coord|human:hg38|chr13|109330217|109330406|+|1149011	hc|1039	MER5A	MER5A	0.6798722265	0.9294861232247632	0	1
kmer4_k4_natural_prototypes	interval|hg38|chr11|37688484|37688673|+|645340	human:hg38	chr11	coord|human:hg38|chr11|37688484|37688673|+|645340	hc|1043	MER5A	MER5A	0.6397590268	0.9294861232247632	0	1
kmer4_k4_natural_prototypes	interval|hg38|chr11|87960158|87960346|-|725499	human:hg38	chr11	coord|human:hg38|chr11|87960158|87960346|-|725499	hc|1052	MER5A	MER5A	0.6276459145	0.9294861232247632	0	1
kmer4_k4_natural_prototypes	interval|hg38|chr11|79244051|79244239|-|711160	human:hg38	chr11	coord|human:hg38|chr11|79244051|79244239|-|711160	hc|1059	MER5A	L2	0.667382556	0.9294861232247632	0	0
kmer4_k4_natural_prototypes	interval|hg38|chr11|17682878|17683214|-|614237	human:hg38	chr11	coord|human:hg38|chr11|17682878|17683214|-|614237	hc|0120	MIR	L3	0.7962187589	0.9294861232247632	0	0
kmer4_k4_natural_prototypes	interval|hg38|chr1|205488833|205489105|+|312550	human:hg38	chr1	coord|human:hg38|chr1|205488833|205489105|+|312550	hc|0124	MIR	L3	0.656710069	0.9294861232247632	0	0
kmer4_k4_natural_prototypes	interval|hg38|chr13|60851003|60851268|-|1085231	human:hg38	chr13	coord|human:hg38|chr13|60851003|60851268|-|1085231	hc|0130	MIR	L3	0.7010549037	0.9294861232247632	0	0
kmer4_k4_natural_prototypes	interval|hg38|chr1|204487958|204488223|-|310684	human:hg38	chr1	coord|human:hg38|chr1|204487958|204488223|-|310684	hc|0131	MIR	MIRb	0.7060865618	0.9294861232247632	0	0
kmer4_k4_natural_prototypes	interval|hg38|chr1|178263260|178263524|-|271633	human:hg38	chr1	coord|human:hg38|chr1|178263260|178263524|-|271633	hc|0135	MIR	L3	0.7177900408	0.9294861232247632	0	0
kmer4_k4_natural_prototypes	interval|hg38|chr1|201087144|201087407|-|304438	human:hg38	chr1	coord|human:hg38|chr1|201087144|201087407|-|304438	hc|0138	MIR	MIR	0.6712807341	0.9294861232247632	0	1
kmer4_k4_natural_prototypes	interval|hg38|chr1|195834144|195834407|+|297028	human:hg38	chr1	coord|human:hg38|chr1|195834144|195834407|+|297028	hc|0141	MIR	L3	0.6559874068	0.9294861232247632	0	0
kmer4_k4_natural_prototypes	interval|hg38|chr11|120146407|120146670|-|774610	human:hg38	chr11	coord|human:hg38|chr11|120146407|120146670|-|774610	hc|0142	MIR	MIR	0.6572847682	0.9294861232247632	0	1
kmer4_k4_natural_prototypes	interval|hg38|chr1|115260156|115260418|+|205716	human:hg38	chr1	coord|human:hg38|chr1|115260156|115260418|+|205716	hc|0145	MIR	L3	0.7453114495	0.9294861232247632	0	0
kmer4_k4_natural_prototypes	interval|hg38|chr1|157997127|157997389|+|240588	human:hg38	chr1	coord|human:hg38|chr1|157997127|157997389|+|240588	hc|0146	MIR	MSTA	0.6273158533	0.9294861232247632	0	0
kmer4_k4_natural_prototypes	interval|hg38|chr13|39790122|39790383|+|1053620	human:hg38	chr13	coord|human:hg38|chr13|39790122|39790383|+|1053620	hc|0154	MIR	L3	0.7654706426	0.9294861232247632	0	0
kmer4_k4_natural_prototypes	interval|hg38|chr1|10787039|10787260|-|16483	human:hg38	chr1	coord|human:hg38|chr1|10787039|10787260|-|16483	hc|0507	MIR3	MSTA	0.6407533437	0.9294861232247632	0	0
kmer4_k4_natural_prototypes	interval|hg38|chr11|72088660|72088881|+|695954	human:hg38	chr11	coord|human:hg38|chr11|72088660|72088881|+|695954	hc|0509	MIR3	L3	0.6949314052	0.9294861232247632	0	0
kmer4_k4_natural_prototypes	interval|hg38|chr11|92345709|92345926|+|731517	human:hg38	chr11	coord|human:hg38|chr11|92345709|92345926|+|731517	hc|0511	MIR3	MIR	0.6475143312	0.9294861232247632	0	0
kmer4_k4_natural_prototypes	interval|hg38|chr1|156965347|156965560|+|239002	human:hg38	chr1	coord|human:hg38|chr1|156965347|156965560|+|239002	hc|0514	MIR3	L3	0.6361848309	0.9294861232247632	0	0
kmer4_k4_natural_prototypes	interval|hg38|chr13|40350403|40350604|+|1054403	human:hg38	chr13	coord|human:hg38|chr13|40350403|40350604|+|1054403	hc|0538	MIR3	L3	0.6276011487	0.9294861232247632	0	0
kmer4_k4_natural_prototypes	interval|hg38|chr11|40320570|40320771|+|648820	human:hg38	chr11	coord|human:hg38|chr11|40320570|40320771|+|648820	hc|0539	MIR3	L3	0.7212118086	0.9294861232247632	0	0
kmer4_k4_natural_prototypes	interval|hg38|chr11|26633262|26633462|-|627690	human:hg38	chr11	coord|human:hg38|chr11|26633262|26633462|-|627690	hc|0541	MIR3	L3	0.6783374763	0.9294861232247632	0	0
kmer4_k4_natural_prototypes	interval|hg38|chr11|130436464|130436664|-|790637	human:hg38	chr11	coord|human:hg38|chr11|130436464|130436664|-|790637	hc|0542	MIR3	L3	0.6525308493	0.9294861232247632	0	0
kmer4_k4_natural_prototypes	interval|hg38|chr1|56039075|56039274|+|113524	human:hg38	chr1	coord|human:hg38|chr1|56039075|56039274|+|113524	hc|0543	MIR3	L2	0.6829221618	0.9294861232247632	0	0
kmer4_k4_natural_prototypes	interval|hg38|chr1|57401601|57401800|-|116197	human:hg38	chr1	coord|human:hg38|chr1|57401601|57401800|-|116197	hc|0546	MIR3	MSTA	0.6310283977	0.9294861232247632	0	0
kmer4_k4_natural_prototypes	interval|hg38|chr1|17595764|17596060|-|30300	human:hg38	chr1	coord|human:hg38|chr1|17595764|17596060|-|30300	hc|0001	MIRb	L3	0.667719502	0.9294861232247632	0	0
kmer4_k4_natural_prototypes	interval|hg38|chr1|118110852|118111117|+|210369	human:hg38	chr1	coord|human:hg38|chr1|118110852|118111117|+|210369	hc|0004	MIRb	L3	0.7526123047	0.9294861232247632	0	0
kmer4_k4_natural_prototypes	interval|hg38|chr1|177770561|177770824|+|270820	human:hg38	chr1	coord|human:hg38|chr1|177770561|177770824|+|270820	hc|0006	MIRb	L2	0.7041451452	0.9294861232247632	0	0
kmer4_k4_natural_prototypes	interval|hg38|chr1|30049395|30049656|+|59400	human:hg38	chr1	coord|human:hg38|chr1|30049395|30049656|+|59400	hc|0013	MIRb	MSTA	0.6905995324	0.9294861232247632	0	0
kmer4_k4_natural_prototypes	interval|hg38|chr1|49173199|49173460|-|99040	human:hg38	chr1	coord|human:hg38|chr1|49173199|49173460|-|99040	hc|0014	MIRb	L3	0.7461998498	0.9294861232247632	0	0
kmer4_k4_natural_prototypes	interval|hg38|chr1|215812855|215813114|+|328988	human:hg38	chr1	coord|human:hg38|chr1|215812855|215813114|+|328988	hc|0023	MIRb	L2	0.7169043852	0.9294861232247632	0	0
kmer4_k4_natural_prototypes	interval|hg38|chr1|48485253|48485511|-|97699	human:hg38	chr1	coord|human:hg38|chr1|48485253|48485511|-|97699	hc|0030	MIRb	L3	0.6741375025	0.9294861232247632	0	0
kmer4_k4_natural_prototypes	interval|hg38|chr1|15146959|15147216|+|25032	human:hg38	chr1	coord|human:hg38|chr1|15146959|15147216|+|25032	hc|0039	MIRb	MSTA	0.6798750718	0.9294861232247632	0	0
kmer4_k4_natural_prototypes	interval|hg38|chr1|18409434|18409690|+|32027	human:hg38	chr1	coord|human:hg38|chr1|18409434|18409690|+|32027	hc|0365	MIRc	L3	0.6766519616	0.9294861232247632	0	0
kmer4_k4_natural_prototypes	interval|hg38|chr1|154518952|154519205|+|234180	human:hg38	chr1	coord|human:hg38|chr1|154518952|154519205|+|234180	hc|0375	MIRc	L3	0.7103441128	0.9294861232247632	0	0
kmer4_k4_natural_prototypes	interval|hg38|chr11|86787791|86788042|-|723650	human:hg38	chr11	coord|human:hg38|chr11|86787791|86788042|-|723650	hc|0388	MIRc	MIRc	0.7023508406	0.9294861232247632	0	1
kmer4_k4_natural_prototypes	interval|hg38|chr11|109649300|109649551|+|756882	human:hg38	chr11	coord|human:hg38|chr11|109649300|109649551|+|756882	hc|0389	MIRc	L3	0.7200976808	0.9294861232247632	0	0
kmer4_k4_natural_prototypes	interval|hg38|chr13|93594630|93595001|-|1126968	human:hg38	chr13	coord|human:hg38|chr13|93594630|93595001|-|1126968	hc|1180	MLT1A0	MLT1A0	0.7766887359	0.9294861232247632	0	1
kmer4_k4_natural_prototypes	interval|hg38|chr11|80422277|80422648|-|713307	human:hg38	chr11	coord|human:hg38|chr11|80422277|80422648|-|713307	hc|1182	MLT1A0	MLT1A0	0.7702568986	0.9294861232247632	0	1
kmer4_k4_natural_prototypes	interval|hg38|chr11|103361120|103361490|+|747247	human:hg38	chr11	coord|human:hg38|chr11|103361120|103361490|+|747247	hc|1186	MLT1A0	MLT1A0	0.7711914259	0.9294861232247632	0	1
kmer4_k4_natural_prototypes	interval|hg38|chr1|230776034|230776402|-|352429	human:hg38	chr1	coord|human:hg38|chr1|230776034|230776402|-|352429	hc|1195	MLT1A0	MLT1A0	0.7760721067	0.9294861232247632	0	1
kmer4_k4_natural_prototypes	interval|hg38|chr13|93104826|93105194|+|1126379	human:hg38	chr13	coord|human:hg38|chr13|93104826|93105194|+|1126379	hc|1197	MLT1A0	MLT1A0	0.7697353523	0.9294861232247632	0	1
kmer4_k4_natural_prototypes	interval|hg38|chr11|11511587|11511955|+|604100	human:hg38	chr11	coord|human:hg38|chr11|11511587|11511955|+|604100	hc|1204	MLT1A0	MLT1A0	0.7733414058	0.9294861232247632	0	1
kmer4_k4_natural_prototypes	interval|hg38|chr1|216537061|216537429|+|329857	human:hg38	chr1	coord|human:hg38|chr1|216537061|216537429|+|329857	hc|1205	MLT1A0	MLT1A0	0.7530715494	0.9294861232247632	0	1
kmer4_k4_natural_prototypes	interval|hg38|chr1|233552614|233552982|+|356749	human:hg38	chr1	coord|human:hg38|chr1|233552614|233552982|+|356749	hc|1206	MLT1A0	MLT1A0	0.7868539948	0.9294861232247632	0	1
kmer4_k4_natural_prototypes	interval|hg38|chr13|74861844|74862212|+|1102905	human:hg38	chr13	coord|human:hg38|chr13|74861844|74862212|+|1102905	hc|1209	MLT1A0	MLT1A0	0.7900147789	0.9294861232247632	0	1
kmer4_k4_natural_prototypes	interval|hg38|chr1|39271118|39271551|-|79084	human:hg38	chr1	coord|human:hg38|chr1|39271118|39271551|-|79084	hc|1103	MSTA	MSTA	0.8131949761	0.9294861232247632	0	1
kmer4_k4_natural_prototypes	interval|hg38|chr1|158504271|158504703|-|241301	human:hg38	chr1	coord|human:hg38|chr1|158504271|158504703|-|241301	hc|1104	MSTA	MSTA	0.7993513806	0.9294861232247632	0	1
kmer4_k4_natural_prototypes	interval|hg38|chr1|70425502|70425933|-|139372	human:hg38	chr1	coord|human:hg38|chr1|70425502|70425933|-|139372	hc|1107	MSTA	MSTA	0.8406990542	0.9294861232247632	0	1
kmer4_k4_natural_prototypes	interval|hg38|chr11|27261709|27262139|-|628626	human:hg38	chr11	coord|human:hg38|chr11|27261709|27262139|-|628626	hc|1110	MSTA	THE1B	0.8360574738	0.9294861232247632	0	0
kmer4_k4_natural_prototypes	interval|hg38|chr1|6855251|6855679|-|8968	human:hg38	chr1	coord|human:hg38|chr1|6855251|6855679|-|8968	hc|1116	MSTA	MSTA	0.8473370201	0.9294861232247632	0	1
kmer4_k4_natural_prototypes	interval|hg38|chr1|165081178|165081604|-|251271	human:hg38	chr1	coord|human:hg38|chr1|165081178|165081604|-|251271	hc|1125	MSTA	THE1B	0.8434801858	0.9294861232247632	0	0
kmer4_k4_natural_prototypes	interval|hg38|chr1|16778473|16778899|-|28488	human:hg38	chr1	coord|human:hg38|chr1|16778473|16778899|-|28488	hc|1127	MSTA	MSTA	0.861758343	0.9294861232247632	0	1
kmer4_k4_natural_prototypes	interval|hg38|chr1|234803657|234804083|+|358716	human:hg38	chr1	coord|human:hg38|chr1|234803657|234804083|+|358716	hc|1127	MSTA	MSTA	0.8631642167	0.9294861232247632	0	1
kmer4_k4_natural_prototypes	interval|hg38|chr1|72838319|72838745|+|142592	human:hg38	chr1	coord|human:hg38|chr1|72838319|72838745|+|142592	hc|1130	MSTA	MSTA	0.8430590006	0.9294861232247632	0	1
kmer4_k4_natural_prototypes	interval|hg38|chr1|227426183|227426609|-|347368	human:hg38	chr1	coord|human:hg38|chr1|227426183|227426609|-|347368	hc|1133	MSTA	MSTA	0.8513760466	0.9294861232247632	0	1
kmer4_k4_natural_prototypes	interval|hg38|chr13|110764425|110764851|+|1150752	human:hg38	chr13	coord|human:hg38|chr13|110764425|110764851|+|1150752	hc|1134	MSTA	MSTA	0.8672076974	0.9294861232247632	0	1
kmer4_k4_natural_prototypes	interval|hg38|chr1|231876067|231876493|+|354328	human:hg38	chr1	coord|human:hg38|chr1|231876067|231876493|+|354328	hc|1138	MSTA	MSTA	0.8266276518	0.9294861232247632	0	1
kmer4_k4_natural_prototypes	interval|hg38|chr1|223046494|223046863|-|339402	human:hg38	chr1	coord|human:hg38|chr1|223046494|223046863|-|339402	hc|1385	THE1B	THE1B	0.8284474837	0.9294861232247632	0	1
kmer4_k4_natural_prototypes	interval|hg38|chr1|49187824|49188193|+|99070	human:hg38	chr1	coord|human:hg38|chr1|49187824|49188193|+|99070	hc|1387	THE1B	THE1B	0.8547176347	0.9294861232247632	0	1
kmer4_k4_natural_prototypes	interval|hg38|chr1|235008729|235009098|-|359088	human:hg38	chr1	coord|human:hg38|chr1|235008729|235009098|-|359088	hc|1393	THE1B	THE1B	0.8539145728	0.9294861232247632	0	1
kmer4_k4_natural_prototypes	interval|hg38|chr13|55835770|55836139|+|1078771	human:hg38	chr13	coord|human:hg38|chr13|55835770|55836139|+|1078771	hc|1396	THE1B	THE1B	0.863489964	0.9294861232247632	0	1
kmer4_k4_natural_prototypes	interval|hg38|chr13|65203411|65203780|+|1090603	human:hg38	chr13	coord|human:hg38|chr13|65203411|65203780|+|1090603	hc|1398	THE1B	THE1B	0.8773759146	0.9294861232247632	0	1
kmer4_k4_natural_prototypes	interval|hg38|chr13|103267225|103267594|+|1141746	human:hg38	chr13	coord|human:hg38|chr13|103267225|103267594|+|1141746	hc|1399	THE1B	THE1B	0.8551654417	0.9294861232247632	0	1
kmer4_k4_natural_prototypes	interval|hg38|chr1|78120524|78120892|-|150333	human:hg38	chr1	coord|human:hg38|chr1|78120524|78120892|-|150333	hc|1402	THE1B	THE1B	0.8672487933	0.9294861232247632	0	1
kmer4_k4_natural_prototypes	interval|hg38|chr13|32104654|32105022|+|1042390	human:hg38	chr13	coord|human:hg38|chr13|32104654|32105022|+|1042390	hc|1409	THE1B	THE1B	0.8395864177	0.9294861232247632	0	1
kmer4_basic_train_centroid	interval|hg38|chr13|61060225|61060586|-|1085518	human:hg38	chr13	coord|human:hg38|chr13|61060225|61060586|-|1085518	hc|0198	AluJb	AluSc	0.8931189152	0.9262841078859564	0	0
kmer4_basic_train_centroid	interval|hg38|chr1|13746501|13746853|-|22298	human:hg38	chr1	coord|human:hg38|chr1|13746501|13746853|-|22298	hc|0200	AluJb	AluSc	0.858007006	0.9262841078859564	0	0
kmer4_basic_train_centroid	interval|hg38|chr1|204583666|204584007|+|310906	human:hg38	chr1	coord|human:hg38|chr1|204583666|204584007|+|310906	hc|0201	AluJb	AluSq	0.8633358429	0.9262841078859564	0	0
kmer4_basic_train_centroid	interval|hg38|chr11|111559418|111559757|-|759912	human:hg38	chr11	coord|human:hg38|chr11|111559418|111559757|-|759912	hc|0206	AluJb	AluSc	0.8981934977	0.9262841078859564	0	0
kmer4_basic_train_centroid	interval|hg38|chr13|104776246|104776583|-|1143493	human:hg38	chr13	coord|human:hg38|chr13|104776246|104776583|-|1143493	hc|0209	AluJb	AluJo	0.8550360789	0.9262841078859564	0	0
kmer4_basic_train_centroid	interval|hg38|chr11|9471897|9472228|-|600438	human:hg38	chr11	coord|human:hg38|chr11|9471897|9472228|-|600438	hc|0217	AluJb	AluJb	0.9260343706	0.9262841078859564	0	1
kmer4_basic_train_centroid	interval|hg38|chr1|28499446|28499775|-|55882	human:hg38	chr1	coord|human:hg38|chr1|28499446|28499775|-|55882	hc|0223	AluJb	AluJo	0.7901753642	0.9262841078859564	0	0
kmer4_basic_train_centroid	interval|hg38|chr1|10190176|10190505|-|15467	human:hg38	chr1	coord|human:hg38|chr1|10190176|10190505|-|15467	hc|0224	AluJb	AluJr	0.8389406533	0.9262841078859564	0	0
kmer4_basic_train_centroid	interval|hg38|chr13|66512789|66513117|-|1092167	human:hg38	chr13	coord|human:hg38|chr13|66512789|66513117|-|1092167	hc|0228	AluJb	AluSz6	0.8671113807	0.9262841078859564	0	0
kmer4_basic_train_centroid	interval|hg38|chr1|12681220|12681548|-|20481	human:hg38	chr1	coord|human:hg38|chr1|12681220|12681548|-|20481	hc|0229	AluJb	FLAM_C	0.8956397819	0.9262841078859564	0	0
kmer4_basic_train_centroid	interval|hg38|chr1|28994633|28994959|-|57285	human:hg38	chr1	coord|human:hg38|chr1|28994633|28994959|-|57285	hc|0234	AluJb	AluSc	0.7849429897	0.9262841078859564	0	0
kmer4_basic_train_centroid	interval|hg38|chr1|21917149|21917494|+|39669	human:hg38	chr1	coord|human:hg38|chr1|21917149|21917494|+|39669	hc|0429	AluJo	AluSc	0.8006580699	0.9262841078859564	0	0
kmer4_basic_train_centroid	interval|hg38|chr11|83108441|83108783|-|717560	human:hg38	chr11	coord|human:hg38|chr11|83108441|83108783|-|717560	hc|0432	AluJo	FLAM_C	0.9172859278	0.9262841078859564	0	0
kmer4_basic_train_centroid	interval|hg38|chr11|20525408|20525749|-|619259	human:hg38	chr11	coord|human:hg38|chr11|20525408|20525749|-|619259	hc|0433	AluJo	AluSz6	0.9302644356	0.9262841078859564	1	0
kmer4_basic_train_centroid	interval|hg38|chr1|229536218|229536553|+|350406	human:hg38	chr1	coord|human:hg38|chr1|229536218|229536553|+|350406	hc|0435	AluJo	AluJr	0.8951738921	0.9262841078859564	0	0
kmer4_basic_train_centroid	interval|hg38|chr1|58180260|58180594|-|117763	human:hg38	chr1	coord|human:hg38|chr1|58180260|58180594|-|117763	hc|0437	AluJo	FLAM_C	0.9123143047	0.9262841078859564	0	0
kmer4_basic_train_centroid	interval|hg38|chr13|110538323|110538656|+|1150355	human:hg38	chr13	coord|human:hg38|chr13|110538323|110538656|+|1150355	hc|0438	AluJo	AluSz6	0.9170817891	0.9262841078859564	0	0
kmer4_basic_train_centroid	interval|hg38|chr1|35051946|35052277|-|70225	human:hg38	chr1	coord|human:hg38|chr1|35051946|35052277|-|70225	hc|0440	AluJo	AluJb	0.8681804285	0.9262841078859564	0	0
kmer4_basic_train_centroid	interval|hg38|chr11|82793727|82794055|+|716968	human:hg38	chr11	coord|human:hg38|chr11|82793727|82794055|+|716968	hc|0445	AluJo	AluJo	0.8709701182	0.9262841078859564	0	1
kmer4_basic_train_centroid	interval|hg38|chr1|28378927|28379254|-|55570	human:hg38	chr1	coord|human:hg38|chr1|28378927|28379254|-|55570	hc|0447	AluJo	AluJo	0.8591920584	0.9262841078859564	0	1
kmer4_basic_train_centroid	interval|hg38|chr13|35496352|35496677|+|1047554	human:hg38	chr13	coord|human:hg38|chr13|35496352|35496677|+|1047554	hc|0449	AluJo	AluSz6	0.8980302565	0.9262841078859564	0	0
kmer4_basic_train_centroid	interval|hg38|chr13|98628141|98628463|-|1134788	human:hg38	chr13	coord|human:hg38|chr13|98628141|98628463|-|1134788	hc|0451	AluJo	FLAM_A	0.8954777067	0.9262841078859564	0	0
kmer4_basic_train_centroid	interval|hg38|chr13|28115945|28116263|-|1036072	human:hg38	chr13	coord|human:hg38|chr13|28115945|28116263|-|1036072	hc|0457	AluJo	AluSx3	0.9211705167	0.9262841078859564	0	0
kmer4_basic_train_centroid	interval|hg38|chr13|52875454|52875772|-|1074969	human:hg38	chr13	coord|human:hg38|chr13|52875454|52875772|-|1074969	hc|0460	AluJo	AluJb	0.8786549449	0.9262841078859564	0	0
kmer4_basic_train_centroid	interval|hg38|chr11|18226148|18226465|+|615198	human:hg38	chr11	coord|human:hg38|chr11|18226148|18226465|+|615198	hc|0466	AluJo	AluJr	0.9089566047	0.9262841078859564	0	0
kmer4_basic_train_centroid	interval|hg38|chr11|33549721|33550061|+|638718	human:hg38	chr11	coord|human:hg38|chr11|33549721|33550061|+|638718	hc|0392	AluJr	AluSz6	0.9041251808	0.9262841078859564	0	0
kmer4_basic_train_centroid	interval|hg38|chr1|212648304|212648644|-|324291	human:hg38	chr1	coord|human:hg38|chr1|212648304|212648644|-|324291	hc|0393	AluJr	AluJr	0.8706149442	0.9262841078859564	0	1
kmer4_basic_train_centroid	interval|hg38|chr13|98692136|98692458|-|1134927	human:hg38	chr13	coord|human:hg38|chr13|98692136|98692458|-|1134927	hc|0407	AluJr	AluSz6	0.9130636827	0.9262841078859564	0	0
kmer4_basic_train_centroid	interval|hg38|chr1|99955784|99956103|-|182545	human:hg38	chr1	coord|human:hg38|chr1|99955784|99956103|-|182545	hc|0411	AluJr	AluJr	0.7700365069	0.9262841078859564	0	1
kmer4_basic_train_centroid	interval|hg38|chr1|173119364|173119679|-|263675	human:hg38	chr1	coord|human:hg38|chr1|173119364|173119679|-|263675	hc|1080	AluJr4	AluJr	0.8273410682	0.9262841078859564	0	0
kmer4_basic_train_centroid	interval|hg38|chr1|173888414|173888729|-|264940	human:hg38	chr1	coord|human:hg38|chr1|173888414|173888729|-|264940	hc|1083	AluJr4	AluJr4	0.8644700836	0.9262841078859564	0	1
kmer4_basic_train_centroid	interval|hg38|chr1|24968046|24968360|-|47067	human:hg38	chr1	coord|human:hg38|chr1|24968046|24968360|-|47067	hc|1086	AluJr4	AluJr4	0.8934633412	0.9262841078859564	0	1
kmer4_basic_train_centroid	interval|hg38|chr11|108636204|108636518|+|755370	human:hg38	chr11	coord|human:hg38|chr11|108636204|108636518|+|755370	hc|1090	AluJr4	AluJr	0.8386717739	0.9262841078859564	0	0
kmer4_basic_train_centroid	interval|hg38|chr1|217611897|217612210|+|331186	human:hg38	chr1	coord|human:hg38|chr1|217611897|217612210|+|331186	hc|1093	AluJr4	AluJr4	0.8644335949	0.9262841078859564	0	1
kmer4_basic_train_centroid	interval|hg38|chr1|94969079|94969392|-|175426	human:hg38	chr1	coord|human:hg38|chr1|94969079|94969392|-|175426	hc|1098	AluJr4	AluJo	0.8654661303	0.9262841078859564	0	0
kmer4_basic_train_centroid	interval|hg38|chr1|171453717|171454030|-|261220	human:hg38	chr1	coord|human:hg38|chr1|171453717|171454030|-|261220	hc|1099	AluJr4	AluJr4	0.8605639476	0.9262841078859564	0	1
kmer4_basic_train_centroid	interval|hg38|chr1|143696235|143696567|-|216021	human:hg38	chr1	coord|human:hg38|chr1|143696235|143696567|-|216021	hc|0676	AluSc	AluSc8	0.9008007139	0.9262841078859564	0	0
kmer4_basic_train_centroid	interval|hg38|chr11|130039964|130040291|+|789901	human:hg38	chr11	coord|human:hg38|chr11|130039964|130040291|+|789901	hc|0689	AluSc	AluY	0.7824880904	0.9262841078859564	0	0
kmer4_basic_train_centroid	interval|hg38|chr13|64285385|64285710|-|1089450	human:hg38	chr13	coord|human:hg38|chr13|64285385|64285710|-|1089450	hc|0692	AluSc	AluSx3	0.9269919697	0.9262841078859564	1	0
kmer4_basic_train_centroid	interval|hg38|chr1|108915400|108915724|-|194778	human:hg38	chr1	coord|human:hg38|chr1|108915400|108915724|-|194778	hc|0694	AluSc	AluSc8	0.9212981246	0.9262841078859564	0	0
kmer4_basic_train_centroid	interval|hg38|chr13|77939715|77940039|+|1107294	human:hg38	chr13	coord|human:hg38|chr13|77939715|77940039|+|1107294	hc|0696	AluSc	AluSc	0.8557655457	0.9262841078859564	0	1
kmer4_basic_train_centroid	interval|hg38|chr11|73035696|73036018|-|697828	human:hg38	chr11	coord|human:hg38|chr11|73035696|73036018|-|697828	hc|0704	AluSc	AluSc	0.8053472402	0.9262841078859564	0	1
kmer4_basic_train_centroid	interval|hg38|chr1|183643262|183643590|-|280733	human:hg38	chr1	coord|human:hg38|chr1|183643262|183643590|-|280733	hc|0832	AluSc8	AluSc	0.8074080714	0.9262841078859564	0	0
kmer4_basic_train_centroid	interval|hg38|chr1|155585241|155585568|+|236340	human:hg38	chr1	coord|human:hg38|chr1|155585241|155585568|+|236340	hc|0833	AluSc8	AluSx3	0.9222036388	0.9262841078859564	0	0
kmer4_basic_train_centroid	interval|hg38|chr13|103483393|103483717|-|1142024	human:hg38	chr13	coord|human:hg38|chr13|103483393|103483717|-|1142024	hc|0841	AluSc8	AluSc	0.808943874	0.9262841078859564	0	0
kmer4_basic_train_centroid	interval|hg38|chr1|20584097|20584414|+|36774	human:hg38	chr1	coord|human:hg38|chr1|20584097|20584414|+|36774	hc|0859	AluSc8	AluSc8	0.9332452687	0.9262841078859564	1	1
kmer4_basic_train_centroid	interval|hg38|chr1|85945002|85945318|-|161108	human:hg38	chr1	coord|human:hg38|chr1|85945002|85945318|-|161108	hc|0864	AluSc8	AluSx3	0.9427287723	0.9262841078859564	1	0
kmer4_basic_train_centroid	interval|hg38|chr1|227737992|227738333|-|347749	human:hg38	chr1	coord|human:hg38|chr1|227737992|227738333|-|347749	hc|0629	AluSg	AluSq	0.9224279137	0.9262841078859564	0	0
kmer4_basic_train_centroid	interval|hg38|chr1|69853245|69853576|-|138517	human:hg38	chr1	coord|human:hg38|chr1|69853245|69853576|-|138517	hc|0638	AluSg	AluSx3	0.9380307251	0.9262841078859564	1	0
kmer4_basic_train_centroid	interval|hg38|chr1|206818780|206819109|-|314788	human:hg38	chr1	coord|human:hg38|chr1|206818780|206819109|-|314788	hc|0642	AluSg	AluSz	0.9072786348	0.9262841078859564	0	0
kmer4_basic_train_centroid	interval|hg38|chr1|6529309|6529637|+|8260	human:hg38	chr1	coord|human:hg38|chr1|6529309|6529637|+|8260	hc|0644	AluSg	AluSg	0.9411660738	0.9262841078859564	1	1
kmer4_basic_train_centroid	interval|hg38|chr1|151643264|151643592|-|229379	human:hg38	chr1	coord|human:hg38|chr1|151643264|151643592|-|229379	hc|0646	AluSg	AluSc	0.7598721133	0.9262841078859564	0	0
kmer4_basic_train_centroid	interval|hg38|chr1|200552915|200553235|-|303482	human:hg38	chr1	coord|human:hg38|chr1|200552915|200553235|-|303482	hc|0663	AluSg	AluSc	0.7800050865	0.9262841078859564	0	0
kmer4_basic_train_centroid	interval|hg38|chr1|236972669|236972989|+|362967	human:hg38	chr1	coord|human:hg38|chr1|236972669|236972989|+|362967	hc|0664	AluSg	AluSq	0.7979165715	0.9262841078859564	0	0
kmer4_basic_train_centroid	interval|hg38|chr11|4663071|4663414|+|593281	human:hg38	chr11	coord|human:hg38|chr11|4663071|4663414|+|593281	hc|0468	AluSp	AluSq	0.8243643097	0.9262841078859564	0	0
kmer4_basic_train_centroid	interval|hg38|chr13|33872451|33872793|+|1045239	human:hg38	chr13	coord|human:hg38|chr13|33872451|33872793|+|1045239	hc|0469	AluSp	AluSz	0.8508494524	0.9262841078859564	0	0
kmer4_basic_train_centroid	interval|hg38|chr1|230845401|230845741|+|352530	human:hg38	chr1	coord|human:hg38|chr1|230845401|230845741|+|352530	hc|0471	AluSp	AluSz	0.8861471606	0.9262841078859564	0	0
kmer4_basic_train_centroid	interval|hg38|chr1|112735388|112735726|+|201071	human:hg38	chr1	coord|human:hg38|chr1|112735388|112735726|+|201071	hc|0476	AluSp	AluSp	0.9178195959	0.9262841078859564	0	1
kmer4_basic_train_centroid	interval|hg38|chr1|72149600|72149934|+|141771	human:hg38	chr1	coord|human:hg38|chr1|72149600|72149934|+|141771	hc|0484	AluSp	AluSp	0.9198232736	0.9262841078859564	0	1
kmer4_basic_train_centroid	interval|hg38|chr11|42106182|42106515|+|651362	human:hg38	chr11	coord|human:hg38|chr11|42106182|42106515|+|651362	hc|0487	AluSp	AluSq	0.9177665633	0.9262841078859564	0	0
kmer4_basic_train_centroid	interval|hg38|chr11|71732386|71732718|-|695294	human:hg38	chr11	coord|human:hg38|chr11|71732386|71732718|-|695294	hc|0490	AluSp	AluSp	0.9120152709	0.9262841078859564	0	1
kmer4_basic_train_centroid	interval|hg38|chr1|214495663|214495994|-|327198	human:hg38	chr1	coord|human:hg38|chr1|214495663|214495994|-|327198	hc|0493	AluSp	AluSc	0.7616047446	0.9262841078859564	0	0
kmer4_basic_train_centroid	interval|hg38|chr11|8779485|8779814|-|598973	human:hg38	chr11	coord|human:hg38|chr11|8779485|8779814|-|598973	hc|0497	AluSp	AluSz	0.8678999494	0.9262841078859564	0	0
kmer4_basic_train_centroid	interval|hg38|chr1|242555877|242556205|-|371508	human:hg38	chr1	coord|human:hg38|chr1|242555877|242556205|-|371508	hc|0501	AluSp	AluSx3	0.9120556062	0.9262841078859564	0	0
kmer4_basic_train_centroid	interval|hg38|chr1|1477677|1478003|-|1840	human:hg38	chr1	coord|human:hg38|chr1|1477677|1478003|-|1840	hc|0505	AluSp	AluSc	0.8255388198	0.9262841078859564	0	0
kmer4_basic_train_centroid	interval|hg38|chr1|240620855|240621195|-|368285	human:hg38	chr1	coord|human:hg38|chr1|240620855|240621195|-|368285	hc|0985	AluSq	AluSc	0.7846895948	0.9262841078859564	0	0
kmer4_basic_train_centroid	interval|hg38|chr1|241040465|241040787|-|368964	human:hg38	chr1	coord|human:hg38|chr1|241040465|241040787|-|368964	hc|0994	AluSq	AluSc	0.8486361407	0.9262841078859564	0	0
kmer4_basic_train_centroid	interval|hg38|chr1|92143489|92143811|-|170472	human:hg38	chr1	coord|human:hg38|chr1|92143489|92143811|-|170472	hc|0995	AluSq	AluSc	0.8483215815	0.9262841078859564	0	0
kmer4_basic_train_centroid	interval|hg38|chr1|225704954|225705275|+|344033	human:hg38	chr1	coord|human:hg38|chr1|225704954|225705275|+|344033	hc|0996	AluSq	AluSx3	0.9427542843	0.9262841078859564	1	0
kmer4_basic_train_centroid	interval|hg38|chr13|19821665|19821985|+|1022527	human:hg38	chr13	coord|human:hg38|chr13|19821665|19821985|+|1022527	hc|1000	AluSq	AluSc	0.9100942773	0.9262841078859564	0	0
kmer4_basic_train_centroid	interval|hg38|chr1|199990500|199990818|-|302443	human:hg38	chr1	coord|human:hg38|chr1|199990500|199990818|-|302443	hc|1010	AluSq	AluSc	0.8063975283	0.9262841078859564	0	0
kmer4_basic_train_centroid	interval|hg38|chr1|235041713|235042030|-|359184	human:hg38	chr1	coord|human:hg38|chr1|235041713|235042030|-|359184	hc|1022	AluSq	AluSz6	0.9129510798	0.9262841078859564	0	0
kmer4_basic_train_centroid	interval|hg38|chr1|117133712|117134055|+|208740	human:hg38	chr1	coord|human:hg38|chr1|117133712|117134055|+|208740	hc|0317	AluSq2	AluSp	0.897500364	0.9262841078859564	0	0
kmer4_basic_train_centroid	interval|hg38|chr13|52748111|52748453|+|1074758	human:hg38	chr13	coord|human:hg38|chr13|52748111|52748453|+|1074758	hc|0318	AluSq2	AluSq	0.8962069788	0.9262841078859564	0	0
kmer4_basic_train_centroid	interval|hg38|chr1|53790083|53790424|+|108852	human:hg38	chr1	coord|human:hg38|chr1|53790083|53790424|+|108852	hc|0323	AluSq2	AluSq2	0.943986213	0.9262841078859564	1	1
kmer4_basic_train_centroid	interval|hg38|chr11|35315511|35315851|+|641617	human:hg38	chr11	coord|human:hg38|chr11|35315511|35315851|+|641617	hc|0326	AluSq2	AluSz	0.9113863334	0.9262841078859564	0	0
kmer4_basic_train_centroid	interval|hg38|chr11|80842044|80842384|-|713977	human:hg38	chr11	coord|human:hg38|chr11|80842044|80842384|-|713977	hc|0327	AluSq2	AluSz6	0.9103211312	0.9262841078859564	0	0
kmer4_basic_train_centroid	interval|hg38|chr13|62416751|62417090|+|1087198	human:hg38	chr13	coord|human:hg38|chr13|62416751|62417090|+|1087198	hc|0330	AluSq2	AluSq2	0.9123160233	0.9262841078859564	0	1
kmer4_basic_train_centroid	interval|hg38|chr13|49829338|49829675|+|1070140	human:hg38	chr13	coord|human:hg38|chr13|49829338|49829675|+|1070140	hc|0333	AluSq2	AluSx3	0.9195762918	0.9262841078859564	0	0
kmer4_basic_train_centroid	interval|hg38|chr13|60541129|60541466|-|1084796	human:hg38	chr13	coord|human:hg38|chr13|60541129|60541466|-|1084796	hc|0334	AluSq2	AluSz	0.8468021829	0.9262841078859564	0	0
kmer4_basic_train_centroid	interval|hg38|chr11|63536245|63536581|+|679684	human:hg38	chr11	coord|human:hg38|chr11|63536245|63536581|+|679684	hc|0337	AluSq2	AluSq	0.8736779873	0.9262841078859564	0	0
kmer4_basic_train_centroid	interval|hg38|chr11|37840530|37840866|-|645511	human:hg38	chr11	coord|human:hg38|chr11|37840530|37840866|-|645511	hc|0338	AluSq2	AluSc	0.8476486501	0.9262841078859564	0	0
kmer4_basic_train_centroid	interval|hg38|chr1|241461063|241461398|+|369648	human:hg38	chr1	coord|human:hg38|chr1|241461063|241461398|+|369648	hc|0340	AluSq2	AluSz	0.9030300741	0.9262841078859564	0	0
kmer4_basic_train_centroid	interval|hg38|chr1|154973228|154973559|+|235039	human:hg38	chr1	coord|human:hg38|chr1|154973228|154973559|+|235039	hc|0350	AluSq2	AluSx3	0.9107117531	0.9262841078859564	0	0
kmer4_basic_train_centroid	interval|hg38|chr1|201033351|201033695|-|304357	human:hg38	chr1	coord|human:hg38|chr1|201033351|201033695|-|304357	hc|0043	AluSx	AluSq	0.8977183906	0.9262841078859564	0	0
kmer4_basic_train_centroid	interval|hg38|chr1|233061718|233062058|-|355967	human:hg38	chr1	coord|human:hg38|chr1|233061718|233062058|-|355967	hc|0051	AluSx	AluSq	0.9417040623	0.9262841078859564	1	0
kmer4_basic_train_centroid	interval|hg38|chr1|53699024|53699363|-|108621	human:hg38	chr1	coord|human:hg38|chr1|53699024|53699363|-|108621	hc|0054	AluSx	AluSz6	0.9185998644	0.9262841078859564	0	0
kmer4_basic_train_centroid	interval|hg38|chr11|70237593|70237930|+|693037	human:hg38	chr11	coord|human:hg38|chr11|70237593|70237930|+|693037	hc|0061	AluSx	AluSz6	0.9215083254	0.9262841078859564	0	0
kmer4_basic_train_centroid	interval|hg38|chr1|105626455|105626791|-|190246	human:hg38	chr1	coord|human:hg38|chr1|105626455|105626791|-|190246	hc|0064	AluSx	AluSc	0.7282140925	0.9262841078859564	0	0
kmer4_basic_train_centroid	interval|hg38|chr1|25075374|25075709|+|47296	human:hg38	chr1	coord|human:hg38|chr1|25075374|25075709|+|47296	hc|0065	AluSx	AluJr	0.814458055	0.9262841078859564	0	0
kmer4_basic_train_centroid	interval|hg38|chr13|24753874|24754215|+|1030461	human:hg38	chr13	coord|human:hg38|chr13|24753874|24754215|+|1030461	hc|0088	AluSx1	AluSx	0.9451261594	0.9262841078859564	1	0
kmer4_basic_train_centroid	interval|hg38|chr1|105990600|105990939|-|190680	human:hg38	chr1	coord|human:hg38|chr1|105990600|105990939|-|190680	hc|0093	AluSx1	AluSc8	0.8744962762	0.9262841078859564	0	0
kmer4_basic_train_centroid	interval|hg38|chr11|9830458|9830796|+|601214	human:hg38	chr11	coord|human:hg38|chr11|9830458|9830796|+|601214	hc|0096	AluSx1	AluSc8	0.9194593695	0.9262841078859564	0	0
kmer4_basic_train_centroid	interval|hg38|chr1|218854792|218855129|-|333052	human:hg38	chr1	coord|human:hg38|chr1|218854792|218855129|-|333052	hc|0103	AluSx1	AluSq	0.897805161	0.9262841078859564	0	0
kmer4_basic_train_centroid	interval|hg38|chr13|20124699|20125035|+|1023256	human:hg38	chr13	coord|human:hg38|chr13|20124699|20125035|+|1023256	hc|0110	AluSx1	AluSz6	0.9290500488	0.9262841078859564	1	0
kmer4_basic_train_centroid	interval|hg38|chr1|20594505|20594840|+|36800	human:hg38	chr1	coord|human:hg38|chr1|20594505|20594840|+|36800	hc|0114	AluSx1	AluSz	0.9135855391	0.9262841078859564	0	0
kmer4_basic_train_centroid	interval|hg38|chr13|101337273|101337607|-|1139214	human:hg38	chr13	coord|human:hg38|chr13|101337273|101337607|-|1139214	hc|0118	AluSx1	AluSc	0.7710095453	0.9262841078859564	0	0
kmer4_basic_train_centroid	interval|hg38|chr13|105587264|105587598|+|1144405	human:hg38	chr13	coord|human:hg38|chr13|105587264|105587598|+|1144405	hc|0119	AluSx1	AluSq	0.8656431409	0.9262841078859564	0	0
kmer4_basic_train_centroid	interval|hg38|chr13|91330328|91330671|-|1124079	human:hg38	chr13	coord|human:hg38|chr13|91330328|91330671|-|1124079	hc|0747	AluSx3	AluSc	0.8275561412	0.9262841078859564	0	0
kmer4_basic_train_centroid	interval|hg38|chr1|63170590|63170920|-|127060	human:hg38	chr1	coord|human:hg38|chr1|63170590|63170920|-|127060	hc|0758	AluSx3	AluSz6	0.9332069301	0.9262841078859564	1	0
kmer4_basic_train_centroid	interval|hg38|chr11|63600578|63600903|-|679842	human:hg38	chr11	coord|human:hg38|chr11|63600578|63600903|-|679842	hc|0764	AluSx3	AluSq	0.8911695592	0.9262841078859564	0	0
kmer4_basic_train_centroid	interval|hg38|chr13|51888620|51888944|-|1073349	human:hg38	chr13	coord|human:hg38|chr13|51888620|51888944|-|1073349	hc|0765	AluSx3	AluSx3	0.9417591393	0.9262841078859564	1	1
kmer4_basic_train_centroid	interval|hg38|chr1|53790424|53790744|+|108853	human:hg38	chr1	coord|human:hg38|chr1|53790424|53790744|+|108853	hc|0323	AluSx3	AluSc	0.8220355122	0.9262841078859564	0	0
kmer4_basic_train_centroid	interval|hg38|chr13|36726380|36726699|-|1049349	human:hg38	chr13	coord|human:hg38|chr13|36726380|36726699|-|1049349	hc|0775	AluSx3	AluSx3	0.9526492506	0.9262841078859564	1	1
kmer4_basic_train_centroid	interval|hg38|chr1|150614803|150615122|-|227116	human:hg38	chr1	coord|human:hg38|chr1|150614803|150615122|-|227116	hc|0776	AluSx3	AluSx3	0.9340806171	0.9262841078859564	1	1
kmer4_basic_train_centroid	interval|hg38|chr1|52722545|52722863|-|106500	human:hg38	chr1	coord|human:hg38|chr1|52722545|52722863|-|106500	hc|0777	AluSx3	AluSx3	0.9256670353	0.9262841078859564	0	1
kmer4_basic_train_centroid	interval|hg38|chr1|241467706|241468024|+|369668	human:hg38	chr1	coord|human:hg38|chr1|241467706|241468024|+|369668	hc|0778	AluSx3	AluSq	0.8766115287	0.9262841078859564	0	0
kmer4_basic_train_centroid	interval|hg38|chr1|20749341|20749658|-|37135	human:hg38	chr1	coord|human:hg38|chr1|20749341|20749658|-|37135	hc|0781	AluSx3	AluSx4	0.9133420164	0.9262841078859564	0	0
kmer4_basic_train_centroid	interval|hg38|chr13|71692477|71692820|-|1098283	human:hg38	chr13	coord|human:hg38|chr13|71692477|71692820|-|1098283	hc|1300	AluSx4	AluSx3	0.9238651455	0.9262841078859564	0	0
kmer4_basic_train_centroid	interval|hg38|chr13|49622942|49623282|-|1069682	human:hg38	chr13	coord|human:hg38|chr13|49622942|49623282|-|1069682	hc|1301	AluSx4	AluSc	0.8735267144	0.9262841078859564	0	0
kmer4_basic_train_centroid	interval|hg38|chr11|43900195|43900521|-|654289	human:hg38	chr11	coord|human:hg38|chr11|43900195|43900521|-|654289	hc|1305	AluSx4	AluSx3	0.942762224	0.9262841078859564	1	0
kmer4_basic_train_centroid	interval|hg38|chr1|19965980|19966302|-|35423	human:hg38	chr1	coord|human:hg38|chr1|19965980|19966302|-|35423	hc|1308	AluSx4	AluSx3	0.9310682919	0.9262841078859564	1	0
kmer4_basic_train_centroid	interval|hg38|chr1|161167541|161167862|-|245269	human:hg38	chr1	coord|human:hg38|chr1|161167541|161167862|-|245269	hc|1309	AluSx4	AluSx3	0.9249218113	0.9262841078859564	0	0
kmer4_basic_train_centroid	interval|hg38|chr13|27042509|27042830|-|1034031	human:hg38	chr13	coord|human:hg38|chr13|27042509|27042830|-|1034031	hc|1310	AluSx4	AluSx3	0.9369281435	0.9262841078859564	1	0
kmer4_basic_train_centroid	interval|hg38|chr11|98190789|98191109|+|739972	human:hg38	chr11	coord|human:hg38|chr11|98190789|98191109|+|739972	hc|1312	AluSx4	AluSc	0.8376064714	0.9262841078859564	0	0
kmer4_basic_train_centroid	interval|hg38|chr1|17805360|17805677|-|30741	human:hg38	chr1	coord|human:hg38|chr1|17805360|17805677|-|30741	hc|1315	AluSx4	AluSz6	0.9423562977	0.9262841078859564	1	0
kmer4_basic_train_centroid	interval|hg38|chr1|60560179|60560496|+|122243	human:hg38	chr1	coord|human:hg38|chr1|60560179|60560496|+|122243	hc|1316	AluSx4	AluSc	0.7534474454	0.9262841078859564	0	0
kmer4_basic_train_centroid	interval|hg38|chr1|233600912|233601228|+|356843	human:hg38	chr1	coord|human:hg38|chr1|233600912|233601228|+|356843	hc|1319	AluSx4	AluSx3	0.9437196934	0.9262841078859564	1	0
kmer4_basic_train_centroid	interval|hg38|chr13|31273078|31273393|-|1041161	human:hg38	chr13	coord|human:hg38|chr13|31273078|31273393|-|1041161	hc|1325	AluSx4	AluSz	0.9051944532	0.9262841078859564	0	0
kmer4_basic_train_centroid	interval|hg38|chr11|79917066|79917381|-|712432	human:hg38	chr11	coord|human:hg38|chr11|79917066|79917381|-|712432	hc|1326	AluSx4	AluSx3	0.9157583156	0.9262841078859564	0	0
kmer4_basic_train_centroid	interval|hg38|chr1|65152384|65152698|-|130875	human:hg38	chr1	coord|human:hg38|chr1|65152384|65152698|-|130875	hc|1327	AluSx4	AluSx3	0.9321958538	0.9262841078859564	1	0
kmer4_basic_train_centroid	interval|hg38|chr11|67201488|67201802|+|687399	human:hg38	chr11	coord|human:hg38|chr11|67201488|67201802|+|687399	hc|1330	AluSx4	AluSx3	0.9236595114	0.9262841078859564	0	0
kmer4_basic_train_centroid	interval|hg38|chr1|35015935|35016248|-|70123	human:hg38	chr1	coord|human:hg38|chr1|35015935|35016248|-|70123	hc|1334	AluSx4	AluSc8	0.9221518288	0.9262841078859564	0	0
kmer4_basic_train_centroid	interval|hg38|chr11|46757572|46757885|-|659827	human:hg38	chr11	coord|human:hg38|chr11|46757572|46757885|-|659827	hc|1336	AluSx4	AluSc	0.8566454629	0.9262841078859564	0	0
kmer4_basic_train_centroid	interval|hg38|chr1|151445239|151445579|+|228937	human:hg38	chr1	coord|human:hg38|chr1|151445239|151445579|+|228937	hc|0247	AluSz	AluSz6	0.9332165561	0.9262841078859564	1	0
kmer4_basic_train_centroid	interval|hg38|chr1|43264328|43264664|-|87468	human:hg38	chr1	coord|human:hg38|chr1|43264328|43264664|-|87468	hc|0255	AluSz	AluSz6	0.9463232112	0.9262841078859564	1	0
kmer4_basic_train_centroid	interval|hg38|chr1|39149251|39149587|+|78849	human:hg38	chr1	coord|human:hg38|chr1|39149251|39149587|+|78849	hc|0257	AluSz	AluSc	0.896510656	0.9262841078859564	0	0
kmer4_basic_train_centroid	interval|hg38|chr11|65509129|65509463|-|683570	human:hg38	chr11	coord|human:hg38|chr11|65509129|65509463|-|683570	hc|0262	AluSz	AluSx3	0.9165870409	0.9262841078859564	0	0
kmer4_basic_train_centroid	interval|hg38|chr1|34812663|34812995|+|69705	human:hg38	chr1	coord|human:hg38|chr1|34812663|34812995|+|69705	hc|0270	AluSz	AluSc	0.7869176628	0.9262841078859564	0	0
kmer4_basic_train_centroid	interval|hg38|chr1|64920259|64920602|+|130343	human:hg38	chr1	coord|human:hg38|chr1|64920259|64920602|+|130343	hc|0548	AluSz6	AluJr	0.7228904757	0.9262841078859564	0	0
kmer4_basic_train_centroid	interval|hg38|chr1|151214341|151214680|-|228444	human:hg38	chr1	coord|human:hg38|chr1|151214341|151214680|-|228444	hc|0552	AluSz6	AluSq	0.8893466418	0.9262841078859564	0	0
kmer4_basic_train_centroid	interval|hg38|chr11|32925494|32925826|-|637504	human:hg38	chr11	coord|human:hg38|chr11|32925494|32925826|-|637504	hc|0563	AluSz6	AluSc	0.8247173553	0.9262841078859564	0	0
kmer4_basic_train_centroid	interval|hg38|chr1|89693625|89693955|-|166470	human:hg38	chr1	coord|human:hg38|chr1|89693625|89693955|-|166470	hc|0569	AluSz6	AluSz6	0.9336386681	0.9262841078859564	1	1
kmer4_basic_train_centroid	interval|hg38|chr13|44823732|44824061|-|1061640	human:hg38	chr13	coord|human:hg38|chr13|44823732|44824061|-|1061640	hc|0570	AluSz6	AluSc	0.8347316608	0.9262841078859564	0	0
kmer4_basic_train_centroid	interval|hg38|chr11|48477285|48477608|-|663453	human:hg38	chr11	coord|human:hg38|chr11|48477285|48477608|-|663453	hc|0584	AluSz6	AluSc	0.8413357474	0.9262841078859564	0	0
kmer4_basic_train_centroid	interval|hg38|chr11|80437386|80437733|-|713337	human:hg38	chr11	coord|human:hg38|chr11|80437386|80437733|-|713337	hc|0161	AluY	AluSc8	0.9401142097	0.9262841078859564	1	0
kmer4_basic_train_centroid	interval|hg38|chr1|85101440|85101784|+|159742	human:hg38	chr1	coord|human:hg38|chr1|85101440|85101784|+|159742	hc|0163	AluY	AluY	0.9421466791	0.9262841078859564	1	1
kmer4_basic_train_centroid	interval|hg38|chr13|41739816|41740154|-|1056818	human:hg38	chr13	coord|human:hg38|chr13|41739816|41740154|-|1056818	hc|0175	AluY	AluSc8	0.9247191294	0.9262841078859564	0	0
kmer4_basic_train_centroid	interval|hg38|chr1|221434071|221434409|+|336872	human:hg38	chr1	coord|human:hg38|chr1|221434071|221434409|+|336872	hc|0178	AluY	AluSc8	0.9482182746	0.9262841078859564	1	0
kmer4_basic_train_centroid	interval|hg38|chr11|121442641|121442977|-|776778	human:hg38	chr11	coord|human:hg38|chr11|121442641|121442977|-|776778	hc|0186	AluY	AluY	0.8236822857	0.9262841078859564	0	1
kmer4_basic_train_centroid	interval|hg38|chr13|76437647|76437983|+|1105147	human:hg38	chr13	coord|human:hg38|chr13|76437647|76437983|+|1105147	hc|0189	AluY	AluY	0.8458448896	0.9262841078859564	0	1
kmer4_basic_train_centroid	interval|hg38|chr13|63650949|63651284|+|1088717	human:hg38	chr13	coord|human:hg38|chr13|63650949|63651284|+|1088717	hc|0191	AluY	AluY	0.9364356617	0.9262841078859564	1	1
kmer4_basic_train_centroid	interval|hg38|chr1|83117210|83117545|-|156808	human:hg38	chr1	coord|human:hg38|chr1|83117210|83117545|-|156808	hc|0193	AluY	AluSc	0.8267389281	0.9262841078859564	0	0
kmer4_basic_train_centroid	interval|hg38|chr11|119609295|119609458|-|773745	human:hg38	chr11	coord|human:hg38|chr11|119609295|119609458|-|773745	hc|1140	FLAM_A	AluSc	0.7536372675	0.9262841078859564	0	0
kmer4_basic_train_centroid	interval|hg38|chr13|89140328|89140478|-|1121240	human:hg38	chr13	coord|human:hg38|chr13|89140328|89140478|-|1121240	hc|1149	FLAM_A	AluSc	0.7791385519	0.9262841078859564	0	0
kmer4_basic_train_centroid	interval|hg38|chr1|33296830|33296968|-|66963	human:hg38	chr1	coord|human:hg38|chr1|33296830|33296968|-|66963	hc|1161	FLAM_A	FLAM_A	0.8466432115	0.9262841078859564	0	1
kmer4_basic_train_centroid	interval|hg38|chr1|118663886|118664023|+|211106	human:hg38	chr1	coord|human:hg38|chr1|118663886|118664023|+|211106	hc|1169	FLAM_A	AluJo	0.705928487	0.9262841078859564	0	0
kmer4_basic_train_centroid	interval|hg38|chr11|65137695|65137877|-|682748	human:hg38	chr11	coord|human:hg38|chr11|65137695|65137877|-|682748	hc|0946	FLAM_C	AluJr4	0.7791368785	0.9262841078859564	0	0
kmer4_basic_train_centroid	interval|hg38|chr11|90131115|90131294|+|728506	human:hg38	chr11	coord|human:hg38|chr11|90131115|90131294|+|728506	hc|0947	FLAM_C	AluJr	0.6965942873	0.9262841078859564	0	0
kmer4_basic_train_centroid	interval|hg38|chr1|232646991|232647163|+|355335	human:hg38	chr1	coord|human:hg38|chr1|232646991|232647163|+|355335	hc|0956	FLAM_C	AluJo	0.8106844149	0.9262841078859564	0	0
kmer4_basic_train_centroid	interval|hg38|chr1|121277375|121277546|-|214919	human:hg38	chr1	coord|human:hg38|chr1|121277375|121277546|-|214919	hc|0958	FLAM_C	FLAM_C	0.8917534168	0.9262841078859564	0	1
kmer4_basic_train_centroid	interval|hg38|chr1|206295864|206296035|-|313952	human:hg38	chr1	coord|human:hg38|chr1|206295864|206296035|-|313952	hc|0958	FLAM_C	FLAM_C	0.8903512445	0.9262841078859564	0	1
kmer4_basic_train_centroid	interval|hg38|chr11|14744991|14745155|-|609450	human:hg38	chr11	coord|human:hg38|chr11|14744991|14745155|-|609450	hc|0968	FLAM_C	AluJr	0.7937606117	0.9262841078859564	0	0
kmer4_basic_train_centroid	interval|hg38|chr13|27506531|27506693|-|1034939	human:hg38	chr13	coord|human:hg38|chr13|27506531|27506693|-|1034939	hc|0973	FLAM_C	FLAM_C	0.8663936575	0.9262841078859564	0	1
kmer4_basic_train_centroid	interval|hg38|chr1|106701999|106703583|+|191553	human:hg38	chr1	coord|human:hg38|chr1|106701999|106703583|+|191553	hc|0788	L2	L2	0.9299205206	0.9262841078859564	1	1
kmer4_basic_train_centroid	interval|hg38|chr13|65927645|65928885|-|1091485	human:hg38	chr13	coord|human:hg38|chr13|65927645|65928885|-|1091485	hc|0799	L2	L2	0.9126492472	0.9262841078859564	0	1
kmer4_basic_train_centroid	interval|hg38|chr1|164180320|164181378|-|250014	human:hg38	chr1	coord|human:hg38|chr1|164180320|164181378|-|250014	hc|0810	L2	L2	0.9176919435	0.9262841078859564	0	1
kmer4_basic_train_centroid	interval|hg38|chr11|41892290|41893249|+|651076	human:hg38	chr11	coord|human:hg38|chr11|41892290|41893249|+|651076	hc|0817	L2	L2	0.9147171661	0.9262841078859564	0	1
kmer4_basic_train_centroid	interval|hg38|chr1|192762415|192763343|+|292952	human:hg38	chr1	coord|human:hg38|chr1|192762415|192763343|+|292952	hc|0821	L2	L2	0.9289272975	0.9262841078859564	1	1
kmer4_basic_train_centroid	interval|hg38|chr1|92907989|92908900|-|171958	human:hg38	chr1	coord|human:hg38|chr1|92907989|92908900|-|171958	hc|0824	L2	L2	0.9290220489	0.9262841078859564	1	1
kmer4_basic_train_centroid	interval|hg38|chr1|175559963|175561216|-|267617	human:hg38	chr1	coord|human:hg38|chr1|175559963|175561216|-|267617	hc|0865	L3	L3	0.9340590745	0.9262841078859564	1	1
kmer4_basic_train_centroid	interval|hg38|chr1|115376060|115377031|+|205871	human:hg38	chr1	coord|human:hg38|chr1|115376060|115377031|+|205871	hc|0866	L3	L3	0.9179509462	0.9262841078859564	0	1
kmer4_basic_train_centroid	interval|hg38|chr13|94943214|94944182|+|1128855	human:hg38	chr13	coord|human:hg38|chr13|94943214|94944182|+|1128855	hc|0867	L3	L3	0.9308448054	0.9262841078859564	1	1
kmer4_basic_train_centroid	interval|hg38|chr1|221560476|221561234|+|337077	human:hg38	chr1	coord|human:hg38|chr1|221560476|221561234|+|337077	hc|0877	L3	L3	0.8953640218	0.9262841078859564	0	1
kmer4_basic_train_centroid	interval|hg38|chr1|60068299|60068986|-|121401	human:hg38	chr1	coord|human:hg38|chr1|60068299|60068986|-|121401	hc|0882	L3	L3	0.8884060346	0.9262841078859564	0	1
kmer4_basic_train_centroid	interval|hg38|chr1|185491905|185492543|-|283713	human:hg38	chr1	coord|human:hg38|chr1|185491905|185492543|-|283713	hc|0890	L3	L3	0.8824732627	0.9262841078859564	0	1
kmer4_basic_train_centroid	interval|hg38|chr13|32448237|32448846|+|1042915	human:hg38	chr13	coord|human:hg38|chr13|32448237|32448846|+|1042915	hc|0897	L3	L3	0.8897020239	0.9262841078859564	0	1
kmer4_basic_train_centroid	interval|hg38|chr13|26132818|26133008|-|1032488	human:hg38	chr13	coord|human:hg38|chr13|26132818|26133008|-|1032488	hc|1025	MER5A	MER5A	0.7633234332	0.9262841078859564	0	1
kmer4_basic_train_centroid	interval|hg38|chr1|116173109|116173298|-|207142	human:hg38	chr1	coord|human:hg38|chr1|116173109|116173298|-|207142	hc|1034	MER5A	MER5A	0.7709832296	0.9262841078859564	0	1
kmer4_basic_train_centroid	interval|hg38|chr13|109330217|109330406|+|1149011	human:hg38	chr13	coord|human:hg38|chr13|109330217|109330406|+|1149011	hc|1039	MER5A	MER5A	0.7553026122	0.9262841078859564	0	1
kmer4_basic_train_centroid	interval|hg38|chr11|37688484|37688673|+|645340	human:hg38	chr11	coord|human:hg38|chr11|37688484|37688673|+|645340	hc|1043	MER5A	MER5A	0.7438846955	0.9262841078859564	0	1
kmer4_basic_train_centroid	interval|hg38|chr11|87960158|87960346|-|725499	human:hg38	chr11	coord|human:hg38|chr11|87960158|87960346|-|725499	hc|1052	MER5A	MER5A	0.7425688861	0.9262841078859564	0	1
kmer4_basic_train_centroid	interval|hg38|chr11|79244051|79244239|-|711160	human:hg38	chr11	coord|human:hg38|chr11|79244051|79244239|-|711160	hc|1059	MER5A	MIR3	0.7370977848	0.9262841078859564	0	0
kmer4_basic_train_centroid	interval|hg38|chr11|17682878|17683214|-|614237	human:hg38	chr11	coord|human:hg38|chr11|17682878|17683214|-|614237	hc|0120	MIR	MIRc	0.858616232	0.9262841078859564	0	0
kmer4_basic_train_centroid	interval|hg38|chr1|205488833|205489105|+|312550	human:hg38	chr1	coord|human:hg38|chr1|205488833|205489105|+|312550	hc|0124	MIR	MIRc	0.7412216064	0.9262841078859564	0	0
kmer4_basic_train_centroid	interval|hg38|chr13|60851003|60851268|-|1085231	human:hg38	chr13	coord|human:hg38|chr13|60851003|60851268|-|1085231	hc|0130	MIR	MIR	0.803089996	0.9262841078859564	0	1
kmer4_basic_train_centroid	interval|hg38|chr1|204487958|204488223|-|310684	human:hg38	chr1	coord|human:hg38|chr1|204487958|204488223|-|310684	hc|0131	MIR	MIRb	0.7934843941	0.9262841078859564	0	0
kmer4_basic_train_centroid	interval|hg38|chr1|178263260|178263524|-|271633	human:hg38	chr1	coord|human:hg38|chr1|178263260|178263524|-|271633	hc|0135	MIR	MIRc	0.7961776634	0.9262841078859564	0	0
kmer4_basic_train_centroid	interval|hg38|chr1|201087144|201087407|-|304438	human:hg38	chr1	coord|human:hg38|chr1|201087144|201087407|-|304438	hc|0138	MIR	MIR	0.7778816162	0.9262841078859564	0	1
kmer4_basic_train_centroid	interval|hg38|chr1|195834144|195834407|+|297028	human:hg38	chr1	coord|human:hg38|chr1|195834144|195834407|+|297028	hc|0141	MIR	MIR	0.6846462028	0.9262841078859564	0	1
kmer4_basic_train_centroid	interval|hg38|chr11|120146407|120146670|-|774610	human:hg38	chr11	coord|human:hg38|chr11|120146407|120146670|-|774610	hc|0142	MIR	MIRb	0.7367176136	0.9262841078859564	0	0
kmer4_basic_train_centroid	interval|hg38|chr1|115260156|115260418|+|205716	human:hg38	chr1	coord|human:hg38|chr1|115260156|115260418|+|205716	hc|0145	MIR	MIR	0.8163001508	0.9262841078859564	0	1
kmer4_basic_train_centroid	interval|hg38|chr1|157997127|157997389|+|240588	human:hg38	chr1	coord|human:hg38|chr1|157997127|157997389|+|240588	hc|0146	MIR	MIR	0.7136504382	0.9262841078859564	0	1
kmer4_basic_train_centroid	interval|hg38|chr13|39790122|39790383|+|1053620	human:hg38	chr13	coord|human:hg38|chr13|39790122|39790383|+|1053620	hc|0154	MIR	MIRc	0.7844665285	0.9262841078859564	0	0
kmer4_basic_train_centroid	interval|hg38|chr1|10787039|10787260|-|16483	human:hg38	chr1	coord|human:hg38|chr1|10787039|10787260|-|16483	hc|0507	MIR3	MIR3	0.6869672248	0.9262841078859564	0	1
kmer4_basic_train_centroid	interval|hg38|chr11|72088660|72088881|+|695954	human:hg38	chr11	coord|human:hg38|chr11|72088660|72088881|+|695954	hc|0509	MIR3	MIR3	0.7614254982	0.9262841078859564	0	1
kmer4_basic_train_centroid	interval|hg38|chr11|92345709|92345926|+|731517	human:hg38	chr11	coord|human:hg38|chr11|92345709|92345926|+|731517	hc|0511	MIR3	MIRb	0.7308127355	0.9262841078859564	0	0
kmer4_basic_train_centroid	interval|hg38|chr1|156965347|156965560|+|239002	human:hg38	chr1	coord|human:hg38|chr1|156965347|156965560|+|239002	hc|0514	MIR3	MIR3	0.6893021943	0.9262841078859564	0	1
kmer4_basic_train_centroid	interval|hg38|chr13|40350403|40350604|+|1054403	human:hg38	chr13	coord|human:hg38|chr13|40350403|40350604|+|1054403	hc|0538	MIR3	MIR3	0.6998758988	0.9262841078859564	0	1
kmer4_basic_train_centroid	interval|hg38|chr11|40320570|40320771|+|648820	human:hg38	chr11	coord|human:hg38|chr11|40320570|40320771|+|648820	hc|0539	MIR3	L3	0.7347829052	0.9262841078859564	0	0
kmer4_basic_train_centroid	interval|hg38|chr11|26633262|26633462|-|627690	human:hg38	chr11	coord|human:hg38|chr11|26633262|26633462|-|627690	hc|0541	MIR3	L3	0.6842832877	0.9262841078859564	0	0
kmer4_basic_train_centroid	interval|hg38|chr11|130436464|130436664|-|790637	human:hg38	chr11	coord|human:hg38|chr11|130436464|130436664|-|790637	hc|0542	MIR3	MIR3	0.6754780312	0.9262841078859564	0	1
kmer4_basic_train_centroid	interval|hg38|chr1|56039075|56039274|+|113524	human:hg38	chr1	coord|human:hg38|chr1|56039075|56039274|+|113524	hc|0543	MIR3	MIR3	0.7278454241	0.9262841078859564	0	1
kmer4_basic_train_centroid	interval|hg38|chr1|57401601|57401800|-|116197	human:hg38	chr1	coord|human:hg38|chr1|57401601|57401800|-|116197	hc|0546	MIR3	MIR3	0.7270848905	0.9262841078859564	0	1
kmer4_basic_train_centroid	interval|hg38|chr1|17595764|17596060|-|30300	human:hg38	chr1	coord|human:hg38|chr1|17595764|17596060|-|30300	hc|0001	MIRb	MIRb	0.706122993	0.9262841078859564	0	1
kmer4_basic_train_centroid	interval|hg38|chr1|118110852|118111117|+|210369	human:hg38	chr1	coord|human:hg38|chr1|118110852|118111117|+|210369	hc|0004	MIRb	MIR	0.8335018562	0.9262841078859564	0	0
kmer4_basic_train_centroid	interval|hg38|chr1|177770561|177770824|+|270820	human:hg38	chr1	coord|human:hg38|chr1|177770561|177770824|+|270820	hc|0006	MIRb	MIRc	0.7567825063	0.9262841078859564	0	0
kmer4_basic_train_centroid	interval|hg38|chr1|30049395|30049656|+|59400	human:hg38	chr1	coord|human:hg38|chr1|30049395|30049656|+|59400	hc|0013	MIRb	MSTA	0.7437848859	0.9262841078859564	0	0
kmer4_basic_train_centroid	interval|hg38|chr1|49173199|49173460|-|99040	human:hg38	chr1	coord|human:hg38|chr1|49173199|49173460|-|99040	hc|0014	MIRb	MIRc	0.7852691391	0.9262841078859564	0	0
kmer4_basic_train_centroid	interval|hg38|chr1|215812855|215813114|+|328988	human:hg38	chr1	coord|human:hg38|chr1|215812855|215813114|+|328988	hc|0023	MIRb	MIRc	0.7844121718	0.9262841078859564	0	0
kmer4_basic_train_centroid	interval|hg38|chr1|48485253|48485511|-|97699	human:hg38	chr1	coord|human:hg38|chr1|48485253|48485511|-|97699	hc|0030	MIRb	MIR	0.7648476162	0.9262841078859564	0	0
kmer4_basic_train_centroid	interval|hg38|chr1|15146959|15147216|+|25032	human:hg38	chr1	coord|human:hg38|chr1|15146959|15147216|+|25032	hc|0039	MIRb	MER5A	0.7164455744	0.9262841078859564	0	0
kmer4_basic_train_centroid	interval|hg38|chr1|18409434|18409690|+|32027	human:hg38	chr1	coord|human:hg38|chr1|18409434|18409690|+|32027	hc|0365	MIRc	MSTA	0.688985336	0.9262841078859564	0	0
kmer4_basic_train_centroid	interval|hg38|chr1|154518952|154519205|+|234180	human:hg38	chr1	coord|human:hg38|chr1|154518952|154519205|+|234180	hc|0375	MIRc	L3	0.7793281926	0.9262841078859564	0	0
kmer4_basic_train_centroid	interval|hg38|chr11|86787791|86788042|-|723650	human:hg38	chr11	coord|human:hg38|chr11|86787791|86788042|-|723650	hc|0388	MIRc	MIR3	0.7337217152	0.9262841078859564	0	0
kmer4_basic_train_centroid	interval|hg38|chr11|109649300|109649551|+|756882	human:hg38	chr11	coord|human:hg38|chr11|109649300|109649551|+|756882	hc|0389	MIRc	L3	0.7498346326	0.9262841078859564	0	0
kmer4_basic_train_centroid	interval|hg38|chr13|93594630|93595001|-|1126968	human:hg38	chr13	coord|human:hg38|chr13|93594630|93595001|-|1126968	hc|1180	MLT1A0	MLT1A0	0.8520930061	0.9262841078859564	0	1
kmer4_basic_train_centroid	interval|hg38|chr11|80422277|80422648|-|713307	human:hg38	chr11	coord|human:hg38|chr11|80422277|80422648|-|713307	hc|1182	MLT1A0	MLT1A0	0.8453414753	0.9262841078859564	0	1
kmer4_basic_train_centroid	interval|hg38|chr11|103361120|103361490|+|747247	human:hg38	chr11	coord|human:hg38|chr11|103361120|103361490|+|747247	hc|1186	MLT1A0	MLT1A0	0.8592738111	0.9262841078859564	0	1
kmer4_basic_train_centroid	interval|hg38|chr1|230776034|230776402|-|352429	human:hg38	chr1	coord|human:hg38|chr1|230776034|230776402|-|352429	hc|1195	MLT1A0	MLT1A0	0.8557361384	0.9262841078859564	0	1
kmer4_basic_train_centroid	interval|hg38|chr13|93104826|93105194|+|1126379	human:hg38	chr13	coord|human:hg38|chr13|93104826|93105194|+|1126379	hc|1197	MLT1A0	MLT1A0	0.8509324225	0.9262841078859564	0	1
kmer4_basic_train_centroid	interval|hg38|chr11|11511587|11511955|+|604100	human:hg38	chr11	coord|human:hg38|chr11|11511587|11511955|+|604100	hc|1204	MLT1A0	MLT1A0	0.8417100931	0.9262841078859564	0	1
kmer4_basic_train_centroid	interval|hg38|chr1|216537061|216537429|+|329857	human:hg38	chr1	coord|human:hg38|chr1|216537061|216537429|+|329857	hc|1205	MLT1A0	MLT1A0	0.83004589	0.9262841078859564	0	1
kmer4_basic_train_centroid	interval|hg38|chr1|233552614|233552982|+|356749	human:hg38	chr1	coord|human:hg38|chr1|233552614|233552982|+|356749	hc|1206	MLT1A0	MLT1A0	0.8437082686	0.9262841078859564	0	1
kmer4_basic_train_centroid	interval|hg38|chr13|74861844|74862212|+|1102905	human:hg38	chr13	coord|human:hg38|chr13|74861844|74862212|+|1102905	hc|1209	MLT1A0	MLT1A0	0.8809635413	0.9262841078859564	0	1
kmer4_basic_train_centroid	interval|hg38|chr1|39271118|39271551|-|79084	human:hg38	chr1	coord|human:hg38|chr1|39271118|39271551|-|79084	hc|1103	MSTA	MSTA	0.8879944735	0.9262841078859564	0	1
kmer4_basic_train_centroid	interval|hg38|chr1|158504271|158504703|-|241301	human:hg38	chr1	coord|human:hg38|chr1|158504271|158504703|-|241301	hc|1104	MSTA	MSTA	0.8561355744	0.9262841078859564	0	1
kmer4_basic_train_centroid	interval|hg38|chr1|70425502|70425933|-|139372	human:hg38	chr1	coord|human:hg38|chr1|70425502|70425933|-|139372	hc|1107	MSTA	MSTA	0.9067157071	0.9262841078859564	0	1
kmer4_basic_train_centroid	interval|hg38|chr11|27261709|27262139|-|628626	human:hg38	chr11	coord|human:hg38|chr11|27261709|27262139|-|628626	hc|1110	MSTA	MSTA	0.878992741	0.9262841078859564	0	1
kmer4_basic_train_centroid	interval|hg38|chr1|6855251|6855679|-|8968	human:hg38	chr1	coord|human:hg38|chr1|6855251|6855679|-|8968	hc|1116	MSTA	MSTA	0.8918836106	0.9262841078859564	0	1
kmer4_basic_train_centroid	interval|hg38|chr1|165081178|165081604|-|251271	human:hg38	chr1	coord|human:hg38|chr1|165081178|165081604|-|251271	hc|1125	MSTA	MSTA	0.8958468674	0.9262841078859564	0	1
kmer4_basic_train_centroid	interval|hg38|chr1|16778473|16778899|-|28488	human:hg38	chr1	coord|human:hg38|chr1|16778473|16778899|-|28488	hc|1127	MSTA	MSTA	0.8921081729	0.9262841078859564	0	1
kmer4_basic_train_centroid	interval|hg38|chr1|234803657|234804083|+|358716	human:hg38	chr1	coord|human:hg38|chr1|234803657|234804083|+|358716	hc|1127	MSTA	MSTA	0.8921102475	0.9262841078859564	0	1
kmer4_basic_train_centroid	interval|hg38|chr1|72838319|72838745|+|142592	human:hg38	chr1	coord|human:hg38|chr1|72838319|72838745|+|142592	hc|1130	MSTA	MSTA	0.8944865028	0.9262841078859564	0	1
kmer4_basic_train_centroid	interval|hg38|chr1|227426183|227426609|-|347368	human:hg38	chr1	coord|human:hg38|chr1|227426183|227426609|-|347368	hc|1133	MSTA	MSTA	0.9172571798	0.9262841078859564	0	1
kmer4_basic_train_centroid	interval|hg38|chr13|110764425|110764851|+|1150752	human:hg38	chr13	coord|human:hg38|chr13|110764425|110764851|+|1150752	hc|1134	MSTA	MSTA	0.9148589932	0.9262841078859564	0	1
kmer4_basic_train_centroid	interval|hg38|chr1|231876067|231876493|+|354328	human:hg38	chr1	coord|human:hg38|chr1|231876067|231876493|+|354328	hc|1138	MSTA	MSTA	0.8785466575	0.9262841078859564	0	1
kmer4_basic_train_centroid	interval|hg38|chr1|223046494|223046863|-|339402	human:hg38	chr1	coord|human:hg38|chr1|223046494|223046863|-|339402	hc|1385	THE1B	THE1B	0.8834328378	0.9262841078859564	0	1
kmer4_basic_train_centroid	interval|hg38|chr1|49187824|49188193|+|99070	human:hg38	chr1	coord|human:hg38|chr1|49187824|49188193|+|99070	hc|1387	THE1B	THE1B	0.893984985	0.9262841078859564	0	1
kmer4_basic_train_centroid	interval|hg38|chr1|235008729|235009098|-|359088	human:hg38	chr1	coord|human:hg38|chr1|235008729|235009098|-|359088	hc|1393	THE1B	THE1B	0.9042968513	0.9262841078859564	0	1
kmer4_basic_train_centroid	interval|hg38|chr13|55835770|55836139|+|1078771	human:hg38	chr13	coord|human:hg38|chr13|55835770|55836139|+|1078771	hc|1396	THE1B	THE1B	0.8997715523	0.9262841078859564	0	1
kmer4_basic_train_centroid	interval|hg38|chr13|65203411|65203780|+|1090603	human:hg38	chr13	coord|human:hg38|chr13|65203411|65203780|+|1090603	hc|1398	THE1B	THE1B	0.9114773489	0.9262841078859564	0	1
kmer4_basic_train_centroid	interval|hg38|chr13|103267225|103267594|+|1141746	human:hg38	chr13	coord|human:hg38|chr13|103267225|103267594|+|1141746	hc|1399	THE1B	THE1B	0.9082365299	0.9262841078859564	0	1
kmer4_basic_train_centroid	interval|hg38|chr1|78120524|78120892|-|150333	human:hg38	chr1	coord|human:hg38|chr1|78120524|78120892|-|150333	hc|1402	THE1B	THE1B	0.9153912473	0.9262841078859564	0	1
kmer4_basic_train_centroid	interval|hg38|chr13|32104654|32105022|+|1042390	human:hg38	chr13	coord|human:hg38|chr13|32104654|32105022|+|1042390	hc|1409	THE1B	THE1B	0.8893775267	0.9262841078859564	0	1
kmer6_single_train_medoid	interval|hg38|chr13|61060225|61060586|-|1085518	human:hg38	chr13	coord|human:hg38|chr13|61060225|61060586|-|1085518	hc|0198	AluJb	AluY	0.638076572	0.8124378197361546	0	0
kmer6_single_train_medoid	interval|hg38|chr1|13746501|13746853|-|22298	human:hg38	chr1	coord|human:hg38|chr1|13746501|13746853|-|22298	hc|0200	AluJb	AluY	0.6320796962	0.8124378197361546	0	0
kmer6_single_train_medoid	interval|hg38|chr1|204583666|204584007|+|310906	human:hg38	chr1	coord|human:hg38|chr1|204583666|204584007|+|310906	hc|0201	AluJb	AluSp	0.5163812534	0.8124378197361546	0	0
kmer6_single_train_medoid	interval|hg38|chr11|111559418|111559757|-|759912	human:hg38	chr11	coord|human:hg38|chr11|111559418|111559757|-|759912	hc|0206	AluJb	AluY	0.5107977537	0.8124378197361546	0	0
kmer6_single_train_medoid	interval|hg38|chr13|104776246|104776583|-|1143493	human:hg38	chr13	coord|human:hg38|chr13|104776246|104776583|-|1143493	hc|0209	AluJb	AluJo	0.4019878522	0.8124378197361546	0	0
kmer6_single_train_medoid	interval|hg38|chr11|9471897|9472228|-|600438	human:hg38	chr11	coord|human:hg38|chr11|9471897|9472228|-|600438	hc|0217	AluJb	AluSx4	0.6724317766	0.8124378197361546	0	0
kmer6_single_train_medoid	interval|hg38|chr1|28499446|28499775|-|55882	human:hg38	chr1	coord|human:hg38|chr1|28499446|28499775|-|55882	hc|0223	AluJb	AluJo	0.3370809734	0.8124378197361546	0	0
kmer6_single_train_medoid	interval|hg38|chr1|10190176|10190505|-|15467	human:hg38	chr1	coord|human:hg38|chr1|10190176|10190505|-|15467	hc|0224	AluJb	AluY	0.6434456355	0.8124378197361546	0	0
kmer6_single_train_medoid	interval|hg38|chr13|66512789|66513117|-|1092167	human:hg38	chr13	coord|human:hg38|chr13|66512789|66513117|-|1092167	hc|0228	AluJb	AluJo	0.5090492045	0.8124378197361546	0	0
kmer6_single_train_medoid	interval|hg38|chr1|12681220|12681548|-|20481	human:hg38	chr1	coord|human:hg38|chr1|12681220|12681548|-|20481	hc|0229	AluJb	FLAM_C	0.7297466564	0.8124378197361546	0	0
kmer6_single_train_medoid	interval|hg38|chr1|28994633|28994959|-|57285	human:hg38	chr1	coord|human:hg38|chr1|28994633|28994959|-|57285	hc|0234	AluJb	AluY	0.590102767	0.8124378197361546	0	0
kmer6_single_train_medoid	interval|hg38|chr1|21917149|21917494|+|39669	human:hg38	chr1	coord|human:hg38|chr1|21917149|21917494|+|39669	hc|0429	AluJo	AluY	0.5998950276	0.8124378197361546	0	0
kmer6_single_train_medoid	interval|hg38|chr11|83108441|83108783|-|717560	human:hg38	chr11	coord|human:hg38|chr11|83108441|83108783|-|717560	hc|0432	AluJo	AluSz6	0.6638584366	0.8124378197361546	0	0
kmer6_single_train_medoid	interval|hg38|chr11|20525408|20525749|-|619259	human:hg38	chr11	coord|human:hg38|chr11|20525408|20525749|-|619259	hc|0433	AluJo	AluSz6	0.7229665054	0.8124378197361546	0	0
kmer6_single_train_medoid	interval|hg38|chr1|229536218|229536553|+|350406	human:hg38	chr1	coord|human:hg38|chr1|229536218|229536553|+|350406	hc|0435	AluJo	AluJo	0.4160932153	0.8124378197361546	0	1
kmer6_single_train_medoid	interval|hg38|chr1|58180260|58180594|-|117763	human:hg38	chr1	coord|human:hg38|chr1|58180260|58180594|-|117763	hc|0437	AluJo	FLAM_A	0.8217188722	0.8124378197361546	1	0
kmer6_single_train_medoid	interval|hg38|chr13|110538323|110538656|+|1150355	human:hg38	chr13	coord|human:hg38|chr13|110538323|110538656|+|1150355	hc|0438	AluJo	AluSx3	0.7164582311	0.8124378197361546	0	0
kmer6_single_train_medoid	interval|hg38|chr1|35051946|35052277|-|70225	human:hg38	chr1	coord|human:hg38|chr1|35051946|35052277|-|70225	hc|0440	AluJo	AluJo	0.3942223111	0.8124378197361546	0	1
kmer6_single_train_medoid	interval|hg38|chr11|82793727|82794055|+|716968	human:hg38	chr11	coord|human:hg38|chr11|82793727|82794055|+|716968	hc|0445	AluJo	AluSp	0.4130335451	0.8124378197361546	0	0
kmer6_single_train_medoid	interval|hg38|chr1|28378927|28379254|-|55570	human:hg38	chr1	coord|human:hg38|chr1|28378927|28379254|-|55570	hc|0447	AluJo	AluY	0.5304259204	0.8124378197361546	0	0
kmer6_single_train_medoid	interval|hg38|chr13|35496352|35496677|+|1047554	human:hg38	chr13	coord|human:hg38|chr13|35496352|35496677|+|1047554	hc|0449	AluJo	FLAM_C	0.6813839888	0.8124378197361546	0	0
kmer6_single_train_medoid	interval|hg38|chr13|98628141|98628463|-|1134788	human:hg38	chr13	coord|human:hg38|chr13|98628141|98628463|-|1134788	hc|0451	AluJo	AluSz6	0.6223595372	0.8124378197361546	0	0
kmer6_single_train_medoid	interval|hg38|chr13|28115945|28116263|-|1036072	human:hg38	chr13	coord|human:hg38|chr13|28115945|28116263|-|1036072	hc|0457	AluJo	AluSq2	0.7762578777	0.8124378197361546	0	0
kmer6_single_train_medoid	interval|hg38|chr13|52875454|52875772|-|1074969	human:hg38	chr13	coord|human:hg38|chr13|52875454|52875772|-|1074969	hc|0460	AluJo	FLAM_A	0.6558959999	0.8124378197361546	0	0
kmer6_single_train_medoid	interval|hg38|chr11|18226148|18226465|+|615198	human:hg38	chr11	coord|human:hg38|chr11|18226148|18226465|+|615198	hc|0466	AluJo	AluJb	0.4654507995	0.8124378197361546	0	0
kmer6_single_train_medoid	interval|hg38|chr11|33549721|33550061|+|638718	human:hg38	chr11	coord|human:hg38|chr11|33549721|33550061|+|638718	hc|0392	AluJr	AluSp	0.648117408	0.8124378197361546	0	0
kmer6_single_train_medoid	interval|hg38|chr1|212648304|212648644|-|324291	human:hg38	chr1	coord|human:hg38|chr1|212648304|212648644|-|324291	hc|0393	AluJr	AluY	0.5368965474	0.8124378197361546	0	0
kmer6_single_train_medoid	interval|hg38|chr13|98692136|98692458|-|1134927	human:hg38	chr13	coord|human:hg38|chr13|98692136|98692458|-|1134927	hc|0407	AluJr	FLAM_C	0.8284353841	0.8124378197361546	1	0
kmer6_single_train_medoid	interval|hg38|chr1|99955784|99956103|-|182545	human:hg38	chr1	coord|human:hg38|chr1|99955784|99956103|-|182545	hc|0411	AluJr	AluY	0.5063644658	0.8124378197361546	0	0
kmer6_single_train_medoid	interval|hg38|chr1|173119364|173119679|-|263675	human:hg38	chr1	coord|human:hg38|chr1|173119364|173119679|-|263675	hc|1080	AluJr4	AluSz	0.4491162219	0.8124378197361546	0	0
kmer6_single_train_medoid	interval|hg38|chr1|173888414|173888729|-|264940	human:hg38	chr1	coord|human:hg38|chr1|173888414|173888729|-|264940	hc|1083	AluJr4	AluSq	0.401605258	0.8124378197361546	0	0
kmer6_single_train_medoid	interval|hg38|chr1|24968046|24968360|-|47067	human:hg38	chr1	coord|human:hg38|chr1|24968046|24968360|-|47067	hc|1086	AluJr4	FLAM_A	0.7104246113	0.8124378197361546	0	0
kmer6_single_train_medoid	interval|hg38|chr11|108636204|108636518|+|755370	human:hg38	chr11	coord|human:hg38|chr11|108636204|108636518|+|755370	hc|1090	AluJr4	AluJb	0.4385461489	0.8124378197361546	0	0
kmer6_single_train_medoid	interval|hg38|chr1|217611897|217612210|+|331186	human:hg38	chr1	coord|human:hg38|chr1|217611897|217612210|+|331186	hc|1093	AluJr4	AluSx3	0.4356119829	0.8124378197361546	0	0
kmer6_single_train_medoid	interval|hg38|chr1|94969079|94969392|-|175426	human:hg38	chr1	coord|human:hg38|chr1|94969079|94969392|-|175426	hc|1098	AluJr4	AluSz	0.4497522565	0.8124378197361546	0	0
kmer6_single_train_medoid	interval|hg38|chr1|171453717|171454030|-|261220	human:hg38	chr1	coord|human:hg38|chr1|171453717|171454030|-|261220	hc|1099	AluJr4	AluSp	0.4242651898	0.8124378197361546	0	0
kmer6_single_train_medoid	interval|hg38|chr1|143696235|143696567|-|216021	human:hg38	chr1	coord|human:hg38|chr1|143696235|143696567|-|216021	hc|0676	AluSc	AluSp	0.4717102076	0.8124378197361546	0	0
kmer6_single_train_medoid	interval|hg38|chr11|130039964|130040291|+|789901	human:hg38	chr11	coord|human:hg38|chr11|130039964|130040291|+|789901	hc|0689	AluSc	AluY	0.3747027622	0.8124378197361546	0	0
kmer6_single_train_medoid	interval|hg38|chr13|64285385|64285710|-|1089450	human:hg38	chr13	coord|human:hg38|chr13|64285385|64285710|-|1089450	hc|0692	AluSc	AluSc8	0.7999115776	0.8124378197361546	0	0
kmer6_single_train_medoid	interval|hg38|chr1|108915400|108915724|-|194778	human:hg38	chr1	coord|human:hg38|chr1|108915400|108915724|-|194778	hc|0694	AluSc	AluSq	0.6138036451	0.8124378197361546	0	0
kmer6_single_train_medoid	interval|hg38|chr13|77939715|77940039|+|1107294	human:hg38	chr13	coord|human:hg38|chr13|77939715|77940039|+|1107294	hc|0696	AluSc	AluY	0.6630751771	0.8124378197361546	0	0
kmer6_single_train_medoid	interval|hg38|chr11|73035696|73036018|-|697828	human:hg38	chr11	coord|human:hg38|chr11|73035696|73036018|-|697828	hc|0704	AluSc	AluY	0.6790174805	0.8124378197361546	0	0
kmer6_single_train_medoid	interval|hg38|chr1|183643262|183643590|-|280733	human:hg38	chr1	coord|human:hg38|chr1|183643262|183643590|-|280733	hc|0832	AluSc8	AluY	0.6871059088	0.8124378197361546	0	0
kmer6_single_train_medoid	interval|hg38|chr1|155585241|155585568|+|236340	human:hg38	chr1	coord|human:hg38|chr1|155585241|155585568|+|236340	hc|0833	AluSc8	AluSq	0.7441001574	0.8124378197361546	0	0
kmer6_single_train_medoid	interval|hg38|chr13|103483393|103483717|-|1142024	human:hg38	chr13	coord|human:hg38|chr13|103483393|103483717|-|1142024	hc|0841	AluSc8	AluY	0.6933305348	0.8124378197361546	0	0
kmer6_single_train_medoid	interval|hg38|chr1|20584097|20584414|+|36774	human:hg38	chr1	coord|human:hg38|chr1|20584097|20584414|+|36774	hc|0859	AluSc8	AluSg	0.7329506066	0.8124378197361546	0	0
kmer6_single_train_medoid	interval|hg38|chr1|85945002|85945318|-|161108	human:hg38	chr1	coord|human:hg38|chr1|85945002|85945318|-|161108	hc|0864	AluSc8	AluSc8	0.851647857	0.8124378197361546	1	1
kmer6_single_train_medoid	interval|hg38|chr1|227737992|227738333|-|347749	human:hg38	chr1	coord|human:hg38|chr1|227737992|227738333|-|347749	hc|0629	AluSg	AluSp	0.6499766943	0.8124378197361546	0	0
kmer6_single_train_medoid	interval|hg38|chr1|69853245|69853576|-|138517	human:hg38	chr1	coord|human:hg38|chr1|69853245|69853576|-|138517	hc|0638	AluSg	AluSc8	0.8281112618	0.8124378197361546	1	0
kmer6_single_train_medoid	interval|hg38|chr1|206818780|206819109|-|314788	human:hg38	chr1	coord|human:hg38|chr1|206818780|206819109|-|314788	hc|0642	AluSg	AluSz	0.6680843224	0.8124378197361546	0	0
kmer6_single_train_medoid	interval|hg38|chr1|6529309|6529637|+|8260	human:hg38	chr1	coord|human:hg38|chr1|6529309|6529637|+|8260	hc|0644	AluSg	AluY	0.6403299776	0.8124378197361546	0	0
kmer6_single_train_medoid	interval|hg38|chr1|151643264|151643592|-|229379	human:hg38	chr1	coord|human:hg38|chr1|151643264|151643592|-|229379	hc|0646	AluSg	AluY	0.6349835658	0.8124378197361546	0	0
kmer6_single_train_medoid	interval|hg38|chr1|200552915|200553235|-|303482	human:hg38	chr1	coord|human:hg38|chr1|200552915|200553235|-|303482	hc|0663	AluSg	AluY	0.6432666126	0.8124378197361546	0	0
kmer6_single_train_medoid	interval|hg38|chr1|236972669|236972989|+|362967	human:hg38	chr1	coord|human:hg38|chr1|236972669|236972989|+|362967	hc|0664	AluSg	AluSp	0.3770674957	0.8124378197361546	0	0
kmer6_single_train_medoid	interval|hg38|chr11|4663071|4663414|+|593281	human:hg38	chr11	coord|human:hg38|chr11|4663071|4663414|+|593281	hc|0468	AluSp	AluSp	0.361562309	0.8124378197361546	0	1
kmer6_single_train_medoid	interval|hg38|chr13|33872451|33872793|+|1045239	human:hg38	chr13	coord|human:hg38|chr13|33872451|33872793|+|1045239	hc|0469	AluSp	AluSp	0.474099823	0.8124378197361546	0	1
kmer6_single_train_medoid	interval|hg38|chr1|230845401|230845741|+|352530	human:hg38	chr1	coord|human:hg38|chr1|230845401|230845741|+|352530	hc|0471	AluSp	AluY	0.5389958266	0.8124378197361546	0	0
kmer6_single_train_medoid	interval|hg38|chr1|112735388|112735726|+|201071	human:hg38	chr1	coord|human:hg38|chr1|112735388|112735726|+|201071	hc|0476	AluSp	AluSp	0.6925382316	0.8124378197361546	0	1
kmer6_single_train_medoid	interval|hg38|chr1|72149600|72149934|+|141771	human:hg38	chr1	coord|human:hg38|chr1|72149600|72149934|+|141771	hc|0484	AluSp	AluSq2	0.7674815319	0.8124378197361546	0	0
kmer6_single_train_medoid	interval|hg38|chr11|42106182|42106515|+|651362	human:hg38	chr11	coord|human:hg38|chr11|42106182|42106515|+|651362	hc|0487	AluSp	AluSp	0.7555742256	0.8124378197361546	0	1
kmer6_single_train_medoid	interval|hg38|chr11|71732386|71732718|-|695294	human:hg38	chr11	coord|human:hg38|chr11|71732386|71732718|-|695294	hc|0490	AluSp	AluSq2	0.7617241238	0.8124378197361546	0	0
kmer6_single_train_medoid	interval|hg38|chr1|214495663|214495994|-|327198	human:hg38	chr1	coord|human:hg38|chr1|214495663|214495994|-|327198	hc|0493	AluSp	AluY	0.6397465156	0.8124378197361546	0	0
kmer6_single_train_medoid	interval|hg38|chr11|8779485|8779814|-|598973	human:hg38	chr11	coord|human:hg38|chr11|8779485|8779814|-|598973	hc|0497	AluSp	AluSg	0.5999966973	0.8124378197361546	0	0
kmer6_single_train_medoid	interval|hg38|chr1|242555877|242556205|-|371508	human:hg38	chr1	coord|human:hg38|chr1|242555877|242556205|-|371508	hc|0501	AluSp	FLAM_C	0.8657202141	0.8124378197361546	1	0
kmer6_single_train_medoid	interval|hg38|chr1|1477677|1478003|-|1840	human:hg38	chr1	coord|human:hg38|chr1|1477677|1478003|-|1840	hc|0505	AluSp	AluY	0.5022112744	0.8124378197361546	0	0
kmer6_single_train_medoid	interval|hg38|chr1|240620855|240621195|-|368285	human:hg38	chr1	coord|human:hg38|chr1|240620855|240621195|-|368285	hc|0985	AluSq	AluY	0.6297038818	0.8124378197361546	0	0
kmer6_single_train_medoid	interval|hg38|chr1|241040465|241040787|-|368964	human:hg38	chr1	coord|human:hg38|chr1|241040465|241040787|-|368964	hc|0994	AluSq	AluY	0.6163410633	0.8124378197361546	0	0
kmer6_single_train_medoid	interval|hg38|chr1|92143489|92143811|-|170472	human:hg38	chr1	coord|human:hg38|chr1|92143489|92143811|-|170472	hc|0995	AluSq	AluY	0.5772535454	0.8124378197361546	0	0
kmer6_single_train_medoid	interval|hg38|chr1|225704954|225705275|+|344033	human:hg38	chr1	coord|human:hg38|chr1|225704954|225705275|+|344033	hc|0996	AluSq	AluSp	0.8594974735	0.8124378197361546	1	0
kmer6_single_train_medoid	interval|hg38|chr13|19821665|19821985|+|1022527	human:hg38	chr13	coord|human:hg38|chr13|19821665|19821985|+|1022527	hc|1000	AluSq	AluY	0.6371774024	0.8124378197361546	0	0
kmer6_single_train_medoid	interval|hg38|chr1|199990500|199990818|-|302443	human:hg38	chr1	coord|human:hg38|chr1|199990500|199990818|-|302443	hc|1010	AluSq	AluY	0.6135960541	0.8124378197361546	0	0
kmer6_single_train_medoid	interval|hg38|chr1|235041713|235042030|-|359184	human:hg38	chr1	coord|human:hg38|chr1|235041713|235042030|-|359184	hc|1022	AluSq	FLAM_A	0.8099261994	0.8124378197361546	0	0
kmer6_single_train_medoid	interval|hg38|chr1|117133712|117134055|+|208740	human:hg38	chr1	coord|human:hg38|chr1|117133712|117134055|+|208740	hc|0317	AluSq2	AluSx3	0.7019189029	0.8124378197361546	0	0
kmer6_single_train_medoid	interval|hg38|chr13|52748111|52748453|+|1074758	human:hg38	chr13	coord|human:hg38|chr13|52748111|52748453|+|1074758	hc|0318	AluSq2	AluJo	0.4698967117	0.8124378197361546	0	0
kmer6_single_train_medoid	interval|hg38|chr1|53790083|53790424|+|108852	human:hg38	chr1	coord|human:hg38|chr1|53790083|53790424|+|108852	hc|0323	AluSq2	AluY	0.6489194692	0.8124378197361546	0	0
kmer6_single_train_medoid	interval|hg38|chr11|35315511|35315851|+|641617	human:hg38	chr11	coord|human:hg38|chr11|35315511|35315851|+|641617	hc|0326	AluSq2	AluSx3	0.6805665731	0.8124378197361546	0	0
kmer6_single_train_medoid	interval|hg38|chr11|80842044|80842384|-|713977	human:hg38	chr11	coord|human:hg38|chr11|80842044|80842384|-|713977	hc|0327	AluSq2	AluSx3	0.7410452434	0.8124378197361546	0	0
kmer6_single_train_medoid	interval|hg38|chr13|62416751|62417090|+|1087198	human:hg38	chr13	coord|human:hg38|chr13|62416751|62417090|+|1087198	hc|0330	AluSq2	AluSp	0.5664066682	0.8124378197361546	0	0
kmer6_single_train_medoid	interval|hg38|chr13|49829338|49829675|+|1070140	human:hg38	chr13	coord|human:hg38|chr13|49829338|49829675|+|1070140	hc|0333	AluSq2	AluSq2	0.8292932785	0.8124378197361546	1	1
kmer6_single_train_medoid	interval|hg38|chr13|60541129|60541466|-|1084796	human:hg38	chr13	coord|human:hg38|chr13|60541129|60541466|-|1084796	hc|0334	AluSq2	AluSz	0.5820747185	0.8124378197361546	0	0
kmer6_single_train_medoid	interval|hg38|chr11|63536245|63536581|+|679684	human:hg38	chr11	coord|human:hg38|chr11|63536245|63536581|+|679684	hc|0337	AluSq2	AluSx	0.5361512397	0.8124378197361546	0	0
kmer6_single_train_medoid	interval|hg38|chr11|37840530|37840866|-|645511	human:hg38	chr11	coord|human:hg38|chr11|37840530|37840866|-|645511	hc|0338	AluSq2	AluY	0.6728720698	0.8124378197361546	0	0
kmer6_single_train_medoid	interval|hg38|chr1|241461063|241461398|+|369648	human:hg38	chr1	coord|human:hg38|chr1|241461063|241461398|+|369648	hc|0340	AluSq2	AluSx4	0.7153298696	0.8124378197361546	0	0
kmer6_single_train_medoid	interval|hg38|chr1|154973228|154973559|+|235039	human:hg38	chr1	coord|human:hg38|chr1|154973228|154973559|+|235039	hc|0350	AluSq2	AluSq2	0.7575545846	0.8124378197361546	0	1
kmer6_single_train_medoid	interval|hg38|chr1|201033351|201033695|-|304357	human:hg38	chr1	coord|human:hg38|chr1|201033351|201033695|-|304357	hc|0043	AluSx	AluJo	0.4999681876	0.8124378197361546	0	0
kmer6_single_train_medoid	interval|hg38|chr1|233061718|233062058|-|355967	human:hg38	chr1	coord|human:hg38|chr1|233061718|233062058|-|355967	hc|0051	AluSx	AluSp	0.5977650302	0.8124378197361546	0	0
kmer6_single_train_medoid	interval|hg38|chr1|53699024|53699363|-|108621	human:hg38	chr1	coord|human:hg38|chr1|53699024|53699363|-|108621	hc|0054	AluSx	AluSp	0.5272233583	0.8124378197361546	0	0
kmer6_single_train_medoid	interval|hg38|chr11|70237593|70237930|+|693037	human:hg38	chr11	coord|human:hg38|chr11|70237593|70237930|+|693037	hc|0061	AluSx	AluSx	0.7556050691	0.8124378197361546	0	1
kmer6_single_train_medoid	interval|hg38|chr1|105626455|105626791|-|190246	human:hg38	chr1	coord|human:hg38|chr1|105626455|105626791|-|190246	hc|0064	AluSx	AluY	0.5967173912	0.8124378197361546	0	0
kmer6_single_train_medoid	interval|hg38|chr1|25075374|25075709|+|47296	human:hg38	chr1	coord|human:hg38|chr1|25075374|25075709|+|47296	hc|0065	AluSx	AluSx1	0.3417864447	0.8124378197361546	0	0
kmer6_single_train_medoid	interval|hg38|chr13|24753874|24754215|+|1030461	human:hg38	chr13	coord|human:hg38|chr13|24753874|24754215|+|1030461	hc|0088	AluSx1	AluY	0.6292005251	0.8124378197361546	0	0
kmer6_single_train_medoid	interval|hg38|chr1|105990600|105990939|-|190680	human:hg38	chr1	coord|human:hg38|chr1|105990600|105990939|-|190680	hc|0093	AluSx1	AluSp	0.578686342	0.8124378197361546	0	0
kmer6_single_train_medoid	interval|hg38|chr11|9830458|9830796|+|601214	human:hg38	chr11	coord|human:hg38|chr11|9830458|9830796|+|601214	hc|0096	AluSx1	AluSp	0.6803294564	0.8124378197361546	0	0
kmer6_single_train_medoid	interval|hg38|chr1|218854792|218855129|-|333052	human:hg38	chr1	coord|human:hg38|chr1|218854792|218855129|-|333052	hc|0103	AluSx1	AluSp	0.4790400628	0.8124378197361546	0	0
kmer6_single_train_medoid	interval|hg38|chr13|20124699|20125035|+|1023256	human:hg38	chr13	coord|human:hg38|chr13|20124699|20125035|+|1023256	hc|0110	AluSx1	FLAM_A	0.8583079054	0.8124378197361546	1	0
kmer6_single_train_medoid	interval|hg38|chr1|20594505|20594840|+|36800	human:hg38	chr1	coord|human:hg38|chr1|20594505|20594840|+|36800	hc|0114	AluSx1	AluSz	0.6499121107	0.8124378197361546	0	0
kmer6_single_train_medoid	interval|hg38|chr13|101337273|101337607|-|1139214	human:hg38	chr13	coord|human:hg38|chr13|101337273|101337607|-|1139214	hc|0118	AluSx1	AluY	0.6446446476	0.8124378197361546	0	0
kmer6_single_train_medoid	interval|hg38|chr13|105587264|105587598|+|1144405	human:hg38	chr13	coord|human:hg38|chr13|105587264|105587598|+|1144405	hc|0119	AluSx1	AluSp	0.5386979774	0.8124378197361546	0	0
kmer6_single_train_medoid	interval|hg38|chr13|91330328|91330671|-|1124079	human:hg38	chr13	coord|human:hg38|chr13|91330328|91330671|-|1124079	hc|0747	AluSx3	AluY	0.6995637605	0.8124378197361546	0	0
kmer6_single_train_medoid	interval|hg38|chr1|63170590|63170920|-|127060	human:hg38	chr1	coord|human:hg38|chr1|63170590|63170920|-|127060	hc|0758	AluSx3	AluSg	0.8024527104	0.8124378197361546	0	0
kmer6_single_train_medoid	interval|hg38|chr11|63600578|63600903|-|679842	human:hg38	chr11	coord|human:hg38|chr11|63600578|63600903|-|679842	hc|0764	AluSx3	AluSp	0.5032311499	0.8124378197361546	0	0
kmer6_single_train_medoid	interval|hg38|chr13|51888620|51888944|-|1073349	human:hg38	chr13	coord|human:hg38|chr13|51888620|51888944|-|1073349	hc|0765	AluSx3	AluSx3	0.8431754771	0.8124378197361546	1	1
kmer6_single_train_medoid	interval|hg38|chr1|53790424|53790744|+|108853	human:hg38	chr1	coord|human:hg38|chr1|53790424|53790744|+|108853	hc|0323	AluSx3	AluY	0.4937087272	0.8124378197361546	0	0
kmer6_single_train_medoid	interval|hg38|chr13|36726380|36726699|-|1049349	human:hg38	chr13	coord|human:hg38|chr13|36726380|36726699|-|1049349	hc|0775	AluSx3	AluSx3	0.8321517224	0.8124378197361546	1	1
kmer6_single_train_medoid	interval|hg38|chr1|150614803|150615122|-|227116	human:hg38	chr1	coord|human:hg38|chr1|150614803|150615122|-|227116	hc|0776	AluSx3	AluSq2	0.8456017405	0.8124378197361546	1	0
kmer6_single_train_medoid	interval|hg38|chr1|52722545|52722863|-|106500	human:hg38	chr1	coord|human:hg38|chr1|52722545|52722863|-|106500	hc|0777	AluSx3	AluSg	0.7899968034	0.8124378197361546	0	0
kmer6_single_train_medoid	interval|hg38|chr1|241467706|241468024|+|369668	human:hg38	chr1	coord|human:hg38|chr1|241467706|241468024|+|369668	hc|0778	AluSx3	AluSp	0.5901312124	0.8124378197361546	0	0
kmer6_single_train_medoid	interval|hg38|chr1|20749341|20749658|-|37135	human:hg38	chr1	coord|human:hg38|chr1|20749341|20749658|-|37135	hc|0781	AluSx3	AluSc8	0.6511808295	0.8124378197361546	0	0
kmer6_single_train_medoid	interval|hg38|chr13|71692477|71692820|-|1098283	human:hg38	chr13	coord|human:hg38|chr13|71692477|71692820|-|1098283	hc|1300	AluSx4	AluSq2	0.8507959642	0.8124378197361546	1	0
kmer6_single_train_medoid	interval|hg38|chr13|49622942|49623282|-|1069682	human:hg38	chr13	coord|human:hg38|chr13|49622942|49623282|-|1069682	hc|1301	AluSx4	AluY	0.5084955312	0.8124378197361546	0	0
kmer6_single_train_medoid	interval|hg38|chr11|43900195|43900521|-|654289	human:hg38	chr11	coord|human:hg38|chr11|43900195|43900521|-|654289	hc|1305	AluSx4	AluSp	0.8030699615	0.8124378197361546	0	0
kmer6_single_train_medoid	interval|hg38|chr1|19965980|19966302|-|35423	human:hg38	chr1	coord|human:hg38|chr1|19965980|19966302|-|35423	hc|1308	AluSx4	FLAM_C	0.8564074427	0.8124378197361546	1	0
kmer6_single_train_medoid	interval|hg38|chr1|161167541|161167862|-|245269	human:hg38	chr1	coord|human:hg38|chr1|161167541|161167862|-|245269	hc|1309	AluSx4	AluSg	0.8338488118	0.8124378197361546	1	0
kmer6_single_train_medoid	interval|hg38|chr13|27042509|27042830|-|1034031	human:hg38	chr13	coord|human:hg38|chr13|27042509|27042830|-|1034031	hc|1310	AluSx4	AluSq2	0.7987372644	0.8124378197361546	0	0
kmer6_single_train_medoid	interval|hg38|chr11|98190789|98191109|+|739972	human:hg38	chr11	coord|human:hg38|chr11|98190789|98191109|+|739972	hc|1312	AluSx4	AluY	0.6782925988	0.8124378197361546	0	0
kmer6_single_train_medoid	interval|hg38|chr1|17805360|17805677|-|30741	human:hg38	chr1	coord|human:hg38|chr1|17805360|17805677|-|30741	hc|1315	AluSx4	AluSx4	0.8422863143	0.8124378197361546	1	1
kmer6_single_train_medoid	interval|hg38|chr1|60560179|60560496|+|122243	human:hg38	chr1	coord|human:hg38|chr1|60560179|60560496|+|122243	hc|1316	AluSx4	AluY	0.5420744958	0.8124378197361546	0	0
kmer6_single_train_medoid	interval|hg38|chr1|233600912|233601228|+|356843	human:hg38	chr1	coord|human:hg38|chr1|233600912|233601228|+|356843	hc|1319	AluSx4	AluSg	0.8073831634	0.8124378197361546	0	0
kmer6_single_train_medoid	interval|hg38|chr13|31273078|31273393|-|1041161	human:hg38	chr13	coord|human:hg38|chr13|31273078|31273393|-|1041161	hc|1325	AluSx4	AluSz	0.520307668	0.8124378197361546	0	0
kmer6_single_train_medoid	interval|hg38|chr11|79917066|79917381|-|712432	human:hg38	chr11	coord|human:hg38|chr11|79917066|79917381|-|712432	hc|1326	AluSx4	AluSg	0.7867358283	0.8124378197361546	0	0
kmer6_single_train_medoid	interval|hg38|chr1|65152384|65152698|-|130875	human:hg38	chr1	coord|human:hg38|chr1|65152384|65152698|-|130875	hc|1327	AluSx4	AluSg	0.8325318175	0.8124378197361546	1	0
kmer6_single_train_medoid	interval|hg38|chr11|67201488|67201802|+|687399	human:hg38	chr11	coord|human:hg38|chr11|67201488|67201802|+|687399	hc|1330	AluSx4	AluSg	0.7848745969	0.8124378197361546	0	0
kmer6_single_train_medoid	interval|hg38|chr1|35015935|35016248|-|70123	human:hg38	chr1	coord|human:hg38|chr1|35015935|35016248|-|70123	hc|1334	AluSx4	AluSc8	0.7030860366	0.8124378197361546	0	0
kmer6_single_train_medoid	interval|hg38|chr11|46757572|46757885|-|659827	human:hg38	chr11	coord|human:hg38|chr11|46757572|46757885|-|659827	hc|1336	AluSx4	AluY	0.5378404117	0.8124378197361546	0	0
kmer6_single_train_medoid	interval|hg38|chr1|151445239|151445579|+|228937	human:hg38	chr1	coord|human:hg38|chr1|151445239|151445579|+|228937	hc|0247	AluSz	AluSx3	0.7747737227	0.8124378197361546	0	0
kmer6_single_train_medoid	interval|hg38|chr1|43264328|43264664|-|87468	human:hg38	chr1	coord|human:hg38|chr1|43264328|43264664|-|87468	hc|0255	AluSz	AluSx3	0.8171014358	0.8124378197361546	1	0
kmer6_single_train_medoid	interval|hg38|chr1|39149251|39149587|+|78849	human:hg38	chr1	coord|human:hg38|chr1|39149251|39149587|+|78849	hc|0257	AluSz	AluY	0.5985732282	0.8124378197361546	0	0
kmer6_single_train_medoid	interval|hg38|chr11|65509129|65509463|-|683570	human:hg38	chr11	coord|human:hg38|chr11|65509129|65509463|-|683570	hc|0262	AluSz	AluSx3	0.7656448247	0.8124378197361546	0	0
kmer6_single_train_medoid	interval|hg38|chr1|34812663|34812995|+|69705	human:hg38	chr1	coord|human:hg38|chr1|34812663|34812995|+|69705	hc|0270	AluSz	AluY	0.6471974612	0.8124378197361546	0	0
kmer6_single_train_medoid	interval|hg38|chr1|64920259|64920602|+|130343	human:hg38	chr1	coord|human:hg38|chr1|64920259|64920602|+|130343	hc|0548	AluSz6	AluSc	0.3055011461	0.8124378197361546	0	0
kmer6_single_train_medoid	interval|hg38|chr1|151214341|151214680|-|228444	human:hg38	chr1	coord|human:hg38|chr1|151214341|151214680|-|228444	hc|0552	AluSz6	AluSp	0.4627704323	0.8124378197361546	0	0
kmer6_single_train_medoid	interval|hg38|chr11|32925494|32925826|-|637504	human:hg38	chr11	coord|human:hg38|chr11|32925494|32925826|-|637504	hc|0563	AluSz6	AluY	0.6679303867	0.8124378197361546	0	0
kmer6_single_train_medoid	interval|hg38|chr1|89693625|89693955|-|166470	human:hg38	chr1	coord|human:hg38|chr1|89693625|89693955|-|166470	hc|0569	AluSz6	AluSc8	0.7996022314	0.8124378197361546	0	0
kmer6_single_train_medoid	interval|hg38|chr13|44823732|44824061|-|1061640	human:hg38	chr13	coord|human:hg38|chr13|44823732|44824061|-|1061640	hc|0570	AluSz6	AluY	0.6297624157	0.8124378197361546	0	0
kmer6_single_train_medoid	interval|hg38|chr11|48477285|48477608|-|663453	human:hg38	chr11	coord|human:hg38|chr11|48477285|48477608|-|663453	hc|0584	AluSz6	AluY	0.4407331566	0.8124378197361546	0	0
kmer6_single_train_medoid	interval|hg38|chr11|80437386|80437733|-|713337	human:hg38	chr11	coord|human:hg38|chr11|80437386|80437733|-|713337	hc|0161	AluY	AluSc8	0.7894456844	0.8124378197361546	0	0
kmer6_single_train_medoid	interval|hg38|chr1|85101440|85101784|+|159742	human:hg38	chr1	coord|human:hg38|chr1|85101440|85101784|+|159742	hc|0163	AluY	AluSg	0.7937643595	0.8124378197361546	0	0
kmer6_single_train_medoid	interval|hg38|chr13|41739816|41740154|-|1056818	human:hg38	chr13	coord|human:hg38|chr13|41739816|41740154|-|1056818	hc|0175	AluY	AluSp	0.8038653277	0.8124378197361546	0	0
kmer6_single_train_medoid	interval|hg38|chr1|221434071|221434409|+|336872	human:hg38	chr1	coord|human:hg38|chr1|221434071|221434409|+|336872	hc|0178	AluY	AluSg	0.826695928	0.8124378197361546	1	0
kmer6_single_train_medoid	interval|hg38|chr11|121442641|121442977|-|776778	human:hg38	chr11	coord|human:hg38|chr11|121442641|121442977|-|776778	hc|0186	AluY	AluY	0.7694863463	0.8124378197361546	0	1
kmer6_single_train_medoid	interval|hg38|chr13|76437647|76437983|+|1105147	human:hg38	chr13	coord|human:hg38|chr13|76437647|76437983|+|1105147	hc|0189	AluY	AluY	0.7455912422	0.8124378197361546	0	1
kmer6_single_train_medoid	interval|hg38|chr13|63650949|63651284|+|1088717	human:hg38	chr13	coord|human:hg38|chr13|63650949|63651284|+|1088717	hc|0191	AluY	AluSg	0.726223083	0.8124378197361546	0	0
kmer6_single_train_medoid	interval|hg38|chr1|83117210|83117545|-|156808	human:hg38	chr1	coord|human:hg38|chr1|83117210|83117545|-|156808	hc|0193	AluY	AluY	0.7373188444	0.8124378197361546	0	1
kmer6_single_train_medoid	interval|hg38|chr11|119609295|119609458|-|773745	human:hg38	chr11	coord|human:hg38|chr11|119609295|119609458|-|773745	hc|1140	FLAM_A	AluY	0.5793336184	0.8124378197361546	0	0
kmer6_single_train_medoid	interval|hg38|chr13|89140328|89140478|-|1121240	human:hg38	chr13	coord|human:hg38|chr13|89140328|89140478|-|1121240	hc|1149	FLAM_A	AluY	0.3939652214	0.8124378197361546	0	0
kmer6_single_train_medoid	interval|hg38|chr1|33296830|33296968|-|66963	human:hg38	chr1	coord|human:hg38|chr1|33296830|33296968|-|66963	hc|1161	FLAM_A	FLAM_A	0.5565413819	0.8124378197361546	0	1
kmer6_single_train_medoid	interval|hg38|chr1|118663886|118664023|+|211106	human:hg38	chr1	coord|human:hg38|chr1|118663886|118664023|+|211106	hc|1169	FLAM_A	AluJr	0.2933581739	0.8124378197361546	0	0
kmer6_single_train_medoid	interval|hg38|chr11|65137695|65137877|-|682748	human:hg38	chr11	coord|human:hg38|chr11|65137695|65137877|-|682748	hc|0946	FLAM_C	AluSp	0.4174022133	0.8124378197361546	0	0
kmer6_single_train_medoid	interval|hg38|chr11|90131115|90131294|+|728506	human:hg38	chr11	coord|human:hg38|chr11|90131115|90131294|+|728506	hc|0947	FLAM_C	AluJo	0.2343180511	0.8124378197361546	0	0
kmer6_single_train_medoid	interval|hg38|chr1|232646991|232647163|+|355335	human:hg38	chr1	coord|human:hg38|chr1|232646991|232647163|+|355335	hc|0956	FLAM_C	AluSx4	0.3889191451	0.8124378197361546	0	0
kmer6_single_train_medoid	interval|hg38|chr1|121277375|121277546|-|214919	human:hg38	chr1	coord|human:hg38|chr1|121277375|121277546|-|214919	hc|0958	FLAM_C	AluSz6	0.4759545091	0.8124378197361546	0	0
kmer6_single_train_medoid	interval|hg38|chr1|206295864|206296035|-|313952	human:hg38	chr1	coord|human:hg38|chr1|206295864|206296035|-|313952	hc|0958	FLAM_C	AluSx1	0.4759712938	0.8124378197361546	0	0
kmer6_single_train_medoid	interval|hg38|chr11|14744991|14745155|-|609450	human:hg38	chr11	coord|human:hg38|chr11|14744991|14745155|-|609450	hc|0968	FLAM_C	AluSx1	0.302761389	0.8124378197361546	0	0
kmer6_single_train_medoid	interval|hg38|chr13|27506531|27506693|-|1034939	human:hg38	chr13	coord|human:hg38|chr13|27506531|27506693|-|1034939	hc|0973	FLAM_C	AluSx3	0.6107692048	0.8124378197361546	0	0
kmer6_single_train_medoid	interval|hg38|chr1|106701999|106703583|+|191553	human:hg38	chr1	coord|human:hg38|chr1|106701999|106703583|+|191553	hc|0788	L2	L2	0.4708780835	0.8124378197361546	0	1
kmer6_single_train_medoid	interval|hg38|chr13|65927645|65928885|-|1091485	human:hg38	chr13	coord|human:hg38|chr13|65927645|65928885|-|1091485	hc|0799	L2	L2	0.4517909158	0.8124378197361546	0	1
kmer6_single_train_medoid	interval|hg38|chr1|164180320|164181378|-|250014	human:hg38	chr1	coord|human:hg38|chr1|164180320|164181378|-|250014	hc|0810	L2	L2	0.4515535621	0.8124378197361546	0	1
kmer6_single_train_medoid	interval|hg38|chr11|41892290|41893249|+|651076	human:hg38	chr11	coord|human:hg38|chr11|41892290|41893249|+|651076	hc|0817	L2	L2	0.431835684	0.8124378197361546	0	1
kmer6_single_train_medoid	interval|hg38|chr1|192762415|192763343|+|292952	human:hg38	chr1	coord|human:hg38|chr1|192762415|192763343|+|292952	hc|0821	L2	L2	0.4656597294	0.8124378197361546	0	1
kmer6_single_train_medoid	interval|hg38|chr1|92907989|92908900|-|171958	human:hg38	chr1	coord|human:hg38|chr1|92907989|92908900|-|171958	hc|0824	L2	L2	0.4352299746	0.8124378197361546	0	1
kmer6_single_train_medoid	interval|hg38|chr1|175559963|175561216|-|267617	human:hg38	chr1	coord|human:hg38|chr1|175559963|175561216|-|267617	hc|0865	L3	L3	0.291175259	0.8124378197361546	0	1
kmer6_single_train_medoid	interval|hg38|chr1|115376060|115377031|+|205871	human:hg38	chr1	coord|human:hg38|chr1|115376060|115377031|+|205871	hc|0866	L3	L3	0.3371659549	0.8124378197361546	0	1
kmer6_single_train_medoid	interval|hg38|chr13|94943214|94944182|+|1128855	human:hg38	chr13	coord|human:hg38|chr13|94943214|94944182|+|1128855	hc|0867	L3	L3	0.3542203667	0.8124378197361546	0	1
kmer6_single_train_medoid	interval|hg38|chr1|221560476|221561234|+|337077	human:hg38	chr1	coord|human:hg38|chr1|221560476|221561234|+|337077	hc|0877	L3	L3	0.3070329594	0.8124378197361546	0	1
kmer6_single_train_medoid	interval|hg38|chr1|60068299|60068986|-|121401	human:hg38	chr1	coord|human:hg38|chr1|60068299|60068986|-|121401	hc|0882	L3	L3	0.2593794678	0.8124378197361546	0	1
kmer6_single_train_medoid	interval|hg38|chr1|185491905|185492543|-|283713	human:hg38	chr1	coord|human:hg38|chr1|185491905|185492543|-|283713	hc|0890	L3	L3	0.2858348725	0.8124378197361546	0	1
kmer6_single_train_medoid	interval|hg38|chr13|32448237|32448846|+|1042915	human:hg38	chr13	coord|human:hg38|chr13|32448237|32448846|+|1042915	hc|0897	L3	L3	0.2963087446	0.8124378197361546	0	1
kmer6_single_train_medoid	interval|hg38|chr13|26132818|26133008|-|1032488	human:hg38	chr13	coord|human:hg38|chr13|26132818|26133008|-|1032488	hc|1025	MER5A	MER5A	0.2245628773	0.8124378197361546	0	1
kmer6_single_train_medoid	interval|hg38|chr1|116173109|116173298|-|207142	human:hg38	chr1	coord|human:hg38|chr1|116173109|116173298|-|207142	hc|1034	MER5A	L3	0.1541405464	0.8124378197361546	0	0
kmer6_single_train_medoid	interval|hg38|chr13|109330217|109330406|+|1149011	human:hg38	chr13	coord|human:hg38|chr13|109330217|109330406|+|1149011	hc|1039	MER5A	MER5A	0.2519693718	0.8124378197361546	0	1
kmer6_single_train_medoid	interval|hg38|chr11|37688484|37688673|+|645340	human:hg38	chr11	coord|human:hg38|chr11|37688484|37688673|+|645340	hc|1043	MER5A	MER5A	0.1722452085	0.8124378197361546	0	1
kmer6_single_train_medoid	interval|hg38|chr11|87960158|87960346|-|725499	human:hg38	chr11	coord|human:hg38|chr11|87960158|87960346|-|725499	hc|1052	MER5A	MSTA	0.1231845893	0.8124378197361546	0	0
kmer6_single_train_medoid	interval|hg38|chr11|79244051|79244239|-|711160	human:hg38	chr11	coord|human:hg38|chr11|79244051|79244239|-|711160	hc|1059	MER5A	L2	0.158337372	0.8124378197361546	0	0
kmer6_single_train_medoid	interval|hg38|chr11|17682878|17683214|-|614237	human:hg38	chr11	coord|human:hg38|chr11|17682878|17683214|-|614237	hc|0120	MIR	L3	0.2057488078	0.8124378197361546	0	0
kmer6_single_train_medoid	interval|hg38|chr1|205488833|205489105|+|312550	human:hg38	chr1	coord|human:hg38|chr1|205488833|205489105|+|312550	hc|0124	MIR	MIR	0.2074795967	0.8124378197361546	0	1
kmer6_single_train_medoid	interval|hg38|chr13|60851003|60851268|-|1085231	human:hg38	chr13	coord|human:hg38|chr13|60851003|60851268|-|1085231	hc|0130	MIR	L3	0.1706038691	0.8124378197361546	0	0
kmer6_single_train_medoid	interval|hg38|chr1|204487958|204488223|-|310684	human:hg38	chr1	coord|human:hg38|chr1|204487958|204488223|-|310684	hc|0131	MIR	L3	0.1825518727	0.8124378197361546	0	0
kmer6_single_train_medoid	interval|hg38|chr1|178263260|178263524|-|271633	human:hg38	chr1	coord|human:hg38|chr1|178263260|178263524|-|271633	hc|0135	MIR	L3	0.1659543872	0.8124378197361546	0	0
kmer6_single_train_medoid	interval|hg38|chr1|201087144|201087407|-|304438	human:hg38	chr1	coord|human:hg38|chr1|201087144|201087407|-|304438	hc|0138	MIR	AluY	0.1600217068	0.8124378197361546	0	0
kmer6_single_train_medoid	interval|hg38|chr1|195834144|195834407|+|297028	human:hg38	chr1	coord|human:hg38|chr1|195834144|195834407|+|297028	hc|0141	MIR	L3	0.1610354695	0.8124378197361546	0	0
kmer6_single_train_medoid	interval|hg38|chr11|120146407|120146670|-|774610	human:hg38	chr11	coord|human:hg38|chr11|120146407|120146670|-|774610	hc|0142	MIR	MIR	0.1744048357	0.8124378197361546	0	1
kmer6_single_train_medoid	interval|hg38|chr1|115260156|115260418|+|205716	human:hg38	chr1	coord|human:hg38|chr1|115260156|115260418|+|205716	hc|0145	MIR	L3	0.1947841471	0.8124378197361546	0	0
kmer6_single_train_medoid	interval|hg38|chr1|157997127|157997389|+|240588	human:hg38	chr1	coord|human:hg38|chr1|157997127|157997389|+|240588	hc|0146	MIR	MIR	0.1633396519	0.8124378197361546	0	1
kmer6_single_train_medoid	interval|hg38|chr13|39790122|39790383|+|1053620	human:hg38	chr13	coord|human:hg38|chr13|39790122|39790383|+|1053620	hc|0154	MIR	L3	0.2099293559	0.8124378197361546	0	0
kmer6_single_train_medoid	interval|hg38|chr1|10787039|10787260|-|16483	human:hg38	chr1	coord|human:hg38|chr1|10787039|10787260|-|16483	hc|0507	MIR3	L2	0.1629570166	0.8124378197361546	0	0
kmer6_single_train_medoid	interval|hg38|chr11|72088660|72088881|+|695954	human:hg38	chr11	coord|human:hg38|chr11|72088660|72088881|+|695954	hc|0509	MIR3	L3	0.1532122416	0.8124378197361546	0	0
kmer6_single_train_medoid	interval|hg38|chr11|92345709|92345926|+|731517	human:hg38	chr11	coord|human:hg38|chr11|92345709|92345926|+|731517	hc|0511	MIR3	L2	0.1471326222	0.8124378197361546	0	0
kmer6_single_train_medoid	interval|hg38|chr1|156965347|156965560|+|239002	human:hg38	chr1	coord|human:hg38|chr1|156965347|156965560|+|239002	hc|0514	MIR3	MSTA	0.1182624792	0.8124378197361546	0	0
kmer6_single_train_medoid	interval|hg38|chr13|40350403|40350604|+|1054403	human:hg38	chr13	coord|human:hg38|chr13|40350403|40350604|+|1054403	hc|0538	MIR3	L2	0.1438015037	0.8124378197361546	0	0
kmer6_single_train_medoid	interval|hg38|chr11|40320570|40320771|+|648820	human:hg38	chr11	coord|human:hg38|chr11|40320570|40320771|+|648820	hc|0539	MIR3	L3	0.1420098017	0.8124378197361546	0	0
kmer6_single_train_medoid	interval|hg38|chr11|26633262|26633462|-|627690	human:hg38	chr11	coord|human:hg38|chr11|26633262|26633462|-|627690	hc|0541	MIR3	L2	0.1415255134	0.8124378197361546	0	0
kmer6_single_train_medoid	interval|hg38|chr11|130436464|130436664|-|790637	human:hg38	chr11	coord|human:hg38|chr11|130436464|130436664|-|790637	hc|0542	MIR3	L2	0.1364829091	0.8124378197361546	0	0
kmer6_single_train_medoid	interval|hg38|chr1|56039075|56039274|+|113524	human:hg38	chr1	coord|human:hg38|chr1|56039075|56039274|+|113524	hc|0543	MIR3	L2	0.1487177945	0.8124378197361546	0	0
kmer6_single_train_medoid	interval|hg38|chr1|57401601|57401800|-|116197	human:hg38	chr1	coord|human:hg38|chr1|57401601|57401800|-|116197	hc|0546	MIR3	L3	0.1281350413	0.8124378197361546	0	0
kmer6_single_train_medoid	interval|hg38|chr1|17595764|17596060|-|30300	human:hg38	chr1	coord|human:hg38|chr1|17595764|17596060|-|30300	hc|0001	MIRb	L3	0.1551457463	0.8124378197361546	0	0
kmer6_single_train_medoid	interval|hg38|chr1|118110852|118111117|+|210369	human:hg38	chr1	coord|human:hg38|chr1|118110852|118111117|+|210369	hc|0004	MIRb	MIRb	0.2004880844	0.8124378197361546	0	1
kmer6_single_train_medoid	interval|hg38|chr1|177770561|177770824|+|270820	human:hg38	chr1	coord|human:hg38|chr1|177770561|177770824|+|270820	hc|0006	MIRb	L2	0.1691987839	0.8124378197361546	0	0
kmer6_single_train_medoid	interval|hg38|chr1|30049395|30049656|+|59400	human:hg38	chr1	coord|human:hg38|chr1|30049395|30049656|+|59400	hc|0013	MIRb	L2	0.1569564197	0.8124378197361546	0	0
kmer6_single_train_medoid	interval|hg38|chr1|49173199|49173460|-|99040	human:hg38	chr1	coord|human:hg38|chr1|49173199|49173460|-|99040	hc|0014	MIRb	L3	0.2103824295	0.8124378197361546	0	0
kmer6_single_train_medoid	interval|hg38|chr1|215812855|215813114|+|328988	human:hg38	chr1	coord|human:hg38|chr1|215812855|215813114|+|328988	hc|0023	MIRb	L2	0.1898856776	0.8124378197361546	0	0
kmer6_single_train_medoid	interval|hg38|chr1|48485253|48485511|-|97699	human:hg38	chr1	coord|human:hg38|chr1|48485253|48485511|-|97699	hc|0030	MIRb	L3	0.1646565347	0.8124378197361546	0	0
kmer6_single_train_medoid	interval|hg38|chr1|15146959|15147216|+|25032	human:hg38	chr1	coord|human:hg38|chr1|15146959|15147216|+|25032	hc|0039	MIRb	L2	0.1436952218	0.8124378197361546	0	0
kmer6_single_train_medoid	interval|hg38|chr1|18409434|18409690|+|32027	human:hg38	chr1	coord|human:hg38|chr1|18409434|18409690|+|32027	hc|0365	MIRc	L2	0.1439829658	0.8124378197361546	0	0
kmer6_single_train_medoid	interval|hg38|chr1|154518952|154519205|+|234180	human:hg38	chr1	coord|human:hg38|chr1|154518952|154519205|+|234180	hc|0375	MIRc	L3	0.2141474864	0.8124378197361546	0	0
kmer6_single_train_medoid	interval|hg38|chr11|86787791|86788042|-|723650	human:hg38	chr11	coord|human:hg38|chr11|86787791|86788042|-|723650	hc|0388	MIRc	L3	0.1655861082	0.8124378197361546	0	0
kmer6_single_train_medoid	interval|hg38|chr11|109649300|109649551|+|756882	human:hg38	chr11	coord|human:hg38|chr11|109649300|109649551|+|756882	hc|0389	MIRc	AluSz6	0.3553746152	0.8124378197361546	0	0
kmer6_single_train_medoid	interval|hg38|chr13|93594630|93595001|-|1126968	human:hg38	chr13	coord|human:hg38|chr13|93594630|93595001|-|1126968	hc|1180	MLT1A0	MLT1A0	0.1954174436	0.8124378197361546	0	1
kmer6_single_train_medoid	interval|hg38|chr11|80422277|80422648|-|713307	human:hg38	chr11	coord|human:hg38|chr11|80422277|80422648|-|713307	hc|1182	MLT1A0	FLAM_C	0.2464242285	0.8124378197361546	0	0
kmer6_single_train_medoid	interval|hg38|chr11|103361120|103361490|+|747247	human:hg38	chr11	coord|human:hg38|chr11|103361120|103361490|+|747247	hc|1186	MLT1A0	MLT1A0	0.3014932286	0.8124378197361546	0	1
kmer6_single_train_medoid	interval|hg38|chr1|230776034|230776402|-|352429	human:hg38	chr1	coord|human:hg38|chr1|230776034|230776402|-|352429	hc|1195	MLT1A0	MLT1A0	0.318738567	0.8124378197361546	0	1
kmer6_single_train_medoid	interval|hg38|chr13|93104826|93105194|+|1126379	human:hg38	chr13	coord|human:hg38|chr13|93104826|93105194|+|1126379	hc|1197	MLT1A0	MLT1A0	0.2273947382	0.8124378197361546	0	1
kmer6_single_train_medoid	interval|hg38|chr11|11511587|11511955|+|604100	human:hg38	chr11	coord|human:hg38|chr11|11511587|11511955|+|604100	hc|1204	MLT1A0	MLT1A0	0.2685128191	0.8124378197361546	0	1
kmer6_single_train_medoid	interval|hg38|chr1|216537061|216537429|+|329857	human:hg38	chr1	coord|human:hg38|chr1|216537061|216537429|+|329857	hc|1205	MLT1A0	MLT1A0	0.2961173771	0.8124378197361546	0	1
kmer6_single_train_medoid	interval|hg38|chr1|233552614|233552982|+|356749	human:hg38	chr1	coord|human:hg38|chr1|233552614|233552982|+|356749	hc|1206	MLT1A0	MLT1A0	0.2676430716	0.8124378197361546	0	1
kmer6_single_train_medoid	interval|hg38|chr13|74861844|74862212|+|1102905	human:hg38	chr13	coord|human:hg38|chr13|74861844|74862212|+|1102905	hc|1209	MLT1A0	MLT1A0	0.277314259	0.8124378197361546	0	1
kmer6_single_train_medoid	interval|hg38|chr1|39271118|39271551|-|79084	human:hg38	chr1	coord|human:hg38|chr1|39271118|39271551|-|79084	hc|1103	MSTA	MSTA	0.3769991482	0.8124378197361546	0	1
kmer6_single_train_medoid	interval|hg38|chr1|158504271|158504703|-|241301	human:hg38	chr1	coord|human:hg38|chr1|158504271|158504703|-|241301	hc|1104	MSTA	MSTA	0.3220297287	0.8124378197361546	0	1
kmer6_single_train_medoid	interval|hg38|chr1|70425502|70425933|-|139372	human:hg38	chr1	coord|human:hg38|chr1|70425502|70425933|-|139372	hc|1107	MSTA	MSTA	0.4349719569	0.8124378197361546	0	1
kmer6_single_train_medoid	interval|hg38|chr11|27261709|27262139|-|628626	human:hg38	chr11	coord|human:hg38|chr11|27261709|27262139|-|628626	hc|1110	MSTA	MSTA	0.3770378087	0.8124378197361546	0	1
kmer6_single_train_medoid	interval|hg38|chr1|6855251|6855679|-|8968	human:hg38	chr1	coord|human:hg38|chr1|6855251|6855679|-|8968	hc|1116	MSTA	MSTA	0.4986000973	0.8124378197361546	0	1
kmer6_single_train_medoid	interval|hg38|chr1|165081178|165081604|-|251271	human:hg38	chr1	coord|human:hg38|chr1|165081178|165081604|-|251271	hc|1125	MSTA	MSTA	0.3992530197	0.8124378197361546	0	1
kmer6_single_train_medoid	interval|hg38|chr1|16778473|16778899|-|28488	human:hg38	chr1	coord|human:hg38|chr1|16778473|16778899|-|28488	hc|1127	MSTA	MSTA	0.4879480399	0.8124378197361546	0	1
kmer6_single_train_medoid	interval|hg38|chr1|234803657|234804083|+|358716	human:hg38	chr1	coord|human:hg38|chr1|234803657|234804083|+|358716	hc|1127	MSTA	MSTA	0.4928112428	0.8124378197361546	0	1
kmer6_single_train_medoid	interval|hg38|chr1|72838319|72838745|+|142592	human:hg38	chr1	coord|human:hg38|chr1|72838319|72838745|+|142592	hc|1130	MSTA	MSTA	0.3685847268	0.8124378197361546	0	1
kmer6_single_train_medoid	interval|hg38|chr1|227426183|227426609|-|347368	human:hg38	chr1	coord|human:hg38|chr1|227426183|227426609|-|347368	hc|1133	MSTA	MSTA	0.4332171227	0.8124378197361546	0	1
kmer6_single_train_medoid	interval|hg38|chr13|110764425|110764851|+|1150752	human:hg38	chr13	coord|human:hg38|chr13|110764425|110764851|+|1150752	hc|1134	MSTA	MSTA	0.3815356082	0.8124378197361546	0	1
kmer6_single_train_medoid	interval|hg38|chr1|231876067|231876493|+|354328	human:hg38	chr1	coord|human:hg38|chr1|231876067|231876493|+|354328	hc|1138	MSTA	MSTA	0.4019370573	0.8124378197361546	0	1
kmer6_single_train_medoid	interval|hg38|chr1|223046494|223046863|-|339402	human:hg38	chr1	coord|human:hg38|chr1|223046494|223046863|-|339402	hc|1385	THE1B	THE1B	0.4522689892	0.8124378197361546	0	1
kmer6_single_train_medoid	interval|hg38|chr1|49187824|49188193|+|99070	human:hg38	chr1	coord|human:hg38|chr1|49187824|49188193|+|99070	hc|1387	THE1B	THE1B	0.4538710228	0.8124378197361546	0	1
kmer6_single_train_medoid	interval|hg38|chr1|235008729|235009098|-|359088	human:hg38	chr1	coord|human:hg38|chr1|235008729|235009098|-|359088	hc|1393	THE1B	THE1B	0.407906663	0.8124378197361546	0	1
kmer6_single_train_medoid	interval|hg38|chr13|55835770|55836139|+|1078771	human:hg38	chr13	coord|human:hg38|chr13|55835770|55836139|+|1078771	hc|1396	THE1B	THE1B	0.4208768252	0.8124378197361546	0	1
kmer6_single_train_medoid	interval|hg38|chr13|65203411|65203780|+|1090603	human:hg38	chr13	coord|human:hg38|chr13|65203411|65203780|+|1090603	hc|1398	THE1B	THE1B	0.4926040612	0.8124378197361546	0	1
kmer6_single_train_medoid	interval|hg38|chr13|103267225|103267594|+|1141746	human:hg38	chr13	coord|human:hg38|chr13|103267225|103267594|+|1141746	hc|1399	THE1B	THE1B	0.5438198642	0.8124378197361546	0	1
kmer6_single_train_medoid	interval|hg38|chr1|78120524|78120892|-|150333	human:hg38	chr1	coord|human:hg38|chr1|78120524|78120892|-|150333	hc|1402	THE1B	THE1B	0.5263161445	0.8124378197361546	0	1
kmer6_single_train_medoid	interval|hg38|chr13|32104654|32105022|+|1042390	human:hg38	chr13	coord|human:hg38|chr13|32104654|32105022|+|1042390	hc|1409	THE1B	THE1B	0.4674734647	0.8124378197361546	0	1
kmer6_k4_natural_prototypes	interval|hg38|chr13|61060225|61060586|-|1085518	human:hg38	chr13	coord|human:hg38|chr13|61060225|61060586|-|1085518	hc|0198	AluJb	FLAM_C	0.6822463012	0.8376533459679263	0	0
kmer6_k4_natural_prototypes	interval|hg38|chr1|13746501|13746853|-|22298	human:hg38	chr1	coord|human:hg38|chr1|13746501|13746853|-|22298	hc|0200	AluJb	AluSx3	0.7208530769	0.8376533459679263	0	0
kmer6_k4_natural_prototypes	interval|hg38|chr1|204583666|204584007|+|310906	human:hg38	chr1	coord|human:hg38|chr1|204583666|204584007|+|310906	hc|0201	AluJb	AluY	0.6047937565	0.8376533459679263	0	0
kmer6_k4_natural_prototypes	interval|hg38|chr11|111559418|111559757|-|759912	human:hg38	chr11	coord|human:hg38|chr11|111559418|111559757|-|759912	hc|0206	AluJb	AluJb	0.7131919459	0.8376533459679263	0	1
kmer6_k4_natural_prototypes	interval|hg38|chr13|104776246|104776583|-|1143493	human:hg38	chr13	coord|human:hg38|chr13|104776246|104776583|-|1143493	hc|0209	AluJb	AluJr	0.5689341635	0.8376533459679263	0	0
kmer6_k4_natural_prototypes	interval|hg38|chr11|9471897|9472228|-|600438	human:hg38	chr11	coord|human:hg38|chr11|9471897|9472228|-|600438	hc|0217	AluJb	AluSc	0.7005185757	0.8376533459679263	0	0
kmer6_k4_natural_prototypes	interval|hg38|chr1|28499446|28499775|-|55882	human:hg38	chr1	coord|human:hg38|chr1|28499446|28499775|-|55882	hc|0223	AluJb	AluSz	0.6185346306	0.8376533459679263	0	0
kmer6_k4_natural_prototypes	interval|hg38|chr1|10190176|10190505|-|15467	human:hg38	chr1	coord|human:hg38|chr1|10190176|10190505|-|15467	hc|0224	AluJb	AluSx3	0.6957493863	0.8376533459679263	0	0
kmer6_k4_natural_prototypes	interval|hg38|chr13|66512789|66513117|-|1092167	human:hg38	chr13	coord|human:hg38|chr13|66512789|66513117|-|1092167	hc|0228	AluJb	AluSz	0.6147148018	0.8376533459679263	0	0
kmer6_k4_natural_prototypes	interval|hg38|chr1|12681220|12681548|-|20481	human:hg38	chr1	coord|human:hg38|chr1|12681220|12681548|-|20481	hc|0229	AluJb	AluJr	0.7530865513	0.8376533459679263	0	0
kmer6_k4_natural_prototypes	interval|hg38|chr1|28994633|28994959|-|57285	human:hg38	chr1	coord|human:hg38|chr1|28994633|28994959|-|57285	hc|0234	AluJb	AluSx1	0.7328256306	0.8376533459679263	0	0
kmer6_k4_natural_prototypes	interval|hg38|chr1|21917149|21917494|+|39669	human:hg38	chr1	coord|human:hg38|chr1|21917149|21917494|+|39669	hc|0429	AluJo	AluSx1	0.7366401618	0.8376533459679263	0	0
kmer6_k4_natural_prototypes	interval|hg38|chr11|83108441|83108783|-|717560	human:hg38	chr11	coord|human:hg38|chr11|83108441|83108783|-|717560	hc|0432	AluJo	AluSz6	0.6638584366	0.8376533459679263	0	0
kmer6_k4_natural_prototypes	interval|hg38|chr11|20525408|20525749|-|619259	human:hg38	chr11	coord|human:hg38|chr11|20525408|20525749|-|619259	hc|0433	AluJo	AluSc	0.7748620299	0.8376533459679263	0	0
kmer6_k4_natural_prototypes	interval|hg38|chr1|229536218|229536553|+|350406	human:hg38	chr1	coord|human:hg38|chr1|229536218|229536553|+|350406	hc|0435	AluJo	AluJr	0.5226785546	0.8376533459679263	0	0
kmer6_k4_natural_prototypes	interval|hg38|chr1|58180260|58180594|-|117763	human:hg38	chr1	coord|human:hg38|chr1|58180260|58180594|-|117763	hc|0437	AluJo	AluJr	0.834647025	0.8376533459679263	0	0
kmer6_k4_natural_prototypes	interval|hg38|chr13|110538323|110538656|+|1150355	human:hg38	chr13	coord|human:hg38|chr13|110538323|110538656|+|1150355	hc|0438	AluJo	AluSc	0.7760821086	0.8376533459679263	0	0
kmer6_k4_natural_prototypes	interval|hg38|chr1|35051946|35052277|-|70225	human:hg38	chr1	coord|human:hg38|chr1|35051946|35052277|-|70225	hc|0440	AluJo	AluSq	0.5546905011	0.8376533459679263	0	0
kmer6_k4_natural_prototypes	interval|hg38|chr11|82793727|82794055|+|716968	human:hg38	chr11	coord|human:hg38|chr11|82793727|82794055|+|716968	hc|0445	AluJo	AluSp	0.6115717238	0.8376533459679263	0	0
kmer6_k4_natural_prototypes	interval|hg38|chr1|28378927|28379254|-|55570	human:hg38	chr1	coord|human:hg38|chr1|28378927|28379254|-|55570	hc|0447	AluJo	AluSz	0.5510431824	0.8376533459679263	0	0
kmer6_k4_natural_prototypes	interval|hg38|chr13|35496352|35496677|+|1047554	human:hg38	chr13	coord|human:hg38|chr13|35496352|35496677|+|1047554	hc|0449	AluJo	AluSc	0.7142593283	0.8376533459679263	0	0
kmer6_k4_natural_prototypes	interval|hg38|chr13|98628141|98628463|-|1134788	human:hg38	chr13	coord|human:hg38|chr13|98628141|98628463|-|1134788	hc|0451	AluJo	AluSz	0.63738321	0.8376533459679263	0	0
kmer6_k4_natural_prototypes	interval|hg38|chr13|28115945|28116263|-|1036072	human:hg38	chr13	coord|human:hg38|chr13|28115945|28116263|-|1036072	hc|0457	AluJo	AluJr	0.8088254868	0.8376533459679263	0	0
kmer6_k4_natural_prototypes	interval|hg38|chr13|52875454|52875772|-|1074969	human:hg38	chr13	coord|human:hg38|chr13|52875454|52875772|-|1074969	hc|0460	AluJo	FLAM_A	0.6558959999	0.8376533459679263	0	0
kmer6_k4_natural_prototypes	interval|hg38|chr11|18226148|18226465|+|615198	human:hg38	chr11	coord|human:hg38|chr11|18226148|18226465|+|615198	hc|0466	AluJo	AluJb	0.4654507995	0.8376533459679263	0	0
kmer6_k4_natural_prototypes	interval|hg38|chr11|33549721|33550061|+|638718	human:hg38	chr11	coord|human:hg38|chr11|33549721|33550061|+|638718	hc|0392	AluJr	AluY	0.6532912013	0.8376533459679263	0	0
kmer6_k4_natural_prototypes	interval|hg38|chr1|212648304|212648644|-|324291	human:hg38	chr1	coord|human:hg38|chr1|212648304|212648644|-|324291	hc|0393	AluJr	AluJb	0.6042469705	0.8376533459679263	0	0
kmer6_k4_natural_prototypes	interval|hg38|chr13|98692136|98692458|-|1134927	human:hg38	chr13	coord|human:hg38|chr13|98692136|98692458|-|1134927	hc|0407	AluJr	AluJr	0.8692888117	0.8376533459679263	1	1
kmer6_k4_natural_prototypes	interval|hg38|chr1|99955784|99956103|-|182545	human:hg38	chr1	coord|human:hg38|chr1|99955784|99956103|-|182545	hc|0411	AluJr	AluSx3	0.6458700461	0.8376533459679263	0	0
kmer6_k4_natural_prototypes	interval|hg38|chr1|173119364|173119679|-|263675	human:hg38	chr1	coord|human:hg38|chr1|173119364|173119679|-|263675	hc|1080	AluJr4	AluSz	0.4491162219	0.8376533459679263	0	0
kmer6_k4_natural_prototypes	interval|hg38|chr1|173888414|173888729|-|264940	human:hg38	chr1	coord|human:hg38|chr1|173888414|173888729|-|264940	hc|1083	AluJr4	AluSq	0.401605258	0.8376533459679263	0	0
kmer6_k4_natural_prototypes	interval|hg38|chr1|24968046|24968360|-|47067	human:hg38	chr1	coord|human:hg38|chr1|24968046|24968360|-|47067	hc|1086	AluJr4	AluJr	0.730700465	0.8376533459679263	0	0
kmer6_k4_natural_prototypes	interval|hg38|chr11|108636204|108636518|+|755370	human:hg38	chr11	coord|human:hg38|chr11|108636204|108636518|+|755370	hc|1090	AluJr4	AluJb	0.4385461489	0.8376533459679263	0	0
kmer6_k4_natural_prototypes	interval|hg38|chr1|217611897|217612210|+|331186	human:hg38	chr1	coord|human:hg38|chr1|217611897|217612210|+|331186	hc|1093	AluJr4	AluSz	0.4484441108	0.8376533459679263	0	0
kmer6_k4_natural_prototypes	interval|hg38|chr1|94969079|94969392|-|175426	human:hg38	chr1	coord|human:hg38|chr1|94969079|94969392|-|175426	hc|1098	AluJr4	AluSq2	0.4549255087	0.8376533459679263	0	0
kmer6_k4_natural_prototypes	interval|hg38|chr1|171453717|171454030|-|261220	human:hg38	chr1	coord|human:hg38|chr1|171453717|171454030|-|261220	hc|1099	AluJr4	AluSp	0.5389870402	0.8376533459679263	0	0
kmer6_k4_natural_prototypes	interval|hg38|chr1|143696235|143696567|-|216021	human:hg38	chr1	coord|human:hg38|chr1|143696235|143696567|-|216021	hc|0676	AluSc	AluSp	0.6974391479	0.8376533459679263	0	0
kmer6_k4_natural_prototypes	interval|hg38|chr11|130039964|130040291|+|789901	human:hg38	chr11	coord|human:hg38|chr11|130039964|130040291|+|789901	hc|0689	AluSc	AluSq	0.7407092778	0.8376533459679263	0	0
kmer6_k4_natural_prototypes	interval|hg38|chr13|64285385|64285710|-|1089450	human:hg38	chr13	coord|human:hg38|chr13|64285385|64285710|-|1089450	hc|0692	AluSc	AluSc	0.8320799408	0.8376533459679263	0	1
kmer6_k4_natural_prototypes	interval|hg38|chr1|108915400|108915724|-|194778	human:hg38	chr1	coord|human:hg38|chr1|108915400|108915724|-|194778	hc|0694	AluSc	AluSq	0.6138036451	0.8376533459679263	0	0
kmer6_k4_natural_prototypes	interval|hg38|chr13|77939715|77940039|+|1107294	human:hg38	chr13	coord|human:hg38|chr13|77939715|77940039|+|1107294	hc|0696	AluSc	AluSc	0.7400186051	0.8376533459679263	0	1
kmer6_k4_natural_prototypes	interval|hg38|chr11|73035696|73036018|-|697828	human:hg38	chr11	coord|human:hg38|chr11|73035696|73036018|-|697828	hc|0704	AluSc	AluSx1	0.7861763835	0.8376533459679263	0	0
kmer6_k4_natural_prototypes	interval|hg38|chr1|183643262|183643590|-|280733	human:hg38	chr1	coord|human:hg38|chr1|183643262|183643590|-|280733	hc|0832	AluSc8	AluSc	0.8151426173	0.8376533459679263	0	0
kmer6_k4_natural_prototypes	interval|hg38|chr1|155585241|155585568|+|236340	human:hg38	chr1	coord|human:hg38|chr1|155585241|155585568|+|236340	hc|0833	AluSc8	AluY	0.769543773	0.8376533459679263	0	0
kmer6_k4_natural_prototypes	interval|hg38|chr13|103483393|103483717|-|1142024	human:hg38	chr13	coord|human:hg38|chr13|103483393|103483717|-|1142024	hc|0841	AluSc8	AluY	0.7936421337	0.8376533459679263	0	0
kmer6_k4_natural_prototypes	interval|hg38|chr1|20584097|20584414|+|36774	human:hg38	chr1	coord|human:hg38|chr1|20584097|20584414|+|36774	hc|0859	AluSc8	AluSg	0.7329506066	0.8376533459679263	0	0
kmer6_k4_natural_prototypes	interval|hg38|chr1|85945002|85945318|-|161108	human:hg38	chr1	coord|human:hg38|chr1|85945002|85945318|-|161108	hc|0864	AluSc8	AluSq	0.8788964137	0.8376533459679263	1	0
kmer6_k4_natural_prototypes	interval|hg38|chr1|227737992|227738333|-|347749	human:hg38	chr1	coord|human:hg38|chr1|227737992|227738333|-|347749	hc|0629	AluSg	AluY	0.7200829555	0.8376533459679263	0	0
kmer6_k4_natural_prototypes	interval|hg38|chr1|69853245|69853576|-|138517	human:hg38	chr1	coord|human:hg38|chr1|69853245|69853576|-|138517	hc|0638	AluSg	AluSc8	0.8281112618	0.8376533459679263	0	0
kmer6_k4_natural_prototypes	interval|hg38|chr1|206818780|206819109|-|314788	human:hg38	chr1	coord|human:hg38|chr1|206818780|206819109|-|314788	hc|0642	AluSg	AluSq2	0.6963654038	0.8376533459679263	0	0
kmer6_k4_natural_prototypes	interval|hg38|chr1|6529309|6529637|+|8260	human:hg38	chr1	coord|human:hg38|chr1|6529309|6529637|+|8260	hc|0644	AluSg	AluY	0.6403299776	0.8376533459679263	0	0
kmer6_k4_natural_prototypes	interval|hg38|chr1|151643264|151643592|-|229379	human:hg38	chr1	coord|human:hg38|chr1|151643264|151643592|-|229379	hc|0646	AluSg	AluSx3	0.7868595991	0.8376533459679263	0	0
kmer6_k4_natural_prototypes	interval|hg38|chr1|200552915|200553235|-|303482	human:hg38	chr1	coord|human:hg38|chr1|200552915|200553235|-|303482	hc|0663	AluSg	AluSx1	0.8014214531	0.8376533459679263	0	0
kmer6_k4_natural_prototypes	interval|hg38|chr1|236972669|236972989|+|362967	human:hg38	chr1	coord|human:hg38|chr1|236972669|236972989|+|362967	hc|0664	AluSg	AluSq	0.7408167756	0.8376533459679263	0	0
kmer6_k4_natural_prototypes	interval|hg38|chr11|4663071|4663414|+|593281	human:hg38	chr11	coord|human:hg38|chr11|4663071|4663414|+|593281	hc|0468	AluSp	AluSp	0.6578048093	0.8376533459679263	0	1
kmer6_k4_natural_prototypes	interval|hg38|chr13|33872451|33872793|+|1045239	human:hg38	chr13	coord|human:hg38|chr13|33872451|33872793|+|1045239	hc|0469	AluSp	AluSp	0.5312973829	0.8376533459679263	0	1
kmer6_k4_natural_prototypes	interval|hg38|chr1|230845401|230845741|+|352530	human:hg38	chr1	coord|human:hg38|chr1|230845401|230845741|+|352530	hc|0471	AluSp	AluSz	0.5754144635	0.8376533459679263	0	0
kmer6_k4_natural_prototypes	interval|hg38|chr1|112735388|112735726|+|201071	human:hg38	chr1	coord|human:hg38|chr1|112735388|112735726|+|201071	hc|0476	AluSp	AluSp	0.6925382316	0.8376533459679263	0	1
kmer6_k4_natural_prototypes	interval|hg38|chr1|72149600|72149934|+|141771	human:hg38	chr1	coord|human:hg38|chr1|72149600|72149934|+|141771	hc|0484	AluSp	AluSc	0.8094016013	0.8376533459679263	0	0
kmer6_k4_natural_prototypes	interval|hg38|chr11|42106182|42106515|+|651362	human:hg38	chr11	coord|human:hg38|chr11|42106182|42106515|+|651362	hc|0487	AluSp	AluSp	0.7555742256	0.8376533459679263	0	1
kmer6_k4_natural_prototypes	interval|hg38|chr11|71732386|71732718|-|695294	human:hg38	chr11	coord|human:hg38|chr11|71732386|71732718|-|695294	hc|0490	AluSp	AluSq2	0.7617241238	0.8376533459679263	0	0
kmer6_k4_natural_prototypes	interval|hg38|chr1|214495663|214495994|-|327198	human:hg38	chr1	coord|human:hg38|chr1|214495663|214495994|-|327198	hc|0493	AluSp	AluSp	0.7782841675	0.8376533459679263	0	1
kmer6_k4_natural_prototypes	interval|hg38|chr11|8779485|8779814|-|598973	human:hg38	chr11	coord|human:hg38|chr11|8779485|8779814|-|598973	hc|0497	AluSp	AluSp	0.7058220201	0.8376533459679263	0	1
kmer6_k4_natural_prototypes	interval|hg38|chr1|242555877|242556205|-|371508	human:hg38	chr1	coord|human:hg38|chr1|242555877|242556205|-|371508	hc|0501	AluSp	AluSq	0.9025534169	0.8376533459679263	1	0
kmer6_k4_natural_prototypes	interval|hg38|chr1|1477677|1478003|-|1840	human:hg38	chr1	coord|human:hg38|chr1|1477677|1478003|-|1840	hc|0505	AluSp	AluSc8	0.6580053032	0.8376533459679263	0	0
kmer6_k4_natural_prototypes	interval|hg38|chr1|240620855|240621195|-|368285	human:hg38	chr1	coord|human:hg38|chr1|240620855|240621195|-|368285	hc|0985	AluSq	AluSx1	0.8165455561	0.8376533459679263	0	0
kmer6_k4_natural_prototypes	interval|hg38|chr1|241040465|241040787|-|368964	human:hg38	chr1	coord|human:hg38|chr1|241040465|241040787|-|368964	hc|0994	AluSq	AluSx	0.7436879664	0.8376533459679263	0	0
kmer6_k4_natural_prototypes	interval|hg38|chr1|92143489|92143811|-|170472	human:hg38	chr1	coord|human:hg38|chr1|92143489|92143811|-|170472	hc|0995	AluSq	AluSq2	0.7095567257	0.8376533459679263	0	0
kmer6_k4_natural_prototypes	interval|hg38|chr1|225704954|225705275|+|344033	human:hg38	chr1	coord|human:hg38|chr1|225704954|225705275|+|344033	hc|0996	AluSq	AluSp	0.8594974735	0.8376533459679263	1	0
kmer6_k4_natural_prototypes	interval|hg38|chr13|19821665|19821985|+|1022527	human:hg38	chr13	coord|human:hg38|chr13|19821665|19821985|+|1022527	hc|1000	AluSq	AluSq2	0.6573456491	0.8376533459679263	0	0
kmer6_k4_natural_prototypes	interval|hg38|chr1|199990500|199990818|-|302443	human:hg38	chr1	coord|human:hg38|chr1|199990500|199990818|-|302443	hc|1010	AluSq	AluSq	0.7355311856	0.8376533459679263	0	1
kmer6_k4_natural_prototypes	interval|hg38|chr1|235041713|235042030|-|359184	human:hg38	chr1	coord|human:hg38|chr1|235041713|235042030|-|359184	hc|1022	AluSq	AluSq	0.8474023118	0.8376533459679263	1	1
kmer6_k4_natural_prototypes	interval|hg38|chr1|117133712|117134055|+|208740	human:hg38	chr1	coord|human:hg38|chr1|117133712|117134055|+|208740	hc|0317	AluSq2	AluSp	0.7490188846	0.8376533459679263	0	0
kmer6_k4_natural_prototypes	interval|hg38|chr13|52748111|52748453|+|1074758	human:hg38	chr13	coord|human:hg38|chr13|52748111|52748453|+|1074758	hc|0318	AluSq2	AluSx	0.7222909996	0.8376533459679263	0	0
kmer6_k4_natural_prototypes	interval|hg38|chr1|53790083|53790424|+|108852	human:hg38	chr1	coord|human:hg38|chr1|53790083|53790424|+|108852	hc|0323	AluSq2	AluSx3	0.652882465	0.8376533459679263	0	0
kmer6_k4_natural_prototypes	interval|hg38|chr11|35315511|35315851|+|641617	human:hg38	chr11	coord|human:hg38|chr11|35315511|35315851|+|641617	hc|0326	AluSq2	AluSz	0.7081479895	0.8376533459679263	0	0
kmer6_k4_natural_prototypes	interval|hg38|chr11|80842044|80842384|-|713977	human:hg38	chr11	coord|human:hg38|chr11|80842044|80842384|-|713977	hc|0327	AluSq2	AluSc	0.7791785659	0.8376533459679263	0	0
kmer6_k4_natural_prototypes	interval|hg38|chr13|62416751|62417090|+|1087198	human:hg38	chr13	coord|human:hg38|chr13|62416751|62417090|+|1087198	hc|0330	AluSq2	AluSp	0.5664066682	0.8376533459679263	0	0
kmer6_k4_natural_prototypes	interval|hg38|chr13|49829338|49829675|+|1070140	human:hg38	chr13	coord|human:hg38|chr13|49829338|49829675|+|1070140	hc|0333	AluSq2	AluSq	0.847225389	0.8376533459679263	1	0
kmer6_k4_natural_prototypes	interval|hg38|chr13|60541129|60541466|-|1084796	human:hg38	chr13	coord|human:hg38|chr13|60541129|60541466|-|1084796	hc|0334	AluSq2	AluSq2	0.6383313906	0.8376533459679263	0	1
kmer6_k4_natural_prototypes	interval|hg38|chr11|63536245|63536581|+|679684	human:hg38	chr11	coord|human:hg38|chr11|63536245|63536581|+|679684	hc|0337	AluSq2	AluSq	0.6247034729	0.8376533459679263	0	0
kmer6_k4_natural_prototypes	interval|hg38|chr11|37840530|37840866|-|645511	human:hg38	chr11	coord|human:hg38|chr11|37840530|37840866|-|645511	hc|0338	AluSq2	AluSx1	0.7836375192	0.8376533459679263	0	0
kmer6_k4_natural_prototypes	interval|hg38|chr1|241461063|241461398|+|369648	human:hg38	chr1	coord|human:hg38|chr1|241461063|241461398|+|369648	hc|0340	AluSq2	AluSz	0.7308538951	0.8376533459679263	0	0
kmer6_k4_natural_prototypes	interval|hg38|chr1|154973228|154973559|+|235039	human:hg38	chr1	coord|human:hg38|chr1|154973228|154973559|+|235039	hc|0350	AluSq2	AluSq	0.7659949645	0.8376533459679263	0	0
kmer6_k4_natural_prototypes	interval|hg38|chr1|201033351|201033695|-|304357	human:hg38	chr1	coord|human:hg38|chr1|201033351|201033695|-|304357	hc|0043	AluSx	AluSz	0.7270775628	0.8376533459679263	0	0
kmer6_k4_natural_prototypes	interval|hg38|chr1|233061718|233062058|-|355967	human:hg38	chr1	coord|human:hg38|chr1|233061718|233062058|-|355967	hc|0051	AluSx	AluSx3	0.6488545124	0.8376533459679263	0	0
kmer6_k4_natural_prototypes	interval|hg38|chr1|53699024|53699363|-|108621	human:hg38	chr1	coord|human:hg38|chr1|53699024|53699363|-|108621	hc|0054	AluSx	AluY	0.6128593703	0.8376533459679263	0	0
kmer6_k4_natural_prototypes	interval|hg38|chr11|70237593|70237930|+|693037	human:hg38	chr11	coord|human:hg38|chr11|70237593|70237930|+|693037	hc|0061	AluSx	AluSc	0.766449852	0.8376533459679263	0	0
kmer6_k4_natural_prototypes	interval|hg38|chr1|105626455|105626791|-|190246	human:hg38	chr1	coord|human:hg38|chr1|105626455|105626791|-|190246	hc|0064	AluSx	AluSx1	0.7858347799	0.8376533459679263	0	0
kmer6_k4_natural_prototypes	interval|hg38|chr1|25075374|25075709|+|47296	human:hg38	chr1	coord|human:hg38|chr1|25075374|25075709|+|47296	hc|0065	AluSx	AluSc8	0.4041236032	0.8376533459679263	0	0
kmer6_k4_natural_prototypes	interval|hg38|chr13|24753874|24754215|+|1030461	human:hg38	chr13	coord|human:hg38|chr13|24753874|24754215|+|1030461	hc|0088	AluSx1	AluY	0.6292005251	0.8376533459679263	0	0
kmer6_k4_natural_prototypes	interval|hg38|chr1|105990600|105990939|-|190680	human:hg38	chr1	coord|human:hg38|chr1|105990600|105990939|-|190680	hc|0093	AluSx1	AluY	0.6651577916	0.8376533459679263	0	0
kmer6_k4_natural_prototypes	interval|hg38|chr11|9830458|9830796|+|601214	human:hg38	chr11	coord|human:hg38|chr11|9830458|9830796|+|601214	hc|0096	AluSx1	AluY	0.7316001249	0.8376533459679263	0	0
kmer6_k4_natural_prototypes	interval|hg38|chr1|218854792|218855129|-|333052	human:hg38	chr1	coord|human:hg38|chr1|218854792|218855129|-|333052	hc|0103	AluSx1	AluSx	0.7491849555	0.8376533459679263	0	0
kmer6_k4_natural_prototypes	interval|hg38|chr13|20124699|20125035|+|1023256	human:hg38	chr13	coord|human:hg38|chr13|20124699|20125035|+|1023256	hc|0110	AluSx1	AluJr	0.8859763941	0.8376533459679263	1	0
kmer6_k4_natural_prototypes	interval|hg38|chr1|20594505|20594840|+|36800	human:hg38	chr1	coord|human:hg38|chr1|20594505|20594840|+|36800	hc|0114	AluSx1	AluSz	0.6789849864	0.8376533459679263	0	0
kmer6_k4_natural_prototypes	interval|hg38|chr13|101337273|101337607|-|1139214	human:hg38	chr13	coord|human:hg38|chr13|101337273|101337607|-|1139214	hc|0118	AluSx1	AluSq	0.7699208014	0.8376533459679263	0	0
kmer6_k4_natural_prototypes	interval|hg38|chr13|105587264|105587598|+|1144405	human:hg38	chr13	coord|human:hg38|chr13|105587264|105587598|+|1144405	hc|0119	AluSx1	AluY	0.6079423844	0.8376533459679263	0	0
kmer6_k4_natural_prototypes	interval|hg38|chr13|91330328|91330671|-|1124079	human:hg38	chr13	coord|human:hg38|chr13|91330328|91330671|-|1124079	hc|0747	AluSx3	AluSx1	0.8027198695	0.8376533459679263	0	0
kmer6_k4_natural_prototypes	interval|hg38|chr1|63170590|63170920|-|127060	human:hg38	chr1	coord|human:hg38|chr1|63170590|63170920|-|127060	hc|0758	AluSx3	AluSc	0.8115255216	0.8376533459679263	0	0
kmer6_k4_natural_prototypes	interval|hg38|chr11|63600578|63600903|-|679842	human:hg38	chr11	coord|human:hg38|chr11|63600578|63600903|-|679842	hc|0764	AluSx3	AluSp	0.711616268	0.8376533459679263	0	0
kmer6_k4_natural_prototypes	interval|hg38|chr13|51888620|51888944|-|1073349	human:hg38	chr13	coord|human:hg38|chr13|51888620|51888944|-|1073349	hc|0765	AluSx3	AluSx	0.8450109166	0.8376533459679263	1	0
kmer6_k4_natural_prototypes	interval|hg38|chr1|53790424|53790744|+|108853	human:hg38	chr1	coord|human:hg38|chr1|53790424|53790744|+|108853	hc|0323	AluSx3	AluSz	0.5046800322	0.8376533459679263	0	0
kmer6_k4_natural_prototypes	interval|hg38|chr13|36726380|36726699|-|1049349	human:hg38	chr13	coord|human:hg38|chr13|36726380|36726699|-|1049349	hc|0775	AluSx3	AluSq	0.8498367931	0.8376533459679263	1	0
kmer6_k4_natural_prototypes	interval|hg38|chr1|150614803|150615122|-|227116	human:hg38	chr1	coord|human:hg38|chr1|150614803|150615122|-|227116	hc|0776	AluSx3	AluSq	0.8870929364	0.8376533459679263	1	0
kmer6_k4_natural_prototypes	interval|hg38|chr1|52722545|52722863|-|106500	human:hg38	chr1	coord|human:hg38|chr1|52722545|52722863|-|106500	hc|0777	AluSx3	AluSg	0.7899968034	0.8376533459679263	0	0
kmer6_k4_natural_prototypes	interval|hg38|chr1|241467706|241468024|+|369668	human:hg38	chr1	coord|human:hg38|chr1|241467706|241468024|+|369668	hc|0778	AluSx3	AluSq	0.6880236856	0.8376533459679263	0	0
kmer6_k4_natural_prototypes	interval|hg38|chr1|20749341|20749658|-|37135	human:hg38	chr1	coord|human:hg38|chr1|20749341|20749658|-|37135	hc|0781	AluSx3	AluSc	0.6602854595	0.8376533459679263	0	0
kmer6_k4_natural_prototypes	interval|hg38|chr13|71692477|71692820|-|1098283	human:hg38	chr13	coord|human:hg38|chr13|71692477|71692820|-|1098283	hc|1300	AluSx4	AluSc	0.8658513819	0.8376533459679263	1	0
kmer6_k4_natural_prototypes	interval|hg38|chr13|49622942|49623282|-|1069682	human:hg38	chr13	coord|human:hg38|chr13|49622942|49623282|-|1069682	hc|1301	AluSx4	AluJb	0.7393804146	0.8376533459679263	0	0
kmer6_k4_natural_prototypes	interval|hg38|chr11|43900195|43900521|-|654289	human:hg38	chr11	coord|human:hg38|chr11|43900195|43900521|-|654289	hc|1305	AluSx4	AluSq	0.8235274805	0.8376533459679263	0	0
kmer6_k4_natural_prototypes	interval|hg38|chr1|19965980|19966302|-|35423	human:hg38	chr1	coord|human:hg38|chr1|19965980|19966302|-|35423	hc|1308	AluSx4	AluJr	0.8918507194	0.8376533459679263	1	0
kmer6_k4_natural_prototypes	interval|hg38|chr1|161167541|161167862|-|245269	human:hg38	chr1	coord|human:hg38|chr1|161167541|161167862|-|245269	hc|1309	AluSx4	AluSg	0.8338488118	0.8376533459679263	0	0
kmer6_k4_natural_prototypes	interval|hg38|chr13|27042509|27042830|-|1034031	human:hg38	chr13	coord|human:hg38|chr13|27042509|27042830|-|1034031	hc|1310	AluSx4	AluSx	0.8084801526	0.8376533459679263	0	0
kmer6_k4_natural_prototypes	interval|hg38|chr11|98190789|98191109|+|739972	human:hg38	chr11	coord|human:hg38|chr11|98190789|98191109|+|739972	hc|1312	AluSx4	AluSx	0.7601753128	0.8376533459679263	0	0
kmer6_k4_natural_prototypes	interval|hg38|chr1|17805360|17805677|-|30741	human:hg38	chr1	coord|human:hg38|chr1|17805360|17805677|-|30741	hc|1315	AluSx4	AluSx4	0.8422863143	0.8376533459679263	1	1
kmer6_k4_natural_prototypes	interval|hg38|chr1|60560179|60560496|+|122243	human:hg38	chr1	coord|human:hg38|chr1|60560179|60560496|+|122243	hc|1316	AluSx4	AluSq	0.6364321956	0.8376533459679263	0	0
kmer6_k4_natural_prototypes	interval|hg38|chr1|233600912|233601228|+|356843	human:hg38	chr1	coord|human:hg38|chr1|233600912|233601228|+|356843	hc|1319	AluSx4	AluSq	0.8424487505	0.8376533459679263	1	0
kmer6_k4_natural_prototypes	interval|hg38|chr13|31273078|31273393|-|1041161	human:hg38	chr13	coord|human:hg38|chr13|31273078|31273393|-|1041161	hc|1325	AluSx4	AluSx4	0.607415483	0.8376533459679263	0	1
kmer6_k4_natural_prototypes	interval|hg38|chr11|79917066|79917381|-|712432	human:hg38	chr11	coord|human:hg38|chr11|79917066|79917381|-|712432	hc|1326	AluSx4	AluSq	0.8213832938	0.8376533459679263	0	0
kmer6_k4_natural_prototypes	interval|hg38|chr1|65152384|65152698|-|130875	human:hg38	chr1	coord|human:hg38|chr1|65152384|65152698|-|130875	hc|1327	AluSx4	AluSq	0.8758689595	0.8376533459679263	1	0
kmer6_k4_natural_prototypes	interval|hg38|chr11|67201488|67201802|+|687399	human:hg38	chr11	coord|human:hg38|chr11|67201488|67201802|+|687399	hc|1330	AluSx4	AluSq	0.8149270797	0.8376533459679263	0	0
kmer6_k4_natural_prototypes	interval|hg38|chr1|35015935|35016248|-|70123	human:hg38	chr1	coord|human:hg38|chr1|35015935|35016248|-|70123	hc|1334	AluSx4	AluSc8	0.7030860366	0.8376533459679263	0	0
kmer6_k4_natural_prototypes	interval|hg38|chr11|46757572|46757885|-|659827	human:hg38	chr11	coord|human:hg38|chr11|46757572|46757885|-|659827	hc|1336	AluSx4	AluSc	0.6106831292	0.8376533459679263	0	0
kmer6_k4_natural_prototypes	interval|hg38|chr1|151445239|151445579|+|228937	human:hg38	chr1	coord|human:hg38|chr1|151445239|151445579|+|228937	hc|0247	AluSz	AluSz	0.8056630702	0.8376533459679263	0	1
kmer6_k4_natural_prototypes	interval|hg38|chr1|43264328|43264664|-|87468	human:hg38	chr1	coord|human:hg38|chr1|43264328|43264664|-|87468	hc|0255	AluSz	AluSx	0.8389115293	0.8376533459679263	1	0
kmer6_k4_natural_prototypes	interval|hg38|chr1|39149251|39149587|+|78849	human:hg38	chr1	coord|human:hg38|chr1|39149251|39149587|+|78849	hc|0257	AluSz	AluSz	0.6836645205	0.8376533459679263	0	1
kmer6_k4_natural_prototypes	interval|hg38|chr11|65509129|65509463|-|683570	human:hg38	chr11	coord|human:hg38|chr11|65509129|65509463|-|683570	hc|0262	AluSz	AluSc	0.8092373547	0.8376533459679263	0	0
kmer6_k4_natural_prototypes	interval|hg38|chr1|34812663|34812995|+|69705	human:hg38	chr1	coord|human:hg38|chr1|34812663|34812995|+|69705	hc|0270	AluSz	AluSx3	0.7548980732	0.8376533459679263	0	0
kmer6_k4_natural_prototypes	interval|hg38|chr1|64920259|64920602|+|130343	human:hg38	chr1	coord|human:hg38|chr1|64920259|64920602|+|130343	hc|0548	AluSz6	AluSz6	0.3507069618	0.8376533459679263	0	1
kmer6_k4_natural_prototypes	interval|hg38|chr1|151214341|151214680|-|228444	human:hg38	chr1	coord|human:hg38|chr1|151214341|151214680|-|228444	hc|0552	AluSz6	AluSc	0.6305764462	0.8376533459679263	0	0
kmer6_k4_natural_prototypes	interval|hg38|chr11|32925494|32925826|-|637504	human:hg38	chr11	coord|human:hg38|chr11|32925494|32925826|-|637504	hc|0563	AluSz6	AluSx1	0.8031915432	0.8376533459679263	0	0
kmer6_k4_natural_prototypes	interval|hg38|chr1|89693625|89693955|-|166470	human:hg38	chr1	coord|human:hg38|chr1|89693625|89693955|-|166470	hc|0569	AluSz6	AluSq	0.8080501308	0.8376533459679263	0	0
kmer6_k4_natural_prototypes	interval|hg38|chr13|44823732|44824061|-|1061640	human:hg38	chr13	coord|human:hg38|chr13|44823732|44824061|-|1061640	hc|0570	AluSz6	AluSp	0.7392165115	0.8376533459679263	0	0
kmer6_k4_natural_prototypes	interval|hg38|chr11|48477285|48477608|-|663453	human:hg38	chr11	coord|human:hg38|chr11|48477285|48477608|-|663453	hc|0584	AluSz6	AluJb	0.6555841692	0.8376533459679263	0	0
kmer6_k4_natural_prototypes	interval|hg38|chr11|80437386|80437733|-|713337	human:hg38	chr11	coord|human:hg38|chr11|80437386|80437733|-|713337	hc|0161	AluY	AluSc8	0.7894456844	0.8376533459679263	0	0
kmer6_k4_natural_prototypes	interval|hg38|chr1|85101440|85101784|+|159742	human:hg38	chr1	coord|human:hg38|chr1|85101440|85101784|+|159742	hc|0163	AluY	AluY	0.8075913506	0.8376533459679263	0	1
kmer6_k4_natural_prototypes	interval|hg38|chr13|41739816|41740154|-|1056818	human:hg38	chr13	coord|human:hg38|chr13|41739816|41740154|-|1056818	hc|0175	AluY	AluSp	0.8038653277	0.8376533459679263	0	0
kmer6_k4_natural_prototypes	interval|hg38|chr1|221434071|221434409|+|336872	human:hg38	chr1	coord|human:hg38|chr1|221434071|221434409|+|336872	hc|0178	AluY	AluY	0.8617253809	0.8376533459679263	1	1
kmer6_k4_natural_prototypes	interval|hg38|chr11|121442641|121442977|-|776778	human:hg38	chr11	coord|human:hg38|chr11|121442641|121442977|-|776778	hc|0186	AluY	AluY	0.8488493009	0.8376533459679263	1	1
kmer6_k4_natural_prototypes	interval|hg38|chr13|76437647|76437983|+|1105147	human:hg38	chr13	coord|human:hg38|chr13|76437647|76437983|+|1105147	hc|0189	AluY	AluY	0.8057172511	0.8376533459679263	0	1
kmer6_k4_natural_prototypes	interval|hg38|chr13|63650949|63651284|+|1088717	human:hg38	chr13	coord|human:hg38|chr13|63650949|63651284|+|1088717	hc|0191	AluY	AluSg	0.726223083	0.8376533459679263	0	0
kmer6_k4_natural_prototypes	interval|hg38|chr1|83117210|83117545|-|156808	human:hg38	chr1	coord|human:hg38|chr1|83117210|83117545|-|156808	hc|0193	AluY	AluY	0.8215685989	0.8376533459679263	0	1
kmer6_k4_natural_prototypes	interval|hg38|chr11|119609295|119609458|-|773745	human:hg38	chr11	coord|human:hg38|chr11|119609295|119609458|-|773745	hc|1140	FLAM_A	AluY	0.6641559874	0.8376533459679263	0	0
kmer6_k4_natural_prototypes	interval|hg38|chr13|89140328|89140478|-|1121240	human:hg38	chr13	coord|human:hg38|chr13|89140328|89140478|-|1121240	hc|1149	FLAM_A	AluSz	0.5161249799	0.8376533459679263	0	0
kmer6_k4_natural_prototypes	interval|hg38|chr1|33296830|33296968|-|66963	human:hg38	chr1	coord|human:hg38|chr1|33296830|33296968|-|66963	hc|1161	FLAM_A	AluJr	0.575844076	0.8376533459679263	0	0
kmer6_k4_natural_prototypes	interval|hg38|chr1|118663886|118664023|+|211106	human:hg38	chr1	coord|human:hg38|chr1|118663886|118664023|+|211106	hc|1169	FLAM_A	AluSp	0.3046460776	0.8376533459679263	0	0
kmer6_k4_natural_prototypes	interval|hg38|chr11|65137695|65137877|-|682748	human:hg38	chr11	coord|human:hg38|chr11|65137695|65137877|-|682748	hc|0946	FLAM_C	AluSp	0.4174022133	0.8376533459679263	0	0
kmer6_k4_natural_prototypes	interval|hg38|chr11|90131115|90131294|+|728506	human:hg38	chr11	coord|human:hg38|chr11|90131115|90131294|+|728506	hc|0947	FLAM_C	FLAM_C	0.2395067555	0.8376533459679263	0	1
kmer6_k4_natural_prototypes	interval|hg38|chr1|232646991|232647163|+|355335	human:hg38	chr1	coord|human:hg38|chr1|232646991|232647163|+|355335	hc|0956	FLAM_C	AluSx4	0.3889191451	0.8376533459679263	0	0
kmer6_k4_natural_prototypes	interval|hg38|chr1|121277375|121277546|-|214919	human:hg38	chr1	coord|human:hg38|chr1|121277375|121277546|-|214919	hc|0958	FLAM_C	FLAM_C	0.6184992501	0.8376533459679263	0	1
kmer6_k4_natural_prototypes	interval|hg38|chr1|206295864|206296035|-|313952	human:hg38	chr1	coord|human:hg38|chr1|206295864|206296035|-|313952	hc|0958	FLAM_C	FLAM_C	0.6184992501	0.8376533459679263	0	1
kmer6_k4_natural_prototypes	interval|hg38|chr11|14744991|14745155|-|609450	human:hg38	chr11	coord|human:hg38|chr11|14744991|14745155|-|609450	hc|0968	FLAM_C	AluJb	0.4016723295	0.8376533459679263	0	0
kmer6_k4_natural_prototypes	interval|hg38|chr13|27506531|27506693|-|1034939	human:hg38	chr13	coord|human:hg38|chr13|27506531|27506693|-|1034939	hc|0973	FLAM_C	AluSc	0.6305921897	0.8376533459679263	0	0
kmer6_k4_natural_prototypes	interval|hg38|chr1|106701999|106703583|+|191553	human:hg38	chr1	coord|human:hg38|chr1|106701999|106703583|+|191553	hc|0788	L2	L2	0.4957129808	0.8376533459679263	0	1
kmer6_k4_natural_prototypes	interval|hg38|chr13|65927645|65928885|-|1091485	human:hg38	chr13	coord|human:hg38|chr13|65927645|65928885|-|1091485	hc|0799	L2	L2	0.4736809857	0.8376533459679263	0	1
kmer6_k4_natural_prototypes	interval|hg38|chr1|164180320|164181378|-|250014	human:hg38	chr1	coord|human:hg38|chr1|164180320|164181378|-|250014	hc|0810	L2	L2	0.4762628031	0.8376533459679263	0	1
kmer6_k4_natural_prototypes	interval|hg38|chr11|41892290|41893249|+|651076	human:hg38	chr11	coord|human:hg38|chr11|41892290|41893249|+|651076	hc|0817	L2	L2	0.451731094	0.8376533459679263	0	1
kmer6_k4_natural_prototypes	interval|hg38|chr1|192762415|192763343|+|292952	human:hg38	chr1	coord|human:hg38|chr1|192762415|192763343|+|292952	hc|0821	L2	L2	0.4656597294	0.8376533459679263	0	1
kmer6_k4_natural_prototypes	interval|hg38|chr1|92907989|92908900|-|171958	human:hg38	chr1	coord|human:hg38|chr1|92907989|92908900|-|171958	hc|0824	L2	L2	0.4352299746	0.8376533459679263	0	1
kmer6_k4_natural_prototypes	interval|hg38|chr1|175559963|175561216|-|267617	human:hg38	chr1	coord|human:hg38|chr1|175559963|175561216|-|267617	hc|0865	L3	L3	0.3571252595	0.8376533459679263	0	1
kmer6_k4_natural_prototypes	interval|hg38|chr1|115376060|115377031|+|205871	human:hg38	chr1	coord|human:hg38|chr1|115376060|115377031|+|205871	hc|0866	L3	L3	0.3407582369	0.8376533459679263	0	1
kmer6_k4_natural_prototypes	interval|hg38|chr13|94943214|94944182|+|1128855	human:hg38	chr13	coord|human:hg38|chr13|94943214|94944182|+|1128855	hc|0867	L3	L3	0.3542203667	0.8376533459679263	0	1
kmer6_k4_natural_prototypes	interval|hg38|chr1|221560476|221561234|+|337077	human:hg38	chr1	coord|human:hg38|chr1|221560476|221561234|+|337077	hc|0877	L3	L3	0.3070329594	0.8376533459679263	0	1
kmer6_k4_natural_prototypes	interval|hg38|chr1|60068299|60068986|-|121401	human:hg38	chr1	coord|human:hg38|chr1|60068299|60068986|-|121401	hc|0882	L3	L3	0.3508495181	0.8376533459679263	0	1
kmer6_k4_natural_prototypes	interval|hg38|chr1|185491905|185492543|-|283713	human:hg38	chr1	coord|human:hg38|chr1|185491905|185492543|-|283713	hc|0890	L3	L2	0.2996335871	0.8376533459679263	0	0
kmer6_k4_natural_prototypes	interval|hg38|chr13|32448237|32448846|+|1042915	human:hg38	chr13	coord|human:hg38|chr13|32448237|32448846|+|1042915	hc|0897	L3	L3	0.3148954721	0.8376533459679263	0	1
kmer6_k4_natural_prototypes	interval|hg38|chr13|26132818|26133008|-|1032488	human:hg38	chr13	coord|human:hg38|chr13|26132818|26133008|-|1032488	hc|1025	MER5A	MER5A	0.2755998948	0.8376533459679263	0	1
kmer6_k4_natural_prototypes	interval|hg38|chr1|116173109|116173298|-|207142	human:hg38	chr1	coord|human:hg38|chr1|116173109|116173298|-|207142	hc|1034	MER5A	MER5A	0.1662388132	0.8376533459679263	0	1
kmer6_k4_natural_prototypes	interval|hg38|chr13|109330217|109330406|+|1149011	human:hg38	chr13	coord|human:hg38|chr13|109330217|109330406|+|1149011	hc|1039	MER5A	MER5A	0.2519693718	0.8376533459679263	0	1
kmer6_k4_natural_prototypes	interval|hg38|chr11|37688484|37688673|+|645340	human:hg38	chr11	coord|human:hg38|chr11|37688484|37688673|+|645340	hc|1043	MER5A	MER5A	0.1874433152	0.8376533459679263	0	1
kmer6_k4_natural_prototypes	interval|hg38|chr11|87960158|87960346|-|725499	human:hg38	chr11	coord|human:hg38|chr11|87960158|87960346|-|725499	hc|1052	MER5A	L3	0.1449024828	0.8376533459679263	0	0
kmer6_k4_natural_prototypes	interval|hg38|chr11|79244051|79244239|-|711160	human:hg38	chr11	coord|human:hg38|chr11|79244051|79244239|-|711160	hc|1059	MER5A	MER5A	0.1684233854	0.8376533459679263	0	1
kmer6_k4_natural_prototypes	interval|hg38|chr11|17682878|17683214|-|614237	human:hg38	chr11	coord|human:hg38|chr11|17682878|17683214|-|614237	hc|0120	MIR	L2	0.2284309944	0.8376533459679263	0	0
kmer6_k4_natural_prototypes	interval|hg38|chr1|205488833|205489105|+|312550	human:hg38	chr1	coord|human:hg38|chr1|205488833|205489105|+|312550	hc|0124	MIR	MIR	0.2074795967	0.8376533459679263	0	1
kmer6_k4_natural_prototypes	interval|hg38|chr13|60851003|60851268|-|1085231	human:hg38	chr13	coord|human:hg38|chr13|60851003|60851268|-|1085231	hc|0130	MIR	L3	0.1706038691	0.8376533459679263	0	0
kmer6_k4_natural_prototypes	interval|hg38|chr1|204487958|204488223|-|310684	human:hg38	chr1	coord|human:hg38|chr1|204487958|204488223|-|310684	hc|0131	MIR	L3	0.1825518727	0.8376533459679263	0	0
kmer6_k4_natural_prototypes	interval|hg38|chr1|178263260|178263524|-|271633	human:hg38	chr1	coord|human:hg38|chr1|178263260|178263524|-|271633	hc|0135	MIR	L3	0.2118731937	0.8376533459679263	0	0
kmer6_k4_natural_prototypes	interval|hg38|chr1|201087144|201087407|-|304438	human:hg38	chr1	coord|human:hg38|chr1|201087144|201087407|-|304438	hc|0138	MIR	L3	0.1775144557	0.8376533459679263	0	0
kmer6_k4_natural_prototypes	interval|hg38|chr1|195834144|195834407|+|297028	human:hg38	chr1	coord|human:hg38|chr1|195834144|195834407|+|297028	hc|0141	MIR	L3	0.2109149992	0.8376533459679263	0	0
kmer6_k4_natural_prototypes	interval|hg38|chr11|120146407|120146670|-|774610	human:hg38	chr11	coord|human:hg38|chr11|120146407|120146670|-|774610	hc|0142	MIR	MIR	0.1744048357	0.8376533459679263	0	1
kmer6_k4_natural_prototypes	interval|hg38|chr1|115260156|115260418|+|205716	human:hg38	chr1	coord|human:hg38|chr1|115260156|115260418|+|205716	hc|0145	MIR	FLAM_C	0.2265575441	0.8376533459679263	0	0
kmer6_k4_natural_prototypes	interval|hg38|chr1|157997127|157997389|+|240588	human:hg38	chr1	coord|human:hg38|chr1|157997127|157997389|+|240588	hc|0146	MIR	L2	0.1639238466	0.8376533459679263	0	0
kmer6_k4_natural_prototypes	interval|hg38|chr13|39790122|39790383|+|1053620	human:hg38	chr13	coord|human:hg38|chr13|39790122|39790383|+|1053620	hc|0154	MIR	L3	0.2099293559	0.8376533459679263	0	0
kmer6_k4_natural_prototypes	interval|hg38|chr1|10787039|10787260|-|16483	human:hg38	chr1	coord|human:hg38|chr1|10787039|10787260|-|16483	hc|0507	MIR3	L2	0.1633321427	0.8376533459679263	0	0
kmer6_k4_natural_prototypes	interval|hg38|chr11|72088660|72088881|+|695954	human:hg38	chr11	coord|human:hg38|chr11|72088660|72088881|+|695954	hc|0509	MIR3	L3	0.2035073528	0.8376533459679263	0	0
kmer6_k4_natural_prototypes	interval|hg38|chr11|92345709|92345926|+|731517	human:hg38	chr11	coord|human:hg38|chr11|92345709|92345926|+|731517	hc|0511	MIR3	L2	0.1647270961	0.8376533459679263	0	0
kmer6_k4_natural_prototypes	interval|hg38|chr1|156965347|156965560|+|239002	human:hg38	chr1	coord|human:hg38|chr1|156965347|156965560|+|239002	hc|0514	MIR3	L3	0.159722619	0.8376533459679263	0	0
kmer6_k4_natural_prototypes	interval|hg38|chr13|40350403|40350604|+|1054403	human:hg38	chr13	coord|human:hg38|chr13|40350403|40350604|+|1054403	hc|0538	MIR3	L2	0.1438015037	0.8376533459679263	0	0
kmer6_k4_natural_prototypes	interval|hg38|chr11|40320570|40320771|+|648820	human:hg38	chr11	coord|human:hg38|chr11|40320570|40320771|+|648820	hc|0539	MIR3	AluSp	0.191236043	0.8376533459679263	0	0
kmer6_k4_natural_prototypes	interval|hg38|chr11|26633262|26633462|-|627690	human:hg38	chr11	coord|human:hg38|chr11|26633262|26633462|-|627690	hc|0541	MIR3	L3	0.1679893497	0.8376533459679263	0	0
kmer6_k4_natural_prototypes	interval|hg38|chr11|130436464|130436664|-|790637	human:hg38	chr11	coord|human:hg38|chr11|130436464|130436664|-|790637	hc|0542	MIR3	L3	0.1462177874	0.8376533459679263	0	0
kmer6_k4_natural_prototypes	interval|hg38|chr1|56039075|56039274|+|113524	human:hg38	chr1	coord|human:hg38|chr1|56039075|56039274|+|113524	hc|0543	MIR3	L2	0.1721312026	0.8376533459679263	0	0
kmer6_k4_natural_prototypes	interval|hg38|chr1|57401601|57401800|-|116197	human:hg38	chr1	coord|human:hg38|chr1|57401601|57401800|-|116197	hc|0546	MIR3	MIRc	0.132127664	0.8376533459679263	0	0
kmer6_k4_natural_prototypes	interval|hg38|chr1|17595764|17596060|-|30300	human:hg38	chr1	coord|human:hg38|chr1|17595764|17596060|-|30300	hc|0001	MIRb	MIR	0.1615289039	0.8376533459679263	0	0
kmer6_k4_natural_prototypes	interval|hg38|chr1|118110852|118111117|+|210369	human:hg38	chr1	coord|human:hg38|chr1|118110852|118111117|+|210369	hc|0004	MIRb	MIRb	0.2004880844	0.8376533459679263	0	1
kmer6_k4_natural_prototypes	interval|hg38|chr1|177770561|177770824|+|270820	human:hg38	chr1	coord|human:hg38|chr1|177770561|177770824|+|270820	hc|0006	MIRb	L2	0.2272975645	0.8376533459679263	0	0
kmer6_k4_natural_prototypes	interval|hg38|chr1|30049395|30049656|+|59400	human:hg38	chr1	coord|human:hg38|chr1|30049395|30049656|+|59400	hc|0013	MIRb	L2	0.1808648602	0.8376533459679263	0	0
kmer6_k4_natural_prototypes	interval|hg38|chr1|49173199|49173460|-|99040	human:hg38	chr1	coord|human:hg38|chr1|49173199|49173460|-|99040	hc|0014	MIRb	L2	0.2212004301	0.8376533459679263	0	0
kmer6_k4_natural_prototypes	interval|hg38|chr1|215812855|215813114|+|328988	human:hg38	chr1	coord|human:hg38|chr1|215812855|215813114|+|328988	hc|0023	MIRb	L2	0.2219890259	0.8376533459679263	0	0
kmer6_k4_natural_prototypes	interval|hg38|chr1|48485253|48485511|-|97699	human:hg38	chr1	coord|human:hg38|chr1|48485253|48485511|-|97699	hc|0030	MIRb	MIRb	0.1846734737	0.8376533459679263	0	1
kmer6_k4_natural_prototypes	interval|hg38|chr1|15146959|15147216|+|25032	human:hg38	chr1	coord|human:hg38|chr1|15146959|15147216|+|25032	hc|0039	MIRb	L2	0.1894472618	0.8376533459679263	0	0
kmer6_k4_natural_prototypes	interval|hg38|chr1|18409434|18409690|+|32027	human:hg38	chr1	coord|human:hg38|chr1|18409434|18409690|+|32027	hc|0365	MIRc	L2	0.1699244285	0.8376533459679263	0	0
kmer6_k4_natural_prototypes	interval|hg38|chr1|154518952|154519205|+|234180	human:hg38	chr1	coord|human:hg38|chr1|154518952|154519205|+|234180	hc|0375	MIRc	L3	0.2141474864	0.8376533459679263	0	0
kmer6_k4_natural_prototypes	interval|hg38|chr11|86787791|86788042|-|723650	human:hg38	chr11	coord|human:hg38|chr11|86787791|86788042|-|723650	hc|0388	MIRc	THE1B	0.1710499875	0.8376533459679263	0	0
kmer6_k4_natural_prototypes	interval|hg38|chr11|109649300|109649551|+|756882	human:hg38	chr11	coord|human:hg38|chr11|109649300|109649551|+|756882	hc|0389	MIRc	AluSz6	0.3553746152	0.8376533459679263	0	0
kmer6_k4_natural_prototypes	interval|hg38|chr13|93594630|93595001|-|1126968	human:hg38	chr13	coord|human:hg38|chr13|93594630|93595001|-|1126968	hc|1180	MLT1A0	MLT1A0	0.2230383317	0.8376533459679263	0	1
kmer6_k4_natural_prototypes	interval|hg38|chr11|80422277|80422648|-|713307	human:hg38	chr11	coord|human:hg38|chr11|80422277|80422648|-|713307	hc|1182	MLT1A0	AluSx1	0.2585380362	0.8376533459679263	0	0
kmer6_k4_natural_prototypes	interval|hg38|chr11|103361120|103361490|+|747247	human:hg38	chr11	coord|human:hg38|chr11|103361120|103361490|+|747247	hc|1186	MLT1A0	MLT1A0	0.3014932286	0.8376533459679263	0	1
kmer6_k4_natural_prototypes	interval|hg38|chr1|230776034|230776402|-|352429	human:hg38	chr1	coord|human:hg38|chr1|230776034|230776402|-|352429	hc|1195	MLT1A0	MLT1A0	0.318738567	0.8376533459679263	0	1
kmer6_k4_natural_prototypes	interval|hg38|chr13|93104826|93105194|+|1126379	human:hg38	chr13	coord|human:hg38|chr13|93104826|93105194|+|1126379	hc|1197	MLT1A0	MLT1A0	0.2583043416	0.8376533459679263	0	1
kmer6_k4_natural_prototypes	interval|hg38|chr11|11511587|11511955|+|604100	human:hg38	chr11	coord|human:hg38|chr11|11511587|11511955|+|604100	hc|1204	MLT1A0	MLT1A0	0.2685128191	0.8376533459679263	0	1
kmer6_k4_natural_prototypes	interval|hg38|chr1|216537061|216537429|+|329857	human:hg38	chr1	coord|human:hg38|chr1|216537061|216537429|+|329857	hc|1205	MLT1A0	MLT1A0	0.2961173771	0.8376533459679263	0	1
kmer6_k4_natural_prototypes	interval|hg38|chr1|233552614|233552982|+|356749	human:hg38	chr1	coord|human:hg38|chr1|233552614|233552982|+|356749	hc|1206	MLT1A0	MLT1A0	0.2676430716	0.8376533459679263	0	1
kmer6_k4_natural_prototypes	interval|hg38|chr13|74861844|74862212|+|1102905	human:hg38	chr13	coord|human:hg38|chr13|74861844|74862212|+|1102905	hc|1209	MLT1A0	MLT1A0	0.3429747933	0.8376533459679263	0	1
kmer6_k4_natural_prototypes	interval|hg38|chr1|39271118|39271551|-|79084	human:hg38	chr1	coord|human:hg38|chr1|39271118|39271551|-|79084	hc|1103	MSTA	MSTA	0.3972157519	0.8376533459679263	0	1
kmer6_k4_natural_prototypes	interval|hg38|chr1|158504271|158504703|-|241301	human:hg38	chr1	coord|human:hg38|chr1|158504271|158504703|-|241301	hc|1104	MSTA	MSTA	0.3725698413	0.8376533459679263	0	1
kmer6_k4_natural_prototypes	interval|hg38|chr1|70425502|70425933|-|139372	human:hg38	chr1	coord|human:hg38|chr1|70425502|70425933|-|139372	hc|1107	MSTA	MSTA	0.4846159746	0.8376533459679263	0	1
kmer6_k4_natural_prototypes	interval|hg38|chr11|27261709|27262139|-|628626	human:hg38	chr11	coord|human:hg38|chr11|27261709|27262139|-|628626	hc|1110	MSTA	MSTA	0.4108120508	0.8376533459679263	0	1
kmer6_k4_natural_prototypes	interval|hg38|chr1|6855251|6855679|-|8968	human:hg38	chr1	coord|human:hg38|chr1|6855251|6855679|-|8968	hc|1116	MSTA	MSTA	0.4986000973	0.8376533459679263	0	1
kmer6_k4_natural_prototypes	interval|hg38|chr1|165081178|165081604|-|251271	human:hg38	chr1	coord|human:hg38|chr1|165081178|165081604|-|251271	hc|1125	MSTA	MSTA	0.4060397938	0.8376533459679263	0	1
kmer6_k4_natural_prototypes	interval|hg38|chr1|16778473|16778899|-|28488	human:hg38	chr1	coord|human:hg38|chr1|16778473|16778899|-|28488	hc|1127	MSTA	MSTA	0.4879480399	0.8376533459679263	0	1
kmer6_k4_natural_prototypes	interval|hg38|chr1|234803657|234804083|+|358716	human:hg38	chr1	coord|human:hg38|chr1|234803657|234804083|+|358716	hc|1127	MSTA	MSTA	0.4928112428	0.8376533459679263	0	1
kmer6_k4_natural_prototypes	interval|hg38|chr1|72838319|72838745|+|142592	human:hg38	chr1	coord|human:hg38|chr1|72838319|72838745|+|142592	hc|1130	MSTA	MSTA	0.3886647639	0.8376533459679263	0	1
kmer6_k4_natural_prototypes	interval|hg38|chr1|227426183|227426609|-|347368	human:hg38	chr1	coord|human:hg38|chr1|227426183|227426609|-|347368	hc|1133	MSTA	MSTA	0.4689717784	0.8376533459679263	0	1
kmer6_k4_natural_prototypes	interval|hg38|chr13|110764425|110764851|+|1150752	human:hg38	chr13	coord|human:hg38|chr13|110764425|110764851|+|1150752	hc|1134	MSTA	MSTA	0.4224568974	0.8376533459679263	0	1
kmer6_k4_natural_prototypes	interval|hg38|chr1|231876067|231876493|+|354328	human:hg38	chr1	coord|human:hg38|chr1|231876067|231876493|+|354328	hc|1138	MSTA	MSTA	0.4019370573	0.8376533459679263	0	1
kmer6_k4_natural_prototypes	interval|hg38|chr1|223046494|223046863|-|339402	human:hg38	chr1	coord|human:hg38|chr1|223046494|223046863|-|339402	hc|1385	THE1B	THE1B	0.472299189	0.8376533459679263	0	1
kmer6_k4_natural_prototypes	interval|hg38|chr1|49187824|49188193|+|99070	human:hg38	chr1	coord|human:hg38|chr1|49187824|49188193|+|99070	hc|1387	THE1B	THE1B	0.4867527294	0.8376533459679263	0	1
kmer6_k4_natural_prototypes	interval|hg38|chr1|235008729|235009098|-|359088	human:hg38	chr1	coord|human:hg38|chr1|235008729|235009098|-|359088	hc|1393	THE1B	THE1B	0.4444457993	0.8376533459679263	0	1
kmer6_k4_natural_prototypes	interval|hg38|chr13|55835770|55836139|+|1078771	human:hg38	chr13	coord|human:hg38|chr13|55835770|55836139|+|1078771	hc|1396	THE1B	THE1B	0.4505005698	0.8376533459679263	0	1
kmer6_k4_natural_prototypes	interval|hg38|chr13|65203411|65203780|+|1090603	human:hg38	chr13	coord|human:hg38|chr13|65203411|65203780|+|1090603	hc|1398	THE1B	THE1B	0.5547454014	0.8376533459679263	0	1
kmer6_k4_natural_prototypes	interval|hg38|chr13|103267225|103267594|+|1141746	human:hg38	chr13	coord|human:hg38|chr13|103267225|103267594|+|1141746	hc|1399	THE1B	THE1B	0.5438198642	0.8376533459679263	0	1
kmer6_k4_natural_prototypes	interval|hg38|chr1|78120524|78120892|-|150333	human:hg38	chr1	coord|human:hg38|chr1|78120524|78120892|-|150333	hc|1402	THE1B	THE1B	0.575055503	0.8376533459679263	0	1
kmer6_k4_natural_prototypes	interval|hg38|chr13|32104654|32105022|+|1042390	human:hg38	chr13	coord|human:hg38|chr13|32104654|32105022|+|1042390	hc|1409	THE1B	THE1B	0.5081805985	0.8376533459679263	0	1
kmer6_basic_train_centroid	interval|hg38|chr13|61060225|61060586|-|1085518	human:hg38	chr13	coord|human:hg38|chr13|61060225|61060586|-|1085518	hc|0198	AluJb	AluJb	0.7231658647	0.8296980888845877	0	1
kmer6_basic_train_centroid	interval|hg38|chr1|13746501|13746853|-|22298	human:hg38	chr1	coord|human:hg38|chr1|13746501|13746853|-|22298	hc|0200	AluJb	AluSc	0.61714208	0.8296980888845877	0	0
kmer6_basic_train_centroid	interval|hg38|chr1|204583666|204584007|+|310906	human:hg38	chr1	coord|human:hg38|chr1|204583666|204584007|+|310906	hc|0201	AluJb	AluJb	0.6182662316	0.8296980888845877	0	1
kmer6_basic_train_centroid	interval|hg38|chr11|111559418|111559757|-|759912	human:hg38	chr11	coord|human:hg38|chr11|111559418|111559757|-|759912	hc|0206	AluJb	AluSc	0.5256876915	0.8296980888845877	0	0
kmer6_basic_train_centroid	interval|hg38|chr13|104776246|104776583|-|1143493	human:hg38	chr13	coord|human:hg38|chr13|104776246|104776583|-|1143493	hc|0209	AluJb	AluJo	0.5481541631	0.8296980888845877	0	0
kmer6_basic_train_centroid	interval|hg38|chr11|9471897|9472228|-|600438	human:hg38	chr11	coord|human:hg38|chr11|9471897|9472228|-|600438	hc|0217	AluJb	AluJb	0.7369780504	0.8296980888845877	0	1
kmer6_basic_train_centroid	interval|hg38|chr1|28499446|28499775|-|55882	human:hg38	chr1	coord|human:hg38|chr1|28499446|28499775|-|55882	hc|0223	AluJb	AluJo	0.4394726116	0.8296980888845877	0	0
kmer6_basic_train_centroid	interval|hg38|chr1|10190176|10190505|-|15467	human:hg38	chr1	coord|human:hg38|chr1|10190176|10190505|-|15467	hc|0224	AluJb	AluJo	0.6157905757	0.8296980888845877	0	0
kmer6_basic_train_centroid	interval|hg38|chr13|66512789|66513117|-|1092167	human:hg38	chr13	coord|human:hg38|chr13|66512789|66513117|-|1092167	hc|0228	AluJb	AluJo	0.5648069698	0.8296980888845877	0	0
kmer6_basic_train_centroid	interval|hg38|chr1|12681220|12681548|-|20481	human:hg38	chr1	coord|human:hg38|chr1|12681220|12681548|-|20481	hc|0229	AluJb	FLAM_C	0.7734538897	0.8296980888845877	0	0
kmer6_basic_train_centroid	interval|hg38|chr1|28994633|28994959|-|57285	human:hg38	chr1	coord|human:hg38|chr1|28994633|28994959|-|57285	hc|0234	AluJb	AluSc	0.6211190636	0.8296980888845877	0	0
kmer6_basic_train_centroid	interval|hg38|chr1|21917149|21917494|+|39669	human:hg38	chr1	coord|human:hg38|chr1|21917149|21917494|+|39669	hc|0429	AluJo	AluSc	0.5725502108	0.8296980888845877	0	0
kmer6_basic_train_centroid	interval|hg38|chr11|83108441|83108783|-|717560	human:hg38	chr11	coord|human:hg38|chr11|83108441|83108783|-|717560	hc|0432	AluJo	FLAM_C	0.7363704044	0.8296980888845877	0	0
kmer6_basic_train_centroid	interval|hg38|chr11|20525408|20525749|-|619259	human:hg38	chr11	coord|human:hg38|chr11|20525408|20525749|-|619259	hc|0433	AluJo	AluSz6	0.7805710101	0.8296980888845877	0	0
kmer6_basic_train_centroid	interval|hg38|chr1|229536218|229536553|+|350406	human:hg38	chr1	coord|human:hg38|chr1|229536218|229536553|+|350406	hc|0435	AluJo	AluJo	0.5962592979	0.8296980888845877	0	1
kmer6_basic_train_centroid	interval|hg38|chr1|58180260|58180594|-|117763	human:hg38	chr1	coord|human:hg38|chr1|58180260|58180594|-|117763	hc|0437	AluJo	FLAM_C	0.8243146334	0.8296980888845877	0	0
kmer6_basic_train_centroid	interval|hg38|chr13|110538323|110538656|+|1150355	human:hg38	chr13	coord|human:hg38|chr13|110538323|110538656|+|1150355	hc|0438	AluJo	AluSz6	0.7680934163	0.8296980888845877	0	0
kmer6_basic_train_centroid	interval|hg38|chr1|35051946|35052277|-|70225	human:hg38	chr1	coord|human:hg38|chr1|35051946|35052277|-|70225	hc|0440	AluJo	AluJo	0.5796510331	0.8296980888845877	0	1
kmer6_basic_train_centroid	interval|hg38|chr11|82793727|82794055|+|716968	human:hg38	chr11	coord|human:hg38|chr11|82793727|82794055|+|716968	hc|0445	AluJo	AluJo	0.5966690707	0.8296980888845877	0	1
kmer6_basic_train_centroid	interval|hg38|chr1|28378927|28379254|-|55570	human:hg38	chr1	coord|human:hg38|chr1|28378927|28379254|-|55570	hc|0447	AluJo	AluJo	0.5725007993	0.8296980888845877	0	1
kmer6_basic_train_centroid	interval|hg38|chr13|35496352|35496677|+|1047554	human:hg38	chr13	coord|human:hg38|chr13|35496352|35496677|+|1047554	hc|0449	AluJo	AluSz6	0.7029171702	0.8296980888845877	0	0
kmer6_basic_train_centroid	interval|hg38|chr13|98628141|98628463|-|1134788	human:hg38	chr13	coord|human:hg38|chr13|98628141|98628463|-|1134788	hc|0451	AluJo	AluJb	0.6749535058	0.8296980888845877	0	0
kmer6_basic_train_centroid	interval|hg38|chr13|28115945|28116263|-|1036072	human:hg38	chr13	coord|human:hg38|chr13|28115945|28116263|-|1036072	hc|0457	AluJo	FLAM_C	0.8083294882	0.8296980888845877	0	0
kmer6_basic_train_centroid	interval|hg38|chr13|52875454|52875772|-|1074969	human:hg38	chr13	coord|human:hg38|chr13|52875454|52875772|-|1074969	hc|0460	AluJo	FLAM_C	0.6956437838	0.8296980888845877	0	0
kmer6_basic_train_centroid	interval|hg38|chr11|18226148|18226465|+|615198	human:hg38	chr11	coord|human:hg38|chr11|18226148|18226465|+|615198	hc|0466	AluJo	AluJr	0.6202148681	0.8296980888845877	0	0
kmer6_basic_train_centroid	interval|hg38|chr11|33549721|33550061|+|638718	human:hg38	chr11	coord|human:hg38|chr11|33549721|33550061|+|638718	hc|0392	AluJr	AluJb	0.7086975405	0.8296980888845877	0	0
kmer6_basic_train_centroid	interval|hg38|chr1|212648304|212648644|-|324291	human:hg38	chr1	coord|human:hg38|chr1|212648304|212648644|-|324291	hc|0393	AluJr	AluJo	0.6193339719	0.8296980888845877	0	0
kmer6_basic_train_centroid	interval|hg38|chr13|98692136|98692458|-|1134927	human:hg38	chr13	coord|human:hg38|chr13|98692136|98692458|-|1134927	hc|0407	AluJr	FLAM_A	0.8374531137	0.8296980888845877	1	0
kmer6_basic_train_centroid	interval|hg38|chr1|99955784|99956103|-|182545	human:hg38	chr1	coord|human:hg38|chr1|99955784|99956103|-|182545	hc|0411	AluJr	AluSc	0.5185493789	0.8296980888845877	0	0
kmer6_basic_train_centroid	interval|hg38|chr1|173119364|173119679|-|263675	human:hg38	chr1	coord|human:hg38|chr1|173119364|173119679|-|263675	hc|1080	AluJr4	AluSz	0.4506033016	0.8296980888845877	0	0
kmer6_basic_train_centroid	interval|hg38|chr1|173888414|173888729|-|264940	human:hg38	chr1	coord|human:hg38|chr1|173888414|173888729|-|264940	hc|1083	AluJr4	AluJr4	0.5581806182	0.8296980888845877	0	1
kmer6_basic_train_centroid	interval|hg38|chr1|24968046|24968360|-|47067	human:hg38	chr1	coord|human:hg38|chr1|24968046|24968360|-|47067	hc|1086	AluJr4	FLAM_C	0.7583205129	0.8296980888845877	0	0
kmer6_basic_train_centroid	interval|hg38|chr11|108636204|108636518|+|755370	human:hg38	chr11	coord|human:hg38|chr11|108636204|108636518|+|755370	hc|1090	AluJr4	AluJr4	0.5109675298	0.8296980888845877	0	1
kmer6_basic_train_centroid	interval|hg38|chr1|217611897|217612210|+|331186	human:hg38	chr1	coord|human:hg38|chr1|217611897|217612210|+|331186	hc|1093	AluJr4	AluJr4	0.5832280685	0.8296980888845877	0	1
kmer6_basic_train_centroid	interval|hg38|chr1|94969079|94969392|-|175426	human:hg38	chr1	coord|human:hg38|chr1|94969079|94969392|-|175426	hc|1098	AluJr4	AluJo	0.5365134256	0.8296980888845877	0	0
kmer6_basic_train_centroid	interval|hg38|chr1|171453717|171454030|-|261220	human:hg38	chr1	coord|human:hg38|chr1|171453717|171454030|-|261220	hc|1099	AluJr4	AluJr4	0.5791046689	0.8296980888845877	0	1
kmer6_basic_train_centroid	interval|hg38|chr1|143696235|143696567|-|216021	human:hg38	chr1	coord|human:hg38|chr1|143696235|143696567|-|216021	hc|0676	AluSc	AluSc	0.5895208942	0.8296980888845877	0	1
kmer6_basic_train_centroid	interval|hg38|chr11|130039964|130040291|+|789901	human:hg38	chr11	coord|human:hg38|chr11|130039964|130040291|+|789901	hc|0689	AluSc	AluY	0.528937135	0.8296980888845877	0	0
kmer6_basic_train_centroid	interval|hg38|chr13|64285385|64285710|-|1089450	human:hg38	chr13	coord|human:hg38|chr13|64285385|64285710|-|1089450	hc|0692	AluSc	AluSx3	0.8159221961	0.8296980888845877	0	0
kmer6_basic_train_centroid	interval|hg38|chr1|108915400|108915724|-|194778	human:hg38	chr1	coord|human:hg38|chr1|108915400|108915724|-|194778	hc|0694	AluSc	AluSx4	0.7033739703	0.8296980888845877	0	0
kmer6_basic_train_centroid	interval|hg38|chr13|77939715|77940039|+|1107294	human:hg38	chr13	coord|human:hg38|chr13|77939715|77940039|+|1107294	hc|0696	AluSc	AluSc	0.6503699876	0.8296980888845877	0	1
kmer6_basic_train_centroid	interval|hg38|chr11|73035696|73036018|-|697828	human:hg38	chr11	coord|human:hg38|chr11|73035696|73036018|-|697828	hc|0704	AluSc	AluSc	0.6792659841	0.8296980888845877	0	1
kmer6_basic_train_centroid	interval|hg38|chr1|183643262|183643590|-|280733	human:hg38	chr1	coord|human:hg38|chr1|183643262|183643590|-|280733	hc|0832	AluSc8	AluSc	0.6774693628	0.8296980888845877	0	0
kmer6_basic_train_centroid	interval|hg38|chr1|155585241|155585568|+|236340	human:hg38	chr1	coord|human:hg38|chr1|155585241|155585568|+|236340	hc|0833	AluSc8	AluSc8	0.790813321	0.8296980888845877	0	1
kmer6_basic_train_centroid	interval|hg38|chr13|103483393|103483717|-|1142024	human:hg38	chr13	coord|human:hg38|chr13|103483393|103483717|-|1142024	hc|0841	AluSc8	AluSc	0.6679420796	0.8296980888845877	0	0
kmer6_basic_train_centroid	interval|hg38|chr1|20584097|20584414|+|36774	human:hg38	chr1	coord|human:hg38|chr1|20584097|20584414|+|36774	hc|0859	AluSc8	AluSg	0.8040115342	0.8296980888845877	0	0
kmer6_basic_train_centroid	interval|hg38|chr1|85945002|85945318|-|161108	human:hg38	chr1	coord|human:hg38|chr1|85945002|85945318|-|161108	hc|0864	AluSc8	AluSc8	0.8716569071	0.8296980888845877	1	1
kmer6_basic_train_centroid	interval|hg38|chr1|227737992|227738333|-|347749	human:hg38	chr1	coord|human:hg38|chr1|227737992|227738333|-|347749	hc|0629	AluSg	AluSg	0.7061374543	0.8296980888845877	0	1
kmer6_basic_train_centroid	interval|hg38|chr1|69853245|69853576|-|138517	human:hg38	chr1	coord|human:hg38|chr1|69853245|69853576|-|138517	hc|0638	AluSg	AluSx3	0.8541445824	0.8296980888845877	1	0
kmer6_basic_train_centroid	interval|hg38|chr1|206818780|206819109|-|314788	human:hg38	chr1	coord|human:hg38|chr1|206818780|206819109|-|314788	hc|0642	AluSg	AluSz	0.7619274383	0.8296980888845877	0	0
kmer6_basic_train_centroid	interval|hg38|chr1|6529309|6529637|+|8260	human:hg38	chr1	coord|human:hg38|chr1|6529309|6529637|+|8260	hc|0644	AluSg	AluSx	0.7110417057	0.8296980888845877	0	0
kmer6_basic_train_centroid	interval|hg38|chr1|151643264|151643592|-|229379	human:hg38	chr1	coord|human:hg38|chr1|151643264|151643592|-|229379	hc|0646	AluSg	AluSc	0.6415254351	0.8296980888845877	0	0
kmer6_basic_train_centroid	interval|hg38|chr1|200552915|200553235|-|303482	human:hg38	chr1	coord|human:hg38|chr1|200552915|200553235|-|303482	hc|0663	AluSg	AluSc	0.6302780016	0.8296980888845877	0	0
kmer6_basic_train_centroid	interval|hg38|chr1|236972669|236972989|+|362967	human:hg38	chr1	coord|human:hg38|chr1|236972669|236972989|+|362967	hc|0664	AluSg	AluSz	0.5158108653	0.8296980888845877	0	0
kmer6_basic_train_centroid	interval|hg38|chr11|4663071|4663414|+|593281	human:hg38	chr11	coord|human:hg38|chr11|4663071|4663414|+|593281	hc|0468	AluSp	AluSz	0.4797503505	0.8296980888845877	0	0
kmer6_basic_train_centroid	interval|hg38|chr13|33872451|33872793|+|1045239	human:hg38	chr13	coord|human:hg38|chr13|33872451|33872793|+|1045239	hc|0469	AluSp	AluSz	0.5767859565	0.8296980888845877	0	0
kmer6_basic_train_centroid	interval|hg38|chr1|230845401|230845741|+|352530	human:hg38	chr1	coord|human:hg38|chr1|230845401|230845741|+|352530	hc|0471	AluSp	AluSz	0.6069376202	0.8296980888845877	0	0
kmer6_basic_train_centroid	interval|hg38|chr1|112735388|112735726|+|201071	human:hg38	chr1	coord|human:hg38|chr1|112735388|112735726|+|201071	hc|0476	AluSp	AluSp	0.7132200984	0.8296980888845877	0	1
kmer6_basic_train_centroid	interval|hg38|chr1|72149600|72149934|+|141771	human:hg38	chr1	coord|human:hg38|chr1|72149600|72149934|+|141771	hc|0484	AluSp	AluSp	0.8134310607	0.8296980888845877	0	1
kmer6_basic_train_centroid	interval|hg38|chr11|42106182|42106515|+|651362	human:hg38	chr11	coord|human:hg38|chr11|42106182|42106515|+|651362	hc|0487	AluSp	AluSq	0.7642658012	0.8296980888845877	0	0
kmer6_basic_train_centroid	interval|hg38|chr11|71732386|71732718|-|695294	human:hg38	chr11	coord|human:hg38|chr11|71732386|71732718|-|695294	hc|0490	AluSp	AluSp	0.8058091942	0.8296980888845877	0	1
kmer6_basic_train_centroid	interval|hg38|chr1|214495663|214495994|-|327198	human:hg38	chr1	coord|human:hg38|chr1|214495663|214495994|-|327198	hc|0493	AluSp	AluSc	0.632643368	0.8296980888845877	0	0
kmer6_basic_train_centroid	interval|hg38|chr11|8779485|8779814|-|598973	human:hg38	chr11	coord|human:hg38|chr11|8779485|8779814|-|598973	hc|0497	AluSp	AluSp	0.6774445151	0.8296980888845877	0	1
kmer6_basic_train_centroid	interval|hg38|chr1|242555877|242556205|-|371508	human:hg38	chr1	coord|human:hg38|chr1|242555877|242556205|-|371508	hc|0501	AluSp	AluSx3	0.8554795323	0.8296980888845877	1	0
kmer6_basic_train_centroid	interval|hg38|chr1|1477677|1478003|-|1840	human:hg38	chr1	coord|human:hg38|chr1|1477677|1478003|-|1840	hc|0505	AluSp	AluSc	0.5007421838	0.8296980888845877	0	0
kmer6_basic_train_centroid	interval|hg38|chr1|240620855|240621195|-|368285	human:hg38	chr1	coord|human:hg38|chr1|240620855|240621195|-|368285	hc|0985	AluSq	AluSc	0.6389838488	0.8296980888845877	0	0
kmer6_basic_train_centroid	interval|hg38|chr1|241040465|241040787|-|368964	human:hg38	chr1	coord|human:hg38|chr1|241040465|241040787|-|368964	hc|0994	AluSq	AluSc	0.6314341247	0.8296980888845877	0	0
kmer6_basic_train_centroid	interval|hg38|chr1|92143489|92143811|-|170472	human:hg38	chr1	coord|human:hg38|chr1|92143489|92143811|-|170472	hc|0995	AluSq	AluSc	0.649643754	0.8296980888845877	0	0
kmer6_basic_train_centroid	interval|hg38|chr1|225704954|225705275|+|344033	human:hg38	chr1	coord|human:hg38|chr1|225704954|225705275|+|344033	hc|0996	AluSq	AluSx3	0.8713021465	0.8296980888845877	1	0
kmer6_basic_train_centroid	interval|hg38|chr13|19821665|19821985|+|1022527	human:hg38	chr13	coord|human:hg38|chr13|19821665|19821985|+|1022527	hc|1000	AluSq	AluSc	0.6451045424	0.8296980888845877	0	0
kmer6_basic_train_centroid	interval|hg38|chr1|199990500|199990818|-|302443	human:hg38	chr1	coord|human:hg38|chr1|199990500|199990818|-|302443	hc|1010	AluSq	AluSc	0.6321258201	0.8296980888845877	0	0
kmer6_basic_train_centroid	interval|hg38|chr1|235041713|235042030|-|359184	human:hg38	chr1	coord|human:hg38|chr1|235041713|235042030|-|359184	hc|1022	AluSq	AluSx3	0.818110296	0.8296980888845877	0	0
kmer6_basic_train_centroid	interval|hg38|chr1|117133712|117134055|+|208740	human:hg38	chr1	coord|human:hg38|chr1|117133712|117134055|+|208740	hc|0317	AluSq2	AluSq2	0.7355533846	0.8296980888845877	0	1
kmer6_basic_train_centroid	interval|hg38|chr13|52748111|52748453|+|1074758	human:hg38	chr13	coord|human:hg38|chr13|52748111|52748453|+|1074758	hc|0318	AluSq2	AluSz	0.6125190937	0.8296980888845877	0	0
kmer6_basic_train_centroid	interval|hg38|chr1|53790083|53790424|+|108852	human:hg38	chr1	coord|human:hg38|chr1|53790083|53790424|+|108852	hc|0323	AluSq2	AluSq2	0.7585120806	0.8296980888845877	0	1
kmer6_basic_train_centroid	interval|hg38|chr11|35315511|35315851|+|641617	human:hg38	chr11	coord|human:hg38|chr11|35315511|35315851|+|641617	hc|0326	AluSq2	AluSz	0.738690062	0.8296980888845877	0	0
kmer6_basic_train_centroid	interval|hg38|chr11|80842044|80842384|-|713977	human:hg38	chr11	coord|human:hg38|chr11|80842044|80842384|-|713977	hc|0327	AluSq2	AluSz6	0.7836804943	0.8296980888845877	0	0
kmer6_basic_train_centroid	interval|hg38|chr13|62416751|62417090|+|1087198	human:hg38	chr13	coord|human:hg38|chr13|62416751|62417090|+|1087198	hc|0330	AluSq2	AluSq2	0.6757496794	0.8296980888845877	0	1
kmer6_basic_train_centroid	interval|hg38|chr13|49829338|49829675|+|1070140	human:hg38	chr13	coord|human:hg38|chr13|49829338|49829675|+|1070140	hc|0333	AluSq2	AluSx3	0.8475826723	0.8296980888845877	1	0
kmer6_basic_train_centroid	interval|hg38|chr13|60541129|60541466|-|1084796	human:hg38	chr13	coord|human:hg38|chr13|60541129|60541466|-|1084796	hc|0334	AluSq2	AluSz	0.6069130128	0.8296980888845877	0	0
kmer6_basic_train_centroid	interval|hg38|chr11|63536245|63536581|+|679684	human:hg38	chr11	coord|human:hg38|chr11|63536245|63536581|+|679684	hc|0337	AluSq2	AluSz	0.6281851935	0.8296980888845877	0	0
kmer6_basic_train_centroid	interval|hg38|chr11|37840530|37840866|-|645511	human:hg38	chr11	coord|human:hg38|chr11|37840530|37840866|-|645511	hc|0338	AluSq2	AluSc	0.6637873073	0.8296980888845877	0	0
kmer6_basic_train_centroid	interval|hg38|chr1|241461063|241461398|+|369648	human:hg38	chr1	coord|human:hg38|chr1|241461063|241461398|+|369648	hc|0340	AluSq2	AluSq2	0.7631142125	0.8296980888845877	0	1
kmer6_basic_train_centroid	interval|hg38|chr1|154973228|154973559|+|235039	human:hg38	chr1	coord|human:hg38|chr1|154973228|154973559|+|235039	hc|0350	AluSq2	AluSx3	0.7910615775	0.8296980888845877	0	0
kmer6_basic_train_centroid	interval|hg38|chr1|201033351|201033695|-|304357	human:hg38	chr1	coord|human:hg38|chr1|201033351|201033695|-|304357	hc|0043	AluSx	AluSz	0.615112113	0.8296980888845877	0	0
kmer6_basic_train_centroid	interval|hg38|chr1|233061718|233062058|-|355967	human:hg38	chr1	coord|human:hg38|chr1|233061718|233062058|-|355967	hc|0051	AluSx	AluSz	0.7290461034	0.8296980888845877	0	0
kmer6_basic_train_centroid	interval|hg38|chr1|53699024|53699363|-|108621	human:hg38	chr1	coord|human:hg38|chr1|53699024|53699363|-|108621	hc|0054	AluSx	AluSc	0.6573685796	0.8296980888845877	0	0
kmer6_basic_train_centroid	interval|hg38|chr11|70237593|70237930|+|693037	human:hg38	chr11	coord|human:hg38|chr11|70237593|70237930|+|693037	hc|0061	AluSx	AluSx1	0.7670918396	0.8296980888845877	0	0
kmer6_basic_train_centroid	interval|hg38|chr1|105626455|105626791|-|190246	human:hg38	chr1	coord|human:hg38|chr1|105626455|105626791|-|190246	hc|0064	AluSx	AluSc	0.5762659756	0.8296980888845877	0	0
kmer6_basic_train_centroid	interval|hg38|chr1|25075374|25075709|+|47296	human:hg38	chr1	coord|human:hg38|chr1|25075374|25075709|+|47296	hc|0065	AluSx	AluSz	0.4444646355	0.8296980888845877	0	0
kmer6_basic_train_centroid	interval|hg38|chr13|24753874|24754215|+|1030461	human:hg38	chr13	coord|human:hg38|chr13|24753874|24754215|+|1030461	hc|0088	AluSx1	AluSx	0.7389808156	0.8296980888845877	0	0
kmer6_basic_train_centroid	interval|hg38|chr1|105990600|105990939|-|190680	human:hg38	chr1	coord|human:hg38|chr1|105990600|105990939|-|190680	hc|0093	AluSx1	AluSc8	0.6268338547	0.8296980888845877	0	0
kmer6_basic_train_centroid	interval|hg38|chr11|9830458|9830796|+|601214	human:hg38	chr11	coord|human:hg38|chr11|9830458|9830796|+|601214	hc|0096	AluSx1	AluSc8	0.7049840088	0.8296980888845877	0	0
kmer6_basic_train_centroid	interval|hg38|chr1|218854792|218855129|-|333052	human:hg38	chr1	coord|human:hg38|chr1|218854792|218855129|-|333052	hc|0103	AluSx1	AluSz	0.5664186403	0.8296980888845877	0	0
kmer6_basic_train_centroid	interval|hg38|chr13|20124699|20125035|+|1023256	human:hg38	chr13	coord|human:hg38|chr13|20124699|20125035|+|1023256	hc|0110	AluSx1	AluSx3	0.8631999076	0.8296980888845877	1	0
kmer6_basic_train_centroid	interval|hg38|chr1|20594505|20594840|+|36800	human:hg38	chr1	coord|human:hg38|chr1|20594505|20594840|+|36800	hc|0114	AluSx1	AluSz	0.7324745209	0.8296980888845877	0	0
kmer6_basic_train_centroid	interval|hg38|chr13|101337273|101337607|-|1139214	human:hg38	chr13	coord|human:hg38|chr13|101337273|101337607|-|1139214	hc|0118	AluSx1	AluSc	0.6342248401	0.8296980888845877	0	0
kmer6_basic_train_centroid	interval|hg38|chr13|105587264|105587598|+|1144405	human:hg38	chr13	coord|human:hg38|chr13|105587264|105587598|+|1144405	hc|0119	AluSx1	AluSq	0.6195211632	0.8296980888845877	0	0
kmer6_basic_train_centroid	interval|hg38|chr13|91330328|91330671|-|1124079	human:hg38	chr13	coord|human:hg38|chr13|91330328|91330671|-|1124079	hc|0747	AluSx3	AluSc	0.6937653941	0.8296980888845877	0	0
kmer6_basic_train_centroid	interval|hg38|chr1|63170590|63170920|-|127060	human:hg38	chr1	coord|human:hg38|chr1|63170590|63170920|-|127060	hc|0758	AluSx3	AluSx3	0.8168756406	0.8296980888845877	0	1
kmer6_basic_train_centroid	interval|hg38|chr11|63600578|63600903|-|679842	human:hg38	chr11	coord|human:hg38|chr11|63600578|63600903|-|679842	hc|0764	AluSx3	AluSz	0.6040205636	0.8296980888845877	0	0
kmer6_basic_train_centroid	interval|hg38|chr13|51888620|51888944|-|1073349	human:hg38	chr13	coord|human:hg38|chr13|51888620|51888944|-|1073349	hc|0765	AluSx3	AluSx3	0.8519635731	0.8296980888845877	1	1
kmer6_basic_train_centroid	interval|hg38|chr1|53790424|53790744|+|108853	human:hg38	chr1	coord|human:hg38|chr1|53790424|53790744|+|108853	hc|0323	AluSx3	AluSz	0.5302781961	0.8296980888845877	0	0
kmer6_basic_train_centroid	interval|hg38|chr13|36726380|36726699|-|1049349	human:hg38	chr13	coord|human:hg38|chr13|36726380|36726699|-|1049349	hc|0775	AluSx3	AluSx3	0.8754019645	0.8296980888845877	1	1
kmer6_basic_train_centroid	interval|hg38|chr1|150614803|150615122|-|227116	human:hg38	chr1	coord|human:hg38|chr1|150614803|150615122|-|227116	hc|0776	AluSx3	AluSx3	0.8671414078	0.8296980888845877	1	1
kmer6_basic_train_centroid	interval|hg38|chr1|52722545|52722863|-|106500	human:hg38	chr1	coord|human:hg38|chr1|52722545|52722863|-|106500	hc|0777	AluSx3	AluSx3	0.8108395928	0.8296980888845877	0	1
kmer6_basic_train_centroid	interval|hg38|chr1|241467706|241468024|+|369668	human:hg38	chr1	coord|human:hg38|chr1|241467706|241468024|+|369668	hc|0778	AluSx3	AluSc8	0.6598942121	0.8296980888845877	0	0
kmer6_basic_train_centroid	interval|hg38|chr1|20749341|20749658|-|37135	human:hg38	chr1	coord|human:hg38|chr1|20749341|20749658|-|37135	hc|0781	AluSx3	AluSx4	0.7114518988	0.8296980888845877	0	0
kmer6_basic_train_centroid	interval|hg38|chr13|71692477|71692820|-|1098283	human:hg38	chr13	coord|human:hg38|chr13|71692477|71692820|-|1098283	hc|1300	AluSx4	AluSx3	0.8667933905	0.8296980888845877	1	0
kmer6_basic_train_centroid	interval|hg38|chr13|49622942|49623282|-|1069682	human:hg38	chr13	coord|human:hg38|chr13|49622942|49623282|-|1069682	hc|1301	AluSx4	AluSc	0.5260309719	0.8296980888845877	0	0
kmer6_basic_train_centroid	interval|hg38|chr11|43900195|43900521|-|654289	human:hg38	chr11	coord|human:hg38|chr11|43900195|43900521|-|654289	hc|1305	AluSx4	AluSx3	0.8513550463	0.8296980888845877	1	0
kmer6_basic_train_centroid	interval|hg38|chr1|19965980|19966302|-|35423	human:hg38	chr1	coord|human:hg38|chr1|19965980|19966302|-|35423	hc|1308	AluSx4	AluSx3	0.8628047802	0.8296980888845877	1	0
kmer6_basic_train_centroid	interval|hg38|chr1|161167541|161167862|-|245269	human:hg38	chr1	coord|human:hg38|chr1|161167541|161167862|-|245269	hc|1309	AluSx4	AluSx3	0.8480759709	0.8296980888845877	1	0
kmer6_basic_train_centroid	interval|hg38|chr13|27042509|27042830|-|1034031	human:hg38	chr13	coord|human:hg38|chr13|27042509|27042830|-|1034031	hc|1310	AluSx4	AluSx4	0.8390094261	0.8296980888845877	1	1
kmer6_basic_train_centroid	interval|hg38|chr11|98190789|98191109|+|739972	human:hg38	chr11	coord|human:hg38|chr11|98190789|98191109|+|739972	hc|1312	AluSx4	AluSc	0.6603507244	0.8296980888845877	0	0
kmer6_basic_train_centroid	interval|hg38|chr1|17805360|17805677|-|30741	human:hg38	chr1	coord|human:hg38|chr1|17805360|17805677|-|30741	hc|1315	AluSx4	AluSx4	0.8606205491	0.8296980888845877	1	1
kmer6_basic_train_centroid	interval|hg38|chr1|60560179|60560496|+|122243	human:hg38	chr1	coord|human:hg38|chr1|60560179|60560496|+|122243	hc|1316	AluSx4	AluSc	0.567576348	0.8296980888845877	0	0
kmer6_basic_train_centroid	interval|hg38|chr1|233600912|233601228|+|356843	human:hg38	chr1	coord|human:hg38|chr1|233600912|233601228|+|356843	hc|1319	AluSx4	AluSx3	0.8589683839	0.8296980888845877	1	0
kmer6_basic_train_centroid	interval|hg38|chr13|31273078|31273393|-|1041161	human:hg38	chr13	coord|human:hg38|chr13|31273078|31273393|-|1041161	hc|1325	AluSx4	AluSz	0.6173600631	0.8296980888845877	0	0
kmer6_basic_train_centroid	interval|hg38|chr11|79917066|79917381|-|712432	human:hg38	chr11	coord|human:hg38|chr11|79917066|79917381|-|712432	hc|1326	AluSx4	FLAM_A	0.7975511312	0.8296980888845877	0	0
kmer6_basic_train_centroid	interval|hg38|chr1|65152384|65152698|-|130875	human:hg38	chr1	coord|human:hg38|chr1|65152384|65152698|-|130875	hc|1327	AluSx4	AluSx3	0.8584617505	0.8296980888845877	1	0
kmer6_basic_train_centroid	interval|hg38|chr11|67201488|67201802|+|687399	human:hg38	chr11	coord|human:hg38|chr11|67201488|67201802|+|687399	hc|1330	AluSx4	AluSx3	0.8143363253	0.8296980888845877	0	0
kmer6_basic_train_centroid	interval|hg38|chr1|35015935|35016248|-|70123	human:hg38	chr1	coord|human:hg38|chr1|35015935|35016248|-|70123	hc|1334	AluSx4	AluSx4	0.7479441865	0.8296980888845877	0	1
kmer6_basic_train_centroid	interval|hg38|chr11|46757572|46757885|-|659827	human:hg38	chr11	coord|human:hg38|chr11|46757572|46757885|-|659827	hc|1336	AluSx4	AluSc	0.6285471279	0.8296980888845877	0	0
kmer6_basic_train_centroid	interval|hg38|chr1|151445239|151445579|+|228937	human:hg38	chr1	coord|human:hg38|chr1|151445239|151445579|+|228937	hc|0247	AluSz	AluSz6	0.8061541079	0.8296980888845877	0	0
kmer6_basic_train_centroid	interval|hg38|chr1|43264328|43264664|-|87468	human:hg38	chr1	coord|human:hg38|chr1|43264328|43264664|-|87468	hc|0255	AluSz	AluSz6	0.8580027802	0.8296980888845877	1	0
kmer6_basic_train_centroid	interval|hg38|chr1|39149251|39149587|+|78849	human:hg38	chr1	coord|human:hg38|chr1|39149251|39149587|+|78849	hc|0257	AluSz	AluSc	0.6235790655	0.8296980888845877	0	0
kmer6_basic_train_centroid	interval|hg38|chr11|65509129|65509463|-|683570	human:hg38	chr11	coord|human:hg38|chr11|65509129|65509463|-|683570	hc|0262	AluSz	AluSz6	0.78195722	0.8296980888845877	0	0
kmer6_basic_train_centroid	interval|hg38|chr1|34812663|34812995|+|69705	human:hg38	chr1	coord|human:hg38|chr1|34812663|34812995|+|69705	hc|0270	AluSz	AluSc	0.6210333606	0.8296980888845877	0	0
kmer6_basic_train_centroid	interval|hg38|chr1|64920259|64920602|+|130343	human:hg38	chr1	coord|human:hg38|chr1|64920259|64920602|+|130343	hc|0548	AluSz6	AluJr4	0.39560562	0.8296980888845877	0	0
kmer6_basic_train_centroid	interval|hg38|chr1|151214341|151214680|-|228444	human:hg38	chr1	coord|human:hg38|chr1|151214341|151214680|-|228444	hc|0552	AluSz6	AluSz	0.5307340168	0.8296980888845877	0	0
kmer6_basic_train_centroid	interval|hg38|chr11|32925494|32925826|-|637504	human:hg38	chr11	coord|human:hg38|chr11|32925494|32925826|-|637504	hc|0563	AluSz6	AluSc	0.6384929202	0.8296980888845877	0	0
kmer6_basic_train_centroid	interval|hg38|chr1|89693625|89693955|-|166470	human:hg38	chr1	coord|human:hg38|chr1|89693625|89693955|-|166470	hc|0569	AluSz6	AluSx3	0.8261757609	0.8296980888845877	0	0
kmer6_basic_train_centroid	interval|hg38|chr13|44823732|44824061|-|1061640	human:hg38	chr13	coord|human:hg38|chr13|44823732|44824061|-|1061640	hc|0570	AluSz6	AluSc	0.6473335311	0.8296980888845877	0	0
kmer6_basic_train_centroid	interval|hg38|chr11|48477285|48477608|-|663453	human:hg38	chr11	coord|human:hg38|chr11|48477285|48477608|-|663453	hc|0584	AluSz6	AluSc	0.4526774962	0.8296980888845877	0	0
kmer6_basic_train_centroid	interval|hg38|chr11|80437386|80437733|-|713337	human:hg38	chr11	coord|human:hg38|chr11|80437386|80437733|-|713337	hc|0161	AluY	AluSc8	0.8364302298	0.8296980888845877	1	0
kmer6_basic_train_centroid	interval|hg38|chr1|85101440|85101784|+|159742	human:hg38	chr1	coord|human:hg38|chr1|85101440|85101784|+|159742	hc|0163	AluY	AluSc8	0.8390341772	0.8296980888845877	1	0
kmer6_basic_train_centroid	interval|hg38|chr13|41739816|41740154|-|1056818	human:hg38	chr13	coord|human:hg38|chr13|41739816|41740154|-|1056818	hc|0175	AluY	AluSc8	0.840345492	0.8296980888845877	1	0
kmer6_basic_train_centroid	interval|hg38|chr1|221434071|221434409|+|336872	human:hg38	chr1	coord|human:hg38|chr1|221434071|221434409|+|336872	hc|0178	AluY	AluSc8	0.8639127891	0.8296980888845877	1	0
kmer6_basic_train_centroid	interval|hg38|chr11|121442641|121442977|-|776778	human:hg38	chr11	coord|human:hg38|chr11|121442641|121442977|-|776778	hc|0186	AluY	AluY	0.7200231211	0.8296980888845877	0	1
kmer6_basic_train_centroid	interval|hg38|chr13|76437647|76437983|+|1105147	human:hg38	chr13	coord|human:hg38|chr13|76437647|76437983|+|1105147	hc|0189	AluY	AluSc	0.7282895717	0.8296980888845877	0	0
kmer6_basic_train_centroid	interval|hg38|chr13|63650949|63651284|+|1088717	human:hg38	chr13	coord|human:hg38|chr13|63650949|63651284|+|1088717	hc|0191	AluY	AluY	0.8086081558	0.8296980888845877	0	1
kmer6_basic_train_centroid	interval|hg38|chr1|83117210|83117545|-|156808	human:hg38	chr1	coord|human:hg38|chr1|83117210|83117545|-|156808	hc|0193	AluY	AluSc	0.7180214928	0.8296980888845877	0	0
kmer6_basic_train_centroid	interval|hg38|chr11|119609295|119609458|-|773745	human:hg38	chr11	coord|human:hg38|chr11|119609295|119609458|-|773745	hc|1140	FLAM_A	AluSc	0.5334267949	0.8296980888845877	0	0
kmer6_basic_train_centroid	interval|hg38|chr13|89140328|89140478|-|1121240	human:hg38	chr13	coord|human:hg38|chr13|89140328|89140478|-|1121240	hc|1149	FLAM_A	AluSc	0.4054098426	0.8296980888845877	0	0
kmer6_basic_train_centroid	interval|hg38|chr1|33296830|33296968|-|66963	human:hg38	chr1	coord|human:hg38|chr1|33296830|33296968|-|66963	hc|1161	FLAM_A	FLAM_A	0.6508096701	0.8296980888845877	0	1
kmer6_basic_train_centroid	interval|hg38|chr1|118663886|118664023|+|211106	human:hg38	chr1	coord|human:hg38|chr1|118663886|118664023|+|211106	hc|1169	FLAM_A	AluJo	0.3370706118	0.8296980888845877	0	0
kmer6_basic_train_centroid	interval|hg38|chr11|65137695|65137877|-|682748	human:hg38	chr11	coord|human:hg38|chr11|65137695|65137877|-|682748	hc|0946	FLAM_C	AluJr4	0.5082440069	0.8296980888845877	0	0
kmer6_basic_train_centroid	interval|hg38|chr11|90131115|90131294|+|728506	human:hg38	chr11	coord|human:hg38|chr11|90131115|90131294|+|728506	hc|0947	FLAM_C	AluJo	0.3023929922	0.8296980888845877	0	0
kmer6_basic_train_centroid	interval|hg38|chr1|232646991|232647163|+|355335	human:hg38	chr1	coord|human:hg38|chr1|232646991|232647163|+|355335	hc|0956	FLAM_C	AluJo	0.4891126695	0.8296980888845877	0	0
kmer6_basic_train_centroid	interval|hg38|chr1|121277375|121277546|-|214919	human:hg38	chr1	coord|human:hg38|chr1|121277375|121277546|-|214919	hc|0958	FLAM_C	AluSx	0.5930308486	0.8296980888845877	0	0
kmer6_basic_train_centroid	interval|hg38|chr1|206295864|206296035|-|313952	human:hg38	chr1	coord|human:hg38|chr1|206295864|206296035|-|313952	hc|0958	FLAM_C	AluSx	0.5927851867	0.8296980888845877	0	0
kmer6_basic_train_centroid	interval|hg38|chr11|14744991|14745155|-|609450	human:hg38	chr11	coord|human:hg38|chr11|14744991|14745155|-|609450	hc|0968	FLAM_C	AluJo	0.43054805	0.8296980888845877	0	0
kmer6_basic_train_centroid	interval|hg38|chr13|27506531|27506693|-|1034939	human:hg38	chr13	coord|human:hg38|chr13|27506531|27506693|-|1034939	hc|0973	FLAM_C	FLAM_C	0.6516256512	0.8296980888845877	0	1
kmer6_basic_train_centroid	interval|hg38|chr1|106701999|106703583|+|191553	human:hg38	chr1	coord|human:hg38|chr1|106701999|106703583|+|191553	hc|0788	L2	L2	0.667186429	0.8296980888845877	0	1
kmer6_basic_train_centroid	interval|hg38|chr13|65927645|65928885|-|1091485	human:hg38	chr13	coord|human:hg38|chr13|65927645|65928885|-|1091485	hc|0799	L2	L2	0.6470393017	0.8296980888845877	0	1
kmer6_basic_train_centroid	interval|hg38|chr1|164180320|164181378|-|250014	human:hg38	chr1	coord|human:hg38|chr1|164180320|164181378|-|250014	hc|0810	L2	L2	0.6051190756	0.8296980888845877	0	1
kmer6_basic_train_centroid	interval|hg38|chr11|41892290|41893249|+|651076	human:hg38	chr11	coord|human:hg38|chr11|41892290|41893249|+|651076	hc|0817	L2	L2	0.5743864993	0.8296980888845877	0	1
kmer6_basic_train_centroid	interval|hg38|chr1|192762415|192763343|+|292952	human:hg38	chr1	coord|human:hg38|chr1|192762415|192763343|+|292952	hc|0821	L2	L2	0.5884580538	0.8296980888845877	0	1
kmer6_basic_train_centroid	interval|hg38|chr1|92907989|92908900|-|171958	human:hg38	chr1	coord|human:hg38|chr1|92907989|92908900|-|171958	hc|0824	L2	L2	0.581782802	0.8296980888845877	0	1
kmer6_basic_train_centroid	interval|hg38|chr1|175559963|175561216|-|267617	human:hg38	chr1	coord|human:hg38|chr1|175559963|175561216|-|267617	hc|0865	L3	L3	0.5689629024	0.8296980888845877	0	1
kmer6_basic_train_centroid	interval|hg38|chr1|115376060|115377031|+|205871	human:hg38	chr1	coord|human:hg38|chr1|115376060|115377031|+|205871	hc|0866	L3	L3	0.5351369424	0.8296980888845877	0	1
kmer6_basic_train_centroid	interval|hg38|chr13|94943214|94944182|+|1128855	human:hg38	chr13	coord|human:hg38|chr13|94943214|94944182|+|1128855	hc|0867	L3	L3	0.5402612762	0.8296980888845877	0	1
kmer6_basic_train_centroid	interval|hg38|chr1|221560476|221561234|+|337077	human:hg38	chr1	coord|human:hg38|chr1|221560476|221561234|+|337077	hc|0877	L3	L3	0.4770759214	0.8296980888845877	0	1
kmer6_basic_train_centroid	interval|hg38|chr1|60068299|60068986|-|121401	human:hg38	chr1	coord|human:hg38|chr1|60068299|60068986|-|121401	hc|0882	L3	L3	0.4708687721	0.8296980888845877	0	1
kmer6_basic_train_centroid	interval|hg38|chr1|185491905|185492543|-|283713	human:hg38	chr1	coord|human:hg38|chr1|185491905|185492543|-|283713	hc|0890	L3	L3	0.4807179903	0.8296980888845877	0	1
kmer6_basic_train_centroid	interval|hg38|chr13|32448237|32448846|+|1042915	human:hg38	chr13	coord|human:hg38|chr13|32448237|32448846|+|1042915	hc|0897	L3	L3	0.4835820724	0.8296980888845877	0	1
kmer6_basic_train_centroid	interval|hg38|chr13|26132818|26133008|-|1032488	human:hg38	chr13	coord|human:hg38|chr13|26132818|26133008|-|1032488	hc|1025	MER5A	MER5A	0.3678774225	0.8296980888845877	0	1
kmer6_basic_train_centroid	interval|hg38|chr1|116173109|116173298|-|207142	human:hg38	chr1	coord|human:hg38|chr1|116173109|116173298|-|207142	hc|1034	MER5A	MER5A	0.2933146451	0.8296980888845877	0	1
kmer6_basic_train_centroid	interval|hg38|chr13|109330217|109330406|+|1149011	human:hg38	chr13	coord|human:hg38|chr13|109330217|109330406|+|1149011	hc|1039	MER5A	MER5A	0.3689681394	0.8296980888845877	0	1
kmer6_basic_train_centroid	interval|hg38|chr11|37688484|37688673|+|645340	human:hg38	chr11	coord|human:hg38|chr11|37688484|37688673|+|645340	hc|1043	MER5A	MER5A	0.2946745379	0.8296980888845877	0	1
kmer6_basic_train_centroid	interval|hg38|chr11|87960158|87960346|-|725499	human:hg38	chr11	coord|human:hg38|chr11|87960158|87960346|-|725499	hc|1052	MER5A	MER5A	0.2718586534	0.8296980888845877	0	1
kmer6_basic_train_centroid	interval|hg38|chr11|79244051|79244239|-|711160	human:hg38	chr11	coord|human:hg38|chr11|79244051|79244239|-|711160	hc|1059	MER5A	MER5A	0.2968379829	0.8296980888845877	0	1
kmer6_basic_train_centroid	interval|hg38|chr11|17682878|17683214|-|614237	human:hg38	chr11	coord|human:hg38|chr11|17682878|17683214|-|614237	hc|0120	MIR	MIRb	0.3470223833	0.8296980888845877	0	0
kmer6_basic_train_centroid	interval|hg38|chr1|205488833|205489105|+|312550	human:hg38	chr1	coord|human:hg38|chr1|205488833|205489105|+|312550	hc|0124	MIR	MIR	0.3071348567	0.8296980888845877	0	1
kmer6_basic_train_centroid	interval|hg38|chr13|60851003|60851268|-|1085231	human:hg38	chr13	coord|human:hg38|chr13|60851003|60851268|-|1085231	hc|0130	MIR	MIR	0.3122032541	0.8296980888845877	0	1
kmer6_basic_train_centroid	interval|hg38|chr1|204487958|204488223|-|310684	human:hg38	chr1	coord|human:hg38|chr1|204487958|204488223|-|310684	hc|0131	MIR	MIRb	0.3276569137	0.8296980888845877	0	0
kmer6_basic_train_centroid	interval|hg38|chr1|178263260|178263524|-|271633	human:hg38	chr1	coord|human:hg38|chr1|178263260|178263524|-|271633	hc|0135	MIR	MIRb	0.2941659632	0.8296980888845877	0	0
kmer6_basic_train_centroid	interval|hg38|chr1|201087144|201087407|-|304438	human:hg38	chr1	coord|human:hg38|chr1|201087144|201087407|-|304438	hc|0138	MIR	MIR	0.2837488171	0.8296980888845877	0	1
kmer6_basic_train_centroid	interval|hg38|chr1|195834144|195834407|+|297028	human:hg38	chr1	coord|human:hg38|chr1|195834144|195834407|+|297028	hc|0141	MIR	L3	0.2821067286	0.8296980888845877	0	0
kmer6_basic_train_centroid	interval|hg38|chr11|120146407|120146670|-|774610	human:hg38	chr11	coord|human:hg38|chr11|120146407|120146670|-|774610	hc|0142	MIR	MIRb	0.2790502149	0.8296980888845877	0	0
kmer6_basic_train_centroid	interval|hg38|chr1|115260156|115260418|+|205716	human:hg38	chr1	coord|human:hg38|chr1|115260156|115260418|+|205716	hc|0145	MIR	MIR	0.3434267253	0.8296980888845877	0	1
kmer6_basic_train_centroid	interval|hg38|chr1|157997127|157997389|+|240588	human:hg38	chr1	coord|human:hg38|chr1|157997127|157997389|+|240588	hc|0146	MIR	MIR	0.2437895269	0.8296980888845877	0	1
kmer6_basic_train_centroid	interval|hg38|chr13|39790122|39790383|+|1053620	human:hg38	chr13	coord|human:hg38|chr13|39790122|39790383|+|1053620	hc|0154	MIR	L3	0.2915042149	0.8296980888845877	0	0
kmer6_basic_train_centroid	interval|hg38|chr1|10787039|10787260|-|16483	human:hg38	chr1	coord|human:hg38|chr1|10787039|10787260|-|16483	hc|0507	MIR3	MIR3	0.22082482	0.8296980888845877	0	1
kmer6_basic_train_centroid	interval|hg38|chr11|72088660|72088881|+|695954	human:hg38	chr11	coord|human:hg38|chr11|72088660|72088881|+|695954	hc|0509	MIR3	MIR3	0.2649210158	0.8296980888845877	0	1
kmer6_basic_train_centroid	interval|hg38|chr11|92345709|92345926|+|731517	human:hg38	chr11	coord|human:hg38|chr11|92345709|92345926|+|731517	hc|0511	MIR3	MIRb	0.2461519061	0.8296980888845877	0	0
kmer6_basic_train_centroid	interval|hg38|chr1|156965347|156965560|+|239002	human:hg38	chr1	coord|human:hg38|chr1|156965347|156965560|+|239002	hc|0514	MIR3	L3	0.2247005939	0.8296980888845877	0	0
kmer6_basic_train_centroid	interval|hg38|chr13|40350403|40350604|+|1054403	human:hg38	chr13	coord|human:hg38|chr13|40350403|40350604|+|1054403	hc|0538	MIR3	L3	0.227716676	0.8296980888845877	0	0
kmer6_basic_train_centroid	interval|hg38|chr11|40320570|40320771|+|648820	human:hg38	chr11	coord|human:hg38|chr11|40320570|40320771|+|648820	hc|0539	MIR3	L3	0.2822594672	0.8296980888845877	0	0
kmer6_basic_train_centroid	interval|hg38|chr11|26633262|26633462|-|627690	human:hg38	chr11	coord|human:hg38|chr11|26633262|26633462|-|627690	hc|0541	MIR3	L3	0.2402739593	0.8296980888845877	0	0
kmer6_basic_train_centroid	interval|hg38|chr11|130436464|130436664|-|790637	human:hg38	chr11	coord|human:hg38|chr11|130436464|130436664|-|790637	hc|0542	MIR3	L3	0.2074772596	0.8296980888845877	0	0
kmer6_basic_train_centroid	interval|hg38|chr1|56039075|56039274|+|113524	human:hg38	chr1	coord|human:hg38|chr1|56039075|56039274|+|113524	hc|0543	MIR3	MIR3	0.2399229012	0.8296980888845877	0	1
kmer6_basic_train_centroid	interval|hg38|chr1|57401601|57401800|-|116197	human:hg38	chr1	coord|human:hg38|chr1|57401601|57401800|-|116197	hc|0546	MIR3	MIR3	0.2337449342	0.8296980888845877	0	1
kmer6_basic_train_centroid	interval|hg38|chr1|17595764|17596060|-|30300	human:hg38	chr1	coord|human:hg38|chr1|17595764|17596060|-|30300	hc|0001	MIRb	MIRb	0.2740782299	0.8296980888845877	0	1
kmer6_basic_train_centroid	interval|hg38|chr1|118110852|118111117|+|210369	human:hg38	chr1	coord|human:hg38|chr1|118110852|118111117|+|210369	hc|0004	MIRb	MIRb	0.315916696	0.8296980888845877	0	1
kmer6_basic_train_centroid	interval|hg38|chr1|177770561|177770824|+|270820	human:hg38	chr1	coord|human:hg38|chr1|177770561|177770824|+|270820	hc|0006	MIRb	MIRb	0.2836133045	0.8296980888845877	0	1
kmer6_basic_train_centroid	interval|hg38|chr1|30049395|30049656|+|59400	human:hg38	chr1	coord|human:hg38|chr1|30049395|30049656|+|59400	hc|0013	MIRb	MIRb	0.2533523888	0.8296980888845877	0	1
kmer6_basic_train_centroid	interval|hg38|chr1|49173199|49173460|-|99040	human:hg38	chr1	coord|human:hg38|chr1|49173199|49173460|-|99040	hc|0014	MIRb	L3	0.2915998652	0.8296980888845877	0	0
kmer6_basic_train_centroid	interval|hg38|chr1|215812855|215813114|+|328988	human:hg38	chr1	coord|human:hg38|chr1|215812855|215813114|+|328988	hc|0023	MIRb	MIRb	0.276614028	0.8296980888845877	0	1
kmer6_basic_train_centroid	interval|hg38|chr1|48485253|48485511|-|97699	human:hg38	chr1	coord|human:hg38|chr1|48485253|48485511|-|97699	hc|0030	MIRb	MIR	0.3124160486	0.8296980888845877	0	0
kmer6_basic_train_centroid	interval|hg38|chr1|15146959|15147216|+|25032	human:hg38	chr1	coord|human:hg38|chr1|15146959|15147216|+|25032	hc|0039	MIRb	MIR	0.2717714949	0.8296980888845877	0	0
kmer6_basic_train_centroid	interval|hg38|chr1|18409434|18409690|+|32027	human:hg38	chr1	coord|human:hg38|chr1|18409434|18409690|+|32027	hc|0365	MIRc	MIRc	0.2236114059	0.8296980888845877	0	1
kmer6_basic_train_centroid	interval|hg38|chr1|154518952|154519205|+|234180	human:hg38	chr1	coord|human:hg38|chr1|154518952|154519205|+|234180	hc|0375	MIRc	L3	0.3085900875	0.8296980888845877	0	0
kmer6_basic_train_centroid	interval|hg38|chr11|86787791|86788042|-|723650	human:hg38	chr11	coord|human:hg38|chr11|86787791|86788042|-|723650	hc|0388	MIRc	MIRb	0.2516032676	0.8296980888845877	0	0
kmer6_basic_train_centroid	interval|hg38|chr11|109649300|109649551|+|756882	human:hg38	chr11	coord|human:hg38|chr11|109649300|109649551|+|756882	hc|0389	MIRc	FLAM_C	0.3810214153	0.8296980888845877	0	0
kmer6_basic_train_centroid	interval|hg38|chr13|93594630|93595001|-|1126968	human:hg38	chr13	coord|human:hg38|chr13|93594630|93595001|-|1126968	hc|1180	MLT1A0	MLT1A0	0.3956927404	0.8296980888845877	0	1
kmer6_basic_train_centroid	interval|hg38|chr11|80422277|80422648|-|713307	human:hg38	chr11	coord|human:hg38|chr11|80422277|80422648|-|713307	hc|1182	MLT1A0	MLT1A0	0.3665502569	0.8296980888845877	0	1
kmer6_basic_train_centroid	interval|hg38|chr11|103361120|103361490|+|747247	human:hg38	chr11	coord|human:hg38|chr11|103361120|103361490|+|747247	hc|1186	MLT1A0	MLT1A0	0.4820269794	0.8296980888845877	0	1
kmer6_basic_train_centroid	interval|hg38|chr1|230776034|230776402|-|352429	human:hg38	chr1	coord|human:hg38|chr1|230776034|230776402|-|352429	hc|1195	MLT1A0	MLT1A0	0.4815732455	0.8296980888845877	0	1
kmer6_basic_train_centroid	interval|hg38|chr13|93104826|93105194|+|1126379	human:hg38	chr13	coord|human:hg38|chr13|93104826|93105194|+|1126379	hc|1197	MLT1A0	MLT1A0	0.4250251045	0.8296980888845877	0	1
kmer6_basic_train_centroid	interval|hg38|chr11|11511587|11511955|+|604100	human:hg38	chr11	coord|human:hg38|chr11|11511587|11511955|+|604100	hc|1204	MLT1A0	MLT1A0	0.3917038794	0.8296980888845877	0	1
kmer6_basic_train_centroid	interval|hg38|chr1|216537061|216537429|+|329857	human:hg38	chr1	coord|human:hg38|chr1|216537061|216537429|+|329857	hc|1205	MLT1A0	MLT1A0	0.4326258939	0.8296980888845877	0	1
kmer6_basic_train_centroid	interval|hg38|chr1|233552614|233552982|+|356749	human:hg38	chr1	coord|human:hg38|chr1|233552614|233552982|+|356749	hc|1206	MLT1A0	MLT1A0	0.4415550849	0.8296980888845877	0	1
kmer6_basic_train_centroid	interval|hg38|chr13|74861844|74862212|+|1102905	human:hg38	chr13	coord|human:hg38|chr13|74861844|74862212|+|1102905	hc|1209	MLT1A0	MLT1A0	0.5272178518	0.8296980888845877	0	1
kmer6_basic_train_centroid	interval|hg38|chr1|39271118|39271551|-|79084	human:hg38	chr1	coord|human:hg38|chr1|39271118|39271551|-|79084	hc|1103	MSTA	MSTA	0.5487337625	0.8296980888845877	0	1
kmer6_basic_train_centroid	interval|hg38|chr1|158504271|158504703|-|241301	human:hg38	chr1	coord|human:hg38|chr1|158504271|158504703|-|241301	hc|1104	MSTA	MSTA	0.4786196912	0.8296980888845877	0	1
kmer6_basic_train_centroid	interval|hg38|chr1|70425502|70425933|-|139372	human:hg38	chr1	coord|human:hg38|chr1|70425502|70425933|-|139372	hc|1107	MSTA	MSTA	0.6511313213	0.8296980888845877	0	1
kmer6_basic_train_centroid	interval|hg38|chr11|27261709|27262139|-|628626	human:hg38	chr11	coord|human:hg38|chr11|27261709|27262139|-|628626	hc|1110	MSTA	MSTA	0.5609364519	0.8296980888845877	0	1
kmer6_basic_train_centroid	interval|hg38|chr1|6855251|6855679|-|8968	human:hg38	chr1	coord|human:hg38|chr1|6855251|6855679|-|8968	hc|1116	MSTA	MSTA	0.6087627628	0.8296980888845877	0	1
kmer6_basic_train_centroid	interval|hg38|chr1|165081178|165081604|-|251271	human:hg38	chr1	coord|human:hg38|chr1|165081178|165081604|-|251271	hc|1125	MSTA	MSTA	0.5630800093	0.8296980888845877	0	1
kmer6_basic_train_centroid	interval|hg38|chr1|16778473|16778899|-|28488	human:hg38	chr1	coord|human:hg38|chr1|16778473|16778899|-|28488	hc|1127	MSTA	MSTA	0.6312011263	0.8296980888845877	0	1
kmer6_basic_train_centroid	interval|hg38|chr1|234803657|234804083|+|358716	human:hg38	chr1	coord|human:hg38|chr1|234803657|234804083|+|358716	hc|1127	MSTA	MSTA	0.6350075363	0.8296980888845877	0	1
kmer6_basic_train_centroid	interval|hg38|chr1|72838319|72838745|+|142592	human:hg38	chr1	coord|human:hg38|chr1|72838319|72838745|+|142592	hc|1130	MSTA	MSTA	0.5330433689	0.8296980888845877	0	1
kmer6_basic_train_centroid	interval|hg38|chr1|227426183|227426609|-|347368	human:hg38	chr1	coord|human:hg38|chr1|227426183|227426609|-|347368	hc|1133	MSTA	MSTA	0.6165578762	0.8296980888845877	0	1
kmer6_basic_train_centroid	interval|hg38|chr13|110764425|110764851|+|1150752	human:hg38	chr13	coord|human:hg38|chr13|110764425|110764851|+|1150752	hc|1134	MSTA	MSTA	0.5642679029	0.8296980888845877	0	1
kmer6_basic_train_centroid	interval|hg38|chr1|231876067|231876493|+|354328	human:hg38	chr1	coord|human:hg38|chr1|231876067|231876493|+|354328	hc|1138	MSTA	MSTA	0.5305016004	0.8296980888845877	0	1
kmer6_basic_train_centroid	interval|hg38|chr1|223046494|223046863|-|339402	human:hg38	chr1	coord|human:hg38|chr1|223046494|223046863|-|339402	hc|1385	THE1B	THE1B	0.6207781991	0.8296980888845877	0	1
kmer6_basic_train_centroid	interval|hg38|chr1|49187824|49188193|+|99070	human:hg38	chr1	coord|human:hg38|chr1|49187824|49188193|+|99070	hc|1387	THE1B	THE1B	0.5947401397	0.8296980888845877	0	1
kmer6_basic_train_centroid	interval|hg38|chr1|235008729|235009098|-|359088	human:hg38	chr1	coord|human:hg38|chr1|235008729|235009098|-|359088	hc|1393	THE1B	THE1B	0.5920162675	0.8296980888845877	0	1
kmer6_basic_train_centroid	interval|hg38|chr13|55835770|55836139|+|1078771	human:hg38	chr13	coord|human:hg38|chr13|55835770|55836139|+|1078771	hc|1396	THE1B	THE1B	0.5629092845	0.8296980888845877	0	1
kmer6_basic_train_centroid	interval|hg38|chr13|65203411|65203780|+|1090603	human:hg38	chr13	coord|human:hg38|chr13|65203411|65203780|+|1090603	hc|1398	THE1B	THE1B	0.6209957555	0.8296980888845877	0	1
kmer6_basic_train_centroid	interval|hg38|chr13|103267225|103267594|+|1141746	human:hg38	chr13	coord|human:hg38|chr13|103267225|103267594|+|1141746	hc|1399	THE1B	THE1B	0.6766371719	0.8296980888845877	0	1
kmer6_basic_train_centroid	interval|hg38|chr1|78120524|78120892|-|150333	human:hg38	chr1	coord|human:hg38|chr1|78120524|78120892|-|150333	hc|1402	THE1B	THE1B	0.6922951296	0.8296980888845877	0	1
kmer6_basic_train_centroid	interval|hg38|chr13|32104654|32105022|+|1042390	human:hg38	chr13	coord|human:hg38|chr13|32104654|32105022|+|1042390	hc|1409	THE1B	THE1B	0.6162915695	0.8296980888845877	0	1
kmer8_single_train_medoid	interval|hg38|chr13|61060225|61060586|-|1085518	human:hg38	chr13	coord|human:hg38|chr13|61060225|61060586|-|1085518	hc|0198	AluJb	FLAM_A	0.5026809087	0.7502873100192458	0	0
kmer8_single_train_medoid	interval|hg38|chr1|13746501|13746853|-|22298	human:hg38	chr1	coord|human:hg38|chr1|13746501|13746853|-|22298	hc|0200	AluJb	AluSc	0.5514135467	0.7502873100192458	0	0
kmer8_single_train_medoid	interval|hg38|chr1|204583666|204584007|+|310906	human:hg38	chr1	coord|human:hg38|chr1|204583666|204584007|+|310906	hc|0201	AluJb	AluSp	0.2629788522	0.7502873100192458	0	0
kmer8_single_train_medoid	interval|hg38|chr11|111559418|111559757|-|759912	human:hg38	chr11	coord|human:hg38|chr11|111559418|111559757|-|759912	hc|0206	AluJb	AluSc	0.2713713599	0.7502873100192458	0	0
kmer8_single_train_medoid	interval|hg38|chr13|104776246|104776583|-|1143493	human:hg38	chr13	coord|human:hg38|chr13|104776246|104776583|-|1143493	hc|0209	AluJb	AluJo	0.2365853659	0.7502873100192458	0	0
kmer8_single_train_medoid	interval|hg38|chr11|9471897|9472228|-|600438	human:hg38	chr11	coord|human:hg38|chr11|9471897|9472228|-|600438	hc|0217	AluJb	AluSz	0.5116524543	0.7502873100192458	0	0
kmer8_single_train_medoid	interval|hg38|chr1|28499446|28499775|-|55882	human:hg38	chr1	coord|human:hg38|chr1|28499446|28499775|-|55882	hc|0223	AluJb	AluJo	0.164018048	0.7502873100192458	0	0
kmer8_single_train_medoid	interval|hg38|chr1|10190176|10190505|-|15467	human:hg38	chr1	coord|human:hg38|chr1|10190176|10190505|-|15467	hc|0224	AluJb	AluSc	0.5097679888	0.7502873100192458	0	0
kmer8_single_train_medoid	interval|hg38|chr13|66512789|66513117|-|1092167	human:hg38	chr13	coord|human:hg38|chr13|66512789|66513117|-|1092167	hc|0228	AluJb	AluJo	0.2582218724	0.7502873100192458	0	0
kmer8_single_train_medoid	interval|hg38|chr1|12681220|12681548|-|20481	human:hg38	chr1	coord|human:hg38|chr1|12681220|12681548|-|20481	hc|0229	AluJb	FLAM_A	0.6837238083	0.7502873100192458	0	0
kmer8_single_train_medoid	interval|hg38|chr1|28994633|28994959|-|57285	human:hg38	chr1	coord|human:hg38|chr1|28994633|28994959|-|57285	hc|0234	AluJb	AluSc	0.5541544316	0.7502873100192458	0	0
kmer8_single_train_medoid	interval|hg38|chr1|21917149|21917494|+|39669	human:hg38	chr1	coord|human:hg38|chr1|21917149|21917494|+|39669	hc|0429	AluJo	AluSc	0.5828214081	0.7502873100192458	0	0
kmer8_single_train_medoid	interval|hg38|chr11|83108441|83108783|-|717560	human:hg38	chr11	coord|human:hg38|chr11|83108441|83108783|-|717560	hc|0432	AluJo	AluSz6	0.5199842729	0.7502873100192458	0	0
kmer8_single_train_medoid	interval|hg38|chr11|20525408|20525749|-|619259	human:hg38	chr11	coord|human:hg38|chr11|20525408|20525749|-|619259	hc|0433	AluJo	AluSz	0.6405847958	0.7502873100192458	0	0
kmer8_single_train_medoid	interval|hg38|chr1|229536218|229536553|+|350406	human:hg38	chr1	coord|human:hg38|chr1|229536218|229536553|+|350406	hc|0435	AluJo	AluJo	0.2400750352	0.7502873100192458	0	1
kmer8_single_train_medoid	interval|hg38|chr1|58180260|58180594|-|117763	human:hg38	chr1	coord|human:hg38|chr1|58180260|58180594|-|117763	hc|0437	AluJo	FLAM_A	0.7487712973	0.7502873100192458	0	0
kmer8_single_train_medoid	interval|hg38|chr13|110538323|110538656|+|1150355	human:hg38	chr13	coord|human:hg38|chr13|110538323|110538656|+|1150355	hc|0438	AluJo	AluSz	0.6402230339	0.7502873100192458	0	0
kmer8_single_train_medoid	interval|hg38|chr1|35051946|35052277|-|70225	human:hg38	chr1	coord|human:hg38|chr1|35051946|35052277|-|70225	hc|0440	AluJo	AluJo	0.1980416439	0.7502873100192458	0	1
kmer8_single_train_medoid	interval|hg38|chr11|82793727|82794055|+|716968	human:hg38	chr11	coord|human:hg38|chr11|82793727|82794055|+|716968	hc|0445	AluJo	AluSp	0.2379214137	0.7502873100192458	0	0
kmer8_single_train_medoid	interval|hg38|chr1|28378927|28379254|-|55570	human:hg38	chr1	coord|human:hg38|chr1|28378927|28379254|-|55570	hc|0447	AluJo	AluY	0.2721085067	0.7502873100192458	0	0
kmer8_single_train_medoid	interval|hg38|chr13|35496352|35496677|+|1047554	human:hg38	chr13	coord|human:hg38|chr13|35496352|35496677|+|1047554	hc|0449	AluJo	FLAM_A	0.574046537	0.7502873100192458	0	0
kmer8_single_train_medoid	interval|hg38|chr13|98628141|98628463|-|1134788	human:hg38	chr13	coord|human:hg38|chr13|98628141|98628463|-|1134788	hc|0451	AluJo	AluSz	0.3895549108	0.7502873100192458	0	0
kmer8_single_train_medoid	interval|hg38|chr13|28115945|28116263|-|1036072	human:hg38	chr13	coord|human:hg38|chr13|28115945|28116263|-|1036072	hc|0457	AluJo	AluSx3	0.7439075135	0.7502873100192458	0	0
kmer8_single_train_medoid	interval|hg38|chr13|52875454|52875772|-|1074969	human:hg38	chr13	coord|human:hg38|chr13|52875454|52875772|-|1074969	hc|0460	AluJo	FLAM_C	0.5611448058	0.7502873100192458	0	0
kmer8_single_train_medoid	interval|hg38|chr11|18226148|18226465|+|615198	human:hg38	chr11	coord|human:hg38|chr11|18226148|18226465|+|615198	hc|0466	AluJo	AluJb	0.2526372813	0.7502873100192458	0	0
kmer8_single_train_medoid	interval|hg38|chr11|33549721|33550061|+|638718	human:hg38	chr11	coord|human:hg38|chr11|33549721|33550061|+|638718	hc|0392	AluJr	AluSp	0.3442830556	0.7502873100192458	0	0
kmer8_single_train_medoid	interval|hg38|chr1|212648304|212648644|-|324291	human:hg38	chr1	coord|human:hg38|chr1|212648304|212648644|-|324291	hc|0393	AluJr	AluSc	0.3774739928	0.7502873100192458	0	0
kmer8_single_train_medoid	interval|hg38|chr13|98692136|98692458|-|1134927	human:hg38	chr13	coord|human:hg38|chr13|98692136|98692458|-|1134927	hc|0407	AluJr	FLAM_A	0.8253850426	0.7502873100192458	1	0
kmer8_single_train_medoid	interval|hg38|chr1|99955784|99956103|-|182545	human:hg38	chr1	coord|human:hg38|chr1|99955784|99956103|-|182545	hc|0411	AluJr	AluSc	0.4156606316	0.7502873100192458	0	0
kmer8_single_train_medoid	interval|hg38|chr1|173119364|173119679|-|263675	human:hg38	chr1	coord|human:hg38|chr1|173119364|173119679|-|263675	hc|1080	AluJr4	AluSq2	0.1771168337	0.7502873100192458	0	0
kmer8_single_train_medoid	interval|hg38|chr1|173888414|173888729|-|264940	human:hg38	chr1	coord|human:hg38|chr1|173888414|173888729|-|264940	hc|1083	AluJr4	AluJr4	0.1542816156	0.7502873100192458	0	1
kmer8_single_train_medoid	interval|hg38|chr1|24968046|24968360|-|47067	human:hg38	chr1	coord|human:hg38|chr1|24968046|24968360|-|47067	hc|1086	AluJr4	FLAM_A	0.5878677591	0.7502873100192458	0	0
kmer8_single_train_medoid	interval|hg38|chr11|108636204|108636518|+|755370	human:hg38	chr11	coord|human:hg38|chr11|108636204|108636518|+|755370	hc|1090	AluJr4	AluSz6	0.2815336773	0.7502873100192458	0	0
kmer8_single_train_medoid	interval|hg38|chr1|217611897|217612210|+|331186	human:hg38	chr1	coord|human:hg38|chr1|217611897|217612210|+|331186	hc|1093	AluJr4	AluSz	0.238869154	0.7502873100192458	0	0
kmer8_single_train_medoid	interval|hg38|chr1|94969079|94969392|-|175426	human:hg38	chr1	coord|human:hg38|chr1|94969079|94969392|-|175426	hc|1098	AluJr4	AluSx1	0.2117498317	0.7502873100192458	0	0
kmer8_single_train_medoid	interval|hg38|chr1|171453717|171454030|-|261220	human:hg38	chr1	coord|human:hg38|chr1|171453717|171454030|-|261220	hc|1099	AluJr4	AluJo	0.1994894959	0.7502873100192458	0	0
kmer8_single_train_medoid	interval|hg38|chr1|143696235|143696567|-|216021	human:hg38	chr1	coord|human:hg38|chr1|143696235|143696567|-|216021	hc|0676	AluSc	AluSx1	0.2945109769	0.7502873100192458	0	0
kmer8_single_train_medoid	interval|hg38|chr11|130039964|130040291|+|789901	human:hg38	chr11	coord|human:hg38|chr11|130039964|130040291|+|789901	hc|0689	AluSc	AluY	0.2490776885	0.7502873100192458	0	0
kmer8_single_train_medoid	interval|hg38|chr13|64285385|64285710|-|1089450	human:hg38	chr13	coord|human:hg38|chr13|64285385|64285710|-|1089450	hc|0692	AluSc	AluSx3	0.7259652391	0.7502873100192458	0	0
kmer8_single_train_medoid	interval|hg38|chr1|108915400|108915724|-|194778	human:hg38	chr1	coord|human:hg38|chr1|108915400|108915724|-|194778	hc|0694	AluSc	AluSq	0.4059665663	0.7502873100192458	0	0
kmer8_single_train_medoid	interval|hg38|chr13|77939715|77940039|+|1107294	human:hg38	chr13	coord|human:hg38|chr13|77939715|77940039|+|1107294	hc|0696	AluSc	AluSc	0.6016362521	0.7502873100192458	0	1
kmer8_single_train_medoid	interval|hg38|chr11|73035696|73036018|-|697828	human:hg38	chr11	coord|human:hg38|chr11|73035696|73036018|-|697828	hc|0704	AluSc	AluSc	0.6606786148	0.7502873100192458	0	1
kmer8_single_train_medoid	interval|hg38|chr1|183643262|183643590|-|280733	human:hg38	chr1	coord|human:hg38|chr1|183643262|183643590|-|280733	hc|0832	AluSc8	AluSc	0.7287898604	0.7502873100192458	0	0
kmer8_single_train_medoid	interval|hg38|chr1|155585241|155585568|+|236340	human:hg38	chr1	coord|human:hg38|chr1|155585241|155585568|+|236340	hc|0833	AluSc8	AluSx3	0.6395163552	0.7502873100192458	0	0
kmer8_single_train_medoid	interval|hg38|chr13|103483393|103483717|-|1142024	human:hg38	chr13	coord|human:hg38|chr13|103483393|103483717|-|1142024	hc|0841	AluSc8	AluSc	0.6727519218	0.7502873100192458	0	0
kmer8_single_train_medoid	interval|hg38|chr1|20584097|20584414|+|36774	human:hg38	chr1	coord|human:hg38|chr1|20584097|20584414|+|36774	hc|0859	AluSc8	AluSx3	0.610408193	0.7502873100192458	0	0
kmer8_single_train_medoid	interval|hg38|chr1|85945002|85945318|-|161108	human:hg38	chr1	coord|human:hg38|chr1|85945002|85945318|-|161108	hc|0864	AluSc8	AluSx3	0.8356018243	0.7502873100192458	1	0
kmer8_single_train_medoid	interval|hg38|chr1|227737992|227738333|-|347749	human:hg38	chr1	coord|human:hg38|chr1|227737992|227738333|-|347749	hc|0629	AluSg	AluSx1	0.3713940535	0.7502873100192458	0	0
kmer8_single_train_medoid	interval|hg38|chr1|69853245|69853576|-|138517	human:hg38	chr1	coord|human:hg38|chr1|69853245|69853576|-|138517	hc|0638	AluSg	AluSx3	0.7848959597	0.7502873100192458	1	0
kmer8_single_train_medoid	interval|hg38|chr1|206818780|206819109|-|314788	human:hg38	chr1	coord|human:hg38|chr1|206818780|206819109|-|314788	hc|0642	AluSg	AluSq2	0.587136564	0.7502873100192458	0	0
kmer8_single_train_medoid	interval|hg38|chr1|6529309|6529637|+|8260	human:hg38	chr1	coord|human:hg38|chr1|6529309|6529637|+|8260	hc|0644	AluSg	AluY	0.323510245	0.7502873100192458	0	0
kmer8_single_train_medoid	interval|hg38|chr1|151643264|151643592|-|229379	human:hg38	chr1	coord|human:hg38|chr1|151643264|151643592|-|229379	hc|0646	AluSg	AluSc	0.6437561934	0.7502873100192458	0	0
kmer8_single_train_medoid	interval|hg38|chr1|200552915|200553235|-|303482	human:hg38	chr1	coord|human:hg38|chr1|200552915|200553235|-|303482	hc|0663	AluSg	AluSc	0.652140893	0.7502873100192458	0	0
kmer8_single_train_medoid	interval|hg38|chr1|236972669|236972989|+|362967	human:hg38	chr1	coord|human:hg38|chr1|236972669|236972989|+|362967	hc|0664	AluSg	AluSx1	0.239882015	0.7502873100192458	0	0
kmer8_single_train_medoid	interval|hg38|chr11|4663071|4663414|+|593281	human:hg38	chr11	coord|human:hg38|chr11|4663071|4663414|+|593281	hc|0468	AluSp	AluSp	0.2319183578	0.7502873100192458	0	1
kmer8_single_train_medoid	interval|hg38|chr13|33872451|33872793|+|1045239	human:hg38	chr13	coord|human:hg38|chr13|33872451|33872793|+|1045239	hc|0469	AluSp	AluSp	0.327406358	0.7502873100192458	0	1
kmer8_single_train_medoid	interval|hg38|chr1|230845401|230845741|+|352530	human:hg38	chr1	coord|human:hg38|chr1|230845401|230845741|+|352530	hc|0471	AluSp	AluY	0.3588943771	0.7502873100192458	0	0
kmer8_single_train_medoid	interval|hg38|chr1|112735388|112735726|+|201071	human:hg38	chr1	coord|human:hg38|chr1|112735388|112735726|+|201071	hc|0476	AluSp	AluSp	0.4166296679	0.7502873100192458	0	1
kmer8_single_train_medoid	interval|hg38|chr1|72149600|72149934|+|141771	human:hg38	chr1	coord|human:hg38|chr1|72149600|72149934|+|141771	hc|0484	AluSp	AluSq2	0.6776525652	0.7502873100192458	0	0
kmer8_single_train_medoid	interval|hg38|chr11|42106182|42106515|+|651362	human:hg38	chr11	coord|human:hg38|chr11|42106182|42106515|+|651362	hc|0487	AluSp	AluSp	0.6157068907	0.7502873100192458	0	1
kmer8_single_train_medoid	interval|hg38|chr11|71732386|71732718|-|695294	human:hg38	chr11	coord|human:hg38|chr11|71732386|71732718|-|695294	hc|0490	AluSp	AluSq2	0.7081116771	0.7502873100192458	0	0
kmer8_single_train_medoid	interval|hg38|chr1|214495663|214495994|-|327198	human:hg38	chr1	coord|human:hg38|chr1|214495663|214495994|-|327198	hc|0493	AluSp	AluSc	0.6157674383	0.7502873100192458	0	0
kmer8_single_train_medoid	interval|hg38|chr11|8779485|8779814|-|598973	human:hg38	chr11	coord|human:hg38|chr11|8779485|8779814|-|598973	hc|0497	AluSp	AluSq2	0.5091255395	0.7502873100192458	0	0
kmer8_single_train_medoid	interval|hg38|chr1|242555877|242556205|-|371508	human:hg38	chr1	coord|human:hg38|chr1|242555877|242556205|-|371508	hc|0501	AluSp	FLAM_A	0.8689326271	0.7502873100192458	1	0
kmer8_single_train_medoid	interval|hg38|chr1|1477677|1478003|-|1840	human:hg38	chr1	coord|human:hg38|chr1|1477677|1478003|-|1840	hc|0505	AluSp	AluSc	0.3759378006	0.7502873100192458	0	0
kmer8_single_train_medoid	interval|hg38|chr1|240620855|240621195|-|368285	human:hg38	chr1	coord|human:hg38|chr1|240620855|240621195|-|368285	hc|0985	AluSq	AluSc	0.6749706778	0.7502873100192458	0	0
kmer8_single_train_medoid	interval|hg38|chr1|241040465|241040787|-|368964	human:hg38	chr1	coord|human:hg38|chr1|241040465|241040787|-|368964	hc|0994	AluSq	AluSc	0.5639161109	0.7502873100192458	0	0
kmer8_single_train_medoid	interval|hg38|chr1|92143489|92143811|-|170472	human:hg38	chr1	coord|human:hg38|chr1|92143489|92143811|-|170472	hc|0995	AluSq	AluSc	0.4898893597	0.7502873100192458	0	0
kmer8_single_train_medoid	interval|hg38|chr1|225704954|225705275|+|344033	human:hg38	chr1	coord|human:hg38|chr1|225704954|225705275|+|344033	hc|0996	AluSq	AluSx3	0.7863904482	0.7502873100192458	1	0
kmer8_single_train_medoid	interval|hg38|chr13|19821665|19821985|+|1022527	human:hg38	chr13	coord|human:hg38|chr13|19821665|19821985|+|1022527	hc|1000	AluSq	AluY	0.4403925346	0.7502873100192458	0	0
kmer8_single_train_medoid	interval|hg38|chr1|199990500|199990818|-|302443	human:hg38	chr1	coord|human:hg38|chr1|199990500|199990818|-|302443	hc|1010	AluSq	AluSc	0.5971625215	0.7502873100192458	0	0
kmer8_single_train_medoid	interval|hg38|chr1|235041713|235042030|-|359184	human:hg38	chr1	coord|human:hg38|chr1|235041713|235042030|-|359184	hc|1022	AluSq	FLAM_A	0.7917038777	0.7502873100192458	1	0
kmer8_single_train_medoid	interval|hg38|chr1|117133712|117134055|+|208740	human:hg38	chr1	coord|human:hg38|chr1|117133712|117134055|+|208740	hc|0317	AluSq2	AluSx	0.561662916	0.7502873100192458	0	0
kmer8_single_train_medoid	interval|hg38|chr13|52748111|52748453|+|1074758	human:hg38	chr13	coord|human:hg38|chr13|52748111|52748453|+|1074758	hc|0318	AluSq2	AluSq	0.310760924	0.7502873100192458	0	0
kmer8_single_train_medoid	interval|hg38|chr1|53790083|53790424|+|108852	human:hg38	chr1	coord|human:hg38|chr1|53790083|53790424|+|108852	hc|0323	AluSq2	AluSx4	0.3997925525	0.7502873100192458	0	0
kmer8_single_train_medoid	interval|hg38|chr11|35315511|35315851|+|641617	human:hg38	chr11	coord|human:hg38|chr11|35315511|35315851|+|641617	hc|0326	AluSq2	AluSq2	0.6100032146	0.7502873100192458	0	1
kmer8_single_train_medoid	interval|hg38|chr11|80842044|80842384|-|713977	human:hg38	chr11	coord|human:hg38|chr11|80842044|80842384|-|713977	hc|0327	AluSq2	AluSq2	0.7222095642	0.7502873100192458	0	1
kmer8_single_train_medoid	interval|hg38|chr13|62416751|62417090|+|1087198	human:hg38	chr13	coord|human:hg38|chr13|62416751|62417090|+|1087198	hc|0330	AluSq2	AluSx3	0.4012022169	0.7502873100192458	0	0
kmer8_single_train_medoid	interval|hg38|chr13|49829338|49829675|+|1070140	human:hg38	chr13	coord|human:hg38|chr13|49829338|49829675|+|1070140	hc|0333	AluSq2	AluSx3	0.7877617732	0.7502873100192458	1	0
kmer8_single_train_medoid	interval|hg38|chr13|60541129|60541466|-|1084796	human:hg38	chr13	coord|human:hg38|chr13|60541129|60541466|-|1084796	hc|0334	AluSq2	AluSx1	0.3680784414	0.7502873100192458	0	0
kmer8_single_train_medoid	interval|hg38|chr11|63536245|63536581|+|679684	human:hg38	chr11	coord|human:hg38|chr11|63536245|63536581|+|679684	hc|0337	AluSq2	AluSx1	0.3141645275	0.7502873100192458	0	0
kmer8_single_train_medoid	interval|hg38|chr11|37840530|37840866|-|645511	human:hg38	chr11	coord|human:hg38|chr11|37840530|37840866|-|645511	hc|0338	AluSq2	AluSc	0.6214918032	0.7502873100192458	0	0
kmer8_single_train_medoid	interval|hg38|chr1|241461063|241461398|+|369648	human:hg38	chr1	coord|human:hg38|chr1|241461063|241461398|+|369648	hc|0340	AluSq2	AluSq2	0.6380530393	0.7502873100192458	0	1
kmer8_single_train_medoid	interval|hg38|chr1|154973228|154973559|+|235039	human:hg38	chr1	coord|human:hg38|chr1|154973228|154973559|+|235039	hc|0350	AluSq2	AluSx3	0.7277986998	0.7502873100192458	0	0
kmer8_single_train_medoid	interval|hg38|chr1|201033351|201033695|-|304357	human:hg38	chr1	coord|human:hg38|chr1|201033351|201033695|-|304357	hc|0043	AluSx	AluSx1	0.3293313464	0.7502873100192458	0	0
kmer8_single_train_medoid	interval|hg38|chr1|233061718|233062058|-|355967	human:hg38	chr1	coord|human:hg38|chr1|233061718|233062058|-|355967	hc|0051	AluSx	AluSx1	0.4284084735	0.7502873100192458	0	0
kmer8_single_train_medoid	interval|hg38|chr1|53699024|53699363|-|108621	human:hg38	chr1	coord|human:hg38|chr1|53699024|53699363|-|108621	hc|0054	AluSx	AluY	0.2769312208	0.7502873100192458	0	0
kmer8_single_train_medoid	interval|hg38|chr11|70237593|70237930|+|693037	human:hg38	chr11	coord|human:hg38|chr11|70237593|70237930|+|693037	hc|0061	AluSx	AluSx	0.590946934	0.7502873100192458	0	1
kmer8_single_train_medoid	interval|hg38|chr1|105626455|105626791|-|190246	human:hg38	chr1	coord|human:hg38|chr1|105626455|105626791|-|190246	hc|0064	AluSx	AluSc	0.6313342461	0.7502873100192458	0	0
kmer8_single_train_medoid	interval|hg38|chr1|25075374|25075709|+|47296	human:hg38	chr1	coord|human:hg38|chr1|25075374|25075709|+|47296	hc|0065	AluSx	AluSx1	0.291867332	0.7502873100192458	0	0
kmer8_single_train_medoid	interval|hg38|chr13|24753874|24754215|+|1030461	human:hg38	chr13	coord|human:hg38|chr13|24753874|24754215|+|1030461	hc|0088	AluSx1	AluSx1	0.4079037364	0.7502873100192458	0	1
kmer8_single_train_medoid	interval|hg38|chr1|105990600|105990939|-|190680	human:hg38	chr1	coord|human:hg38|chr1|105990600|105990939|-|190680	hc|0093	AluSx1	AluSp	0.4343846865	0.7502873100192458	0	0
kmer8_single_train_medoid	interval|hg38|chr11|9830458|9830796|+|601214	human:hg38	chr11	coord|human:hg38|chr11|9830458|9830796|+|601214	hc|0096	AluSx1	AluSp	0.5044796413	0.7502873100192458	0	0
kmer8_single_train_medoid	interval|hg38|chr1|218854792|218855129|-|333052	human:hg38	chr1	coord|human:hg38|chr1|218854792|218855129|-|333052	hc|0103	AluSx1	AluSq	0.2713138441	0.7502873100192458	0	0
kmer8_single_train_medoid	interval|hg38|chr13|20124699|20125035|+|1023256	human:hg38	chr13	coord|human:hg38|chr13|20124699|20125035|+|1023256	hc|0110	AluSx1	FLAM_A	0.8480038208	0.7502873100192458	1	0
kmer8_single_train_medoid	interval|hg38|chr1|20594505|20594840|+|36800	human:hg38	chr1	coord|human:hg38|chr1|20594505|20594840|+|36800	hc|0114	AluSx1	AluSz	0.5246153784	0.7502873100192458	0	0
kmer8_single_train_medoid	interval|hg38|chr13|101337273|101337607|-|1139214	human:hg38	chr13	coord|human:hg38|chr13|101337273|101337607|-|1139214	hc|0118	AluSx1	AluSc	0.6232083011	0.7502873100192458	0	0
kmer8_single_train_medoid	interval|hg38|chr13|105587264|105587598|+|1144405	human:hg38	chr13	coord|human:hg38|chr13|105587264|105587598|+|1144405	hc|0119	AluSx1	AluSx3	0.3921351452	0.7502873100192458	0	0
kmer8_single_train_medoid	interval|hg38|chr13|91330328|91330671|-|1124079	human:hg38	chr13	coord|human:hg38|chr13|91330328|91330671|-|1124079	hc|0747	AluSx3	AluSc	0.6679006751	0.7502873100192458	0	0
kmer8_single_train_medoid	interval|hg38|chr1|63170590|63170920|-|127060	human:hg38	chr1	coord|human:hg38|chr1|63170590|63170920|-|127060	hc|0758	AluSx3	AluSx3	0.7122434111	0.7502873100192458	0	1
kmer8_single_train_medoid	interval|hg38|chr11|63600578|63600903|-|679842	human:hg38	chr11	coord|human:hg38|chr11|63600578|63600903|-|679842	hc|0764	AluSx3	AluSx1	0.3338780812	0.7502873100192458	0	0
kmer8_single_train_medoid	interval|hg38|chr13|51888620|51888944|-|1073349	human:hg38	chr13	coord|human:hg38|chr13|51888620|51888944|-|1073349	hc|0765	AluSx3	AluSx3	0.7134626709	0.7502873100192458	0	1
kmer8_single_train_medoid	interval|hg38|chr1|53790424|53790744|+|108853	human:hg38	chr1	coord|human:hg38|chr1|53790424|53790744|+|108853	hc|0323	AluSx3	AluY	0.3683766294	0.7502873100192458	0	0
kmer8_single_train_medoid	interval|hg38|chr13|36726380|36726699|-|1049349	human:hg38	chr13	coord|human:hg38|chr13|36726380|36726699|-|1049349	hc|0775	AluSx3	AluSx3	0.7927529905	0.7502873100192458	1	1
kmer8_single_train_medoid	interval|hg38|chr1|150614803|150615122|-|227116	human:hg38	chr1	coord|human:hg38|chr1|150614803|150615122|-|227116	hc|0776	AluSx3	AluSx3	0.8401372125	0.7502873100192458	1	1
kmer8_single_train_medoid	interval|hg38|chr1|52722545|52722863|-|106500	human:hg38	chr1	coord|human:hg38|chr1|52722545|52722863|-|106500	hc|0777	AluSx3	AluSx3	0.6919485045	0.7502873100192458	0	1
kmer8_single_train_medoid	interval|hg38|chr1|241467706|241468024|+|369668	human:hg38	chr1	coord|human:hg38|chr1|241467706|241468024|+|369668	hc|0778	AluSx3	AluSp	0.3504446459	0.7502873100192458	0	0
kmer8_single_train_medoid	interval|hg38|chr1|20749341|20749658|-|37135	human:hg38	chr1	coord|human:hg38|chr1|20749341|20749658|-|37135	hc|0781	AluSx3	AluSq	0.41233542	0.7502873100192458	0	0
kmer8_single_train_medoid	interval|hg38|chr13|71692477|71692820|-|1098283	human:hg38	chr13	coord|human:hg38|chr13|71692477|71692820|-|1098283	hc|1300	AluSx4	AluSx3	0.8433134353	0.7502873100192458	1	0
kmer8_single_train_medoid	interval|hg38|chr13|49622942|49623282|-|1069682	human:hg38	chr13	coord|human:hg38|chr13|49622942|49623282|-|1069682	hc|1301	AluSx4	AluSc	0.3237700891	0.7502873100192458	0	0
kmer8_single_train_medoid	interval|hg38|chr11|43900195|43900521|-|654289	human:hg38	chr11	coord|human:hg38|chr11|43900195|43900521|-|654289	hc|1305	AluSx4	AluSx3	0.7641919638	0.7502873100192458	1	0
kmer8_single_train_medoid	interval|hg38|chr1|19965980|19966302|-|35423	human:hg38	chr1	coord|human:hg38|chr1|19965980|19966302|-|35423	hc|1308	AluSx4	AluSx3	0.8815521339	0.7502873100192458	1	0
kmer8_single_train_medoid	interval|hg38|chr1|161167541|161167862|-|245269	human:hg38	chr1	coord|human:hg38|chr1|161167541|161167862|-|245269	hc|1309	AluSx4	AluSx3	0.7964943801	0.7502873100192458	1	0
kmer8_single_train_medoid	interval|hg38|chr13|27042509|27042830|-|1034031	human:hg38	chr13	coord|human:hg38|chr13|27042509|27042830|-|1034031	hc|1310	AluSx4	AluSx3	0.7009024214	0.7502873100192458	0	0
kmer8_single_train_medoid	interval|hg38|chr11|98190789|98191109|+|739972	human:hg38	chr11	coord|human:hg38|chr11|98190789|98191109|+|739972	hc|1312	AluSx4	AluSc	0.5910635344	0.7502873100192458	0	0
kmer8_single_train_medoid	interval|hg38|chr1|17805360|17805677|-|30741	human:hg38	chr1	coord|human:hg38|chr1|17805360|17805677|-|30741	hc|1315	AluSx4	AluSx4	0.773034703	0.7502873100192458	1	1
kmer8_single_train_medoid	interval|hg38|chr1|60560179|60560496|+|122243	human:hg38	chr1	coord|human:hg38|chr1|60560179|60560496|+|122243	hc|1316	AluSx4	AluSc	0.464047121	0.7502873100192458	0	0
kmer8_single_train_medoid	interval|hg38|chr1|233600912|233601228|+|356843	human:hg38	chr1	coord|human:hg38|chr1|233600912|233601228|+|356843	hc|1319	AluSx4	AluSx3	0.7722275157	0.7502873100192458	1	0
kmer8_single_train_medoid	interval|hg38|chr13|31273078|31273393|-|1041161	human:hg38	chr13	coord|human:hg38|chr13|31273078|31273393|-|1041161	hc|1325	AluSx4	AluSx4	0.3447536415	0.7502873100192458	0	1
kmer8_single_train_medoid	interval|hg38|chr11|79917066|79917381|-|712432	human:hg38	chr11	coord|human:hg38|chr11|79917066|79917381|-|712432	hc|1326	AluSx4	AluSx3	0.7821451189	0.7502873100192458	1	0
kmer8_single_train_medoid	interval|hg38|chr1|65152384|65152698|-|130875	human:hg38	chr1	coord|human:hg38|chr1|65152384|65152698|-|130875	hc|1327	AluSx4	AluSx3	0.8428953512	0.7502873100192458	1	0
kmer8_single_train_medoid	interval|hg38|chr11|67201488|67201802|+|687399	human:hg38	chr11	coord|human:hg38|chr11|67201488|67201802|+|687399	hc|1330	AluSx4	AluSx3	0.7887911109	0.7502873100192458	1	0
kmer8_single_train_medoid	interval|hg38|chr1|35015935|35016248|-|70123	human:hg38	chr1	coord|human:hg38|chr1|35015935|35016248|-|70123	hc|1334	AluSx4	AluSx3	0.6036317135	0.7502873100192458	0	0
kmer8_single_train_medoid	interval|hg38|chr11|46757572|46757885|-|659827	human:hg38	chr11	coord|human:hg38|chr11|46757572|46757885|-|659827	hc|1336	AluSx4	AluSc	0.451119869	0.7502873100192458	0	0
kmer8_single_train_medoid	interval|hg38|chr1|151445239|151445579|+|228937	human:hg38	chr1	coord|human:hg38|chr1|151445239|151445579|+|228937	hc|0247	AluSz	AluSz	0.6355954608	0.7502873100192458	0	1
kmer8_single_train_medoid	interval|hg38|chr1|43264328|43264664|-|87468	human:hg38	chr1	coord|human:hg38|chr1|43264328|43264664|-|87468	hc|0255	AluSz	AluSq2	0.7201442832	0.7502873100192458	0	0
kmer8_single_train_medoid	interval|hg38|chr1|39149251|39149587|+|78849	human:hg38	chr1	coord|human:hg38|chr1|39149251|39149587|+|78849	hc|0257	AluSz	AluSc	0.4231859483	0.7502873100192458	0	0
kmer8_single_train_medoid	interval|hg38|chr11|65509129|65509463|-|683570	human:hg38	chr11	coord|human:hg38|chr11|65509129|65509463|-|683570	hc|0262	AluSz	AluSx	0.6705971174	0.7502873100192458	0	0
kmer8_single_train_medoid	interval|hg38|chr1|34812663|34812995|+|69705	human:hg38	chr1	coord|human:hg38|chr1|34812663|34812995|+|69705	hc|0270	AluSz	AluSc	0.6080872823	0.7502873100192458	0	0
kmer8_single_train_medoid	interval|hg38|chr1|64920259|64920602|+|130343	human:hg38	chr1	coord|human:hg38|chr1|64920259|64920602|+|130343	hc|0548	AluSz6	AluSx1	0.1605224462	0.7502873100192458	0	0
kmer8_single_train_medoid	interval|hg38|chr1|151214341|151214680|-|228444	human:hg38	chr1	coord|human:hg38|chr1|151214341|151214680|-|228444	hc|0552	AluSz6	AluSp	0.260303235	0.7502873100192458	0	0
kmer8_single_train_medoid	interval|hg38|chr11|32925494|32925826|-|637504	human:hg38	chr11	coord|human:hg38|chr11|32925494|32925826|-|637504	hc|0563	AluSz6	AluSc	0.6254844282	0.7502873100192458	0	0
kmer8_single_train_medoid	interval|hg38|chr1|89693625|89693955|-|166470	human:hg38	chr1	coord|human:hg38|chr1|89693625|89693955|-|166470	hc|0569	AluSz6	AluSx3	0.7585794618	0.7502873100192458	1	0
kmer8_single_train_medoid	interval|hg38|chr13|44823732|44824061|-|1061640	human:hg38	chr13	coord|human:hg38|chr13|44823732|44824061|-|1061640	hc|0570	AluSz6	AluSc	0.5697873322	0.7502873100192458	0	0
kmer8_single_train_medoid	interval|hg38|chr11|48477285|48477608|-|663453	human:hg38	chr11	coord|human:hg38|chr11|48477285|48477608|-|663453	hc|0584	AluSz6	AluSc	0.2471245895	0.7502873100192458	0	0
kmer8_single_train_medoid	interval|hg38|chr11|80437386|80437733|-|713337	human:hg38	chr11	coord|human:hg38|chr11|80437386|80437733|-|713337	hc|0161	AluY	AluSc8	0.6360414016	0.7502873100192458	0	0
kmer8_single_train_medoid	interval|hg38|chr1|85101440|85101784|+|159742	human:hg38	chr1	coord|human:hg38|chr1|85101440|85101784|+|159742	hc|0163	AluY	AluSx3	0.7522186638	0.7502873100192458	1	0
kmer8_single_train_medoid	interval|hg38|chr13|41739816|41740154|-|1056818	human:hg38	chr13	coord|human:hg38|chr13|41739816|41740154|-|1056818	hc|0175	AluY	AluSx3	0.6230015737	0.7502873100192458	0	0
kmer8_single_train_medoid	interval|hg38|chr1|221434071|221434409|+|336872	human:hg38	chr1	coord|human:hg38|chr1|221434071|221434409|+|336872	hc|0178	AluY	AluSc8	0.7261590514	0.7502873100192458	0	0
kmer8_single_train_medoid	interval|hg38|chr11|121442641|121442977|-|776778	human:hg38	chr11	coord|human:hg38|chr11|121442641|121442977|-|776778	hc|0186	AluY	AluY	0.6811286287	0.7502873100192458	0	1
kmer8_single_train_medoid	interval|hg38|chr13|76437647|76437983|+|1105147	human:hg38	chr13	coord|human:hg38|chr13|76437647|76437983|+|1105147	hc|0189	AluY	AluSc	0.6343373362	0.7502873100192458	0	0
kmer8_single_train_medoid	interval|hg38|chr13|63650949|63651284|+|1088717	human:hg38	chr13	coord|human:hg38|chr13|63650949|63651284|+|1088717	hc|0191	AluY	AluSx3	0.643981332	0.7502873100192458	0	0
kmer8_single_train_medoid	interval|hg38|chr1|83117210|83117545|-|156808	human:hg38	chr1	coord|human:hg38|chr1|83117210|83117545|-|156808	hc|0193	AluY	AluSc	0.6691639576	0.7502873100192458	0	0
kmer8_single_train_medoid	interval|hg38|chr11|119609295|119609458|-|773745	human:hg38	chr11	coord|human:hg38|chr11|119609295|119609458|-|773745	hc|1140	FLAM_A	AluSc	0.4781245331	0.7502873100192458	0	0
kmer8_single_train_medoid	interval|hg38|chr13|89140328|89140478|-|1121240	human:hg38	chr13	coord|human:hg38|chr13|89140328|89140478|-|1121240	hc|1149	FLAM_A	AluSc	0.2089555112	0.7502873100192458	0	0
kmer8_single_train_medoid	interval|hg38|chr1|33296830|33296968|-|66963	human:hg38	chr1	coord|human:hg38|chr1|33296830|33296968|-|66963	hc|1161	FLAM_A	FLAM_A	0.4145313264	0.7502873100192458	0	1
kmer8_single_train_medoid	interval|hg38|chr1|118663886|118664023|+|211106	human:hg38	chr1	coord|human:hg38|chr1|118663886|118664023|+|211106	hc|1169	FLAM_A	AluJr	0.1114740803	0.7502873100192458	0	0
kmer8_single_train_medoid	interval|hg38|chr11|65137695|65137877|-|682748	human:hg38	chr11	coord|human:hg38|chr11|65137695|65137877|-|682748	hc|0946	FLAM_C	AluSp	0.200929517	0.7502873100192458	0	0
kmer8_single_train_medoid	interval|hg38|chr11|90131115|90131294|+|728506	human:hg38	chr11	coord|human:hg38|chr11|90131115|90131294|+|728506	hc|0947	FLAM_C	AluJo	0.1205018811	0.7502873100192458	0	0
kmer8_single_train_medoid	interval|hg38|chr1|232646991|232647163|+|355335	human:hg38	chr1	coord|human:hg38|chr1|232646991|232647163|+|355335	hc|0956	FLAM_C	AluSx1	0.1836981835	0.7502873100192458	0	0
kmer8_single_train_medoid	interval|hg38|chr1|121277375|121277546|-|214919	human:hg38	chr1	coord|human:hg38|chr1|121277375|121277546|-|214919	hc|0958	FLAM_C	AluSc	0.2764271335	0.7502873100192458	0	0
kmer8_single_train_medoid	interval|hg38|chr1|206295864|206296035|-|313952	human:hg38	chr1	coord|human:hg38|chr1|206295864|206296035|-|313952	hc|0958	FLAM_C	AluSc	0.2764271335	0.7502873100192458	0	0
kmer8_single_train_medoid	interval|hg38|chr11|14744991|14745155|-|609450	human:hg38	chr11	coord|human:hg38|chr11|14744991|14745155|-|609450	hc|0968	FLAM_C	AluSp	0.1338084187	0.7502873100192458	0	0
kmer8_single_train_medoid	interval|hg38|chr13|27506531|27506693|-|1034939	human:hg38	chr13	coord|human:hg38|chr13|27506531|27506693|-|1034939	hc|0973	FLAM_C	AluSx4	0.3647809267	0.7502873100192458	0	0
kmer8_single_train_medoid	interval|hg38|chr1|106701999|106703583|+|191553	human:hg38	chr1	coord|human:hg38|chr1|106701999|106703583|+|191553	hc|0788	L2	L2	0.0741823297	0.7502873100192458	0	1
kmer8_single_train_medoid	interval|hg38|chr13|65927645|65928885|-|1091485	human:hg38	chr13	coord|human:hg38|chr13|65927645|65928885|-|1091485	hc|0799	L2	L2	0.0677240221	0.7502873100192458	0	1
kmer8_single_train_medoid	interval|hg38|chr1|164180320|164181378|-|250014	human:hg38	chr1	coord|human:hg38|chr1|164180320|164181378|-|250014	hc|0810	L2	L2	0.0570527994	0.7502873100192458	0	1
kmer8_single_train_medoid	interval|hg38|chr11|41892290|41893249|+|651076	human:hg38	chr11	coord|human:hg38|chr11|41892290|41893249|+|651076	hc|0817	L2	L2	0.0715072812	0.7502873100192458	0	1
kmer8_single_train_medoid	interval|hg38|chr1|192762415|192763343|+|292952	human:hg38	chr1	coord|human:hg38|chr1|192762415|192763343|+|292952	hc|0821	L2	L2	0.0596701863	0.7502873100192458	0	1
kmer8_single_train_medoid	interval|hg38|chr1|92907989|92908900|-|171958	human:hg38	chr1	coord|human:hg38|chr1|92907989|92908900|-|171958	hc|0824	L2	L2	0.0671048576	0.7502873100192458	0	1
kmer8_single_train_medoid	interval|hg38|chr1|175559963|175561216|-|267617	human:hg38	chr1	coord|human:hg38|chr1|175559963|175561216|-|267617	hc|0865	L3	L3	0.0442809071	0.7502873100192458	0	1
kmer8_single_train_medoid	interval|hg38|chr1|115376060|115377031|+|205871	human:hg38	chr1	coord|human:hg38|chr1|115376060|115377031|+|205871	hc|0866	L3	L3	0.0483179085	0.7502873100192458	0	1
kmer8_single_train_medoid	interval|hg38|chr13|94943214|94944182|+|1128855	human:hg38	chr13	coord|human:hg38|chr13|94943214|94944182|+|1128855	hc|0867	L3	L3	0.0328459604	0.7502873100192458	0	1
kmer8_single_train_medoid	interval|hg38|chr1|221560476|221561234|+|337077	human:hg38	chr1	coord|human:hg38|chr1|221560476|221561234|+|337077	hc|0877	L3	AluSc	0.0467887263	0.7502873100192458	0	0
kmer8_single_train_medoid	interval|hg38|chr1|60068299|60068986|-|121401	human:hg38	chr1	coord|human:hg38|chr1|60068299|60068986|-|121401	hc|0882	L3	AluSc	0.0704600517	0.7502873100192458	0	0
kmer8_single_train_medoid	interval|hg38|chr1|185491905|185492543|-|283713	human:hg38	chr1	coord|human:hg38|chr1|185491905|185492543|-|283713	hc|0890	L3	L3	0.0489061813	0.7502873100192458	0	1
kmer8_single_train_medoid	interval|hg38|chr13|32448237|32448846|+|1042915	human:hg38	chr13	coord|human:hg38|chr13|32448237|32448846|+|1042915	hc|0897	L3	AluSg	0.0580245366	0.7502873100192458	0	0
kmer8_single_train_medoid	interval|hg38|chr13|26132818|26133008|-|1032488	human:hg38	chr13	coord|human:hg38|chr13|26132818|26133008|-|1032488	hc|1025	MER5A	MER5A	0.0989025918	0.7502873100192458	0	1
kmer8_single_train_medoid	interval|hg38|chr1|116173109|116173298|-|207142	human:hg38	chr1	coord|human:hg38|chr1|116173109|116173298|-|207142	hc|1034	MER5A	MER5A	0.0606062906	0.7502873100192458	0	1
kmer8_single_train_medoid	interval|hg38|chr13|109330217|109330406|+|1149011	human:hg38	chr13	coord|human:hg38|chr13|109330217|109330406|+|1149011	hc|1039	MER5A	MER5A	0.1212125812	0.7502873100192458	0	1
kmer8_single_train_medoid	interval|hg38|chr11|37688484|37688673|+|645340	human:hg38	chr11	coord|human:hg38|chr11|37688484|37688673|+|645340	hc|1043	MER5A	MER5A	0.0593166475	0.7502873100192458	0	1
kmer8_single_train_medoid	interval|hg38|chr11|87960158|87960346|-|725499	human:hg38	chr11	coord|human:hg38|chr11|87960158|87960346|-|725499	hc|1052	MER5A	MER5A	0.0276243094	0.7502873100192458	0	1
kmer8_single_train_medoid	interval|hg38|chr11|79244051|79244239|-|711160	human:hg38	chr11	coord|human:hg38|chr11|79244051|79244239|-|711160	hc|1059	MER5A	MIR3	0.0213461639	0.7502873100192458	0	0
kmer8_single_train_medoid	interval|hg38|chr11|17682878|17683214|-|614237	human:hg38	chr11	coord|human:hg38|chr11|17682878|17683214|-|614237	hc|0120	MIR	MIR	0.0375976652	0.7502873100192458	0	1
kmer8_single_train_medoid	interval|hg38|chr1|205488833|205489105|+|312550	human:hg38	chr1	coord|human:hg38|chr1|205488833|205489105|+|312550	hc|0124	MIR	MIR	0.061210649	0.7502873100192458	0	1
kmer8_single_train_medoid	interval|hg38|chr13|60851003|60851268|-|1085231	human:hg38	chr13	coord|human:hg38|chr13|60851003|60851268|-|1085231	hc|0130	MIR	MIR	0.0507827998	0.7502873100192458	0	1
kmer8_single_train_medoid	interval|hg38|chr1|204487958|204488223|-|310684	human:hg38	chr1	coord|human:hg38|chr1|204487958|204488223|-|310684	hc|0131	MIR	MIR3	0.0491679348	0.7502873100192458	0	0
kmer8_single_train_medoid	interval|hg38|chr1|178263260|178263524|-|271633	human:hg38	chr1	coord|human:hg38|chr1|178263260|178263524|-|271633	hc|0135	MIR	AluSc	0.0455852538	0.7502873100192458	0	0
kmer8_single_train_medoid	interval|hg38|chr1|201087144|201087407|-|304438	human:hg38	chr1	coord|human:hg38|chr1|201087144|201087407|-|304438	hc|0138	MIR	MIR	0.0390636921	0.7502873100192458	0	1
kmer8_single_train_medoid	interval|hg38|chr1|195834144|195834407|+|297028	human:hg38	chr1	coord|human:hg38|chr1|195834144|195834407|+|297028	hc|0141	MIR	MIR	0.0190928721	0.7502873100192458	0	1
kmer8_single_train_medoid	interval|hg38|chr11|120146407|120146670|-|774610	human:hg38	chr11	coord|human:hg38|chr11|120146407|120146670|-|774610	hc|0142	MIR	MIR	0.0507827998	0.7502873100192458	0	1
kmer8_single_train_medoid	interval|hg38|chr1|115260156|115260418|+|205716	human:hg38	chr1	coord|human:hg38|chr1|115260156|115260418|+|205716	hc|0145	MIR	MIR	0.0547954649	0.7502873100192458	0	1
kmer8_single_train_medoid	interval|hg38|chr1|157997127|157997389|+|240588	human:hg38	chr1	coord|human:hg38|chr1|157997127|157997389|+|240588	hc|0146	MIR	MIR	0.023575684	0.7502873100192458	0	1
kmer8_single_train_medoid	interval|hg38|chr13|39790122|39790383|+|1053620	human:hg38	chr13	coord|human:hg38|chr13|39790122|39790383|+|1053620	hc|0154	MIR	MIRb	0.0270288403	0.7502873100192458	0	0
kmer8_single_train_medoid	interval|hg38|chr1|10787039|10787260|-|16483	human:hg38	chr1	coord|human:hg38|chr1|10787039|10787260|-|16483	hc|0507	MIR3	MIR3	0.0588943312	0.7502873100192458	0	1
kmer8_single_train_medoid	interval|hg38|chr11|72088660|72088881|+|695954	human:hg38	chr11	coord|human:hg38|chr11|72088660|72088881|+|695954	hc|0509	MIR3	MIRb	0.0256344723	0.7502873100192458	0	0
kmer8_single_train_medoid	interval|hg38|chr11|92345709|92345926|+|731517	human:hg38	chr11	coord|human:hg38|chr11|92345709|92345926|+|731517	hc|0511	MIR3	MIR	0.0432985641	0.7502873100192458	0	0
kmer8_single_train_medoid	interval|hg38|chr1|156965347|156965560|+|239002	human:hg38	chr1	coord|human:hg38|chr1|156965347|156965560|+|239002	hc|0514	MIR3	MIRb	0.030335167	0.7502873100192458	0	0
kmer8_single_train_medoid	interval|hg38|chr13|40350403|40350604|+|1054403	human:hg38	chr13	coord|human:hg38|chr13|40350403|40350604|+|1054403	hc|0538	MIR3	L2	0.0171575812	0.7502873100192458	0	0
kmer8_single_train_medoid	interval|hg38|chr11|40320570|40320771|+|648820	human:hg38	chr11	coord|human:hg38|chr11|40320570|40320771|+|648820	hc|0539	MIR3	AluJr4	0.0304842101	0.7502873100192458	0	0
kmer8_single_train_medoid	interval|hg38|chr11|26633262|26633462|-|627690	human:hg38	chr11	coord|human:hg38|chr11|26633262|26633462|-|627690	hc|0541	MIR3	THE1B	0.025773119	0.7502873100192458	0	0
kmer8_single_train_medoid	interval|hg38|chr11|130436464|130436664|-|790637	human:hg38	chr11	coord|human:hg38|chr11|130436464|130436664|-|790637	hc|0542	MIR3	MIR	0.0224665217	0.7502873100192458	0	0
kmer8_single_train_medoid	interval|hg38|chr1|56039075|56039274|+|113524	human:hg38	chr1	coord|human:hg38|chr1|56039075|56039274|+|113524	hc|0543	MIR3	AluJr4	0.034472892	0.7502873100192458	0	0
kmer8_single_train_medoid	interval|hg38|chr1|57401601|57401800|-|116197	human:hg38	chr1	coord|human:hg38|chr1|57401601|57401800|-|116197	hc|0546	MIR3	MIRb	0.0225527449	0.7502873100192458	0	0
kmer8_single_train_medoid	interval|hg38|chr1|17595764|17596060|-|30300	human:hg38	chr1	coord|human:hg38|chr1|17595764|17596060|-|30300	hc|0001	MIRb	MIRb	0.0330882353	0.7502873100192458	0	1
kmer8_single_train_medoid	interval|hg38|chr1|118110852|118111117|+|210369	human:hg38	chr1	coord|human:hg38|chr1|118110852|118111117|+|210369	hc|0004	MIRb	MIRb	0.0350197204	0.7502873100192458	0	1
kmer8_single_train_medoid	interval|hg38|chr1|177770561|177770824|+|270820	human:hg38	chr1	coord|human:hg38|chr1|177770561|177770824|+|270820	hc|0006	MIRb	AluSc	0.0356623376	0.7502873100192458	0	0
kmer8_single_train_medoid	interval|hg38|chr1|30049395|30049656|+|59400	human:hg38	chr1	coord|human:hg38|chr1|30049395|30049656|+|59400	hc|0013	MIRb	MIR	0.0195318461	0.7502873100192458	0	0
kmer8_single_train_medoid	interval|hg38|chr1|49173199|49173460|-|99040	human:hg38	chr1	coord|human:hg38|chr1|49173199|49173460|-|99040	hc|0014	MIRb	MIRc	0.0433993434	0.7502873100192458	0	0
kmer8_single_train_medoid	interval|hg38|chr1|215812855|215813114|+|328988	human:hg38	chr1	coord|human:hg38|chr1|215812855|215813114|+|328988	hc|0023	MIRb	MIR3	0.0180908451	0.7502873100192458	0	0
kmer8_single_train_medoid	interval|hg38|chr1|48485253|48485511|-|97699	human:hg38	chr1	coord|human:hg38|chr1|48485253|48485511|-|97699	hc|0030	MIRb	MIRb	0.070728144	0.7502873100192458	0	1
kmer8_single_train_medoid	interval|hg38|chr1|15146959|15147216|+|25032	human:hg38	chr1	coord|human:hg38|chr1|15146959|15147216|+|25032	hc|0039	MIRb	MIRb	0.0197642354	0.7502873100192458	0	1
kmer8_single_train_medoid	interval|hg38|chr1|18409434|18409690|+|32027	human:hg38	chr1	coord|human:hg38|chr1|18409434|18409690|+|32027	hc|0365	MIRc	L2	0.0165268221	0.7502873100192458	0	0
kmer8_single_train_medoid	interval|hg38|chr1|154518952|154519205|+|234180	human:hg38	chr1	coord|human:hg38|chr1|154518952|154519205|+|234180	hc|0375	MIRc	FLAM_C	0.0640142424	0.7502873100192458	0	0
kmer8_single_train_medoid	interval|hg38|chr11|86787791|86788042|-|723650	human:hg38	chr11	coord|human:hg38|chr11|86787791|86788042|-|723650	hc|0388	MIRc	MER5A	0.0237922658	0.7502873100192458	0	0
kmer8_single_train_medoid	interval|hg38|chr11|109649300|109649551|+|756882	human:hg38	chr11	coord|human:hg38|chr11|109649300|109649551|+|756882	hc|0389	MIRc	AluSz6	0.0762228908	0.7502873100192458	0	0
kmer8_single_train_medoid	interval|hg38|chr13|93594630|93595001|-|1126968	human:hg38	chr13	coord|human:hg38|chr13|93594630|93595001|-|1126968	hc|1180	MLT1A0	MLT1A0	0.0518441104	0.7502873100192458	0	1
kmer8_single_train_medoid	interval|hg38|chr11|80422277|80422648|-|713307	human:hg38	chr11	coord|human:hg38|chr11|80422277|80422648|-|713307	hc|1182	MLT1A0	FLAM_A	0.1499563059	0.7502873100192458	0	0
kmer8_single_train_medoid	interval|hg38|chr11|103361120|103361490|+|747247	human:hg38	chr11	coord|human:hg38|chr11|103361120|103361490|+|747247	hc|1186	MLT1A0	MLT1A0	0.0798898072	0.7502873100192458	0	1
kmer8_single_train_medoid	interval|hg38|chr1|230776034|230776402|-|352429	human:hg38	chr1	coord|human:hg38|chr1|230776034|230776402|-|352429	hc|1195	MLT1A0	MLT1A0	0.1298347495	0.7502873100192458	0	1
kmer8_single_train_medoid	interval|hg38|chr13|93104826|93105194|+|1126379	human:hg38	chr13	coord|human:hg38|chr13|93104826|93105194|+|1126379	hc|1197	MLT1A0	MLT1A0	0.142857682	0.7502873100192458	0	1
kmer8_single_train_medoid	interval|hg38|chr11|11511587|11511955|+|604100	human:hg38	chr11	coord|human:hg38|chr11|11511587|11511955|+|604100	hc|1204	MLT1A0	MLT1A0	0.0606060606	0.7502873100192458	0	1
kmer8_single_train_medoid	interval|hg38|chr1|216537061|216537429|+|329857	human:hg38	chr1	coord|human:hg38|chr1|216537061|216537429|+|329857	hc|1205	MLT1A0	MLT1A0	0.129476584	0.7502873100192458	0	1
kmer8_single_train_medoid	interval|hg38|chr1|233552614|233552982|+|356749	human:hg38	chr1	coord|human:hg38|chr1|233552614|233552982|+|356749	hc|1206	MLT1A0	MLT1A0	0.0911605688	0.7502873100192458	0	1
kmer8_single_train_medoid	interval|hg38|chr13|74861844|74862212|+|1102905	human:hg38	chr13	coord|human:hg38|chr13|74861844|74862212|+|1102905	hc|1209	MLT1A0	MLT1A0	0.1126377877	0.7502873100192458	0	1
kmer8_single_train_medoid	interval|hg38|chr1|39271118|39271551|-|79084	human:hg38	chr1	coord|human:hg38|chr1|39271118|39271551|-|79084	hc|1103	MSTA	MSTA	0.2119905708	0.7502873100192458	0	1
kmer8_single_train_medoid	interval|hg38|chr1|158504271|158504703|-|241301	human:hg38	chr1	coord|human:hg38|chr1|158504271|158504703|-|241301	hc|1104	MSTA	MSTA	0.1702638091	0.7502873100192458	0	1
kmer8_single_train_medoid	interval|hg38|chr1|70425502|70425933|-|139372	human:hg38	chr1	coord|human:hg38|chr1|70425502|70425933|-|139372	hc|1107	MSTA	MSTA	0.2459828613	0.7502873100192458	0	1
kmer8_single_train_medoid	interval|hg38|chr11|27261709|27262139|-|628626	human:hg38	chr11	coord|human:hg38|chr11|27261709|27262139|-|628626	hc|1110	MSTA	MSTA	0.1845543498	0.7502873100192458	0	1
kmer8_single_train_medoid	interval|hg38|chr1|6855251|6855679|-|8968	human:hg38	chr1	coord|human:hg38|chr1|6855251|6855679|-|8968	hc|1116	MSTA	MSTA	0.2969946356	0.7502873100192458	0	1
kmer8_single_train_medoid	interval|hg38|chr1|165081178|165081604|-|251271	human:hg38	chr1	coord|human:hg38|chr1|165081178|165081604|-|251271	hc|1125	MSTA	MSTA	0.1979350754	0.7502873100192458	0	1
kmer8_single_train_medoid	interval|hg38|chr1|16778473|16778899|-|28488	human:hg38	chr1	coord|human:hg38|chr1|16778473|16778899|-|28488	hc|1127	MSTA	MSTA	0.2962161322	0.7502873100192458	0	1
kmer8_single_train_medoid	interval|hg38|chr1|234803657|234804083|+|358716	human:hg38	chr1	coord|human:hg38|chr1|234803657|234804083|+|358716	hc|1127	MSTA	MSTA	0.3008086304	0.7502873100192458	0	1
kmer8_single_train_medoid	interval|hg38|chr1|72838319|72838745|+|142592	human:hg38	chr1	coord|human:hg38|chr1|72838319|72838745|+|142592	hc|1130	MSTA	MSTA	0.2225049683	0.7502873100192458	0	1
kmer8_single_train_medoid	interval|hg38|chr1|227426183|227426609|-|347368	human:hg38	chr1	coord|human:hg38|chr1|227426183|227426609|-|347368	hc|1133	MSTA	MSTA	0.2273286596	0.7502873100192458	0	1
kmer8_single_train_medoid	interval|hg38|chr13|110764425|110764851|+|1150752	human:hg38	chr13	coord|human:hg38|chr13|110764425|110764851|+|1150752	hc|1134	MSTA	MSTA	0.1937820673	0.7502873100192458	0	1
kmer8_single_train_medoid	interval|hg38|chr1|231876067|231876493|+|354328	human:hg38	chr1	coord|human:hg38|chr1|231876067|231876493|+|354328	hc|1138	MSTA	MSTA	0.1956335048	0.7502873100192458	0	1
kmer8_single_train_medoid	interval|hg38|chr1|223046494|223046863|-|339402	human:hg38	chr1	coord|human:hg38|chr1|223046494|223046863|-|339402	hc|1385	THE1B	THE1B	0.293877823	0.7502873100192458	0	1
kmer8_single_train_medoid	interval|hg38|chr1|49187824|49188193|+|99070	human:hg38	chr1	coord|human:hg38|chr1|49187824|49188193|+|99070	hc|1387	THE1B	THE1B	0.3119041314	0.7502873100192458	0	1
kmer8_single_train_medoid	interval|hg38|chr1|235008729|235009098|-|359088	human:hg38	chr1	coord|human:hg38|chr1|235008729|235009098|-|359088	hc|1393	THE1B	THE1B	0.2476192768	0.7502873100192458	0	1
kmer8_single_train_medoid	interval|hg38|chr13|55835770|55836139|+|1078771	human:hg38	chr13	coord|human:hg38|chr13|55835770|55836139|+|1078771	hc|1396	THE1B	THE1B	0.2524064856	0.7502873100192458	0	1
kmer8_single_train_medoid	interval|hg38|chr13|65203411|65203780|+|1090603	human:hg38	chr13	coord|human:hg38|chr13|65203411|65203780|+|1090603	hc|1398	THE1B	THE1B	0.322933476	0.7502873100192458	0	1
kmer8_single_train_medoid	interval|hg38|chr13|103267225|103267594|+|1141746	human:hg38	chr13	coord|human:hg38|chr13|103267225|103267594|+|1141746	hc|1399	THE1B	THE1B	0.3775681591	0.7502873100192458	0	1
kmer8_single_train_medoid	interval|hg38|chr1|78120524|78120892|-|150333	human:hg38	chr1	coord|human:hg38|chr1|78120524|78120892|-|150333	hc|1402	THE1B	THE1B	0.3661215852	0.7502873100192458	0	1
kmer8_single_train_medoid	interval|hg38|chr13|32104654|32105022|+|1042390	human:hg38	chr13	coord|human:hg38|chr13|32104654|32105022|+|1042390	hc|1409	THE1B	THE1B	0.2814218155	0.7502873100192458	0	1
kmer8_k4_natural_prototypes	interval|hg38|chr13|61060225|61060586|-|1085518	human:hg38	chr13	coord|human:hg38|chr13|61060225|61060586|-|1085518	hc|0198	AluJb	AluSq2	0.5596602637	0.8044108015493928	0	0
kmer8_k4_natural_prototypes	interval|hg38|chr1|13746501|13746853|-|22298	human:hg38	chr1	coord|human:hg38|chr1|13746501|13746853|-|22298	hc|0200	AluJb	AluSx1	0.6148269597	0.8044108015493928	0	0
kmer8_k4_natural_prototypes	interval|hg38|chr1|204583666|204584007|+|310906	human:hg38	chr1	coord|human:hg38|chr1|204583666|204584007|+|310906	hc|0201	AluJb	AluSp	0.2629788522	0.8044108015493928	0	0
kmer8_k4_natural_prototypes	interval|hg38|chr11|111559418|111559757|-|759912	human:hg38	chr11	coord|human:hg38|chr11|111559418|111559757|-|759912	hc|0206	AluJb	AluSq2	0.555863915	0.8044108015493928	0	0
kmer8_k4_natural_prototypes	interval|hg38|chr13|104776246|104776583|-|1143493	human:hg38	chr13	coord|human:hg38|chr13|104776246|104776583|-|1143493	hc|0209	AluJb	AluSp	0.441660464	0.8044108015493928	0	0
kmer8_k4_natural_prototypes	interval|hg38|chr11|9471897|9472228|-|600438	human:hg38	chr11	coord|human:hg38|chr11|9471897|9472228|-|600438	hc|0217	AluJb	AluSc	0.5410971361	0.8044108015493928	0	0
kmer8_k4_natural_prototypes	interval|hg38|chr1|28499446|28499775|-|55882	human:hg38	chr1	coord|human:hg38|chr1|28499446|28499775|-|55882	hc|0223	AluJb	AluSc	0.4966969681	0.8044108015493928	0	0
kmer8_k4_natural_prototypes	interval|hg38|chr1|10190176|10190505|-|15467	human:hg38	chr1	coord|human:hg38|chr1|10190176|10190505|-|15467	hc|0224	AluJb	AluSq	0.5481421719	0.8044108015493928	0	0
kmer8_k4_natural_prototypes	interval|hg38|chr13|66512789|66513117|-|1092167	human:hg38	chr13	coord|human:hg38|chr13|66512789|66513117|-|1092167	hc|0228	AluJb	AluSc	0.4419516191	0.8044108015493928	0	0
kmer8_k4_natural_prototypes	interval|hg38|chr1|12681220|12681548|-|20481	human:hg38	chr1	coord|human:hg38|chr1|12681220|12681548|-|20481	hc|0229	AluJb	AluSx1	0.684404304	0.8044108015493928	0	0
kmer8_k4_natural_prototypes	interval|hg38|chr1|28994633|28994959|-|57285	human:hg38	chr1	coord|human:hg38|chr1|28994633|28994959|-|57285	hc|0234	AluJb	AluSx1	0.6241747473	0.8044108015493928	0	0
kmer8_k4_natural_prototypes	interval|hg38|chr1|21917149|21917494|+|39669	human:hg38	chr1	coord|human:hg38|chr1|21917149|21917494|+|39669	hc|0429	AluJo	AluSx1	0.6401655926	0.8044108015493928	0	0
kmer8_k4_natural_prototypes	interval|hg38|chr11|83108441|83108783|-|717560	human:hg38	chr11	coord|human:hg38|chr11|83108441|83108783|-|717560	hc|0432	AluJo	AluJr	0.5260669275	0.8044108015493928	0	0
kmer8_k4_natural_prototypes	interval|hg38|chr11|20525408|20525749|-|619259	human:hg38	chr11	coord|human:hg38|chr11|20525408|20525749|-|619259	hc|0433	AluJo	AluSc	0.6711680954	0.8044108015493928	0	0
kmer8_k4_natural_prototypes	interval|hg38|chr1|229536218|229536553|+|350406	human:hg38	chr1	coord|human:hg38|chr1|229536218|229536553|+|350406	hc|0435	AluJo	AluSz6	0.324787721	0.8044108015493928	0	0
kmer8_k4_natural_prototypes	interval|hg38|chr1|58180260|58180594|-|117763	human:hg38	chr1	coord|human:hg38|chr1|58180260|58180594|-|117763	hc|0437	AluJo	AluSx1	0.7560427822	0.8044108015493928	0	0
kmer8_k4_natural_prototypes	interval|hg38|chr13|110538323|110538656|+|1150355	human:hg38	chr13	coord|human:hg38|chr13|110538323|110538656|+|1150355	hc|0438	AluJo	AluSc	0.6745297889	0.8044108015493928	0	0
kmer8_k4_natural_prototypes	interval|hg38|chr1|35051946|35052277|-|70225	human:hg38	chr1	coord|human:hg38|chr1|35051946|35052277|-|70225	hc|0440	AluJo	AluSq	0.3736695899	0.8044108015493928	0	0
kmer8_k4_natural_prototypes	interval|hg38|chr11|82793727|82794055|+|716968	human:hg38	chr11	coord|human:hg38|chr11|82793727|82794055|+|716968	hc|0445	AluJo	AluSc	0.5029196437	0.8044108015493928	0	0
kmer8_k4_natural_prototypes	interval|hg38|chr1|28378927|28379254|-|55570	human:hg38	chr1	coord|human:hg38|chr1|28378927|28379254|-|55570	hc|0447	AluJo	AluY	0.314325089	0.8044108015493928	0	0
kmer8_k4_natural_prototypes	interval|hg38|chr13|35496352|35496677|+|1047554	human:hg38	chr13	coord|human:hg38|chr13|35496352|35496677|+|1047554	hc|0449	AluJo	FLAM_A	0.574046537	0.8044108015493928	0	0
kmer8_k4_natural_prototypes	interval|hg38|chr13|98628141|98628463|-|1134788	human:hg38	chr13	coord|human:hg38|chr13|98628141|98628463|-|1134788	hc|0451	AluJo	AluSz	0.3895549108	0.8044108015493928	0	0
kmer8_k4_natural_prototypes	interval|hg38|chr13|28115945|28116263|-|1036072	human:hg38	chr13	coord|human:hg38|chr13|28115945|28116263|-|1036072	hc|0457	AluJo	AluSx1	0.7627764869	0.8044108015493928	0	0
kmer8_k4_natural_prototypes	interval|hg38|chr13|52875454|52875772|-|1074969	human:hg38	chr13	coord|human:hg38|chr13|52875454|52875772|-|1074969	hc|0460	AluJo	FLAM_C	0.5611448058	0.8044108015493928	0	0
kmer8_k4_natural_prototypes	interval|hg38|chr11|18226148|18226465|+|615198	human:hg38	chr11	coord|human:hg38|chr11|18226148|18226465|+|615198	hc|0466	AluJo	AluJb	0.2526372813	0.8044108015493928	0	0
kmer8_k4_natural_prototypes	interval|hg38|chr11|33549721|33550061|+|638718	human:hg38	chr11	coord|human:hg38|chr11|33549721|33550061|+|638718	hc|0392	AluJr	AluJo	0.3457757851	0.8044108015493928	0	0
kmer8_k4_natural_prototypes	interval|hg38|chr1|212648304|212648644|-|324291	human:hg38	chr1	coord|human:hg38|chr1|212648304|212648644|-|324291	hc|0393	AluJr	AluY	0.4025828271	0.8044108015493928	0	0
kmer8_k4_natural_prototypes	interval|hg38|chr13|98692136|98692458|-|1134927	human:hg38	chr13	coord|human:hg38|chr13|98692136|98692458|-|1134927	hc|0407	AluJr	AluSx1	0.8286336487	0.8044108015493928	1	0
kmer8_k4_natural_prototypes	interval|hg38|chr1|99955784|99956103|-|182545	human:hg38	chr1	coord|human:hg38|chr1|99955784|99956103|-|182545	hc|0411	AluJr	AluJo	0.4557965574	0.8044108015493928	0	0
kmer8_k4_natural_prototypes	interval|hg38|chr1|173119364|173119679|-|263675	human:hg38	chr1	coord|human:hg38|chr1|173119364|173119679|-|263675	hc|1080	AluJr4	AluSz	0.229238351	0.8044108015493928	0	0
kmer8_k4_natural_prototypes	interval|hg38|chr1|173888414|173888729|-|264940	human:hg38	chr1	coord|human:hg38|chr1|173888414|173888729|-|264940	hc|1083	AluJr4	AluJb	0.1854955583	0.8044108015493928	0	0
kmer8_k4_natural_prototypes	interval|hg38|chr1|24968046|24968360|-|47067	human:hg38	chr1	coord|human:hg38|chr1|24968046|24968360|-|47067	hc|1086	AluJr4	AluJr	0.6178206351	0.8044108015493928	0	0
kmer8_k4_natural_prototypes	interval|hg38|chr11|108636204|108636518|+|755370	human:hg38	chr11	coord|human:hg38|chr11|108636204|108636518|+|755370	hc|1090	AluJr4	AluSx1	0.2841881962	0.8044108015493928	0	0
kmer8_k4_natural_prototypes	interval|hg38|chr1|217611897|217612210|+|331186	human:hg38	chr1	coord|human:hg38|chr1|217611897|217612210|+|331186	hc|1093	AluJr4	AluSc	0.2507751957	0.8044108015493928	0	0
kmer8_k4_natural_prototypes	interval|hg38|chr1|94969079|94969392|-|175426	human:hg38	chr1	coord|human:hg38|chr1|94969079|94969392|-|175426	hc|1098	AluJr4	AluJr4	0.2253000307	0.8044108015493928	0	1
kmer8_k4_natural_prototypes	interval|hg38|chr1|171453717|171454030|-|261220	human:hg38	chr1	coord|human:hg38|chr1|171453717|171454030|-|261220	hc|1099	AluJr4	AluSp	0.4179467999	0.8044108015493928	0	0
kmer8_k4_natural_prototypes	interval|hg38|chr1|143696235|143696567|-|216021	human:hg38	chr1	coord|human:hg38|chr1|143696235|143696567|-|216021	hc|0676	AluSc	AluSc	0.6356394206	0.8044108015493928	0	1
kmer8_k4_natural_prototypes	interval|hg38|chr11|130039964|130040291|+|789901	human:hg38	chr11	coord|human:hg38|chr11|130039964|130040291|+|789901	hc|0689	AluSc	AluSq	0.6453660847	0.8044108015493928	0	0
kmer8_k4_natural_prototypes	interval|hg38|chr13|64285385|64285710|-|1089450	human:hg38	chr13	coord|human:hg38|chr13|64285385|64285710|-|1089450	hc|0692	AluSc	AluSc	0.7619162131	0.8044108015493928	0	1
kmer8_k4_natural_prototypes	interval|hg38|chr1|108915400|108915724|-|194778	human:hg38	chr1	coord|human:hg38|chr1|108915400|108915724|-|194778	hc|0694	AluSc	AluY	0.4062377024	0.8044108015493928	0	0
kmer8_k4_natural_prototypes	interval|hg38|chr13|77939715|77940039|+|1107294	human:hg38	chr13	coord|human:hg38|chr13|77939715|77940039|+|1107294	hc|0696	AluSc	AluSc	0.6016362521	0.8044108015493928	0	1
kmer8_k4_natural_prototypes	interval|hg38|chr11|73035696|73036018|-|697828	human:hg38	chr11	coord|human:hg38|chr11|73035696|73036018|-|697828	hc|0704	AluSc	AluSx1	0.6946651455	0.8044108015493928	0	0
kmer8_k4_natural_prototypes	interval|hg38|chr1|183643262|183643590|-|280733	human:hg38	chr1	coord|human:hg38|chr1|183643262|183643590|-|280733	hc|0832	AluSc8	AluY	0.7536659084	0.8044108015493928	0	0
kmer8_k4_natural_prototypes	interval|hg38|chr1|155585241|155585568|+|236340	human:hg38	chr1	coord|human:hg38|chr1|155585241|155585568|+|236340	hc|0833	AluSc8	AluY	0.6528279309	0.8044108015493928	0	0
kmer8_k4_natural_prototypes	interval|hg38|chr13|103483393|103483717|-|1142024	human:hg38	chr13	coord|human:hg38|chr13|103483393|103483717|-|1142024	hc|0841	AluSc8	AluY	0.716596171	0.8044108015493928	0	0
kmer8_k4_natural_prototypes	interval|hg38|chr1|20584097|20584414|+|36774	human:hg38	chr1	coord|human:hg38|chr1|20584097|20584414|+|36774	hc|0859	AluSc8	AluSx3	0.610408193	0.8044108015493928	0	0
kmer8_k4_natural_prototypes	interval|hg38|chr1|85945002|85945318|-|161108	human:hg38	chr1	coord|human:hg38|chr1|85945002|85945318|-|161108	hc|0864	AluSc8	AluSx1	0.84680313	0.8044108015493928	1	0
kmer8_k4_natural_prototypes	interval|hg38|chr1|227737992|227738333|-|347749	human:hg38	chr1	coord|human:hg38|chr1|227737992|227738333|-|347749	hc|0629	AluSg	AluSx3	0.433707638	0.8044108015493928	0	0
kmer8_k4_natural_prototypes	interval|hg38|chr1|69853245|69853576|-|138517	human:hg38	chr1	coord|human:hg38|chr1|69853245|69853576|-|138517	hc|0638	AluSg	AluSx3	0.7848959597	0.8044108015493928	0	0
kmer8_k4_natural_prototypes	interval|hg38|chr1|206818780|206819109|-|314788	human:hg38	chr1	coord|human:hg38|chr1|206818780|206819109|-|314788	hc|0642	AluSg	AluSq2	0.587136564	0.8044108015493928	0	0
kmer8_k4_natural_prototypes	interval|hg38|chr1|6529309|6529637|+|8260	human:hg38	chr1	coord|human:hg38|chr1|6529309|6529637|+|8260	hc|0644	AluSg	AluSq2	0.4404245318	0.8044108015493928	0	0
kmer8_k4_natural_prototypes	interval|hg38|chr1|151643264|151643592|-|229379	human:hg38	chr1	coord|human:hg38|chr1|151643264|151643592|-|229379	hc|0646	AluSg	AluSq	0.7198329382	0.8044108015493928	0	0
kmer8_k4_natural_prototypes	interval|hg38|chr1|200552915|200553235|-|303482	human:hg38	chr1	coord|human:hg38|chr1|200552915|200553235|-|303482	hc|0663	AluSg	AluSx1	0.7247852332	0.8044108015493928	0	0
kmer8_k4_natural_prototypes	interval|hg38|chr1|236972669|236972989|+|362967	human:hg38	chr1	coord|human:hg38|chr1|236972669|236972989|+|362967	hc|0664	AluSg	AluSq	0.6523997949	0.8044108015493928	0	0
kmer8_k4_natural_prototypes	interval|hg38|chr11|4663071|4663414|+|593281	human:hg38	chr11	coord|human:hg38|chr11|4663071|4663414|+|593281	hc|0468	AluSp	AluSp	0.4586992464	0.8044108015493928	0	1
kmer8_k4_natural_prototypes	interval|hg38|chr13|33872451|33872793|+|1045239	human:hg38	chr13	coord|human:hg38|chr13|33872451|33872793|+|1045239	hc|0469	AluSp	AluSp	0.327406358	0.8044108015493928	0	1
kmer8_k4_natural_prototypes	interval|hg38|chr1|230845401|230845741|+|352530	human:hg38	chr1	coord|human:hg38|chr1|230845401|230845741|+|352530	hc|0471	AluSp	AluSg	0.3761292139	0.8044108015493928	0	0
kmer8_k4_natural_prototypes	interval|hg38|chr1|112735388|112735726|+|201071	human:hg38	chr1	coord|human:hg38|chr1|112735388|112735726|+|201071	hc|0476	AluSp	AluSp	0.4166296679	0.8044108015493928	0	1
kmer8_k4_natural_prototypes	interval|hg38|chr1|72149600|72149934|+|141771	human:hg38	chr1	coord|human:hg38|chr1|72149600|72149934|+|141771	hc|0484	AluSp	AluSx1	0.6804776106	0.8044108015493928	0	0
kmer8_k4_natural_prototypes	interval|hg38|chr11|42106182|42106515|+|651362	human:hg38	chr11	coord|human:hg38|chr11|42106182|42106515|+|651362	hc|0487	AluSp	AluSp	0.6157068907	0.8044108015493928	0	1
kmer8_k4_natural_prototypes	interval|hg38|chr11|71732386|71732718|-|695294	human:hg38	chr11	coord|human:hg38|chr11|71732386|71732718|-|695294	hc|0490	AluSp	AluSq2	0.7081116771	0.8044108015493928	0	0
kmer8_k4_natural_prototypes	interval|hg38|chr1|214495663|214495994|-|327198	human:hg38	chr1	coord|human:hg38|chr1|214495663|214495994|-|327198	hc|0493	AluSp	AluSp	0.7072969635	0.8044108015493928	0	1
kmer8_k4_natural_prototypes	interval|hg38|chr11|8779485|8779814|-|598973	human:hg38	chr11	coord|human:hg38|chr11|8779485|8779814|-|598973	hc|0497	AluSp	AluSp	0.5482297648	0.8044108015493928	0	1
kmer8_k4_natural_prototypes	interval|hg38|chr1|242555877|242556205|-|371508	human:hg38	chr1	coord|human:hg38|chr1|242555877|242556205|-|371508	hc|0501	AluSp	AluSx1	0.895940017	0.8044108015493928	1	0
kmer8_k4_natural_prototypes	interval|hg38|chr1|1477677|1478003|-|1840	human:hg38	chr1	coord|human:hg38|chr1|1477677|1478003|-|1840	hc|0505	AluSp	AluSq2	0.6588975044	0.8044108015493928	0	0
kmer8_k4_natural_prototypes	interval|hg38|chr1|240620855|240621195|-|368285	human:hg38	chr1	coord|human:hg38|chr1|240620855|240621195|-|368285	hc|0985	AluSq	AluSx1	0.7284787856	0.8044108015493928	0	0
kmer8_k4_natural_prototypes	interval|hg38|chr1|241040465|241040787|-|368964	human:hg38	chr1	coord|human:hg38|chr1|241040465|241040787|-|368964	hc|0994	AluSq	AluSx	0.640037975	0.8044108015493928	0	0
kmer8_k4_natural_prototypes	interval|hg38|chr1|92143489|92143811|-|170472	human:hg38	chr1	coord|human:hg38|chr1|92143489|92143811|-|170472	hc|0995	AluSq	AluSq2	0.5794944174	0.8044108015493928	0	0
kmer8_k4_natural_prototypes	interval|hg38|chr1|225704954|225705275|+|344033	human:hg38	chr1	coord|human:hg38|chr1|225704954|225705275|+|344033	hc|0996	AluSq	AluSx1	0.7897317377	0.8044108015493928	0	0
kmer8_k4_natural_prototypes	interval|hg38|chr13|19821665|19821985|+|1022527	human:hg38	chr13	coord|human:hg38|chr13|19821665|19821985|+|1022527	hc|1000	AluSq	AluSx3	0.5105954954	0.8044108015493928	0	0
kmer8_k4_natural_prototypes	interval|hg38|chr1|199990500|199990818|-|302443	human:hg38	chr1	coord|human:hg38|chr1|199990500|199990818|-|302443	hc|1010	AluSq	AluSq	0.6567091033	0.8044108015493928	0	1
kmer8_k4_natural_prototypes	interval|hg38|chr1|235041713|235042030|-|359184	human:hg38	chr1	coord|human:hg38|chr1|235041713|235042030|-|359184	hc|1022	AluSq	AluSx1	0.8064759469	0.8044108015493928	1	0
kmer8_k4_natural_prototypes	interval|hg38|chr1|117133712|117134055|+|208740	human:hg38	chr1	coord|human:hg38|chr1|117133712|117134055|+|208740	hc|0317	AluSq2	AluSx	0.561662916	0.8044108015493928	0	0
kmer8_k4_natural_prototypes	interval|hg38|chr13|52748111|52748453|+|1074758	human:hg38	chr13	coord|human:hg38|chr13|52748111|52748453|+|1074758	hc|0318	AluSq2	AluSp	0.6490481748	0.8044108015493928	0	0
kmer8_k4_natural_prototypes	interval|hg38|chr1|53790083|53790424|+|108852	human:hg38	chr1	coord|human:hg38|chr1|53790083|53790424|+|108852	hc|0323	AluSq2	AluSz	0.4411200891	0.8044108015493928	0	0
kmer8_k4_natural_prototypes	interval|hg38|chr11|35315511|35315851|+|641617	human:hg38	chr11	coord|human:hg38|chr11|35315511|35315851|+|641617	hc|0326	AluSq2	AluSq2	0.6100032146	0.8044108015493928	0	1
kmer8_k4_natural_prototypes	interval|hg38|chr11|80842044|80842384|-|713977	human:hg38	chr11	coord|human:hg38|chr11|80842044|80842384|-|713977	hc|0327	AluSq2	AluSq2	0.7222095642	0.8044108015493928	0	1
kmer8_k4_natural_prototypes	interval|hg38|chr13|62416751|62417090|+|1087198	human:hg38	chr13	coord|human:hg38|chr13|62416751|62417090|+|1087198	hc|0330	AluSq2	AluSx3	0.4012022169	0.8044108015493928	0	0
kmer8_k4_natural_prototypes	interval|hg38|chr13|49829338|49829675|+|1070140	human:hg38	chr13	coord|human:hg38|chr13|49829338|49829675|+|1070140	hc|0333	AluSq2	AluSx1	0.8058624256	0.8044108015493928	1	0
kmer8_k4_natural_prototypes	interval|hg38|chr13|60541129|60541466|-|1084796	human:hg38	chr13	coord|human:hg38|chr13|60541129|60541466|-|1084796	hc|0334	AluSq2	AluSz	0.5156174716	0.8044108015493928	0	0
kmer8_k4_natural_prototypes	interval|hg38|chr11|63536245|63536581|+|679684	human:hg38	chr11	coord|human:hg38|chr11|63536245|63536581|+|679684	hc|0337	AluSq2	AluSq	0.515280567	0.8044108015493928	0	0
kmer8_k4_natural_prototypes	interval|hg38|chr11|37840530|37840866|-|645511	human:hg38	chr11	coord|human:hg38|chr11|37840530|37840866|-|645511	hc|0338	AluSq2	AluSx1	0.7230704528	0.8044108015493928	0	0
kmer8_k4_natural_prototypes	interval|hg38|chr1|241461063|241461398|+|369648	human:hg38	chr1	coord|human:hg38|chr1|241461063|241461398|+|369648	hc|0340	AluSq2	AluSq2	0.6380530393	0.8044108015493928	0	1
kmer8_k4_natural_prototypes	interval|hg38|chr1|154973228|154973559|+|235039	human:hg38	chr1	coord|human:hg38|chr1|154973228|154973559|+|235039	hc|0350	AluSq2	AluSx3	0.7277986998	0.8044108015493928	0	0
kmer8_k4_natural_prototypes	interval|hg38|chr1|201033351|201033695|-|304357	human:hg38	chr1	coord|human:hg38|chr1|201033351|201033695|-|304357	hc|0043	AluSx	AluSc	0.5494101545	0.8044108015493928	0	0
kmer8_k4_natural_prototypes	interval|hg38|chr1|233061718|233062058|-|355967	human:hg38	chr1	coord|human:hg38|chr1|233061718|233062058|-|355967	hc|0051	AluSx	AluSx1	0.4284084735	0.8044108015493928	0	0
kmer8_k4_natural_prototypes	interval|hg38|chr1|53699024|53699363|-|108621	human:hg38	chr1	coord|human:hg38|chr1|53699024|53699363|-|108621	hc|0054	AluSx	AluY	0.3611863374	0.8044108015493928	0	0
kmer8_k4_natural_prototypes	interval|hg38|chr11|70237593|70237930|+|693037	human:hg38	chr11	coord|human:hg38|chr11|70237593|70237930|+|693037	hc|0061	AluSx	AluSc	0.5910828047	0.8044108015493928	0	0
kmer8_k4_natural_prototypes	interval|hg38|chr1|105626455|105626791|-|190246	human:hg38	chr1	coord|human:hg38|chr1|105626455|105626791|-|190246	hc|0064	AluSx	AluSx1	0.716687069	0.8044108015493928	0	0
kmer8_k4_natural_prototypes	interval|hg38|chr1|25075374|25075709|+|47296	human:hg38	chr1	coord|human:hg38|chr1|25075374|25075709|+|47296	hc|0065	AluSx	AluSx1	0.291867332	0.8044108015493928	0	0
kmer8_k4_natural_prototypes	interval|hg38|chr13|24753874|24754215|+|1030461	human:hg38	chr13	coord|human:hg38|chr13|24753874|24754215|+|1030461	hc|0088	AluSx1	AluSq2	0.5144527715	0.8044108015493928	0	0
kmer8_k4_natural_prototypes	interval|hg38|chr1|105990600|105990939|-|190680	human:hg38	chr1	coord|human:hg38|chr1|105990600|105990939|-|190680	hc|0093	AluSx1	AluSc	0.5062865267	0.8044108015493928	0	0
kmer8_k4_natural_prototypes	interval|hg38|chr11|9830458|9830796|+|601214	human:hg38	chr11	coord|human:hg38|chr11|9830458|9830796|+|601214	hc|0096	AluSx1	AluSp	0.5044796413	0.8044108015493928	0	0
kmer8_k4_natural_prototypes	interval|hg38|chr1|218854792|218855129|-|333052	human:hg38	chr1	coord|human:hg38|chr1|218854792|218855129|-|333052	hc|0103	AluSx1	AluSp	0.6532946086	0.8044108015493928	0	0
kmer8_k4_natural_prototypes	interval|hg38|chr13|20124699|20125035|+|1023256	human:hg38	chr13	coord|human:hg38|chr13|20124699|20125035|+|1023256	hc|0110	AluSx1	AluSx1	0.8664526807	0.8044108015493928	1	1
kmer8_k4_natural_prototypes	interval|hg38|chr1|20594505|20594840|+|36800	human:hg38	chr1	coord|human:hg38|chr1|20594505|20594840|+|36800	hc|0114	AluSx1	AluSz	0.5246153784	0.8044108015493928	0	0
kmer8_k4_natural_prototypes	interval|hg38|chr13|101337273|101337607|-|1139214	human:hg38	chr13	coord|human:hg38|chr13|101337273|101337607|-|1139214	hc|0118	AluSx1	AluSx1	0.6953566236	0.8044108015493928	0	1
kmer8_k4_natural_prototypes	interval|hg38|chr13|105587264|105587598|+|1144405	human:hg38	chr13	coord|human:hg38|chr13|105587264|105587598|+|1144405	hc|0119	AluSx1	AluSx3	0.3921351452	0.8044108015493928	0	0
kmer8_k4_natural_prototypes	interval|hg38|chr13|91330328|91330671|-|1124079	human:hg38	chr13	coord|human:hg38|chr13|91330328|91330671|-|1124079	hc|0747	AluSx3	AluSx1	0.6982625992	0.8044108015493928	0	0
kmer8_k4_natural_prototypes	interval|hg38|chr1|63170590|63170920|-|127060	human:hg38	chr1	coord|human:hg38|chr1|63170590|63170920|-|127060	hc|0758	AluSx3	AluSx1	0.7307736432	0.8044108015493928	0	0
kmer8_k4_natural_prototypes	interval|hg38|chr11|63600578|63600903|-|679842	human:hg38	chr11	coord|human:hg38|chr11|63600578|63600903|-|679842	hc|0764	AluSx3	AluSp	0.6034842904	0.8044108015493928	0	0
kmer8_k4_natural_prototypes	interval|hg38|chr13|51888620|51888944|-|1073349	human:hg38	chr13	coord|human:hg38|chr13|51888620|51888944|-|1073349	hc|0765	AluSx3	AluSx3	0.7134626709	0.8044108015493928	0	1
kmer8_k4_natural_prototypes	interval|hg38|chr1|53790424|53790744|+|108853	human:hg38	chr1	coord|human:hg38|chr1|53790424|53790744|+|108853	hc|0323	AluSx3	AluSg	0.3728320909	0.8044108015493928	0	0
kmer8_k4_natural_prototypes	interval|hg38|chr13|36726380|36726699|-|1049349	human:hg38	chr13	coord|human:hg38|chr13|36726380|36726699|-|1049349	hc|0775	AluSx3	AluSx3	0.7927529905	0.8044108015493928	0	1
kmer8_k4_natural_prototypes	interval|hg38|chr1|150614803|150615122|-|227116	human:hg38	chr1	coord|human:hg38|chr1|150614803|150615122|-|227116	hc|0776	AluSx3	AluSx1	0.8685796669	0.8044108015493928	1	0
kmer8_k4_natural_prototypes	interval|hg38|chr1|52722545|52722863|-|106500	human:hg38	chr1	coord|human:hg38|chr1|52722545|52722863|-|106500	hc|0777	AluSx3	AluSx1	0.714965063	0.8044108015493928	0	0
kmer8_k4_natural_prototypes	interval|hg38|chr1|241467706|241468024|+|369668	human:hg38	chr1	coord|human:hg38|chr1|241467706|241468024|+|369668	hc|0778	AluSx3	AluSq	0.5708877776	0.8044108015493928	0	0
kmer8_k4_natural_prototypes	interval|hg38|chr1|20749341|20749658|-|37135	human:hg38	chr1	coord|human:hg38|chr1|20749341|20749658|-|37135	hc|0781	AluSx3	AluY	0.4323947084	0.8044108015493928	0	0
kmer8_k4_natural_prototypes	interval|hg38|chr13|71692477|71692820|-|1098283	human:hg38	chr13	coord|human:hg38|chr13|71692477|71692820|-|1098283	hc|1300	AluSx4	AluSx1	0.8443635655	0.8044108015493928	1	0
kmer8_k4_natural_prototypes	interval|hg38|chr13|49622942|49623282|-|1069682	human:hg38	chr13	coord|human:hg38|chr13|49622942|49623282|-|1069682	hc|1301	AluSx4	AluSq2	0.6847096486	0.8044108015493928	0	0
kmer8_k4_natural_prototypes	interval|hg38|chr11|43900195|43900521|-|654289	human:hg38	chr11	coord|human:hg38|chr11|43900195|43900521|-|654289	hc|1305	AluSx4	AluSx1	0.7676749699	0.8044108015493928	0	0
kmer8_k4_natural_prototypes	interval|hg38|chr1|19965980|19966302|-|35423	human:hg38	chr1	coord|human:hg38|chr1|19965980|19966302|-|35423	hc|1308	AluSx4	AluSx1	0.8889490035	0.8044108015493928	1	0
kmer8_k4_natural_prototypes	interval|hg38|chr1|161167541|161167862|-|245269	human:hg38	chr1	coord|human:hg38|chr1|161167541|161167862|-|245269	hc|1309	AluSx4	AluSx3	0.7964943801	0.8044108015493928	0	0
kmer8_k4_natural_prototypes	interval|hg38|chr13|27042509|27042830|-|1034031	human:hg38	chr13	coord|human:hg38|chr13|27042509|27042830|-|1034031	hc|1310	AluSx4	AluSq	0.7237328824	0.8044108015493928	0	0
kmer8_k4_natural_prototypes	interval|hg38|chr11|98190789|98191109|+|739972	human:hg38	chr11	coord|human:hg38|chr11|98190789|98191109|+|739972	hc|1312	AluSx4	AluSx1	0.6797306003	0.8044108015493928	0	0
kmer8_k4_natural_prototypes	interval|hg38|chr1|17805360|17805677|-|30741	human:hg38	chr1	coord|human:hg38|chr1|17805360|17805677|-|30741	hc|1315	AluSx4	AluSx4	0.773034703	0.8044108015493928	0	1
kmer8_k4_natural_prototypes	interval|hg38|chr1|60560179|60560496|+|122243	human:hg38	chr1	coord|human:hg38|chr1|60560179|60560496|+|122243	hc|1316	AluSx4	AluSx3	0.5309385835	0.8044108015493928	0	0
kmer8_k4_natural_prototypes	interval|hg38|chr1|233600912|233601228|+|356843	human:hg38	chr1	coord|human:hg38|chr1|233600912|233601228|+|356843	hc|1319	AluSx4	AluSx3	0.7722275157	0.8044108015493928	0	0
kmer8_k4_natural_prototypes	interval|hg38|chr13|31273078|31273393|-|1041161	human:hg38	chr13	coord|human:hg38|chr13|31273078|31273393|-|1041161	hc|1325	AluSx4	AluSx1	0.4163203099	0.8044108015493928	0	0
kmer8_k4_natural_prototypes	interval|hg38|chr11|79917066|79917381|-|712432	human:hg38	chr11	coord|human:hg38|chr11|79917066|79917381|-|712432	hc|1326	AluSx4	AluSx1	0.8088808511	0.8044108015493928	1	0
kmer8_k4_natural_prototypes	interval|hg38|chr1|65152384|65152698|-|130875	human:hg38	chr1	coord|human:hg38|chr1|65152384|65152698|-|130875	hc|1327	AluSx4	AluSx1	0.8715478266	0.8044108015493928	1	0
kmer8_k4_natural_prototypes	interval|hg38|chr11|67201488|67201802|+|687399	human:hg38	chr11	coord|human:hg38|chr11|67201488|67201802|+|687399	hc|1330	AluSx4	AluSx1	0.8101990592	0.8044108015493928	1	0
kmer8_k4_natural_prototypes	interval|hg38|chr1|35015935|35016248|-|70123	human:hg38	chr1	coord|human:hg38|chr1|35015935|35016248|-|70123	hc|1334	AluSx4	AluSx3	0.6036317135	0.8044108015493928	0	0
kmer8_k4_natural_prototypes	interval|hg38|chr11|46757572|46757885|-|659827	human:hg38	chr11	coord|human:hg38|chr11|46757572|46757885|-|659827	hc|1336	AluSx4	AluSc	0.451119869	0.8044108015493928	0	0
kmer8_k4_natural_prototypes	interval|hg38|chr1|151445239|151445579|+|228937	human:hg38	chr1	coord|human:hg38|chr1|151445239|151445579|+|228937	hc|0247	AluSz	AluSz	0.6355954608	0.8044108015493928	0	1
kmer8_k4_natural_prototypes	interval|hg38|chr1|43264328|43264664|-|87468	human:hg38	chr1	coord|human:hg38|chr1|43264328|43264664|-|87468	hc|0255	AluSz	AluSq2	0.7201442832	0.8044108015493928	0	0
kmer8_k4_natural_prototypes	interval|hg38|chr1|39149251|39149587|+|78849	human:hg38	chr1	coord|human:hg38|chr1|39149251|39149587|+|78849	hc|0257	AluSz	AluSq2	0.5113718429	0.8044108015493928	0	0
kmer8_k4_natural_prototypes	interval|hg38|chr11|65509129|65509463|-|683570	human:hg38	chr11	coord|human:hg38|chr11|65509129|65509463|-|683570	hc|0262	AluSz	AluSx	0.6705971174	0.8044108015493928	0	0
kmer8_k4_natural_prototypes	interval|hg38|chr1|34812663|34812995|+|69705	human:hg38	chr1	coord|human:hg38|chr1|34812663|34812995|+|69705	hc|0270	AluSz	AluSx1	0.6780535876	0.8044108015493928	0	0
kmer8_k4_natural_prototypes	interval|hg38|chr1|64920259|64920602|+|130343	human:hg38	chr1	coord|human:hg38|chr1|64920259|64920602|+|130343	hc|0548	AluSz6	AluJr	0.1969723953	0.8044108015493928	0	0
kmer8_k4_natural_prototypes	interval|hg38|chr1|151214341|151214680|-|228444	human:hg38	chr1	coord|human:hg38|chr1|151214341|151214680|-|228444	hc|0552	AluSz6	AluSz6	0.3813277898	0.8044108015493928	0	1
kmer8_k4_natural_prototypes	interval|hg38|chr11|32925494|32925826|-|637504	human:hg38	chr11	coord|human:hg38|chr11|32925494|32925826|-|637504	hc|0563	AluSz6	AluSx1	0.729803569	0.8044108015493928	0	0
kmer8_k4_natural_prototypes	interval|hg38|chr1|89693625|89693955|-|166470	human:hg38	chr1	coord|human:hg38|chr1|89693625|89693955|-|166470	hc|0569	AluSz6	AluSx1	0.7953290554	0.8044108015493928	0	0
kmer8_k4_natural_prototypes	interval|hg38|chr13|44823732|44824061|-|1061640	human:hg38	chr13	coord|human:hg38|chr13|44823732|44824061|-|1061640	hc|0570	AluSz6	AluSx1	0.661013518	0.8044108015493928	0	0
kmer8_k4_natural_prototypes	interval|hg38|chr11|48477285|48477608|-|663453	human:hg38	chr11	coord|human:hg38|chr11|48477285|48477608|-|663453	hc|0584	AluSz6	AluSq2	0.5332963791	0.8044108015493928	0	0
kmer8_k4_natural_prototypes	interval|hg38|chr11|80437386|80437733|-|713337	human:hg38	chr11	coord|human:hg38|chr11|80437386|80437733|-|713337	hc|0161	AluY	AluSc8	0.6360414016	0.8044108015493928	0	0
kmer8_k4_natural_prototypes	interval|hg38|chr1|85101440|85101784|+|159742	human:hg38	chr1	coord|human:hg38|chr1|85101440|85101784|+|159742	hc|0163	AluY	AluSx3	0.7522186638	0.8044108015493928	0	0
kmer8_k4_natural_prototypes	interval|hg38|chr13|41739816|41740154|-|1056818	human:hg38	chr13	coord|human:hg38|chr13|41739816|41740154|-|1056818	hc|0175	AluY	AluSx3	0.6230015737	0.8044108015493928	0	0
kmer8_k4_natural_prototypes	interval|hg38|chr1|221434071|221434409|+|336872	human:hg38	chr1	coord|human:hg38|chr1|221434071|221434409|+|336872	hc|0178	AluY	AluY	0.7605397069	0.8044108015493928	0	1
kmer8_k4_natural_prototypes	interval|hg38|chr11|121442641|121442977|-|776778	human:hg38	chr11	coord|human:hg38|chr11|121442641|121442977|-|776778	hc|0186	AluY	AluY	0.7940474463	0.8044108015493928	0	1
kmer8_k4_natural_prototypes	interval|hg38|chr13|76437647|76437983|+|1105147	human:hg38	chr13	coord|human:hg38|chr13|76437647|76437983|+|1105147	hc|0189	AluY	AluY	0.6563236191	0.8044108015493928	0	1
kmer8_k4_natural_prototypes	interval|hg38|chr13|63650949|63651284|+|1088717	human:hg38	chr13	coord|human:hg38|chr13|63650949|63651284|+|1088717	hc|0191	AluY	AluSx1	0.6508293343	0.8044108015493928	0	0
kmer8_k4_natural_prototypes	interval|hg38|chr1|83117210|83117545|-|156808	human:hg38	chr1	coord|human:hg38|chr1|83117210|83117545|-|156808	hc|0193	AluY	AluSx	0.7436663749	0.8044108015493928	0	0
kmer8_k4_natural_prototypes	interval|hg38|chr11|119609295|119609458|-|773745	human:hg38	chr11	coord|human:hg38|chr11|119609295|119609458|-|773745	hc|1140	FLAM_A	AluY	0.5200839708	0.8044108015493928	0	0
kmer8_k4_natural_prototypes	interval|hg38|chr13|89140328|89140478|-|1121240	human:hg38	chr13	coord|human:hg38|chr13|89140328|89140478|-|1121240	hc|1149	FLAM_A	AluSq2	0.3155736287	0.8044108015493928	0	0
kmer8_k4_natural_prototypes	interval|hg38|chr1|33296830|33296968|-|66963	human:hg38	chr1	coord|human:hg38|chr1|33296830|33296968|-|66963	hc|1161	FLAM_A	AluJr	0.4198308222	0.8044108015493928	0	0
kmer8_k4_natural_prototypes	interval|hg38|chr1|118663886|118664023|+|211106	human:hg38	chr1	coord|human:hg38|chr1|118663886|118664023|+|211106	hc|1169	FLAM_A	AluSq2	0.1305146281	0.8044108015493928	0	0
kmer8_k4_natural_prototypes	interval|hg38|chr11|65137695|65137877|-|682748	human:hg38	chr11	coord|human:hg38|chr11|65137695|65137877|-|682748	hc|0946	FLAM_C	AluJr	0.2571338892	0.8044108015493928	0	0
kmer8_k4_natural_prototypes	interval|hg38|chr11|90131115|90131294|+|728506	human:hg38	chr11	coord|human:hg38|chr11|90131115|90131294|+|728506	hc|0947	FLAM_C	FLAM_C	0.1310477934	0.8044108015493928	0	1
kmer8_k4_natural_prototypes	interval|hg38|chr1|232646991|232647163|+|355335	human:hg38	chr1	coord|human:hg38|chr1|232646991|232647163|+|355335	hc|0956	FLAM_C	AluSq2	0.2195575139	0.8044108015493928	0	0
kmer8_k4_natural_prototypes	interval|hg38|chr1|121277375|121277546|-|214919	human:hg38	chr1	coord|human:hg38|chr1|121277375|121277546|-|214919	hc|0958	FLAM_C	AluSq2	0.3716409984	0.8044108015493928	0	0
kmer8_k4_natural_prototypes	interval|hg38|chr1|206295864|206296035|-|313952	human:hg38	chr1	coord|human:hg38|chr1|206295864|206296035|-|313952	hc|0958	FLAM_C	AluSq2	0.3716409984	0.8044108015493928	0	0
kmer8_k4_natural_prototypes	interval|hg38|chr11|14744991|14745155|-|609450	human:hg38	chr11	coord|human:hg38|chr11|14744991|14745155|-|609450	hc|0968	FLAM_C	AluJr4	0.2438571015	0.8044108015493928	0	0
kmer8_k4_natural_prototypes	interval|hg38|chr13|27506531|27506693|-|1034939	human:hg38	chr13	coord|human:hg38|chr13|27506531|27506693|-|1034939	hc|0973	FLAM_C	AluSc	0.4008965864	0.8044108015493928	0	0
kmer8_k4_natural_prototypes	interval|hg38|chr1|106701999|106703583|+|191553	human:hg38	chr1	coord|human:hg38|chr1|106701999|106703583|+|191553	hc|0788	L2	L2	0.0784901125	0.8044108015493928	0	1
kmer8_k4_natural_prototypes	interval|hg38|chr13|65927645|65928885|-|1091485	human:hg38	chr13	coord|human:hg38|chr13|65927645|65928885|-|1091485	hc|0799	L2	L2	0.0772596917	0.8044108015493928	0	1
kmer8_k4_natural_prototypes	interval|hg38|chr1|164180320|164181378|-|250014	human:hg38	chr1	coord|human:hg38|chr1|164180320|164181378|-|250014	hc|0810	L2	L2	0.0636441636	0.8044108015493928	0	1
kmer8_k4_natural_prototypes	interval|hg38|chr11|41892290|41893249|+|651076	human:hg38	chr11	coord|human:hg38|chr11|41892290|41893249|+|651076	hc|0817	L2	L2	0.0715072812	0.8044108015493928	0	1
kmer8_k4_natural_prototypes	interval|hg38|chr1|192762415|192763343|+|292952	human:hg38	chr1	coord|human:hg38|chr1|192762415|192763343|+|292952	hc|0821	L2	L2	0.0623299494	0.8044108015493928	0	1
kmer8_k4_natural_prototypes	interval|hg38|chr1|92907989|92908900|-|171958	human:hg38	chr1	coord|human:hg38|chr1|92907989|92908900|-|171958	hc|0824	L2	L2	0.0671048576	0.8044108015493928	0	1
kmer8_k4_natural_prototypes	interval|hg38|chr1|175559963|175561216|-|267617	human:hg38	chr1	coord|human:hg38|chr1|175559963|175561216|-|267617	hc|0865	L3	AluSz	0.0443487303	0.8044108015493928	0	0
kmer8_k4_natural_prototypes	interval|hg38|chr1|115376060|115377031|+|205871	human:hg38	chr1	coord|human:hg38|chr1|115376060|115377031|+|205871	hc|0866	L3	L3	0.052958539	0.8044108015493928	0	1
kmer8_k4_natural_prototypes	interval|hg38|chr13|94943214|94944182|+|1128855	human:hg38	chr13	coord|human:hg38|chr13|94943214|94944182|+|1128855	hc|0867	L3	AluSg	0.0537437834	0.8044108015493928	0	0
kmer8_k4_natural_prototypes	interval|hg38|chr1|221560476|221561234|+|337077	human:hg38	chr1	coord|human:hg38|chr1|221560476|221561234|+|337077	hc|0877	L3	AluSq2	0.0626024286	0.8044108015493928	0	0
kmer8_k4_natural_prototypes	interval|hg38|chr1|60068299|60068986|-|121401	human:hg38	chr1	coord|human:hg38|chr1|60068299|60068986|-|121401	hc|0882	L3	AluSq2	0.0816132317	0.8044108015493928	0	0
kmer8_k4_natural_prototypes	interval|hg38|chr1|185491905|185492543|-|283713	human:hg38	chr1	coord|human:hg38|chr1|185491905|185492543|-|283713	hc|0890	L3	AluJo	0.0508121534	0.8044108015493928	0	0
kmer8_k4_natural_prototypes	interval|hg38|chr13|32448237|32448846|+|1042915	human:hg38	chr13	coord|human:hg38|chr13|32448237|32448846|+|1042915	hc|0897	L3	AluSp	0.0700072676	0.8044108015493928	0	0
kmer8_k4_natural_prototypes	interval|hg38|chr13|26132818|26133008|-|1032488	human:hg38	chr13	coord|human:hg38|chr13|26132818|26133008|-|1032488	hc|1025	MER5A	MER5A	0.1043971803	0.8044108015493928	0	1
kmer8_k4_natural_prototypes	interval|hg38|chr1|116173109|116173298|-|207142	human:hg38	chr1	coord|human:hg38|chr1|116173109|116173298|-|207142	hc|1034	MER5A	MER5A	0.0771352789	0.8044108015493928	0	1
kmer8_k4_natural_prototypes	interval|hg38|chr13|109330217|109330406|+|1149011	human:hg38	chr13	coord|human:hg38|chr13|109330217|109330406|+|1149011	hc|1039	MER5A	MER5A	0.1212125812	0.8044108015493928	0	1
kmer8_k4_natural_prototypes	interval|hg38|chr11|37688484|37688673|+|645340	human:hg38	chr11	coord|human:hg38|chr11|37688484|37688673|+|645340	hc|1043	MER5A	MER5A	0.0916711825	0.8044108015493928	0	1
kmer8_k4_natural_prototypes	interval|hg38|chr11|87960158|87960346|-|725499	human:hg38	chr11	coord|human:hg38|chr11|87960158|87960346|-|725499	hc|1052	MER5A	MER5A	0.0881546045	0.8044108015493928	0	1
kmer8_k4_natural_prototypes	interval|hg38|chr11|79244051|79244239|-|711160	human:hg38	chr11	coord|human:hg38|chr11|79244051|79244239|-|711160	hc|1059	MER5A	MER5A	0.0550966278	0.8044108015493928	0	1
kmer8_k4_natural_prototypes	interval|hg38|chr11|17682878|17683214|-|614237	human:hg38	chr11	coord|human:hg38|chr11|17682878|17683214|-|614237	hc|0120	MIR	MIR	0.0375976652	0.8044108015493928	0	1
kmer8_k4_natural_prototypes	interval|hg38|chr1|205488833|205489105|+|312550	human:hg38	chr1	coord|human:hg38|chr1|205488833|205489105|+|312550	hc|0124	MIR	MIR	0.061210649	0.8044108015493928	0	1
kmer8_k4_natural_prototypes	interval|hg38|chr13|60851003|60851268|-|1085231	human:hg38	chr13	coord|human:hg38|chr13|60851003|60851268|-|1085231	hc|0130	MIR	MIR	0.0507827998	0.8044108015493928	0	1
kmer8_k4_natural_prototypes	interval|hg38|chr1|204487958|204488223|-|310684	human:hg38	chr1	coord|human:hg38|chr1|204487958|204488223|-|310684	hc|0131	MIR	MIR3	0.0491679348	0.8044108015493928	0	0
kmer8_k4_natural_prototypes	interval|hg38|chr1|178263260|178263524|-|271633	human:hg38	chr1	coord|human:hg38|chr1|178263260|178263524|-|271633	hc|0135	MIR	AluSp	0.0553487582	0.8044108015493928	0	0
kmer8_k4_natural_prototypes	interval|hg38|chr1|201087144|201087407|-|304438	human:hg38	chr1	coord|human:hg38|chr1|201087144|201087407|-|304438	hc|0138	MIR	MIR	0.0390636921	0.8044108015493928	0	1
kmer8_k4_natural_prototypes	interval|hg38|chr1|195834144|195834407|+|297028	human:hg38	chr1	coord|human:hg38|chr1|195834144|195834407|+|297028	hc|0141	MIR	MIRb	0.0307920144	0.8044108015493928	0	0
kmer8_k4_natural_prototypes	interval|hg38|chr11|120146407|120146670|-|774610	human:hg38	chr11	coord|human:hg38|chr11|120146407|120146670|-|774610	hc|0142	MIR	MIR	0.0507827998	0.8044108015493928	0	1
kmer8_k4_natural_prototypes	interval|hg38|chr1|115260156|115260418|+|205716	human:hg38	chr1	coord|human:hg38|chr1|115260156|115260418|+|205716	hc|0145	MIR	MIR	0.0547954649	0.8044108015493928	0	1
kmer8_k4_natural_prototypes	interval|hg38|chr1|157997127|157997389|+|240588	human:hg38	chr1	coord|human:hg38|chr1|157997127|157997389|+|240588	hc|0146	MIR	MIR	0.0348194393	0.8044108015493928	0	1
kmer8_k4_natural_prototypes	interval|hg38|chr13|39790122|39790383|+|1053620	human:hg38	chr13	coord|human:hg38|chr13|39790122|39790383|+|1053620	hc|0154	MIR	L3	0.0337567476	0.8044108015493928	0	0
kmer8_k4_natural_prototypes	interval|hg38|chr1|10787039|10787260|-|16483	human:hg38	chr1	coord|human:hg38|chr1|10787039|10787260|-|16483	hc|0507	MIR3	MIR3	0.0588943312	0.8044108015493928	0	1
kmer8_k4_natural_prototypes	interval|hg38|chr11|72088660|72088881|+|695954	human:hg38	chr11	coord|human:hg38|chr11|72088660|72088881|+|695954	hc|0509	MIR3	MIR	0.0380088716	0.8044108015493928	0	0
kmer8_k4_natural_prototypes	interval|hg38|chr11|92345709|92345926|+|731517	human:hg38	chr11	coord|human:hg38|chr11|92345709|92345926|+|731517	hc|0511	MIR3	MIR	0.05206086	0.8044108015493928	0	0
kmer8_k4_natural_prototypes	interval|hg38|chr1|156965347|156965560|+|239002	human:hg38	chr1	coord|human:hg38|chr1|156965347|156965560|+|239002	hc|0514	MIR3	MIRb	0.030335167	0.8044108015493928	0	0
kmer8_k4_natural_prototypes	interval|hg38|chr13|40350403|40350604|+|1054403	human:hg38	chr13	coord|human:hg38|chr13|40350403|40350604|+|1054403	hc|0538	MIR3	MIR3	0.0254473522	0.8044108015493928	0	1
kmer8_k4_natural_prototypes	interval|hg38|chr11|40320570|40320771|+|648820	human:hg38	chr11	coord|human:hg38|chr11|40320570|40320771|+|648820	hc|0539	MIR3	AluSp	0.060885557	0.8044108015493928	0	0
kmer8_k4_natural_prototypes	interval|hg38|chr11|26633262|26633462|-|627690	human:hg38	chr11	coord|human:hg38|chr11|26633262|26633462|-|627690	hc|0541	MIR3	AluSx3	0.0472252916	0.8044108015493928	0	0
kmer8_k4_natural_prototypes	interval|hg38|chr11|130436464|130436664|-|790637	human:hg38	chr11	coord|human:hg38|chr11|130436464|130436664|-|790637	hc|0542	MIR3	MIRc	0.0366756457	0.8044108015493928	0	0
kmer8_k4_natural_prototypes	interval|hg38|chr1|56039075|56039274|+|113524	human:hg38	chr1	coord|human:hg38|chr1|56039075|56039274|+|113524	hc|0543	MIR3	AluJr4	0.034472892	0.8044108015493928	0	0
kmer8_k4_natural_prototypes	interval|hg38|chr1|57401601|57401800|-|116197	human:hg38	chr1	coord|human:hg38|chr1|57401601|57401800|-|116197	hc|0546	MIR3	MIR3	0.0362699169	0.8044108015493928	0	1
kmer8_k4_natural_prototypes	interval|hg38|chr1|17595764|17596060|-|30300	human:hg38	chr1	coord|human:hg38|chr1|17595764|17596060|-|30300	hc|0001	MIRb	MIR	0.0581460765	0.8044108015493928	0	0
kmer8_k4_natural_prototypes	interval|hg38|chr1|118110852|118111117|+|210369	human:hg38	chr1	coord|human:hg38|chr1|118110852|118111117|+|210369	hc|0004	MIRb	MIRb	0.0354374654	0.8044108015493928	0	1
kmer8_k4_natural_prototypes	interval|hg38|chr1|177770561|177770824|+|270820	human:hg38	chr1	coord|human:hg38|chr1|177770561|177770824|+|270820	hc|0006	MIRb	AluSx	0.0418683653	0.8044108015493928	0	0
kmer8_k4_natural_prototypes	interval|hg38|chr1|30049395|30049656|+|59400	human:hg38	chr1	coord|human:hg38|chr1|30049395|30049656|+|59400	hc|0013	MIRb	MER5A	0.0369185334	0.8044108015493928	0	0
kmer8_k4_natural_prototypes	interval|hg38|chr1|49173199|49173460|-|99040	human:hg38	chr1	coord|human:hg38|chr1|49173199|49173460|-|99040	hc|0014	MIRb	AluSc	0.0844390296	0.8044108015493928	0	0
kmer8_k4_natural_prototypes	interval|hg38|chr1|215812855|215813114|+|328988	human:hg38	chr1	coord|human:hg38|chr1|215812855|215813114|+|328988	hc|0023	MIRb	MSTA	0.0305926291	0.8044108015493928	0	0
kmer8_k4_natural_prototypes	interval|hg38|chr1|48485253|48485511|-|97699	human:hg38	chr1	coord|human:hg38|chr1|48485253|48485511|-|97699	hc|0030	MIRb	MIRc	0.0845209016	0.8044108015493928	0	0
kmer8_k4_natural_prototypes	interval|hg38|chr1|15146959|15147216|+|25032	human:hg38	chr1	coord|human:hg38|chr1|15146959|15147216|+|25032	hc|0039	MIRb	MIRb	0.028	0.8044108015493928	0	1
kmer8_k4_natural_prototypes	interval|hg38|chr1|18409434|18409690|+|32027	human:hg38	chr1	coord|human:hg38|chr1|18409434|18409690|+|32027	hc|0365	MIRc	THE1B	0.0229723142	0.8044108015493928	0	0
kmer8_k4_natural_prototypes	interval|hg38|chr1|154518952|154519205|+|234180	human:hg38	chr1	coord|human:hg38|chr1|154518952|154519205|+|234180	hc|0375	MIRc	AluJr	0.065480192	0.8044108015493928	0	0
kmer8_k4_natural_prototypes	interval|hg38|chr11|86787791|86788042|-|723650	human:hg38	chr11	coord|human:hg38|chr11|86787791|86788042|-|723650	hc|0388	MIRc	L2	0.0289946437	0.8044108015493928	0	0
kmer8_k4_natural_prototypes	interval|hg38|chr11|109649300|109649551|+|756882	human:hg38	chr11	coord|human:hg38|chr11|109649300|109649551|+|756882	hc|0389	MIRc	AluSz6	0.0762228908	0.8044108015493928	0	0
kmer8_k4_natural_prototypes	interval|hg38|chr13|93594630|93595001|-|1126968	human:hg38	chr13	coord|human:hg38|chr13|93594630|93595001|-|1126968	hc|1180	MLT1A0	MLT1A0	0.0927736712	0.8044108015493928	0	1
kmer8_k4_natural_prototypes	interval|hg38|chr11|80422277|80422648|-|713307	human:hg38	chr11	coord|human:hg38|chr11|80422277|80422648|-|713307	hc|1182	MLT1A0	AluSx1	0.15002442	0.8044108015493928	0	0
kmer8_k4_natural_prototypes	interval|hg38|chr11|103361120|103361490|+|747247	human:hg38	chr11	coord|human:hg38|chr11|103361120|103361490|+|747247	hc|1186	MLT1A0	MLT1A0	0.1460055096	0.8044108015493928	0	1
kmer8_k4_natural_prototypes	interval|hg38|chr1|230776034|230776402|-|352429	human:hg38	chr1	coord|human:hg38|chr1|230776034|230776402|-|352429	hc|1195	MLT1A0	MLT1A0	0.1546967228	0.8044108015493928	0	1
kmer8_k4_natural_prototypes	interval|hg38|chr13|93104826|93105194|+|1126379	human:hg38	chr13	coord|human:hg38|chr13|93104826|93105194|+|1126379	hc|1197	MLT1A0	MLT1A0	0.142857682	0.8044108015493928	0	1
kmer8_k4_natural_prototypes	interval|hg38|chr11|11511587|11511955|+|604100	human:hg38	chr11	coord|human:hg38|chr11|11511587|11511955|+|604100	hc|1204	MLT1A0	MLT1A0	0.0606060606	0.8044108015493928	0	1
kmer8_k4_natural_prototypes	interval|hg38|chr1|216537061|216537429|+|329857	human:hg38	chr1	coord|human:hg38|chr1|216537061|216537429|+|329857	hc|1205	MLT1A0	MLT1A0	0.1719041554	0.8044108015493928	0	1
kmer8_k4_natural_prototypes	interval|hg38|chr1|233552614|233552982|+|356749	human:hg38	chr1	coord|human:hg38|chr1|233552614|233552982|+|356749	hc|1206	MLT1A0	MLT1A0	0.1022103347	0.8044108015493928	0	1
kmer8_k4_natural_prototypes	interval|hg38|chr13|74861844|74862212|+|1102905	human:hg38	chr13	coord|human:hg38|chr13|74861844|74862212|+|1102905	hc|1209	MLT1A0	MLT1A0	0.142857682	0.8044108015493928	0	1
kmer8_k4_natural_prototypes	interval|hg38|chr1|39271118|39271551|-|79084	human:hg38	chr1	coord|human:hg38|chr1|39271118|39271551|-|79084	hc|1103	MSTA	MSTA	0.2123700293	0.8044108015493928	0	1
kmer8_k4_natural_prototypes	interval|hg38|chr1|158504271|158504703|-|241301	human:hg38	chr1	coord|human:hg38|chr1|158504271|158504703|-|241301	hc|1104	MSTA	MSTA	0.1954353519	0.8044108015493928	0	1
kmer8_k4_natural_prototypes	interval|hg38|chr1|70425502|70425933|-|139372	human:hg38	chr1	coord|human:hg38|chr1|70425502|70425933|-|139372	hc|1107	MSTA	MSTA	0.3050109878	0.8044108015493928	0	1
kmer8_k4_natural_prototypes	interval|hg38|chr11|27261709|27262139|-|628626	human:hg38	chr11	coord|human:hg38|chr11|27261709|27262139|-|628626	hc|1110	MSTA	MSTA	0.2313090426	0.8044108015493928	0	1
kmer8_k4_natural_prototypes	interval|hg38|chr1|6855251|6855679|-|8968	human:hg38	chr1	coord|human:hg38|chr1|6855251|6855679|-|8968	hc|1116	MSTA	MSTA	0.2969946356	0.8044108015493928	0	1
kmer8_k4_natural_prototypes	interval|hg38|chr1|165081178|165081604|-|251271	human:hg38	chr1	coord|human:hg38|chr1|165081178|165081604|-|251271	hc|1125	MSTA	MSTA	0.1979350754	0.8044108015493928	0	1
kmer8_k4_natural_prototypes	interval|hg38|chr1|16778473|16778899|-|28488	human:hg38	chr1	coord|human:hg38|chr1|16778473|16778899|-|28488	hc|1127	MSTA	MSTA	0.2962161322	0.8044108015493928	0	1
kmer8_k4_natural_prototypes	interval|hg38|chr1|234803657|234804083|+|358716	human:hg38	chr1	coord|human:hg38|chr1|234803657|234804083|+|358716	hc|1127	MSTA	MSTA	0.3008086304	0.8044108015493928	0	1
kmer8_k4_natural_prototypes	interval|hg38|chr1|72838319|72838745|+|142592	human:hg38	chr1	coord|human:hg38|chr1|72838319|72838745|+|142592	hc|1130	MSTA	MSTA	0.2225049683	0.8044108015493928	0	1
kmer8_k4_natural_prototypes	interval|hg38|chr1|227426183|227426609|-|347368	human:hg38	chr1	coord|human:hg38|chr1|227426183|227426609|-|347368	hc|1133	MSTA	MSTA	0.2744252836	0.8044108015493928	0	1
kmer8_k4_natural_prototypes	interval|hg38|chr13|110764425|110764851|+|1150752	human:hg38	chr13	coord|human:hg38|chr13|110764425|110764851|+|1150752	hc|1134	MSTA	MSTA	0.2196267677	0.8044108015493928	0	1
kmer8_k4_natural_prototypes	interval|hg38|chr1|231876067|231876493|+|354328	human:hg38	chr1	coord|human:hg38|chr1|231876067|231876493|+|354328	hc|1138	MSTA	MSTA	0.1956335048	0.8044108015493928	0	1
kmer8_k4_natural_prototypes	interval|hg38|chr1|223046494|223046863|-|339402	human:hg38	chr1	coord|human:hg38|chr1|223046494|223046863|-|339402	hc|1385	THE1B	THE1B	0.296598914	0.8044108015493928	0	1
kmer8_k4_natural_prototypes	interval|hg38|chr1|49187824|49188193|+|99070	human:hg38	chr1	coord|human:hg38|chr1|49187824|49188193|+|99070	hc|1387	THE1B	THE1B	0.3360894296	0.8044108015493928	0	1
kmer8_k4_natural_prototypes	interval|hg38|chr1|235008729|235009098|-|359088	human:hg38	chr1	coord|human:hg38|chr1|235008729|235009098|-|359088	hc|1393	THE1B	THE1B	0.2602827644	0.8044108015493928	0	1
kmer8_k4_natural_prototypes	interval|hg38|chr13|55835770|55836139|+|1078771	human:hg38	chr13	coord|human:hg38|chr13|55835770|55836139|+|1078771	hc|1396	THE1B	THE1B	0.2524064856	0.8044108015493928	0	1
kmer8_k4_natural_prototypes	interval|hg38|chr13|65203411|65203780|+|1090603	human:hg38	chr13	coord|human:hg38|chr13|65203411|65203780|+|1090603	hc|1398	THE1B	THE1B	0.3907337183	0.8044108015493928	0	1
kmer8_k4_natural_prototypes	interval|hg38|chr13|103267225|103267594|+|1141746	human:hg38	chr13	coord|human:hg38|chr13|103267225|103267594|+|1141746	hc|1399	THE1B	THE1B	0.3775681591	0.8044108015493928	0	1
kmer8_k4_natural_prototypes	interval|hg38|chr1|78120524|78120892|-|150333	human:hg38	chr1	coord|human:hg38|chr1|78120524|78120892|-|150333	hc|1402	THE1B	THE1B	0.4289633498	0.8044108015493928	0	1
kmer8_k4_natural_prototypes	interval|hg38|chr13|32104654|32105022|+|1042390	human:hg38	chr13	coord|human:hg38|chr13|32104654|32105022|+|1042390	hc|1409	THE1B	THE1B	0.352460332	0.8044108015493928	0	1
kmer8_basic_train_centroid	interval|hg38|chr13|61060225|61060586|-|1085518	human:hg38	chr13	coord|human:hg38|chr13|61060225|61060586|-|1085518	hc|0198	AluJb	AluSc	0.6292703919	0.7664906588949588	0	0
kmer8_basic_train_centroid	interval|hg38|chr1|13746501|13746853|-|22298	human:hg38	chr1	coord|human:hg38|chr1|13746501|13746853|-|22298	hc|0200	AluJb	AluSc	0.4929625793	0.7664906588949588	0	0
kmer8_basic_train_centroid	interval|hg38|chr1|204583666|204584007|+|310906	human:hg38	chr1	coord|human:hg38|chr1|204583666|204584007|+|310906	hc|0201	AluJb	AluJb	0.3889779092	0.7664906588949588	0	1
kmer8_basic_train_centroid	interval|hg38|chr11|111559418|111559757|-|759912	human:hg38	chr11	coord|human:hg38|chr11|111559418|111559757|-|759912	hc|0206	AluJb	AluJo	0.3267917603	0.7664906588949588	0	0
kmer8_basic_train_centroid	interval|hg38|chr13|104776246|104776583|-|1143493	human:hg38	chr13	coord|human:hg38|chr13|104776246|104776583|-|1143493	hc|0209	AluJb	AluJo	0.3517542778	0.7664906588949588	0	0
kmer8_basic_train_centroid	interval|hg38|chr11|9471897|9472228|-|600438	human:hg38	chr11	coord|human:hg38|chr11|9471897|9472228|-|600438	hc|0217	AluJb	AluJb	0.5840619349	0.7664906588949588	0	1
kmer8_basic_train_centroid	interval|hg38|chr1|28499446|28499775|-|55882	human:hg38	chr1	coord|human:hg38|chr1|28499446|28499775|-|55882	hc|0223	AluJb	AluJo	0.2761925427	0.7664906588949588	0	0
kmer8_basic_train_centroid	interval|hg38|chr1|10190176|10190505|-|15467	human:hg38	chr1	coord|human:hg38|chr1|10190176|10190505|-|15467	hc|0224	AluJb	AluJo	0.4876934661	0.7664906588949588	0	0
kmer8_basic_train_centroid	interval|hg38|chr13|66512789|66513117|-|1092167	human:hg38	chr13	coord|human:hg38|chr13|66512789|66513117|-|1092167	hc|0228	AluJb	AluSz	0.3277678404	0.7664906588949588	0	0
kmer8_basic_train_centroid	interval|hg38|chr1|12681220|12681548|-|20481	human:hg38	chr1	coord|human:hg38|chr1|12681220|12681548|-|20481	hc|0229	AluJb	FLAM_C	0.6848542033	0.7664906588949588	0	0
kmer8_basic_train_centroid	interval|hg38|chr1|28994633|28994959|-|57285	human:hg38	chr1	coord|human:hg38|chr1|28994633|28994959|-|57285	hc|0234	AluJb	AluSc	0.4906249385	0.7664906588949588	0	0
kmer8_basic_train_centroid	interval|hg38|chr1|21917149|21917494|+|39669	human:hg38	chr1	coord|human:hg38|chr1|21917149|21917494|+|39669	hc|0429	AluJo	AluSc	0.4859628677	0.7664906588949588	0	0
kmer8_basic_train_centroid	interval|hg38|chr11|83108441|83108783|-|717560	human:hg38	chr11	coord|human:hg38|chr11|83108441|83108783|-|717560	hc|0432	AluJo	FLAM_C	0.5832691499	0.7664906588949588	0	0
kmer8_basic_train_centroid	interval|hg38|chr11|20525408|20525749|-|619259	human:hg38	chr11	coord|human:hg38|chr11|20525408|20525749|-|619259	hc|0433	AluJo	AluSz6	0.674796007	0.7664906588949588	0	0
kmer8_basic_train_centroid	interval|hg38|chr1|229536218|229536553|+|350406	human:hg38	chr1	coord|human:hg38|chr1|229536218|229536553|+|350406	hc|0435	AluJo	AluJr4	0.4232203274	0.7664906588949588	0	0
kmer8_basic_train_centroid	interval|hg38|chr1|58180260|58180594|-|117763	human:hg38	chr1	coord|human:hg38|chr1|58180260|58180594|-|117763	hc|0437	AluJo	FLAM_C	0.7615136439	0.7664906588949588	0	0
kmer8_basic_train_centroid	interval|hg38|chr13|110538323|110538656|+|1150355	human:hg38	chr13	coord|human:hg38|chr13|110538323|110538656|+|1150355	hc|0438	AluJo	FLAM_C	0.6543439909	0.7664906588949588	0	0
kmer8_basic_train_centroid	interval|hg38|chr1|35051946|35052277|-|70225	human:hg38	chr1	coord|human:hg38|chr1|35051946|35052277|-|70225	hc|0440	AluJo	AluJo	0.3415004931	0.7664906588949588	0	1
kmer8_basic_train_centroid	interval|hg38|chr11|82793727|82794055|+|716968	human:hg38	chr11	coord|human:hg38|chr11|82793727|82794055|+|716968	hc|0445	AluJo	AluJo	0.4017263585	0.7664906588949588	0	1
kmer8_basic_train_centroid	interval|hg38|chr1|28378927|28379254|-|55570	human:hg38	chr1	coord|human:hg38|chr1|28378927|28379254|-|55570	hc|0447	AluJo	AluJo	0.3505095721	0.7664906588949588	0	1
kmer8_basic_train_centroid	interval|hg38|chr13|35496352|35496677|+|1047554	human:hg38	chr13	coord|human:hg38|chr13|35496352|35496677|+|1047554	hc|0449	AluJo	FLAM_A	0.5675928845	0.7664906588949588	0	0
kmer8_basic_train_centroid	interval|hg38|chr13|98628141|98628463|-|1134788	human:hg38	chr13	coord|human:hg38|chr13|98628141|98628463|-|1134788	hc|0451	AluJo	AluJr	0.4480263332	0.7664906588949588	0	0
kmer8_basic_train_centroid	interval|hg38|chr13|28115945|28116263|-|1036072	human:hg38	chr13	coord|human:hg38|chr13|28115945|28116263|-|1036072	hc|0457	AluJo	FLAM_C	0.7469504742	0.7664906588949588	0	0
kmer8_basic_train_centroid	interval|hg38|chr13|52875454|52875772|-|1074969	human:hg38	chr13	coord|human:hg38|chr13|52875454|52875772|-|1074969	hc|0460	AluJo	FLAM_C	0.6029491792	0.7664906588949588	0	0
kmer8_basic_train_centroid	interval|hg38|chr11|18226148|18226465|+|615198	human:hg38	chr11	coord|human:hg38|chr11|18226148|18226465|+|615198	hc|0466	AluJo	AluJr	0.3918550027	0.7664906588949588	0	0
kmer8_basic_train_centroid	interval|hg38|chr11|33549721|33550061|+|638718	human:hg38	chr11	coord|human:hg38|chr11|33549721|33550061|+|638718	hc|0392	AluJr	AluJr	0.4382979469	0.7664906588949588	0	1
kmer8_basic_train_centroid	interval|hg38|chr1|212648304|212648644|-|324291	human:hg38	chr1	coord|human:hg38|chr1|212648304|212648644|-|324291	hc|0393	AluJr	AluJo	0.3944482502	0.7664906588949588	0	0
kmer8_basic_train_centroid	interval|hg38|chr13|98692136|98692458|-|1134927	human:hg38	chr13	coord|human:hg38|chr13|98692136|98692458|-|1134927	hc|0407	AluJr	FLAM_C	0.7854227798	0.7664906588949588	1	0
kmer8_basic_train_centroid	interval|hg38|chr1|99955784|99956103|-|182545	human:hg38	chr1	coord|human:hg38|chr1|99955784|99956103|-|182545	hc|0411	AluJr	AluSc	0.3530124756	0.7664906588949588	0	0
kmer8_basic_train_centroid	interval|hg38|chr1|173119364|173119679|-|263675	human:hg38	chr1	coord|human:hg38|chr1|173119364|173119679|-|263675	hc|1080	AluJr4	AluSz	0.2421852131	0.7664906588949588	0	0
kmer8_basic_train_centroid	interval|hg38|chr1|173888414|173888729|-|264940	human:hg38	chr1	coord|human:hg38|chr1|173888414|173888729|-|264940	hc|1083	AluJr4	AluJr4	0.3169202592	0.7664906588949588	0	1
kmer8_basic_train_centroid	interval|hg38|chr1|24968046|24968360|-|47067	human:hg38	chr1	coord|human:hg38|chr1|24968046|24968360|-|47067	hc|1086	AluJr4	FLAM_C	0.6524763791	0.7664906588949588	0	0
kmer8_basic_train_centroid	interval|hg38|chr11|108636204|108636518|+|755370	human:hg38	chr11	coord|human:hg38|chr11|108636204|108636518|+|755370	hc|1090	AluJr4	FLAM_C	0.3074198542	0.7664906588949588	0	0
kmer8_basic_train_centroid	interval|hg38|chr1|217611897|217612210|+|331186	human:hg38	chr1	coord|human:hg38|chr1|217611897|217612210|+|331186	hc|1093	AluJr4	AluJr4	0.3524040592	0.7664906588949588	0	1
kmer8_basic_train_centroid	interval|hg38|chr1|94969079|94969392|-|175426	human:hg38	chr1	coord|human:hg38|chr1|94969079|94969392|-|175426	hc|1098	AluJr4	AluJr4	0.3377662007	0.7664906588949588	0	1
kmer8_basic_train_centroid	interval|hg38|chr1|171453717|171454030|-|261220	human:hg38	chr1	coord|human:hg38|chr1|171453717|171454030|-|261220	hc|1099	AluJr4	AluJr4	0.36351035	0.7664906588949588	0	1
kmer8_basic_train_centroid	interval|hg38|chr1|143696235|143696567|-|216021	human:hg38	chr1	coord|human:hg38|chr1|143696235|143696567|-|216021	hc|0676	AluSc	AluSc	0.4247897868	0.7664906588949588	0	1
kmer8_basic_train_centroid	interval|hg38|chr11|130039964|130040291|+|789901	human:hg38	chr11	coord|human:hg38|chr11|130039964|130040291|+|789901	hc|0689	AluSc	AluY	0.3584370409	0.7664906588949588	0	0
kmer8_basic_train_centroid	interval|hg38|chr13|64285385|64285710|-|1089450	human:hg38	chr13	coord|human:hg38|chr13|64285385|64285710|-|1089450	hc|0692	AluSc	AluSx3	0.7394076189	0.7664906588949588	0	0
kmer8_basic_train_centroid	interval|hg38|chr1|108915400|108915724|-|194778	human:hg38	chr1	coord|human:hg38|chr1|108915400|108915724|-|194778	hc|0694	AluSc	AluSz	0.4588728454	0.7664906588949588	0	0
kmer8_basic_train_centroid	interval|hg38|chr13|77939715|77940039|+|1107294	human:hg38	chr13	coord|human:hg38|chr13|77939715|77940039|+|1107294	hc|0696	AluSc	AluSc	0.571319893	0.7664906588949588	0	1
kmer8_basic_train_centroid	interval|hg38|chr11|73035696|73036018|-|697828	human:hg38	chr11	coord|human:hg38|chr11|73035696|73036018|-|697828	hc|0704	AluSc	AluSc	0.6243777421	0.7664906588949588	0	1
kmer8_basic_train_centroid	interval|hg38|chr1|183643262|183643590|-|280733	human:hg38	chr1	coord|human:hg38|chr1|183643262|183643590|-|280733	hc|0832	AluSc8	AluSc	0.6416972334	0.7664906588949588	0	0
kmer8_basic_train_centroid	interval|hg38|chr1|155585241|155585568|+|236340	human:hg38	chr1	coord|human:hg38|chr1|155585241|155585568|+|236340	hc|0833	AluSc8	AluSc8	0.709329275	0.7664906588949588	0	1
kmer8_basic_train_centroid	interval|hg38|chr13|103483393|103483717|-|1142024	human:hg38	chr13	coord|human:hg38|chr13|103483393|103483717|-|1142024	hc|0841	AluSc8	AluSc	0.5868309238	0.7664906588949588	0	0
kmer8_basic_train_centroid	interval|hg38|chr1|20584097|20584414|+|36774	human:hg38	chr1	coord|human:hg38|chr1|20584097|20584414|+|36774	hc|0859	AluSc8	AluSg	0.6581931639	0.7664906588949588	0	0
kmer8_basic_train_centroid	interval|hg38|chr1|85945002|85945318|-|161108	human:hg38	chr1	coord|human:hg38|chr1|85945002|85945318|-|161108	hc|0864	AluSc8	AluSc8	0.8329741105	0.7664906588949588	1	1
kmer8_basic_train_centroid	interval|hg38|chr1|227737992|227738333|-|347749	human:hg38	chr1	coord|human:hg38|chr1|227737992|227738333|-|347749	hc|0629	AluSg	AluSz	0.4900189817	0.7664906588949588	0	0
kmer8_basic_train_centroid	interval|hg38|chr1|69853245|69853576|-|138517	human:hg38	chr1	coord|human:hg38|chr1|69853245|69853576|-|138517	hc|0638	AluSg	AluSx3	0.7789420991	0.7664906588949588	1	0
kmer8_basic_train_centroid	interval|hg38|chr1|206818780|206819109|-|314788	human:hg38	chr1	coord|human:hg38|chr1|206818780|206819109|-|314788	hc|0642	AluSg	AluSz	0.6502964578	0.7664906588949588	0	0
kmer8_basic_train_centroid	interval|hg38|chr1|6529309|6529637|+|8260	human:hg38	chr1	coord|human:hg38|chr1|6529309|6529637|+|8260	hc|0644	AluSg	AluSz	0.4324625798	0.7664906588949588	0	0
kmer8_basic_train_centroid	interval|hg38|chr1|151643264|151643592|-|229379	human:hg38	chr1	coord|human:hg38|chr1|151643264|151643592|-|229379	hc|0646	AluSg	AluSc	0.5887499072	0.7664906588949588	0	0
kmer8_basic_train_centroid	interval|hg38|chr1|200552915|200553235|-|303482	human:hg38	chr1	coord|human:hg38|chr1|200552915|200553235|-|303482	hc|0663	AluSg	AluSc	0.5730421444	0.7664906588949588	0	0
kmer8_basic_train_centroid	interval|hg38|chr1|236972669|236972989|+|362967	human:hg38	chr1	coord|human:hg38|chr1|236972669|236972989|+|362967	hc|0664	AluSg	AluSz	0.3537394077	0.7664906588949588	0	0
kmer8_basic_train_centroid	interval|hg38|chr11|4663071|4663414|+|593281	human:hg38	chr11	coord|human:hg38|chr11|4663071|4663414|+|593281	hc|0468	AluSp	AluSp	0.3071908994	0.7664906588949588	0	1
kmer8_basic_train_centroid	interval|hg38|chr13|33872451|33872793|+|1045239	human:hg38	chr13	coord|human:hg38|chr13|33872451|33872793|+|1045239	hc|0469	AluSp	AluSp	0.38003481	0.7664906588949588	0	1
kmer8_basic_train_centroid	interval|hg38|chr1|230845401|230845741|+|352530	human:hg38	chr1	coord|human:hg38|chr1|230845401|230845741|+|352530	hc|0471	AluSp	AluSz	0.389534121	0.7664906588949588	0	0
kmer8_basic_train_centroid	interval|hg38|chr1|112735388|112735726|+|201071	human:hg38	chr1	coord|human:hg38|chr1|112735388|112735726|+|201071	hc|0476	AluSp	AluSp	0.4493564248	0.7664906588949588	0	1
kmer8_basic_train_centroid	interval|hg38|chr1|72149600|72149934|+|141771	human:hg38	chr1	coord|human:hg38|chr1|72149600|72149934|+|141771	hc|0484	AluSp	AluSp	0.7089989735	0.7664906588949588	0	1
kmer8_basic_train_centroid	interval|hg38|chr11|42106182|42106515|+|651362	human:hg38	chr11	coord|human:hg38|chr11|42106182|42106515|+|651362	hc|0487	AluSp	AluSq	0.6601890212	0.7664906588949588	0	0
kmer8_basic_train_centroid	interval|hg38|chr11|71732386|71732718|-|695294	human:hg38	chr11	coord|human:hg38|chr11|71732386|71732718|-|695294	hc|0490	AluSp	AluSp	0.736727285	0.7664906588949588	0	1
kmer8_basic_train_centroid	interval|hg38|chr1|214495663|214495994|-|327198	human:hg38	chr1	coord|human:hg38|chr1|214495663|214495994|-|327198	hc|0493	AluSp	AluSc	0.5797801078	0.7664906588949588	0	0
kmer8_basic_train_centroid	interval|hg38|chr11|8779485|8779814|-|598973	human:hg38	chr11	coord|human:hg38|chr11|8779485|8779814|-|598973	hc|0497	AluSp	AluSp	0.5623668839	0.7664906588949588	0	1
kmer8_basic_train_centroid	interval|hg38|chr1|242555877|242556205|-|371508	human:hg38	chr1	coord|human:hg38|chr1|242555877|242556205|-|371508	hc|0501	AluSp	AluSx3	0.8205062498	0.7664906588949588	1	0
kmer8_basic_train_centroid	interval|hg38|chr1|1477677|1478003|-|1840	human:hg38	chr1	coord|human:hg38|chr1|1477677|1478003|-|1840	hc|0505	AluSp	AluSz	0.3204444933	0.7664906588949588	0	0
kmer8_basic_train_centroid	interval|hg38|chr1|240620855|240621195|-|368285	human:hg38	chr1	coord|human:hg38|chr1|240620855|240621195|-|368285	hc|0985	AluSq	AluSc	0.5809698781	0.7664906588949588	0	0
kmer8_basic_train_centroid	interval|hg38|chr1|241040465|241040787|-|368964	human:hg38	chr1	coord|human:hg38|chr1|241040465|241040787|-|368964	hc|0994	AluSq	AluSc	0.5513561774	0.7664906588949588	0	0
kmer8_basic_train_centroid	interval|hg38|chr1|92143489|92143811|-|170472	human:hg38	chr1	coord|human:hg38|chr1|92143489|92143811|-|170472	hc|0995	AluSq	AluSc	0.5092093738	0.7664906588949588	0	0
kmer8_basic_train_centroid	interval|hg38|chr1|225704954|225705275|+|344033	human:hg38	chr1	coord|human:hg38|chr1|225704954|225705275|+|344033	hc|0996	AluSq	AluSx3	0.7892297111	0.7664906588949588	1	0
kmer8_basic_train_centroid	interval|hg38|chr13|19821665|19821985|+|1022527	human:hg38	chr13	coord|human:hg38|chr13|19821665|19821985|+|1022527	hc|1000	AluSq	AluSx	0.4531623098	0.7664906588949588	0	0
kmer8_basic_train_centroid	interval|hg38|chr1|199990500|199990818|-|302443	human:hg38	chr1	coord|human:hg38|chr1|199990500|199990818|-|302443	hc|1010	AluSq	AluSc	0.5606571163	0.7664906588949588	0	0
kmer8_basic_train_centroid	interval|hg38|chr1|235041713|235042030|-|359184	human:hg38	chr1	coord|human:hg38|chr1|235041713|235042030|-|359184	hc|1022	AluSq	FLAM_C	0.757728479	0.7664906588949588	0	0
kmer8_basic_train_centroid	interval|hg38|chr1|117133712|117134055|+|208740	human:hg38	chr1	coord|human:hg38|chr1|117133712|117134055|+|208740	hc|0317	AluSq2	AluSq2	0.5888226015	0.7664906588949588	0	1
kmer8_basic_train_centroid	interval|hg38|chr13|52748111|52748453|+|1074758	human:hg38	chr13	coord|human:hg38|chr13|52748111|52748453|+|1074758	hc|0318	AluSq2	AluSz	0.472327618	0.7664906588949588	0	0
kmer8_basic_train_centroid	interval|hg38|chr1|53790083|53790424|+|108852	human:hg38	chr1	coord|human:hg38|chr1|53790083|53790424|+|108852	hc|0323	AluSq2	AluSq2	0.5164717984	0.7664906588949588	0	1
kmer8_basic_train_centroid	interval|hg38|chr11|35315511|35315851|+|641617	human:hg38	chr11	coord|human:hg38|chr11|35315511|35315851|+|641617	hc|0326	AluSq2	AluSz	0.6149687205	0.7664906588949588	0	0
kmer8_basic_train_centroid	interval|hg38|chr11|80842044|80842384|-|713977	human:hg38	chr11	coord|human:hg38|chr11|80842044|80842384|-|713977	hc|0327	AluSq2	AluSq2	0.7106145998	0.7664906588949588	0	1
kmer8_basic_train_centroid	interval|hg38|chr13|62416751|62417090|+|1087198	human:hg38	chr13	coord|human:hg38|chr13|62416751|62417090|+|1087198	hc|0330	AluSq2	AluSq2	0.4683067028	0.7664906588949588	0	1
kmer8_basic_train_centroid	interval|hg38|chr13|49829338|49829675|+|1070140	human:hg38	chr13	coord|human:hg38|chr13|49829338|49829675|+|1070140	hc|0333	AluSq2	AluSx3	0.7707524284	0.7664906588949588	1	0
kmer8_basic_train_centroid	interval|hg38|chr13|60541129|60541466|-|1084796	human:hg38	chr13	coord|human:hg38|chr13|60541129|60541466|-|1084796	hc|0334	AluSq2	AluSz	0.4216384997	0.7664906588949588	0	0
kmer8_basic_train_centroid	interval|hg38|chr11|63536245|63536581|+|679684	human:hg38	chr11	coord|human:hg38|chr11|63536245|63536581|+|679684	hc|0337	AluSq2	AluSz	0.4353786189	0.7664906588949588	0	0
kmer8_basic_train_centroid	interval|hg38|chr11|37840530|37840866|-|645511	human:hg38	chr11	coord|human:hg38|chr11|37840530|37840866|-|645511	hc|0338	AluSq2	AluSc	0.5641812614	0.7664906588949588	0	0
kmer8_basic_train_centroid	interval|hg38|chr1|241461063|241461398|+|369648	human:hg38	chr1	coord|human:hg38|chr1|241461063|241461398|+|369648	hc|0340	AluSq2	AluSq2	0.6523032624	0.7664906588949588	0	1
kmer8_basic_train_centroid	interval|hg38|chr1|154973228|154973559|+|235039	human:hg38	chr1	coord|human:hg38|chr1|154973228|154973559|+|235039	hc|0350	AluSq2	AluSx3	0.725309353	0.7664906588949588	0	0
kmer8_basic_train_centroid	interval|hg38|chr1|201033351|201033695|-|304357	human:hg38	chr1	coord|human:hg38|chr1|201033351|201033695|-|304357	hc|0043	AluSx	AluSz	0.4487710629	0.7664906588949588	0	0
kmer8_basic_train_centroid	interval|hg38|chr1|233061718|233062058|-|355967	human:hg38	chr1	coord|human:hg38|chr1|233061718|233062058|-|355967	hc|0051	AluSx	AluSz	0.5584023513	0.7664906588949588	0	0
kmer8_basic_train_centroid	interval|hg38|chr1|53699024|53699363|-|108621	human:hg38	chr1	coord|human:hg38|chr1|53699024|53699363|-|108621	hc|0054	AluSx	AluSz	0.4063980588	0.7664906588949588	0	0
kmer8_basic_train_centroid	interval|hg38|chr11|70237593|70237930|+|693037	human:hg38	chr11	coord|human:hg38|chr11|70237593|70237930|+|693037	hc|0061	AluSx	AluSx1	0.6304258772	0.7664906588949588	0	0
kmer8_basic_train_centroid	interval|hg38|chr1|105626455|105626791|-|190246	human:hg38	chr1	coord|human:hg38|chr1|105626455|105626791|-|190246	hc|0064	AluSx	AluSc	0.5268852743	0.7664906588949588	0	0
kmer8_basic_train_centroid	interval|hg38|chr1|25075374|25075709|+|47296	human:hg38	chr1	coord|human:hg38|chr1|25075374|25075709|+|47296	hc|0065	AluSx	AluSz	0.3550749249	0.7664906588949588	0	0
kmer8_basic_train_centroid	interval|hg38|chr13|24753874|24754215|+|1030461	human:hg38	chr13	coord|human:hg38|chr13|24753874|24754215|+|1030461	hc|0088	AluSx1	AluSz	0.5271639566	0.7664906588949588	0	0
kmer8_basic_train_centroid	interval|hg38|chr1|105990600|105990939|-|190680	human:hg38	chr1	coord|human:hg38|chr1|105990600|105990939|-|190680	hc|0093	AluSx1	AluSc8	0.5099238555	0.7664906588949588	0	0
kmer8_basic_train_centroid	interval|hg38|chr11|9830458|9830796|+|601214	human:hg38	chr11	coord|human:hg38|chr11|9830458|9830796|+|601214	hc|0096	AluSx1	AluSc8	0.5115745084	0.7664906588949588	0	0
kmer8_basic_train_centroid	interval|hg38|chr1|218854792|218855129|-|333052	human:hg38	chr1	coord|human:hg38|chr1|218854792|218855129|-|333052	hc|0103	AluSx1	AluSz	0.4090301285	0.7664906588949588	0	0
kmer8_basic_train_centroid	interval|hg38|chr13|20124699|20125035|+|1023256	human:hg38	chr13	coord|human:hg38|chr13|20124699|20125035|+|1023256	hc|0110	AluSx1	AluSx3	0.8081846913	0.7664906588949588	1	0
kmer8_basic_train_centroid	interval|hg38|chr1|20594505|20594840|+|36800	human:hg38	chr1	coord|human:hg38|chr1|20594505|20594840|+|36800	hc|0114	AluSx1	AluSz	0.5837228513	0.7664906588949588	0	0
kmer8_basic_train_centroid	interval|hg38|chr13|101337273|101337607|-|1139214	human:hg38	chr13	coord|human:hg38|chr13|101337273|101337607|-|1139214	hc|0118	AluSx1	AluSc	0.5576993052	0.7664906588949588	0	0
kmer8_basic_train_centroid	interval|hg38|chr13|105587264|105587598|+|1144405	human:hg38	chr13	coord|human:hg38|chr13|105587264|105587598|+|1144405	hc|0119	AluSx1	AluSq	0.4691495996	0.7664906588949588	0	0
kmer8_basic_train_centroid	interval|hg38|chr13|91330328|91330671|-|1124079	human:hg38	chr13	coord|human:hg38|chr13|91330328|91330671|-|1124079	hc|0747	AluSx3	AluSc	0.612364218	0.7664906588949588	0	0
kmer8_basic_train_centroid	interval|hg38|chr1|63170590|63170920|-|127060	human:hg38	chr1	coord|human:hg38|chr1|63170590|63170920|-|127060	hc|0758	AluSx3	FLAM_C	0.7290088151	0.7664906588949588	0	0
kmer8_basic_train_centroid	interval|hg38|chr11|63600578|63600903|-|679842	human:hg38	chr11	coord|human:hg38|chr11|63600578|63600903|-|679842	hc|0764	AluSx3	AluSz	0.4566506947	0.7664906588949588	0	0
kmer8_basic_train_centroid	interval|hg38|chr13|51888620|51888944|-|1073349	human:hg38	chr13	coord|human:hg38|chr13|51888620|51888944|-|1073349	hc|0765	AluSx3	AluSx3	0.7853596049	0.7664906588949588	1	1
kmer8_basic_train_centroid	interval|hg38|chr1|53790424|53790744|+|108853	human:hg38	chr1	coord|human:hg38|chr1|53790424|53790744|+|108853	hc|0323	AluSx3	AluSz	0.4041099694	0.7664906588949588	0	0
kmer8_basic_train_centroid	interval|hg38|chr13|36726380|36726699|-|1049349	human:hg38	chr13	coord|human:hg38|chr13|36726380|36726699|-|1049349	hc|0775	AluSx3	AluSx3	0.8070808275	0.7664906588949588	1	1
kmer8_basic_train_centroid	interval|hg38|chr1|150614803|150615122|-|227116	human:hg38	chr1	coord|human:hg38|chr1|150614803|150615122|-|227116	hc|0776	AluSx3	AluSx3	0.825202165	0.7664906588949588	1	1
kmer8_basic_train_centroid	interval|hg38|chr1|52722545|52722863|-|106500	human:hg38	chr1	coord|human:hg38|chr1|52722545|52722863|-|106500	hc|0777	AluSx3	AluSx3	0.7120641966	0.7664906588949588	0	1
kmer8_basic_train_centroid	interval|hg38|chr1|241467706|241468024|+|369668	human:hg38	chr1	coord|human:hg38|chr1|241467706|241468024|+|369668	hc|0778	AluSx3	AluSc8	0.4284474663	0.7664906588949588	0	0
kmer8_basic_train_centroid	interval|hg38|chr1|20749341|20749658|-|37135	human:hg38	chr1	coord|human:hg38|chr1|20749341|20749658|-|37135	hc|0781	AluSx3	AluSx4	0.4902065148	0.7664906588949588	0	0
kmer8_basic_train_centroid	interval|hg38|chr13|71692477|71692820|-|1098283	human:hg38	chr13	coord|human:hg38|chr13|71692477|71692820|-|1098283	hc|1300	AluSx4	AluSx3	0.8204539772	0.7664906588949588	1	0
kmer8_basic_train_centroid	interval|hg38|chr13|49622942|49623282|-|1069682	human:hg38	chr13	coord|human:hg38|chr13|49622942|49623282|-|1069682	hc|1301	AluSx4	AluSz	0.2949751355	0.7664906588949588	0	0
kmer8_basic_train_centroid	interval|hg38|chr11|43900195|43900521|-|654289	human:hg38	chr11	coord|human:hg38|chr11|43900195|43900521|-|654289	hc|1305	AluSx4	AluSz6	0.7664165503	0.7664906588949588	0	0
kmer8_basic_train_centroid	interval|hg38|chr1|19965980|19966302|-|35423	human:hg38	chr1	coord|human:hg38|chr1|19965980|19966302|-|35423	hc|1308	AluSx4	AluSx3	0.8224444594	0.7664906588949588	1	0
kmer8_basic_train_centroid	interval|hg38|chr1|161167541|161167862|-|245269	human:hg38	chr1	coord|human:hg38|chr1|161167541|161167862|-|245269	hc|1309	AluSx4	AluSx3	0.7860048532	0.7664906588949588	1	0
kmer8_basic_train_centroid	interval|hg38|chr13|27042509|27042830|-|1034031	human:hg38	chr13	coord|human:hg38|chr13|27042509|27042830|-|1034031	hc|1310	AluSx4	AluSx4	0.7693607999	0.7664906588949588	1	1
kmer8_basic_train_centroid	interval|hg38|chr11|98190789|98191109|+|739972	human:hg38	chr11	coord|human:hg38|chr11|98190789|98191109|+|739972	hc|1312	AluSx4	AluSc	0.5909485943	0.7664906588949588	0	0
kmer8_basic_train_centroid	interval|hg38|chr1|17805360|17805677|-|30741	human:hg38	chr1	coord|human:hg38|chr1|17805360|17805677|-|30741	hc|1315	AluSx4	AluSx4	0.8031078599	0.7664906588949588	1	1
kmer8_basic_train_centroid	interval|hg38|chr1|60560179|60560496|+|122243	human:hg38	chr1	coord|human:hg38|chr1|60560179|60560496|+|122243	hc|1316	AluSx4	AluSc	0.4833042104	0.7664906588949588	0	0
kmer8_basic_train_centroid	interval|hg38|chr1|233600912|233601228|+|356843	human:hg38	chr1	coord|human:hg38|chr1|233600912|233601228|+|356843	hc|1319	AluSx4	AluSx3	0.7807502195	0.7664906588949588	1	0
kmer8_basic_train_centroid	interval|hg38|chr13|31273078|31273393|-|1041161	human:hg38	chr13	coord|human:hg38|chr13|31273078|31273393|-|1041161	hc|1325	AluSx4	AluSx4	0.4529364187	0.7664906588949588	0	1
kmer8_basic_train_centroid	interval|hg38|chr11|79917066|79917381|-|712432	human:hg38	chr11	coord|human:hg38|chr11|79917066|79917381|-|712432	hc|1326	AluSx4	FLAM_A	0.7371655542	0.7664906588949588	0	0
kmer8_basic_train_centroid	interval|hg38|chr1|65152384|65152698|-|130875	human:hg38	chr1	coord|human:hg38|chr1|65152384|65152698|-|130875	hc|1327	AluSx4	AluSx3	0.8038661795	0.7664906588949588	1	0
kmer8_basic_train_centroid	interval|hg38|chr11|67201488|67201802|+|687399	human:hg38	chr11	coord|human:hg38|chr11|67201488|67201802|+|687399	hc|1330	AluSx4	AluSx3	0.7407843988	0.7664906588949588	0	0
kmer8_basic_train_centroid	interval|hg38|chr1|35015935|35016248|-|70123	human:hg38	chr1	coord|human:hg38|chr1|35015935|35016248|-|70123	hc|1334	AluSx4	AluSz6	0.6145454588	0.7664906588949588	0	0
kmer8_basic_train_centroid	interval|hg38|chr11|46757572|46757885|-|659827	human:hg38	chr11	coord|human:hg38|chr11|46757572|46757885|-|659827	hc|1336	AluSx4	AluSz	0.4529106509	0.7664906588949588	0	0
kmer8_basic_train_centroid	interval|hg38|chr1|151445239|151445579|+|228937	human:hg38	chr1	coord|human:hg38|chr1|151445239|151445579|+|228937	hc|0247	AluSz	AluSz6	0.6522674915	0.7664906588949588	0	0
kmer8_basic_train_centroid	interval|hg38|chr1|43264328|43264664|-|87468	human:hg38	chr1	coord|human:hg38|chr1|43264328|43264664|-|87468	hc|0255	AluSz	AluSz6	0.7864461422	0.7664906588949588	1	0
kmer8_basic_train_centroid	interval|hg38|chr1|39149251|39149587|+|78849	human:hg38	chr1	coord|human:hg38|chr1|39149251|39149587|+|78849	hc|0257	AluSz	AluSc	0.3465840384	0.7664906588949588	0	0
kmer8_basic_train_centroid	interval|hg38|chr11|65509129|65509463|-|683570	human:hg38	chr11	coord|human:hg38|chr11|65509129|65509463|-|683570	hc|0262	AluSz	AluSz6	0.6608559192	0.7664906588949588	0	0
kmer8_basic_train_centroid	interval|hg38|chr1|34812663|34812995|+|69705	human:hg38	chr1	coord|human:hg38|chr1|34812663|34812995|+|69705	hc|0270	AluSz	AluSc	0.5616498522	0.7664906588949588	0	0
kmer8_basic_train_centroid	interval|hg38|chr1|64920259|64920602|+|130343	human:hg38	chr1	coord|human:hg38|chr1|64920259|64920602|+|130343	hc|0548	AluSz6	AluJo	0.2657336975	0.7664906588949588	0	0
kmer8_basic_train_centroid	interval|hg38|chr1|151214341|151214680|-|228444	human:hg38	chr1	coord|human:hg38|chr1|151214341|151214680|-|228444	hc|0552	AluSz6	AluSz	0.3511229805	0.7664906588949588	0	0
kmer8_basic_train_centroid	interval|hg38|chr11|32925494|32925826|-|637504	human:hg38	chr11	coord|human:hg38|chr11|32925494|32925826|-|637504	hc|0563	AluSz6	AluSc	0.5470333974	0.7664906588949588	0	0
kmer8_basic_train_centroid	interval|hg38|chr1|89693625|89693955|-|166470	human:hg38	chr1	coord|human:hg38|chr1|89693625|89693955|-|166470	hc|0569	AluSz6	AluSx3	0.7549067947	0.7664906588949588	0	0
kmer8_basic_train_centroid	interval|hg38|chr13|44823732|44824061|-|1061640	human:hg38	chr13	coord|human:hg38|chr13|44823732|44824061|-|1061640	hc|0570	AluSz6	AluSc	0.5251304846	0.7664906588949588	0	0
kmer8_basic_train_centroid	interval|hg38|chr11|48477285|48477608|-|663453	human:hg38	chr11	coord|human:hg38|chr11|48477285|48477608|-|663453	hc|0584	AluSz6	AluSz	0.235350001	0.7664906588949588	0	0
kmer8_basic_train_centroid	interval|hg38|chr11|80437386|80437733|-|713337	human:hg38	chr11	coord|human:hg38|chr11|80437386|80437733|-|713337	hc|0161	AluY	AluSc8	0.7044174928	0.7664906588949588	0	0
kmer8_basic_train_centroid	interval|hg38|chr1|85101440|85101784|+|159742	human:hg38	chr1	coord|human:hg38|chr1|85101440|85101784|+|159742	hc|0163	AluY	AluSc8	0.7559542977	0.7664906588949588	0	0
kmer8_basic_train_centroid	interval|hg38|chr13|41739816|41740154|-|1056818	human:hg38	chr13	coord|human:hg38|chr13|41739816|41740154|-|1056818	hc|0175	AluY	AluSc8	0.6733658055	0.7664906588949588	0	0
kmer8_basic_train_centroid	interval|hg38|chr1|221434071|221434409|+|336872	human:hg38	chr1	coord|human:hg38|chr1|221434071|221434409|+|336872	hc|0178	AluY	AluSc8	0.7795324358	0.7664906588949588	1	0
kmer8_basic_train_centroid	interval|hg38|chr11|121442641|121442977|-|776778	human:hg38	chr11	coord|human:hg38|chr11|121442641|121442977|-|776778	hc|0186	AluY	AluY	0.6698873721	0.7664906588949588	0	1
kmer8_basic_train_centroid	interval|hg38|chr13|76437647|76437983|+|1105147	human:hg38	chr13	coord|human:hg38|chr13|76437647|76437983|+|1105147	hc|0189	AluY	AluSc	0.6277253291	0.7664906588949588	0	0
kmer8_basic_train_centroid	interval|hg38|chr13|63650949|63651284|+|1088717	human:hg38	chr13	coord|human:hg38|chr13|63650949|63651284|+|1088717	hc|0191	AluY	AluSc8	0.7070265445	0.7664906588949588	0	0
kmer8_basic_train_centroid	interval|hg38|chr1|83117210|83117545|-|156808	human:hg38	chr1	coord|human:hg38|chr1|83117210|83117545|-|156808	hc|0193	AluY	AluSc	0.6304077922	0.7664906588949588	0	0
kmer8_basic_train_centroid	interval|hg38|chr11|119609295|119609458|-|773745	human:hg38	chr11	coord|human:hg38|chr11|119609295|119609458|-|773745	hc|1140	FLAM_A	AluSc	0.4008716832	0.7664906588949588	0	0
kmer8_basic_train_centroid	interval|hg38|chr13|89140328|89140478|-|1121240	human:hg38	chr13	coord|human:hg38|chr13|89140328|89140478|-|1121240	hc|1149	FLAM_A	AluSz	0.1953158811	0.7664906588949588	0	0
kmer8_basic_train_centroid	interval|hg38|chr1|33296830|33296968|-|66963	human:hg38	chr1	coord|human:hg38|chr1|33296830|33296968|-|66963	hc|1161	FLAM_A	FLAM_A	0.4913034658	0.7664906588949588	0	1
kmer8_basic_train_centroid	interval|hg38|chr1|118663886|118664023|+|211106	human:hg38	chr1	coord|human:hg38|chr1|118663886|118664023|+|211106	hc|1169	FLAM_A	AluJo	0.1493974105	0.7664906588949588	0	0
kmer8_basic_train_centroid	interval|hg38|chr11|65137695|65137877|-|682748	human:hg38	chr11	coord|human:hg38|chr11|65137695|65137877|-|682748	hc|0946	FLAM_C	AluJr4	0.3126746425	0.7664906588949588	0	0
kmer8_basic_train_centroid	interval|hg38|chr11|90131115|90131294|+|728506	human:hg38	chr11	coord|human:hg38|chr11|90131115|90131294|+|728506	hc|0947	FLAM_C	AluJo	0.1592612375	0.7664906588949588	0	0
kmer8_basic_train_centroid	interval|hg38|chr1|232646991|232647163|+|355335	human:hg38	chr1	coord|human:hg38|chr1|232646991|232647163|+|355335	hc|0956	FLAM_C	AluJo	0.2520668918	0.7664906588949588	0	0
kmer8_basic_train_centroid	interval|hg38|chr1|121277375|121277546|-|214919	human:hg38	chr1	coord|human:hg38|chr1|121277375|121277546|-|214919	hc|0958	FLAM_C	AluJo	0.2914475306	0.7664906588949588	0	0
kmer8_basic_train_centroid	interval|hg38|chr1|206295864|206296035|-|313952	human:hg38	chr1	coord|human:hg38|chr1|206295864|206296035|-|313952	hc|0958	FLAM_C	AluJo	0.2909961408	0.7664906588949588	0	0
kmer8_basic_train_centroid	interval|hg38|chr11|14744991|14745155|-|609450	human:hg38	chr11	coord|human:hg38|chr11|14744991|14745155|-|609450	hc|0968	FLAM_C	AluJr4	0.2784612388	0.7664906588949588	0	0
kmer8_basic_train_centroid	interval|hg38|chr13|27506531|27506693|-|1034939	human:hg38	chr13	coord|human:hg38|chr13|27506531|27506693|-|1034939	hc|0973	FLAM_C	FLAM_C	0.4462309378	0.7664906588949588	0	1
kmer8_basic_train_centroid	interval|hg38|chr1|106701999|106703583|+|191553	human:hg38	chr1	coord|human:hg38|chr1|106701999|106703583|+|191553	hc|0788	L2	L2	0.22125875	0.7664906588949588	0	1
kmer8_basic_train_centroid	interval|hg38|chr13|65927645|65928885|-|1091485	human:hg38	chr13	coord|human:hg38|chr13|65927645|65928885|-|1091485	hc|0799	L2	L2	0.2083546342	0.7664906588949588	0	1
kmer8_basic_train_centroid	interval|hg38|chr1|164180320|164181378|-|250014	human:hg38	chr1	coord|human:hg38|chr1|164180320|164181378|-|250014	hc|0810	L2	L2	0.1733953078	0.7664906588949588	0	1
kmer8_basic_train_centroid	interval|hg38|chr11|41892290|41893249|+|651076	human:hg38	chr11	coord|human:hg38|chr11|41892290|41893249|+|651076	hc|0817	L2	L2	0.1653536117	0.7664906588949588	0	1
kmer8_basic_train_centroid	interval|hg38|chr1|192762415|192763343|+|292952	human:hg38	chr1	coord|human:hg38|chr1|192762415|192763343|+|292952	hc|0821	L2	L2	0.1774245162	0.7664906588949588	0	1
kmer8_basic_train_centroid	interval|hg38|chr1|92907989|92908900|-|171958	human:hg38	chr1	coord|human:hg38|chr1|92907989|92908900|-|171958	hc|0824	L2	L2	0.1747544574	0.7664906588949588	0	1
kmer8_basic_train_centroid	interval|hg38|chr1|175559963|175561216|-|267617	human:hg38	chr1	coord|human:hg38|chr1|175559963|175561216|-|267617	hc|0865	L3	L3	0.131979295	0.7664906588949588	0	1
kmer8_basic_train_centroid	interval|hg38|chr1|115376060|115377031|+|205871	human:hg38	chr1	coord|human:hg38|chr1|115376060|115377031|+|205871	hc|0866	L3	L3	0.119084062	0.7664906588949588	0	1
kmer8_basic_train_centroid	interval|hg38|chr13|94943214|94944182|+|1128855	human:hg38	chr13	coord|human:hg38|chr13|94943214|94944182|+|1128855	hc|0867	L3	L3	0.122972795	0.7664906588949588	0	1
kmer8_basic_train_centroid	interval|hg38|chr1|221560476|221561234|+|337077	human:hg38	chr1	coord|human:hg38|chr1|221560476|221561234|+|337077	hc|0877	L3	L3	0.0995361545	0.7664906588949588	0	1
kmer8_basic_train_centroid	interval|hg38|chr1|60068299|60068986|-|121401	human:hg38	chr1	coord|human:hg38|chr1|60068299|60068986|-|121401	hc|0882	L3	L3	0.1075188939	0.7664906588949588	0	1
kmer8_basic_train_centroid	interval|hg38|chr1|185491905|185492543|-|283713	human:hg38	chr1	coord|human:hg38|chr1|185491905|185492543|-|283713	hc|0890	L3	L3	0.108548215	0.7664906588949588	0	1
kmer8_basic_train_centroid	interval|hg38|chr13|32448237|32448846|+|1042915	human:hg38	chr13	coord|human:hg38|chr13|32448237|32448846|+|1042915	hc|0897	L3	L3	0.116062398	0.7664906588949588	0	1
kmer8_basic_train_centroid	interval|hg38|chr13|26132818|26133008|-|1032488	human:hg38	chr13	coord|human:hg38|chr13|26132818|26133008|-|1032488	hc|1025	MER5A	MER5A	0.1455990324	0.7664906588949588	0	1
kmer8_basic_train_centroid	interval|hg38|chr1|116173109|116173298|-|207142	human:hg38	chr1	coord|human:hg38|chr1|116173109|116173298|-|207142	hc|1034	MER5A	MER5A	0.1137518257	0.7664906588949588	0	1
kmer8_basic_train_centroid	interval|hg38|chr13|109330217|109330406|+|1149011	human:hg38	chr13	coord|human:hg38|chr13|109330217|109330406|+|1149011	hc|1039	MER5A	MER5A	0.180205407	0.7664906588949588	0	1
kmer8_basic_train_centroid	interval|hg38|chr11|37688484|37688673|+|645340	human:hg38	chr11	coord|human:hg38|chr11|37688484|37688673|+|645340	hc|1043	MER5A	MER5A	0.128950172	0.7664906588949588	0	1
kmer8_basic_train_centroid	interval|hg38|chr11|87960158|87960346|-|725499	human:hg38	chr11	coord|human:hg38|chr11|87960158|87960346|-|725499	hc|1052	MER5A	MER5A	0.0674233181	0.7664906588949588	0	1
kmer8_basic_train_centroid	interval|hg38|chr11|79244051|79244239|-|711160	human:hg38	chr11	coord|human:hg38|chr11|79244051|79244239|-|711160	hc|1059	MER5A	MER5A	0.0937474867	0.7664906588949588	0	1
kmer8_basic_train_centroid	interval|hg38|chr11|17682878|17683214|-|614237	human:hg38	chr11	coord|human:hg38|chr11|17682878|17683214|-|614237	hc|0120	MIR	MIRb	0.0852914992	0.7664906588949588	0	0
kmer8_basic_train_centroid	interval|hg38|chr1|205488833|205489105|+|312550	human:hg38	chr1	coord|human:hg38|chr1|205488833|205489105|+|312550	hc|0124	MIR	MIR	0.0823225603	0.7664906588949588	0	1
kmer8_basic_train_centroid	interval|hg38|chr13|60851003|60851268|-|1085231	human:hg38	chr13	coord|human:hg38|chr13|60851003|60851268|-|1085231	hc|0130	MIR	MIR	0.0800230094	0.7664906588949588	0	1
kmer8_basic_train_centroid	interval|hg38|chr1|204487958|204488223|-|310684	human:hg38	chr1	coord|human:hg38|chr1|204487958|204488223|-|310684	hc|0131	MIR	MIRb	0.0812669999	0.7664906588949588	0	0
kmer8_basic_train_centroid	interval|hg38|chr1|178263260|178263524|-|271633	human:hg38	chr1	coord|human:hg38|chr1|178263260|178263524|-|271633	hc|0135	MIR	MIRb	0.0668867225	0.7664906588949588	0	0
kmer8_basic_train_centroid	interval|hg38|chr1|201087144|201087407|-|304438	human:hg38	chr1	coord|human:hg38|chr1|201087144|201087407|-|304438	hc|0138	MIR	MIR	0.0867746936	0.7664906588949588	0	1
kmer8_basic_train_centroid	interval|hg38|chr1|195834144|195834407|+|297028	human:hg38	chr1	coord|human:hg38|chr1|195834144|195834407|+|297028	hc|0141	MIR	L3	0.0551714673	0.7664906588949588	0	0
kmer8_basic_train_centroid	interval|hg38|chr11|120146407|120146670|-|774610	human:hg38	chr11	coord|human:hg38|chr11|120146407|120146670|-|774610	hc|0142	MIR	MIR	0.0561922432	0.7664906588949588	0	1
kmer8_basic_train_centroid	interval|hg38|chr1|115260156|115260418|+|205716	human:hg38	chr1	coord|human:hg38|chr1|115260156|115260418|+|205716	hc|0145	MIR	MIR	0.1034572519	0.7664906588949588	0	1
kmer8_basic_train_centroid	interval|hg38|chr1|157997127|157997389|+|240588	human:hg38	chr1	coord|human:hg38|chr1|157997127|157997389|+|240588	hc|0146	MIR	MIR	0.0529630903	0.7664906588949588	0	1
kmer8_basic_train_centroid	interval|hg38|chr13|39790122|39790383|+|1053620	human:hg38	chr13	coord|human:hg38|chr13|39790122|39790383|+|1053620	hc|0154	MIR	L3	0.0597215683	0.7664906588949588	0	0
kmer8_basic_train_centroid	interval|hg38|chr1|10787039|10787260|-|16483	human:hg38	chr1	coord|human:hg38|chr1|10787039|10787260|-|16483	hc|0507	MIR3	MIRb	0.0479061573	0.7664906588949588	0	0
kmer8_basic_train_centroid	interval|hg38|chr11|72088660|72088881|+|695954	human:hg38	chr11	coord|human:hg38|chr11|72088660|72088881|+|695954	hc|0509	MIR3	MIR3	0.0487073004	0.7664906588949588	0	1
kmer8_basic_train_centroid	interval|hg38|chr11|92345709|92345926|+|731517	human:hg38	chr11	coord|human:hg38|chr11|92345709|92345926|+|731517	hc|0511	MIR3	MIR	0.0623942717	0.7664906588949588	0	0
kmer8_basic_train_centroid	interval|hg38|chr1|156965347|156965560|+|239002	human:hg38	chr1	coord|human:hg38|chr1|156965347|156965560|+|239002	hc|0514	MIR3	L3	0.0437712482	0.7664906588949588	0	0
kmer8_basic_train_centroid	interval|hg38|chr13|40350403|40350604|+|1054403	human:hg38	chr13	coord|human:hg38|chr13|40350403|40350604|+|1054403	hc|0538	MIR3	L3	0.0448553408	0.7664906588949588	0	0
kmer8_basic_train_centroid	interval|hg38|chr11|40320570|40320771|+|648820	human:hg38	chr11	coord|human:hg38|chr11|40320570|40320771|+|648820	hc|0539	MIR3	L3	0.0586455726	0.7664906588949588	0	0
kmer8_basic_train_centroid	interval|hg38|chr11|26633262|26633462|-|627690	human:hg38	chr11	coord|human:hg38|chr11|26633262|26633462|-|627690	hc|0541	MIR3	L2	0.0449575756	0.7664906588949588	0	0
kmer8_basic_train_centroid	interval|hg38|chr11|130436464|130436664|-|790637	human:hg38	chr11	coord|human:hg38|chr11|130436464|130436664|-|790637	hc|0542	MIR3	L2	0.041439735	0.7664906588949588	0	0
kmer8_basic_train_centroid	interval|hg38|chr1|56039075|56039274|+|113524	human:hg38	chr1	coord|human:hg38|chr1|56039075|56039274|+|113524	hc|0543	MIR3	L2	0.0478811609	0.7664906588949588	0	0
kmer8_basic_train_centroid	interval|hg38|chr1|57401601|57401800|-|116197	human:hg38	chr1	coord|human:hg38|chr1|57401601|57401800|-|116197	hc|0546	MIR3	L2	0.0396083635	0.7664906588949588	0	0
kmer8_basic_train_centroid	interval|hg38|chr1|17595764|17596060|-|30300	human:hg38	chr1	coord|human:hg38|chr1|17595764|17596060|-|30300	hc|0001	MIRb	MIR	0.079001555	0.7664906588949588	0	0
kmer8_basic_train_centroid	interval|hg38|chr1|118110852|118111117|+|210369	human:hg38	chr1	coord|human:hg38|chr1|118110852|118111117|+|210369	hc|0004	MIRb	MIRb	0.0732857198	0.7664906588949588	0	1
kmer8_basic_train_centroid	interval|hg38|chr1|177770561|177770824|+|270820	human:hg38	chr1	coord|human:hg38|chr1|177770561|177770824|+|270820	hc|0006	MIRb	L2	0.0573182366	0.7664906588949588	0	0
kmer8_basic_train_centroid	interval|hg38|chr1|30049395|30049656|+|59400	human:hg38	chr1	coord|human:hg38|chr1|30049395|30049656|+|59400	hc|0013	MIRb	MIRb	0.0650022811	0.7664906588949588	0	1
kmer8_basic_train_centroid	interval|hg38|chr1|49173199|49173460|-|99040	human:hg38	chr1	coord|human:hg38|chr1|49173199|49173460|-|99040	hc|0014	MIRb	L3	0.0629764737	0.7664906588949588	0	0
kmer8_basic_train_centroid	interval|hg38|chr1|215812855|215813114|+|328988	human:hg38	chr1	coord|human:hg38|chr1|215812855|215813114|+|328988	hc|0023	MIRb	L2	0.050504563	0.7664906588949588	0	0
kmer8_basic_train_centroid	interval|hg38|chr1|48485253|48485511|-|97699	human:hg38	chr1	coord|human:hg38|chr1|48485253|48485511|-|97699	hc|0030	MIRb	MIR	0.0934210696	0.7664906588949588	0	0
kmer8_basic_train_centroid	interval|hg38|chr1|15146959|15147216|+|25032	human:hg38	chr1	coord|human:hg38|chr1|15146959|15147216|+|25032	hc|0039	MIRb	MIR	0.0791711995	0.7664906588949588	0	0
kmer8_basic_train_centroid	interval|hg38|chr1|18409434|18409690|+|32027	human:hg38	chr1	coord|human:hg38|chr1|18409434|18409690|+|32027	hc|0365	MIRc	L2	0.0473213424	0.7664906588949588	0	0
kmer8_basic_train_centroid	interval|hg38|chr1|154518952|154519205|+|234180	human:hg38	chr1	coord|human:hg38|chr1|154518952|154519205|+|234180	hc|0375	MIRc	FLAM_A	0.0690389884	0.7664906588949588	0	0
kmer8_basic_train_centroid	interval|hg38|chr11|86787791|86788042|-|723650	human:hg38	chr11	coord|human:hg38|chr11|86787791|86788042|-|723650	hc|0388	MIRc	L2	0.0438656716	0.7664906588949588	0	0
kmer8_basic_train_centroid	interval|hg38|chr11|109649300|109649551|+|756882	human:hg38	chr11	coord|human:hg38|chr11|109649300|109649551|+|756882	hc|0389	MIRc	AluJb	0.0898076251	0.7664906588949588	0	0
kmer8_basic_train_centroid	interval|hg38|chr13|93594630|93595001|-|1126968	human:hg38	chr13	coord|human:hg38|chr13|93594630|93595001|-|1126968	hc|1180	MLT1A0	MLT1A0	0.1547805076	0.7664906588949588	0	1
kmer8_basic_train_centroid	interval|hg38|chr11|80422277|80422648|-|713307	human:hg38	chr11	coord|human:hg38|chr11|80422277|80422648|-|713307	hc|1182	MLT1A0	FLAM_C	0.1414551231	0.7664906588949588	0	0
kmer8_basic_train_centroid	interval|hg38|chr11|103361120|103361490|+|747247	human:hg38	chr11	coord|human:hg38|chr11|103361120|103361490|+|747247	hc|1186	MLT1A0	MLT1A0	0.2634842508	0.7664906588949588	0	1
kmer8_basic_train_centroid	interval|hg38|chr1|230776034|230776402|-|352429	human:hg38	chr1	coord|human:hg38|chr1|230776034|230776402|-|352429	hc|1195	MLT1A0	MLT1A0	0.2791159843	0.7664906588949588	0	1
kmer8_basic_train_centroid	interval|hg38|chr13|93104826|93105194|+|1126379	human:hg38	chr13	coord|human:hg38|chr13|93104826|93105194|+|1126379	hc|1197	MLT1A0	MLT1A0	0.2164322443	0.7664906588949588	0	1
kmer8_basic_train_centroid	interval|hg38|chr11|11511587|11511955|+|604100	human:hg38	chr11	coord|human:hg38|chr11|11511587|11511955|+|604100	hc|1204	MLT1A0	MLT1A0	0.1553968885	0.7664906588949588	0	1
kmer8_basic_train_centroid	interval|hg38|chr1|216537061|216537429|+|329857	human:hg38	chr1	coord|human:hg38|chr1|216537061|216537429|+|329857	hc|1205	MLT1A0	MLT1A0	0.2170815248	0.7664906588949588	0	1
kmer8_basic_train_centroid	interval|hg38|chr1|233552614|233552982|+|356749	human:hg38	chr1	coord|human:hg38|chr1|233552614|233552982|+|356749	hc|1206	MLT1A0	MLT1A0	0.2053028917	0.7664906588949588	0	1
kmer8_basic_train_centroid	interval|hg38|chr13|74861844|74862212|+|1102905	human:hg38	chr13	coord|human:hg38|chr13|74861844|74862212|+|1102905	hc|1209	MLT1A0	MLT1A0	0.3134373802	0.7664906588949588	0	1
kmer8_basic_train_centroid	interval|hg38|chr1|39271118|39271551|-|79084	human:hg38	chr1	coord|human:hg38|chr1|39271118|39271551|-|79084	hc|1103	MSTA	MSTA	0.3528012734	0.7664906588949588	0	1
kmer8_basic_train_centroid	interval|hg38|chr1|158504271|158504703|-|241301	human:hg38	chr1	coord|human:hg38|chr1|158504271|158504703|-|241301	hc|1104	MSTA	MSTA	0.2703969287	0.7664906588949588	0	1
kmer8_basic_train_centroid	interval|hg38|chr1|70425502|70425933|-|139372	human:hg38	chr1	coord|human:hg38|chr1|70425502|70425933|-|139372	hc|1107	MSTA	MSTA	0.4492285967	0.7664906588949588	0	1
kmer8_basic_train_centroid	interval|hg38|chr11|27261709|27262139|-|628626	human:hg38	chr11	coord|human:hg38|chr11|27261709|27262139|-|628626	hc|1110	MSTA	MSTA	0.351158961	0.7664906588949588	0	1
kmer8_basic_train_centroid	interval|hg38|chr1|6855251|6855679|-|8968	human:hg38	chr1	coord|human:hg38|chr1|6855251|6855679|-|8968	hc|1116	MSTA	MSTA	0.405168427	0.7664906588949588	0	1
kmer8_basic_train_centroid	interval|hg38|chr1|165081178|165081604|-|251271	human:hg38	chr1	coord|human:hg38|chr1|165081178|165081604|-|251271	hc|1125	MSTA	MSTA	0.3344784053	0.7664906588949588	0	1
kmer8_basic_train_centroid	interval|hg38|chr1|16778473|16778899|-|28488	human:hg38	chr1	coord|human:hg38|chr1|16778473|16778899|-|28488	hc|1127	MSTA	MSTA	0.4272886983	0.7664906588949588	0	1
kmer8_basic_train_centroid	interval|hg38|chr1|234803657|234804083|+|358716	human:hg38	chr1	coord|human:hg38|chr1|234803657|234804083|+|358716	hc|1127	MSTA	MSTA	0.4321862353	0.7664906588949588	0	1
kmer8_basic_train_centroid	interval|hg38|chr1|72838319|72838745|+|142592	human:hg38	chr1	coord|human:hg38|chr1|72838319|72838745|+|142592	hc|1130	MSTA	MSTA	0.3422701838	0.7664906588949588	0	1
kmer8_basic_train_centroid	interval|hg38|chr1|227426183|227426609|-|347368	human:hg38	chr1	coord|human:hg38|chr1|227426183|227426609|-|347368	hc|1133	MSTA	MSTA	0.3949655479	0.7664906588949588	0	1
kmer8_basic_train_centroid	interval|hg38|chr13|110764425|110764851|+|1150752	human:hg38	chr13	coord|human:hg38|chr13|110764425|110764851|+|1150752	hc|1134	MSTA	MSTA	0.3177698617	0.7664906588949588	0	1
kmer8_basic_train_centroid	interval|hg38|chr1|231876067|231876493|+|354328	human:hg38	chr1	coord|human:hg38|chr1|231876067|231876493|+|354328	hc|1138	MSTA	MSTA	0.2952016665	0.7664906588949588	0	1
kmer8_basic_train_centroid	interval|hg38|chr1|223046494|223046863|-|339402	human:hg38	chr1	coord|human:hg38|chr1|223046494|223046863|-|339402	hc|1385	THE1B	THE1B	0.4586516709	0.7664906588949588	0	1
kmer8_basic_train_centroid	interval|hg38|chr1|49187824|49188193|+|99070	human:hg38	chr1	coord|human:hg38|chr1|49187824|49188193|+|99070	hc|1387	THE1B	THE1B	0.4452144969	0.7664906588949588	0	1
kmer8_basic_train_centroid	interval|hg38|chr1|235008729|235009098|-|359088	human:hg38	chr1	coord|human:hg38|chr1|235008729|235009098|-|359088	hc|1393	THE1B	THE1B	0.4145944843	0.7664906588949588	0	1
kmer8_basic_train_centroid	interval|hg38|chr13|55835770|55836139|+|1078771	human:hg38	chr13	coord|human:hg38|chr13|55835770|55836139|+|1078771	hc|1396	THE1B	THE1B	0.3636280653	0.7664906588949588	0	1
kmer8_basic_train_centroid	interval|hg38|chr13|65203411|65203780|+|1090603	human:hg38	chr13	coord|human:hg38|chr13|65203411|65203780|+|1090603	hc|1398	THE1B	THE1B	0.4364767161	0.7664906588949588	0	1
kmer8_basic_train_centroid	interval|hg38|chr13|103267225|103267594|+|1141746	human:hg38	chr13	coord|human:hg38|chr13|103267225|103267594|+|1141746	hc|1399	THE1B	THE1B	0.5097711542	0.7664906588949588	0	1
kmer8_basic_train_centroid	interval|hg38|chr1|78120524|78120892|-|150333	human:hg38	chr1	coord|human:hg38|chr1|78120524|78120892|-|150333	hc|1402	THE1B	THE1B	0.5422097741	0.7664906588949588	0	1
kmer8_basic_train_centroid	interval|hg38|chr13|32104654|32105022|+|1042390	human:hg38	chr13	coord|human:hg38|chr13|32104654|32105022|+|1042390	hc|1409	THE1B	THE1B	0.4364913119	0.7664906588949588	0	1
raw_ntv2_single_train_medoid	interval|hg38|chr13|61060225|61060586|-|1085518	human:hg38	chr13	coord|human:hg38|chr13|61060225|61060586|-|1085518	hc|0198	AluJb	AluSc	0.9570659995	0.9772539138793945	0	0
raw_ntv2_single_train_medoid	interval|hg38|chr1|13746501|13746853|-|22298	human:hg38	chr1	coord|human:hg38|chr1|13746501|13746853|-|22298	hc|0200	AluJb	AluSc	0.9676575661	0.9772539138793945	0	0
raw_ntv2_single_train_medoid	interval|hg38|chr1|204583666|204584007|+|310906	human:hg38	chr1	coord|human:hg38|chr1|204583666|204584007|+|310906	hc|0201	AluJb	AluSq2	0.9701277018	0.9772539138793945	0	0
raw_ntv2_single_train_medoid	interval|hg38|chr11|111559418|111559757|-|759912	human:hg38	chr11	coord|human:hg38|chr11|111559418|111559757|-|759912	hc|0206	AluJb	AluSz6	0.9511017799	0.9772539138793945	0	0
raw_ntv2_single_train_medoid	interval|hg38|chr13|104776246|104776583|-|1143493	human:hg38	chr13	coord|human:hg38|chr13|104776246|104776583|-|1143493	hc|0209	AluJb	AluSg	0.9653480649	0.9772539138793945	0	0
raw_ntv2_single_train_medoid	interval|hg38|chr11|9471897|9472228|-|600438	human:hg38	chr11	coord|human:hg38|chr11|9471897|9472228|-|600438	hc|0217	AluJb	AluSx	0.9773526192	0.9772539138793945	1	0
raw_ntv2_single_train_medoid	interval|hg38|chr1|28499446|28499775|-|55882	human:hg38	chr1	coord|human:hg38|chr1|28499446|28499775|-|55882	hc|0223	AluJb	AluJo	0.9794901609	0.9772539138793945	1	0
raw_ntv2_single_train_medoid	interval|hg38|chr1|10190176|10190505|-|15467	human:hg38	chr1	coord|human:hg38|chr1|10190176|10190505|-|15467	hc|0224	AluJb	AluSc	0.9742541313	0.9772539138793945	0	0
raw_ntv2_single_train_medoid	interval|hg38|chr13|66512789|66513117|-|1092167	human:hg38	chr13	coord|human:hg38|chr13|66512789|66513117|-|1092167	hc|0228	AluJb	AluJo	0.9827538729	0.9772539138793945	1	0
raw_ntv2_single_train_medoid	interval|hg38|chr1|12681220|12681548|-|20481	human:hg38	chr1	coord|human:hg38|chr1|12681220|12681548|-|20481	hc|0229	AluJb	AluJr	0.9791083932	0.9772539138793945	1	0
raw_ntv2_single_train_medoid	interval|hg38|chr1|28994633|28994959|-|57285	human:hg38	chr1	coord|human:hg38|chr1|28994633|28994959|-|57285	hc|0234	AluJb	AluY	0.9423722625	0.9772539138793945	0	0
raw_ntv2_single_train_medoid	interval|hg38|chr1|21917149|21917494|+|39669	human:hg38	chr1	coord|human:hg38|chr1|21917149|21917494|+|39669	hc|0429	AluJo	AluY	0.9383797646	0.9772539138793945	0	0
raw_ntv2_single_train_medoid	interval|hg38|chr11|83108441|83108783|-|717560	human:hg38	chr11	coord|human:hg38|chr11|83108441|83108783|-|717560	hc|0432	AluJo	AluJo	0.9756750464	0.9772539138793945	0	1
raw_ntv2_single_train_medoid	interval|hg38|chr11|20525408|20525749|-|619259	human:hg38	chr11	coord|human:hg38|chr11|20525408|20525749|-|619259	hc|0433	AluJo	AluSx3	0.9753056765	0.9772539138793945	0	0
raw_ntv2_single_train_medoid	interval|hg38|chr1|229536218|229536553|+|350406	human:hg38	chr1	coord|human:hg38|chr1|229536218|229536553|+|350406	hc|0435	AluJo	AluSq	0.9459937811	0.9772539138793945	0	0
raw_ntv2_single_train_medoid	interval|hg38|chr1|58180260|58180594|-|117763	human:hg38	chr1	coord|human:hg38|chr1|58180260|58180594|-|117763	hc|0437	AluJo	AluJo	0.9738017917	0.9772539138793945	0	1
raw_ntv2_single_train_medoid	interval|hg38|chr13|110538323|110538656|+|1150355	human:hg38	chr13	coord|human:hg38|chr13|110538323|110538656|+|1150355	hc|0438	AluJo	AluJb	0.9680433869	0.9772539138793945	0	0
raw_ntv2_single_train_medoid	interval|hg38|chr1|35051946|35052277|-|70225	human:hg38	chr1	coord|human:hg38|chr1|35051946|35052277|-|70225	hc|0440	AluJo	AluJo	0.9755480289	0.9772539138793945	0	1
raw_ntv2_single_train_medoid	interval|hg38|chr11|82793727|82794055|+|716968	human:hg38	chr11	coord|human:hg38|chr11|82793727|82794055|+|716968	hc|0445	AluJo	AluSx1	0.9601094723	0.9772539138793945	0	0
raw_ntv2_single_train_medoid	interval|hg38|chr1|28378927|28379254|-|55570	human:hg38	chr1	coord|human:hg38|chr1|28378927|28379254|-|55570	hc|0447	AluJo	AluJo	0.9802678823	0.9772539138793945	1	1
raw_ntv2_single_train_medoid	interval|hg38|chr13|35496352|35496677|+|1047554	human:hg38	chr13	coord|human:hg38|chr13|35496352|35496677|+|1047554	hc|0449	AluJo	AluJr	0.9700538516	0.9772539138793945	0	0
raw_ntv2_single_train_medoid	interval|hg38|chr13|98628141|98628463|-|1134788	human:hg38	chr13	coord|human:hg38|chr13|98628141|98628463|-|1134788	hc|0451	AluJo	AluJo	0.9806166887	0.9772539138793945	1	1
raw_ntv2_single_train_medoid	interval|hg38|chr13|28115945|28116263|-|1036072	human:hg38	chr13	coord|human:hg38|chr13|28115945|28116263|-|1036072	hc|0457	AluJo	AluSq2	0.9808171988	0.9772539138793945	1	0
raw_ntv2_single_train_medoid	interval|hg38|chr13|52875454|52875772|-|1074969	human:hg38	chr13	coord|human:hg38|chr13|52875454|52875772|-|1074969	hc|0460	AluJo	AluJo	0.9835501909	0.9772539138793945	1	1
raw_ntv2_single_train_medoid	interval|hg38|chr11|18226148|18226465|+|615198	human:hg38	chr11	coord|human:hg38|chr11|18226148|18226465|+|615198	hc|0466	AluJo	AluJr	0.9800277352	0.9772539138793945	1	0
raw_ntv2_single_train_medoid	interval|hg38|chr11|33549721|33550061|+|638718	human:hg38	chr11	coord|human:hg38|chr11|33549721|33550061|+|638718	hc|0392	AluJr	AluSx	0.9729075432	0.9772539138793945	0	0
raw_ntv2_single_train_medoid	interval|hg38|chr1|212648304|212648644|-|324291	human:hg38	chr1	coord|human:hg38|chr1|212648304|212648644|-|324291	hc|0393	AluJr	AluSz6	0.955350399	0.9772539138793945	0	0
raw_ntv2_single_train_medoid	interval|hg38|chr13|98692136|98692458|-|1134927	human:hg38	chr13	coord|human:hg38|chr13|98692136|98692458|-|1134927	hc|0407	AluJr	AluJb	0.9708842039	0.9772539138793945	0	0
raw_ntv2_single_train_medoid	interval|hg38|chr1|99955784|99956103|-|182545	human:hg38	chr1	coord|human:hg38|chr1|99955784|99956103|-|182545	hc|0411	AluJr	AluJo	0.9772573709	0.9772539138793945	1	0
raw_ntv2_single_train_medoid	interval|hg38|chr1|173119364|173119679|-|263675	human:hg38	chr1	coord|human:hg38|chr1|173119364|173119679|-|263675	hc|1080	AluJr4	MER5A	0.981726408	0.9772539138793945	1	0
raw_ntv2_single_train_medoid	interval|hg38|chr1|173888414|173888729|-|264940	human:hg38	chr1	coord|human:hg38|chr1|173888414|173888729|-|264940	hc|1083	AluJr4	MIRc	0.9788045883	0.9772539138793945	1	0
raw_ntv2_single_train_medoid	interval|hg38|chr1|24968046|24968360|-|47067	human:hg38	chr1	coord|human:hg38|chr1|24968046|24968360|-|47067	hc|1086	AluJr4	AluJo	0.9780762196	0.9772539138793945	1	0
raw_ntv2_single_train_medoid	interval|hg38|chr11|108636204|108636518|+|755370	human:hg38	chr11	coord|human:hg38|chr11|108636204|108636518|+|755370	hc|1090	AluJr4	AluJo	0.9743206501	0.9772539138793945	0	0
raw_ntv2_single_train_medoid	interval|hg38|chr1|217611897|217612210|+|331186	human:hg38	chr1	coord|human:hg38|chr1|217611897|217612210|+|331186	hc|1093	AluJr4	AluSq2	0.9781883359	0.9772539138793945	1	0
raw_ntv2_single_train_medoid	interval|hg38|chr1|94969079|94969392|-|175426	human:hg38	chr1	coord|human:hg38|chr1|94969079|94969392|-|175426	hc|1098	AluJr4	AluSq2	0.9784018993	0.9772539138793945	1	0
raw_ntv2_single_train_medoid	interval|hg38|chr1|171453717|171454030|-|261220	human:hg38	chr1	coord|human:hg38|chr1|171453717|171454030|-|261220	hc|1099	AluJr4	AluJo	0.9849486947	0.9772539138793945	1	0
raw_ntv2_single_train_medoid	interval|hg38|chr1|143696235|143696567|-|216021	human:hg38	chr1	coord|human:hg38|chr1|143696235|143696567|-|216021	hc|0676	AluSc	AluSc	0.9798374772	0.9772539138793945	1	1
raw_ntv2_single_train_medoid	interval|hg38|chr11|130039964|130040291|+|789901	human:hg38	chr11	coord|human:hg38|chr11|130039964|130040291|+|789901	hc|0689	AluSc	AluSg	0.9679886103	0.9772539138793945	0	0
raw_ntv2_single_train_medoid	interval|hg38|chr13|64285385|64285710|-|1089450	human:hg38	chr13	coord|human:hg38|chr13|64285385|64285710|-|1089450	hc|0692	AluSc	AluSq2	0.9820799828	0.9772539138793945	1	0
raw_ntv2_single_train_medoid	interval|hg38|chr1|108915400|108915724|-|194778	human:hg38	chr1	coord|human:hg38|chr1|108915400|108915724|-|194778	hc|0694	AluSc	AluSg	0.9767098427	0.9772539138793945	0	0
raw_ntv2_single_train_medoid	interval|hg38|chr13|77939715|77940039|+|1107294	human:hg38	chr13	coord|human:hg38|chr13|77939715|77940039|+|1107294	hc|0696	AluSc	AluSg	0.9702900648	0.9772539138793945	0	0
raw_ntv2_single_train_medoid	interval|hg38|chr11|73035696|73036018|-|697828	human:hg38	chr11	coord|human:hg38|chr11|73035696|73036018|-|697828	hc|0704	AluSc	AluSc	0.9797919393	0.9772539138793945	1	1
raw_ntv2_single_train_medoid	interval|hg38|chr1|183643262|183643590|-|280733	human:hg38	chr1	coord|human:hg38|chr1|183643262|183643590|-|280733	hc|0832	AluSc8	AluY	0.9635176659	0.9772539138793945	0	0
raw_ntv2_single_train_medoid	interval|hg38|chr1|155585241|155585568|+|236340	human:hg38	chr1	coord|human:hg38|chr1|155585241|155585568|+|236340	hc|0833	AluSc8	AluJo	0.9806311131	0.9772539138793945	1	0
raw_ntv2_single_train_medoid	interval|hg38|chr13|103483393|103483717|-|1142024	human:hg38	chr13	coord|human:hg38|chr13|103483393|103483717|-|1142024	hc|0841	AluSc8	AluJo	0.9713851213	0.9772539138793945	0	0
raw_ntv2_single_train_medoid	interval|hg38|chr1|20584097|20584414|+|36774	human:hg38	chr1	coord|human:hg38|chr1|20584097|20584414|+|36774	hc|0859	AluSc8	AluSz6	0.9682137966	0.9772539138793945	0	0
raw_ntv2_single_train_medoid	interval|hg38|chr1|85945002|85945318|-|161108	human:hg38	chr1	coord|human:hg38|chr1|85945002|85945318|-|161108	hc|0864	AluSc8	AluSz6	0.9745537639	0.9772539138793945	0	0
raw_ntv2_single_train_medoid	interval|hg38|chr1|227737992|227738333|-|347749	human:hg38	chr1	coord|human:hg38|chr1|227737992|227738333|-|347749	hc|0629	AluSg	AluSx3	0.9743788838	0.9772539138793945	0	0
raw_ntv2_single_train_medoid	interval|hg38|chr1|69853245|69853576|-|138517	human:hg38	chr1	coord|human:hg38|chr1|69853245|69853576|-|138517	hc|0638	AluSg	AluJo	0.9796016216	0.9772539138793945	1	0
raw_ntv2_single_train_medoid	interval|hg38|chr1|206818780|206819109|-|314788	human:hg38	chr1	coord|human:hg38|chr1|206818780|206819109|-|314788	hc|0642	AluSg	AluSx4	0.9553177357	0.9772539138793945	0	0
raw_ntv2_single_train_medoid	interval|hg38|chr1|6529309|6529637|+|8260	human:hg38	chr1	coord|human:hg38|chr1|6529309|6529637|+|8260	hc|0644	AluSg	AluJo	0.9759998322	0.9772539138793945	0	0
raw_ntv2_single_train_medoid	interval|hg38|chr1|151643264|151643592|-|229379	human:hg38	chr1	coord|human:hg38|chr1|151643264|151643592|-|229379	hc|0646	AluSg	AluY	0.9650675654	0.9772539138793945	0	0
raw_ntv2_single_train_medoid	interval|hg38|chr1|200552915|200553235|-|303482	human:hg38	chr1	coord|human:hg38|chr1|200552915|200553235|-|303482	hc|0663	AluSg	AluSc	0.97416991	0.9772539138793945	0	0
raw_ntv2_single_train_medoid	interval|hg38|chr1|236972669|236972989|+|362967	human:hg38	chr1	coord|human:hg38|chr1|236972669|236972989|+|362967	hc|0664	AluSg	AluY	0.9513596296	0.9772539138793945	0	0
raw_ntv2_single_train_medoid	interval|hg38|chr11|4663071|4663414|+|593281	human:hg38	chr11	coord|human:hg38|chr11|4663071|4663414|+|593281	hc|0468	AluSp	AluJo	0.9846583605	0.9772539138793945	1	0
raw_ntv2_single_train_medoid	interval|hg38|chr13|33872451|33872793|+|1045239	human:hg38	chr13	coord|human:hg38|chr13|33872451|33872793|+|1045239	hc|0469	AluSp	AluSq2	0.9679892659	0.9772539138793945	0	0
raw_ntv2_single_train_medoid	interval|hg38|chr1|230845401|230845741|+|352530	human:hg38	chr1	coord|human:hg38|chr1|230845401|230845741|+|352530	hc|0471	AluSp	AluJo	0.9834164381	0.9772539138793945	1	0
raw_ntv2_single_train_medoid	interval|hg38|chr1|112735388|112735726|+|201071	human:hg38	chr1	coord|human:hg38|chr1|112735388|112735726|+|201071	hc|0476	AluSp	AluSq2	0.9738126993	0.9772539138793945	0	0
raw_ntv2_single_train_medoid	interval|hg38|chr1|72149600|72149934|+|141771	human:hg38	chr1	coord|human:hg38|chr1|72149600|72149934|+|141771	hc|0484	AluSp	AluSx	0.9813371301	0.9772539138793945	1	0
raw_ntv2_single_train_medoid	interval|hg38|chr11|42106182|42106515|+|651362	human:hg38	chr11	coord|human:hg38|chr11|42106182|42106515|+|651362	hc|0487	AluSp	AluJr4	0.9751737118	0.9772539138793945	0	0
raw_ntv2_single_train_medoid	interval|hg38|chr11|71732386|71732718|-|695294	human:hg38	chr11	coord|human:hg38|chr11|71732386|71732718|-|695294	hc|0490	AluSp	AluJo	0.983727932	0.9772539138793945	1	0
raw_ntv2_single_train_medoid	interval|hg38|chr1|214495663|214495994|-|327198	human:hg38	chr1	coord|human:hg38|chr1|214495663|214495994|-|327198	hc|0493	AluSp	AluSq2	0.9708470106	0.9772539138793945	0	0
raw_ntv2_single_train_medoid	interval|hg38|chr11|8779485|8779814|-|598973	human:hg38	chr11	coord|human:hg38|chr11|8779485|8779814|-|598973	hc|0497	AluSp	AluJo	0.9835385084	0.9772539138793945	1	0
raw_ntv2_single_train_medoid	interval|hg38|chr1|242555877|242556205|-|371508	human:hg38	chr1	coord|human:hg38|chr1|242555877|242556205|-|371508	hc|0501	AluSp	AluJo	0.970867455	0.9772539138793945	0	0
raw_ntv2_single_train_medoid	interval|hg38|chr1|1477677|1478003|-|1840	human:hg38	chr1	coord|human:hg38|chr1|1477677|1478003|-|1840	hc|0505	AluSp	AluSc	0.9712116718	0.9772539138793945	0	0
raw_ntv2_single_train_medoid	interval|hg38|chr1|240620855|240621195|-|368285	human:hg38	chr1	coord|human:hg38|chr1|240620855|240621195|-|368285	hc|0985	AluSq	AluSx1	0.9611622691	0.9772539138793945	0	0
raw_ntv2_single_train_medoid	interval|hg38|chr1|241040465|241040787|-|368964	human:hg38	chr1	coord|human:hg38|chr1|241040465|241040787|-|368964	hc|0994	AluSq	AluSc	0.9727863073	0.9772539138793945	0	0
raw_ntv2_single_train_medoid	interval|hg38|chr1|92143489|92143811|-|170472	human:hg38	chr1	coord|human:hg38|chr1|92143489|92143811|-|170472	hc|0995	AluSq	AluJo	0.9788044095	0.9772539138793945	1	0
raw_ntv2_single_train_medoid	interval|hg38|chr1|225704954|225705275|+|344033	human:hg38	chr1	coord|human:hg38|chr1|225704954|225705275|+|344033	hc|0996	AluSq	AluSq2	0.9797851443	0.9772539138793945	1	0
raw_ntv2_single_train_medoid	interval|hg38|chr13|19821665|19821985|+|1022527	human:hg38	chr13	coord|human:hg38|chr13|19821665|19821985|+|1022527	hc|1000	AluSq	AluSc	0.9804732203	0.9772539138793945	1	0
raw_ntv2_single_train_medoid	interval|hg38|chr1|199990500|199990818|-|302443	human:hg38	chr1	coord|human:hg38|chr1|199990500|199990818|-|302443	hc|1010	AluSq	AluSc	0.9771429896	0.9772539138793945	0	0
raw_ntv2_single_train_medoid	interval|hg38|chr1|235041713|235042030|-|359184	human:hg38	chr1	coord|human:hg38|chr1|235041713|235042030|-|359184	hc|1022	AluSq	AluJo	0.9800403714	0.9772539138793945	1	0
raw_ntv2_single_train_medoid	interval|hg38|chr1|117133712|117134055|+|208740	human:hg38	chr1	coord|human:hg38|chr1|117133712|117134055|+|208740	hc|0317	AluSq2	AluSq2	0.9849114418	0.9772539138793945	1	1
raw_ntv2_single_train_medoid	interval|hg38|chr13|52748111|52748453|+|1074758	human:hg38	chr13	coord|human:hg38|chr13|52748111|52748453|+|1074758	hc|0318	AluSq2	AluSz6	0.9570263624	0.9772539138793945	0	0
raw_ntv2_single_train_medoid	interval|hg38|chr1|53790083|53790424|+|108852	human:hg38	chr1	coord|human:hg38|chr1|53790083|53790424|+|108852	hc|0323	AluSq2	AluY	0.9574728012	0.9772539138793945	0	0
raw_ntv2_single_train_medoid	interval|hg38|chr11|35315511|35315851|+|641617	human:hg38	chr11	coord|human:hg38|chr11|35315511|35315851|+|641617	hc|0326	AluSq2	AluSx	0.974589467	0.9772539138793945	0	0
raw_ntv2_single_train_medoid	interval|hg38|chr11|80842044|80842384|-|713977	human:hg38	chr11	coord|human:hg38|chr11|80842044|80842384|-|713977	hc|0327	AluSq2	AluSx	0.9777387381	0.9772539138793945	1	0
raw_ntv2_single_train_medoid	interval|hg38|chr13|62416751|62417090|+|1087198	human:hg38	chr13	coord|human:hg38|chr13|62416751|62417090|+|1087198	hc|0330	AluSq2	AluSq2	0.9748384953	0.9772539138793945	0	1
raw_ntv2_single_train_medoid	interval|hg38|chr13|49829338|49829675|+|1070140	human:hg38	chr13	coord|human:hg38|chr13|49829338|49829675|+|1070140	hc|0333	AluSq2	AluJo	0.9810119271	0.9772539138793945	1	0
raw_ntv2_single_train_medoid	interval|hg38|chr13|60541129|60541466|-|1084796	human:hg38	chr13	coord|human:hg38|chr13|60541129|60541466|-|1084796	hc|0334	AluSq2	AluSg	0.9662806392	0.9772539138793945	0	0
raw_ntv2_single_train_medoid	interval|hg38|chr11|63536245|63536581|+|679684	human:hg38	chr11	coord|human:hg38|chr11|63536245|63536581|+|679684	hc|0337	AluSq2	AluSq2	0.9791877866	0.9772539138793945	1	1
raw_ntv2_single_train_medoid	interval|hg38|chr11|37840530|37840866|-|645511	human:hg38	chr11	coord|human:hg38|chr11|37840530|37840866|-|645511	hc|0338	AluSq2	AluJo	0.9716494679	0.9772539138793945	0	0
raw_ntv2_single_train_medoid	interval|hg38|chr1|241461063|241461398|+|369648	human:hg38	chr1	coord|human:hg38|chr1|241461063|241461398|+|369648	hc|0340	AluSq2	AluSx3	0.97611022	0.9772539138793945	0	0
raw_ntv2_single_train_medoid	interval|hg38|chr1|154973228|154973559|+|235039	human:hg38	chr1	coord|human:hg38|chr1|154973228|154973559|+|235039	hc|0350	AluSq2	AluSq2	0.9732997417	0.9772539138793945	0	1
raw_ntv2_single_train_medoid	interval|hg38|chr1|201033351|201033695|-|304357	human:hg38	chr1	coord|human:hg38|chr1|201033351|201033695|-|304357	hc|0043	AluSx	AluSx	0.9787013531	0.9772539138793945	1	1
raw_ntv2_single_train_medoid	interval|hg38|chr1|233061718|233062058|-|355967	human:hg38	chr1	coord|human:hg38|chr1|233061718|233062058|-|355967	hc|0051	AluSx	AluSx1	0.9694234133	0.9772539138793945	0	0
raw_ntv2_single_train_medoid	interval|hg38|chr1|53699024|53699363|-|108621	human:hg38	chr1	coord|human:hg38|chr1|53699024|53699363|-|108621	hc|0054	AluSx	AluSx	0.9775050879	0.9772539138793945	1	1
raw_ntv2_single_train_medoid	interval|hg38|chr11|70237593|70237930|+|693037	human:hg38	chr11	coord|human:hg38|chr11|70237593|70237930|+|693037	hc|0061	AluSx	AluSc8	0.9728667736	0.9772539138793945	0	0
raw_ntv2_single_train_medoid	interval|hg38|chr1|105626455|105626791|-|190246	human:hg38	chr1	coord|human:hg38|chr1|105626455|105626791|-|190246	hc|0064	AluSx	AluSc	0.9565733671	0.9772539138793945	0	0
raw_ntv2_single_train_medoid	interval|hg38|chr1|25075374|25075709|+|47296	human:hg38	chr1	coord|human:hg38|chr1|25075374|25075709|+|47296	hc|0065	AluSx	AluSx	0.9729975462	0.9772539138793945	0	1
raw_ntv2_single_train_medoid	interval|hg38|chr13|24753874|24754215|+|1030461	human:hg38	chr13	coord|human:hg38|chr13|24753874|24754215|+|1030461	hc|0088	AluSx1	AluSx1	0.9809533358	0.9772539138793945	1	1
raw_ntv2_single_train_medoid	interval|hg38|chr1|105990600|105990939|-|190680	human:hg38	chr1	coord|human:hg38|chr1|105990600|105990939|-|190680	hc|0093	AluSx1	AluSx3	0.9713129401	0.9772539138793945	0	0
raw_ntv2_single_train_medoid	interval|hg38|chr11|9830458|9830796|+|601214	human:hg38	chr11	coord|human:hg38|chr11|9830458|9830796|+|601214	hc|0096	AluSx1	AluSx3	0.9733248949	0.9772539138793945	0	0
raw_ntv2_single_train_medoid	interval|hg38|chr1|218854792|218855129|-|333052	human:hg38	chr1	coord|human:hg38|chr1|218854792|218855129|-|333052	hc|0103	AluSx1	AluSq2	0.9722015262	0.9772539138793945	0	0
raw_ntv2_single_train_medoid	interval|hg38|chr13|20124699|20125035|+|1023256	human:hg38	chr13	coord|human:hg38|chr13|20124699|20125035|+|1023256	hc|0110	AluSx1	AluSq	0.9636749625	0.9772539138793945	0	0
raw_ntv2_single_train_medoid	interval|hg38|chr1|20594505|20594840|+|36800	human:hg38	chr1	coord|human:hg38|chr1|20594505|20594840|+|36800	hc|0114	AluSx1	AluSx1	0.9746003151	0.9772539138793945	0	1
raw_ntv2_single_train_medoid	interval|hg38|chr13|101337273|101337607|-|1139214	human:hg38	chr13	coord|human:hg38|chr13|101337273|101337607|-|1139214	hc|0118	AluSx1	AluY	0.9334318638	0.9772539138793945	0	0
raw_ntv2_single_train_medoid	interval|hg38|chr13|105587264|105587598|+|1144405	human:hg38	chr13	coord|human:hg38|chr13|105587264|105587598|+|1144405	hc|0119	AluSx1	AluJo	0.979431808	0.9772539138793945	1	0
raw_ntv2_single_train_medoid	interval|hg38|chr13|91330328|91330671|-|1124079	human:hg38	chr13	coord|human:hg38|chr13|91330328|91330671|-|1124079	hc|0747	AluSx3	AluSx1	0.9536454678	0.9772539138793945	0	0
raw_ntv2_single_train_medoid	interval|hg38|chr1|63170590|63170920|-|127060	human:hg38	chr1	coord|human:hg38|chr1|63170590|63170920|-|127060	hc|0758	AluSx3	AluSq2	0.9824360013	0.9772539138793945	1	0
raw_ntv2_single_train_medoid	interval|hg38|chr11|63600578|63600903|-|679842	human:hg38	chr11	coord|human:hg38|chr11|63600578|63600903|-|679842	hc|0764	AluSx3	AluSq	0.9478785992	0.9772539138793945	0	0
raw_ntv2_single_train_medoid	interval|hg38|chr13|51888620|51888944|-|1073349	human:hg38	chr13	coord|human:hg38|chr13|51888620|51888944|-|1073349	hc|0765	AluSx3	AluSq2	0.9807306528	0.9772539138793945	1	0
raw_ntv2_single_train_medoid	interval|hg38|chr1|53790424|53790744|+|108853	human:hg38	chr1	coord|human:hg38|chr1|53790424|53790744|+|108853	hc|0323	AluSx3	AluSq2	0.9709107876	0.9772539138793945	0	0
raw_ntv2_single_train_medoid	interval|hg38|chr13|36726380|36726699|-|1049349	human:hg38	chr13	coord|human:hg38|chr13|36726380|36726699|-|1049349	hc|0775	AluSx3	AluSq2	0.9831776619	0.9772539138793945	1	0
raw_ntv2_single_train_medoid	interval|hg38|chr1|150614803|150615122|-|227116	human:hg38	chr1	coord|human:hg38|chr1|150614803|150615122|-|227116	hc|0776	AluSx3	AluSq2	0.9791323543	0.9772539138793945	1	0
raw_ntv2_single_train_medoid	interval|hg38|chr1|52722545|52722863|-|106500	human:hg38	chr1	coord|human:hg38|chr1|52722545|52722863|-|106500	hc|0777	AluSx3	AluSq2	0.9828840494	0.9772539138793945	1	0
raw_ntv2_single_train_medoid	interval|hg38|chr1|241467706|241468024|+|369668	human:hg38	chr1	coord|human:hg38|chr1|241467706|241468024|+|369668	hc|0778	AluSx3	AluJo	0.9808131456	0.9772539138793945	1	0
raw_ntv2_single_train_medoid	interval|hg38|chr1|20749341|20749658|-|37135	human:hg38	chr1	coord|human:hg38|chr1|20749341|20749658|-|37135	hc|0781	AluSx3	AluJo	0.9810410142	0.9772539138793945	1	0
raw_ntv2_single_train_medoid	interval|hg38|chr13|71692477|71692820|-|1098283	human:hg38	chr13	coord|human:hg38|chr13|71692477|71692820|-|1098283	hc|1300	AluSx4	AluSx4	0.9746127129	0.9772539138793945	0	1
raw_ntv2_single_train_medoid	interval|hg38|chr13|49622942|49623282|-|1069682	human:hg38	chr13	coord|human:hg38|chr13|49622942|49623282|-|1069682	hc|1301	AluSx4	AluSg	0.9719539881	0.9772539138793945	0	0
raw_ntv2_single_train_medoid	interval|hg38|chr11|43900195|43900521|-|654289	human:hg38	chr11	coord|human:hg38|chr11|43900195|43900521|-|654289	hc|1305	AluSx4	AluSg	0.9822540879	0.9772539138793945	1	0
raw_ntv2_single_train_medoid	interval|hg38|chr1|19965980|19966302|-|35423	human:hg38	chr1	coord|human:hg38|chr1|19965980|19966302|-|35423	hc|1308	AluSx4	AluJo	0.9684467316	0.9772539138793945	0	0
raw_ntv2_single_train_medoid	interval|hg38|chr1|161167541|161167862|-|245269	human:hg38	chr1	coord|human:hg38|chr1|161167541|161167862|-|245269	hc|1309	AluSx4	AluSq2	0.9850398302	0.9772539138793945	1	0
raw_ntv2_single_train_medoid	interval|hg38|chr13|27042509|27042830|-|1034031	human:hg38	chr13	coord|human:hg38|chr13|27042509|27042830|-|1034031	hc|1310	AluSx4	AluSg	0.9855676889	0.9772539138793945	1	0
raw_ntv2_single_train_medoid	interval|hg38|chr11|98190789|98191109|+|739972	human:hg38	chr11	coord|human:hg38|chr11|98190789|98191109|+|739972	hc|1312	AluSx4	AluSc	0.975815773	0.9772539138793945	0	0
raw_ntv2_single_train_medoid	interval|hg38|chr1|17805360|17805677|-|30741	human:hg38	chr1	coord|human:hg38|chr1|17805360|17805677|-|30741	hc|1315	AluSx4	MER5A	0.980791688	0.9772539138793945	1	0
raw_ntv2_single_train_medoid	interval|hg38|chr1|60560179|60560496|+|122243	human:hg38	chr1	coord|human:hg38|chr1|60560179|60560496|+|122243	hc|1316	AluSx4	AluSc	0.9748461246	0.9772539138793945	0	0
raw_ntv2_single_train_medoid	interval|hg38|chr1|233600912|233601228|+|356843	human:hg38	chr1	coord|human:hg38|chr1|233600912|233601228|+|356843	hc|1319	AluSx4	AluJo	0.9812247753	0.9772539138793945	1	0
raw_ntv2_single_train_medoid	interval|hg38|chr13|31273078|31273393|-|1041161	human:hg38	chr13	coord|human:hg38|chr13|31273078|31273393|-|1041161	hc|1325	AluSx4	AluSx1	0.9720284939	0.9772539138793945	0	0
raw_ntv2_single_train_medoid	interval|hg38|chr11|79917066|79917381|-|712432	human:hg38	chr11	coord|human:hg38|chr11|79917066|79917381|-|712432	hc|1326	AluSx4	AluJo	0.9737944603	0.9772539138793945	0	0
raw_ntv2_single_train_medoid	interval|hg38|chr1|65152384|65152698|-|130875	human:hg38	chr1	coord|human:hg38|chr1|65152384|65152698|-|130875	hc|1327	AluSx4	AluSq2	0.9814523458	0.9772539138793945	1	0
raw_ntv2_single_train_medoid	interval|hg38|chr11|67201488|67201802|+|687399	human:hg38	chr11	coord|human:hg38|chr11|67201488|67201802|+|687399	hc|1330	AluSx4	AluJo	0.9773026705	0.9772539138793945	1	0
raw_ntv2_single_train_medoid	interval|hg38|chr1|35015935|35016248|-|70123	human:hg38	chr1	coord|human:hg38|chr1|35015935|35016248|-|70123	hc|1334	AluSx4	AluSq2	0.9751908183	0.9772539138793945	0	0
raw_ntv2_single_train_medoid	interval|hg38|chr11|46757572|46757885|-|659827	human:hg38	chr11	coord|human:hg38|chr11|46757572|46757885|-|659827	hc|1336	AluSx4	AluSg	0.9717379212	0.9772539138793945	0	0
raw_ntv2_single_train_medoid	interval|hg38|chr1|151445239|151445579|+|228937	human:hg38	chr1	coord|human:hg38|chr1|151445239|151445579|+|228937	hc|0247	AluSz	AluSx3	0.9726084471	0.9772539138793945	0	0
raw_ntv2_single_train_medoid	interval|hg38|chr1|43264328|43264664|-|87468	human:hg38	chr1	coord|human:hg38|chr1|43264328|43264664|-|87468	hc|0255	AluSz	AluY	0.9281328321	0.9772539138793945	0	0
raw_ntv2_single_train_medoid	interval|hg38|chr1|39149251|39149587|+|78849	human:hg38	chr1	coord|human:hg38|chr1|39149251|39149587|+|78849	hc|0257	AluSz	AluSc	0.9713538289	0.9772539138793945	0	0
raw_ntv2_single_train_medoid	interval|hg38|chr11|65509129|65509463|-|683570	human:hg38	chr11	coord|human:hg38|chr11|65509129|65509463|-|683570	hc|0262	AluSz	AluSx3	0.9789347649	0.9772539138793945	1	0
raw_ntv2_single_train_medoid	interval|hg38|chr1|34812663|34812995|+|69705	human:hg38	chr1	coord|human:hg38|chr1|34812663|34812995|+|69705	hc|0270	AluSz	AluSc	0.9717276096	0.9772539138793945	0	0
raw_ntv2_single_train_medoid	interval|hg38|chr1|64920259|64920602|+|130343	human:hg38	chr1	coord|human:hg38|chr1|64920259|64920602|+|130343	hc|0548	AluSz6	AluSc	0.9716689587	0.9772539138793945	0	0
raw_ntv2_single_train_medoid	interval|hg38|chr1|151214341|151214680|-|228444	human:hg38	chr1	coord|human:hg38|chr1|151214341|151214680|-|228444	hc|0552	AluSz6	AluJo	0.9803917408	0.9772539138793945	1	0
raw_ntv2_single_train_medoid	interval|hg38|chr11|32925494|32925826|-|637504	human:hg38	chr11	coord|human:hg38|chr11|32925494|32925826|-|637504	hc|0563	AluSz6	AluSc	0.9684451222	0.9772539138793945	0	0
raw_ntv2_single_train_medoid	interval|hg38|chr1|89693625|89693955|-|166470	human:hg38	chr1	coord|human:hg38|chr1|89693625|89693955|-|166470	hc|0569	AluSz6	AluSq2	0.9732329845	0.9772539138793945	0	0
raw_ntv2_single_train_medoid	interval|hg38|chr13|44823732|44824061|-|1061640	human:hg38	chr13	coord|human:hg38|chr13|44823732|44824061|-|1061640	hc|0570	AluSz6	AluSc	0.9644343257	0.9772539138793945	0	0
raw_ntv2_single_train_medoid	interval|hg38|chr11|48477285|48477608|-|663453	human:hg38	chr11	coord|human:hg38|chr11|48477285|48477608|-|663453	hc|0584	AluSz6	AluSx	0.9676673412	0.9772539138793945	0	0
raw_ntv2_single_train_medoid	interval|hg38|chr11|80437386|80437733|-|713337	human:hg38	chr11	coord|human:hg38|chr11|80437386|80437733|-|713337	hc|0161	AluY	AluSx3	0.9690680504	0.9772539138793945	0	0
raw_ntv2_single_train_medoid	interval|hg38|chr1|85101440|85101784|+|159742	human:hg38	chr1	coord|human:hg38|chr1|85101440|85101784|+|159742	hc|0163	AluY	AluSq2	0.9783381224	0.9772539138793945	1	0
raw_ntv2_single_train_medoid	interval|hg38|chr13|41739816|41740154|-|1056818	human:hg38	chr13	coord|human:hg38|chr13|41739816|41740154|-|1056818	hc|0175	AluY	AluSx3	0.9783324003	0.9772539138793945	1	0
raw_ntv2_single_train_medoid	interval|hg38|chr1|221434071|221434409|+|336872	human:hg38	chr1	coord|human:hg38|chr1|221434071|221434409|+|336872	hc|0178	AluY	AluSq2	0.9823750257	0.9772539138793945	1	0
raw_ntv2_single_train_medoid	interval|hg38|chr11|121442641|121442977|-|776778	human:hg38	chr11	coord|human:hg38|chr11|121442641|121442977|-|776778	hc|0186	AluY	AluY	0.9541242719	0.9772539138793945	0	1
raw_ntv2_single_train_medoid	interval|hg38|chr13|76437647|76437983|+|1105147	human:hg38	chr13	coord|human:hg38|chr13|76437647|76437983|+|1105147	hc|0189	AluY	AluSg	0.9709259868	0.9772539138793945	0	0
raw_ntv2_single_train_medoid	interval|hg38|chr13|63650949|63651284|+|1088717	human:hg38	chr13	coord|human:hg38|chr13|63650949|63651284|+|1088717	hc|0191	AluY	AluSc	0.9801819921	0.9772539138793945	1	0
raw_ntv2_single_train_medoid	interval|hg38|chr1|83117210|83117545|-|156808	human:hg38	chr1	coord|human:hg38|chr1|83117210|83117545|-|156808	hc|0193	AluY	AluSc	0.9759189487	0.9772539138793945	0	0
raw_ntv2_single_train_medoid	interval|hg38|chr11|119609295|119609458|-|773745	human:hg38	chr11	coord|human:hg38|chr11|119609295|119609458|-|773745	hc|1140	FLAM_A	AluJo	0.9639034271	0.9772539138793945	0	0
raw_ntv2_single_train_medoid	interval|hg38|chr13|89140328|89140478|-|1121240	human:hg38	chr13	coord|human:hg38|chr13|89140328|89140478|-|1121240	hc|1149	FLAM_A	AluJo	0.9606198072	0.9772539138793945	0	0
raw_ntv2_single_train_medoid	interval|hg38|chr1|33296830|33296968|-|66963	human:hg38	chr1	coord|human:hg38|chr1|33296830|33296968|-|66963	hc|1161	FLAM_A	MER5A	0.9761946201	0.9772539138793945	0	0
raw_ntv2_single_train_medoid	interval|hg38|chr1|118663886|118664023|+|211106	human:hg38	chr1	coord|human:hg38|chr1|118663886|118664023|+|211106	hc|1169	FLAM_A	AluJo	0.9668533802	0.9772539138793945	0	0
raw_ntv2_single_train_medoid	interval|hg38|chr11|65137695|65137877|-|682748	human:hg38	chr11	coord|human:hg38|chr11|65137695|65137877|-|682748	hc|0946	FLAM_C	AluJo	0.9666728377	0.9772539138793945	0	0
raw_ntv2_single_train_medoid	interval|hg38|chr11|90131115|90131294|+|728506	human:hg38	chr11	coord|human:hg38|chr11|90131115|90131294|+|728506	hc|0947	FLAM_C	AluJo	0.9613962173	0.9772539138793945	0	0
raw_ntv2_single_train_medoid	interval|hg38|chr1|232646991|232647163|+|355335	human:hg38	chr1	coord|human:hg38|chr1|232646991|232647163|+|355335	hc|0956	FLAM_C	AluSq2	0.9650148153	0.9772539138793945	0	0
raw_ntv2_single_train_medoid	interval|hg38|chr1|121277375|121277546|-|214919	human:hg38	chr1	coord|human:hg38|chr1|121277375|121277546|-|214919	hc|0958	FLAM_C	AluSx	0.9619278908	0.9772539138793945	0	0
raw_ntv2_single_train_medoid	interval|hg38|chr1|206295864|206296035|-|313952	human:hg38	chr1	coord|human:hg38|chr1|206295864|206296035|-|313952	hc|0958	FLAM_C	FLAM_C	0.9622069001	0.9772539138793945	0	1
raw_ntv2_single_train_medoid	interval|hg38|chr11|14744991|14745155|-|609450	human:hg38	chr11	coord|human:hg38|chr11|14744991|14745155|-|609450	hc|0968	FLAM_C	MER5A	0.9879108667	0.9772539138793945	1	0
raw_ntv2_single_train_medoid	interval|hg38|chr13|27506531|27506693|-|1034939	human:hg38	chr13	coord|human:hg38|chr13|27506531|27506693|-|1034939	hc|0973	FLAM_C	AluJr	0.956284523	0.9772539138793945	0	0
raw_ntv2_single_train_medoid	interval|hg38|chr1|106701999|106703583|+|191553	human:hg38	chr1	coord|human:hg38|chr1|106701999|106703583|+|191553	hc|0788	L2	L2	0.9598516822	0.9772539138793945	0	1
raw_ntv2_single_train_medoid	interval|hg38|chr13|65927645|65928885|-|1091485	human:hg38	chr13	coord|human:hg38|chr13|65927645|65928885|-|1091485	hc|0799	L2	L2	0.9533590078	0.9772539138793945	0	1
raw_ntv2_single_train_medoid	interval|hg38|chr1|164180320|164181378|-|250014	human:hg38	chr1	coord|human:hg38|chr1|164180320|164181378|-|250014	hc|0810	L2	L3	0.9426891804	0.9772539138793945	0	0
raw_ntv2_single_train_medoid	interval|hg38|chr11|41892290|41893249|+|651076	human:hg38	chr11	coord|human:hg38|chr11|41892290|41893249|+|651076	hc|0817	L2	MIRb	0.9611529708	0.9772539138793945	0	0
raw_ntv2_single_train_medoid	interval|hg38|chr1|192762415|192763343|+|292952	human:hg38	chr1	coord|human:hg38|chr1|192762415|192763343|+|292952	hc|0821	L2	MIR3	0.9554667473	0.9772539138793945	0	0
raw_ntv2_single_train_medoid	interval|hg38|chr1|92907989|92908900|-|171958	human:hg38	chr1	coord|human:hg38|chr1|92907989|92908900|-|171958	hc|0824	L2	MSTA	0.9426859617	0.9772539138793945	0	0
raw_ntv2_single_train_medoid	interval|hg38|chr1|175559963|175561216|-|267617	human:hg38	chr1	coord|human:hg38|chr1|175559963|175561216|-|267617	hc|0865	L3	L2	0.887473464	0.9772539138793945	0	0
raw_ntv2_single_train_medoid	interval|hg38|chr1|115376060|115377031|+|205871	human:hg38	chr1	coord|human:hg38|chr1|115376060|115377031|+|205871	hc|0866	L3	L3	0.9492528439	0.9772539138793945	0	1
raw_ntv2_single_train_medoid	interval|hg38|chr13|94943214|94944182|+|1128855	human:hg38	chr13	coord|human:hg38|chr13|94943214|94944182|+|1128855	hc|0867	L3	L3	0.9427691102	0.9772539138793945	0	1
raw_ntv2_single_train_medoid	interval|hg38|chr1|221560476|221561234|+|337077	human:hg38	chr1	coord|human:hg38|chr1|221560476|221561234|+|337077	hc|0877	L3	L3	0.9662363529	0.9772539138793945	0	1
raw_ntv2_single_train_medoid	interval|hg38|chr1|60068299|60068986|-|121401	human:hg38	chr1	coord|human:hg38|chr1|60068299|60068986|-|121401	hc|0882	L3	AluJr4	0.9601511359	0.9772539138793945	0	0
raw_ntv2_single_train_medoid	interval|hg38|chr1|185491905|185492543|-|283713	human:hg38	chr1	coord|human:hg38|chr1|185491905|185492543|-|283713	hc|0890	L3	MIR	0.9562371969	0.9772539138793945	0	0
raw_ntv2_single_train_medoid	interval|hg38|chr13|32448237|32448846|+|1042915	human:hg38	chr13	coord|human:hg38|chr13|32448237|32448846|+|1042915	hc|0897	L3	L3	0.9593168497	0.9772539138793945	0	1
raw_ntv2_single_train_medoid	interval|hg38|chr13|26132818|26133008|-|1032488	human:hg38	chr13	coord|human:hg38|chr13|26132818|26133008|-|1032488	hc|1025	MER5A	MIRc	0.957271874	0.9772539138793945	0	0
raw_ntv2_single_train_medoid	interval|hg38|chr1|116173109|116173298|-|207142	human:hg38	chr1	coord|human:hg38|chr1|116173109|116173298|-|207142	hc|1034	MER5A	MIR	0.9709069133	0.9772539138793945	0	0
raw_ntv2_single_train_medoid	interval|hg38|chr13|109330217|109330406|+|1149011	human:hg38	chr13	coord|human:hg38|chr13|109330217|109330406|+|1149011	hc|1039	MER5A	MER5A	0.9910912514	0.9772539138793945	1	1
raw_ntv2_single_train_medoid	interval|hg38|chr11|37688484|37688673|+|645340	human:hg38	chr11	coord|human:hg38|chr11|37688484|37688673|+|645340	hc|1043	MER5A	MER5A	0.9842873812	0.9772539138793945	1	1
raw_ntv2_single_train_medoid	interval|hg38|chr11|87960158|87960346|-|725499	human:hg38	chr11	coord|human:hg38|chr11|87960158|87960346|-|725499	hc|1052	MER5A	MIR	0.9713841677	0.9772539138793945	0	0
raw_ntv2_single_train_medoid	interval|hg38|chr11|79244051|79244239|-|711160	human:hg38	chr11	coord|human:hg38|chr11|79244051|79244239|-|711160	hc|1059	MER5A	MER5A	0.9818139076	0.9772539138793945	1	1
raw_ntv2_single_train_medoid	interval|hg38|chr11|17682878|17683214|-|614237	human:hg38	chr11	coord|human:hg38|chr11|17682878|17683214|-|614237	hc|0120	MIR	MIR	0.9754602909	0.9772539138793945	0	1
raw_ntv2_single_train_medoid	interval|hg38|chr1|205488833|205489105|+|312550	human:hg38	chr1	coord|human:hg38|chr1|205488833|205489105|+|312550	hc|0124	MIR	MIR	0.966730237	0.9772539138793945	0	1
raw_ntv2_single_train_medoid	interval|hg38|chr13|60851003|60851268|-|1085231	human:hg38	chr13	coord|human:hg38|chr13|60851003|60851268|-|1085231	hc|0130	MIR	MIR	0.9761090279	0.9772539138793945	0	1
raw_ntv2_single_train_medoid	interval|hg38|chr1|204487958|204488223|-|310684	human:hg38	chr1	coord|human:hg38|chr1|204487958|204488223|-|310684	hc|0131	MIR	MIR	0.9726215601	0.9772539138793945	0	1
raw_ntv2_single_train_medoid	interval|hg38|chr1|178263260|178263524|-|271633	human:hg38	chr1	coord|human:hg38|chr1|178263260|178263524|-|271633	hc|0135	MIR	MIRc	0.983556807	0.9772539138793945	1	0
raw_ntv2_single_train_medoid	interval|hg38|chr1|201087144|201087407|-|304438	human:hg38	chr1	coord|human:hg38|chr1|201087144|201087407|-|304438	hc|0138	MIR	MIR	0.9560067058	0.9772539138793945	0	1
raw_ntv2_single_train_medoid	interval|hg38|chr1|195834144|195834407|+|297028	human:hg38	chr1	coord|human:hg38|chr1|195834144|195834407|+|297028	hc|0141	MIR	MIRb	0.9635539055	0.9772539138793945	0	0
raw_ntv2_single_train_medoid	interval|hg38|chr11|120146407|120146670|-|774610	human:hg38	chr11	coord|human:hg38|chr11|120146407|120146670|-|774610	hc|0142	MIR	MIR	0.9681981802	0.9772539138793945	0	1
raw_ntv2_single_train_medoid	interval|hg38|chr1|115260156|115260418|+|205716	human:hg38	chr1	coord|human:hg38|chr1|115260156|115260418|+|205716	hc|0145	MIR	MIR	0.9813168049	0.9772539138793945	1	1
raw_ntv2_single_train_medoid	interval|hg38|chr1|157997127|157997389|+|240588	human:hg38	chr1	coord|human:hg38|chr1|157997127|157997389|+|240588	hc|0146	MIR	MER5A	0.9792469144	0.9772539138793945	1	0
raw_ntv2_single_train_medoid	interval|hg38|chr13|39790122|39790383|+|1053620	human:hg38	chr13	coord|human:hg38|chr13|39790122|39790383|+|1053620	hc|0154	MIR	MIR	0.9730337262	0.9772539138793945	0	1
raw_ntv2_single_train_medoid	interval|hg38|chr1|10787039|10787260|-|16483	human:hg38	chr1	coord|human:hg38|chr1|10787039|10787260|-|16483	hc|0507	MIR3	MIR	0.9537573457	0.9772539138793945	0	0
raw_ntv2_single_train_medoid	interval|hg38|chr11|72088660|72088881|+|695954	human:hg38	chr11	coord|human:hg38|chr11|72088660|72088881|+|695954	hc|0509	MIR3	AluJr	0.9545335174	0.9772539138793945	0	0
raw_ntv2_single_train_medoid	interval|hg38|chr11|92345709|92345926|+|731517	human:hg38	chr11	coord|human:hg38|chr11|92345709|92345926|+|731517	hc|0511	MIR3	MIR3	0.9561362267	0.9772539138793945	0	1
raw_ntv2_single_train_medoid	interval|hg38|chr1|156965347|156965560|+|239002	human:hg38	chr1	coord|human:hg38|chr1|156965347|156965560|+|239002	hc|0514	MIR3	MER5A	0.9799830914	0.9772539138793945	1	0
raw_ntv2_single_train_medoid	interval|hg38|chr13|40350403|40350604|+|1054403	human:hg38	chr13	coord|human:hg38|chr13|40350403|40350604|+|1054403	hc|0538	MIR3	MER5A	0.9807221889	0.9772539138793945	1	0
raw_ntv2_single_train_medoid	interval|hg38|chr11|40320570|40320771|+|648820	human:hg38	chr11	coord|human:hg38|chr11|40320570|40320771|+|648820	hc|0539	MIR3	MIR3	0.9539198279	0.9772539138793945	0	1
raw_ntv2_single_train_medoid	interval|hg38|chr11|26633262|26633462|-|627690	human:hg38	chr11	coord|human:hg38|chr11|26633262|26633462|-|627690	hc|0541	MIR3	MIRb	0.9745516777	0.9772539138793945	0	0
raw_ntv2_single_train_medoid	interval|hg38|chr11|130436464|130436664|-|790637	human:hg38	chr11	coord|human:hg38|chr11|130436464|130436664|-|790637	hc|0542	MIR3	MER5A	0.9810466766	0.9772539138793945	1	0
raw_ntv2_single_train_medoid	interval|hg38|chr1|56039075|56039274|+|113524	human:hg38	chr1	coord|human:hg38|chr1|56039075|56039274|+|113524	hc|0543	MIR3	AluJr	0.9456028342	0.9772539138793945	0	0
raw_ntv2_single_train_medoid	interval|hg38|chr1|57401601|57401800|-|116197	human:hg38	chr1	coord|human:hg38|chr1|57401601|57401800|-|116197	hc|0546	MIR3	MIR	0.9640601277	0.9772539138793945	0	0
raw_ntv2_single_train_medoid	interval|hg38|chr1|17595764|17596060|-|30300	human:hg38	chr1	coord|human:hg38|chr1|17595764|17596060|-|30300	hc|0001	MIRb	MER5A	0.9890365601	0.9772539138793945	1	0
raw_ntv2_single_train_medoid	interval|hg38|chr1|118110852|118111117|+|210369	human:hg38	chr1	coord|human:hg38|chr1|118110852|118111117|+|210369	hc|0004	MIRb	MIR	0.967549324	0.9772539138793945	0	0
raw_ntv2_single_train_medoid	interval|hg38|chr1|177770561|177770824|+|270820	human:hg38	chr1	coord|human:hg38|chr1|177770561|177770824|+|270820	hc|0006	MIRb	MIR	0.9597669244	0.9772539138793945	0	0
raw_ntv2_single_train_medoid	interval|hg38|chr1|30049395|30049656|+|59400	human:hg38	chr1	coord|human:hg38|chr1|30049395|30049656|+|59400	hc|0013	MIRb	MIR	0.9687753916	0.9772539138793945	0	0
raw_ntv2_single_train_medoid	interval|hg38|chr1|49173199|49173460|-|99040	human:hg38	chr1	coord|human:hg38|chr1|49173199|49173460|-|99040	hc|0014	MIRb	MIRb	0.9706084728	0.9772539138793945	0	1
raw_ntv2_single_train_medoid	interval|hg38|chr1|215812855|215813114|+|328988	human:hg38	chr1	coord|human:hg38|chr1|215812855|215813114|+|328988	hc|0023	MIRb	MIRb	0.9716771841	0.9772539138793945	0	1
raw_ntv2_single_train_medoid	interval|hg38|chr1|48485253|48485511|-|97699	human:hg38	chr1	coord|human:hg38|chr1|48485253|48485511|-|97699	hc|0030	MIRb	MIR	0.9740409851	0.9772539138793945	0	0
raw_ntv2_single_train_medoid	interval|hg38|chr1|15146959|15147216|+|25032	human:hg38	chr1	coord|human:hg38|chr1|15146959|15147216|+|25032	hc|0039	MIRb	MIR	0.9732534289	0.9772539138793945	0	0
raw_ntv2_single_train_medoid	interval|hg38|chr1|18409434|18409690|+|32027	human:hg38	chr1	coord|human:hg38|chr1|18409434|18409690|+|32027	hc|0365	MIRc	MIR	0.9628955126	0.9772539138793945	0	0
raw_ntv2_single_train_medoid	interval|hg38|chr1|154518952|154519205|+|234180	human:hg38	chr1	coord|human:hg38|chr1|154518952|154519205|+|234180	hc|0375	MIRc	MIRb	0.9542068243	0.9772539138793945	0	0
raw_ntv2_single_train_medoid	interval|hg38|chr11|86787791|86788042|-|723650	human:hg38	chr11	coord|human:hg38|chr11|86787791|86788042|-|723650	hc|0388	MIRc	MIR	0.9712670445	0.9772539138793945	0	0
raw_ntv2_single_train_medoid	interval|hg38|chr11|109649300|109649551|+|756882	human:hg38	chr11	coord|human:hg38|chr11|109649300|109649551|+|756882	hc|0389	MIRc	AluJr	0.9392618537	0.9772539138793945	0	0
raw_ntv2_single_train_medoid	interval|hg38|chr13|93594630|93595001|-|1126968	human:hg38	chr13	coord|human:hg38|chr13|93594630|93595001|-|1126968	hc|1180	MLT1A0	MIRc	0.9752562046	0.9772539138793945	0	0
raw_ntv2_single_train_medoid	interval|hg38|chr11|80422277|80422648|-|713307	human:hg38	chr11	coord|human:hg38|chr11|80422277|80422648|-|713307	hc|1182	MLT1A0	MLT1A0	0.9594011307	0.9772539138793945	0	1
raw_ntv2_single_train_medoid	interval|hg38|chr11|103361120|103361490|+|747247	human:hg38	chr11	coord|human:hg38|chr11|103361120|103361490|+|747247	hc|1186	MLT1A0	MLT1A0	0.9664179087	0.9772539138793945	0	1
raw_ntv2_single_train_medoid	interval|hg38|chr1|230776034|230776402|-|352429	human:hg38	chr1	coord|human:hg38|chr1|230776034|230776402|-|352429	hc|1195	MLT1A0	MIR	0.9742916822	0.9772539138793945	0	0
raw_ntv2_single_train_medoid	interval|hg38|chr13|93104826|93105194|+|1126379	human:hg38	chr13	coord|human:hg38|chr13|93104826|93105194|+|1126379	hc|1197	MLT1A0	MIRc	0.9713186026	0.9772539138793945	0	0
raw_ntv2_single_train_medoid	interval|hg38|chr11|11511587|11511955|+|604100	human:hg38	chr11	coord|human:hg38|chr11|11511587|11511955|+|604100	hc|1204	MLT1A0	MIRc	0.9737166166	0.9772539138793945	0	0
raw_ntv2_single_train_medoid	interval|hg38|chr1|216537061|216537429|+|329857	human:hg38	chr1	coord|human:hg38|chr1|216537061|216537429|+|329857	hc|1205	MLT1A0	MIR3	0.9640443325	0.9772539138793945	0	0
raw_ntv2_single_train_medoid	interval|hg38|chr1|233552614|233552982|+|356749	human:hg38	chr1	coord|human:hg38|chr1|233552614|233552982|+|356749	hc|1206	MLT1A0	MLT1A0	0.9720025063	0.9772539138793945	0	1
raw_ntv2_single_train_medoid	interval|hg38|chr13|74861844|74862212|+|1102905	human:hg38	chr13	coord|human:hg38|chr13|74861844|74862212|+|1102905	hc|1209	MLT1A0	MLT1A0	0.9683163166	0.9772539138793945	0	1
raw_ntv2_single_train_medoid	interval|hg38|chr1|39271118|39271551|-|79084	human:hg38	chr1	coord|human:hg38|chr1|39271118|39271551|-|79084	hc|1103	MSTA	THE1B	0.9682530165	0.9772539138793945	0	0
raw_ntv2_single_train_medoid	interval|hg38|chr1|158504271|158504703|-|241301	human:hg38	chr1	coord|human:hg38|chr1|158504271|158504703|-|241301	hc|1104	MSTA	THE1B	0.9701427817	0.9772539138793945	0	0
raw_ntv2_single_train_medoid	interval|hg38|chr1|70425502|70425933|-|139372	human:hg38	chr1	coord|human:hg38|chr1|70425502|70425933|-|139372	hc|1107	MSTA	MSTA	0.9574793577	0.9772539138793945	0	1
raw_ntv2_single_train_medoid	interval|hg38|chr11|27261709|27262139|-|628626	human:hg38	chr11	coord|human:hg38|chr11|27261709|27262139|-|628626	hc|1110	MSTA	THE1B	0.9742711782	0.9772539138793945	0	0
raw_ntv2_single_train_medoid	interval|hg38|chr1|6855251|6855679|-|8968	human:hg38	chr1	coord|human:hg38|chr1|6855251|6855679|-|8968	hc|1116	MSTA	THE1B	0.9694443941	0.9772539138793945	0	0
raw_ntv2_single_train_medoid	interval|hg38|chr1|165081178|165081604|-|251271	human:hg38	chr1	coord|human:hg38|chr1|165081178|165081604|-|251271	hc|1125	MSTA	THE1B	0.9757163525	0.9772539138793945	0	0
raw_ntv2_single_train_medoid	interval|hg38|chr1|16778473|16778899|-|28488	human:hg38	chr1	coord|human:hg38|chr1|16778473|16778899|-|28488	hc|1127	MSTA	THE1B	0.9695925713	0.9772539138793945	0	0
raw_ntv2_single_train_medoid	interval|hg38|chr1|234803657|234804083|+|358716	human:hg38	chr1	coord|human:hg38|chr1|234803657|234804083|+|358716	hc|1127	MSTA	THE1B	0.9682654142	0.9772539138793945	0	0
raw_ntv2_single_train_medoid	interval|hg38|chr1|72838319|72838745|+|142592	human:hg38	chr1	coord|human:hg38|chr1|72838319|72838745|+|142592	hc|1130	MSTA	THE1B	0.9652451277	0.9772539138793945	0	0
raw_ntv2_single_train_medoid	interval|hg38|chr1|227426183|227426609|-|347368	human:hg38	chr1	coord|human:hg38|chr1|227426183|227426609|-|347368	hc|1133	MSTA	THE1B	0.9702022076	0.9772539138793945	0	0
raw_ntv2_single_train_medoid	interval|hg38|chr13|110764425|110764851|+|1150752	human:hg38	chr13	coord|human:hg38|chr13|110764425|110764851|+|1150752	hc|1134	MSTA	THE1B	0.9698731899	0.9772539138793945	0	0
raw_ntv2_single_train_medoid	interval|hg38|chr1|231876067|231876493|+|354328	human:hg38	chr1	coord|human:hg38|chr1|231876067|231876493|+|354328	hc|1138	MSTA	THE1B	0.9711747169	0.9772539138793945	0	0
raw_ntv2_single_train_medoid	interval|hg38|chr1|223046494|223046863|-|339402	human:hg38	chr1	coord|human:hg38|chr1|223046494|223046863|-|339402	hc|1385	THE1B	MIR	0.9667588472	0.9772539138793945	0	0
raw_ntv2_single_train_medoid	interval|hg38|chr1|49187824|49188193|+|99070	human:hg38	chr1	coord|human:hg38|chr1|49187824|49188193|+|99070	hc|1387	THE1B	MIRc	0.9797692895	0.9772539138793945	1	0
raw_ntv2_single_train_medoid	interval|hg38|chr1|235008729|235009098|-|359088	human:hg38	chr1	coord|human:hg38|chr1|235008729|235009098|-|359088	hc|1393	THE1B	MIR	0.9697062969	0.9772539138793945	0	0
raw_ntv2_single_train_medoid	interval|hg38|chr13|55835770|55836139|+|1078771	human:hg38	chr13	coord|human:hg38|chr13|55835770|55836139|+|1078771	hc|1396	THE1B	THE1B	0.9689517021	0.9772539138793945	0	1
raw_ntv2_single_train_medoid	interval|hg38|chr13|65203411|65203780|+|1090603	human:hg38	chr13	coord|human:hg38|chr13|65203411|65203780|+|1090603	hc|1398	THE1B	MIR	0.9757871032	0.9772539138793945	0	0
raw_ntv2_single_train_medoid	interval|hg38|chr13|103267225|103267594|+|1141746	human:hg38	chr13	coord|human:hg38|chr13|103267225|103267594|+|1141746	hc|1399	THE1B	MER5A	0.9781594872	0.9772539138793945	1	0
raw_ntv2_single_train_medoid	interval|hg38|chr1|78120524|78120892|-|150333	human:hg38	chr1	coord|human:hg38|chr1|78120524|78120892|-|150333	hc|1402	THE1B	THE1B	0.98097229	0.9772539138793945	1	1
raw_ntv2_single_train_medoid	interval|hg38|chr13|32104654|32105022|+|1042390	human:hg38	chr13	coord|human:hg38|chr13|32104654|32105022|+|1042390	hc|1409	THE1B	MIR	0.9720264673	0.9772539138793945	0	0
raw_ntv2_k4_natural_prototypes	interval|hg38|chr13|61060225|61060586|-|1085518	human:hg38	chr13	coord|human:hg38|chr13|61060225|61060586|-|1085518	hc|0198	AluJb	AluSc	0.961935401	0.9833871722221375	0	0
raw_ntv2_k4_natural_prototypes	interval|hg38|chr1|13746501|13746853|-|22298	human:hg38	chr1	coord|human:hg38|chr1|13746501|13746853|-|22298	hc|0200	AluJb	AluSx1	0.9715610743	0.9833871722221375	0	0
raw_ntv2_k4_natural_prototypes	interval|hg38|chr1|204583666|204584007|+|310906	human:hg38	chr1	coord|human:hg38|chr1|204583666|204584007|+|310906	hc|0201	AluJb	AluSg	0.9765332937	0.9833871722221375	0	0
raw_ntv2_k4_natural_prototypes	interval|hg38|chr11|111559418|111559757|-|759912	human:hg38	chr11	coord|human:hg38|chr11|111559418|111559757|-|759912	hc|0206	AluJb	AluSz6	0.9511017799	0.9833871722221375	0	0
raw_ntv2_k4_natural_prototypes	interval|hg38|chr13|104776246|104776583|-|1143493	human:hg38	chr13	coord|human:hg38|chr13|104776246|104776583|-|1143493	hc|0209	AluJb	AluSz	0.9765233994	0.9833871722221375	0	0
raw_ntv2_k4_natural_prototypes	interval|hg38|chr11|9471897|9472228|-|600438	human:hg38	chr11	coord|human:hg38|chr11|9471897|9472228|-|600438	hc|0217	AluJb	AluSq2	0.9773623347	0.9833871722221375	0	0
raw_ntv2_k4_natural_prototypes	interval|hg38|chr1|28499446|28499775|-|55882	human:hg38	chr1	coord|human:hg38|chr1|28499446|28499775|-|55882	hc|0223	AluJb	AluSq	0.9844125509	0.9833871722221375	1	0
raw_ntv2_k4_natural_prototypes	interval|hg38|chr1|10190176|10190505|-|15467	human:hg38	chr1	coord|human:hg38|chr1|10190176|10190505|-|15467	hc|0224	AluJb	AluSx1	0.9790297747	0.9833871722221375	0	0
raw_ntv2_k4_natural_prototypes	interval|hg38|chr13|66512789|66513117|-|1092167	human:hg38	chr13	coord|human:hg38|chr13|66512789|66513117|-|1092167	hc|0228	AluJb	AluSq2	0.9833071232	0.9833871722221375	0	0
raw_ntv2_k4_natural_prototypes	interval|hg38|chr1|12681220|12681548|-|20481	human:hg38	chr1	coord|human:hg38|chr1|12681220|12681548|-|20481	hc|0229	AluJb	AluJr	0.9791084528	0.9833871722221375	0	0
raw_ntv2_k4_natural_prototypes	interval|hg38|chr1|28994633|28994959|-|57285	human:hg38	chr1	coord|human:hg38|chr1|28994633|28994959|-|57285	hc|0234	AluJb	AluJo	0.9528693557	0.9833871722221375	0	0
raw_ntv2_k4_natural_prototypes	interval|hg38|chr1|21917149|21917494|+|39669	human:hg38	chr1	coord|human:hg38|chr1|21917149|21917494|+|39669	hc|0429	AluJo	AluJo	0.9537201524	0.9833871722221375	0	1
raw_ntv2_k4_natural_prototypes	interval|hg38|chr11|83108441|83108783|-|717560	human:hg38	chr11	coord|human:hg38|chr11|83108441|83108783|-|717560	hc|0432	AluJo	AluJb	0.9779078364	0.9833871722221375	0	0
raw_ntv2_k4_natural_prototypes	interval|hg38|chr11|20525408|20525749|-|619259	human:hg38	chr11	coord|human:hg38|chr11|20525408|20525749|-|619259	hc|0433	AluJo	AluSx1	0.9754564166	0.9833871722221375	0	0
raw_ntv2_k4_natural_prototypes	interval|hg38|chr1|229536218|229536553|+|350406	human:hg38	chr1	coord|human:hg38|chr1|229536218|229536553|+|350406	hc|0435	AluJo	AluJo	0.9534053802	0.9833871722221375	0	1
raw_ntv2_k4_natural_prototypes	interval|hg38|chr1|58180260|58180594|-|117763	human:hg38	chr1	coord|human:hg38|chr1|58180260|58180594|-|117763	hc|0437	AluJo	AluSq	0.9866070747	0.9833871722221375	1	0
raw_ntv2_k4_natural_prototypes	interval|hg38|chr13|110538323|110538656|+|1150355	human:hg38	chr13	coord|human:hg38|chr13|110538323|110538656|+|1150355	hc|0438	AluJo	AluJb	0.9680433273	0.9833871722221375	0	0
raw_ntv2_k4_natural_prototypes	interval|hg38|chr1|35051946|35052277|-|70225	human:hg38	chr1	coord|human:hg38|chr1|35051946|35052277|-|70225	hc|0440	AluJo	AluJb	0.9806940556	0.9833871722221375	0	0
raw_ntv2_k4_natural_prototypes	interval|hg38|chr11|82793727|82794055|+|716968	human:hg38	chr11	coord|human:hg38|chr11|82793727|82794055|+|716968	hc|0445	AluJo	AluJo	0.97017169	0.9833871722221375	0	1
raw_ntv2_k4_natural_prototypes	interval|hg38|chr1|28378927|28379254|-|55570	human:hg38	chr1	coord|human:hg38|chr1|28378927|28379254|-|55570	hc|0447	AluJo	AluSq2	0.9865713716	0.9833871722221375	1	0
raw_ntv2_k4_natural_prototypes	interval|hg38|chr13|35496352|35496677|+|1047554	human:hg38	chr13	coord|human:hg38|chr13|35496352|35496677|+|1047554	hc|0449	AluJo	AluJr	0.970053792	0.9833871722221375	0	0
raw_ntv2_k4_natural_prototypes	interval|hg38|chr13|98628141|98628463|-|1134788	human:hg38	chr13	coord|human:hg38|chr13|98628141|98628463|-|1134788	hc|0451	AluJo	AluSq	0.982876718	0.9833871722221375	0	0
raw_ntv2_k4_natural_prototypes	interval|hg38|chr13|28115945|28116263|-|1036072	human:hg38	chr13	coord|human:hg38|chr13|28115945|28116263|-|1036072	hc|0457	AluJo	AluJb	0.9813723564	0.9833871722221375	0	0
raw_ntv2_k4_natural_prototypes	interval|hg38|chr13|52875454|52875772|-|1074969	human:hg38	chr13	coord|human:hg38|chr13|52875454|52875772|-|1074969	hc|0460	AluJo	AluJo	0.9835501909	0.9833871722221375	1	1
raw_ntv2_k4_natural_prototypes	interval|hg38|chr11|18226148|18226465|+|615198	human:hg38	chr11	coord|human:hg38|chr11|18226148|18226465|+|615198	hc|0466	AluJo	AluJr	0.9800277948	0.9833871722221375	0	0
raw_ntv2_k4_natural_prototypes	interval|hg38|chr11|33549721|33550061|+|638718	human:hg38	chr11	coord|human:hg38|chr11|33549721|33550061|+|638718	hc|0392	AluJr	AluSz6	0.9756247997	0.9833871722221375	0	0
raw_ntv2_k4_natural_prototypes	interval|hg38|chr1|212648304|212648644|-|324291	human:hg38	chr1	coord|human:hg38|chr1|212648304|212648644|-|324291	hc|0393	AluJr	AluSc8	0.9590767622	0.9833871722221375	0	0
raw_ntv2_k4_natural_prototypes	interval|hg38|chr13|98692136|98692458|-|1134927	human:hg38	chr13	coord|human:hg38|chr13|98692136|98692458|-|1134927	hc|0407	AluJr	AluJb	0.9708843231	0.9833871722221375	0	0
raw_ntv2_k4_natural_prototypes	interval|hg38|chr1|99955784|99956103|-|182545	human:hg38	chr1	coord|human:hg38|chr1|99955784|99956103|-|182545	hc|0411	AluJr	AluSq	0.9804592133	0.9833871722221375	0	0
raw_ntv2_k4_natural_prototypes	interval|hg38|chr1|173119364|173119679|-|263675	human:hg38	chr1	coord|human:hg38|chr1|173119364|173119679|-|263675	hc|1080	AluJr4	AluJb	0.9887281656	0.9833871722221375	1	0
raw_ntv2_k4_natural_prototypes	interval|hg38|chr1|173888414|173888729|-|264940	human:hg38	chr1	coord|human:hg38|chr1|173888414|173888729|-|264940	hc|1083	AluJr4	AluSq2	0.98785007	0.9833871722221375	1	0
raw_ntv2_k4_natural_prototypes	interval|hg38|chr1|24968046|24968360|-|47067	human:hg38	chr1	coord|human:hg38|chr1|24968046|24968360|-|47067	hc|1086	AluJr4	AluSq2	0.9815580249	0.9833871722221375	0	0
raw_ntv2_k4_natural_prototypes	interval|hg38|chr11|108636204|108636518|+|755370	human:hg38	chr11	coord|human:hg38|chr11|108636204|108636518|+|755370	hc|1090	AluJr4	AluSx3	0.9784150124	0.9833871722221375	0	0
raw_ntv2_k4_natural_prototypes	interval|hg38|chr1|217611897|217612210|+|331186	human:hg38	chr1	coord|human:hg38|chr1|217611897|217612210|+|331186	hc|1093	AluJr4	AluSq2	0.9781882167	0.9833871722221375	0	0
raw_ntv2_k4_natural_prototypes	interval|hg38|chr1|94969079|94969392|-|175426	human:hg38	chr1	coord|human:hg38|chr1|94969079|94969392|-|175426	hc|1098	AluJr4	AluSq2	0.9784016609	0.9833871722221375	0	0
raw_ntv2_k4_natural_prototypes	interval|hg38|chr1|171453717|171454030|-|261220	human:hg38	chr1	coord|human:hg38|chr1|171453717|171454030|-|261220	hc|1099	AluJr4	AluJb	0.986694932	0.9833871722221375	1	0
raw_ntv2_k4_natural_prototypes	interval|hg38|chr1|143696235|143696567|-|216021	human:hg38	chr1	coord|human:hg38|chr1|143696235|143696567|-|216021	hc|0676	AluSc	AluSg	0.9846221209	0.9833871722221375	1	0
raw_ntv2_k4_natural_prototypes	interval|hg38|chr11|130039964|130040291|+|789901	human:hg38	chr11	coord|human:hg38|chr11|130039964|130040291|+|789901	hc|0689	AluSc	AluSc8	0.977686882	0.9833871722221375	0	0
raw_ntv2_k4_natural_prototypes	interval|hg38|chr13|64285385|64285710|-|1089450	human:hg38	chr13	coord|human:hg38|chr13|64285385|64285710|-|1089450	hc|0692	AluSc	AluSq2	0.982080102	0.9833871722221375	0	0
raw_ntv2_k4_natural_prototypes	interval|hg38|chr1|108915400|108915724|-|194778	human:hg38	chr1	coord|human:hg38|chr1|108915400|108915724|-|194778	hc|0694	AluSc	AluSg	0.9767098427	0.9833871722221375	0	0
raw_ntv2_k4_natural_prototypes	interval|hg38|chr13|77939715|77940039|+|1107294	human:hg38	chr13	coord|human:hg38|chr13|77939715|77940039|+|1107294	hc|0696	AluSc	AluSc8	0.972394228	0.9833871722221375	0	0
raw_ntv2_k4_natural_prototypes	interval|hg38|chr11|73035696|73036018|-|697828	human:hg38	chr11	coord|human:hg38|chr11|73035696|73036018|-|697828	hc|0704	AluSc	AluSc	0.9797919989	0.9833871722221375	0	1
raw_ntv2_k4_natural_prototypes	interval|hg38|chr1|183643262|183643590|-|280733	human:hg38	chr1	coord|human:hg38|chr1|183643262|183643590|-|280733	hc|0832	AluSc8	AluSx3	0.9674890041	0.9833871722221375	0	0
raw_ntv2_k4_natural_prototypes	interval|hg38|chr1|155585241|155585568|+|236340	human:hg38	chr1	coord|human:hg38|chr1|155585241|155585568|+|236340	hc|0833	AluSc8	AluSq2	0.9848636985	0.9833871722221375	1	0
raw_ntv2_k4_natural_prototypes	interval|hg38|chr13|103483393|103483717|-|1142024	human:hg38	chr13	coord|human:hg38|chr13|103483393|103483717|-|1142024	hc|0841	AluSc8	AluSq	0.9746170044	0.9833871722221375	0	0
raw_ntv2_k4_natural_prototypes	interval|hg38|chr1|20584097|20584414|+|36774	human:hg38	chr1	coord|human:hg38|chr1|20584097|20584414|+|36774	hc|0859	AluSc8	AluSz6	0.9682137966	0.9833871722221375	0	0
raw_ntv2_k4_natural_prototypes	interval|hg38|chr1|85945002|85945318|-|161108	human:hg38	chr1	coord|human:hg38|chr1|85945002|85945318|-|161108	hc|0864	AluSc8	AluSz6	0.9745538235	0.9833871722221375	0	0
raw_ntv2_k4_natural_prototypes	interval|hg38|chr1|227737992|227738333|-|347749	human:hg38	chr1	coord|human:hg38|chr1|227737992|227738333|-|347749	hc|0629	AluSg	AluSg	0.9808092713	0.9833871722221375	0	1
raw_ntv2_k4_natural_prototypes	interval|hg38|chr1|69853245|69853576|-|138517	human:hg38	chr1	coord|human:hg38|chr1|69853245|69853576|-|138517	hc|0638	AluSg	AluSq	0.981771946	0.9833871722221375	0	0
raw_ntv2_k4_natural_prototypes	interval|hg38|chr1|206818780|206819109|-|314788	human:hg38	chr1	coord|human:hg38|chr1|206818780|206819109|-|314788	hc|0642	AluSg	AluSx4	0.9553178549	0.9833871722221375	0	0
raw_ntv2_k4_natural_prototypes	interval|hg38|chr1|6529309|6529637|+|8260	human:hg38	chr1	coord|human:hg38|chr1|6529309|6529637|+|8260	hc|0644	AluSg	AluSq	0.9840441942	0.9833871722221375	1	0
raw_ntv2_k4_natural_prototypes	interval|hg38|chr1|151643264|151643592|-|229379	human:hg38	chr1	coord|human:hg38|chr1|151643264|151643592|-|229379	hc|0646	AluSg	AluSg	0.9687378407	0.9833871722221375	0	1
raw_ntv2_k4_natural_prototypes	interval|hg38|chr1|200552915|200553235|-|303482	human:hg38	chr1	coord|human:hg38|chr1|200552915|200553235|-|303482	hc|0663	AluSg	AluSc	0.9741700292	0.9833871722221375	0	0
raw_ntv2_k4_natural_prototypes	interval|hg38|chr1|236972669|236972989|+|362967	human:hg38	chr1	coord|human:hg38|chr1|236972669|236972989|+|362967	hc|0664	AluSg	AluY	0.95135957	0.9833871722221375	0	0
raw_ntv2_k4_natural_prototypes	interval|hg38|chr11|4663071|4663414|+|593281	human:hg38	chr11	coord|human:hg38|chr11|4663071|4663414|+|593281	hc|0468	AluSp	AluSq	0.9859476686	0.9833871722221375	1	0
raw_ntv2_k4_natural_prototypes	interval|hg38|chr13|33872451|33872793|+|1045239	human:hg38	chr13	coord|human:hg38|chr13|33872451|33872793|+|1045239	hc|0469	AluSp	AluSc8	0.9776958823	0.9833871722221375	0	0
raw_ntv2_k4_natural_prototypes	interval|hg38|chr1|230845401|230845741|+|352530	human:hg38	chr1	coord|human:hg38|chr1|230845401|230845741|+|352530	hc|0471	AluSp	AluSq2	0.9865887761	0.9833871722221375	1	0
raw_ntv2_k4_natural_prototypes	interval|hg38|chr1|112735388|112735726|+|201071	human:hg38	chr1	coord|human:hg38|chr1|112735388|112735726|+|201071	hc|0476	AluSp	AluSz6	0.9802761078	0.9833871722221375	0	0
raw_ntv2_k4_natural_prototypes	interval|hg38|chr1|72149600|72149934|+|141771	human:hg38	chr1	coord|human:hg38|chr1|72149600|72149934|+|141771	hc|0484	AluSp	AluSq2	0.9866831303	0.9833871722221375	1	0
raw_ntv2_k4_natural_prototypes	interval|hg38|chr11|42106182|42106515|+|651362	human:hg38	chr11	coord|human:hg38|chr11|42106182|42106515|+|651362	hc|0487	AluSp	AluSq2	0.9777619243	0.9833871722221375	0	0
raw_ntv2_k4_natural_prototypes	interval|hg38|chr11|71732386|71732718|-|695294	human:hg38	chr11	coord|human:hg38|chr11|71732386|71732718|-|695294	hc|0490	AluSp	AluSq2	0.9863400459	0.9833871722221375	1	0
raw_ntv2_k4_natural_prototypes	interval|hg38|chr1|214495663|214495994|-|327198	human:hg38	chr1	coord|human:hg38|chr1|214495663|214495994|-|327198	hc|0493	AluSp	AluSx1	0.9782556295	0.9833871722221375	0	0
raw_ntv2_k4_natural_prototypes	interval|hg38|chr11|8779485|8779814|-|598973	human:hg38	chr11	coord|human:hg38|chr11|8779485|8779814|-|598973	hc|0497	AluSp	AluSq2	0.9872838259	0.9833871722221375	1	0
raw_ntv2_k4_natural_prototypes	interval|hg38|chr1|242555877|242556205|-|371508	human:hg38	chr1	coord|human:hg38|chr1|242555877|242556205|-|371508	hc|0501	AluSp	AluSq	0.9887434244	0.9833871722221375	1	0
raw_ntv2_k4_natural_prototypes	interval|hg38|chr1|1477677|1478003|-|1840	human:hg38	chr1	coord|human:hg38|chr1|1477677|1478003|-|1840	hc|0505	AluSp	AluSq2	0.9726555347	0.9833871722221375	0	0
raw_ntv2_k4_natural_prototypes	interval|hg38|chr1|240620855|240621195|-|368285	human:hg38	chr1	coord|human:hg38|chr1|240620855|240621195|-|368285	hc|0985	AluSq	AluSq	0.9858831167	0.9833871722221375	1	1
raw_ntv2_k4_natural_prototypes	interval|hg38|chr1|241040465|241040787|-|368964	human:hg38	chr1	coord|human:hg38|chr1|241040465|241040787|-|368964	hc|0994	AluSq	AluSq2	0.9769431949	0.9833871722221375	0	0
raw_ntv2_k4_natural_prototypes	interval|hg38|chr1|92143489|92143811|-|170472	human:hg38	chr1	coord|human:hg38|chr1|92143489|92143811|-|170472	hc|0995	AluSq	AluSz6	0.9861127734	0.9833871722221375	1	0
raw_ntv2_k4_natural_prototypes	interval|hg38|chr1|225704954|225705275|+|344033	human:hg38	chr1	coord|human:hg38|chr1|225704954|225705275|+|344033	hc|0996	AluSq	AluSq	0.9841307402	0.9833871722221375	1	1
raw_ntv2_k4_natural_prototypes	interval|hg38|chr13|19821665|19821985|+|1022527	human:hg38	chr13	coord|human:hg38|chr13|19821665|19821985|+|1022527	hc|1000	AluSq	AluSz6	0.9848304987	0.9833871722221375	1	0
raw_ntv2_k4_natural_prototypes	interval|hg38|chr1|199990500|199990818|-|302443	human:hg38	chr1	coord|human:hg38|chr1|199990500|199990818|-|302443	hc|1010	AluSq	AluSc	0.9771429896	0.9833871722221375	0	0
raw_ntv2_k4_natural_prototypes	interval|hg38|chr1|235041713|235042030|-|359184	human:hg38	chr1	coord|human:hg38|chr1|235041713|235042030|-|359184	hc|1022	AluSq	AluSq	0.9897874594	0.9833871722221375	1	1
raw_ntv2_k4_natural_prototypes	interval|hg38|chr1|117133712|117134055|+|208740	human:hg38	chr1	coord|human:hg38|chr1|117133712|117134055|+|208740	hc|0317	AluSq2	AluSq2	0.9849114418	0.9833871722221375	1	1
raw_ntv2_k4_natural_prototypes	interval|hg38|chr13|52748111|52748453|+|1074758	human:hg38	chr13	coord|human:hg38|chr13|52748111|52748453|+|1074758	hc|0318	AluSq2	AluSz6	0.9570264816	0.9833871722221375	0	0
raw_ntv2_k4_natural_prototypes	interval|hg38|chr1|53790083|53790424|+|108852	human:hg38	chr1	coord|human:hg38|chr1|53790083|53790424|+|108852	hc|0323	AluSq2	AluSx3	0.9642675519	0.9833871722221375	0	0
raw_ntv2_k4_natural_prototypes	interval|hg38|chr11|35315511|35315851|+|641617	human:hg38	chr11	coord|human:hg38|chr11|35315511|35315851|+|641617	hc|0326	AluSq2	AluSz	0.9772763252	0.9833871722221375	0	0
raw_ntv2_k4_natural_prototypes	interval|hg38|chr11|80842044|80842384|-|713977	human:hg38	chr11	coord|human:hg38|chr11|80842044|80842384|-|713977	hc|0327	AluSq2	AluSx	0.9777386189	0.9833871722221375	0	0
raw_ntv2_k4_natural_prototypes	interval|hg38|chr13|62416751|62417090|+|1087198	human:hg38	chr13	coord|human:hg38|chr13|62416751|62417090|+|1087198	hc|0330	AluSq2	AluSq2	0.9748384356	0.9833871722221375	0	1
raw_ntv2_k4_natural_prototypes	interval|hg38|chr13|49829338|49829675|+|1070140	human:hg38	chr13	coord|human:hg38|chr13|49829338|49829675|+|1070140	hc|0333	AluSq2	AluSq	0.9861255884	0.9833871722221375	1	0
raw_ntv2_k4_natural_prototypes	interval|hg38|chr13|60541129|60541466|-|1084796	human:hg38	chr13	coord|human:hg38|chr13|60541129|60541466|-|1084796	hc|0334	AluSq2	AluSz	0.9758064151	0.9833871722221375	0	0
raw_ntv2_k4_natural_prototypes	interval|hg38|chr11|63536245|63536581|+|679684	human:hg38	chr11	coord|human:hg38|chr11|63536245|63536581|+|679684	hc|0337	AluSq2	AluSq2	0.9814001322	0.9833871722221375	0	1
raw_ntv2_k4_natural_prototypes	interval|hg38|chr11|37840530|37840866|-|645511	human:hg38	chr11	coord|human:hg38|chr11|37840530|37840866|-|645511	hc|0338	AluSq2	AluSq	0.9791492224	0.9833871722221375	0	0
raw_ntv2_k4_natural_prototypes	interval|hg38|chr1|241461063|241461398|+|369648	human:hg38	chr1	coord|human:hg38|chr1|241461063|241461398|+|369648	hc|0340	AluSq2	AluSq2	0.9817751646	0.9833871722221375	0	1
raw_ntv2_k4_natural_prototypes	interval|hg38|chr1|154973228|154973559|+|235039	human:hg38	chr1	coord|human:hg38|chr1|154973228|154973559|+|235039	hc|0350	AluSq2	AluSq2	0.9732996225	0.9833871722221375	0	1
raw_ntv2_k4_natural_prototypes	interval|hg38|chr1|201033351|201033695|-|304357	human:hg38	chr1	coord|human:hg38|chr1|201033351|201033695|-|304357	hc|0043	AluSx	AluSq2	0.9804462194	0.9833871722221375	0	0
raw_ntv2_k4_natural_prototypes	interval|hg38|chr1|233061718|233062058|-|355967	human:hg38	chr1	coord|human:hg38|chr1|233061718|233062058|-|355967	hc|0051	AluSx	AluSz	0.979845047	0.9833871722221375	0	0
raw_ntv2_k4_natural_prototypes	interval|hg38|chr1|53699024|53699363|-|108621	human:hg38	chr1	coord|human:hg38|chr1|53699024|53699363|-|108621	hc|0054	AluSx	AluSz6	0.9805466533	0.9833871722221375	0	0
raw_ntv2_k4_natural_prototypes	interval|hg38|chr11|70237593|70237930|+|693037	human:hg38	chr11	coord|human:hg38|chr11|70237593|70237930|+|693037	hc|0061	AluSx	AluSz	0.9760546684	0.9833871722221375	0	0
raw_ntv2_k4_natural_prototypes	interval|hg38|chr1|105626455|105626791|-|190246	human:hg38	chr1	coord|human:hg38|chr1|105626455|105626791|-|190246	hc|0064	AluSx	AluSx4	0.9639672041	0.9833871722221375	0	0
raw_ntv2_k4_natural_prototypes	interval|hg38|chr1|25075374|25075709|+|47296	human:hg38	chr1	coord|human:hg38|chr1|25075374|25075709|+|47296	hc|0065	AluSx	AluSx	0.9729974866	0.9833871722221375	0	1
raw_ntv2_k4_natural_prototypes	interval|hg38|chr13|24753874|24754215|+|1030461	human:hg38	chr13	coord|human:hg38|chr13|24753874|24754215|+|1030461	hc|0088	AluSx1	AluSx1	0.9809532166	0.9833871722221375	0	1
raw_ntv2_k4_natural_prototypes	interval|hg38|chr1|105990600|105990939|-|190680	human:hg38	chr1	coord|human:hg38|chr1|105990600|105990939|-|190680	hc|0093	AluSx1	AluSz	0.9811721444	0.9833871722221375	0	0
raw_ntv2_k4_natural_prototypes	interval|hg38|chr11|9830458|9830796|+|601214	human:hg38	chr11	coord|human:hg38|chr11|9830458|9830796|+|601214	hc|0096	AluSx1	AluSc8	0.9760522842	0.9833871722221375	0	0
raw_ntv2_k4_natural_prototypes	interval|hg38|chr1|218854792|218855129|-|333052	human:hg38	chr1	coord|human:hg38|chr1|218854792|218855129|-|333052	hc|0103	AluSx1	AluSz6	0.9782171249	0.9833871722221375	0	0
raw_ntv2_k4_natural_prototypes	interval|hg38|chr13|20124699|20125035|+|1023256	human:hg38	chr13	coord|human:hg38|chr13|20124699|20125035|+|1023256	hc|0110	AluSx1	AluSq	0.9636750817	0.9833871722221375	0	0
raw_ntv2_k4_natural_prototypes	interval|hg38|chr1|20594505|20594840|+|36800	human:hg38	chr1	coord|human:hg38|chr1|20594505|20594840|+|36800	hc|0114	AluSx1	AluSp	0.9760545492	0.9833871722221375	0	0
raw_ntv2_k4_natural_prototypes	interval|hg38|chr13|101337273|101337607|-|1139214	human:hg38	chr13	coord|human:hg38|chr13|101337273|101337607|-|1139214	hc|0118	AluSx1	AluSp	0.9446827173	0.9833871722221375	0	0
raw_ntv2_k4_natural_prototypes	interval|hg38|chr13|105587264|105587598|+|1144405	human:hg38	chr13	coord|human:hg38|chr13|105587264|105587598|+|1144405	hc|0119	AluSx1	AluJb	0.9866015911	0.9833871722221375	1	0
raw_ntv2_k4_natural_prototypes	interval|hg38|chr13|91330328|91330671|-|1124079	human:hg38	chr13	coord|human:hg38|chr13|91330328|91330671|-|1124079	hc|0747	AluSx3	AluSc8	0.9566134214	0.9833871722221375	0	0
raw_ntv2_k4_natural_prototypes	interval|hg38|chr1|63170590|63170920|-|127060	human:hg38	chr1	coord|human:hg38|chr1|63170590|63170920|-|127060	hc|0758	AluSx3	AluSq2	0.9865662456	0.9833871722221375	1	0
raw_ntv2_k4_natural_prototypes	interval|hg38|chr11|63600578|63600903|-|679842	human:hg38	chr11	coord|human:hg38|chr11|63600578|63600903|-|679842	hc|0764	AluSx3	AluSq	0.9478785396	0.9833871722221375	0	0
raw_ntv2_k4_natural_prototypes	interval|hg38|chr13|51888620|51888944|-|1073349	human:hg38	chr13	coord|human:hg38|chr13|51888620|51888944|-|1073349	hc|0765	AluSx3	AluSc8	0.9829257727	0.9833871722221375	0	0
raw_ntv2_k4_natural_prototypes	interval|hg38|chr1|53790424|53790744|+|108853	human:hg38	chr1	coord|human:hg38|chr1|53790424|53790744|+|108853	hc|0323	AluSx3	AluSg	0.9740831852	0.9833871722221375	0	0
raw_ntv2_k4_natural_prototypes	interval|hg38|chr13|36726380|36726699|-|1049349	human:hg38	chr13	coord|human:hg38|chr13|36726380|36726699|-|1049349	hc|0775	AluSx3	AluSq2	0.9831775427	0.9833871722221375	0	0
raw_ntv2_k4_natural_prototypes	interval|hg38|chr1|150614803|150615122|-|227116	human:hg38	chr1	coord|human:hg38|chr1|150614803|150615122|-|227116	hc|0776	AluSx3	AluSq2	0.9791322351	0.9833871722221375	0	0
raw_ntv2_k4_natural_prototypes	interval|hg38|chr1|52722545|52722863|-|106500	human:hg38	chr1	coord|human:hg38|chr1|52722545|52722863|-|106500	hc|0777	AluSx3	AluSq2	0.9852330685	0.9833871722221375	1	0
raw_ntv2_k4_natural_prototypes	interval|hg38|chr1|241467706|241468024|+|369668	human:hg38	chr1	coord|human:hg38|chr1|241467706|241468024|+|369668	hc|0778	AluSx3	AluSq	0.9914233685	0.9833871722221375	1	0
raw_ntv2_k4_natural_prototypes	interval|hg38|chr1|20749341|20749658|-|37135	human:hg38	chr1	coord|human:hg38|chr1|20749341|20749658|-|37135	hc|0781	AluSx3	AluSq2	0.9837212563	0.9833871722221375	1	0
raw_ntv2_k4_natural_prototypes	interval|hg38|chr13|71692477|71692820|-|1098283	human:hg38	chr13	coord|human:hg38|chr13|71692477|71692820|-|1098283	hc|1300	AluSx4	AluSx4	0.9746127725	0.9833871722221375	0	1
raw_ntv2_k4_natural_prototypes	interval|hg38|chr13|49622942|49623282|-|1069682	human:hg38	chr13	coord|human:hg38|chr13|49622942|49623282|-|1069682	hc|1301	AluSx4	AluJb	0.9781755805	0.9833871722221375	0	0
raw_ntv2_k4_natural_prototypes	interval|hg38|chr11|43900195|43900521|-|654289	human:hg38	chr11	coord|human:hg38|chr11|43900195|43900521|-|654289	hc|1305	AluSx4	AluSg	0.9822541475	0.9833871722221375	0	0
raw_ntv2_k4_natural_prototypes	interval|hg38|chr1|19965980|19966302|-|35423	human:hg38	chr1	coord|human:hg38|chr1|19965980|19966302|-|35423	hc|1308	AluSx4	AluSq	0.9868355989	0.9833871722221375	1	0
raw_ntv2_k4_natural_prototypes	interval|hg38|chr1|161167541|161167862|-|245269	human:hg38	chr1	coord|human:hg38|chr1|161167541|161167862|-|245269	hc|1309	AluSx4	AluSq2	0.9850397706	0.9833871722221375	1	0
raw_ntv2_k4_natural_prototypes	interval|hg38|chr13|27042509|27042830|-|1034031	human:hg38	chr13	coord|human:hg38|chr13|27042509|27042830|-|1034031	hc|1310	AluSx4	AluSg	0.9855675101	0.9833871722221375	1	0
raw_ntv2_k4_natural_prototypes	interval|hg38|chr11|98190789|98191109|+|739972	human:hg38	chr11	coord|human:hg38|chr11|98190789|98191109|+|739972	hc|1312	AluSx4	AluSc	0.9794923067	0.9833871722221375	0	0
raw_ntv2_k4_natural_prototypes	interval|hg38|chr1|17805360|17805677|-|30741	human:hg38	chr1	coord|human:hg38|chr1|17805360|17805677|-|30741	hc|1315	AluSx4	AluSq2	0.9916777611	0.9833871722221375	1	0
raw_ntv2_k4_natural_prototypes	interval|hg38|chr1|60560179|60560496|+|122243	human:hg38	chr1	coord|human:hg38|chr1|60560179|60560496|+|122243	hc|1316	AluSx4	AluSc	0.974846065	0.9833871722221375	0	0
raw_ntv2_k4_natural_prototypes	interval|hg38|chr1|233600912|233601228|+|356843	human:hg38	chr1	coord|human:hg38|chr1|233600912|233601228|+|356843	hc|1319	AluSx4	AluSq	0.9879392982	0.9833871722221375	1	0
raw_ntv2_k4_natural_prototypes	interval|hg38|chr13|31273078|31273393|-|1041161	human:hg38	chr13	coord|human:hg38|chr13|31273078|31273393|-|1041161	hc|1325	AluSx4	AluSc8	0.9788792729	0.9833871722221375	0	0
raw_ntv2_k4_natural_prototypes	interval|hg38|chr11|79917066|79917381|-|712432	human:hg38	chr11	coord|human:hg38|chr11|79917066|79917381|-|712432	hc|1326	AluSx4	AluSq	0.9868070483	0.9833871722221375	1	0
raw_ntv2_k4_natural_prototypes	interval|hg38|chr1|65152384|65152698|-|130875	human:hg38	chr1	coord|human:hg38|chr1|65152384|65152698|-|130875	hc|1327	AluSx4	AluSq	0.9842364192	0.9833871722221375	1	0
raw_ntv2_k4_natural_prototypes	interval|hg38|chr11|67201488|67201802|+|687399	human:hg38	chr11	coord|human:hg38|chr11|67201488|67201802|+|687399	hc|1330	AluSx4	AluSq	0.9826392531	0.9833871722221375	0	0
raw_ntv2_k4_natural_prototypes	interval|hg38|chr1|35015935|35016248|-|70123	human:hg38	chr1	coord|human:hg38|chr1|35015935|35016248|-|70123	hc|1334	AluSx4	AluSq2	0.9751908183	0.9833871722221375	0	0
raw_ntv2_k4_natural_prototypes	interval|hg38|chr11|46757572|46757885|-|659827	human:hg38	chr11	coord|human:hg38|chr11|46757572|46757885|-|659827	hc|1336	AluSx4	AluSg	0.9762256145	0.9833871722221375	0	0
raw_ntv2_k4_natural_prototypes	interval|hg38|chr1|151445239|151445579|+|228937	human:hg38	chr1	coord|human:hg38|chr1|151445239|151445579|+|228937	hc|0247	AluSz	AluSz	0.9736139774	0.9833871722221375	0	1
raw_ntv2_k4_natural_prototypes	interval|hg38|chr1|43264328|43264664|-|87468	human:hg38	chr1	coord|human:hg38|chr1|43264328|43264664|-|87468	hc|0255	AluSz	AluY	0.9281327724	0.9833871722221375	0	0
raw_ntv2_k4_natural_prototypes	interval|hg38|chr1|39149251|39149587|+|78849	human:hg38	chr1	coord|human:hg38|chr1|39149251|39149587|+|78849	hc|0257	AluSz	AluSc	0.9713537693	0.9833871722221375	0	0
raw_ntv2_k4_natural_prototypes	interval|hg38|chr11|65509129|65509463|-|683570	human:hg38	chr11	coord|human:hg38|chr11|65509129|65509463|-|683570	hc|0262	AluSz	AluSq2	0.9797110558	0.9833871722221375	0	0
raw_ntv2_k4_natural_prototypes	interval|hg38|chr1|34812663|34812995|+|69705	human:hg38	chr1	coord|human:hg38|chr1|34812663|34812995|+|69705	hc|0270	AluSz	AluSx1	0.9747955799	0.9833871722221375	0	0
raw_ntv2_k4_natural_prototypes	interval|hg38|chr1|64920259|64920602|+|130343	human:hg38	chr1	coord|human:hg38|chr1|64920259|64920602|+|130343	hc|0548	AluSz6	AluSc	0.9716688395	0.9833871722221375	0	0
raw_ntv2_k4_natural_prototypes	interval|hg38|chr1|151214341|151214680|-|228444	human:hg38	chr1	coord|human:hg38|chr1|151214341|151214680|-|228444	hc|0552	AluSz6	AluSq	0.9855878949	0.9833871722221375	1	0
raw_ntv2_k4_natural_prototypes	interval|hg38|chr11|32925494|32925826|-|637504	human:hg38	chr11	coord|human:hg38|chr11|32925494|32925826|-|637504	hc|0563	AluSz6	AluSc	0.9684450626	0.9833871722221375	0	0
raw_ntv2_k4_natural_prototypes	interval|hg38|chr1|89693625|89693955|-|166470	human:hg38	chr1	coord|human:hg38|chr1|89693625|89693955|-|166470	hc|0569	AluSz6	AluSq2	0.9732328653	0.9833871722221375	0	0
raw_ntv2_k4_natural_prototypes	interval|hg38|chr13|44823732|44824061|-|1061640	human:hg38	chr13	coord|human:hg38|chr13|44823732|44824061|-|1061640	hc|0570	AluSz6	AluSq	0.9747623205	0.9833871722221375	0	0
raw_ntv2_k4_natural_prototypes	interval|hg38|chr11|48477285|48477608|-|663453	human:hg38	chr11	coord|human:hg38|chr11|48477285|48477608|-|663453	hc|0584	AluSz6	AluSx	0.967667222	0.9833871722221375	0	0
raw_ntv2_k4_natural_prototypes	interval|hg38|chr11|80437386|80437733|-|713337	human:hg38	chr11	coord|human:hg38|chr11|80437386|80437733|-|713337	hc|0161	AluY	AluSz	0.9723334312	0.9833871722221375	0	0
raw_ntv2_k4_natural_prototypes	interval|hg38|chr1|85101440|85101784|+|159742	human:hg38	chr1	coord|human:hg38|chr1|85101440|85101784|+|159742	hc|0163	AluY	AluSq2	0.9783382416	0.9833871722221375	0	0
raw_ntv2_k4_natural_prototypes	interval|hg38|chr13|41739816|41740154|-|1056818	human:hg38	chr13	coord|human:hg38|chr13|41739816|41740154|-|1056818	hc|0175	AluY	AluSx3	0.9783324003	0.9833871722221375	0	0
raw_ntv2_k4_natural_prototypes	interval|hg38|chr1|221434071|221434409|+|336872	human:hg38	chr1	coord|human:hg38|chr1|221434071|221434409|+|336872	hc|0178	AluY	AluSz6	0.9824091196	0.9833871722221375	0	0
raw_ntv2_k4_natural_prototypes	interval|hg38|chr11|121442641|121442977|-|776778	human:hg38	chr11	coord|human:hg38|chr11|121442641|121442977|-|776778	hc|0186	AluY	AluY	0.9541241527	0.9833871722221375	0	1
raw_ntv2_k4_natural_prototypes	interval|hg38|chr13|76437647|76437983|+|1105147	human:hg38	chr13	coord|human:hg38|chr13|76437647|76437983|+|1105147	hc|0189	AluY	AluSc8	0.9728980064	0.9833871722221375	0	0
raw_ntv2_k4_natural_prototypes	interval|hg38|chr13|63650949|63651284|+|1088717	human:hg38	chr13	coord|human:hg38|chr13|63650949|63651284|+|1088717	hc|0191	AluY	AluSc	0.9801820517	0.9833871722221375	0	0
raw_ntv2_k4_natural_prototypes	interval|hg38|chr1|83117210|83117545|-|156808	human:hg38	chr1	coord|human:hg38|chr1|83117210|83117545|-|156808	hc|0193	AluY	AluSc	0.9827289581	0.9833871722221375	0	0
raw_ntv2_k4_natural_prototypes	interval|hg38|chr11|119609295|119609458|-|773745	human:hg38	chr11	coord|human:hg38|chr11|119609295|119609458|-|773745	hc|1140	FLAM_A	AluSq2	0.9742466211	0.9833871722221375	0	0
raw_ntv2_k4_natural_prototypes	interval|hg38|chr13|89140328|89140478|-|1121240	human:hg38	chr13	coord|human:hg38|chr13|89140328|89140478|-|1121240	hc|1149	FLAM_A	AluSq2	0.9666002989	0.9833871722221375	0	0
raw_ntv2_k4_natural_prototypes	interval|hg38|chr1|33296830|33296968|-|66963	human:hg38	chr1	coord|human:hg38|chr1|33296830|33296968|-|66963	hc|1161	FLAM_A	AluSq2	0.982298255	0.9833871722221375	0	0
raw_ntv2_k4_natural_prototypes	interval|hg38|chr1|118663886|118664023|+|211106	human:hg38	chr1	coord|human:hg38|chr1|118663886|118664023|+|211106	hc|1169	FLAM_A	FLAM_C	0.9710431695	0.9833871722221375	0	0
raw_ntv2_k4_natural_prototypes	interval|hg38|chr11|65137695|65137877|-|682748	human:hg38	chr11	coord|human:hg38|chr11|65137695|65137877|-|682748	hc|0946	FLAM_C	AluJb	0.9718271494	0.9833871722221375	0	0
raw_ntv2_k4_natural_prototypes	interval|hg38|chr11|90131115|90131294|+|728506	human:hg38	chr11	coord|human:hg38|chr11|90131115|90131294|+|728506	hc|0947	FLAM_C	AluSq	0.9641054869	0.9833871722221375	0	0
raw_ntv2_k4_natural_prototypes	interval|hg38|chr1|232646991|232647163|+|355335	human:hg38	chr1	coord|human:hg38|chr1|232646991|232647163|+|355335	hc|0956	FLAM_C	AluJb	0.965931952	0.9833871722221375	0	0
raw_ntv2_k4_natural_prototypes	interval|hg38|chr1|121277375|121277546|-|214919	human:hg38	chr1	coord|human:hg38|chr1|121277375|121277546|-|214919	hc|0958	FLAM_C	FLAM_C	0.9696890116	0.9833871722221375	0	1
raw_ntv2_k4_natural_prototypes	interval|hg38|chr1|206295864|206296035|-|313952	human:hg38	chr1	coord|human:hg38|chr1|206295864|206296035|-|313952	hc|0958	FLAM_C	FLAM_C	0.9718745947	0.9833871722221375	0	1
raw_ntv2_k4_natural_prototypes	interval|hg38|chr11|14744991|14745155|-|609450	human:hg38	chr11	coord|human:hg38|chr11|14744991|14745155|-|609450	hc|0968	FLAM_C	AluJb	0.98934412	0.9833871722221375	1	0
raw_ntv2_k4_natural_prototypes	interval|hg38|chr13|27506531|27506693|-|1034939	human:hg38	chr13	coord|human:hg38|chr13|27506531|27506693|-|1034939	hc|0973	FLAM_C	AluJr	0.956284523	0.9833871722221375	0	0
raw_ntv2_k4_natural_prototypes	interval|hg38|chr1|106701999|106703583|+|191553	human:hg38	chr1	coord|human:hg38|chr1|106701999|106703583|+|191553	hc|0788	L2	L2	0.9647396803	0.9833871722221375	0	1
raw_ntv2_k4_natural_prototypes	interval|hg38|chr13|65927645|65928885|-|1091485	human:hg38	chr13	coord|human:hg38|chr13|65927645|65928885|-|1091485	hc|0799	L2	L2	0.9660094976	0.9833871722221375	0	1
raw_ntv2_k4_natural_prototypes	interval|hg38|chr1|164180320|164181378|-|250014	human:hg38	chr1	coord|human:hg38|chr1|164180320|164181378|-|250014	hc|0810	L2	L2	0.9738020897	0.9833871722221375	0	1
raw_ntv2_k4_natural_prototypes	interval|hg38|chr11|41892290|41893249|+|651076	human:hg38	chr11	coord|human:hg38|chr11|41892290|41893249|+|651076	hc|0817	L2	MIRc	0.9655189514	0.9833871722221375	0	0
raw_ntv2_k4_natural_prototypes	interval|hg38|chr1|192762415|192763343|+|292952	human:hg38	chr1	coord|human:hg38|chr1|192762415|192763343|+|292952	hc|0821	L2	L2	0.9637879133	0.9833871722221375	0	1
raw_ntv2_k4_natural_prototypes	interval|hg38|chr1|92907989|92908900|-|171958	human:hg38	chr1	coord|human:hg38|chr1|92907989|92908900|-|171958	hc|0824	L2	L2	0.9623939991	0.9833871722221375	0	1
raw_ntv2_k4_natural_prototypes	interval|hg38|chr1|175559963|175561216|-|267617	human:hg38	chr1	coord|human:hg38|chr1|175559963|175561216|-|267617	hc|0865	L3	L2	0.9173244238	0.9833871722221375	0	0
raw_ntv2_k4_natural_prototypes	interval|hg38|chr1|115376060|115377031|+|205871	human:hg38	chr1	coord|human:hg38|chr1|115376060|115377031|+|205871	hc|0866	L3	L3	0.9492527246	0.9833871722221375	0	1
raw_ntv2_k4_natural_prototypes	interval|hg38|chr13|94943214|94944182|+|1128855	human:hg38	chr13	coord|human:hg38|chr13|94943214|94944182|+|1128855	hc|0867	L3	L3	0.9427692294	0.9833871722221375	0	1
raw_ntv2_k4_natural_prototypes	interval|hg38|chr1|221560476|221561234|+|337077	human:hg38	chr1	coord|human:hg38|chr1|221560476|221561234|+|337077	hc|0877	L3	L3	0.9662363529	0.9833871722221375	0	1
raw_ntv2_k4_natural_prototypes	interval|hg38|chr1|60068299|60068986|-|121401	human:hg38	chr1	coord|human:hg38|chr1|60068299|60068986|-|121401	hc|0882	L3	L3	0.9744964242	0.9833871722221375	0	1
raw_ntv2_k4_natural_prototypes	interval|hg38|chr1|185491905|185492543|-|283713	human:hg38	chr1	coord|human:hg38|chr1|185491905|185492543|-|283713	hc|0890	L3	L3	0.9672552347	0.9833871722221375	0	1
raw_ntv2_k4_natural_prototypes	interval|hg38|chr13|32448237|32448846|+|1042915	human:hg38	chr13	coord|human:hg38|chr13|32448237|32448846|+|1042915	hc|0897	L3	L3	0.9749604464	0.9833871722221375	0	1
raw_ntv2_k4_natural_prototypes	interval|hg38|chr13|26132818|26133008|-|1032488	human:hg38	chr13	coord|human:hg38|chr13|26132818|26133008|-|1032488	hc|1025	MER5A	MER5A	0.9708610773	0.9833871722221375	0	1
raw_ntv2_k4_natural_prototypes	interval|hg38|chr1|116173109|116173298|-|207142	human:hg38	chr1	coord|human:hg38|chr1|116173109|116173298|-|207142	hc|1034	MER5A	MIRb	0.9768699408	0.9833871722221375	0	0
raw_ntv2_k4_natural_prototypes	interval|hg38|chr13|109330217|109330406|+|1149011	human:hg38	chr13	coord|human:hg38|chr13|109330217|109330406|+|1149011	hc|1039	MER5A	MER5A	0.9910911918	0.9833871722221375	1	1
raw_ntv2_k4_natural_prototypes	interval|hg38|chr11|37688484|37688673|+|645340	human:hg38	chr11	coord|human:hg38|chr11|37688484|37688673|+|645340	hc|1043	MER5A	MER5A	0.9842875004	0.9833871722221375	1	1
raw_ntv2_k4_natural_prototypes	interval|hg38|chr11|87960158|87960346|-|725499	human:hg38	chr11	coord|human:hg38|chr11|87960158|87960346|-|725499	hc|1052	MER5A	MIR	0.9768655896	0.9833871722221375	0	0
raw_ntv2_k4_natural_prototypes	interval|hg38|chr11|79244051|79244239|-|711160	human:hg38	chr11	coord|human:hg38|chr11|79244051|79244239|-|711160	hc|1059	MER5A	MIR	0.9829495549	0.9833871722221375	0	0
raw_ntv2_k4_natural_prototypes	interval|hg38|chr11|17682878|17683214|-|614237	human:hg38	chr11	coord|human:hg38|chr11|17682878|17683214|-|614237	hc|0120	MIR	MIRb	0.9799551964	0.9833871722221375	0	0
raw_ntv2_k4_natural_prototypes	interval|hg38|chr1|205488833|205489105|+|312550	human:hg38	chr1	coord|human:hg38|chr1|205488833|205489105|+|312550	hc|0124	MIR	MIR	0.9707563519	0.9833871722221375	0	1
raw_ntv2_k4_natural_prototypes	interval|hg38|chr13|60851003|60851268|-|1085231	human:hg38	chr13	coord|human:hg38|chr13|60851003|60851268|-|1085231	hc|0130	MIR	MIR	0.9816143513	0.9833871722221375	0	1
raw_ntv2_k4_natural_prototypes	interval|hg38|chr1|204487958|204488223|-|310684	human:hg38	chr1	coord|human:hg38|chr1|204487958|204488223|-|310684	hc|0131	MIR	MIR	0.9737522602	0.9833871722221375	0	1
raw_ntv2_k4_natural_prototypes	interval|hg38|chr1|178263260|178263524|-|271633	human:hg38	chr1	coord|human:hg38|chr1|178263260|178263524|-|271633	hc|0135	MIR	AluJb	0.987416029	0.9833871722221375	1	0
raw_ntv2_k4_natural_prototypes	interval|hg38|chr1|201087144|201087407|-|304438	human:hg38	chr1	coord|human:hg38|chr1|201087144|201087407|-|304438	hc|0138	MIR	MIR	0.9593263865	0.9833871722221375	0	1
raw_ntv2_k4_natural_prototypes	interval|hg38|chr1|195834144|195834407|+|297028	human:hg38	chr1	coord|human:hg38|chr1|195834144|195834407|+|297028	hc|0141	MIR	MIRb	0.9662581682	0.9833871722221375	0	0
raw_ntv2_k4_natural_prototypes	interval|hg38|chr11|120146407|120146670|-|774610	human:hg38	chr11	coord|human:hg38|chr11|120146407|120146670|-|774610	hc|0142	MIR	MIRc	0.9721485972	0.9833871722221375	0	0
raw_ntv2_k4_natural_prototypes	interval|hg38|chr1|115260156|115260418|+|205716	human:hg38	chr1	coord|human:hg38|chr1|115260156|115260418|+|205716	hc|0145	MIR	MIR	0.9813167453	0.9833871722221375	0	1
raw_ntv2_k4_natural_prototypes	interval|hg38|chr1|157997127|157997389|+|240588	human:hg38	chr1	coord|human:hg38|chr1|157997127|157997389|+|240588	hc|0146	MIR	MIR	0.9879302979	0.9833871722221375	1	1
raw_ntv2_k4_natural_prototypes	interval|hg38|chr13|39790122|39790383|+|1053620	human:hg38	chr13	coord|human:hg38|chr13|39790122|39790383|+|1053620	hc|0154	MIR	MIRb	0.9770774841	0.9833871722221375	0	0
raw_ntv2_k4_natural_prototypes	interval|hg38|chr1|10787039|10787260|-|16483	human:hg38	chr1	coord|human:hg38|chr1|10787039|10787260|-|16483	hc|0507	MIR3	MIRc	0.961956203	0.9833871722221375	0	0
raw_ntv2_k4_natural_prototypes	interval|hg38|chr11|72088660|72088881|+|695954	human:hg38	chr11	coord|human:hg38|chr11|72088660|72088881|+|695954	hc|0509	MIR3	L3	0.9647493362	0.9833871722221375	0	0
raw_ntv2_k4_natural_prototypes	interval|hg38|chr11|92345709|92345926|+|731517	human:hg38	chr11	coord|human:hg38|chr11|92345709|92345926|+|731517	hc|0511	MIR3	L3	0.9643672109	0.9833871722221375	0	0
raw_ntv2_k4_natural_prototypes	interval|hg38|chr1|156965347|156965560|+|239002	human:hg38	chr1	coord|human:hg38|chr1|156965347|156965560|+|239002	hc|0514	MIR3	MIR	0.9817218781	0.9833871722221375	0	0
raw_ntv2_k4_natural_prototypes	interval|hg38|chr13|40350403|40350604|+|1054403	human:hg38	chr13	coord|human:hg38|chr13|40350403|40350604|+|1054403	hc|0538	MIR3	MIR3	0.9856379628	0.9833871722221375	1	1
raw_ntv2_k4_natural_prototypes	interval|hg38|chr11|40320570|40320771|+|648820	human:hg38	chr11	coord|human:hg38|chr11|40320570|40320771|+|648820	hc|0539	MIR3	MIRc	0.9560678005	0.9833871722221375	0	0
raw_ntv2_k4_natural_prototypes	interval|hg38|chr11|26633262|26633462|-|627690	human:hg38	chr11	coord|human:hg38|chr11|26633262|26633462|-|627690	hc|0541	MIR3	MIRc	0.9769513607	0.9833871722221375	0	0
raw_ntv2_k4_natural_prototypes	interval|hg38|chr11|130436464|130436664|-|790637	human:hg38	chr11	coord|human:hg38|chr11|130436464|130436664|-|790637	hc|0542	MIR3	MIR	0.9835014343	0.9833871722221375	1	0
raw_ntv2_k4_natural_prototypes	interval|hg38|chr1|56039075|56039274|+|113524	human:hg38	chr1	coord|human:hg38|chr1|56039075|56039274|+|113524	hc|0543	MIR3	L3	0.9563891888	0.9833871722221375	0	0
raw_ntv2_k4_natural_prototypes	interval|hg38|chr1|57401601|57401800|-|116197	human:hg38	chr1	coord|human:hg38|chr1|57401601|57401800|-|116197	hc|0546	MIR3	MSTA	0.9686300755	0.9833871722221375	0	0
raw_ntv2_k4_natural_prototypes	interval|hg38|chr1|17595764|17596060|-|30300	human:hg38	chr1	coord|human:hg38|chr1|17595764|17596060|-|30300	hc|0001	MIRb	MER5A	0.9890363216	0.9833871722221375	1	0
raw_ntv2_k4_natural_prototypes	interval|hg38|chr1|118110852|118111117|+|210369	human:hg38	chr1	coord|human:hg38|chr1|118110852|118111117|+|210369	hc|0004	MIRb	MIR	0.967549324	0.9833871722221375	0	0
raw_ntv2_k4_natural_prototypes	interval|hg38|chr1|177770561|177770824|+|270820	human:hg38	chr1	coord|human:hg38|chr1|177770561|177770824|+|270820	hc|0006	MIRb	MIRb	0.9734559059	0.9833871722221375	0	1
raw_ntv2_k4_natural_prototypes	interval|hg38|chr1|30049395|30049656|+|59400	human:hg38	chr1	coord|human:hg38|chr1|30049395|30049656|+|59400	hc|0013	MIRb	MIR	0.9754440784	0.9833871722221375	0	0
raw_ntv2_k4_natural_prototypes	interval|hg38|chr1|49173199|49173460|-|99040	human:hg38	chr1	coord|human:hg38|chr1|49173199|49173460|-|99040	hc|0014	MIRb	MIRb	0.9706085324	0.9833871722221375	0	1
raw_ntv2_k4_natural_prototypes	interval|hg38|chr1|215812855|215813114|+|328988	human:hg38	chr1	coord|human:hg38|chr1|215812855|215813114|+|328988	hc|0023	MIRb	MIRc	0.9736269116	0.9833871722221375	0	0
raw_ntv2_k4_natural_prototypes	interval|hg38|chr1|48485253|48485511|-|97699	human:hg38	chr1	coord|human:hg38|chr1|48485253|48485511|-|97699	hc|0030	MIRb	MIR	0.9740408659	0.9833871722221375	0	0
raw_ntv2_k4_natural_prototypes	interval|hg38|chr1|15146959|15147216|+|25032	human:hg38	chr1	coord|human:hg38|chr1|15146959|15147216|+|25032	hc|0039	MIRb	MIR	0.9831679463	0.9833871722221375	0	0
raw_ntv2_k4_natural_prototypes	interval|hg38|chr1|18409434|18409690|+|32027	human:hg38	chr1	coord|human:hg38|chr1|18409434|18409690|+|32027	hc|0365	MIRc	L3	0.9788309932	0.9833871722221375	0	0
raw_ntv2_k4_natural_prototypes	interval|hg38|chr1|154518952|154519205|+|234180	human:hg38	chr1	coord|human:hg38|chr1|154518952|154519205|+|234180	hc|0375	MIRc	MIR	0.9566575289	0.9833871722221375	0	0
raw_ntv2_k4_natural_prototypes	interval|hg38|chr11|86787791|86788042|-|723650	human:hg38	chr11	coord|human:hg38|chr11|86787791|86788042|-|723650	hc|0388	MIRc	MIRb	0.9771809578	0.9833871722221375	0	0
raw_ntv2_k4_natural_prototypes	interval|hg38|chr11|109649300|109649551|+|756882	human:hg38	chr11	coord|human:hg38|chr11|109649300|109649551|+|756882	hc|0389	MIRc	MIRb	0.9555239677	0.9833871722221375	0	0
raw_ntv2_k4_natural_prototypes	interval|hg38|chr13|93594630|93595001|-|1126968	human:hg38	chr13	coord|human:hg38|chr13|93594630|93595001|-|1126968	hc|1180	MLT1A0	THE1B	0.9828990698	0.9833871722221375	0	0
raw_ntv2_k4_natural_prototypes	interval|hg38|chr11|80422277|80422648|-|713307	human:hg38	chr11	coord|human:hg38|chr11|80422277|80422648|-|713307	hc|1182	MLT1A0	MLT1A0	0.9687713385	0.9833871722221375	0	1
raw_ntv2_k4_natural_prototypes	interval|hg38|chr11|103361120|103361490|+|747247	human:hg38	chr11	coord|human:hg38|chr11|103361120|103361490|+|747247	hc|1186	MLT1A0	MLT1A0	0.9664179087	0.9833871722221375	0	1
raw_ntv2_k4_natural_prototypes	interval|hg38|chr1|230776034|230776402|-|352429	human:hg38	chr1	coord|human:hg38|chr1|230776034|230776402|-|352429	hc|1195	MLT1A0	MSTA	0.9834893942	0.9833871722221375	1	0
raw_ntv2_k4_natural_prototypes	interval|hg38|chr13|93104826|93105194|+|1126379	human:hg38	chr13	coord|human:hg38|chr13|93104826|93105194|+|1126379	hc|1197	MLT1A0	L3	0.9841877222	0.9833871722221375	1	0
raw_ntv2_k4_natural_prototypes	interval|hg38|chr11|11511587|11511955|+|604100	human:hg38	chr11	coord|human:hg38|chr11|11511587|11511955|+|604100	hc|1204	MLT1A0	MSTA	0.983772397	0.9833871722221375	1	0
raw_ntv2_k4_natural_prototypes	interval|hg38|chr1|216537061|216537429|+|329857	human:hg38	chr1	coord|human:hg38|chr1|216537061|216537429|+|329857	hc|1205	MLT1A0	L3	0.9752474427	0.9833871722221375	0	0
raw_ntv2_k4_natural_prototypes	interval|hg38|chr1|233552614|233552982|+|356749	human:hg38	chr1	coord|human:hg38|chr1|233552614|233552982|+|356749	hc|1206	MLT1A0	MLT1A0	0.9720026851	0.9833871722221375	0	1
raw_ntv2_k4_natural_prototypes	interval|hg38|chr13|74861844|74862212|+|1102905	human:hg38	chr13	coord|human:hg38|chr13|74861844|74862212|+|1102905	hc|1209	MLT1A0	MLT1A0	0.969029665	0.9833871722221375	0	1
raw_ntv2_k4_natural_prototypes	interval|hg38|chr1|39271118|39271551|-|79084	human:hg38	chr1	coord|human:hg38|chr1|39271118|39271551|-|79084	hc|1103	MSTA	THE1B	0.9749819636	0.9833871722221375	0	0
raw_ntv2_k4_natural_prototypes	interval|hg38|chr1|158504271|158504703|-|241301	human:hg38	chr1	coord|human:hg38|chr1|158504271|158504703|-|241301	hc|1104	MSTA	MSTA	0.9722390175	0.9833871722221375	0	1
raw_ntv2_k4_natural_prototypes	interval|hg38|chr1|70425502|70425933|-|139372	human:hg38	chr1	coord|human:hg38|chr1|70425502|70425933|-|139372	hc|1107	MSTA	MSTA	0.9574792385	0.9833871722221375	0	1
raw_ntv2_k4_natural_prototypes	interval|hg38|chr11|27261709|27262139|-|628626	human:hg38	chr11	coord|human:hg38|chr11|27261709|27262139|-|628626	hc|1110	MSTA	THE1B	0.978392005	0.9833871722221375	0	0
raw_ntv2_k4_natural_prototypes	interval|hg38|chr1|6855251|6855679|-|8968	human:hg38	chr1	coord|human:hg38|chr1|6855251|6855679|-|8968	hc|1116	MSTA	THE1B	0.9694444537	0.9833871722221375	0	0
raw_ntv2_k4_natural_prototypes	interval|hg38|chr1|165081178|165081604|-|251271	human:hg38	chr1	coord|human:hg38|chr1|165081178|165081604|-|251271	hc|1125	MSTA	THE1B	0.9757162929	0.9833871722221375	0	0
raw_ntv2_k4_natural_prototypes	interval|hg38|chr1|16778473|16778899|-|28488	human:hg38	chr1	coord|human:hg38|chr1|16778473|16778899|-|28488	hc|1127	MSTA	MSTA	0.9718052149	0.9833871722221375	0	1
raw_ntv2_k4_natural_prototypes	interval|hg38|chr1|234803657|234804083|+|358716	human:hg38	chr1	coord|human:hg38|chr1|234803657|234804083|+|358716	hc|1127	MSTA	MSTA	0.9717318416	0.9833871722221375	0	1
raw_ntv2_k4_natural_prototypes	interval|hg38|chr1|72838319|72838745|+|142592	human:hg38	chr1	coord|human:hg38|chr1|72838319|72838745|+|142592	hc|1130	MSTA	MSTA	0.9724879265	0.9833871722221375	0	1
raw_ntv2_k4_natural_prototypes	interval|hg38|chr1|227426183|227426609|-|347368	human:hg38	chr1	coord|human:hg38|chr1|227426183|227426609|-|347368	hc|1133	MSTA	MSTA	0.9746020436	0.9833871722221375	0	1
raw_ntv2_k4_natural_prototypes	interval|hg38|chr13|110764425|110764851|+|1150752	human:hg38	chr13	coord|human:hg38|chr13|110764425|110764851|+|1150752	hc|1134	MSTA	MSTA	0.9766634107	0.9833871722221375	0	1
raw_ntv2_k4_natural_prototypes	interval|hg38|chr1|231876067|231876493|+|354328	human:hg38	chr1	coord|human:hg38|chr1|231876067|231876493|+|354328	hc|1138	MSTA	MSTA	0.9758640528	0.9833871722221375	0	1
raw_ntv2_k4_natural_prototypes	interval|hg38|chr1|223046494|223046863|-|339402	human:hg38	chr1	coord|human:hg38|chr1|223046494|223046863|-|339402	hc|1385	THE1B	THE1B	0.9779804945	0.9833871722221375	0	1
raw_ntv2_k4_natural_prototypes	interval|hg38|chr1|49187824|49188193|+|99070	human:hg38	chr1	coord|human:hg38|chr1|49187824|49188193|+|99070	hc|1387	THE1B	MSTA	0.988388896	0.9833871722221375	1	0
raw_ntv2_k4_natural_prototypes	interval|hg38|chr1|235008729|235009098|-|359088	human:hg38	chr1	coord|human:hg38|chr1|235008729|235009098|-|359088	hc|1393	THE1B	THE1B	0.9896787405	0.9833871722221375	1	1
raw_ntv2_k4_natural_prototypes	interval|hg38|chr13|55835770|55836139|+|1078771	human:hg38	chr13	coord|human:hg38|chr13|55835770|55836139|+|1078771	hc|1396	THE1B	THE1B	0.9697983265	0.9833871722221375	0	1
raw_ntv2_k4_natural_prototypes	interval|hg38|chr13|65203411|65203780|+|1090603	human:hg38	chr13	coord|human:hg38|chr13|65203411|65203780|+|1090603	hc|1398	THE1B	MSTA	0.9861443639	0.9833871722221375	1	0
raw_ntv2_k4_natural_prototypes	interval|hg38|chr13|103267225|103267594|+|1141746	human:hg38	chr13	coord|human:hg38|chr13|103267225|103267594|+|1141746	hc|1399	THE1B	MSTA	0.9885979891	0.9833871722221375	1	0
raw_ntv2_k4_natural_prototypes	interval|hg38|chr1|78120524|78120892|-|150333	human:hg38	chr1	coord|human:hg38|chr1|78120524|78120892|-|150333	hc|1402	THE1B	THE1B	0.9809723496	0.9833871722221375	0	1
raw_ntv2_k4_natural_prototypes	interval|hg38|chr13|32104654|32105022|+|1042390	human:hg38	chr13	coord|human:hg38|chr13|32104654|32105022|+|1042390	hc|1409	THE1B	THE1B	0.9829959273	0.9833871722221375	0	1
raw_ntv2_train_centroid	interval|hg38|chr13|61060225|61060586|-|1085518	human:hg38	chr13	coord|human:hg38|chr13|61060225|61060586|-|1085518	hc|0198	AluJb	AluSx1	0.9660488367	0.9862155318260193	0	0
raw_ntv2_train_centroid	interval|hg38|chr1|13746501|13746853|-|22298	human:hg38	chr1	coord|human:hg38|chr1|13746501|13746853|-|22298	hc|0200	AluJb	AluSz	0.9755568504	0.9862155318260193	0	0
raw_ntv2_train_centroid	interval|hg38|chr1|204583666|204584007|+|310906	human:hg38	chr1	coord|human:hg38|chr1|204583666|204584007|+|310906	hc|0201	AluJb	AluSz6	0.9829750657	0.9862155318260193	0	0
raw_ntv2_train_centroid	interval|hg38|chr11|111559418|111559757|-|759912	human:hg38	chr11	coord|human:hg38|chr11|111559418|111559757|-|759912	hc|0206	AluJb	AluY	0.9561986923	0.9862155318260193	0	0
raw_ntv2_train_centroid	interval|hg38|chr13|104776246|104776583|-|1143493	human:hg38	chr13	coord|human:hg38|chr13|104776246|104776583|-|1143493	hc|0209	AluJb	AluSz6	0.980707705	0.9862155318260193	0	0
raw_ntv2_train_centroid	interval|hg38|chr11|9471897|9472228|-|600438	human:hg38	chr11	coord|human:hg38|chr11|9471897|9472228|-|600438	hc|0217	AluJb	AluSz6	0.9811258316	0.9862155318260193	0	0
raw_ntv2_train_centroid	interval|hg38|chr1|28499446|28499775|-|55882	human:hg38	chr1	coord|human:hg38|chr1|28499446|28499775|-|55882	hc|0223	AluJb	FLAM_C	0.9863550663	0.9862155318260193	1	0
raw_ntv2_train_centroid	interval|hg38|chr1|10190176|10190505|-|15467	human:hg38	chr1	coord|human:hg38|chr1|10190176|10190505|-|15467	hc|0224	AluJb	AluSx1	0.9811546206	0.9862155318260193	0	0
raw_ntv2_train_centroid	interval|hg38|chr13|66512789|66513117|-|1092167	human:hg38	chr13	coord|human:hg38|chr13|66512789|66513117|-|1092167	hc|0228	AluJb	AluSq2	0.9843127728	0.9862155318260193	0	0
raw_ntv2_train_centroid	interval|hg38|chr1|12681220|12681548|-|20481	human:hg38	chr1	coord|human:hg38|chr1|12681220|12681548|-|20481	hc|0229	AluJb	AluJr4	0.9865815639	0.9862155318260193	1	0
raw_ntv2_train_centroid	interval|hg38|chr1|28994633|28994959|-|57285	human:hg38	chr1	coord|human:hg38|chr1|28994633|28994959|-|57285	hc|0234	AluJb	AluJr	0.8799422979	0.9862155318260193	0	0
raw_ntv2_train_centroid	interval|hg38|chr1|21917149|21917494|+|39669	human:hg38	chr1	coord|human:hg38|chr1|21917149|21917494|+|39669	hc|0429	AluJo	AluY	0.8852155805	0.9862155318260193	0	0
raw_ntv2_train_centroid	interval|hg38|chr11|83108441|83108783|-|717560	human:hg38	chr11	coord|human:hg38|chr11|83108441|83108783|-|717560	hc|0432	AluJo	AluJr4	0.9837805033	0.9862155318260193	0	0
raw_ntv2_train_centroid	interval|hg38|chr11|20525408|20525749|-|619259	human:hg38	chr11	coord|human:hg38|chr11|20525408|20525749|-|619259	hc|0433	AluJo	AluSx1	0.9801639915	0.9862155318260193	0	0
raw_ntv2_train_centroid	interval|hg38|chr1|229536218|229536553|+|350406	human:hg38	chr1	coord|human:hg38|chr1|229536218|229536553|+|350406	hc|0435	AluJo	AluJr	0.9168786407	0.9862155318260193	0	0
raw_ntv2_train_centroid	interval|hg38|chr1|58180260|58180594|-|117763	human:hg38	chr1	coord|human:hg38|chr1|58180260|58180594|-|117763	hc|0437	AluJo	FLAM_C	0.9932628274	0.9862155318260193	1	0
raw_ntv2_train_centroid	interval|hg38|chr13|110538323|110538656|+|1150355	human:hg38	chr13	coord|human:hg38|chr13|110538323|110538656|+|1150355	hc|0438	AluJo	AluJr	0.9729309082	0.9862155318260193	0	0
raw_ntv2_train_centroid	interval|hg38|chr1|35051946|35052277|-|70225	human:hg38	chr1	coord|human:hg38|chr1|35051946|35052277|-|70225	hc|0440	AluJo	AluJr4	0.9837127924	0.9862155318260193	0	0
raw_ntv2_train_centroid	interval|hg38|chr11|82793727|82794055|+|716968	human:hg38	chr11	coord|human:hg38|chr11|82793727|82794055|+|716968	hc|0445	AluJo	AluJo	0.9715502262	0.9862155318260193	0	1
raw_ntv2_train_centroid	interval|hg38|chr1|28378927|28379254|-|55570	human:hg38	chr1	coord|human:hg38|chr1|28378927|28379254|-|55570	hc|0447	AluJo	MER5A	0.9861829281	0.9862155318260193	0	0
raw_ntv2_train_centroid	interval|hg38|chr13|35496352|35496677|+|1047554	human:hg38	chr13	coord|human:hg38|chr13|35496352|35496677|+|1047554	hc|0449	AluJo	AluJo	0.975302577	0.9862155318260193	0	1
raw_ntv2_train_centroid	interval|hg38|chr13|98628141|98628463|-|1134788	human:hg38	chr13	coord|human:hg38|chr13|98628141|98628463|-|1134788	hc|0451	AluJo	FLAM_C	0.9900194407	0.9862155318260193	1	0
raw_ntv2_train_centroid	interval|hg38|chr13|28115945|28116263|-|1036072	human:hg38	chr13	coord|human:hg38|chr13|28115945|28116263|-|1036072	hc|0457	AluJo	AluSq2	0.9850004911	0.9862155318260193	0	0
raw_ntv2_train_centroid	interval|hg38|chr13|52875454|52875772|-|1074969	human:hg38	chr13	coord|human:hg38|chr13|52875454|52875772|-|1074969	hc|0460	AluJo	AluJr4	0.9844287634	0.9862155318260193	0	0
raw_ntv2_train_centroid	interval|hg38|chr11|18226148|18226465|+|615198	human:hg38	chr11	coord|human:hg38|chr11|18226148|18226465|+|615198	hc|0466	AluJo	AluJr4	0.9835733771	0.9862155318260193	0	0
raw_ntv2_train_centroid	interval|hg38|chr11|33549721|33550061|+|638718	human:hg38	chr11	coord|human:hg38|chr11|33549721|33550061|+|638718	hc|0392	AluJr	AluSz6	0.98128438	0.9862155318260193	0	0
raw_ntv2_train_centroid	interval|hg38|chr1|212648304|212648644|-|324291	human:hg38	chr1	coord|human:hg38|chr1|212648304|212648644|-|324291	hc|0393	AluJr	AluJr	0.9744694829	0.9862155318260193	0	1
raw_ntv2_train_centroid	interval|hg38|chr13|98692136|98692458|-|1134927	human:hg38	chr13	coord|human:hg38|chr13|98692136|98692458|-|1134927	hc|0407	AluJr	AluJr	0.9710277319	0.9862155318260193	0	1
raw_ntv2_train_centroid	interval|hg38|chr1|99955784|99956103|-|182545	human:hg38	chr1	coord|human:hg38|chr1|99955784|99956103|-|182545	hc|0411	AluJr	MIR3	0.9825468063	0.9862155318260193	0	0
raw_ntv2_train_centroid	interval|hg38|chr1|173119364|173119679|-|263675	human:hg38	chr1	coord|human:hg38|chr1|173119364|173119679|-|263675	hc|1080	AluJr4	MER5A	0.9897792935	0.9862155318260193	1	0
raw_ntv2_train_centroid	interval|hg38|chr1|173888414|173888729|-|264940	human:hg38	chr1	coord|human:hg38|chr1|173888414|173888729|-|264940	hc|1083	AluJr4	MIR3	0.9876289368	0.9862155318260193	1	0
raw_ntv2_train_centroid	interval|hg38|chr1|24968046|24968360|-|47067	human:hg38	chr1	coord|human:hg38|chr1|24968046|24968360|-|47067	hc|1086	AluJr4	FLAM_C	0.9842332602	0.9862155318260193	0	0
raw_ntv2_train_centroid	interval|hg38|chr11|108636204|108636518|+|755370	human:hg38	chr11	coord|human:hg38|chr11|108636204|108636518|+|755370	hc|1090	AluJr4	MIRb	0.982753396	0.9862155318260193	0	0
raw_ntv2_train_centroid	interval|hg38|chr1|217611897|217612210|+|331186	human:hg38	chr1	coord|human:hg38|chr1|217611897|217612210|+|331186	hc|1093	AluJr4	AluJr4	0.9819453359	0.9862155318260193	0	1
raw_ntv2_train_centroid	interval|hg38|chr1|94969079|94969392|-|175426	human:hg38	chr1	coord|human:hg38|chr1|94969079|94969392|-|175426	hc|1098	AluJr4	AluJr4	0.9848997593	0.9862155318260193	0	1
raw_ntv2_train_centroid	interval|hg38|chr1|171453717|171454030|-|261220	human:hg38	chr1	coord|human:hg38|chr1|171453717|171454030|-|261220	hc|1099	AluJr4	AluSq2	0.9854394197	0.9862155318260193	0	0
raw_ntv2_train_centroid	interval|hg38|chr1|143696235|143696567|-|216021	human:hg38	chr1	coord|human:hg38|chr1|143696235|143696567|-|216021	hc|0676	AluSc	AluSc	0.9876962304	0.9862155318260193	1	1
raw_ntv2_train_centroid	interval|hg38|chr11|130039964|130040291|+|789901	human:hg38	chr11	coord|human:hg38|chr11|130039964|130040291|+|789901	hc|0689	AluSc	AluSx4	0.9802061319	0.9862155318260193	0	0
raw_ntv2_train_centroid	interval|hg38|chr13|64285385|64285710|-|1089450	human:hg38	chr13	coord|human:hg38|chr13|64285385|64285710|-|1089450	hc|0692	AluSc	AluSq2	0.9858597517	0.9862155318260193	0	0
raw_ntv2_train_centroid	interval|hg38|chr1|108915400|108915724|-|194778	human:hg38	chr1	coord|human:hg38|chr1|108915400|108915724|-|194778	hc|0694	AluSc	AluSx4	0.982486248	0.9862155318260193	0	0
raw_ntv2_train_centroid	interval|hg38|chr13|77939715|77940039|+|1107294	human:hg38	chr13	coord|human:hg38|chr13|77939715|77940039|+|1107294	hc|0696	AluSc	AluSx4	0.9697355032	0.9862155318260193	0	0
raw_ntv2_train_centroid	interval|hg38|chr11|73035696|73036018|-|697828	human:hg38	chr11	coord|human:hg38|chr11|73035696|73036018|-|697828	hc|0704	AluSc	AluSc	0.9869329929	0.9862155318260193	1	1
raw_ntv2_train_centroid	interval|hg38|chr1|183643262|183643590|-|280733	human:hg38	chr1	coord|human:hg38|chr1|183643262|183643590|-|280733	hc|0832	AluSc8	AluY	0.9236214757	0.9862155318260193	0	0
raw_ntv2_train_centroid	interval|hg38|chr1|155585241|155585568|+|236340	human:hg38	chr1	coord|human:hg38|chr1|155585241|155585568|+|236340	hc|0833	AluSc8	AluSq2	0.98541677	0.9862155318260193	0	0
raw_ntv2_train_centroid	interval|hg38|chr13|103483393|103483717|-|1142024	human:hg38	chr13	coord|human:hg38|chr13|103483393|103483717|-|1142024	hc|0841	AluSc8	AluSc	0.9801985025	0.9862155318260193	0	0
raw_ntv2_train_centroid	interval|hg38|chr1|20584097|20584414|+|36774	human:hg38	chr1	coord|human:hg38|chr1|20584097|20584414|+|36774	hc|0859	AluSc8	AluY	0.9715978503	0.9862155318260193	0	0
raw_ntv2_train_centroid	interval|hg38|chr1|85945002|85945318|-|161108	human:hg38	chr1	coord|human:hg38|chr1|85945002|85945318|-|161108	hc|0864	AluSc8	AluSx	0.9748032689	0.9862155318260193	0	0
raw_ntv2_train_centroid	interval|hg38|chr1|227737992|227738333|-|347749	human:hg38	chr1	coord|human:hg38|chr1|227737992|227738333|-|347749	hc|0629	AluSg	AluSc	0.980962038	0.9862155318260193	0	0
raw_ntv2_train_centroid	interval|hg38|chr1|69853245|69853576|-|138517	human:hg38	chr1	coord|human:hg38|chr1|69853245|69853576|-|138517	hc|0638	AluSg	AluSq2	0.9860202074	0.9862155318260193	0	0
raw_ntv2_train_centroid	interval|hg38|chr1|206818780|206819109|-|314788	human:hg38	chr1	coord|human:hg38|chr1|206818780|206819109|-|314788	hc|0642	AluSg	AluY	0.9244240522	0.9862155318260193	0	0
raw_ntv2_train_centroid	interval|hg38|chr1|6529309|6529637|+|8260	human:hg38	chr1	coord|human:hg38|chr1|6529309|6529637|+|8260	hc|0644	AluSg	FLAM_C	0.9853596091	0.9862155318260193	0	0
raw_ntv2_train_centroid	interval|hg38|chr1|151643264|151643592|-|229379	human:hg38	chr1	coord|human:hg38|chr1|151643264|151643592|-|229379	hc|0646	AluSg	AluY	0.9611265659	0.9862155318260193	0	0
raw_ntv2_train_centroid	interval|hg38|chr1|200552915|200553235|-|303482	human:hg38	chr1	coord|human:hg38|chr1|200552915|200553235|-|303482	hc|0663	AluSg	AluSc	0.9812756777	0.9862155318260193	0	0
raw_ntv2_train_centroid	interval|hg38|chr1|236972669|236972989|+|362967	human:hg38	chr1	coord|human:hg38|chr1|236972669|236972989|+|362967	hc|0664	AluSg	AluY	0.8866915703	0.9862155318260193	0	0
raw_ntv2_train_centroid	interval|hg38|chr11|4663071|4663414|+|593281	human:hg38	chr11	coord|human:hg38|chr11|4663071|4663414|+|593281	hc|0468	AluSp	AluSq2	0.9851801395	0.9862155318260193	0	0
raw_ntv2_train_centroid	interval|hg38|chr13|33872451|33872793|+|1045239	human:hg38	chr13	coord|human:hg38|chr13|33872451|33872793|+|1045239	hc|0469	AluSp	AluSx1	0.9829601049	0.9862155318260193	0	0
raw_ntv2_train_centroid	interval|hg38|chr1|230845401|230845741|+|352530	human:hg38	chr1	coord|human:hg38|chr1|230845401|230845741|+|352530	hc|0471	AluSp	AluSq2	0.9886474013	0.9862155318260193	1	0
raw_ntv2_train_centroid	interval|hg38|chr1|112735388|112735726|+|201071	human:hg38	chr1	coord|human:hg38|chr1|112735388|112735726|+|201071	hc|0476	AluSp	AluSq2	0.9855679274	0.9862155318260193	0	0
raw_ntv2_train_centroid	interval|hg38|chr1|72149600|72149934|+|141771	human:hg38	chr1	coord|human:hg38|chr1|72149600|72149934|+|141771	hc|0484	AluSp	AluSq2	0.9849758148	0.9862155318260193	0	0
raw_ntv2_train_centroid	interval|hg38|chr11|42106182|42106515|+|651362	human:hg38	chr11	coord|human:hg38|chr11|42106182|42106515|+|651362	hc|0487	AluSp	AluSq2	0.9861596823	0.9862155318260193	0	0
raw_ntv2_train_centroid	interval|hg38|chr11|71732386|71732718|-|695294	human:hg38	chr11	coord|human:hg38|chr11|71732386|71732718|-|695294	hc|0490	AluSp	AluSq2	0.9874225259	0.9862155318260193	1	0
raw_ntv2_train_centroid	interval|hg38|chr1|214495663|214495994|-|327198	human:hg38	chr1	coord|human:hg38|chr1|214495663|214495994|-|327198	hc|0493	AluSp	AluSq	0.9757319093	0.9862155318260193	0	0
raw_ntv2_train_centroid	interval|hg38|chr11|8779485|8779814|-|598973	human:hg38	chr11	coord|human:hg38|chr11|8779485|8779814|-|598973	hc|0497	AluSp	FLAM_C	0.9858009815	0.9862155318260193	0	0
raw_ntv2_train_centroid	interval|hg38|chr1|242555877|242556205|-|371508	human:hg38	chr1	coord|human:hg38|chr1|242555877|242556205|-|371508	hc|0501	AluSp	FLAM_C	0.9877678752	0.9862155318260193	1	0
raw_ntv2_train_centroid	interval|hg38|chr1|1477677|1478003|-|1840	human:hg38	chr1	coord|human:hg38|chr1|1477677|1478003|-|1840	hc|0505	AluSp	AluSc	0.9789381623	0.9862155318260193	0	0
raw_ntv2_train_centroid	interval|hg38|chr1|240620855|240621195|-|368285	human:hg38	chr1	coord|human:hg38|chr1|240620855|240621195|-|368285	hc|0985	AluSq	AluSx	0.9758481383	0.9862155318260193	0	0
raw_ntv2_train_centroid	interval|hg38|chr1|241040465|241040787|-|368964	human:hg38	chr1	coord|human:hg38|chr1|241040465|241040787|-|368964	hc|0994	AluSq	AluSc	0.9840698838	0.9862155318260193	0	0
raw_ntv2_train_centroid	interval|hg38|chr1|92143489|92143811|-|170472	human:hg38	chr1	coord|human:hg38|chr1|92143489|92143811|-|170472	hc|0995	AluSq	AluSq2	0.9898247719	0.9862155318260193	1	0
raw_ntv2_train_centroid	interval|hg38|chr1|225704954|225705275|+|344033	human:hg38	chr1	coord|human:hg38|chr1|225704954|225705275|+|344033	hc|0996	AluSq	AluSq2	0.9889740944	0.9862155318260193	1	0
raw_ntv2_train_centroid	interval|hg38|chr13|19821665|19821985|+|1022527	human:hg38	chr13	coord|human:hg38|chr13|19821665|19821985|+|1022527	hc|1000	AluSq	AluSx1	0.9879864454	0.9862155318260193	1	0
raw_ntv2_train_centroid	interval|hg38|chr1|199990500|199990818|-|302443	human:hg38	chr1	coord|human:hg38|chr1|199990500|199990818|-|302443	hc|1010	AluSq	AluSc	0.9838835001	0.9862155318260193	0	0
raw_ntv2_train_centroid	interval|hg38|chr1|235041713|235042030|-|359184	human:hg38	chr1	coord|human:hg38|chr1|235041713|235042030|-|359184	hc|1022	AluSq	FLAM_C	0.9902031422	0.9862155318260193	1	0
raw_ntv2_train_centroid	interval|hg38|chr1|117133712|117134055|+|208740	human:hg38	chr1	coord|human:hg38|chr1|117133712|117134055|+|208740	hc|0317	AluSq2	AluSz6	0.9847407341	0.9862155318260193	0	0
raw_ntv2_train_centroid	interval|hg38|chr13|52748111|52748453|+|1074758	human:hg38	chr13	coord|human:hg38|chr13|52748111|52748453|+|1074758	hc|0318	AluSq2	AluY	0.9401276708	0.9862155318260193	0	0
raw_ntv2_train_centroid	interval|hg38|chr1|53790083|53790424|+|108852	human:hg38	chr1	coord|human:hg38|chr1|53790083|53790424|+|108852	hc|0323	AluSq2	AluY	0.9288572669	0.9862155318260193	0	0
raw_ntv2_train_centroid	interval|hg38|chr11|35315511|35315851|+|641617	human:hg38	chr11	coord|human:hg38|chr11|35315511|35315851|+|641617	hc|0326	AluSq2	AluSx1	0.9855620265	0.9862155318260193	0	0
raw_ntv2_train_centroid	interval|hg38|chr11|80842044|80842384|-|713977	human:hg38	chr11	coord|human:hg38|chr11|80842044|80842384|-|713977	hc|0327	AluSq2	AluSz6	0.981107235	0.9862155318260193	0	0
raw_ntv2_train_centroid	interval|hg38|chr13|62416751|62417090|+|1087198	human:hg38	chr13	coord|human:hg38|chr13|62416751|62417090|+|1087198	hc|0330	AluSq2	AluSz	0.9844494462	0.9862155318260193	0	0
raw_ntv2_train_centroid	interval|hg38|chr13|49829338|49829675|+|1070140	human:hg38	chr13	coord|human:hg38|chr13|49829338|49829675|+|1070140	hc|0333	AluSq2	FLAM_C	0.9887990952	0.9862155318260193	1	0
raw_ntv2_train_centroid	interval|hg38|chr13|60541129|60541466|-|1084796	human:hg38	chr13	coord|human:hg38|chr13|60541129|60541466|-|1084796	hc|0334	AluSq2	AluSx1	0.9782220125	0.9862155318260193	0	0
raw_ntv2_train_centroid	interval|hg38|chr11|63536245|63536581|+|679684	human:hg38	chr11	coord|human:hg38|chr11|63536245|63536581|+|679684	hc|0337	AluSq2	AluSz6	0.9856184125	0.9862155318260193	0	0
raw_ntv2_train_centroid	interval|hg38|chr11|37840530|37840866|-|645511	human:hg38	chr11	coord|human:hg38|chr11|37840530|37840866|-|645511	hc|0338	AluSq2	AluSq2	0.9804094434	0.9862155318260193	0	1
raw_ntv2_train_centroid	interval|hg38|chr1|241461063|241461398|+|369648	human:hg38	chr1	coord|human:hg38|chr1|241461063|241461398|+|369648	hc|0340	AluSq2	AluSq2	0.984583199	0.9862155318260193	0	1
raw_ntv2_train_centroid	interval|hg38|chr1|154973228|154973559|+|235039	human:hg38	chr1	coord|human:hg38|chr1|154973228|154973559|+|235039	hc|0350	AluSq2	AluSx1	0.977106452	0.9862155318260193	0	0
raw_ntv2_train_centroid	interval|hg38|chr1|201033351|201033695|-|304357	human:hg38	chr1	coord|human:hg38|chr1|201033351|201033695|-|304357	hc|0043	AluSx	AluSz6	0.9848886728	0.9862155318260193	0	0
raw_ntv2_train_centroid	interval|hg38|chr1|233061718|233062058|-|355967	human:hg38	chr1	coord|human:hg38|chr1|233061718|233062058|-|355967	hc|0051	AluSx	AluSx	0.9842014313	0.9862155318260193	0	1
raw_ntv2_train_centroid	interval|hg38|chr1|53699024|53699363|-|108621	human:hg38	chr1	coord|human:hg38|chr1|53699024|53699363|-|108621	hc|0054	AluSx	AluSz6	0.9852551222	0.9862155318260193	0	0
raw_ntv2_train_centroid	interval|hg38|chr11|70237593|70237930|+|693037	human:hg38	chr11	coord|human:hg38|chr11|70237593|70237930|+|693037	hc|0061	AluSx	AluSx	0.9780117273	0.9862155318260193	0	1
raw_ntv2_train_centroid	interval|hg38|chr1|105626455|105626791|-|190246	human:hg38	chr1	coord|human:hg38|chr1|105626455|105626791|-|190246	hc|0064	AluSx	AluSc	0.9739525318	0.9862155318260193	0	0
raw_ntv2_train_centroid	interval|hg38|chr1|25075374|25075709|+|47296	human:hg38	chr1	coord|human:hg38|chr1|25075374|25075709|+|47296	hc|0065	AluSx	AluSq	0.9811093807	0.9862155318260193	0	0
raw_ntv2_train_centroid	interval|hg38|chr13|24753874|24754215|+|1030461	human:hg38	chr13	coord|human:hg38|chr13|24753874|24754215|+|1030461	hc|0088	AluSx1	AluSx	0.9785892963	0.9862155318260193	0	0
raw_ntv2_train_centroid	interval|hg38|chr1|105990600|105990939|-|190680	human:hg38	chr1	coord|human:hg38|chr1|105990600|105990939|-|190680	hc|0093	AluSx1	AluSz6	0.9858499169	0.9862155318260193	0	0
raw_ntv2_train_centroid	interval|hg38|chr11|9830458|9830796|+|601214	human:hg38	chr11	coord|human:hg38|chr11|9830458|9830796|+|601214	hc|0096	AluSx1	AluSx3	0.9840027094	0.9862155318260193	0	0
raw_ntv2_train_centroid	interval|hg38|chr1|218854792|218855129|-|333052	human:hg38	chr1	coord|human:hg38|chr1|218854792|218855129|-|333052	hc|0103	AluSx1	AluSz6	0.9839757085	0.9862155318260193	0	0
raw_ntv2_train_centroid	interval|hg38|chr13|20124699|20125035|+|1023256	human:hg38	chr13	coord|human:hg38|chr13|20124699|20125035|+|1023256	hc|0110	AluSx1	AluSx	0.964589119	0.9862155318260193	0	0
raw_ntv2_train_centroid	interval|hg38|chr1|20594505|20594840|+|36800	human:hg38	chr1	coord|human:hg38|chr1|20594505|20594840|+|36800	hc|0114	AluSx1	AluSx1	0.982218802	0.9862155318260193	0	1
raw_ntv2_train_centroid	interval|hg38|chr13|101337273|101337607|-|1139214	human:hg38	chr13	coord|human:hg38|chr13|101337273|101337607|-|1139214	hc|0118	AluSx1	AluY	0.8785532713	0.9862155318260193	0	0
raw_ntv2_train_centroid	interval|hg38|chr13|105587264|105587598|+|1144405	human:hg38	chr13	coord|human:hg38|chr13|105587264|105587598|+|1144405	hc|0119	AluSx1	AluSq2	0.9870876074	0.9862155318260193	1	0
raw_ntv2_train_centroid	interval|hg38|chr13|91330328|91330671|-|1124079	human:hg38	chr13	coord|human:hg38|chr13|91330328|91330671|-|1124079	hc|0747	AluSx3	AluY	0.9591957927	0.9862155318260193	0	0
raw_ntv2_train_centroid	interval|hg38|chr1|63170590|63170920|-|127060	human:hg38	chr1	coord|human:hg38|chr1|63170590|63170920|-|127060	hc|0758	AluSx3	AluSq2	0.9903040528	0.9862155318260193	1	0
raw_ntv2_train_centroid	interval|hg38|chr11|63600578|63600903|-|679842	human:hg38	chr11	coord|human:hg38|chr11|63600578|63600903|-|679842	hc|0764	AluSx3	AluY	0.9239428043	0.9862155318260193	0	0
raw_ntv2_train_centroid	interval|hg38|chr13|51888620|51888944|-|1073349	human:hg38	chr13	coord|human:hg38|chr13|51888620|51888944|-|1073349	hc|0765	AluSx3	AluSq2	0.9888207316	0.9862155318260193	1	0
raw_ntv2_train_centroid	interval|hg38|chr1|53790424|53790744|+|108853	human:hg38	chr1	coord|human:hg38|chr1|53790424|53790744|+|108853	hc|0323	AluSx3	AluSx4	0.9795562029	0.9862155318260193	0	0
raw_ntv2_train_centroid	interval|hg38|chr13|36726380|36726699|-|1049349	human:hg38	chr13	coord|human:hg38|chr13|36726380|36726699|-|1049349	hc|0775	AluSx3	AluSq2	0.9862548709	0.9862155318260193	1	0
raw_ntv2_train_centroid	interval|hg38|chr1|150614803|150615122|-|227116	human:hg38	chr1	coord|human:hg38|chr1|150614803|150615122|-|227116	hc|0776	AluSx3	AluSq	0.9835135341	0.9862155318260193	0	0
raw_ntv2_train_centroid	interval|hg38|chr1|52722545|52722863|-|106500	human:hg38	chr1	coord|human:hg38|chr1|52722545|52722863|-|106500	hc|0777	AluSx3	AluSq2	0.9862993956	0.9862155318260193	1	0
raw_ntv2_train_centroid	interval|hg38|chr1|241467706|241468024|+|369668	human:hg38	chr1	coord|human:hg38|chr1|241467706|241468024|+|369668	hc|0778	AluSx3	MER5A	0.9829703569	0.9862155318260193	0	0
raw_ntv2_train_centroid	interval|hg38|chr1|20749341|20749658|-|37135	human:hg38	chr1	coord|human:hg38|chr1|20749341|20749658|-|37135	hc|0781	AluSx3	AluSq2	0.9856203794	0.9862155318260193	0	0
raw_ntv2_train_centroid	interval|hg38|chr13|71692477|71692820|-|1098283	human:hg38	chr13	coord|human:hg38|chr13|71692477|71692820|-|1098283	hc|1300	AluSx4	AluY	0.9555152059	0.9862155318260193	0	0
raw_ntv2_train_centroid	interval|hg38|chr13|49622942|49623282|-|1069682	human:hg38	chr13	coord|human:hg38|chr13|49622942|49623282|-|1069682	hc|1301	AluSx4	AluSx	0.9767717123	0.9862155318260193	0	0
raw_ntv2_train_centroid	interval|hg38|chr11|43900195|43900521|-|654289	human:hg38	chr11	coord|human:hg38|chr11|43900195|43900521|-|654289	hc|1305	AluSx4	AluSx4	0.982962966	0.9862155318260193	0	1
raw_ntv2_train_centroid	interval|hg38|chr1|19965980|19966302|-|35423	human:hg38	chr1	coord|human:hg38|chr1|19965980|19966302|-|35423	hc|1308	AluSx4	FLAM_A	0.9868520498	0.9862155318260193	1	0
raw_ntv2_train_centroid	interval|hg38|chr1|161167541|161167862|-|245269	human:hg38	chr1	coord|human:hg38|chr1|161167541|161167862|-|245269	hc|1309	AluSx4	AluSg	0.988329649	0.9862155318260193	1	0
raw_ntv2_train_centroid	interval|hg38|chr13|27042509|27042830|-|1034031	human:hg38	chr13	coord|human:hg38|chr13|27042509|27042830|-|1034031	hc|1310	AluSx4	AluSx4	0.9805937409	0.9862155318260193	0	1
raw_ntv2_train_centroid	interval|hg38|chr11|98190789|98191109|+|739972	human:hg38	chr11	coord|human:hg38|chr11|98190789|98191109|+|739972	hc|1312	AluSx4	AluSx4	0.9763954282	0.9862155318260193	0	1
raw_ntv2_train_centroid	interval|hg38|chr1|17805360|17805677|-|30741	human:hg38	chr1	coord|human:hg38|chr1|17805360|17805677|-|30741	hc|1315	AluSx4	MER5A	0.9840442538	0.9862155318260193	0	0
raw_ntv2_train_centroid	interval|hg38|chr1|60560179|60560496|+|122243	human:hg38	chr1	coord|human:hg38|chr1|60560179|60560496|+|122243	hc|1316	AluSx4	AluSc	0.9826456308	0.9862155318260193	0	0
raw_ntv2_train_centroid	interval|hg38|chr1|233600912|233601228|+|356843	human:hg38	chr1	coord|human:hg38|chr1|233600912|233601228|+|356843	hc|1319	AluSx4	AluSq2	0.9900568724	0.9862155318260193	1	0
raw_ntv2_train_centroid	interval|hg38|chr13|31273078|31273393|-|1041161	human:hg38	chr13	coord|human:hg38|chr13|31273078|31273393|-|1041161	hc|1325	AluSx4	AluSx4	0.9842076302	0.9862155318260193	0	1
raw_ntv2_train_centroid	interval|hg38|chr11|79917066|79917381|-|712432	human:hg38	chr11	coord|human:hg38|chr11|79917066|79917381|-|712432	hc|1326	AluSx4	AluSq2	0.9858043194	0.9862155318260193	0	0
raw_ntv2_train_centroid	interval|hg38|chr1|65152384|65152698|-|130875	human:hg38	chr1	coord|human:hg38|chr1|65152384|65152698|-|130875	hc|1327	AluSx4	AluSx3	0.9877346158	0.9862155318260193	1	0
raw_ntv2_train_centroid	interval|hg38|chr11|67201488|67201802|+|687399	human:hg38	chr11	coord|human:hg38|chr11|67201488|67201802|+|687399	hc|1330	AluSx4	FLAM_C	0.9853053093	0.9862155318260193	0	0
raw_ntv2_train_centroid	interval|hg38|chr1|35015935|35016248|-|70123	human:hg38	chr1	coord|human:hg38|chr1|35015935|35016248|-|70123	hc|1334	AluSx4	AluSq2	0.9774628878	0.9862155318260193	0	0
raw_ntv2_train_centroid	interval|hg38|chr11|46757572|46757885|-|659827	human:hg38	chr11	coord|human:hg38|chr11|46757572|46757885|-|659827	hc|1336	AluSx4	AluSx4	0.9829559326	0.9862155318260193	0	1
raw_ntv2_train_centroid	interval|hg38|chr1|151445239|151445579|+|228937	human:hg38	chr1	coord|human:hg38|chr1|151445239|151445579|+|228937	hc|0247	AluSz	AluSx	0.9755262733	0.9862155318260193	0	0
raw_ntv2_train_centroid	interval|hg38|chr1|43264328|43264664|-|87468	human:hg38	chr1	coord|human:hg38|chr1|43264328|43264664|-|87468	hc|0255	AluSz	AluJr	0.8411636353	0.9862155318260193	0	0
raw_ntv2_train_centroid	interval|hg38|chr1|39149251|39149587|+|78849	human:hg38	chr1	coord|human:hg38|chr1|39149251|39149587|+|78849	hc|0257	AluSz	AluSc	0.9795320034	0.9862155318260193	0	0
raw_ntv2_train_centroid	interval|hg38|chr11|65509129|65509463|-|683570	human:hg38	chr11	coord|human:hg38|chr11|65509129|65509463|-|683570	hc|0262	AluSz	AluSz	0.9853926897	0.9862155318260193	0	1
raw_ntv2_train_centroid	interval|hg38|chr1|34812663|34812995|+|69705	human:hg38	chr1	coord|human:hg38|chr1|34812663|34812995|+|69705	hc|0270	AluSz	AluSz	0.9799399972	0.9862155318260193	0	1
raw_ntv2_train_centroid	interval|hg38|chr1|64920259|64920602|+|130343	human:hg38	chr1	coord|human:hg38|chr1|64920259|64920602|+|130343	hc|0548	AluSz6	AluJr4	0.9781653881	0.9862155318260193	0	0
raw_ntv2_train_centroid	interval|hg38|chr1|151214341|151214680|-|228444	human:hg38	chr1	coord|human:hg38|chr1|151214341|151214680|-|228444	hc|0552	AluSz6	AluSq2	0.9826785326	0.9862155318260193	0	0
raw_ntv2_train_centroid	interval|hg38|chr11|32925494|32925826|-|637504	human:hg38	chr11	coord|human:hg38|chr11|32925494|32925826|-|637504	hc|0563	AluSz6	AluSc	0.9747133255	0.9862155318260193	0	0
raw_ntv2_train_centroid	interval|hg38|chr1|89693625|89693955|-|166470	human:hg38	chr1	coord|human:hg38|chr1|89693625|89693955|-|166470	hc|0569	AluSz6	AluSz6	0.9813198447	0.9862155318260193	0	1
raw_ntv2_train_centroid	interval|hg38|chr13|44823732|44824061|-|1061640	human:hg38	chr13	coord|human:hg38|chr13|44823732|44824061|-|1061640	hc|0570	AluSz6	AluSx	0.9743871093	0.9862155318260193	0	0
raw_ntv2_train_centroid	interval|hg38|chr11|48477285|48477608|-|663453	human:hg38	chr11	coord|human:hg38|chr11|48477285|48477608|-|663453	hc|0584	AluSz6	AluSc	0.9757353067	0.9862155318260193	0	0
raw_ntv2_train_centroid	interval|hg38|chr11|80437386|80437733|-|713337	human:hg38	chr11	coord|human:hg38|chr11|80437386|80437733|-|713337	hc|0161	AluY	AluSx	0.9780866504	0.9862155318260193	0	0
raw_ntv2_train_centroid	interval|hg38|chr1|85101440|85101784|+|159742	human:hg38	chr1	coord|human:hg38|chr1|85101440|85101784|+|159742	hc|0163	AluY	AluSx1	0.9837486744	0.9862155318260193	0	0
raw_ntv2_train_centroid	interval|hg38|chr13|41739816|41740154|-|1056818	human:hg38	chr13	coord|human:hg38|chr13|41739816|41740154|-|1056818	hc|0175	AluY	AluSx3	0.9827237129	0.9862155318260193	0	0
raw_ntv2_train_centroid	interval|hg38|chr1|221434071|221434409|+|336872	human:hg38	chr1	coord|human:hg38|chr1|221434071|221434409|+|336872	hc|0178	AluY	AluSq2	0.987675786	0.9862155318260193	1	0
raw_ntv2_train_centroid	interval|hg38|chr11|121442641|121442977|-|776778	human:hg38	chr11	coord|human:hg38|chr11|121442641|121442977|-|776778	hc|0186	AluY	AluY	0.9065166712	0.9862155318260193	0	1
raw_ntv2_train_centroid	interval|hg38|chr13|76437647|76437983|+|1105147	human:hg38	chr13	coord|human:hg38|chr13|76437647|76437983|+|1105147	hc|0189	AluY	AluY	0.9735382795	0.9862155318260193	0	1
raw_ntv2_train_centroid	interval|hg38|chr13|63650949|63651284|+|1088717	human:hg38	chr13	coord|human:hg38|chr13|63650949|63651284|+|1088717	hc|0191	AluY	AluSc	0.9808590412	0.9862155318260193	0	0
raw_ntv2_train_centroid	interval|hg38|chr1|83117210|83117545|-|156808	human:hg38	chr1	coord|human:hg38|chr1|83117210|83117545|-|156808	hc|0193	AluY	AluSc	0.9813205004	0.9862155318260193	0	0
raw_ntv2_train_centroid	interval|hg38|chr11|119609295|119609458|-|773745	human:hg38	chr11	coord|human:hg38|chr11|119609295|119609458|-|773745	hc|1140	FLAM_A	FLAM_A	0.9740943909	0.9862155318260193	0	1
raw_ntv2_train_centroid	interval|hg38|chr13|89140328|89140478|-|1121240	human:hg38	chr13	coord|human:hg38|chr13|89140328|89140478|-|1121240	hc|1149	FLAM_A	FLAM_C	0.9772655368	0.9862155318260193	0	0
raw_ntv2_train_centroid	interval|hg38|chr1|33296830|33296968|-|66963	human:hg38	chr1	coord|human:hg38|chr1|33296830|33296968|-|66963	hc|1161	FLAM_A	MER5A	0.9788979888	0.9862155318260193	0	0
raw_ntv2_train_centroid	interval|hg38|chr1|118663886|118664023|+|211106	human:hg38	chr1	coord|human:hg38|chr1|118663886|118664023|+|211106	hc|1169	FLAM_A	FLAM_A	0.9767227173	0.9862155318260193	0	1
raw_ntv2_train_centroid	interval|hg38|chr11|65137695|65137877|-|682748	human:hg38	chr11	coord|human:hg38|chr11|65137695|65137877|-|682748	hc|0946	FLAM_C	AluJr4	0.9753699303	0.9862155318260193	0	0
raw_ntv2_train_centroid	interval|hg38|chr11|90131115|90131294|+|728506	human:hg38	chr11	coord|human:hg38|chr11|90131115|90131294|+|728506	hc|0947	FLAM_C	FLAM_A	0.9766811132	0.9862155318260193	0	0
raw_ntv2_train_centroid	interval|hg38|chr1|232646991|232647163|+|355335	human:hg38	chr1	coord|human:hg38|chr1|232646991|232647163|+|355335	hc|0956	FLAM_C	AluJr4	0.9719796777	0.9862155318260193	0	0
raw_ntv2_train_centroid	interval|hg38|chr1|121277375|121277546|-|214919	human:hg38	chr1	coord|human:hg38|chr1|121277375|121277546|-|214919	hc|0958	FLAM_C	FLAM_C	0.972063303	0.9862155318260193	0	1
raw_ntv2_train_centroid	interval|hg38|chr1|206295864|206296035|-|313952	human:hg38	chr1	coord|human:hg38|chr1|206295864|206296035|-|313952	hc|0958	FLAM_C	FLAM_C	0.9778860807	0.9862155318260193	0	1
raw_ntv2_train_centroid	interval|hg38|chr11|14744991|14745155|-|609450	human:hg38	chr11	coord|human:hg38|chr11|14744991|14745155|-|609450	hc|0968	FLAM_C	MER5A	0.9774811864	0.9862155318260193	0	0
raw_ntv2_train_centroid	interval|hg38|chr13|27506531|27506693|-|1034939	human:hg38	chr13	coord|human:hg38|chr13|27506531|27506693|-|1034939	hc|0973	FLAM_C	FLAM_C	0.9558672309	0.9862155318260193	0	1
raw_ntv2_train_centroid	interval|hg38|chr1|106701999|106703583|+|191553	human:hg38	chr1	coord|human:hg38|chr1|106701999|106703583|+|191553	hc|0788	L2	L2	0.9449265003	0.9862155318260193	0	1
raw_ntv2_train_centroid	interval|hg38|chr13|65927645|65928885|-|1091485	human:hg38	chr13	coord|human:hg38|chr13|65927645|65928885|-|1091485	hc|0799	L2	L2	0.971981883	0.9862155318260193	0	1
raw_ntv2_train_centroid	interval|hg38|chr1|164180320|164181378|-|250014	human:hg38	chr1	coord|human:hg38|chr1|164180320|164181378|-|250014	hc|0810	L2	L2	0.9750062227	0.9862155318260193	0	1
raw_ntv2_train_centroid	interval|hg38|chr11|41892290|41893249|+|651076	human:hg38	chr11	coord|human:hg38|chr11|41892290|41893249|+|651076	hc|0817	L2	L3	0.9768973589	0.9862155318260193	0	0
raw_ntv2_train_centroid	interval|hg38|chr1|192762415|192763343|+|292952	human:hg38	chr1	coord|human:hg38|chr1|192762415|192763343|+|292952	hc|0821	L2	L2	0.9750078321	0.9862155318260193	0	1
raw_ntv2_train_centroid	interval|hg38|chr1|92907989|92908900|-|171958	human:hg38	chr1	coord|human:hg38|chr1|92907989|92908900|-|171958	hc|0824	L2	L2	0.9792351723	0.9862155318260193	0	1
raw_ntv2_train_centroid	interval|hg38|chr1|175559963|175561216|-|267617	human:hg38	chr1	coord|human:hg38|chr1|175559963|175561216|-|267617	hc|0865	L3	L2	0.8820800781	0.9862155318260193	0	0
raw_ntv2_train_centroid	interval|hg38|chr1|115376060|115377031|+|205871	human:hg38	chr1	coord|human:hg38|chr1|115376060|115377031|+|205871	hc|0866	L3	L3	0.9294088483	0.9862155318260193	0	1
raw_ntv2_train_centroid	interval|hg38|chr13|94943214|94944182|+|1128855	human:hg38	chr13	coord|human:hg38|chr13|94943214|94944182|+|1128855	hc|0867	L3	L3	0.9119194746	0.9862155318260193	0	1
raw_ntv2_train_centroid	interval|hg38|chr1|221560476|221561234|+|337077	human:hg38	chr1	coord|human:hg38|chr1|221560476|221561234|+|337077	hc|0877	L3	L3	0.9701251388	0.9862155318260193	0	1
raw_ntv2_train_centroid	interval|hg38|chr1|60068299|60068986|-|121401	human:hg38	chr1	coord|human:hg38|chr1|60068299|60068986|-|121401	hc|0882	L3	L3	0.9867312908	0.9862155318260193	1	1
raw_ntv2_train_centroid	interval|hg38|chr1|185491905|185492543|-|283713	human:hg38	chr1	coord|human:hg38|chr1|185491905|185492543|-|283713	hc|0890	L3	L3	0.9844077826	0.9862155318260193	0	1
raw_ntv2_train_centroid	interval|hg38|chr13|32448237|32448846|+|1042915	human:hg38	chr13	coord|human:hg38|chr13|32448237|32448846|+|1042915	hc|0897	L3	L3	0.9778071642	0.9862155318260193	0	1
raw_ntv2_train_centroid	interval|hg38|chr13|26132818|26133008|-|1032488	human:hg38	chr13	coord|human:hg38|chr13|26132818|26133008|-|1032488	hc|1025	MER5A	MER5A	0.9778630137	0.9862155318260193	0	1
raw_ntv2_train_centroid	interval|hg38|chr1|116173109|116173298|-|207142	human:hg38	chr1	coord|human:hg38|chr1|116173109|116173298|-|207142	hc|1034	MER5A	MER5A	0.9855404496	0.9862155318260193	0	1
raw_ntv2_train_centroid	interval|hg38|chr13|109330217|109330406|+|1149011	human:hg38	chr13	coord|human:hg38|chr13|109330217|109330406|+|1149011	hc|1039	MER5A	MER5A	0.9702634811	0.9862155318260193	0	1
raw_ntv2_train_centroid	interval|hg38|chr11|37688484|37688673|+|645340	human:hg38	chr11	coord|human:hg38|chr11|37688484|37688673|+|645340	hc|1043	MER5A	MER5A	0.9882189035	0.9862155318260193	1	1
raw_ntv2_train_centroid	interval|hg38|chr11|87960158|87960346|-|725499	human:hg38	chr11	coord|human:hg38|chr11|87960158|87960346|-|725499	hc|1052	MER5A	MIR3	0.9861692786	0.9862155318260193	0	0
raw_ntv2_train_centroid	interval|hg38|chr11|79244051|79244239|-|711160	human:hg38	chr11	coord|human:hg38|chr11|79244051|79244239|-|711160	hc|1059	MER5A	MER5A	0.9858959913	0.9862155318260193	0	1
raw_ntv2_train_centroid	interval|hg38|chr11|17682878|17683214|-|614237	human:hg38	chr11	coord|human:hg38|chr11|17682878|17683214|-|614237	hc|0120	MIR	MIRb	0.989721477	0.9862155318260193	1	0
raw_ntv2_train_centroid	interval|hg38|chr1|205488833|205489105|+|312550	human:hg38	chr1	coord|human:hg38|chr1|205488833|205489105|+|312550	hc|0124	MIR	MIRc	0.9768276215	0.9862155318260193	0	0
raw_ntv2_train_centroid	interval|hg38|chr13|60851003|60851268|-|1085231	human:hg38	chr13	coord|human:hg38|chr13|60851003|60851268|-|1085231	hc|0130	MIR	MIR	0.9872560501	0.9862155318260193	1	1
raw_ntv2_train_centroid	interval|hg38|chr1|204487958|204488223|-|310684	human:hg38	chr1	coord|human:hg38|chr1|204487958|204488223|-|310684	hc|0131	MIR	MIRb	0.9839773178	0.9862155318260193	0	0
raw_ntv2_train_centroid	interval|hg38|chr1|178263260|178263524|-|271633	human:hg38	chr1	coord|human:hg38|chr1|178263260|178263524|-|271633	hc|0135	MIR	MIR3	0.9877613783	0.9862155318260193	1	0
raw_ntv2_train_centroid	interval|hg38|chr1|201087144|201087407|-|304438	human:hg38	chr1	coord|human:hg38|chr1|201087144|201087407|-|304438	hc|0138	MIR	MIRb	0.9646472931	0.9862155318260193	0	0
raw_ntv2_train_centroid	interval|hg38|chr1|195834144|195834407|+|297028	human:hg38	chr1	coord|human:hg38|chr1|195834144|195834407|+|297028	hc|0141	MIR	MIRc	0.974116087	0.9862155318260193	0	0
raw_ntv2_train_centroid	interval|hg38|chr11|120146407|120146670|-|774610	human:hg38	chr11	coord|human:hg38|chr11|120146407|120146670|-|774610	hc|0142	MIR	MIRb	0.9805976748	0.9862155318260193	0	0
raw_ntv2_train_centroid	interval|hg38|chr1|115260156|115260418|+|205716	human:hg38	chr1	coord|human:hg38|chr1|115260156|115260418|+|205716	hc|0145	MIR	MIR	0.9868974686	0.9862155318260193	1	1
raw_ntv2_train_centroid	interval|hg38|chr1|157997127|157997389|+|240588	human:hg38	chr1	coord|human:hg38|chr1|157997127|157997389|+|240588	hc|0146	MIR	MIR3	0.9880728126	0.9862155318260193	1	0
raw_ntv2_train_centroid	interval|hg38|chr13|39790122|39790383|+|1053620	human:hg38	chr13	coord|human:hg38|chr13|39790122|39790383|+|1053620	hc|0154	MIR	MIRc	0.9853572845	0.9862155318260193	0	0
raw_ntv2_train_centroid	interval|hg38|chr1|10787039|10787260|-|16483	human:hg38	chr1	coord|human:hg38|chr1|10787039|10787260|-|16483	hc|0507	MIR3	MIRc	0.9672181606	0.9862155318260193	0	0
raw_ntv2_train_centroid	interval|hg38|chr11|72088660|72088881|+|695954	human:hg38	chr11	coord|human:hg38|chr11|72088660|72088881|+|695954	hc|0509	MIR3	MIRb	0.9681129456	0.9862155318260193	0	0
raw_ntv2_train_centroid	interval|hg38|chr11|92345709|92345926|+|731517	human:hg38	chr11	coord|human:hg38|chr11|92345709|92345926|+|731517	hc|0511	MIR3	MIRb	0.971232295	0.9862155318260193	0	0
raw_ntv2_train_centroid	interval|hg38|chr1|156965347|156965560|+|239002	human:hg38	chr1	coord|human:hg38|chr1|156965347|156965560|+|239002	hc|0514	MIR3	MIR3	0.9874085188	0.9862155318260193	1	1
raw_ntv2_train_centroid	interval|hg38|chr13|40350403|40350604|+|1054403	human:hg38	chr13	coord|human:hg38|chr13|40350403|40350604|+|1054403	hc|0538	MIR3	MIR3	0.988689959	0.9862155318260193	1	1
raw_ntv2_train_centroid	interval|hg38|chr11|40320570|40320771|+|648820	human:hg38	chr11	coord|human:hg38|chr11|40320570|40320771|+|648820	hc|0539	MIR3	L3	0.9686741233	0.9862155318260193	0	0
raw_ntv2_train_centroid	interval|hg38|chr11|26633262|26633462|-|627690	human:hg38	chr11	coord|human:hg38|chr11|26633262|26633462|-|627690	hc|0541	MIR3	MIRc	0.9853364229	0.9862155318260193	0	0
raw_ntv2_train_centroid	interval|hg38|chr11|130436464|130436664|-|790637	human:hg38	chr11	coord|human:hg38|chr11|130436464|130436664|-|790637	hc|0542	MIR3	MIR3	0.9877825975	0.9862155318260193	1	1
raw_ntv2_train_centroid	interval|hg38|chr1|56039075|56039274|+|113524	human:hg38	chr1	coord|human:hg38|chr1|56039075|56039274|+|113524	hc|0543	MIR3	MIRb	0.954785049	0.9862155318260193	0	0
raw_ntv2_train_centroid	interval|hg38|chr1|57401601|57401800|-|116197	human:hg38	chr1	coord|human:hg38|chr1|57401601|57401800|-|116197	hc|0546	MIR3	MIR3	0.9787342548	0.9862155318260193	0	1
raw_ntv2_train_centroid	interval|hg38|chr1|17595764|17596060|-|30300	human:hg38	chr1	coord|human:hg38|chr1|17595764|17596060|-|30300	hc|0001	MIRb	MER5A	0.9851243496	0.9862155318260193	0	0
raw_ntv2_train_centroid	interval|hg38|chr1|118110852|118111117|+|210369	human:hg38	chr1	coord|human:hg38|chr1|118110852|118111117|+|210369	hc|0004	MIRb	MIRb	0.9733815193	0.9862155318260193	0	1
raw_ntv2_train_centroid	interval|hg38|chr1|177770561|177770824|+|270820	human:hg38	chr1	coord|human:hg38|chr1|177770561|177770824|+|270820	hc|0006	MIRb	MIRb	0.9757682681	0.9862155318260193	0	1
raw_ntv2_train_centroid	interval|hg38|chr1|30049395|30049656|+|59400	human:hg38	chr1	coord|human:hg38|chr1|30049395|30049656|+|59400	hc|0013	MIRb	MER5A	0.9816236496	0.9862155318260193	0	0
raw_ntv2_train_centroid	interval|hg38|chr1|49173199|49173460|-|99040	human:hg38	chr1	coord|human:hg38|chr1|49173199|49173460|-|99040	hc|0014	MIRb	MIRc	0.9810278416	0.9862155318260193	0	0
raw_ntv2_train_centroid	interval|hg38|chr1|215812855|215813114|+|328988	human:hg38	chr1	coord|human:hg38|chr1|215812855|215813114|+|328988	hc|0023	MIRb	MIRc	0.9841822386	0.9862155318260193	0	0
raw_ntv2_train_centroid	interval|hg38|chr1|48485253|48485511|-|97699	human:hg38	chr1	coord|human:hg38|chr1|48485253|48485511|-|97699	hc|0030	MIRb	MIRb	0.9821851254	0.9862155318260193	0	1
raw_ntv2_train_centroid	interval|hg38|chr1|15146959|15147216|+|25032	human:hg38	chr1	coord|human:hg38|chr1|15146959|15147216|+|25032	hc|0039	MIRb	MIR3	0.9858906269	0.9862155318260193	0	0
raw_ntv2_train_centroid	interval|hg38|chr1|18409434|18409690|+|32027	human:hg38	chr1	coord|human:hg38|chr1|18409434|18409690|+|32027	hc|0365	MIRc	MIRb	0.9768228531	0.9862155318260193	0	0
raw_ntv2_train_centroid	interval|hg38|chr1|154518952|154519205|+|234180	human:hg38	chr1	coord|human:hg38|chr1|154518952|154519205|+|234180	hc|0375	MIRc	L3	0.9701192379	0.9862155318260193	0	0
raw_ntv2_train_centroid	interval|hg38|chr11|86787791|86788042|-|723650	human:hg38	chr11	coord|human:hg38|chr11|86787791|86788042|-|723650	hc|0388	MIRc	MIRc	0.9853099585	0.9862155318260193	0	1
raw_ntv2_train_centroid	interval|hg38|chr11|109649300|109649551|+|756882	human:hg38	chr11	coord|human:hg38|chr11|109649300|109649551|+|756882	hc|0389	MIRc	L3	0.9562858343	0.9862155318260193	0	0
raw_ntv2_train_centroid	interval|hg38|chr13|93594630|93595001|-|1126968	human:hg38	chr13	coord|human:hg38|chr13|93594630|93595001|-|1126968	hc|1180	MLT1A0	MER5A	0.9885646105	0.9862155318260193	1	0
raw_ntv2_train_centroid	interval|hg38|chr11|80422277|80422648|-|713307	human:hg38	chr11	coord|human:hg38|chr11|80422277|80422648|-|713307	hc|1182	MLT1A0	MLT1A0	0.9741645455	0.9862155318260193	0	1
raw_ntv2_train_centroid	interval|hg38|chr11|103361120|103361490|+|747247	human:hg38	chr11	coord|human:hg38|chr11|103361120|103361490|+|747247	hc|1186	MLT1A0	MLT1A0	0.9804300666	0.9862155318260193	0	1
raw_ntv2_train_centroid	interval|hg38|chr1|230776034|230776402|-|352429	human:hg38	chr1	coord|human:hg38|chr1|230776034|230776402|-|352429	hc|1195	MLT1A0	MIR3	0.9873484373	0.9862155318260193	1	0
raw_ntv2_train_centroid	interval|hg38|chr13|93104826|93105194|+|1126379	human:hg38	chr13	coord|human:hg38|chr13|93104826|93105194|+|1126379	hc|1197	MLT1A0	MIR3	0.9866393209	0.9862155318260193	1	0
raw_ntv2_train_centroid	interval|hg38|chr11|11511587|11511955|+|604100	human:hg38	chr11	coord|human:hg38|chr11|11511587|11511955|+|604100	hc|1204	MLT1A0	MER5A	0.9908097982	0.9862155318260193	1	0
raw_ntv2_train_centroid	interval|hg38|chr1|216537061|216537429|+|329857	human:hg38	chr1	coord|human:hg38|chr1|216537061|216537429|+|329857	hc|1205	MLT1A0	MLT1A0	0.9786505699	0.9862155318260193	0	1
raw_ntv2_train_centroid	interval|hg38|chr1|233552614|233552982|+|356749	human:hg38	chr1	coord|human:hg38|chr1|233552614|233552982|+|356749	hc|1206	MLT1A0	MLT1A0	0.9771103263	0.9862155318260193	0	1
raw_ntv2_train_centroid	interval|hg38|chr13|74861844|74862212|+|1102905	human:hg38	chr13	coord|human:hg38|chr13|74861844|74862212|+|1102905	hc|1209	MLT1A0	MLT1A0	0.9725203514	0.9862155318260193	0	1
raw_ntv2_train_centroid	interval|hg38|chr1|39271118|39271551|-|79084	human:hg38	chr1	coord|human:hg38|chr1|39271118|39271551|-|79084	hc|1103	MSTA	MSTA	0.9884845018	0.9862155318260193	1	1
raw_ntv2_train_centroid	interval|hg38|chr1|158504271|158504703|-|241301	human:hg38	chr1	coord|human:hg38|chr1|158504271|158504703|-|241301	hc|1104	MSTA	MSTA	0.9804282784	0.9862155318260193	0	1
raw_ntv2_train_centroid	interval|hg38|chr1|70425502|70425933|-|139372	human:hg38	chr1	coord|human:hg38|chr1|70425502|70425933|-|139372	hc|1107	MSTA	MSTA	0.9417448044	0.9862155318260193	0	1
raw_ntv2_train_centroid	interval|hg38|chr11|27261709|27262139|-|628626	human:hg38	chr11	coord|human:hg38|chr11|27261709|27262139|-|628626	hc|1110	MSTA	MSTA	0.9893399477	0.9862155318260193	1	1
raw_ntv2_train_centroid	interval|hg38|chr1|6855251|6855679|-|8968	human:hg38	chr1	coord|human:hg38|chr1|6855251|6855679|-|8968	hc|1116	MSTA	MSTA	0.9798871875	0.9862155318260193	0	1
raw_ntv2_train_centroid	interval|hg38|chr1|165081178|165081604|-|251271	human:hg38	chr1	coord|human:hg38|chr1|165081178|165081604|-|251271	hc|1125	MSTA	MSTA	0.9861952662	0.9862155318260193	0	1
raw_ntv2_train_centroid	interval|hg38|chr1|16778473|16778899|-|28488	human:hg38	chr1	coord|human:hg38|chr1|16778473|16778899|-|28488	hc|1127	MSTA	MSTA	0.9869872332	0.9862155318260193	1	1
raw_ntv2_train_centroid	interval|hg38|chr1|234803657|234804083|+|358716	human:hg38	chr1	coord|human:hg38|chr1|234803657|234804083|+|358716	hc|1127	MSTA	MSTA	0.9856641889	0.9862155318260193	0	1
raw_ntv2_train_centroid	interval|hg38|chr1|72838319|72838745|+|142592	human:hg38	chr1	coord|human:hg38|chr1|72838319|72838745|+|142592	hc|1130	MSTA	MSTA	0.9789633751	0.9862155318260193	0	1
raw_ntv2_train_centroid	interval|hg38|chr1|227426183|227426609|-|347368	human:hg38	chr1	coord|human:hg38|chr1|227426183|227426609|-|347368	hc|1133	MSTA	MSTA	0.9849274158	0.9862155318260193	0	1
raw_ntv2_train_centroid	interval|hg38|chr13|110764425|110764851|+|1150752	human:hg38	chr13	coord|human:hg38|chr13|110764425|110764851|+|1150752	hc|1134	MSTA	MSTA	0.9830628633	0.9862155318260193	0	1
raw_ntv2_train_centroid	interval|hg38|chr1|231876067|231876493|+|354328	human:hg38	chr1	coord|human:hg38|chr1|231876067|231876493|+|354328	hc|1138	MSTA	MSTA	0.9828882217	0.9862155318260193	0	1
raw_ntv2_train_centroid	interval|hg38|chr1|223046494|223046863|-|339402	human:hg38	chr1	coord|human:hg38|chr1|223046494|223046863|-|339402	hc|1385	THE1B	THE1B	0.9866634607	0.9862155318260193	1	1
raw_ntv2_train_centroid	interval|hg38|chr1|49187824|49188193|+|99070	human:hg38	chr1	coord|human:hg38|chr1|49187824|49188193|+|99070	hc|1387	THE1B	THE1B	0.991538167	0.9862155318260193	1	1
raw_ntv2_train_centroid	interval|hg38|chr1|235008729|235009098|-|359088	human:hg38	chr1	coord|human:hg38|chr1|235008729|235009098|-|359088	hc|1393	THE1B	THE1B	0.994361639	0.9862155318260193	1	1
raw_ntv2_train_centroid	interval|hg38|chr13|55835770|55836139|+|1078771	human:hg38	chr13	coord|human:hg38|chr13|55835770|55836139|+|1078771	hc|1396	THE1B	MSTA	0.9765257835	0.9862155318260193	0	0
raw_ntv2_train_centroid	interval|hg38|chr13|65203411|65203780|+|1090603	human:hg38	chr13	coord|human:hg38|chr13|65203411|65203780|+|1090603	hc|1398	THE1B	THE1B	0.9931335449	0.9862155318260193	1	1
raw_ntv2_train_centroid	interval|hg38|chr13|103267225|103267594|+|1141746	human:hg38	chr13	coord|human:hg38|chr13|103267225|103267594|+|1141746	hc|1399	THE1B	MIR3	0.9899991155	0.9862155318260193	1	0
raw_ntv2_train_centroid	interval|hg38|chr1|78120524|78120892|-|150333	human:hg38	chr1	coord|human:hg38|chr1|78120524|78120892|-|150333	hc|1402	THE1B	MSTA	0.9792072773	0.9862155318260193	0	0
raw_ntv2_train_centroid	interval|hg38|chr13|32104654|32105022|+|1042390	human:hg38	chr13	coord|human:hg38|chr13|32104654|32105022|+|1042390	hc|1409	THE1B	THE1B	0.9883542061	0.9862155318260193	1	1
projected_single_train_medoid	interval|hg38|chr13|61060225|61060586|-|1085518	human:hg38	chr13	coord|human:hg38|chr13|61060225|61060586|-|1085518	hc|0198	AluJb	AluJo	0.5947300196	0.6989068984985352	0	0
projected_single_train_medoid	interval|hg38|chr1|13746501|13746853|-|22298	human:hg38	chr1	coord|human:hg38|chr1|13746501|13746853|-|22298	hc|0200	AluJb	AluJo	0.7039257288	0.6989068984985352	1	0
projected_single_train_medoid	interval|hg38|chr1|204583666|204584007|+|310906	human:hg38	chr1	coord|human:hg38|chr1|204583666|204584007|+|310906	hc|0201	AluJb	AluJo	0.7541139722	0.6989068984985352	1	0
projected_single_train_medoid	interval|hg38|chr11|111559418|111559757|-|759912	human:hg38	chr11	coord|human:hg38|chr11|111559418|111559757|-|759912	hc|0206	AluJb	AluJb	0.4957282543	0.6989068984985352	0	1
projected_single_train_medoid	interval|hg38|chr13|104776246|104776583|-|1143493	human:hg38	chr13	coord|human:hg38|chr13|104776246|104776583|-|1143493	hc|0209	AluJb	AluJr	0.7375297546	0.6989068984985352	1	0
projected_single_train_medoid	interval|hg38|chr11|9471897|9472228|-|600438	human:hg38	chr11	coord|human:hg38|chr11|9471897|9472228|-|600438	hc|0217	AluJb	AluJr	0.5946776867	0.6989068984985352	0	0
projected_single_train_medoid	interval|hg38|chr1|28499446|28499775|-|55882	human:hg38	chr1	coord|human:hg38|chr1|28499446|28499775|-|55882	hc|0223	AluJb	FLAM_A	0.684774816	0.6989068984985352	0	0
projected_single_train_medoid	interval|hg38|chr1|10190176|10190505|-|15467	human:hg38	chr1	coord|human:hg38|chr1|10190176|10190505|-|15467	hc|0224	AluJb	AluJr	0.763422966	0.6989068984985352	1	0
projected_single_train_medoid	interval|hg38|chr13|66512789|66513117|-|1092167	human:hg38	chr13	coord|human:hg38|chr13|66512789|66513117|-|1092167	hc|0228	AluJb	AluJb	0.5568751693	0.6989068984985352	0	1
projected_single_train_medoid	interval|hg38|chr1|12681220|12681548|-|20481	human:hg38	chr1	coord|human:hg38|chr1|12681220|12681548|-|20481	hc|0229	AluJb	AluJr	0.7746609449	0.6989068984985352	1	0
projected_single_train_medoid	interval|hg38|chr1|28994633|28994959|-|57285	human:hg38	chr1	coord|human:hg38|chr1|28994633|28994959|-|57285	hc|0234	AluJb	AluJr	0.4749069214	0.6989068984985352	0	0
projected_single_train_medoid	interval|hg38|chr1|21917149|21917494|+|39669	human:hg38	chr1	coord|human:hg38|chr1|21917149|21917494|+|39669	hc|0429	AluJo	AluJb	0.397957772	0.6989068984985352	0	0
projected_single_train_medoid	interval|hg38|chr11|83108441|83108783|-|717560	human:hg38	chr11	coord|human:hg38|chr11|83108441|83108783|-|717560	hc|0432	AluJo	AluJr	0.7649909854	0.6989068984985352	1	0
projected_single_train_medoid	interval|hg38|chr11|20525408|20525749|-|619259	human:hg38	chr11	coord|human:hg38|chr11|20525408|20525749|-|619259	hc|0433	AluJo	AluJo	0.7736855149	0.6989068984985352	1	1
projected_single_train_medoid	interval|hg38|chr1|229536218|229536553|+|350406	human:hg38	chr1	coord|human:hg38|chr1|229536218|229536553|+|350406	hc|0435	AluJo	AluJr	0.7217019796	0.6989068984985352	1	0
projected_single_train_medoid	interval|hg38|chr1|58180260|58180594|-|117763	human:hg38	chr1	coord|human:hg38|chr1|58180260|58180594|-|117763	hc|0437	AluJo	AluJr	0.6594862342	0.6989068984985352	0	0
projected_single_train_medoid	interval|hg38|chr13|110538323|110538656|+|1150355	human:hg38	chr13	coord|human:hg38|chr13|110538323|110538656|+|1150355	hc|0438	AluJo	AluJr	0.7478440404	0.6989068984985352	1	0
projected_single_train_medoid	interval|hg38|chr1|35051946|35052277|-|70225	human:hg38	chr1	coord|human:hg38|chr1|35051946|35052277|-|70225	hc|0440	AluJo	AluJo	0.755337894	0.6989068984985352	1	1
projected_single_train_medoid	interval|hg38|chr11|82793727|82794055|+|716968	human:hg38	chr11	coord|human:hg38|chr11|82793727|82794055|+|716968	hc|0445	AluJo	AluJo	0.667203784	0.6989068984985352	0	1
projected_single_train_medoid	interval|hg38|chr1|28378927|28379254|-|55570	human:hg38	chr1	coord|human:hg38|chr1|28378927|28379254|-|55570	hc|0447	AluJo	AluJr	0.6598796844	0.6989068984985352	0	0
projected_single_train_medoid	interval|hg38|chr13|35496352|35496677|+|1047554	human:hg38	chr13	coord|human:hg38|chr13|35496352|35496677|+|1047554	hc|0449	AluJo	AluJr	0.7889416814	0.6989068984985352	1	0
projected_single_train_medoid	interval|hg38|chr13|98628141|98628463|-|1134788	human:hg38	chr13	coord|human:hg38|chr13|98628141|98628463|-|1134788	hc|0451	AluJo	AluJo	0.707752943	0.6989068984985352	1	1
projected_single_train_medoid	interval|hg38|chr13|28115945|28116263|-|1036072	human:hg38	chr13	coord|human:hg38|chr13|28115945|28116263|-|1036072	hc|0457	AluJo	AluJo	0.5406830311	0.6989068984985352	0	1
projected_single_train_medoid	interval|hg38|chr13|52875454|52875772|-|1074969	human:hg38	chr13	coord|human:hg38|chr13|52875454|52875772|-|1074969	hc|0460	AluJo	AluJr4	0.6920078993	0.6989068984985352	0	0
projected_single_train_medoid	interval|hg38|chr11|18226148|18226465|+|615198	human:hg38	chr11	coord|human:hg38|chr11|18226148|18226465|+|615198	hc|0466	AluJo	AluJo	0.7335050106	0.6989068984985352	1	1
projected_single_train_medoid	interval|hg38|chr11|33549721|33550061|+|638718	human:hg38	chr11	coord|human:hg38|chr11|33549721|33550061|+|638718	hc|0392	AluJr	AluJo	0.7134461403	0.6989068984985352	1	0
projected_single_train_medoid	interval|hg38|chr1|212648304|212648644|-|324291	human:hg38	chr1	coord|human:hg38|chr1|212648304|212648644|-|324291	hc|0393	AluJr	AluJr4	0.7499139905	0.6989068984985352	1	0
projected_single_train_medoid	interval|hg38|chr13|98692136|98692458|-|1134927	human:hg38	chr13	coord|human:hg38|chr13|98692136|98692458|-|1134927	hc|0407	AluJr	AluJo	0.7686653137	0.6989068984985352	1	0
projected_single_train_medoid	interval|hg38|chr1|99955784|99956103|-|182545	human:hg38	chr1	coord|human:hg38|chr1|99955784|99956103|-|182545	hc|0411	AluJr	AluJr	0.7663237453	0.6989068984985352	1	1
projected_single_train_medoid	interval|hg38|chr1|173119364|173119679|-|263675	human:hg38	chr1	coord|human:hg38|chr1|173119364|173119679|-|263675	hc|1080	AluJr4	AluJr4	0.7605465651	0.6989068984985352	1	1
projected_single_train_medoid	interval|hg38|chr1|173888414|173888729|-|264940	human:hg38	chr1	coord|human:hg38|chr1|173888414|173888729|-|264940	hc|1083	AluJr4	AluJr4	0.7566365004	0.6989068984985352	1	1
projected_single_train_medoid	interval|hg38|chr1|24968046|24968360|-|47067	human:hg38	chr1	coord|human:hg38|chr1|24968046|24968360|-|47067	hc|1086	AluJr4	AluJr4	0.8160905838	0.6989068984985352	1	1
projected_single_train_medoid	interval|hg38|chr11|108636204|108636518|+|755370	human:hg38	chr11	coord|human:hg38|chr11|108636204|108636518|+|755370	hc|1090	AluJr4	AluJr4	0.6383420229	0.6989068984985352	0	1
projected_single_train_medoid	interval|hg38|chr1|217611897|217612210|+|331186	human:hg38	chr1	coord|human:hg38|chr1|217611897|217612210|+|331186	hc|1093	AluJr4	AluJr4	0.7148711681	0.6989068984985352	1	1
projected_single_train_medoid	interval|hg38|chr1|94969079|94969392|-|175426	human:hg38	chr1	coord|human:hg38|chr1|94969079|94969392|-|175426	hc|1098	AluJr4	AluJo	0.783228159	0.6989068984985352	1	0
projected_single_train_medoid	interval|hg38|chr1|171453717|171454030|-|261220	human:hg38	chr1	coord|human:hg38|chr1|171453717|171454030|-|261220	hc|1099	AluJr4	MIRc	0.6581833363	0.6989068984985352	0	0
projected_single_train_medoid	interval|hg38|chr1|143696235|143696567|-|216021	human:hg38	chr1	coord|human:hg38|chr1|143696235|143696567|-|216021	hc|0676	AluSc	AluSc	0.7883259654	0.6989068984985352	1	1
projected_single_train_medoid	interval|hg38|chr11|130039964|130040291|+|789901	human:hg38	chr11	coord|human:hg38|chr11|130039964|130040291|+|789901	hc|0689	AluSc	AluY	0.8453717828	0.6989068984985352	1	0
projected_single_train_medoid	interval|hg38|chr13|64285385|64285710|-|1089450	human:hg38	chr13	coord|human:hg38|chr13|64285385|64285710|-|1089450	hc|0692	AluSc	AluSc	0.6592242718	0.6989068984985352	0	1
projected_single_train_medoid	interval|hg38|chr1|108915400|108915724|-|194778	human:hg38	chr1	coord|human:hg38|chr1|108915400|108915724|-|194778	hc|0694	AluSc	AluSg	0.7698269486	0.6989068984985352	1	0
projected_single_train_medoid	interval|hg38|chr13|77939715|77940039|+|1107294	human:hg38	chr13	coord|human:hg38|chr13|77939715|77940039|+|1107294	hc|0696	AluSc	AluSc	0.8236678243	0.6989068984985352	1	1
projected_single_train_medoid	interval|hg38|chr11|73035696|73036018|-|697828	human:hg38	chr11	coord|human:hg38|chr11|73035696|73036018|-|697828	hc|0704	AluSc	AluSc	0.7646043301	0.6989068984985352	1	1
projected_single_train_medoid	interval|hg38|chr1|183643262|183643590|-|280733	human:hg38	chr1	coord|human:hg38|chr1|183643262|183643590|-|280733	hc|0832	AluSc8	AluY	0.8230473995	0.6989068984985352	1	0
projected_single_train_medoid	interval|hg38|chr1|155585241|155585568|+|236340	human:hg38	chr1	coord|human:hg38|chr1|155585241|155585568|+|236340	hc|0833	AluSc8	AluSc8	0.7448923588	0.6989068984985352	1	1
projected_single_train_medoid	interval|hg38|chr13|103483393|103483717|-|1142024	human:hg38	chr13	coord|human:hg38|chr13|103483393|103483717|-|1142024	hc|0841	AluSc8	AluSc8	0.7356728911	0.6989068984985352	1	1
projected_single_train_medoid	interval|hg38|chr1|20584097|20584414|+|36774	human:hg38	chr1	coord|human:hg38|chr1|20584097|20584414|+|36774	hc|0859	AluSc8	AluY	0.6064289808	0.6989068984985352	0	0
projected_single_train_medoid	interval|hg38|chr1|85945002|85945318|-|161108	human:hg38	chr1	coord|human:hg38|chr1|85945002|85945318|-|161108	hc|0864	AluSc8	AluSq	0.631934762	0.6989068984985352	0	0
projected_single_train_medoid	interval|hg38|chr1|227737992|227738333|-|347749	human:hg38	chr1	coord|human:hg38|chr1|227737992|227738333|-|347749	hc|0629	AluSg	AluSg	0.8222376108	0.6989068984985352	1	1
projected_single_train_medoid	interval|hg38|chr1|69853245|69853576|-|138517	human:hg38	chr1	coord|human:hg38|chr1|69853245|69853576|-|138517	hc|0638	AluSg	AluSg	0.7264429331	0.6989068984985352	1	1
projected_single_train_medoid	interval|hg38|chr1|206818780|206819109|-|314788	human:hg38	chr1	coord|human:hg38|chr1|206818780|206819109|-|314788	hc|0642	AluSg	AluSc8	0.5513384342	0.6989068984985352	0	0
projected_single_train_medoid	interval|hg38|chr1|6529309|6529637|+|8260	human:hg38	chr1	coord|human:hg38|chr1|6529309|6529637|+|8260	hc|0644	AluSg	AluY	0.5931450129	0.6989068984985352	0	0
projected_single_train_medoid	interval|hg38|chr1|151643264|151643592|-|229379	human:hg38	chr1	coord|human:hg38|chr1|151643264|151643592|-|229379	hc|0646	AluSg	AluSg	0.7563519478	0.6989068984985352	1	1
projected_single_train_medoid	interval|hg38|chr1|200552915|200553235|-|303482	human:hg38	chr1	coord|human:hg38|chr1|200552915|200553235|-|303482	hc|0663	AluSg	AluY	0.7070301771	0.6989068984985352	1	0
projected_single_train_medoid	interval|hg38|chr1|236972669|236972989|+|362967	human:hg38	chr1	coord|human:hg38|chr1|236972669|236972989|+|362967	hc|0664	AluSg	AluSg	0.6630499959	0.6989068984985352	0	1
projected_single_train_medoid	interval|hg38|chr11|4663071|4663414|+|593281	human:hg38	chr11	coord|human:hg38|chr11|4663071|4663414|+|593281	hc|0468	AluSp	AluSp	0.6252794266	0.6989068984985352	0	1
projected_single_train_medoid	interval|hg38|chr13|33872451|33872793|+|1045239	human:hg38	chr13	coord|human:hg38|chr13|33872451|33872793|+|1045239	hc|0469	AluSp	AluSp	0.6089535952	0.6989068984985352	0	1
projected_single_train_medoid	interval|hg38|chr1|230845401|230845741|+|352530	human:hg38	chr1	coord|human:hg38|chr1|230845401|230845741|+|352530	hc|0471	AluSp	AluY	0.6019787192	0.6989068984985352	0	0
projected_single_train_medoid	interval|hg38|chr1|112735388|112735726|+|201071	human:hg38	chr1	coord|human:hg38|chr1|112735388|112735726|+|201071	hc|0476	AluSp	AluSp	0.5275165439	0.6989068984985352	0	1
projected_single_train_medoid	interval|hg38|chr1|72149600|72149934|+|141771	human:hg38	chr1	coord|human:hg38|chr1|72149600|72149934|+|141771	hc|0484	AluSp	AluSp	0.4901696742	0.6989068984985352	0	1
projected_single_train_medoid	interval|hg38|chr11|42106182|42106515|+|651362	human:hg38	chr11	coord|human:hg38|chr11|42106182|42106515|+|651362	hc|0487	AluSp	AluSq2	0.6290793419	0.6989068984985352	0	0
projected_single_train_medoid	interval|hg38|chr11|71732386|71732718|-|695294	human:hg38	chr11	coord|human:hg38|chr11|71732386|71732718|-|695294	hc|0490	AluSp	AluSp	0.6615709066	0.6989068984985352	0	1
projected_single_train_medoid	interval|hg38|chr1|214495663|214495994|-|327198	human:hg38	chr1	coord|human:hg38|chr1|214495663|214495994|-|327198	hc|0493	AluSp	AluSq	0.6292458773	0.6989068984985352	0	0
projected_single_train_medoid	interval|hg38|chr11|8779485|8779814|-|598973	human:hg38	chr11	coord|human:hg38|chr11|8779485|8779814|-|598973	hc|0497	AluSp	FLAM_C	0.5045375824	0.6989068984985352	0	0
projected_single_train_medoid	interval|hg38|chr1|242555877|242556205|-|371508	human:hg38	chr1	coord|human:hg38|chr1|242555877|242556205|-|371508	hc|0501	AluSp	AluSp	0.7136970758	0.6989068984985352	1	1
projected_single_train_medoid	interval|hg38|chr1|1477677|1478003|-|1840	human:hg38	chr1	coord|human:hg38|chr1|1477677|1478003|-|1840	hc|0505	AluSp	AluSg	0.5098673105	0.6989068984985352	0	0
projected_single_train_medoid	interval|hg38|chr1|240620855|240621195|-|368285	human:hg38	chr1	coord|human:hg38|chr1|240620855|240621195|-|368285	hc|0985	AluSq	AluSp	0.6741557121	0.6989068984985352	0	0
projected_single_train_medoid	interval|hg38|chr1|241040465|241040787|-|368964	human:hg38	chr1	coord|human:hg38|chr1|241040465|241040787|-|368964	hc|0994	AluSq	AluSc	0.5618853569	0.6989068984985352	0	0
projected_single_train_medoid	interval|hg38|chr1|92143489|92143811|-|170472	human:hg38	chr1	coord|human:hg38|chr1|92143489|92143811|-|170472	hc|0995	AluSq	AluSq2	0.6039088964	0.6989068984985352	0	0
projected_single_train_medoid	interval|hg38|chr1|225704954|225705275|+|344033	human:hg38	chr1	coord|human:hg38|chr1|225704954|225705275|+|344033	hc|0996	AluSq	AluSx3	0.5481177568	0.6989068984985352	0	0
projected_single_train_medoid	interval|hg38|chr13|19821665|19821985|+|1022527	human:hg38	chr13	coord|human:hg38|chr13|19821665|19821985|+|1022527	hc|1000	AluSq	AluSp	0.6427636147	0.6989068984985352	0	0
projected_single_train_medoid	interval|hg38|chr1|199990500|199990818|-|302443	human:hg38	chr1	coord|human:hg38|chr1|199990500|199990818|-|302443	hc|1010	AluSq	AluSg	0.7251234651	0.6989068984985352	1	0
projected_single_train_medoid	interval|hg38|chr1|235041713|235042030|-|359184	human:hg38	chr1	coord|human:hg38|chr1|235041713|235042030|-|359184	hc|1022	AluSq	AluSq2	0.6927864552	0.6989068984985352	0	0
projected_single_train_medoid	interval|hg38|chr1|117133712|117134055|+|208740	human:hg38	chr1	coord|human:hg38|chr1|117133712|117134055|+|208740	hc|0317	AluSq2	AluSq2	0.6888805032	0.6989068984985352	0	1
projected_single_train_medoid	interval|hg38|chr13|52748111|52748453|+|1074758	human:hg38	chr13	coord|human:hg38|chr13|52748111|52748453|+|1074758	hc|0318	AluSq2	AluSz6	0.6323856115	0.6989068984985352	0	0
projected_single_train_medoid	interval|hg38|chr1|53790083|53790424|+|108852	human:hg38	chr1	coord|human:hg38|chr1|53790083|53790424|+|108852	hc|0323	AluSq2	AluSx3	0.5275499225	0.6989068984985352	0	0
projected_single_train_medoid	interval|hg38|chr11|35315511|35315851|+|641617	human:hg38	chr11	coord|human:hg38|chr11|35315511|35315851|+|641617	hc|0326	AluSq2	AluSx	0.6267689466	0.6989068984985352	0	0
projected_single_train_medoid	interval|hg38|chr11|80842044|80842384|-|713977	human:hg38	chr11	coord|human:hg38|chr11|80842044|80842384|-|713977	hc|0327	AluSq2	AluSx	0.6139630079	0.6989068984985352	0	0
projected_single_train_medoid	interval|hg38|chr13|62416751|62417090|+|1087198	human:hg38	chr13	coord|human:hg38|chr13|62416751|62417090|+|1087198	hc|0330	AluSq2	AluSq	0.649171114	0.6989068984985352	0	0
projected_single_train_medoid	interval|hg38|chr13|49829338|49829675|+|1070140	human:hg38	chr13	coord|human:hg38|chr13|49829338|49829675|+|1070140	hc|0333	AluSq2	AluSx1	0.5401498079	0.6989068984985352	0	0
projected_single_train_medoid	interval|hg38|chr13|60541129|60541466|-|1084796	human:hg38	chr13	coord|human:hg38|chr13|60541129|60541466|-|1084796	hc|0334	AluSq2	AluSz6	0.5423686504	0.6989068984985352	0	0
projected_single_train_medoid	interval|hg38|chr11|63536245|63536581|+|679684	human:hg38	chr11	coord|human:hg38|chr11|63536245|63536581|+|679684	hc|0337	AluSq2	AluSc	0.6148340106	0.6989068984985352	0	0
projected_single_train_medoid	interval|hg38|chr11|37840530|37840866|-|645511	human:hg38	chr11	coord|human:hg38|chr11|37840530|37840866|-|645511	hc|0338	AluSq2	AluSx	0.5377703905	0.6989068984985352	0	0
projected_single_train_medoid	interval|hg38|chr1|241461063|241461398|+|369648	human:hg38	chr1	coord|human:hg38|chr1|241461063|241461398|+|369648	hc|0340	AluSq2	AluSx	0.4837596416	0.6989068984985352	0	0
projected_single_train_medoid	interval|hg38|chr1|154973228|154973559|+|235039	human:hg38	chr1	coord|human:hg38|chr1|154973228|154973559|+|235039	hc|0350	AluSq2	AluY	0.5631005168	0.6989068984985352	0	0
projected_single_train_medoid	interval|hg38|chr1|201033351|201033695|-|304357	human:hg38	chr1	coord|human:hg38|chr1|201033351|201033695|-|304357	hc|0043	AluSx	AluSx	0.6327801943	0.6989068984985352	0	1
projected_single_train_medoid	interval|hg38|chr1|233061718|233062058|-|355967	human:hg38	chr1	coord|human:hg38|chr1|233061718|233062058|-|355967	hc|0051	AluSx	AluSq	0.6686292887	0.6989068984985352	0	0
projected_single_train_medoid	interval|hg38|chr1|53699024|53699363|-|108621	human:hg38	chr1	coord|human:hg38|chr1|53699024|53699363|-|108621	hc|0054	AluSx	AluSz	0.5315070152	0.6989068984985352	0	0
projected_single_train_medoid	interval|hg38|chr11|70237593|70237930|+|693037	human:hg38	chr11	coord|human:hg38|chr11|70237593|70237930|+|693037	hc|0061	AluSx	AluJb	0.4253622591	0.6989068984985352	0	0
projected_single_train_medoid	interval|hg38|chr1|105626455|105626791|-|190246	human:hg38	chr1	coord|human:hg38|chr1|105626455|105626791|-|190246	hc|0064	AluSx	AluSc	0.5051206946	0.6989068984985352	0	0
projected_single_train_medoid	interval|hg38|chr1|25075374|25075709|+|47296	human:hg38	chr1	coord|human:hg38|chr1|25075374|25075709|+|47296	hc|0065	AluSx	AluSq	0.5926828384	0.6989068984985352	0	0
projected_single_train_medoid	interval|hg38|chr13|24753874|24754215|+|1030461	human:hg38	chr13	coord|human:hg38|chr13|24753874|24754215|+|1030461	hc|0088	AluSx1	AluSx1	0.6706079245	0.6989068984985352	0	1
projected_single_train_medoid	interval|hg38|chr1|105990600|105990939|-|190680	human:hg38	chr1	coord|human:hg38|chr1|105990600|105990939|-|190680	hc|0093	AluSx1	AluSq2	0.5484993458	0.6989068984985352	0	0
projected_single_train_medoid	interval|hg38|chr11|9830458|9830796|+|601214	human:hg38	chr11	coord|human:hg38|chr11|9830458|9830796|+|601214	hc|0096	AluSx1	AluSx3	0.5419192314	0.6989068984985352	0	0
projected_single_train_medoid	interval|hg38|chr1|218854792|218855129|-|333052	human:hg38	chr1	coord|human:hg38|chr1|218854792|218855129|-|333052	hc|0103	AluSx1	AluSz6	0.6054782271	0.6989068984985352	0	0
projected_single_train_medoid	interval|hg38|chr13|20124699|20125035|+|1023256	human:hg38	chr13	coord|human:hg38|chr13|20124699|20125035|+|1023256	hc|0110	AluSx1	AluSq	0.7817565799	0.6989068984985352	1	0
projected_single_train_medoid	interval|hg38|chr1|20594505|20594840|+|36800	human:hg38	chr1	coord|human:hg38|chr1|20594505|20594840|+|36800	hc|0114	AluSx1	AluSx1	0.6852501035	0.6989068984985352	0	1
projected_single_train_medoid	interval|hg38|chr13|101337273|101337607|-|1139214	human:hg38	chr13	coord|human:hg38|chr13|101337273|101337607|-|1139214	hc|0118	AluSx1	AluSx1	0.4660720825	0.6989068984985352	0	1
projected_single_train_medoid	interval|hg38|chr13|105587264|105587598|+|1144405	human:hg38	chr13	coord|human:hg38|chr13|105587264|105587598|+|1144405	hc|0119	AluSx1	AluSx	0.5614331961	0.6989068984985352	0	0
projected_single_train_medoid	interval|hg38|chr13|91330328|91330671|-|1124079	human:hg38	chr13	coord|human:hg38|chr13|91330328|91330671|-|1124079	hc|0747	AluSx3	AluY	0.6509888172	0.6989068984985352	0	0
projected_single_train_medoid	interval|hg38|chr1|63170590|63170920|-|127060	human:hg38	chr1	coord|human:hg38|chr1|63170590|63170920|-|127060	hc|0758	AluSx3	AluSz	0.5089273453	0.6989068984985352	0	0
projected_single_train_medoid	interval|hg38|chr11|63600578|63600903|-|679842	human:hg38	chr11	coord|human:hg38|chr11|63600578|63600903|-|679842	hc|0764	AluSx3	AluSx1	0.5813510418	0.6989068984985352	0	0
projected_single_train_medoid	interval|hg38|chr13|51888620|51888944|-|1073349	human:hg38	chr13	coord|human:hg38|chr13|51888620|51888944|-|1073349	hc|0765	AluSx3	AluSc8	0.7059018612	0.6989068984985352	1	0
projected_single_train_medoid	interval|hg38|chr1|53790424|53790744|+|108853	human:hg38	chr1	coord|human:hg38|chr1|53790424|53790744|+|108853	hc|0323	AluSx3	AluSg	0.4864173234	0.6989068984985352	0	0
projected_single_train_medoid	interval|hg38|chr13|36726380|36726699|-|1049349	human:hg38	chr13	coord|human:hg38|chr13|36726380|36726699|-|1049349	hc|0775	AluSx3	AluSg	0.5427821279	0.6989068984985352	0	0
projected_single_train_medoid	interval|hg38|chr1|150614803|150615122|-|227116	human:hg38	chr1	coord|human:hg38|chr1|150614803|150615122|-|227116	hc|0776	AluSx3	AluSg	0.6155006886	0.6989068984985352	0	0
projected_single_train_medoid	interval|hg38|chr1|52722545|52722863|-|106500	human:hg38	chr1	coord|human:hg38|chr1|52722545|52722863|-|106500	hc|0777	AluSx3	AluSg	0.7318606377	0.6989068984985352	1	0
projected_single_train_medoid	interval|hg38|chr1|241467706|241468024|+|369668	human:hg38	chr1	coord|human:hg38|chr1|241467706|241468024|+|369668	hc|0778	AluSx3	AluY	0.6976122856	0.6989068984985352	0	0
projected_single_train_medoid	interval|hg38|chr1|20749341|20749658|-|37135	human:hg38	chr1	coord|human:hg38|chr1|20749341|20749658|-|37135	hc|0781	AluSx3	AluSx3	0.6890147328	0.6989068984985352	0	1
projected_single_train_medoid	interval|hg38|chr13|71692477|71692820|-|1098283	human:hg38	chr13	coord|human:hg38|chr13|71692477|71692820|-|1098283	hc|1300	AluSx4	AluSg	0.7595846653	0.6989068984985352	1	0
projected_single_train_medoid	interval|hg38|chr13|49622942|49623282|-|1069682	human:hg38	chr13	coord|human:hg38|chr13|49622942|49623282|-|1069682	hc|1301	AluSx4	AluSg	0.7220525146	0.6989068984985352	1	0
projected_single_train_medoid	interval|hg38|chr11|43900195|43900521|-|654289	human:hg38	chr11	coord|human:hg38|chr11|43900195|43900521|-|654289	hc|1305	AluSx4	AluSx4	0.840506196	0.6989068984985352	1	1
projected_single_train_medoid	interval|hg38|chr1|19965980|19966302|-|35423	human:hg38	chr1	coord|human:hg38|chr1|19965980|19966302|-|35423	hc|1308	AluSx4	AluSx4	0.6146327853	0.6989068984985352	0	1
projected_single_train_medoid	interval|hg38|chr1|161167541|161167862|-|245269	human:hg38	chr1	coord|human:hg38|chr1|161167541|161167862|-|245269	hc|1309	AluSx4	AluSg	0.8057965636	0.6989068984985352	1	0
projected_single_train_medoid	interval|hg38|chr13|27042509|27042830|-|1034031	human:hg38	chr13	coord|human:hg38|chr13|27042509|27042830|-|1034031	hc|1310	AluSx4	AluSg	0.8584567308	0.6989068984985352	1	0
projected_single_train_medoid	interval|hg38|chr11|98190789|98191109|+|739972	human:hg38	chr11	coord|human:hg38|chr11|98190789|98191109|+|739972	hc|1312	AluSx4	AluSg	0.7766761184	0.6989068984985352	1	0
projected_single_train_medoid	interval|hg38|chr1|17805360|17805677|-|30741	human:hg38	chr1	coord|human:hg38|chr1|17805360|17805677|-|30741	hc|1315	AluSx4	AluJr4	0.5768911242	0.6989068984985352	0	0
projected_single_train_medoid	interval|hg38|chr1|60560179|60560496|+|122243	human:hg38	chr1	coord|human:hg38|chr1|60560179|60560496|+|122243	hc|1316	AluSx4	AluSg	0.7532660961	0.6989068984985352	1	0
projected_single_train_medoid	interval|hg38|chr1|233600912|233601228|+|356843	human:hg38	chr1	coord|human:hg38|chr1|233600912|233601228|+|356843	hc|1319	AluSx4	AluSc8	0.5763946772	0.6989068984985352	0	0
projected_single_train_medoid	interval|hg38|chr13|31273078|31273393|-|1041161	human:hg38	chr13	coord|human:hg38|chr13|31273078|31273393|-|1041161	hc|1325	AluSx4	AluSx4	0.5901919007	0.6989068984985352	0	1
projected_single_train_medoid	interval|hg38|chr11|79917066|79917381|-|712432	human:hg38	chr11	coord|human:hg38|chr11|79917066|79917381|-|712432	hc|1326	AluSx4	AluSc8	0.5809102058	0.6989068984985352	0	0
projected_single_train_medoid	interval|hg38|chr1|65152384|65152698|-|130875	human:hg38	chr1	coord|human:hg38|chr1|65152384|65152698|-|130875	hc|1327	AluSx4	AluSx3	0.5622708797	0.6989068984985352	0	0
projected_single_train_medoid	interval|hg38|chr11|67201488|67201802|+|687399	human:hg38	chr11	coord|human:hg38|chr11|67201488|67201802|+|687399	hc|1330	AluSx4	AluSx	0.5720731616	0.6989068984985352	0	0
projected_single_train_medoid	interval|hg38|chr1|35015935|35016248|-|70123	human:hg38	chr1	coord|human:hg38|chr1|35015935|35016248|-|70123	hc|1334	AluSx4	AluY	0.6521145105	0.6989068984985352	0	0
projected_single_train_medoid	interval|hg38|chr11|46757572|46757885|-|659827	human:hg38	chr11	coord|human:hg38|chr11|46757572|46757885|-|659827	hc|1336	AluSx4	AluSx4	0.7585659027	0.6989068984985352	1	1
projected_single_train_medoid	interval|hg38|chr1|151445239|151445579|+|228937	human:hg38	chr1	coord|human:hg38|chr1|151445239|151445579|+|228937	hc|0247	AluSz	AluJb	0.5825145245	0.6989068984985352	0	0
projected_single_train_medoid	interval|hg38|chr1|43264328|43264664|-|87468	human:hg38	chr1	coord|human:hg38|chr1|43264328|43264664|-|87468	hc|0255	AluSz	AluSq	0.558160305	0.6989068984985352	0	0
projected_single_train_medoid	interval|hg38|chr1|39149251|39149587|+|78849	human:hg38	chr1	coord|human:hg38|chr1|39149251|39149587|+|78849	hc|0257	AluSz	AluSx3	0.5427629352	0.6989068984985352	0	0
projected_single_train_medoid	interval|hg38|chr11|65509129|65509463|-|683570	human:hg38	chr11	coord|human:hg38|chr11|65509129|65509463|-|683570	hc|0262	AluSz	AluSq	0.4989227355	0.6989068984985352	0	0
projected_single_train_medoid	interval|hg38|chr1|34812663|34812995|+|69705	human:hg38	chr1	coord|human:hg38|chr1|34812663|34812995|+|69705	hc|0270	AluSz	AluSc8	0.5295898318	0.6989068984985352	0	0
projected_single_train_medoid	interval|hg38|chr1|64920259|64920602|+|130343	human:hg38	chr1	coord|human:hg38|chr1|64920259|64920602|+|130343	hc|0548	AluSz6	AluJo	0.6360288262	0.6989068984985352	0	0
projected_single_train_medoid	interval|hg38|chr1|151214341|151214680|-|228444	human:hg38	chr1	coord|human:hg38|chr1|151214341|151214680|-|228444	hc|0552	AluSz6	AluSz6	0.467127651	0.6989068984985352	0	1
projected_single_train_medoid	interval|hg38|chr11|32925494|32925826|-|637504	human:hg38	chr11	coord|human:hg38|chr11|32925494|32925826|-|637504	hc|0563	AluSz6	AluSx	0.4937942326	0.6989068984985352	0	0
projected_single_train_medoid	interval|hg38|chr1|89693625|89693955|-|166470	human:hg38	chr1	coord|human:hg38|chr1|89693625|89693955|-|166470	hc|0569	AluSz6	AluJb	0.4839129746	0.6989068984985352	0	0
projected_single_train_medoid	interval|hg38|chr13|44823732|44824061|-|1061640	human:hg38	chr13	coord|human:hg38|chr13|44823732|44824061|-|1061640	hc|0570	AluSz6	AluJb	0.4912273884	0.6989068984985352	0	0
projected_single_train_medoid	interval|hg38|chr11|48477285|48477608|-|663453	human:hg38	chr11	coord|human:hg38|chr11|48477285|48477608|-|663453	hc|0584	AluSz6	AluJb	0.6094860435	0.6989068984985352	0	0
projected_single_train_medoid	interval|hg38|chr11|80437386|80437733|-|713337	human:hg38	chr11	coord|human:hg38|chr11|80437386|80437733|-|713337	hc|0161	AluY	AluSx3	0.4974868298	0.6989068984985352	0	0
projected_single_train_medoid	interval|hg38|chr1|85101440|85101784|+|159742	human:hg38	chr1	coord|human:hg38|chr1|85101440|85101784|+|159742	hc|0163	AluY	AluY	0.670930028	0.6989068984985352	0	1
projected_single_train_medoid	interval|hg38|chr13|41739816|41740154|-|1056818	human:hg38	chr13	coord|human:hg38|chr13|41739816|41740154|-|1056818	hc|0175	AluY	AluSx3	0.6955529451	0.6989068984985352	0	0
projected_single_train_medoid	interval|hg38|chr1|221434071|221434409|+|336872	human:hg38	chr1	coord|human:hg38|chr1|221434071|221434409|+|336872	hc|0178	AluY	AluSx3	0.6377123594	0.6989068984985352	0	0
projected_single_train_medoid	interval|hg38|chr11|121442641|121442977|-|776778	human:hg38	chr11	coord|human:hg38|chr11|121442641|121442977|-|776778	hc|0186	AluY	AluY	0.8243333101	0.6989068984985352	1	1
projected_single_train_medoid	interval|hg38|chr13|76437647|76437983|+|1105147	human:hg38	chr13	coord|human:hg38|chr13|76437647|76437983|+|1105147	hc|0189	AluY	AluY	0.8237193823	0.6989068984985352	1	1
projected_single_train_medoid	interval|hg38|chr13|63650949|63651284|+|1088717	human:hg38	chr13	coord|human:hg38|chr13|63650949|63651284|+|1088717	hc|0191	AluY	AluY	0.8064757586	0.6989068984985352	1	1
projected_single_train_medoid	interval|hg38|chr1|83117210|83117545|-|156808	human:hg38	chr1	coord|human:hg38|chr1|83117210|83117545|-|156808	hc|0193	AluY	AluY	0.6398290396	0.6989068984985352	0	1
projected_single_train_medoid	interval|hg38|chr11|119609295|119609458|-|773745	human:hg38	chr11	coord|human:hg38|chr11|119609295|119609458|-|773745	hc|1140	FLAM_A	FLAM_A	0.8015472889	0.6989068984985352	1	1
projected_single_train_medoid	interval|hg38|chr13|89140328|89140478|-|1121240	human:hg38	chr13	coord|human:hg38|chr13|89140328|89140478|-|1121240	hc|1149	FLAM_A	FLAM_C	0.6193184853	0.6989068984985352	0	0
projected_single_train_medoid	interval|hg38|chr1|33296830|33296968|-|66963	human:hg38	chr1	coord|human:hg38|chr1|33296830|33296968|-|66963	hc|1161	FLAM_A	FLAM_A	0.6528097391	0.6989068984985352	0	1
projected_single_train_medoid	interval|hg38|chr1|118663886|118664023|+|211106	human:hg38	chr1	coord|human:hg38|chr1|118663886|118664023|+|211106	hc|1169	FLAM_A	FLAM_A	0.6883552074	0.6989068984985352	0	1
projected_single_train_medoid	interval|hg38|chr11|65137695|65137877|-|682748	human:hg38	chr11	coord|human:hg38|chr11|65137695|65137877|-|682748	hc|0946	FLAM_C	AluJr	0.7498962283	0.6989068984985352	1	0
projected_single_train_medoid	interval|hg38|chr11|90131115|90131294|+|728506	human:hg38	chr11	coord|human:hg38|chr11|90131115|90131294|+|728506	hc|0947	FLAM_C	MIR3	0.5754612684	0.6989068984985352	0	0
projected_single_train_medoid	interval|hg38|chr1|232646991|232647163|+|355335	human:hg38	chr1	coord|human:hg38|chr1|232646991|232647163|+|355335	hc|0956	FLAM_C	AluJr4	0.7511749268	0.6989068984985352	1	0
projected_single_train_medoid	interval|hg38|chr1|121277375|121277546|-|214919	human:hg38	chr1	coord|human:hg38|chr1|121277375|121277546|-|214919	hc|0958	FLAM_C	FLAM_C	0.8334258795	0.6989068984985352	1	1
projected_single_train_medoid	interval|hg38|chr1|206295864|206296035|-|313952	human:hg38	chr1	coord|human:hg38|chr1|206295864|206296035|-|313952	hc|0958	FLAM_C	FLAM_C	0.845484376	0.6989068984985352	1	1
projected_single_train_medoid	interval|hg38|chr11|14744991|14745155|-|609450	human:hg38	chr11	coord|human:hg38|chr11|14744991|14745155|-|609450	hc|0968	FLAM_C	MER5A	0.7271298766	0.6989068984985352	1	0
projected_single_train_medoid	interval|hg38|chr13|27506531|27506693|-|1034939	human:hg38	chr13	coord|human:hg38|chr13|27506531|27506693|-|1034939	hc|0973	FLAM_C	FLAM_C	0.8031547666	0.6989068984985352	1	1
projected_single_train_medoid	interval|hg38|chr1|106701999|106703583|+|191553	human:hg38	chr1	coord|human:hg38|chr1|106701999|106703583|+|191553	hc|0788	L2	L2	0.9187571406	0.6989068984985352	1	1
projected_single_train_medoid	interval|hg38|chr13|65927645|65928885|-|1091485	human:hg38	chr13	coord|human:hg38|chr13|65927645|65928885|-|1091485	hc|0799	L2	L2	0.9268366098	0.6989068984985352	1	1
projected_single_train_medoid	interval|hg38|chr1|164180320|164181378|-|250014	human:hg38	chr1	coord|human:hg38|chr1|164180320|164181378|-|250014	hc|0810	L2	L2	0.8580557108	0.6989068984985352	1	1
projected_single_train_medoid	interval|hg38|chr11|41892290|41893249|+|651076	human:hg38	chr11	coord|human:hg38|chr11|41892290|41893249|+|651076	hc|0817	L2	L2	0.8231271505	0.6989068984985352	1	1
projected_single_train_medoid	interval|hg38|chr1|192762415|192763343|+|292952	human:hg38	chr1	coord|human:hg38|chr1|192762415|192763343|+|292952	hc|0821	L2	L2	0.9109628201	0.6989068984985352	1	1
projected_single_train_medoid	interval|hg38|chr1|92907989|92908900|-|171958	human:hg38	chr1	coord|human:hg38|chr1|92907989|92908900|-|171958	hc|0824	L2	L2	0.9258083105	0.6989068984985352	1	1
projected_single_train_medoid	interval|hg38|chr1|175559963|175561216|-|267617	human:hg38	chr1	coord|human:hg38|chr1|175559963|175561216|-|267617	hc|0865	L3	L3	0.7980926633	0.6989068984985352	1	1
projected_single_train_medoid	interval|hg38|chr1|115376060|115377031|+|205871	human:hg38	chr1	coord|human:hg38|chr1|115376060|115377031|+|205871	hc|0866	L3	L3	0.8673548698	0.6989068984985352	1	1
projected_single_train_medoid	interval|hg38|chr13|94943214|94944182|+|1128855	human:hg38	chr13	coord|human:hg38|chr13|94943214|94944182|+|1128855	hc|0867	L3	L3	0.8859019876	0.6989068984985352	1	1
projected_single_train_medoid	interval|hg38|chr1|221560476|221561234|+|337077	human:hg38	chr1	coord|human:hg38|chr1|221560476|221561234|+|337077	hc|0877	L3	L3	0.8085865974	0.6989068984985352	1	1
projected_single_train_medoid	interval|hg38|chr1|60068299|60068986|-|121401	human:hg38	chr1	coord|human:hg38|chr1|60068299|60068986|-|121401	hc|0882	L3	L3	0.8817826509	0.6989068984985352	1	1
projected_single_train_medoid	interval|hg38|chr1|185491905|185492543|-|283713	human:hg38	chr1	coord|human:hg38|chr1|185491905|185492543|-|283713	hc|0890	L3	L3	0.8176307678	0.6989068984985352	1	1
projected_single_train_medoid	interval|hg38|chr13|32448237|32448846|+|1042915	human:hg38	chr13	coord|human:hg38|chr13|32448237|32448846|+|1042915	hc|0897	L3	L3	0.9120221734	0.6989068984985352	1	1
projected_single_train_medoid	interval|hg38|chr13|26132818|26133008|-|1032488	human:hg38	chr13	coord|human:hg38|chr13|26132818|26133008|-|1032488	hc|1025	MER5A	MER5A	0.843531251	0.6989068984985352	1	1
projected_single_train_medoid	interval|hg38|chr1|116173109|116173298|-|207142	human:hg38	chr1	coord|human:hg38|chr1|116173109|116173298|-|207142	hc|1034	MER5A	MER5A	0.8077708483	0.6989068984985352	1	1
projected_single_train_medoid	interval|hg38|chr13|109330217|109330406|+|1149011	human:hg38	chr13	coord|human:hg38|chr13|109330217|109330406|+|1149011	hc|1039	MER5A	MER5A	0.8630818129	0.6989068984985352	1	1
projected_single_train_medoid	interval|hg38|chr11|37688484|37688673|+|645340	human:hg38	chr11	coord|human:hg38|chr11|37688484|37688673|+|645340	hc|1043	MER5A	MER5A	0.8341436386	0.6989068984985352	1	1
projected_single_train_medoid	interval|hg38|chr11|87960158|87960346|-|725499	human:hg38	chr11	coord|human:hg38|chr11|87960158|87960346|-|725499	hc|1052	MER5A	MER5A	0.8313134909	0.6989068984985352	1	1
projected_single_train_medoid	interval|hg38|chr11|79244051|79244239|-|711160	human:hg38	chr11	coord|human:hg38|chr11|79244051|79244239|-|711160	hc|1059	MER5A	MER5A	0.819901824	0.6989068984985352	1	1
projected_single_train_medoid	interval|hg38|chr11|17682878|17683214|-|614237	human:hg38	chr11	coord|human:hg38|chr11|17682878|17683214|-|614237	hc|0120	MIR	MIR3	0.7341723442	0.6989068984985352	1	0
projected_single_train_medoid	interval|hg38|chr1|205488833|205489105|+|312550	human:hg38	chr1	coord|human:hg38|chr1|205488833|205489105|+|312550	hc|0124	MIR	MIR	0.8231629729	0.6989068984985352	1	1
projected_single_train_medoid	interval|hg38|chr13|60851003|60851268|-|1085231	human:hg38	chr13	coord|human:hg38|chr13|60851003|60851268|-|1085231	hc|0130	MIR	MIRc	0.8081572652	0.6989068984985352	1	0
projected_single_train_medoid	interval|hg38|chr1|204487958|204488223|-|310684	human:hg38	chr1	coord|human:hg38|chr1|204487958|204488223|-|310684	hc|0131	MIR	MIRb	0.7503508329	0.6989068984985352	1	0
projected_single_train_medoid	interval|hg38|chr1|178263260|178263524|-|271633	human:hg38	chr1	coord|human:hg38|chr1|178263260|178263524|-|271633	hc|0135	MIR	MIR	0.7482593656	0.6989068984985352	1	1
projected_single_train_medoid	interval|hg38|chr1|201087144|201087407|-|304438	human:hg38	chr1	coord|human:hg38|chr1|201087144|201087407|-|304438	hc|0138	MIR	MIR	0.8642314672	0.6989068984985352	1	1
projected_single_train_medoid	interval|hg38|chr1|195834144|195834407|+|297028	human:hg38	chr1	coord|human:hg38|chr1|195834144|195834407|+|297028	hc|0141	MIR	MIRb	0.6385393143	0.6989068984985352	0	0
projected_single_train_medoid	interval|hg38|chr11|120146407|120146670|-|774610	human:hg38	chr11	coord|human:hg38|chr11|120146407|120146670|-|774610	hc|0142	MIR	MIRb	0.7390555143	0.6989068984985352	1	0
projected_single_train_medoid	interval|hg38|chr1|115260156|115260418|+|205716	human:hg38	chr1	coord|human:hg38|chr1|115260156|115260418|+|205716	hc|0145	MIR	MIR	0.8020282984	0.6989068984985352	1	1
projected_single_train_medoid	interval|hg38|chr1|157997127|157997389|+|240588	human:hg38	chr1	coord|human:hg38|chr1|157997127|157997389|+|240588	hc|0146	MIR	MIR	0.7205626965	0.6989068984985352	1	1
projected_single_train_medoid	interval|hg38|chr13|39790122|39790383|+|1053620	human:hg38	chr13	coord|human:hg38|chr13|39790122|39790383|+|1053620	hc|0154	MIR	MIRc	0.7618306875	0.6989068984985352	1	0
projected_single_train_medoid	interval|hg38|chr1|10787039|10787260|-|16483	human:hg38	chr1	coord|human:hg38|chr1|10787039|10787260|-|16483	hc|0507	MIR3	MIR	0.7167680264	0.6989068984985352	1	0
projected_single_train_medoid	interval|hg38|chr11|72088660|72088881|+|695954	human:hg38	chr11	coord|human:hg38|chr11|72088660|72088881|+|695954	hc|0509	MIR3	MIR3	0.6684869528	0.6989068984985352	0	1
projected_single_train_medoid	interval|hg38|chr11|92345709|92345926|+|731517	human:hg38	chr11	coord|human:hg38|chr11|92345709|92345926|+|731517	hc|0511	MIR3	MIR3	0.7019448876	0.6989068984985352	1	1
projected_single_train_medoid	interval|hg38|chr1|156965347|156965560|+|239002	human:hg38	chr1	coord|human:hg38|chr1|156965347|156965560|+|239002	hc|0514	MIR3	MIR3	0.8005590439	0.6989068984985352	1	1
projected_single_train_medoid	interval|hg38|chr13|40350403|40350604|+|1054403	human:hg38	chr13	coord|human:hg38|chr13|40350403|40350604|+|1054403	hc|0538	MIR3	MIR3	0.694691062	0.6989068984985352	0	1
projected_single_train_medoid	interval|hg38|chr11|40320570|40320771|+|648820	human:hg38	chr11	coord|human:hg38|chr11|40320570|40320771|+|648820	hc|0539	MIR3	MIR3	0.6518834233	0.6989068984985352	0	1
projected_single_train_medoid	interval|hg38|chr11|26633262|26633462|-|627690	human:hg38	chr11	coord|human:hg38|chr11|26633262|26633462|-|627690	hc|0541	MIR3	MIRb	0.7867701054	0.6989068984985352	1	0
projected_single_train_medoid	interval|hg38|chr11|130436464|130436664|-|790637	human:hg38	chr11	coord|human:hg38|chr11|130436464|130436664|-|790637	hc|0542	MIR3	MIR3	0.7607790232	0.6989068984985352	1	1
projected_single_train_medoid	interval|hg38|chr1|56039075|56039274|+|113524	human:hg38	chr1	coord|human:hg38|chr1|56039075|56039274|+|113524	hc|0543	MIR3	MIR3	0.8232036829	0.6989068984985352	1	1
projected_single_train_medoid	interval|hg38|chr1|57401601|57401800|-|116197	human:hg38	chr1	coord|human:hg38|chr1|57401601|57401800|-|116197	hc|0546	MIR3	MIR3	0.7236485481	0.6989068984985352	1	1
projected_single_train_medoid	interval|hg38|chr1|17595764|17596060|-|30300	human:hg38	chr1	coord|human:hg38|chr1|17595764|17596060|-|30300	hc|0001	MIRb	MIRb	0.6921886206	0.6989068984985352	0	1
projected_single_train_medoid	interval|hg38|chr1|118110852|118111117|+|210369	human:hg38	chr1	coord|human:hg38|chr1|118110852|118111117|+|210369	hc|0004	MIRb	MIR	0.8887246847	0.6989068984985352	1	0
projected_single_train_medoid	interval|hg38|chr1|177770561|177770824|+|270820	human:hg38	chr1	coord|human:hg38|chr1|177770561|177770824|+|270820	hc|0006	MIRb	MIR3	0.7616541386	0.6989068984985352	1	0
projected_single_train_medoid	interval|hg38|chr1|30049395|30049656|+|59400	human:hg38	chr1	coord|human:hg38|chr1|30049395|30049656|+|59400	hc|0013	MIRb	MIR	0.7464396358	0.6989068984985352	1	0
projected_single_train_medoid	interval|hg38|chr1|49173199|49173460|-|99040	human:hg38	chr1	coord|human:hg38|chr1|49173199|49173460|-|99040	hc|0014	MIRb	MIRb	0.7755309343	0.6989068984985352	1	1
projected_single_train_medoid	interval|hg38|chr1|215812855|215813114|+|328988	human:hg38	chr1	coord|human:hg38|chr1|215812855|215813114|+|328988	hc|0023	MIRb	MIRc	0.7588142157	0.6989068984985352	1	0
projected_single_train_medoid	interval|hg38|chr1|48485253|48485511|-|97699	human:hg38	chr1	coord|human:hg38|chr1|48485253|48485511|-|97699	hc|0030	MIRb	MIRb	0.7958538532	0.6989068984985352	1	1
projected_single_train_medoid	interval|hg38|chr1|15146959|15147216|+|25032	human:hg38	chr1	coord|human:hg38|chr1|15146959|15147216|+|25032	hc|0039	MIRb	MIRc	0.8255571127	0.6989068984985352	1	0
projected_single_train_medoid	interval|hg38|chr1|18409434|18409690|+|32027	human:hg38	chr1	coord|human:hg38|chr1|18409434|18409690|+|32027	hc|0365	MIRc	MIR3	0.8022873402	0.6989068984985352	1	0
projected_single_train_medoid	interval|hg38|chr1|154518952|154519205|+|234180	human:hg38	chr1	coord|human:hg38|chr1|154518952|154519205|+|234180	hc|0375	MIRc	MIRc	0.8015277386	0.6989068984985352	1	1
projected_single_train_medoid	interval|hg38|chr11|86787791|86788042|-|723650	human:hg38	chr11	coord|human:hg38|chr11|86787791|86788042|-|723650	hc|0388	MIRc	MIRc	0.7488870025	0.6989068984985352	1	1
projected_single_train_medoid	interval|hg38|chr11|109649300|109649551|+|756882	human:hg38	chr11	coord|human:hg38|chr11|109649300|109649551|+|756882	hc|0389	MIRc	MIRc	0.7606481314	0.6989068984985352	1	1
projected_single_train_medoid	interval|hg38|chr13|93594630|93595001|-|1126968	human:hg38	chr13	coord|human:hg38|chr13|93594630|93595001|-|1126968	hc|1180	MLT1A0	MLT1A0	0.6944018006	0.6989068984985352	0	1
projected_single_train_medoid	interval|hg38|chr11|80422277|80422648|-|713307	human:hg38	chr11	coord|human:hg38|chr11|80422277|80422648|-|713307	hc|1182	MLT1A0	MLT1A0	0.8382229805	0.6989068984985352	1	1
projected_single_train_medoid	interval|hg38|chr11|103361120|103361490|+|747247	human:hg38	chr11	coord|human:hg38|chr11|103361120|103361490|+|747247	hc|1186	MLT1A0	MLT1A0	0.8877532482	0.6989068984985352	1	1
projected_single_train_medoid	interval|hg38|chr1|230776034|230776402|-|352429	human:hg38	chr1	coord|human:hg38|chr1|230776034|230776402|-|352429	hc|1195	MLT1A0	MLT1A0	0.8137261868	0.6989068984985352	1	1
projected_single_train_medoid	interval|hg38|chr13|93104826|93105194|+|1126379	human:hg38	chr13	coord|human:hg38|chr13|93104826|93105194|+|1126379	hc|1197	MLT1A0	MLT1A0	0.7068730593	0.6989068984985352	1	1
projected_single_train_medoid	interval|hg38|chr11|11511587|11511955|+|604100	human:hg38	chr11	coord|human:hg38|chr11|11511587|11511955|+|604100	hc|1204	MLT1A0	MLT1A0	0.7771748304	0.6989068984985352	1	1
projected_single_train_medoid	interval|hg38|chr1|216537061|216537429|+|329857	human:hg38	chr1	coord|human:hg38|chr1|216537061|216537429|+|329857	hc|1205	MLT1A0	MLT1A0	0.8369312286	0.6989068984985352	1	1
projected_single_train_medoid	interval|hg38|chr1|233552614|233552982|+|356749	human:hg38	chr1	coord|human:hg38|chr1|233552614|233552982|+|356749	hc|1206	MLT1A0	MLT1A0	0.8897935152	0.6989068984985352	1	1
projected_single_train_medoid	interval|hg38|chr13|74861844|74862212|+|1102905	human:hg38	chr13	coord|human:hg38|chr13|74861844|74862212|+|1102905	hc|1209	MLT1A0	MLT1A0	0.8932214379	0.6989068984985352	1	1
projected_single_train_medoid	interval|hg38|chr1|39271118|39271551|-|79084	human:hg38	chr1	coord|human:hg38|chr1|39271118|39271551|-|79084	hc|1103	MSTA	MSTA	0.8740479946	0.6989068984985352	1	1
projected_single_train_medoid	interval|hg38|chr1|158504271|158504703|-|241301	human:hg38	chr1	coord|human:hg38|chr1|158504271|158504703|-|241301	hc|1104	MSTA	MSTA	0.8146955967	0.6989068984985352	1	1
projected_single_train_medoid	interval|hg38|chr1|70425502|70425933|-|139372	human:hg38	chr1	coord|human:hg38|chr1|70425502|70425933|-|139372	hc|1107	MSTA	MSTA	0.8703849912	0.6989068984985352	1	1
projected_single_train_medoid	interval|hg38|chr11|27261709|27262139|-|628626	human:hg38	chr11	coord|human:hg38|chr11|27261709|27262139|-|628626	hc|1110	MSTA	MSTA	0.8836987019	0.6989068984985352	1	1
projected_single_train_medoid	interval|hg38|chr1|6855251|6855679|-|8968	human:hg38	chr1	coord|human:hg38|chr1|6855251|6855679|-|8968	hc|1116	MSTA	MSTA	0.77016747	0.6989068984985352	1	1
projected_single_train_medoid	interval|hg38|chr1|165081178|165081604|-|251271	human:hg38	chr1	coord|human:hg38|chr1|165081178|165081604|-|251271	hc|1125	MSTA	MSTA	0.8697346449	0.6989068984985352	1	1
projected_single_train_medoid	interval|hg38|chr1|16778473|16778899|-|28488	human:hg38	chr1	coord|human:hg38|chr1|16778473|16778899|-|28488	hc|1127	MSTA	MSTA	0.900496304	0.6989068984985352	1	1
projected_single_train_medoid	interval|hg38|chr1|234803657|234804083|+|358716	human:hg38	chr1	coord|human:hg38|chr1|234803657|234804083|+|358716	hc|1127	MSTA	MSTA	0.9017170668	0.6989068984985352	1	1
projected_single_train_medoid	interval|hg38|chr1|72838319|72838745|+|142592	human:hg38	chr1	coord|human:hg38|chr1|72838319|72838745|+|142592	hc|1130	MSTA	MSTA	0.8291482925	0.6989068984985352	1	1
projected_single_train_medoid	interval|hg38|chr1|227426183|227426609|-|347368	human:hg38	chr1	coord|human:hg38|chr1|227426183|227426609|-|347368	hc|1133	MSTA	MSTA	0.891380012	0.6989068984985352	1	1
projected_single_train_medoid	interval|hg38|chr13|110764425|110764851|+|1150752	human:hg38	chr13	coord|human:hg38|chr13|110764425|110764851|+|1150752	hc|1134	MSTA	MSTA	0.8789741993	0.6989068984985352	1	1
projected_single_train_medoid	interval|hg38|chr1|231876067|231876493|+|354328	human:hg38	chr1	coord|human:hg38|chr1|231876067|231876493|+|354328	hc|1138	MSTA	MSTA	0.8845289946	0.6989068984985352	1	1
projected_single_train_medoid	interval|hg38|chr1|223046494|223046863|-|339402	human:hg38	chr1	coord|human:hg38|chr1|223046494|223046863|-|339402	hc|1385	THE1B	THE1B	0.8613529801	0.6989068984985352	1	1
projected_single_train_medoid	interval|hg38|chr1|49187824|49188193|+|99070	human:hg38	chr1	coord|human:hg38|chr1|49187824|49188193|+|99070	hc|1387	THE1B	THE1B	0.8748804927	0.6989068984985352	1	1
projected_single_train_medoid	interval|hg38|chr1|235008729|235009098|-|359088	human:hg38	chr1	coord|human:hg38|chr1|235008729|235009098|-|359088	hc|1393	THE1B	THE1B	0.9349882007	0.6989068984985352	1	1
projected_single_train_medoid	interval|hg38|chr13|55835770|55836139|+|1078771	human:hg38	chr13	coord|human:hg38|chr13|55835770|55836139|+|1078771	hc|1396	THE1B	THE1B	0.8788197041	0.6989068984985352	1	1
projected_single_train_medoid	interval|hg38|chr13|65203411|65203780|+|1090603	human:hg38	chr13	coord|human:hg38|chr13|65203411|65203780|+|1090603	hc|1398	THE1B	THE1B	0.9095253944	0.6989068984985352	1	1
projected_single_train_medoid	interval|hg38|chr13|103267225|103267594|+|1141746	human:hg38	chr13	coord|human:hg38|chr13|103267225|103267594|+|1141746	hc|1399	THE1B	THE1B	0.8429644704	0.6989068984985352	1	1
projected_single_train_medoid	interval|hg38|chr1|78120524|78120892|-|150333	human:hg38	chr1	coord|human:hg38|chr1|78120524|78120892|-|150333	hc|1402	THE1B	THE1B	0.920286417	0.6989068984985352	1	1
projected_single_train_medoid	interval|hg38|chr13|32104654|32105022|+|1042390	human:hg38	chr13	coord|human:hg38|chr13|32104654|32105022|+|1042390	hc|1409	THE1B	THE1B	0.8326375484	0.6989068984985352	1	1
projected_k4_natural_prototypes	interval|hg38|chr13|61060225|61060586|-|1085518	human:hg38	chr13	coord|human:hg38|chr13|61060225|61060586|-|1085518	hc|0198	AluJb	AluJo	0.6577808261	0.7429608106613159	0	0
projected_k4_natural_prototypes	interval|hg38|chr1|13746501|13746853|-|22298	human:hg38	chr1	coord|human:hg38|chr1|13746501|13746853|-|22298	hc|0200	AluJb	AluJo	0.7039257884	0.7429608106613159	0	0
projected_k4_natural_prototypes	interval|hg38|chr1|204583666|204584007|+|310906	human:hg38	chr1	coord|human:hg38|chr1|204583666|204584007|+|310906	hc|0201	AluJb	AluJo	0.7541140318	0.7429608106613159	1	0
projected_k4_natural_prototypes	interval|hg38|chr11|111559418|111559757|-|759912	human:hg38	chr11	coord|human:hg38|chr11|111559418|111559757|-|759912	hc|0206	AluJb	AluJb	0.5767560601	0.7429608106613159	0	1
projected_k4_natural_prototypes	interval|hg38|chr13|104776246|104776583|-|1143493	human:hg38	chr13	coord|human:hg38|chr13|104776246|104776583|-|1143493	hc|0209	AluJb	AluJr	0.7375297546	0.7429608106613159	0	0
projected_k4_natural_prototypes	interval|hg38|chr11|9471897|9472228|-|600438	human:hg38	chr11	coord|human:hg38|chr11|9471897|9472228|-|600438	hc|0217	AluJb	AluJr	0.5946776867	0.7429608106613159	0	0
projected_k4_natural_prototypes	interval|hg38|chr1|28499446|28499775|-|55882	human:hg38	chr1	coord|human:hg38|chr1|28499446|28499775|-|55882	hc|0223	AluJb	FLAM_C	0.7583632469	0.7429608106613159	1	0
projected_k4_natural_prototypes	interval|hg38|chr1|10190176|10190505|-|15467	human:hg38	chr1	coord|human:hg38|chr1|10190176|10190505|-|15467	hc|0224	AluJb	AluJr	0.7952406406	0.7429608106613159	1	0
projected_k4_natural_prototypes	interval|hg38|chr13|66512789|66513117|-|1092167	human:hg38	chr13	coord|human:hg38|chr13|66512789|66513117|-|1092167	hc|0228	AluJb	AluJb	0.6586786509	0.7429608106613159	0	1
projected_k4_natural_prototypes	interval|hg38|chr1|12681220|12681548|-|20481	human:hg38	chr1	coord|human:hg38|chr1|12681220|12681548|-|20481	hc|0229	AluJb	AluJr	0.7746609449	0.7429608106613159	1	0
projected_k4_natural_prototypes	interval|hg38|chr1|28994633|28994959|-|57285	human:hg38	chr1	coord|human:hg38|chr1|28994633|28994959|-|57285	hc|0234	AluJb	AluJr	0.623165369	0.7429608106613159	0	0
projected_k4_natural_prototypes	interval|hg38|chr1|21917149|21917494|+|39669	human:hg38	chr1	coord|human:hg38|chr1|21917149|21917494|+|39669	hc|0429	AluJo	AluSc	0.5443945527	0.7429608106613159	0	0
projected_k4_natural_prototypes	interval|hg38|chr11|83108441|83108783|-|717560	human:hg38	chr11	coord|human:hg38|chr11|83108441|83108783|-|717560	hc|0432	AluJo	AluJr	0.764991045	0.7429608106613159	1	0
projected_k4_natural_prototypes	interval|hg38|chr11|20525408|20525749|-|619259	human:hg38	chr11	coord|human:hg38|chr11|20525408|20525749|-|619259	hc|0433	AluJo	AluJo	0.7736855149	0.7429608106613159	1	1
projected_k4_natural_prototypes	interval|hg38|chr1|229536218|229536553|+|350406	human:hg38	chr1	coord|human:hg38|chr1|229536218|229536553|+|350406	hc|0435	AluJo	AluJr	0.803391099	0.7429608106613159	1	0
projected_k4_natural_prototypes	interval|hg38|chr1|58180260|58180594|-|117763	human:hg38	chr1	coord|human:hg38|chr1|58180260|58180594|-|117763	hc|0437	AluJo	FLAM_C	0.6727297306	0.7429608106613159	0	0
projected_k4_natural_prototypes	interval|hg38|chr13|110538323|110538656|+|1150355	human:hg38	chr13	coord|human:hg38|chr13|110538323|110538656|+|1150355	hc|0438	AluJo	AluJr	0.7478439808	0.7429608106613159	1	0
projected_k4_natural_prototypes	interval|hg38|chr1|35051946|35052277|-|70225	human:hg38	chr1	coord|human:hg38|chr1|35051946|35052277|-|70225	hc|0440	AluJo	AluJo	0.7553378344	0.7429608106613159	1	1
projected_k4_natural_prototypes	interval|hg38|chr11|82793727|82794055|+|716968	human:hg38	chr11	coord|human:hg38|chr11|82793727|82794055|+|716968	hc|0445	AluJo	AluJb	0.7795618773	0.7429608106613159	1	0
projected_k4_natural_prototypes	interval|hg38|chr1|28378927|28379254|-|55570	human:hg38	chr1	coord|human:hg38|chr1|28378927|28379254|-|55570	hc|0447	AluJo	AluJb	0.6829211116	0.7429608106613159	0	0
projected_k4_natural_prototypes	interval|hg38|chr13|35496352|35496677|+|1047554	human:hg38	chr13	coord|human:hg38|chr13|35496352|35496677|+|1047554	hc|0449	AluJo	AluJr	0.8170559406	0.7429608106613159	1	0
projected_k4_natural_prototypes	interval|hg38|chr13|98628141|98628463|-|1134788	human:hg38	chr13	coord|human:hg38|chr13|98628141|98628463|-|1134788	hc|0451	AluJo	AluJo	0.7442656755	0.7429608106613159	1	1
projected_k4_natural_prototypes	interval|hg38|chr13|28115945|28116263|-|1036072	human:hg38	chr13	coord|human:hg38|chr13|28115945|28116263|-|1036072	hc|0457	AluJo	AluJr	0.6204915047	0.7429608106613159	0	0
projected_k4_natural_prototypes	interval|hg38|chr13|52875454|52875772|-|1074969	human:hg38	chr13	coord|human:hg38|chr13|52875454|52875772|-|1074969	hc|0460	AluJo	AluJr	0.7624024749	0.7429608106613159	1	0
projected_k4_natural_prototypes	interval|hg38|chr11|18226148|18226465|+|615198	human:hg38	chr11	coord|human:hg38|chr11|18226148|18226465|+|615198	hc|0466	AluJo	AluJo	0.7370495796	0.7429608106613159	0	1
projected_k4_natural_prototypes	interval|hg38|chr11|33549721|33550061|+|638718	human:hg38	chr11	coord|human:hg38|chr11|33549721|33550061|+|638718	hc|0392	AluJr	AluJo	0.7134460807	0.7429608106613159	0	0
projected_k4_natural_prototypes	interval|hg38|chr1|212648304|212648644|-|324291	human:hg38	chr1	coord|human:hg38|chr1|212648304|212648644|-|324291	hc|0393	AluJr	AluJb	0.8246580958	0.7429608106613159	1	0
projected_k4_natural_prototypes	interval|hg38|chr13|98692136|98692458|-|1134927	human:hg38	chr13	coord|human:hg38|chr13|98692136|98692458|-|1134927	hc|0407	AluJr	AluJr	0.8193395734	0.7429608106613159	1	1
projected_k4_natural_prototypes	interval|hg38|chr1|99955784|99956103|-|182545	human:hg38	chr1	coord|human:hg38|chr1|99955784|99956103|-|182545	hc|0411	AluJr	AluJr	0.7900954485	0.7429608106613159	1	1
projected_k4_natural_prototypes	interval|hg38|chr1|173119364|173119679|-|263675	human:hg38	chr1	coord|human:hg38|chr1|173119364|173119679|-|263675	hc|1080	AluJr4	AluJr4	0.7605465651	0.7429608106613159	1	1
projected_k4_natural_prototypes	interval|hg38|chr1|173888414|173888729|-|264940	human:hg38	chr1	coord|human:hg38|chr1|173888414|173888729|-|264940	hc|1083	AluJr4	AluJr4	0.7566365004	0.7429608106613159	1	1
projected_k4_natural_prototypes	interval|hg38|chr1|24968046|24968360|-|47067	human:hg38	chr1	coord|human:hg38|chr1|24968046|24968360|-|47067	hc|1086	AluJr4	AluJr4	0.8160905242	0.7429608106613159	1	1
projected_k4_natural_prototypes	interval|hg38|chr11|108636204|108636518|+|755370	human:hg38	chr11	coord|human:hg38|chr11|108636204|108636518|+|755370	hc|1090	AluJr4	AluJo	0.6671389341	0.7429608106613159	0	0
projected_k4_natural_prototypes	interval|hg38|chr1|217611897|217612210|+|331186	human:hg38	chr1	coord|human:hg38|chr1|217611897|217612210|+|331186	hc|1093	AluJr4	AluJr4	0.7487901449	0.7429608106613159	1	1
projected_k4_natural_prototypes	interval|hg38|chr1|94969079|94969392|-|175426	human:hg38	chr1	coord|human:hg38|chr1|94969079|94969392|-|175426	hc|1098	AluJr4	AluJo	0.8348776698	0.7429608106613159	1	0
projected_k4_natural_prototypes	interval|hg38|chr1|171453717|171454030|-|261220	human:hg38	chr1	coord|human:hg38|chr1|171453717|171454030|-|261220	hc|1099	AluJr4	AluJo	0.6725652218	0.7429608106613159	0	0
projected_k4_natural_prototypes	interval|hg38|chr1|143696235|143696567|-|216021	human:hg38	chr1	coord|human:hg38|chr1|143696235|143696567|-|216021	hc|0676	AluSc	AluSc	0.7883259058	0.7429608106613159	1	1
projected_k4_natural_prototypes	interval|hg38|chr11|130039964|130040291|+|789901	human:hg38	chr11	coord|human:hg38|chr11|130039964|130040291|+|789901	hc|0689	AluSc	AluY	0.8453717232	0.7429608106613159	1	0
projected_k4_natural_prototypes	interval|hg38|chr13|64285385|64285710|-|1089450	human:hg38	chr13	coord|human:hg38|chr13|64285385|64285710|-|1089450	hc|0692	AluSc	AluSc8	0.6791915894	0.7429608106613159	0	0
projected_k4_natural_prototypes	interval|hg38|chr1|108915400|108915724|-|194778	human:hg38	chr1	coord|human:hg38|chr1|108915400|108915724|-|194778	hc|0694	AluSc	AluSg	0.7698270082	0.7429608106613159	1	0
projected_k4_natural_prototypes	interval|hg38|chr13|77939715|77940039|+|1107294	human:hg38	chr13	coord|human:hg38|chr13|77939715|77940039|+|1107294	hc|0696	AluSc	AluSc	0.8236678243	0.7429608106613159	1	1
projected_k4_natural_prototypes	interval|hg38|chr11|73035696|73036018|-|697828	human:hg38	chr11	coord|human:hg38|chr11|73035696|73036018|-|697828	hc|0704	AluSc	AluSc	0.7786240578	0.7429608106613159	1	1
projected_k4_natural_prototypes	interval|hg38|chr1|183643262|183643590|-|280733	human:hg38	chr1	coord|human:hg38|chr1|183643262|183643590|-|280733	hc|0832	AluSc8	AluY	0.8362550735	0.7429608106613159	1	0
projected_k4_natural_prototypes	interval|hg38|chr1|155585241|155585568|+|236340	human:hg38	chr1	coord|human:hg38|chr1|155585241|155585568|+|236340	hc|0833	AluSc8	AluY	0.7900311947	0.7429608106613159	1	0
projected_k4_natural_prototypes	interval|hg38|chr13|103483393|103483717|-|1142024	human:hg38	chr13	coord|human:hg38|chr13|103483393|103483717|-|1142024	hc|0841	AluSc8	AluSc8	0.7653374672	0.7429608106613159	1	1
projected_k4_natural_prototypes	interval|hg38|chr1|20584097|20584414|+|36774	human:hg38	chr1	coord|human:hg38|chr1|20584097|20584414|+|36774	hc|0859	AluSc8	AluSx3	0.7025915384	0.7429608106613159	0	0
projected_k4_natural_prototypes	interval|hg38|chr1|85945002|85945318|-|161108	human:hg38	chr1	coord|human:hg38|chr1|85945002|85945318|-|161108	hc|0864	AluSc8	AluSq	0.7239598036	0.7429608106613159	0	0
projected_k4_natural_prototypes	interval|hg38|chr1|227737992|227738333|-|347749	human:hg38	chr1	coord|human:hg38|chr1|227737992|227738333|-|347749	hc|0629	AluSg	AluSg	0.8222376108	0.7429608106613159	1	1
projected_k4_natural_prototypes	interval|hg38|chr1|69853245|69853576|-|138517	human:hg38	chr1	coord|human:hg38|chr1|69853245|69853576|-|138517	hc|0638	AluSg	AluSg	0.7484813929	0.7429608106613159	1	1
projected_k4_natural_prototypes	interval|hg38|chr1|206818780|206819109|-|314788	human:hg38	chr1	coord|human:hg38|chr1|206818780|206819109|-|314788	hc|0642	AluSg	AluY	0.6008315086	0.7429608106613159	0	0
projected_k4_natural_prototypes	interval|hg38|chr1|6529309|6529637|+|8260	human:hg38	chr1	coord|human:hg38|chr1|6529309|6529637|+|8260	hc|0644	AluSg	AluY	0.7129929066	0.7429608106613159	0	0
projected_k4_natural_prototypes	interval|hg38|chr1|151643264|151643592|-|229379	human:hg38	chr1	coord|human:hg38|chr1|151643264|151643592|-|229379	hc|0646	AluSg	AluSg	0.7598706484	0.7429608106613159	1	1
projected_k4_natural_prototypes	interval|hg38|chr1|200552915|200553235|-|303482	human:hg38	chr1	coord|human:hg38|chr1|200552915|200553235|-|303482	hc|0663	AluSg	AluY	0.7070301771	0.7429608106613159	0	0
projected_k4_natural_prototypes	interval|hg38|chr1|236972669|236972989|+|362967	human:hg38	chr1	coord|human:hg38|chr1|236972669|236972989|+|362967	hc|0664	AluSg	AluSg	0.6630499959	0.7429608106613159	0	1
projected_k4_natural_prototypes	interval|hg38|chr11|4663071|4663414|+|593281	human:hg38	chr11	coord|human:hg38|chr11|4663071|4663414|+|593281	hc|0468	AluSp	AluSq2	0.6435765624	0.7429608106613159	0	0
projected_k4_natural_prototypes	interval|hg38|chr13|33872451|33872793|+|1045239	human:hg38	chr13	coord|human:hg38|chr13|33872451|33872793|+|1045239	hc|0469	AluSp	AluSp	0.6565781832	0.7429608106613159	0	1
projected_k4_natural_prototypes	interval|hg38|chr1|230845401|230845741|+|352530	human:hg38	chr1	coord|human:hg38|chr1|230845401|230845741|+|352530	hc|0471	AluSp	AluY	0.6019786596	0.7429608106613159	0	0
projected_k4_natural_prototypes	interval|hg38|chr1|112735388|112735726|+|201071	human:hg38	chr1	coord|human:hg38|chr1|112735388|112735726|+|201071	hc|0476	AluSp	AluSq2	0.5760250092	0.7429608106613159	0	0
projected_k4_natural_prototypes	interval|hg38|chr1|72149600|72149934|+|141771	human:hg38	chr1	coord|human:hg38|chr1|72149600|72149934|+|141771	hc|0484	AluSp	AluSp	0.7655519247	0.7429608106613159	1	1
projected_k4_natural_prototypes	interval|hg38|chr11|42106182|42106515|+|651362	human:hg38	chr11	coord|human:hg38|chr11|42106182|42106515|+|651362	hc|0487	AluSp	AluSq2	0.6290793419	0.7429608106613159	0	0
projected_k4_natural_prototypes	interval|hg38|chr11|71732386|71732718|-|695294	human:hg38	chr11	coord|human:hg38|chr11|71732386|71732718|-|695294	hc|0490	AluSp	AluSp	0.6969639659	0.7429608106613159	0	1
projected_k4_natural_prototypes	interval|hg38|chr1|214495663|214495994|-|327198	human:hg38	chr1	coord|human:hg38|chr1|214495663|214495994|-|327198	hc|0493	AluSp	AluSq	0.6292458773	0.7429608106613159	0	0
projected_k4_natural_prototypes	interval|hg38|chr11|8779485|8779814|-|598973	human:hg38	chr11	coord|human:hg38|chr11|8779485|8779814|-|598973	hc|0497	AluSp	AluSx1	0.5755251646	0.7429608106613159	0	0
projected_k4_natural_prototypes	interval|hg38|chr1|242555877|242556205|-|371508	human:hg38	chr1	coord|human:hg38|chr1|242555877|242556205|-|371508	hc|0501	AluSp	AluSq	0.7146773934	0.7429608106613159	0	0
projected_k4_natural_prototypes	interval|hg38|chr1|1477677|1478003|-|1840	human:hg38	chr1	coord|human:hg38|chr1|1477677|1478003|-|1840	hc|0505	AluSp	AluSq2	0.5342086554	0.7429608106613159	0	0
projected_k4_natural_prototypes	interval|hg38|chr1|240620855|240621195|-|368285	human:hg38	chr1	coord|human:hg38|chr1|240620855|240621195|-|368285	hc|0985	AluSq	AluSq	0.7678343058	0.7429608106613159	1	1
projected_k4_natural_prototypes	interval|hg38|chr1|241040465|241040787|-|368964	human:hg38	chr1	coord|human:hg38|chr1|241040465|241040787|-|368964	hc|0994	AluSq	AluSg	0.6807107329	0.7429608106613159	0	0
projected_k4_natural_prototypes	interval|hg38|chr1|92143489|92143811|-|170472	human:hg38	chr1	coord|human:hg38|chr1|92143489|92143811|-|170472	hc|0995	AluSq	AluSq	0.642187655	0.7429608106613159	0	1
projected_k4_natural_prototypes	interval|hg38|chr1|225704954|225705275|+|344033	human:hg38	chr1	coord|human:hg38|chr1|225704954|225705275|+|344033	hc|0996	AluSq	AluSq	0.623570025	0.7429608106613159	0	1
projected_k4_natural_prototypes	interval|hg38|chr13|19821665|19821985|+|1022527	human:hg38	chr13	coord|human:hg38|chr13|19821665|19821985|+|1022527	hc|1000	AluSq	AluSz6	0.6453914046	0.7429608106613159	0	0
projected_k4_natural_prototypes	interval|hg38|chr1|199990500|199990818|-|302443	human:hg38	chr1	coord|human:hg38|chr1|199990500|199990818|-|302443	hc|1010	AluSq	AluSg	0.7251235247	0.7429608106613159	0	0
projected_k4_natural_prototypes	interval|hg38|chr1|235041713|235042030|-|359184	human:hg38	chr1	coord|human:hg38|chr1|235041713|235042030|-|359184	hc|1022	AluSq	AluSq2	0.6927864552	0.7429608106613159	0	0
projected_k4_natural_prototypes	interval|hg38|chr1|117133712|117134055|+|208740	human:hg38	chr1	coord|human:hg38|chr1|117133712|117134055|+|208740	hc|0317	AluSq2	AluSq2	0.6888805032	0.7429608106613159	0	1
projected_k4_natural_prototypes	interval|hg38|chr13|52748111|52748453|+|1074758	human:hg38	chr13	coord|human:hg38|chr13|52748111|52748453|+|1074758	hc|0318	AluSq2	AluSx1	0.6501367092	0.7429608106613159	0	0
projected_k4_natural_prototypes	interval|hg38|chr1|53790083|53790424|+|108852	human:hg38	chr1	coord|human:hg38|chr1|53790083|53790424|+|108852	hc|0323	AluSq2	AluSq2	0.5983638167	0.7429608106613159	0	1
projected_k4_natural_prototypes	interval|hg38|chr11|35315511|35315851|+|641617	human:hg38	chr11	coord|human:hg38|chr11|35315511|35315851|+|641617	hc|0326	AluSq2	AluSx1	0.6582274437	0.7429608106613159	0	0
projected_k4_natural_prototypes	interval|hg38|chr11|80842044|80842384|-|713977	human:hg38	chr11	coord|human:hg38|chr11|80842044|80842384|-|713977	hc|0327	AluSq2	AluSx1	0.6429826021	0.7429608106613159	0	0
projected_k4_natural_prototypes	interval|hg38|chr13|62416751|62417090|+|1087198	human:hg38	chr13	coord|human:hg38|chr13|62416751|62417090|+|1087198	hc|0330	AluSq2	AluSq	0.6491711736	0.7429608106613159	0	0
projected_k4_natural_prototypes	interval|hg38|chr13|49829338|49829675|+|1070140	human:hg38	chr13	coord|human:hg38|chr13|49829338|49829675|+|1070140	hc|0333	AluSq2	AluSp	0.65599823	0.7429608106613159	0	0
projected_k4_natural_prototypes	interval|hg38|chr13|60541129|60541466|-|1084796	human:hg38	chr13	coord|human:hg38|chr13|60541129|60541466|-|1084796	hc|0334	AluSq2	AluSz6	0.5423686504	0.7429608106613159	0	0
projected_k4_natural_prototypes	interval|hg38|chr11|63536245|63536581|+|679684	human:hg38	chr11	coord|human:hg38|chr11|63536245|63536581|+|679684	hc|0337	AluSq2	AluSc	0.7339422703	0.7429608106613159	0	0
projected_k4_natural_prototypes	interval|hg38|chr11|37840530|37840866|-|645511	human:hg38	chr11	coord|human:hg38|chr11|37840530|37840866|-|645511	hc|0338	AluSq2	AluSq2	0.597391367	0.7429608106613159	0	1
projected_k4_natural_prototypes	interval|hg38|chr1|241461063|241461398|+|369648	human:hg38	chr1	coord|human:hg38|chr1|241461063|241461398|+|369648	hc|0340	AluSq2	AluSz	0.6390558481	0.7429608106613159	0	0
projected_k4_natural_prototypes	interval|hg38|chr1|154973228|154973559|+|235039	human:hg38	chr1	coord|human:hg38|chr1|154973228|154973559|+|235039	hc|0350	AluSq2	AluY	0.6103973389	0.7429608106613159	0	0
projected_k4_natural_prototypes	interval|hg38|chr1|201033351|201033695|-|304357	human:hg38	chr1	coord|human:hg38|chr1|201033351|201033695|-|304357	hc|0043	AluSx	AluSx	0.7202566862	0.7429608106613159	0	1
projected_k4_natural_prototypes	interval|hg38|chr1|233061718|233062058|-|355967	human:hg38	chr1	coord|human:hg38|chr1|233061718|233062058|-|355967	hc|0051	AluSx	AluSq	0.6686292887	0.7429608106613159	0	0
projected_k4_natural_prototypes	interval|hg38|chr1|53699024|53699363|-|108621	human:hg38	chr1	coord|human:hg38|chr1|53699024|53699363|-|108621	hc|0054	AluSx	AluSz	0.7178049088	0.7429608106613159	0	0
projected_k4_natural_prototypes	interval|hg38|chr11|70237593|70237930|+|693037	human:hg38	chr11	coord|human:hg38|chr11|70237593|70237930|+|693037	hc|0061	AluSx	AluSz	0.565546453	0.7429608106613159	0	0
projected_k4_natural_prototypes	interval|hg38|chr1|105626455|105626791|-|190246	human:hg38	chr1	coord|human:hg38|chr1|105626455|105626791|-|190246	hc|0064	AluSx	AluSc	0.5781005621	0.7429608106613159	0	0
projected_k4_natural_prototypes	interval|hg38|chr1|25075374|25075709|+|47296	human:hg38	chr1	coord|human:hg38|chr1|25075374|25075709|+|47296	hc|0065	AluSx	AluSq	0.5926828384	0.7429608106613159	0	0
projected_k4_natural_prototypes	interval|hg38|chr13|24753874|24754215|+|1030461	human:hg38	chr13	coord|human:hg38|chr13|24753874|24754215|+|1030461	hc|0088	AluSx1	AluSx1	0.6706079245	0.7429608106613159	0	1
projected_k4_natural_prototypes	interval|hg38|chr1|105990600|105990939|-|190680	human:hg38	chr1	coord|human:hg38|chr1|105990600|105990939|-|190680	hc|0093	AluSx1	AluSq	0.761636734	0.7429608106613159	1	0
projected_k4_natural_prototypes	interval|hg38|chr11|9830458|9830796|+|601214	human:hg38	chr11	coord|human:hg38|chr11|9830458|9830796|+|601214	hc|0096	AluSx1	AluSx3	0.5784441233	0.7429608106613159	0	0
projected_k4_natural_prototypes	interval|hg38|chr1|218854792|218855129|-|333052	human:hg38	chr1	coord|human:hg38|chr1|218854792|218855129|-|333052	hc|0103	AluSx1	AluSx1	0.6811437011	0.7429608106613159	0	1
projected_k4_natural_prototypes	interval|hg38|chr13|20124699|20125035|+|1023256	human:hg38	chr13	coord|human:hg38|chr13|20124699|20125035|+|1023256	hc|0110	AluSx1	AluSq	0.7817565799	0.7429608106613159	1	0
projected_k4_natural_prototypes	interval|hg38|chr1|20594505|20594840|+|36800	human:hg38	chr1	coord|human:hg38|chr1|20594505|20594840|+|36800	hc|0114	AluSx1	AluSx1	0.7044047117	0.7429608106613159	0	1
projected_k4_natural_prototypes	interval|hg38|chr13|101337273|101337607|-|1139214	human:hg38	chr13	coord|human:hg38|chr13|101337273|101337607|-|1139214	hc|0118	AluSx1	AluSx1	0.5633977652	0.7429608106613159	0	1
projected_k4_natural_prototypes	interval|hg38|chr13|105587264|105587598|+|1144405	human:hg38	chr13	coord|human:hg38|chr13|105587264|105587598|+|1144405	hc|0119	AluSx1	AluSx	0.6389644742	0.7429608106613159	0	0
projected_k4_natural_prototypes	interval|hg38|chr13|91330328|91330671|-|1124079	human:hg38	chr13	coord|human:hg38|chr13|91330328|91330671|-|1124079	hc|0747	AluSx3	AluSc8	0.7808760405	0.7429608106613159	1	0
projected_k4_natural_prototypes	interval|hg38|chr1|63170590|63170920|-|127060	human:hg38	chr1	coord|human:hg38|chr1|63170590|63170920|-|127060	hc|0758	AluSx3	AluJb	0.559843719	0.7429608106613159	0	0
projected_k4_natural_prototypes	interval|hg38|chr11|63600578|63600903|-|679842	human:hg38	chr11	coord|human:hg38|chr11|63600578|63600903|-|679842	hc|0764	AluSx3	AluSp	0.6207401156	0.7429608106613159	0	0
projected_k4_natural_prototypes	interval|hg38|chr13|51888620|51888944|-|1073349	human:hg38	chr13	coord|human:hg38|chr13|51888620|51888944|-|1073349	hc|0765	AluSx3	AluSc8	0.7100367546	0.7429608106613159	0	0
projected_k4_natural_prototypes	interval|hg38|chr1|53790424|53790744|+|108853	human:hg38	chr1	coord|human:hg38|chr1|53790424|53790744|+|108853	hc|0323	AluSx3	AluSx4	0.6977347732	0.7429608106613159	0	0
projected_k4_natural_prototypes	interval|hg38|chr13|36726380|36726699|-|1049349	human:hg38	chr13	coord|human:hg38|chr13|36726380|36726699|-|1049349	hc|0775	AluSx3	AluSg	0.6556876302	0.7429608106613159	0	0
projected_k4_natural_prototypes	interval|hg38|chr1|150614803|150615122|-|227116	human:hg38	chr1	coord|human:hg38|chr1|150614803|150615122|-|227116	hc|0776	AluSx3	AluSx4	0.6873694658	0.7429608106613159	0	0
projected_k4_natural_prototypes	interval|hg38|chr1|52722545|52722863|-|106500	human:hg38	chr1	coord|human:hg38|chr1|52722545|52722863|-|106500	hc|0777	AluSx3	AluSc8	0.7818588614	0.7429608106613159	1	0
projected_k4_natural_prototypes	interval|hg38|chr1|241467706|241468024|+|369668	human:hg38	chr1	coord|human:hg38|chr1|241467706|241468024|+|369668	hc|0778	AluSx3	AluY	0.7330965996	0.7429608106613159	0	0
projected_k4_natural_prototypes	interval|hg38|chr1|20749341|20749658|-|37135	human:hg38	chr1	coord|human:hg38|chr1|20749341|20749658|-|37135	hc|0781	AluSx3	AluSx3	0.6890147924	0.7429608106613159	0	1
projected_k4_natural_prototypes	interval|hg38|chr13|71692477|71692820|-|1098283	human:hg38	chr13	coord|human:hg38|chr13|71692477|71692820|-|1098283	hc|1300	AluSx4	AluSg	0.7595846653	0.7429608106613159	1	0
projected_k4_natural_prototypes	interval|hg38|chr13|49622942|49623282|-|1069682	human:hg38	chr13	coord|human:hg38|chr13|49622942|49623282|-|1069682	hc|1301	AluSx4	AluSg	0.7224469781	0.7429608106613159	0	0
projected_k4_natural_prototypes	interval|hg38|chr11|43900195|43900521|-|654289	human:hg38	chr11	coord|human:hg38|chr11|43900195|43900521|-|654289	hc|1305	AluSx4	AluSx4	0.840506196	0.7429608106613159	1	1
projected_k4_natural_prototypes	interval|hg38|chr1|19965980|19966302|-|35423	human:hg38	chr1	coord|human:hg38|chr1|19965980|19966302|-|35423	hc|1308	AluSx4	AluSx4	0.6146327853	0.7429608106613159	0	1
projected_k4_natural_prototypes	interval|hg38|chr1|161167541|161167862|-|245269	human:hg38	chr1	coord|human:hg38|chr1|161167541|161167862|-|245269	hc|1309	AluSx4	AluSg	0.805796504	0.7429608106613159	1	0
projected_k4_natural_prototypes	interval|hg38|chr13|27042509|27042830|-|1034031	human:hg38	chr13	coord|human:hg38|chr13|27042509|27042830|-|1034031	hc|1310	AluSx4	AluSg	0.8584566712	0.7429608106613159	1	0
projected_k4_natural_prototypes	interval|hg38|chr11|98190789|98191109|+|739972	human:hg38	chr11	coord|human:hg38|chr11|98190789|98191109|+|739972	hc|1312	AluSx4	AluSg	0.7766760588	0.7429608106613159	1	0
projected_k4_natural_prototypes	interval|hg38|chr1|17805360|17805677|-|30741	human:hg38	chr1	coord|human:hg38|chr1|17805360|17805677|-|30741	hc|1315	AluSx4	AluJb	0.6477020383	0.7429608106613159	0	0
projected_k4_natural_prototypes	interval|hg38|chr1|60560179|60560496|+|122243	human:hg38	chr1	coord|human:hg38|chr1|60560179|60560496|+|122243	hc|1316	AluSx4	AluSg	0.7532659769	0.7429608106613159	1	0
projected_k4_natural_prototypes	interval|hg38|chr1|233600912|233601228|+|356843	human:hg38	chr1	coord|human:hg38|chr1|233600912|233601228|+|356843	hc|1319	AluSx4	AluSc8	0.64304775	0.7429608106613159	0	0
projected_k4_natural_prototypes	interval|hg38|chr13|31273078|31273393|-|1041161	human:hg38	chr13	coord|human:hg38|chr13|31273078|31273393|-|1041161	hc|1325	AluSx4	AluSx4	0.6645613909	0.7429608106613159	0	1
projected_k4_natural_prototypes	interval|hg38|chr11|79917066|79917381|-|712432	human:hg38	chr11	coord|human:hg38|chr11|79917066|79917381|-|712432	hc|1326	AluSx4	AluSx3	0.620454073	0.7429608106613159	0	0
projected_k4_natural_prototypes	interval|hg38|chr1|65152384|65152698|-|130875	human:hg38	chr1	coord|human:hg38|chr1|65152384|65152698|-|130875	hc|1327	AluSx4	AluSg	0.6195594072	0.7429608106613159	0	0
projected_k4_natural_prototypes	interval|hg38|chr11|67201488|67201802|+|687399	human:hg38	chr11	coord|human:hg38|chr11|67201488|67201802|+|687399	hc|1330	AluSx4	AluSx	0.5720731616	0.7429608106613159	0	0
projected_k4_natural_prototypes	interval|hg38|chr1|35015935|35016248|-|70123	human:hg38	chr1	coord|human:hg38|chr1|35015935|35016248|-|70123	hc|1334	AluSx4	AluSc8	0.6708927751	0.7429608106613159	0	0
projected_k4_natural_prototypes	interval|hg38|chr11|46757572|46757885|-|659827	human:hg38	chr11	coord|human:hg38|chr11|46757572|46757885|-|659827	hc|1336	AluSx4	AluSx4	0.7585659027	0.7429608106613159	1	1
projected_k4_natural_prototypes	interval|hg38|chr1|151445239|151445579|+|228937	human:hg38	chr1	coord|human:hg38|chr1|151445239|151445579|+|228937	hc|0247	AluSz	AluSz	0.6861883402	0.7429608106613159	0	1
projected_k4_natural_prototypes	interval|hg38|chr1|43264328|43264664|-|87468	human:hg38	chr1	coord|human:hg38|chr1|43264328|43264664|-|87468	hc|0255	AluSz	AluSz	0.6012057066	0.7429608106613159	0	1
projected_k4_natural_prototypes	interval|hg38|chr1|39149251|39149587|+|78849	human:hg38	chr1	coord|human:hg38|chr1|39149251|39149587|+|78849	hc|0257	AluSz	AluY	0.6274404526	0.7429608106613159	0	0
projected_k4_natural_prototypes	interval|hg38|chr11|65509129|65509463|-|683570	human:hg38	chr11	coord|human:hg38|chr11|65509129|65509463|-|683570	hc|0262	AluSz	AluSx4	0.6148124337	0.7429608106613159	0	0
projected_k4_natural_prototypes	interval|hg38|chr1|34812663|34812995|+|69705	human:hg38	chr1	coord|human:hg38|chr1|34812663|34812995|+|69705	hc|0270	AluSz	AluSc8	0.5295897722	0.7429608106613159	0	0
projected_k4_natural_prototypes	interval|hg38|chr1|64920259|64920602|+|130343	human:hg38	chr1	coord|human:hg38|chr1|64920259|64920602|+|130343	hc|0548	AluSz6	AluJo	0.6746417284	0.7429608106613159	0	0
projected_k4_natural_prototypes	interval|hg38|chr1|151214341|151214680|-|228444	human:hg38	chr1	coord|human:hg38|chr1|151214341|151214680|-|228444	hc|0552	AluSz6	AluSz6	0.5692083836	0.7429608106613159	0	1
projected_k4_natural_prototypes	interval|hg38|chr11|32925494|32925826|-|637504	human:hg38	chr11	coord|human:hg38|chr11|32925494|32925826|-|637504	hc|0563	AluSz6	AluSx	0.5788515806	0.7429608106613159	0	0
projected_k4_natural_prototypes	interval|hg38|chr1|89693625|89693955|-|166470	human:hg38	chr1	coord|human:hg38|chr1|89693625|89693955|-|166470	hc|0569	AluSz6	AluSz	0.7064762115	0.7429608106613159	0	0
projected_k4_natural_prototypes	interval|hg38|chr13|44823732|44824061|-|1061640	human:hg38	chr13	coord|human:hg38|chr13|44823732|44824061|-|1061640	hc|0570	AluSz6	AluJb	0.5135465264	0.7429608106613159	0	0
projected_k4_natural_prototypes	interval|hg38|chr11|48477285|48477608|-|663453	human:hg38	chr11	coord|human:hg38|chr11|48477285|48477608|-|663453	hc|0584	AluSz6	AluJb	0.6415640116	0.7429608106613159	0	0
projected_k4_natural_prototypes	interval|hg38|chr11|80437386|80437733|-|713337	human:hg38	chr11	coord|human:hg38|chr11|80437386|80437733|-|713337	hc|0161	AluY	AluSx	0.5310516953	0.7429608106613159	0	0
projected_k4_natural_prototypes	interval|hg38|chr1|85101440|85101784|+|159742	human:hg38	chr1	coord|human:hg38|chr1|85101440|85101784|+|159742	hc|0163	AluY	AluY	0.7834803462	0.7429608106613159	1	1
projected_k4_natural_prototypes	interval|hg38|chr13|41739816|41740154|-|1056818	human:hg38	chr13	coord|human:hg38|chr13|41739816|41740154|-|1056818	hc|0175	AluY	AluSx3	0.6955529451	0.7429608106613159	0	0
projected_k4_natural_prototypes	interval|hg38|chr1|221434071|221434409|+|336872	human:hg38	chr1	coord|human:hg38|chr1|221434071|221434409|+|336872	hc|0178	AluY	AluY	0.7079774737	0.7429608106613159	0	1
projected_k4_natural_prototypes	interval|hg38|chr11|121442641|121442977|-|776778	human:hg38	chr11	coord|human:hg38|chr11|121442641|121442977|-|776778	hc|0186	AluY	AluY	0.910571456	0.7429608106613159	1	1
projected_k4_natural_prototypes	interval|hg38|chr13|76437647|76437983|+|1105147	human:hg38	chr13	coord|human:hg38|chr13|76437647|76437983|+|1105147	hc|0189	AluY	AluY	0.8280638456	0.7429608106613159	1	1
projected_k4_natural_prototypes	interval|hg38|chr13|63650949|63651284|+|1088717	human:hg38	chr13	coord|human:hg38|chr13|63650949|63651284|+|1088717	hc|0191	AluY	AluY	0.8064758182	0.7429608106613159	1	1
projected_k4_natural_prototypes	interval|hg38|chr1|83117210|83117545|-|156808	human:hg38	chr1	coord|human:hg38|chr1|83117210|83117545|-|156808	hc|0193	AluY	AluSc8	0.7650940418	0.7429608106613159	1	0
projected_k4_natural_prototypes	interval|hg38|chr11|119609295|119609458|-|773745	human:hg38	chr11	coord|human:hg38|chr11|119609295|119609458|-|773745	hc|1140	FLAM_A	FLAM_A	0.8015472889	0.7429608106613159	1	1
projected_k4_natural_prototypes	interval|hg38|chr13|89140328|89140478|-|1121240	human:hg38	chr13	coord|human:hg38|chr13|89140328|89140478|-|1121240	hc|1149	FLAM_A	FLAM_C	0.8047110438	0.7429608106613159	1	0
projected_k4_natural_prototypes	interval|hg38|chr1|33296830|33296968|-|66963	human:hg38	chr1	coord|human:hg38|chr1|33296830|33296968|-|66963	hc|1161	FLAM_A	FLAM_A	0.7691217661	0.7429608106613159	1	1
projected_k4_natural_prototypes	interval|hg38|chr1|118663886|118664023|+|211106	human:hg38	chr1	coord|human:hg38|chr1|118663886|118664023|+|211106	hc|1169	FLAM_A	FLAM_C	0.7605571747	0.7429608106613159	1	0
projected_k4_natural_prototypes	interval|hg38|chr11|65137695|65137877|-|682748	human:hg38	chr11	coord|human:hg38|chr11|65137695|65137877|-|682748	hc|0946	FLAM_C	AluJr	0.7591753602	0.7429608106613159	1	0
projected_k4_natural_prototypes	interval|hg38|chr11|90131115|90131294|+|728506	human:hg38	chr11	coord|human:hg38|chr11|90131115|90131294|+|728506	hc|0947	FLAM_C	FLAM_A	0.6900015473	0.7429608106613159	0	0
projected_k4_natural_prototypes	interval|hg38|chr1|232646991|232647163|+|355335	human:hg38	chr1	coord|human:hg38|chr1|232646991|232647163|+|355335	hc|0956	FLAM_C	AluJo	0.7591955066	0.7429608106613159	1	0
projected_k4_natural_prototypes	interval|hg38|chr1|121277375|121277546|-|214919	human:hg38	chr1	coord|human:hg38|chr1|121277375|121277546|-|214919	hc|0958	FLAM_C	FLAM_C	0.8452423215	0.7429608106613159	1	1
projected_k4_natural_prototypes	interval|hg38|chr1|206295864|206296035|-|313952	human:hg38	chr1	coord|human:hg38|chr1|206295864|206296035|-|313952	hc|0958	FLAM_C	FLAM_C	0.8494705558	0.7429608106613159	1	1
projected_k4_natural_prototypes	interval|hg38|chr11|14744991|14745155|-|609450	human:hg38	chr11	coord|human:hg38|chr11|14744991|14745155|-|609450	hc|0968	FLAM_C	MER5A	0.7271299362	0.7429608106613159	0	0
projected_k4_natural_prototypes	interval|hg38|chr13|27506531|27506693|-|1034939	human:hg38	chr13	coord|human:hg38|chr13|27506531|27506693|-|1034939	hc|0973	FLAM_C	FLAM_C	0.8468839526	0.7429608106613159	1	1
projected_k4_natural_prototypes	interval|hg38|chr1|106701999|106703583|+|191553	human:hg38	chr1	coord|human:hg38|chr1|106701999|106703583|+|191553	hc|0788	L2	L2	0.9502725005	0.7429608106613159	1	1
projected_k4_natural_prototypes	interval|hg38|chr13|65927645|65928885|-|1091485	human:hg38	chr13	coord|human:hg38|chr13|65927645|65928885|-|1091485	hc|0799	L2	L2	0.9448770285	0.7429608106613159	1	1
projected_k4_natural_prototypes	interval|hg38|chr1|164180320|164181378|-|250014	human:hg38	chr1	coord|human:hg38|chr1|164180320|164181378|-|250014	hc|0810	L2	L2	0.9525575638	0.7429608106613159	1	1
projected_k4_natural_prototypes	interval|hg38|chr11|41892290|41893249|+|651076	human:hg38	chr11	coord|human:hg38|chr11|41892290|41893249|+|651076	hc|0817	L2	L2	0.9184508324	0.7429608106613159	1	1
projected_k4_natural_prototypes	interval|hg38|chr1|192762415|192763343|+|292952	human:hg38	chr1	coord|human:hg38|chr1|192762415|192763343|+|292952	hc|0821	L2	L2	0.9242117405	0.7429608106613159	1	1
projected_k4_natural_prototypes	interval|hg38|chr1|92907989|92908900|-|171958	human:hg38	chr1	coord|human:hg38|chr1|92907989|92908900|-|171958	hc|0824	L2	L2	0.9310723543	0.7429608106613159	1	1
projected_k4_natural_prototypes	interval|hg38|chr1|175559963|175561216|-|267617	human:hg38	chr1	coord|human:hg38|chr1|175559963|175561216|-|267617	hc|0865	L3	L3	0.8511560559	0.7429608106613159	1	1
projected_k4_natural_prototypes	interval|hg38|chr1|115376060|115377031|+|205871	human:hg38	chr1	coord|human:hg38|chr1|115376060|115377031|+|205871	hc|0866	L3	L3	0.8782807589	0.7429608106613159	1	1
projected_k4_natural_prototypes	interval|hg38|chr13|94943214|94944182|+|1128855	human:hg38	chr13	coord|human:hg38|chr13|94943214|94944182|+|1128855	hc|0867	L3	L3	0.8859019876	0.7429608106613159	1	1
projected_k4_natural_prototypes	interval|hg38|chr1|221560476|221561234|+|337077	human:hg38	chr1	coord|human:hg38|chr1|221560476|221561234|+|337077	hc|0877	L3	L3	0.8651276827	0.7429608106613159	1	1
projected_k4_natural_prototypes	interval|hg38|chr1|60068299|60068986|-|121401	human:hg38	chr1	coord|human:hg38|chr1|60068299|60068986|-|121401	hc|0882	L3	L3	0.8945598006	0.7429608106613159	1	1
projected_k4_natural_prototypes	interval|hg38|chr1|185491905|185492543|-|283713	human:hg38	chr1	coord|human:hg38|chr1|185491905|185492543|-|283713	hc|0890	L3	L3	0.8526875973	0.7429608106613159	1	1
projected_k4_natural_prototypes	interval|hg38|chr13|32448237|32448846|+|1042915	human:hg38	chr13	coord|human:hg38|chr13|32448237|32448846|+|1042915	hc|0897	L3	L3	0.9178109169	0.7429608106613159	1	1
projected_k4_natural_prototypes	interval|hg38|chr13|26132818|26133008|-|1032488	human:hg38	chr13	coord|human:hg38|chr13|26132818|26133008|-|1032488	hc|1025	MER5A	MER5A	0.8435311913	0.7429608106613159	1	1
projected_k4_natural_prototypes	interval|hg38|chr1|116173109|116173298|-|207142	human:hg38	chr1	coord|human:hg38|chr1|116173109|116173298|-|207142	hc|1034	MER5A	MER5A	0.8247149587	0.7429608106613159	1	1
projected_k4_natural_prototypes	interval|hg38|chr13|109330217|109330406|+|1149011	human:hg38	chr13	coord|human:hg38|chr13|109330217|109330406|+|1149011	hc|1039	MER5A	MER5A	0.8630818725	0.7429608106613159	1	1
projected_k4_natural_prototypes	interval|hg38|chr11|37688484|37688673|+|645340	human:hg38	chr11	coord|human:hg38|chr11|37688484|37688673|+|645340	hc|1043	MER5A	MER5A	0.8341436386	0.7429608106613159	1	1
projected_k4_natural_prototypes	interval|hg38|chr11|87960158|87960346|-|725499	human:hg38	chr11	coord|human:hg38|chr11|87960158|87960346|-|725499	hc|1052	MER5A	MER5A	0.8453466892	0.7429608106613159	1	1
projected_k4_natural_prototypes	interval|hg38|chr11|79244051|79244239|-|711160	human:hg38	chr11	coord|human:hg38|chr11|79244051|79244239|-|711160	hc|1059	MER5A	MER5A	0.819901824	0.7429608106613159	1	1
projected_k4_natural_prototypes	interval|hg38|chr11|17682878|17683214|-|614237	human:hg38	chr11	coord|human:hg38|chr11|17682878|17683214|-|614237	hc|0120	MIR	MIRb	0.8034030199	0.7429608106613159	1	0
projected_k4_natural_prototypes	interval|hg38|chr1|205488833|205489105|+|312550	human:hg38	chr1	coord|human:hg38|chr1|205488833|205489105|+|312550	hc|0124	MIR	MIR	0.8231629729	0.7429608106613159	1	1
projected_k4_natural_prototypes	interval|hg38|chr13|60851003|60851268|-|1085231	human:hg38	chr13	coord|human:hg38|chr13|60851003|60851268|-|1085231	hc|0130	MIR	MIR	0.8320305347	0.7429608106613159	1	1
projected_k4_natural_prototypes	interval|hg38|chr1|204487958|204488223|-|310684	human:hg38	chr1	coord|human:hg38|chr1|204487958|204488223|-|310684	hc|0131	MIR	MIR	0.8442569971	0.7429608106613159	1	1
projected_k4_natural_prototypes	interval|hg38|chr1|178263260|178263524|-|271633	human:hg38	chr1	coord|human:hg38|chr1|178263260|178263524|-|271633	hc|0135	MIR	MIRb	0.814915657	0.7429608106613159	1	0
projected_k4_natural_prototypes	interval|hg38|chr1|201087144|201087407|-|304438	human:hg38	chr1	coord|human:hg38|chr1|201087144|201087407|-|304438	hc|0138	MIR	MIR	0.8642314076	0.7429608106613159	1	1
projected_k4_natural_prototypes	interval|hg38|chr1|195834144|195834407|+|297028	human:hg38	chr1	coord|human:hg38|chr1|195834144|195834407|+|297028	hc|0141	MIR	MIRb	0.7066322565	0.7429608106613159	0	0
projected_k4_natural_prototypes	interval|hg38|chr11|120146407|120146670|-|774610	human:hg38	chr11	coord|human:hg38|chr11|120146407|120146670|-|774610	hc|0142	MIR	MIRc	0.7906068563	0.7429608106613159	1	0
projected_k4_natural_prototypes	interval|hg38|chr1|115260156|115260418|+|205716	human:hg38	chr1	coord|human:hg38|chr1|115260156|115260418|+|205716	hc|0145	MIR	MIR	0.8020282984	0.7429608106613159	1	1
projected_k4_natural_prototypes	interval|hg38|chr1|157997127|157997389|+|240588	human:hg38	chr1	coord|human:hg38|chr1|157997127|157997389|+|240588	hc|0146	MIR	MIR	0.7642234564	0.7429608106613159	1	1
projected_k4_natural_prototypes	interval|hg38|chr13|39790122|39790383|+|1053620	human:hg38	chr13	coord|human:hg38|chr13|39790122|39790383|+|1053620	hc|0154	MIR	MIRb	0.8169880509	0.7429608106613159	1	0
projected_k4_natural_prototypes	interval|hg38|chr1|10787039|10787260|-|16483	human:hg38	chr1	coord|human:hg38|chr1|10787039|10787260|-|16483	hc|0507	MIR3	MIRc	0.8256146312	0.7429608106613159	1	0
projected_k4_natural_prototypes	interval|hg38|chr11|72088660|72088881|+|695954	human:hg38	chr11	coord|human:hg38|chr11|72088660|72088881|+|695954	hc|0509	MIR3	MIR3	0.810926199	0.7429608106613159	1	1
projected_k4_natural_prototypes	interval|hg38|chr11|92345709|92345926|+|731517	human:hg38	chr11	coord|human:hg38|chr11|92345709|92345926|+|731517	hc|0511	MIR3	MIRc	0.7897908688	0.7429608106613159	1	0
projected_k4_natural_prototypes	interval|hg38|chr1|156965347|156965560|+|239002	human:hg38	chr1	coord|human:hg38|chr1|156965347|156965560|+|239002	hc|0514	MIR3	MIR3	0.8005590439	0.7429608106613159	1	1
projected_k4_natural_prototypes	interval|hg38|chr13|40350403|40350604|+|1054403	human:hg38	chr13	coord|human:hg38|chr13|40350403|40350604|+|1054403	hc|0538	MIR3	MIR3	0.8048582077	0.7429608106613159	1	1
projected_k4_natural_prototypes	interval|hg38|chr11|40320570|40320771|+|648820	human:hg38	chr11	coord|human:hg38|chr11|40320570|40320771|+|648820	hc|0539	MIR3	L3	0.795019865	0.7429608106613159	1	0
projected_k4_natural_prototypes	interval|hg38|chr11|26633262|26633462|-|627690	human:hg38	chr11	coord|human:hg38|chr11|26633262|26633462|-|627690	hc|0541	MIR3	MIRc	0.8022480011	0.7429608106613159	1	0
projected_k4_natural_prototypes	interval|hg38|chr11|130436464|130436664|-|790637	human:hg38	chr11	coord|human:hg38|chr11|130436464|130436664|-|790637	hc|0542	MIR3	MIR3	0.8487005234	0.7429608106613159	1	1
projected_k4_natural_prototypes	interval|hg38|chr1|56039075|56039274|+|113524	human:hg38	chr1	coord|human:hg38|chr1|56039075|56039274|+|113524	hc|0543	MIR3	MIR3	0.8232037425	0.7429608106613159	1	1
projected_k4_natural_prototypes	interval|hg38|chr1|57401601|57401800|-|116197	human:hg38	chr1	coord|human:hg38|chr1|57401601|57401800|-|116197	hc|0546	MIR3	MIR3	0.7723726034	0.7429608106613159	1	1
projected_k4_natural_prototypes	interval|hg38|chr1|17595764|17596060|-|30300	human:hg38	chr1	coord|human:hg38|chr1|17595764|17596060|-|30300	hc|0001	MIRb	MIR	0.6935145259	0.7429608106613159	0	0
projected_k4_natural_prototypes	interval|hg38|chr1|118110852|118111117|+|210369	human:hg38	chr1	coord|human:hg38|chr1|118110852|118111117|+|210369	hc|0004	MIRb	MIR	0.8887246251	0.7429608106613159	1	0
projected_k4_natural_prototypes	interval|hg38|chr1|177770561|177770824|+|270820	human:hg38	chr1	coord|human:hg38|chr1|177770561|177770824|+|270820	hc|0006	MIRb	MIR	0.815264523	0.7429608106613159	1	0
projected_k4_natural_prototypes	interval|hg38|chr1|30049395|30049656|+|59400	human:hg38	chr1	coord|human:hg38|chr1|30049395|30049656|+|59400	hc|0013	MIRb	MIR	0.8212355375	0.7429608106613159	1	0
projected_k4_natural_prototypes	interval|hg38|chr1|49173199|49173460|-|99040	human:hg38	chr1	coord|human:hg38|chr1|49173199|49173460|-|99040	hc|0014	MIRb	MIRb	0.8107213378	0.7429608106613159	1	1
projected_k4_natural_prototypes	interval|hg38|chr1|215812855|215813114|+|328988	human:hg38	chr1	coord|human:hg38|chr1|215812855|215813114|+|328988	hc|0023	MIRb	MIRc	0.7588142157	0.7429608106613159	1	0
projected_k4_natural_prototypes	interval|hg38|chr1|48485253|48485511|-|97699	human:hg38	chr1	coord|human:hg38|chr1|48485253|48485511|-|97699	hc|0030	MIRb	MIRb	0.8447957039	0.7429608106613159	1	1
projected_k4_natural_prototypes	interval|hg38|chr1|15146959|15147216|+|25032	human:hg38	chr1	coord|human:hg38|chr1|15146959|15147216|+|25032	hc|0039	MIRb	MIR	0.882854104	0.7429608106613159	1	0
projected_k4_natural_prototypes	interval|hg38|chr1|18409434|18409690|+|32027	human:hg38	chr1	coord|human:hg38|chr1|18409434|18409690|+|32027	hc|0365	MIRc	MIR3	0.8022873998	0.7429608106613159	1	0
projected_k4_natural_prototypes	interval|hg38|chr1|154518952|154519205|+|234180	human:hg38	chr1	coord|human:hg38|chr1|154518952|154519205|+|234180	hc|0375	MIRc	MIRc	0.8015277386	0.7429608106613159	1	1
projected_k4_natural_prototypes	interval|hg38|chr11|86787791|86788042|-|723650	human:hg38	chr11	coord|human:hg38|chr11|86787791|86788042|-|723650	hc|0388	MIRc	MIRc	0.7876342535	0.7429608106613159	1	1
projected_k4_natural_prototypes	interval|hg38|chr11|109649300|109649551|+|756882	human:hg38	chr11	coord|human:hg38|chr11|109649300|109649551|+|756882	hc|0389	MIRc	MIRb	0.774908185	0.7429608106613159	1	0
projected_k4_natural_prototypes	interval|hg38|chr13|93594630|93595001|-|1126968	human:hg38	chr13	coord|human:hg38|chr13|93594630|93595001|-|1126968	hc|1180	MLT1A0	MLT1A0	0.7107861042	0.7429608106613159	0	1
projected_k4_natural_prototypes	interval|hg38|chr11|80422277|80422648|-|713307	human:hg38	chr11	coord|human:hg38|chr11|80422277|80422648|-|713307	hc|1182	MLT1A0	MLT1A0	0.8465508223	0.7429608106613159	1	1
projected_k4_natural_prototypes	interval|hg38|chr11|103361120|103361490|+|747247	human:hg38	chr11	coord|human:hg38|chr11|103361120|103361490|+|747247	hc|1186	MLT1A0	MLT1A0	0.8877532482	0.7429608106613159	1	1
projected_k4_natural_prototypes	interval|hg38|chr1|230776034|230776402|-|352429	human:hg38	chr1	coord|human:hg38|chr1|230776034|230776402|-|352429	hc|1195	MLT1A0	MLT1A0	0.8137262464	0.7429608106613159	1	1
projected_k4_natural_prototypes	interval|hg38|chr13|93104826|93105194|+|1126379	human:hg38	chr13	coord|human:hg38|chr13|93104826|93105194|+|1126379	hc|1197	MLT1A0	L3	0.8155617714	0.7429608106613159	1	0
projected_k4_natural_prototypes	interval|hg38|chr11|11511587|11511955|+|604100	human:hg38	chr11	coord|human:hg38|chr11|11511587|11511955|+|604100	hc|1204	MLT1A0	MLT1A0	0.8027076721	0.7429608106613159	1	1
projected_k4_natural_prototypes	interval|hg38|chr1|216537061|216537429|+|329857	human:hg38	chr1	coord|human:hg38|chr1|216537061|216537429|+|329857	hc|1205	MLT1A0	MLT1A0	0.8369313478	0.7429608106613159	1	1
projected_k4_natural_prototypes	interval|hg38|chr1|233552614|233552982|+|356749	human:hg38	chr1	coord|human:hg38|chr1|233552614|233552982|+|356749	hc|1206	MLT1A0	MLT1A0	0.9093692899	0.7429608106613159	1	1
projected_k4_natural_prototypes	interval|hg38|chr13|74861844|74862212|+|1102905	human:hg38	chr13	coord|human:hg38|chr13|74861844|74862212|+|1102905	hc|1209	MLT1A0	MLT1A0	0.9188688993	0.7429608106613159	1	1
projected_k4_natural_prototypes	interval|hg38|chr1|39271118|39271551|-|79084	human:hg38	chr1	coord|human:hg38|chr1|39271118|39271551|-|79084	hc|1103	MSTA	MSTA	0.8740479946	0.7429608106613159	1	1
projected_k4_natural_prototypes	interval|hg38|chr1|158504271|158504703|-|241301	human:hg38	chr1	coord|human:hg38|chr1|158504271|158504703|-|241301	hc|1104	MSTA	MSTA	0.8444129825	0.7429608106613159	1	1
projected_k4_natural_prototypes	interval|hg38|chr1|70425502|70425933|-|139372	human:hg38	chr1	coord|human:hg38|chr1|70425502|70425933|-|139372	hc|1107	MSTA	MSTA	0.879217267	0.7429608106613159	1	1
projected_k4_natural_prototypes	interval|hg38|chr11|27261709|27262139|-|628626	human:hg38	chr11	coord|human:hg38|chr11|27261709|27262139|-|628626	hc|1110	MSTA	MSTA	0.8836987019	0.7429608106613159	1	1
projected_k4_natural_prototypes	interval|hg38|chr1|6855251|6855679|-|8968	human:hg38	chr1	coord|human:hg38|chr1|6855251|6855679|-|8968	hc|1116	MSTA	MSTA	0.8571197391	0.7429608106613159	1	1
projected_k4_natural_prototypes	interval|hg38|chr1|165081178|165081604|-|251271	human:hg38	chr1	coord|human:hg38|chr1|165081178|165081604|-|251271	hc|1125	MSTA	MSTA	0.8934054971	0.7429608106613159	1	1
projected_k4_natural_prototypes	interval|hg38|chr1|16778473|16778899|-|28488	human:hg38	chr1	coord|human:hg38|chr1|16778473|16778899|-|28488	hc|1127	MSTA	MSTA	0.9342650175	0.7429608106613159	1	1
projected_k4_natural_prototypes	interval|hg38|chr1|234803657|234804083|+|358716	human:hg38	chr1	coord|human:hg38|chr1|234803657|234804083|+|358716	hc|1127	MSTA	MSTA	0.9327278733	0.7429608106613159	1	1
projected_k4_natural_prototypes	interval|hg38|chr1|72838319|72838745|+|142592	human:hg38	chr1	coord|human:hg38|chr1|72838319|72838745|+|142592	hc|1130	MSTA	MSTA	0.8751510978	0.7429608106613159	1	1
projected_k4_natural_prototypes	interval|hg38|chr1|227426183|227426609|-|347368	human:hg38	chr1	coord|human:hg38|chr1|227426183|227426609|-|347368	hc|1133	MSTA	MSTA	0.9138234854	0.7429608106613159	1	1
projected_k4_natural_prototypes	interval|hg38|chr13|110764425|110764851|+|1150752	human:hg38	chr13	coord|human:hg38|chr13|110764425|110764851|+|1150752	hc|1134	MSTA	MSTA	0.8921099901	0.7429608106613159	1	1
projected_k4_natural_prototypes	interval|hg38|chr1|231876067|231876493|+|354328	human:hg38	chr1	coord|human:hg38|chr1|231876067|231876493|+|354328	hc|1138	MSTA	MSTA	0.8845290542	0.7429608106613159	1	1
projected_k4_natural_prototypes	interval|hg38|chr1|223046494|223046863|-|339402	human:hg38	chr1	coord|human:hg38|chr1|223046494|223046863|-|339402	hc|1385	THE1B	THE1B	0.8871667385	0.7429608106613159	1	1
projected_k4_natural_prototypes	interval|hg38|chr1|49187824|49188193|+|99070	human:hg38	chr1	coord|human:hg38|chr1|49187824|49188193|+|99070	hc|1387	THE1B	THE1B	0.9233444929	0.7429608106613159	1	1
projected_k4_natural_prototypes	interval|hg38|chr1|235008729|235009098|-|359088	human:hg38	chr1	coord|human:hg38|chr1|235008729|235009098|-|359088	hc|1393	THE1B	THE1B	0.9426999092	0.7429608106613159	1	1
projected_k4_natural_prototypes	interval|hg38|chr13|55835770|55836139|+|1078771	human:hg38	chr13	coord|human:hg38|chr13|55835770|55836139|+|1078771	hc|1396	THE1B	THE1B	0.9111189842	0.7429608106613159	1	1
projected_k4_natural_prototypes	interval|hg38|chr13|65203411|65203780|+|1090603	human:hg38	chr13	coord|human:hg38|chr13|65203411|65203780|+|1090603	hc|1398	THE1B	THE1B	0.9316749573	0.7429608106613159	1	1
projected_k4_natural_prototypes	interval|hg38|chr13|103267225|103267594|+|1141746	human:hg38	chr13	coord|human:hg38|chr13|103267225|103267594|+|1141746	hc|1399	THE1B	THE1B	0.8935183287	0.7429608106613159	1	1
projected_k4_natural_prototypes	interval|hg38|chr1|78120524|78120892|-|150333	human:hg38	chr1	coord|human:hg38|chr1|78120524|78120892|-|150333	hc|1402	THE1B	THE1B	0.9207367897	0.7429608106613159	1	1
projected_k4_natural_prototypes	interval|hg38|chr13|32104654|32105022|+|1042390	human:hg38	chr13	coord|human:hg38|chr13|32104654|32105022|+|1042390	hc|1409	THE1B	THE1B	0.8717974424	0.7429608106613159	1	1
projected_train_centroid	interval|hg38|chr13|61060225|61060586|-|1085518	human:hg38	chr13	coord|human:hg38|chr13|61060225|61060586|-|1085518	hc|0198	AluJb	AluJo	0.6740789413	0.7713985443115234	0	0
projected_train_centroid	interval|hg38|chr1|13746501|13746853|-|22298	human:hg38	chr1	coord|human:hg38|chr1|13746501|13746853|-|22298	hc|0200	AluJb	AluJo	0.7030096054	0.7713985443115234	0	0
projected_train_centroid	interval|hg38|chr1|204583666|204584007|+|310906	human:hg38	chr1	coord|human:hg38|chr1|204583666|204584007|+|310906	hc|0201	AluJb	AluJo	0.7857685089	0.7713985443115234	1	0
projected_train_centroid	interval|hg38|chr11|111559418|111559757|-|759912	human:hg38	chr11	coord|human:hg38|chr11|111559418|111559757|-|759912	hc|0206	AluJb	AluJb	0.5049951673	0.7713985443115234	0	1
projected_train_centroid	interval|hg38|chr13|104776246|104776583|-|1143493	human:hg38	chr13	coord|human:hg38|chr13|104776246|104776583|-|1143493	hc|0209	AluJb	AluJr	0.7724170685	0.7713985443115234	1	0
projected_train_centroid	interval|hg38|chr11|9471897|9472228|-|600438	human:hg38	chr11	coord|human:hg38|chr11|9471897|9472228|-|600438	hc|0217	AluJb	AluSz6	0.6918697953	0.7713985443115234	0	0
projected_train_centroid	interval|hg38|chr1|28499446|28499775|-|55882	human:hg38	chr1	coord|human:hg38|chr1|28499446|28499775|-|55882	hc|0223	AluJb	FLAM_C	0.766053915	0.7713985443115234	0	0
projected_train_centroid	interval|hg38|chr1|10190176|10190505|-|15467	human:hg38	chr1	coord|human:hg38|chr1|10190176|10190505|-|15467	hc|0224	AluJb	AluJr	0.8491662145	0.7713985443115234	1	0
projected_train_centroid	interval|hg38|chr13|66512789|66513117|-|1092167	human:hg38	chr13	coord|human:hg38|chr13|66512789|66513117|-|1092167	hc|0228	AluJb	AluJb	0.6561826468	0.7713985443115234	0	1
projected_train_centroid	interval|hg38|chr1|12681220|12681548|-|20481	human:hg38	chr1	coord|human:hg38|chr1|12681220|12681548|-|20481	hc|0229	AluJb	AluJr	0.805378437	0.7713985443115234	1	0
projected_train_centroid	interval|hg38|chr1|28994633|28994959|-|57285	human:hg38	chr1	coord|human:hg38|chr1|28994633|28994959|-|57285	hc|0234	AluJb	AluJr	0.5802441835	0.7713985443115234	0	0
projected_train_centroid	interval|hg38|chr1|21917149|21917494|+|39669	human:hg38	chr1	coord|human:hg38|chr1|21917149|21917494|+|39669	hc|0429	AluJo	AluSc	0.4820689261	0.7713985443115234	0	0
projected_train_centroid	interval|hg38|chr11|83108441|83108783|-|717560	human:hg38	chr11	coord|human:hg38|chr11|83108441|83108783|-|717560	hc|0432	AluJo	AluJr	0.7746617198	0.7713985443115234	1	0
projected_train_centroid	interval|hg38|chr11|20525408|20525749|-|619259	human:hg38	chr11	coord|human:hg38|chr11|20525408|20525749|-|619259	hc|0433	AluJo	AluJr	0.767977953	0.7713985443115234	0	0
projected_train_centroid	interval|hg38|chr1|229536218|229536553|+|350406	human:hg38	chr1	coord|human:hg38|chr1|229536218|229536553|+|350406	hc|0435	AluJo	AluJr	0.820010066	0.7713985443115234	1	0
projected_train_centroid	interval|hg38|chr1|58180260|58180594|-|117763	human:hg38	chr1	coord|human:hg38|chr1|58180260|58180594|-|117763	hc|0437	AluJo	FLAM_C	0.7488766909	0.7713985443115234	0	0
projected_train_centroid	interval|hg38|chr13|110538323|110538656|+|1150355	human:hg38	chr13	coord|human:hg38|chr13|110538323|110538656|+|1150355	hc|0438	AluJo	AluJr	0.7576512098	0.7713985443115234	0	0
projected_train_centroid	interval|hg38|chr1|35051946|35052277|-|70225	human:hg38	chr1	coord|human:hg38|chr1|35051946|35052277|-|70225	hc|0440	AluJo	AluJr	0.8030577898	0.7713985443115234	1	0
projected_train_centroid	interval|hg38|chr11|82793727|82794055|+|716968	human:hg38	chr11	coord|human:hg38|chr11|82793727|82794055|+|716968	hc|0445	AluJo	AluJb	0.7583693266	0.7713985443115234	0	0
projected_train_centroid	interval|hg38|chr1|28378927|28379254|-|55570	human:hg38	chr1	coord|human:hg38|chr1|28378927|28379254|-|55570	hc|0447	AluJo	AluJb	0.6620666385	0.7713985443115234	0	0
projected_train_centroid	interval|hg38|chr13|35496352|35496677|+|1047554	human:hg38	chr13	coord|human:hg38|chr13|35496352|35496677|+|1047554	hc|0449	AluJo	AluJr	0.8693256974	0.7713985443115234	1	0
projected_train_centroid	interval|hg38|chr13|98628141|98628463|-|1134788	human:hg38	chr13	coord|human:hg38|chr13|98628141|98628463|-|1134788	hc|0451	AluJo	AluJo	0.7588940263	0.7713985443115234	0	1
projected_train_centroid	interval|hg38|chr13|28115945|28116263|-|1036072	human:hg38	chr13	coord|human:hg38|chr13|28115945|28116263|-|1036072	hc|0457	AluJo	AluJr	0.6137132645	0.7713985443115234	0	0
projected_train_centroid	interval|hg38|chr13|52875454|52875772|-|1074969	human:hg38	chr13	coord|human:hg38|chr13|52875454|52875772|-|1074969	hc|0460	AluJo	AluJr4	0.7824777365	0.7713985443115234	1	0
projected_train_centroid	interval|hg38|chr11|18226148|18226465|+|615198	human:hg38	chr11	coord|human:hg38|chr11|18226148|18226465|+|615198	hc|0466	AluJo	AluJr4	0.7911720276	0.7713985443115234	1	0
projected_train_centroid	interval|hg38|chr11|33549721|33550061|+|638718	human:hg38	chr11	coord|human:hg38|chr11|33549721|33550061|+|638718	hc|0392	AluJr	AluJr	0.7648798227	0.7713985443115234	0	1
projected_train_centroid	interval|hg38|chr1|212648304|212648644|-|324291	human:hg38	chr1	coord|human:hg38|chr1|212648304|212648644|-|324291	hc|0393	AluJr	AluJb	0.8585564494	0.7713985443115234	1	0
projected_train_centroid	interval|hg38|chr13|98692136|98692458|-|1134927	human:hg38	chr13	coord|human:hg38|chr13|98692136|98692458|-|1134927	hc|0407	AluJr	AluJr	0.8538956642	0.7713985443115234	1	1
projected_train_centroid	interval|hg38|chr1|99955784|99956103|-|182545	human:hg38	chr1	coord|human:hg38|chr1|99955784|99956103|-|182545	hc|0411	AluJr	AluJr	0.8047916293	0.7713985443115234	1	1
projected_train_centroid	interval|hg38|chr1|173119364|173119679|-|263675	human:hg38	chr1	coord|human:hg38|chr1|173119364|173119679|-|263675	hc|1080	AluJr4	AluJr4	0.8118587136	0.7713985443115234	1	1
projected_train_centroid	interval|hg38|chr1|173888414|173888729|-|264940	human:hg38	chr1	coord|human:hg38|chr1|173888414|173888729|-|264940	hc|1083	AluJr4	AluJr4	0.7951346636	0.7713985443115234	1	1
projected_train_centroid	interval|hg38|chr1|24968046|24968360|-|47067	human:hg38	chr1	coord|human:hg38|chr1|24968046|24968360|-|47067	hc|1086	AluJr4	AluJr4	0.8159968853	0.7713985443115234	1	1
projected_train_centroid	interval|hg38|chr11|108636204|108636518|+|755370	human:hg38	chr11	coord|human:hg38|chr11|108636204|108636518|+|755370	hc|1090	AluJr4	AluJr4	0.6897183657	0.7713985443115234	0	1
projected_train_centroid	interval|hg38|chr1|217611897|217612210|+|331186	human:hg38	chr1	coord|human:hg38|chr1|217611897|217612210|+|331186	hc|1093	AluJr4	AluJr4	0.7918686867	0.7713985443115234	1	1
projected_train_centroid	interval|hg38|chr1|94969079|94969392|-|175426	human:hg38	chr1	coord|human:hg38|chr1|94969079|94969392|-|175426	hc|1098	AluJr4	AluJo	0.8400789499	0.7713985443115234	1	0
projected_train_centroid	interval|hg38|chr1|171453717|171454030|-|261220	human:hg38	chr1	coord|human:hg38|chr1|171453717|171454030|-|261220	hc|1099	AluJr4	AluJo	0.6678266525	0.7713985443115234	0	0
projected_train_centroid	interval|hg38|chr1|143696235|143696567|-|216021	human:hg38	chr1	coord|human:hg38|chr1|143696235|143696567|-|216021	hc|0676	AluSc	AluSc	0.8701530695	0.7713985443115234	1	1
projected_train_centroid	interval|hg38|chr11|130039964|130040291|+|789901	human:hg38	chr11	coord|human:hg38|chr11|130039964|130040291|+|789901	hc|0689	AluSc	AluSc8	0.8980308771	0.7713985443115234	1	0
projected_train_centroid	interval|hg38|chr13|64285385|64285710|-|1089450	human:hg38	chr13	coord|human:hg38|chr13|64285385|64285710|-|1089450	hc|0692	AluSc	AluSc	0.7130745053	0.7713985443115234	0	1
projected_train_centroid	interval|hg38|chr1|108915400|108915724|-|194778	human:hg38	chr1	coord|human:hg38|chr1|108915400|108915724|-|194778	hc|0694	AluSc	AluSg	0.8136485219	0.7713985443115234	1	0
projected_train_centroid	interval|hg38|chr13|77939715|77940039|+|1107294	human:hg38	chr13	coord|human:hg38|chr13|77939715|77940039|+|1107294	hc|0696	AluSc	AluSc	0.8582450151	0.7713985443115234	1	1
projected_train_centroid	interval|hg38|chr11|73035696|73036018|-|697828	human:hg38	chr11	coord|human:hg38|chr11|73035696|73036018|-|697828	hc|0704	AluSc	AluSc	0.8765548468	0.7713985443115234	1	1
projected_train_centroid	interval|hg38|chr1|183643262|183643590|-|280733	human:hg38	chr1	coord|human:hg38|chr1|183643262|183643590|-|280733	hc|0832	AluSc8	AluY	0.8804928064	0.7713985443115234	1	0
projected_train_centroid	interval|hg38|chr1|155585241|155585568|+|236340	human:hg38	chr1	coord|human:hg38|chr1|155585241|155585568|+|236340	hc|0833	AluSc8	AluSc8	0.8818118572	0.7713985443115234	1	1
projected_train_centroid	interval|hg38|chr13|103483393|103483717|-|1142024	human:hg38	chr13	coord|human:hg38|chr13|103483393|103483717|-|1142024	hc|0841	AluSc8	AluSc8	0.7806002498	0.7713985443115234	1	1
projected_train_centroid	interval|hg38|chr1|20584097|20584414|+|36774	human:hg38	chr1	coord|human:hg38|chr1|20584097|20584414|+|36774	hc|0859	AluSc8	AluY	0.736492157	0.7713985443115234	0	0
projected_train_centroid	interval|hg38|chr1|85945002|85945318|-|161108	human:hg38	chr1	coord|human:hg38|chr1|85945002|85945318|-|161108	hc|0864	AluSc8	AluSq	0.7111682892	0.7713985443115234	0	0
projected_train_centroid	interval|hg38|chr1|227737992|227738333|-|347749	human:hg38	chr1	coord|human:hg38|chr1|227737992|227738333|-|347749	hc|0629	AluSg	AluSg	0.7913513184	0.7713985443115234	1	1
projected_train_centroid	interval|hg38|chr1|69853245|69853576|-|138517	human:hg38	chr1	coord|human:hg38|chr1|69853245|69853576|-|138517	hc|0638	AluSg	AluSg	0.8797709942	0.7713985443115234	1	1
projected_train_centroid	interval|hg38|chr1|206818780|206819109|-|314788	human:hg38	chr1	coord|human:hg38|chr1|206818780|206819109|-|314788	hc|0642	AluSg	AluSz	0.618896842	0.7713985443115234	0	0
projected_train_centroid	interval|hg38|chr1|6529309|6529637|+|8260	human:hg38	chr1	coord|human:hg38|chr1|6529309|6529637|+|8260	hc|0644	AluSg	AluY	0.6866033077	0.7713985443115234	0	0
projected_train_centroid	interval|hg38|chr1|151643264|151643592|-|229379	human:hg38	chr1	coord|human:hg38|chr1|151643264|151643592|-|229379	hc|0646	AluSg	AluSg	0.8671246767	0.7713985443115234	1	1
projected_train_centroid	interval|hg38|chr1|200552915|200553235|-|303482	human:hg38	chr1	coord|human:hg38|chr1|200552915|200553235|-|303482	hc|0663	AluSg	AluSg	0.7411152124	0.7713985443115234	0	1
projected_train_centroid	interval|hg38|chr1|236972669|236972989|+|362967	human:hg38	chr1	coord|human:hg38|chr1|236972669|236972989|+|362967	hc|0664	AluSg	AluSg	0.7280685306	0.7713985443115234	0	1
projected_train_centroid	interval|hg38|chr11|4663071|4663414|+|593281	human:hg38	chr11	coord|human:hg38|chr11|4663071|4663414|+|593281	hc|0468	AluSp	AluSq	0.6196656823	0.7713985443115234	0	0
projected_train_centroid	interval|hg38|chr13|33872451|33872793|+|1045239	human:hg38	chr13	coord|human:hg38|chr13|33872451|33872793|+|1045239	hc|0469	AluSp	AluSp	0.7431250215	0.7713985443115234	0	1
projected_train_centroid	interval|hg38|chr1|230845401|230845741|+|352530	human:hg38	chr1	coord|human:hg38|chr1|230845401|230845741|+|352530	hc|0471	AluSp	AluSx3	0.6589057446	0.7713985443115234	0	0
projected_train_centroid	interval|hg38|chr1|112735388|112735726|+|201071	human:hg38	chr1	coord|human:hg38|chr1|112735388|112735726|+|201071	hc|0476	AluSp	AluSp	0.6257965565	0.7713985443115234	0	1
projected_train_centroid	interval|hg38|chr1|72149600|72149934|+|141771	human:hg38	chr1	coord|human:hg38|chr1|72149600|72149934|+|141771	hc|0484	AluSp	AluSp	0.8086246252	0.7713985443115234	1	1
projected_train_centroid	interval|hg38|chr11|42106182|42106515|+|651362	human:hg38	chr11	coord|human:hg38|chr11|42106182|42106515|+|651362	hc|0487	AluSp	AluSx	0.6711581945	0.7713985443115234	0	0
projected_train_centroid	interval|hg38|chr11|71732386|71732718|-|695294	human:hg38	chr11	coord|human:hg38|chr11|71732386|71732718|-|695294	hc|0490	AluSp	AluSp	0.7839845419	0.7713985443115234	1	1
projected_train_centroid	interval|hg38|chr1|214495663|214495994|-|327198	human:hg38	chr1	coord|human:hg38|chr1|214495663|214495994|-|327198	hc|0493	AluSp	AluSq	0.6743927002	0.7713985443115234	0	0
projected_train_centroid	interval|hg38|chr11|8779485|8779814|-|598973	human:hg38	chr11	coord|human:hg38|chr11|8779485|8779814|-|598973	hc|0497	AluSp	AluSx1	0.6202960014	0.7713985443115234	0	0
projected_train_centroid	interval|hg38|chr1|242555877|242556205|-|371508	human:hg38	chr1	coord|human:hg38|chr1|242555877|242556205|-|371508	hc|0501	AluSp	AluSq2	0.727042973	0.7713985443115234	0	0
projected_train_centroid	interval|hg38|chr1|1477677|1478003|-|1840	human:hg38	chr1	coord|human:hg38|chr1|1477677|1478003|-|1840	hc|0505	AluSp	AluSg	0.5151126981	0.7713985443115234	0	0
projected_train_centroid	interval|hg38|chr1|240620855|240621195|-|368285	human:hg38	chr1	coord|human:hg38|chr1|240620855|240621195|-|368285	hc|0985	AluSq	AluSp	0.7273250818	0.7713985443115234	0	0
projected_train_centroid	interval|hg38|chr1|241040465|241040787|-|368964	human:hg38	chr1	coord|human:hg38|chr1|241040465|241040787|-|368964	hc|0994	AluSq	AluSg	0.6675112844	0.7713985443115234	0	0
projected_train_centroid	interval|hg38|chr1|92143489|92143811|-|170472	human:hg38	chr1	coord|human:hg38|chr1|92143489|92143811|-|170472	hc|0995	AluSq	AluSq	0.6778879166	0.7713985443115234	0	1
projected_train_centroid	interval|hg38|chr1|225704954|225705275|+|344033	human:hg38	chr1	coord|human:hg38|chr1|225704954|225705275|+|344033	hc|0996	AluSq	AluSx3	0.6064009666	0.7713985443115234	0	0
projected_train_centroid	interval|hg38|chr13|19821665|19821985|+|1022527	human:hg38	chr13	coord|human:hg38|chr13|19821665|19821985|+|1022527	hc|1000	AluSq	AluSq2	0.6808050275	0.7713985443115234	0	0
projected_train_centroid	interval|hg38|chr1|199990500|199990818|-|302443	human:hg38	chr1	coord|human:hg38|chr1|199990500|199990818|-|302443	hc|1010	AluSq	AluSg	0.7689219713	0.7713985443115234	0	0
projected_train_centroid	interval|hg38|chr1|235041713|235042030|-|359184	human:hg38	chr1	coord|human:hg38|chr1|235041713|235042030|-|359184	hc|1022	AluSq	AluSq	0.8483834863	0.7713985443115234	1	1
projected_train_centroid	interval|hg38|chr1|117133712|117134055|+|208740	human:hg38	chr1	coord|human:hg38|chr1|117133712|117134055|+|208740	hc|0317	AluSq2	AluSq2	0.7190998793	0.7713985443115234	0	1
projected_train_centroid	interval|hg38|chr13|52748111|52748453|+|1074758	human:hg38	chr13	coord|human:hg38|chr13|52748111|52748453|+|1074758	hc|0318	AluSq2	AluSx1	0.6984133124	0.7713985443115234	0	0
projected_train_centroid	interval|hg38|chr1|53790083|53790424|+|108852	human:hg38	chr1	coord|human:hg38|chr1|53790083|53790424|+|108852	hc|0323	AluSq2	AluSx	0.5219748616	0.7713985443115234	0	0
projected_train_centroid	interval|hg38|chr11|35315511|35315851|+|641617	human:hg38	chr11	coord|human:hg38|chr11|35315511|35315851|+|641617	hc|0326	AluSq2	AluSx1	0.7526144981	0.7713985443115234	0	0
projected_train_centroid	interval|hg38|chr11|80842044|80842384|-|713977	human:hg38	chr11	coord|human:hg38|chr11|80842044|80842384|-|713977	hc|0327	AluSq2	AluSx1	0.6696875095	0.7713985443115234	0	0
projected_train_centroid	interval|hg38|chr13|62416751|62417090|+|1087198	human:hg38	chr13	coord|human:hg38|chr13|62416751|62417090|+|1087198	hc|0330	AluSq2	AluSq2	0.6670088172	0.7713985443115234	0	1
projected_train_centroid	interval|hg38|chr13|49829338|49829675|+|1070140	human:hg38	chr13	coord|human:hg38|chr13|49829338|49829675|+|1070140	hc|0333	AluSq2	AluSp	0.6615658998	0.7713985443115234	0	0
projected_train_centroid	interval|hg38|chr13|60541129|60541466|-|1084796	human:hg38	chr13	coord|human:hg38|chr13|60541129|60541466|-|1084796	hc|0334	AluSq2	AluSz6	0.5698899031	0.7713985443115234	0	0
projected_train_centroid	interval|hg38|chr11|63536245|63536581|+|679684	human:hg38	chr11	coord|human:hg38|chr11|63536245|63536581|+|679684	hc|0337	AluSq2	AluSc8	0.7545774579	0.7713985443115234	0	0
projected_train_centroid	interval|hg38|chr11|37840530|37840866|-|645511	human:hg38	chr11	coord|human:hg38|chr11|37840530|37840866|-|645511	hc|0338	AluSq2	AluSx	0.6180130243	0.7713985443115234	0	0
projected_train_centroid	interval|hg38|chr1|241461063|241461398|+|369648	human:hg38	chr1	coord|human:hg38|chr1|241461063|241461398|+|369648	hc|0340	AluSq2	AluSx	0.7347767353	0.7713985443115234	0	0
projected_train_centroid	interval|hg38|chr1|154973228|154973559|+|235039	human:hg38	chr1	coord|human:hg38|chr1|154973228|154973559|+|235039	hc|0350	AluSq2	AluY	0.5862957239	0.7713985443115234	0	0
projected_train_centroid	interval|hg38|chr1|201033351|201033695|-|304357	human:hg38	chr1	coord|human:hg38|chr1|201033351|201033695|-|304357	hc|0043	AluSx	AluSx	0.7282092571	0.7713985443115234	0	1
projected_train_centroid	interval|hg38|chr1|233061718|233062058|-|355967	human:hg38	chr1	coord|human:hg38|chr1|233061718|233062058|-|355967	hc|0051	AluSx	AluSq	0.6986460686	0.7713985443115234	0	0
projected_train_centroid	interval|hg38|chr1|53699024|53699363|-|108621	human:hg38	chr1	coord|human:hg38|chr1|53699024|53699363|-|108621	hc|0054	AluSx	AluSz	0.7087698579	0.7713985443115234	0	0
projected_train_centroid	interval|hg38|chr11|70237593|70237930|+|693037	human:hg38	chr11	coord|human:hg38|chr11|70237593|70237930|+|693037	hc|0061	AluSx	AluSx	0.5020384192	0.7713985443115234	0	1
projected_train_centroid	interval|hg38|chr1|105626455|105626791|-|190246	human:hg38	chr1	coord|human:hg38|chr1|105626455|105626791|-|190246	hc|0064	AluSx	AluSc	0.5744349957	0.7713985443115234	0	0
projected_train_centroid	interval|hg38|chr1|25075374|25075709|+|47296	human:hg38	chr1	coord|human:hg38|chr1|25075374|25075709|+|47296	hc|0065	AluSx	AluSq	0.682282865	0.7713985443115234	0	0
projected_train_centroid	interval|hg38|chr13|24753874|24754215|+|1030461	human:hg38	chr13	coord|human:hg38|chr13|24753874|24754215|+|1030461	hc|0088	AluSx1	AluSx1	0.7678616643	0.7713985443115234	0	1
projected_train_centroid	interval|hg38|chr1|105990600|105990939|-|190680	human:hg38	chr1	coord|human:hg38|chr1|105990600|105990939|-|190680	hc|0093	AluSx1	AluSq2	0.7373933196	0.7713985443115234	0	0
projected_train_centroid	interval|hg38|chr11|9830458|9830796|+|601214	human:hg38	chr11	coord|human:hg38|chr11|9830458|9830796|+|601214	hc|0096	AluSx1	AluSx3	0.6229960918	0.7713985443115234	0	0
projected_train_centroid	interval|hg38|chr1|218854792|218855129|-|333052	human:hg38	chr1	coord|human:hg38|chr1|218854792|218855129|-|333052	hc|0103	AluSx1	AluSx1	0.6359754801	0.7713985443115234	0	1
projected_train_centroid	interval|hg38|chr13|20124699|20125035|+|1023256	human:hg38	chr13	coord|human:hg38|chr13|20124699|20125035|+|1023256	hc|0110	AluSx1	AluSq	0.7518729568	0.7713985443115234	0	0
projected_train_centroid	interval|hg38|chr1|20594505|20594840|+|36800	human:hg38	chr1	coord|human:hg38|chr1|20594505|20594840|+|36800	hc|0114	AluSx1	AluSx1	0.7691721916	0.7713985443115234	0	1
projected_train_centroid	interval|hg38|chr13|101337273|101337607|-|1139214	human:hg38	chr13	coord|human:hg38|chr13|101337273|101337607|-|1139214	hc|0118	AluSx1	AluSp	0.4594480395	0.7713985443115234	0	0
projected_train_centroid	interval|hg38|chr13|105587264|105587598|+|1144405	human:hg38	chr13	coord|human:hg38|chr13|105587264|105587598|+|1144405	hc|0119	AluSx1	AluSz6	0.6285190582	0.7713985443115234	0	0
projected_train_centroid	interval|hg38|chr13|91330328|91330671|-|1124079	human:hg38	chr13	coord|human:hg38|chr13|91330328|91330671|-|1124079	hc|0747	AluSx3	AluSc8	0.7715210915	0.7713985443115234	1	0
projected_train_centroid	interval|hg38|chr1|63170590|63170920|-|127060	human:hg38	chr1	coord|human:hg38|chr1|63170590|63170920|-|127060	hc|0758	AluSx3	AluSz6	0.6752322316	0.7713985443115234	0	0
projected_train_centroid	interval|hg38|chr11|63600578|63600903|-|679842	human:hg38	chr11	coord|human:hg38|chr11|63600578|63600903|-|679842	hc|0764	AluSx3	AluSx1	0.5468322039	0.7713985443115234	0	0
projected_train_centroid	interval|hg38|chr13|51888620|51888944|-|1073349	human:hg38	chr13	coord|human:hg38|chr13|51888620|51888944|-|1073349	hc|0765	AluSx3	AluSx3	0.8075662851	0.7713985443115234	1	1
projected_train_centroid	interval|hg38|chr1|53790424|53790744|+|108853	human:hg38	chr1	coord|human:hg38|chr1|53790424|53790744|+|108853	hc|0323	AluSx3	AluSx4	0.6058802605	0.7713985443115234	0	0
projected_train_centroid	interval|hg38|chr13|36726380|36726699|-|1049349	human:hg38	chr13	coord|human:hg38|chr13|36726380|36726699|-|1049349	hc|0775	AluSx3	AluSg	0.7155752182	0.7713985443115234	0	0
projected_train_centroid	interval|hg38|chr1|150614803|150615122|-|227116	human:hg38	chr1	coord|human:hg38|chr1|150614803|150615122|-|227116	hc|0776	AluSx3	AluSx4	0.7196631432	0.7713985443115234	0	0
projected_train_centroid	interval|hg38|chr1|52722545|52722863|-|106500	human:hg38	chr1	coord|human:hg38|chr1|52722545|52722863|-|106500	hc|0777	AluSx3	AluSc8	0.8734160066	0.7713985443115234	1	0
projected_train_centroid	interval|hg38|chr1|241467706|241468024|+|369668	human:hg38	chr1	coord|human:hg38|chr1|241467706|241468024|+|369668	hc|0778	AluSx3	AluSc8	0.7843767405	0.7713985443115234	1	0
projected_train_centroid	interval|hg38|chr1|20749341|20749658|-|37135	human:hg38	chr1	coord|human:hg38|chr1|20749341|20749658|-|37135	hc|0781	AluSx3	AluSx4	0.7244499922	0.7713985443115234	0	0
projected_train_centroid	interval|hg38|chr13|71692477|71692820|-|1098283	human:hg38	chr13	coord|human:hg38|chr13|71692477|71692820|-|1098283	hc|1300	AluSx4	AluSg	0.7519419193	0.7713985443115234	0	0
projected_train_centroid	interval|hg38|chr13|49622942|49623282|-|1069682	human:hg38	chr13	coord|human:hg38|chr13|49622942|49623282|-|1069682	hc|1301	AluSx4	AluSg	0.8108022213	0.7713985443115234	1	0
projected_train_centroid	interval|hg38|chr11|43900195|43900521|-|654289	human:hg38	chr11	coord|human:hg38|chr11|43900195|43900521|-|654289	hc|1305	AluSx4	AluSx4	0.906276226	0.7713985443115234	1	1
projected_train_centroid	interval|hg38|chr1|19965980|19966302|-|35423	human:hg38	chr1	coord|human:hg38|chr1|19965980|19966302|-|35423	hc|1308	AluSx4	AluSx4	0.6486081481	0.7713985443115234	0	1
projected_train_centroid	interval|hg38|chr1|161167541|161167862|-|245269	human:hg38	chr1	coord|human:hg38|chr1|161167541|161167862|-|245269	hc|1309	AluSx4	AluSx4	0.8434643745	0.7713985443115234	1	1
projected_train_centroid	interval|hg38|chr13|27042509|27042830|-|1034031	human:hg38	chr13	coord|human:hg38|chr13|27042509|27042830|-|1034031	hc|1310	AluSx4	AluSx4	0.8664630055	0.7713985443115234	1	1
projected_train_centroid	interval|hg38|chr11|98190789|98191109|+|739972	human:hg38	chr11	coord|human:hg38|chr11|98190789|98191109|+|739972	hc|1312	AluSx4	AluSx4	0.8609683514	0.7713985443115234	1	1
projected_train_centroid	interval|hg38|chr1|17805360|17805677|-|30741	human:hg38	chr1	coord|human:hg38|chr1|17805360|17805677|-|30741	hc|1315	AluSx4	FLAM_C	0.6355853677	0.7713985443115234	0	0
projected_train_centroid	interval|hg38|chr1|60560179|60560496|+|122243	human:hg38	chr1	coord|human:hg38|chr1|60560179|60560496|+|122243	hc|1316	AluSx4	AluSx4	0.8499082327	0.7713985443115234	1	1
projected_train_centroid	interval|hg38|chr1|233600912|233601228|+|356843	human:hg38	chr1	coord|human:hg38|chr1|233600912|233601228|+|356843	hc|1319	AluSx4	AluSx3	0.6759110689	0.7713985443115234	0	0
projected_train_centroid	interval|hg38|chr13|31273078|31273393|-|1041161	human:hg38	chr13	coord|human:hg38|chr13|31273078|31273393|-|1041161	hc|1325	AluSx4	AluSx4	0.7299668789	0.7713985443115234	0	1
projected_train_centroid	interval|hg38|chr11|79917066|79917381|-|712432	human:hg38	chr11	coord|human:hg38|chr11|79917066|79917381|-|712432	hc|1326	AluSx4	AluSx3	0.6618949175	0.7713985443115234	0	0
projected_train_centroid	interval|hg38|chr1|65152384|65152698|-|130875	human:hg38	chr1	coord|human:hg38|chr1|65152384|65152698|-|130875	hc|1327	AluSx4	AluSx3	0.7808677554	0.7713985443115234	1	0
projected_train_centroid	interval|hg38|chr11|67201488|67201802|+|687399	human:hg38	chr11	coord|human:hg38|chr11|67201488|67201802|+|687399	hc|1330	AluSx4	AluJr	0.51668185	0.7713985443115234	0	0
projected_train_centroid	interval|hg38|chr1|35015935|35016248|-|70123	human:hg38	chr1	coord|human:hg38|chr1|35015935|35016248|-|70123	hc|1334	AluSx4	AluSg	0.7558888197	0.7713985443115234	0	0
projected_train_centroid	interval|hg38|chr11|46757572|46757885|-|659827	human:hg38	chr11	coord|human:hg38|chr11|46757572|46757885|-|659827	hc|1336	AluSx4	AluSx4	0.8260086179	0.7713985443115234	1	1
projected_train_centroid	interval|hg38|chr1|151445239|151445579|+|228937	human:hg38	chr1	coord|human:hg38|chr1|151445239|151445579|+|228937	hc|0247	AluSz	AluSz6	0.7182116508	0.7713985443115234	0	0
projected_train_centroid	interval|hg38|chr1|43264328|43264664|-|87468	human:hg38	chr1	coord|human:hg38|chr1|43264328|43264664|-|87468	hc|0255	AluSz	AluSx	0.6533913612	0.7713985443115234	0	0
projected_train_centroid	interval|hg38|chr1|39149251|39149587|+|78849	human:hg38	chr1	coord|human:hg38|chr1|39149251|39149587|+|78849	hc|0257	AluSz	AluY	0.5943543315	0.7713985443115234	0	0
projected_train_centroid	interval|hg38|chr11|65509129|65509463|-|683570	human:hg38	chr11	coord|human:hg38|chr11|65509129|65509463|-|683570	hc|0262	AluSz	AluSq	0.5700308084	0.7713985443115234	0	0
projected_train_centroid	interval|hg38|chr1|34812663|34812995|+|69705	human:hg38	chr1	coord|human:hg38|chr1|34812663|34812995|+|69705	hc|0270	AluSz	AluSz	0.5536757708	0.7713985443115234	0	1
projected_train_centroid	interval|hg38|chr1|64920259|64920602|+|130343	human:hg38	chr1	coord|human:hg38|chr1|64920259|64920602|+|130343	hc|0548	AluSz6	AluJr4	0.7044337988	0.7713985443115234	0	0
projected_train_centroid	interval|hg38|chr1|151214341|151214680|-|228444	human:hg38	chr1	coord|human:hg38|chr1|151214341|151214680|-|228444	hc|0552	AluSz6	AluSq2	0.4923265874	0.7713985443115234	0	0
projected_train_centroid	interval|hg38|chr11|32925494|32925826|-|637504	human:hg38	chr11	coord|human:hg38|chr11|32925494|32925826|-|637504	hc|0563	AluSz6	AluSx	0.6774008274	0.7713985443115234	0	0
projected_train_centroid	interval|hg38|chr1|89693625|89693955|-|166470	human:hg38	chr1	coord|human:hg38|chr1|89693625|89693955|-|166470	hc|0569	AluSz6	AluSz	0.6755978465	0.7713985443115234	0	0
projected_train_centroid	interval|hg38|chr13|44823732|44824061|-|1061640	human:hg38	chr13	coord|human:hg38|chr13|44823732|44824061|-|1061640	hc|0570	AluSz6	AluSz	0.6246297956	0.7713985443115234	0	0
projected_train_centroid	interval|hg38|chr11|48477285|48477608|-|663453	human:hg38	chr11	coord|human:hg38|chr11|48477285|48477608|-|663453	hc|0584	AluSz6	AluJb	0.6658287048	0.7713985443115234	0	0
projected_train_centroid	interval|hg38|chr11|80437386|80437733|-|713337	human:hg38	chr11	coord|human:hg38|chr11|80437386|80437733|-|713337	hc|0161	AluY	AluSq2	0.6258767843	0.7713985443115234	0	0
projected_train_centroid	interval|hg38|chr1|85101440|85101784|+|159742	human:hg38	chr1	coord|human:hg38|chr1|85101440|85101784|+|159742	hc|0163	AluY	AluY	0.7646297216	0.7713985443115234	0	1
projected_train_centroid	interval|hg38|chr13|41739816|41740154|-|1056818	human:hg38	chr13	coord|human:hg38|chr13|41739816|41740154|-|1056818	hc|0175	AluY	AluSc8	0.7208969593	0.7713985443115234	0	0
projected_train_centroid	interval|hg38|chr1|221434071|221434409|+|336872	human:hg38	chr1	coord|human:hg38|chr1|221434071|221434409|+|336872	hc|0178	AluY	AluY	0.6860115528	0.7713985443115234	0	1
projected_train_centroid	interval|hg38|chr11|121442641|121442977|-|776778	human:hg38	chr11	coord|human:hg38|chr11|121442641|121442977|-|776778	hc|0186	AluY	AluY	0.9395843148	0.7713985443115234	1	1
projected_train_centroid	interval|hg38|chr13|76437647|76437983|+|1105147	human:hg38	chr13	coord|human:hg38|chr13|76437647|76437983|+|1105147	hc|0189	AluY	AluY	0.8614963293	0.7713985443115234	1	1
projected_train_centroid	interval|hg38|chr13|63650949|63651284|+|1088717	human:hg38	chr13	coord|human:hg38|chr13|63650949|63651284|+|1088717	hc|0191	AluY	AluY	0.7999818325	0.7713985443115234	1	1
projected_train_centroid	interval|hg38|chr1|83117210|83117545|-|156808	human:hg38	chr1	coord|human:hg38|chr1|83117210|83117545|-|156808	hc|0193	AluY	AluSc8	0.7838131189	0.7713985443115234	1	0
projected_train_centroid	interval|hg38|chr11|119609295|119609458|-|773745	human:hg38	chr11	coord|human:hg38|chr11|119609295|119609458|-|773745	hc|1140	FLAM_A	FLAM_A	0.8761410117	0.7713985443115234	1	1
projected_train_centroid	interval|hg38|chr13|89140328|89140478|-|1121240	human:hg38	chr13	coord|human:hg38|chr13|89140328|89140478|-|1121240	hc|1149	FLAM_A	FLAM_C	0.8001511693	0.7713985443115234	1	0
projected_train_centroid	interval|hg38|chr1|33296830|33296968|-|66963	human:hg38	chr1	coord|human:hg38|chr1|33296830|33296968|-|66963	hc|1161	FLAM_A	FLAM_A	0.8059834838	0.7713985443115234	1	1
projected_train_centroid	interval|hg38|chr1|118663886|118664023|+|211106	human:hg38	chr1	coord|human:hg38|chr1|118663886|118664023|+|211106	hc|1169	FLAM_A	FLAM_C	0.7911535501	0.7713985443115234	1	0
projected_train_centroid	interval|hg38|chr11|65137695|65137877|-|682748	human:hg38	chr11	coord|human:hg38|chr11|65137695|65137877|-|682748	hc|0946	FLAM_C	AluJr	0.7352175713	0.7713985443115234	0	0
projected_train_centroid	interval|hg38|chr11|90131115|90131294|+|728506	human:hg38	chr11	coord|human:hg38|chr11|90131115|90131294|+|728506	hc|0947	FLAM_C	FLAM_A	0.7582029104	0.7713985443115234	0	0
projected_train_centroid	interval|hg38|chr1|232646991|232647163|+|355335	human:hg38	chr1	coord|human:hg38|chr1|232646991|232647163|+|355335	hc|0956	FLAM_C	AluJr4	0.8062279224	0.7713985443115234	1	0
projected_train_centroid	interval|hg38|chr1|121277375|121277546|-|214919	human:hg38	chr1	coord|human:hg38|chr1|121277375|121277546|-|214919	hc|0958	FLAM_C	FLAM_C	0.9072659016	0.7713985443115234	1	1
projected_train_centroid	interval|hg38|chr1|206295864|206296035|-|313952	human:hg38	chr1	coord|human:hg38|chr1|206295864|206296035|-|313952	hc|0958	FLAM_C	FLAM_C	0.9170125127	0.7713985443115234	1	1
projected_train_centroid	interval|hg38|chr11|14744991|14745155|-|609450	human:hg38	chr11	coord|human:hg38|chr11|14744991|14745155|-|609450	hc|0968	FLAM_C	MIR3	0.6587976217	0.7713985443115234	0	0
projected_train_centroid	interval|hg38|chr13|27506531|27506693|-|1034939	human:hg38	chr13	coord|human:hg38|chr13|27506531|27506693|-|1034939	hc|0973	FLAM_C	FLAM_C	0.8180588484	0.7713985443115234	1	1
projected_train_centroid	interval|hg38|chr1|106701999|106703583|+|191553	human:hg38	chr1	coord|human:hg38|chr1|106701999|106703583|+|191553	hc|0788	L2	L2	0.957351923	0.7713985443115234	1	1
projected_train_centroid	interval|hg38|chr13|65927645|65928885|-|1091485	human:hg38	chr13	coord|human:hg38|chr13|65927645|65928885|-|1091485	hc|0799	L2	L2	0.9698813558	0.7713985443115234	1	1
projected_train_centroid	interval|hg38|chr1|164180320|164181378|-|250014	human:hg38	chr1	coord|human:hg38|chr1|164180320|164181378|-|250014	hc|0810	L2	L2	0.9403715134	0.7713985443115234	1	1
projected_train_centroid	interval|hg38|chr11|41892290|41893249|+|651076	human:hg38	chr11	coord|human:hg38|chr11|41892290|41893249|+|651076	hc|0817	L2	L2	0.9198178649	0.7713985443115234	1	1
projected_train_centroid	interval|hg38|chr1|192762415|192763343|+|292952	human:hg38	chr1	coord|human:hg38|chr1|192762415|192763343|+|292952	hc|0821	L2	L2	0.9661847353	0.7713985443115234	1	1
projected_train_centroid	interval|hg38|chr1|92907989|92908900|-|171958	human:hg38	chr1	coord|human:hg38|chr1|92907989|92908900|-|171958	hc|0824	L2	L2	0.9666348696	0.7713985443115234	1	1
projected_train_centroid	interval|hg38|chr1|175559963|175561216|-|267617	human:hg38	chr1	coord|human:hg38|chr1|175559963|175561216|-|267617	hc|0865	L3	L3	0.8554006815	0.7713985443115234	1	1
projected_train_centroid	interval|hg38|chr1|115376060|115377031|+|205871	human:hg38	chr1	coord|human:hg38|chr1|115376060|115377031|+|205871	hc|0866	L3	L3	0.9025709629	0.7713985443115234	1	1
projected_train_centroid	interval|hg38|chr13|94943214|94944182|+|1128855	human:hg38	chr13	coord|human:hg38|chr13|94943214|94944182|+|1128855	hc|0867	L3	L3	0.8879791498	0.7713985443115234	1	1
projected_train_centroid	interval|hg38|chr1|221560476|221561234|+|337077	human:hg38	chr1	coord|human:hg38|chr1|221560476|221561234|+|337077	hc|0877	L3	L3	0.8658518791	0.7713985443115234	1	1
projected_train_centroid	interval|hg38|chr1|60068299|60068986|-|121401	human:hg38	chr1	coord|human:hg38|chr1|60068299|60068986|-|121401	hc|0882	L3	L3	0.9163893461	0.7713985443115234	1	1
projected_train_centroid	interval|hg38|chr1|185491905|185492543|-|283713	human:hg38	chr1	coord|human:hg38|chr1|185491905|185492543|-|283713	hc|0890	L3	L3	0.8657916784	0.7713985443115234	1	1
projected_train_centroid	interval|hg38|chr13|32448237|32448846|+|1042915	human:hg38	chr13	coord|human:hg38|chr13|32448237|32448846|+|1042915	hc|0897	L3	L3	0.9507517815	0.7713985443115234	1	1
projected_train_centroid	interval|hg38|chr13|26132818|26133008|-|1032488	human:hg38	chr13	coord|human:hg38|chr13|26132818|26133008|-|1032488	hc|1025	MER5A	MER5A	0.9013009071	0.7713985443115234	1	1
projected_train_centroid	interval|hg38|chr1|116173109|116173298|-|207142	human:hg38	chr1	coord|human:hg38|chr1|116173109|116173298|-|207142	hc|1034	MER5A	MER5A	0.87540555	0.7713985443115234	1	1
projected_train_centroid	interval|hg38|chr13|109330217|109330406|+|1149011	human:hg38	chr13	coord|human:hg38|chr13|109330217|109330406|+|1149011	hc|1039	MER5A	MER5A	0.8392578363	0.7713985443115234	1	1
projected_train_centroid	interval|hg38|chr11|37688484|37688673|+|645340	human:hg38	chr11	coord|human:hg38|chr11|37688484|37688673|+|645340	hc|1043	MER5A	MER5A	0.8277614713	0.7713985443115234	1	1
projected_train_centroid	interval|hg38|chr11|87960158|87960346|-|725499	human:hg38	chr11	coord|human:hg38|chr11|87960158|87960346|-|725499	hc|1052	MER5A	MER5A	0.8907442093	0.7713985443115234	1	1
projected_train_centroid	interval|hg38|chr11|79244051|79244239|-|711160	human:hg38	chr11	coord|human:hg38|chr11|79244051|79244239|-|711160	hc|1059	MER5A	MIR3	0.8361358047	0.7713985443115234	1	0
projected_train_centroid	interval|hg38|chr11|17682878|17683214|-|614237	human:hg38	chr11	coord|human:hg38|chr11|17682878|17683214|-|614237	hc|0120	MIR	MIRb	0.8883391023	0.7713985443115234	1	0
projected_train_centroid	interval|hg38|chr1|205488833|205489105|+|312550	human:hg38	chr1	coord|human:hg38|chr1|205488833|205489105|+|312550	hc|0124	MIR	MIR	0.8532429338	0.7713985443115234	1	1
projected_train_centroid	interval|hg38|chr13|60851003|60851268|-|1085231	human:hg38	chr13	coord|human:hg38|chr13|60851003|60851268|-|1085231	hc|0130	MIR	MIR	0.8294609785	0.7713985443115234	1	1
projected_train_centroid	interval|hg38|chr1|204487958|204488223|-|310684	human:hg38	chr1	coord|human:hg38|chr1|204487958|204488223|-|310684	hc|0131	MIR	MIR	0.8636882305	0.7713985443115234	1	1
projected_train_centroid	interval|hg38|chr1|178263260|178263524|-|271633	human:hg38	chr1	coord|human:hg38|chr1|178263260|178263524|-|271633	hc|0135	MIR	MIR	0.8468681574	0.7713985443115234	1	1
projected_train_centroid	interval|hg38|chr1|201087144|201087407|-|304438	human:hg38	chr1	coord|human:hg38|chr1|201087144|201087407|-|304438	hc|0138	MIR	MIR	0.8976867795	0.7713985443115234	1	1
projected_train_centroid	interval|hg38|chr1|195834144|195834407|+|297028	human:hg38	chr1	coord|human:hg38|chr1|195834144|195834407|+|297028	hc|0141	MIR	MIRb	0.6338991523	0.7713985443115234	0	0
projected_train_centroid	interval|hg38|chr11|120146407|120146670|-|774610	human:hg38	chr11	coord|human:hg38|chr11|120146407|120146670|-|774610	hc|0142	MIR	MIRb	0.8318960667	0.7713985443115234	1	0
projected_train_centroid	interval|hg38|chr1|115260156|115260418|+|205716	human:hg38	chr1	coord|human:hg38|chr1|115260156|115260418|+|205716	hc|0145	MIR	MIR	0.8168483377	0.7713985443115234	1	1
projected_train_centroid	interval|hg38|chr1|157997127|157997389|+|240588	human:hg38	chr1	coord|human:hg38|chr1|157997127|157997389|+|240588	hc|0146	MIR	MIR	0.7960476875	0.7713985443115234	1	1
projected_train_centroid	interval|hg38|chr13|39790122|39790383|+|1053620	human:hg38	chr13	coord|human:hg38|chr13|39790122|39790383|+|1053620	hc|0154	MIR	MIRc	0.8482623696	0.7713985443115234	1	0
projected_train_centroid	interval|hg38|chr1|10787039|10787260|-|16483	human:hg38	chr1	coord|human:hg38|chr1|10787039|10787260|-|16483	hc|0507	MIR3	MIR3	0.7616137266	0.7713985443115234	0	1
projected_train_centroid	interval|hg38|chr11|72088660|72088881|+|695954	human:hg38	chr11	coord|human:hg38|chr11|72088660|72088881|+|695954	hc|0509	MIR3	MIR3	0.8378151655	0.7713985443115234	1	1
projected_train_centroid	interval|hg38|chr11|92345709|92345926|+|731517	human:hg38	chr11	coord|human:hg38|chr11|92345709|92345926|+|731517	hc|0511	MIR3	MIRc	0.7434996367	0.7713985443115234	0	0
projected_train_centroid	interval|hg38|chr1|156965347|156965560|+|239002	human:hg38	chr1	coord|human:hg38|chr1|156965347|156965560|+|239002	hc|0514	MIR3	MIR3	0.8348736763	0.7713985443115234	1	1
projected_train_centroid	interval|hg38|chr13|40350403|40350604|+|1054403	human:hg38	chr13	coord|human:hg38|chr13|40350403|40350604|+|1054403	hc|0538	MIR3	MIR3	0.7833707333	0.7713985443115234	1	1
projected_train_centroid	interval|hg38|chr11|40320570|40320771|+|648820	human:hg38	chr11	coord|human:hg38|chr11|40320570|40320771|+|648820	hc|0539	MIR3	MIRb	0.776725769	0.7713985443115234	1	0
projected_train_centroid	interval|hg38|chr11|26633262|26633462|-|627690	human:hg38	chr11	coord|human:hg38|chr11|26633262|26633462|-|627690	hc|0541	MIR3	MIRc	0.8311510086	0.7713985443115234	1	0
projected_train_centroid	interval|hg38|chr11|130436464|130436664|-|790637	human:hg38	chr11	coord|human:hg38|chr11|130436464|130436664|-|790637	hc|0542	MIR3	MIR3	0.8258344531	0.7713985443115234	1	1
projected_train_centroid	interval|hg38|chr1|56039075|56039274|+|113524	human:hg38	chr1	coord|human:hg38|chr1|56039075|56039274|+|113524	hc|0543	MIR3	MIR3	0.8886540532	0.7713985443115234	1	1
projected_train_centroid	interval|hg38|chr1|57401601|57401800|-|116197	human:hg38	chr1	coord|human:hg38|chr1|57401601|57401800|-|116197	hc|0546	MIR3	MIR3	0.8300769329	0.7713985443115234	1	1
projected_train_centroid	interval|hg38|chr1|17595764|17596060|-|30300	human:hg38	chr1	coord|human:hg38|chr1|17595764|17596060|-|30300	hc|0001	MIRb	MIR	0.7330570221	0.7713985443115234	0	0
projected_train_centroid	interval|hg38|chr1|118110852|118111117|+|210369	human:hg38	chr1	coord|human:hg38|chr1|118110852|118111117|+|210369	hc|0004	MIRb	MIR	0.8896206617	0.7713985443115234	1	0
projected_train_centroid	interval|hg38|chr1|177770561|177770824|+|270820	human:hg38	chr1	coord|human:hg38|chr1|177770561|177770824|+|270820	hc|0006	MIRb	MIR3	0.8221204281	0.7713985443115234	1	0
projected_train_centroid	interval|hg38|chr1|30049395|30049656|+|59400	human:hg38	chr1	coord|human:hg38|chr1|30049395|30049656|+|59400	hc|0013	MIRb	MIR	0.8584518433	0.7713985443115234	1	0
projected_train_centroid	interval|hg38|chr1|49173199|49173460|-|99040	human:hg38	chr1	coord|human:hg38|chr1|49173199|49173460|-|99040	hc|0014	MIRb	MIRc	0.837621212	0.7713985443115234	1	0
projected_train_centroid	interval|hg38|chr1|215812855|215813114|+|328988	human:hg38	chr1	coord|human:hg38|chr1|215812855|215813114|+|328988	hc|0023	MIRb	MIRc	0.83565557	0.7713985443115234	1	0
projected_train_centroid	interval|hg38|chr1|48485253|48485511|-|97699	human:hg38	chr1	coord|human:hg38|chr1|48485253|48485511|-|97699	hc|0030	MIRb	MIRb	0.8892919421	0.7713985443115234	1	1
projected_train_centroid	interval|hg38|chr1|15146959|15147216|+|25032	human:hg38	chr1	coord|human:hg38|chr1|15146959|15147216|+|25032	hc|0039	MIRb	MIR	0.8767191172	0.7713985443115234	1	0
projected_train_centroid	interval|hg38|chr1|18409434|18409690|+|32027	human:hg38	chr1	coord|human:hg38|chr1|18409434|18409690|+|32027	hc|0365	MIRc	MIRc	0.7762240767	0.7713985443115234	1	1
projected_train_centroid	interval|hg38|chr1|154518952|154519205|+|234180	human:hg38	chr1	coord|human:hg38|chr1|154518952|154519205|+|234180	hc|0375	MIRc	MIRc	0.8673872352	0.7713985443115234	1	1
projected_train_centroid	interval|hg38|chr11|86787791|86788042|-|723650	human:hg38	chr11	coord|human:hg38|chr11|86787791|86788042|-|723650	hc|0388	MIRc	MIRc	0.8151371479	0.7713985443115234	1	1
projected_train_centroid	interval|hg38|chr11|109649300|109649551|+|756882	human:hg38	chr11	coord|human:hg38|chr11|109649300|109649551|+|756882	hc|0389	MIRc	MIRc	0.760127306	0.7713985443115234	0	1
projected_train_centroid	interval|hg38|chr13|93594630|93595001|-|1126968	human:hg38	chr13	coord|human:hg38|chr13|93594630|93595001|-|1126968	hc|1180	MLT1A0	MLT1A0	0.7494167089	0.7713985443115234	0	1
projected_train_centroid	interval|hg38|chr11|80422277|80422648|-|713307	human:hg38	chr11	coord|human:hg38|chr11|80422277|80422648|-|713307	hc|1182	MLT1A0	MLT1A0	0.8705548644	0.7713985443115234	1	1
projected_train_centroid	interval|hg38|chr11|103361120|103361490|+|747247	human:hg38	chr11	coord|human:hg38|chr11|103361120|103361490|+|747247	hc|1186	MLT1A0	MLT1A0	0.935813725	0.7713985443115234	1	1
projected_train_centroid	interval|hg38|chr1|230776034|230776402|-|352429	human:hg38	chr1	coord|human:hg38|chr1|230776034|230776402|-|352429	hc|1195	MLT1A0	MLT1A0	0.8585109115	0.7713985443115234	1	1
projected_train_centroid	interval|hg38|chr13|93104826|93105194|+|1126379	human:hg38	chr13	coord|human:hg38|chr13|93104826|93105194|+|1126379	hc|1197	MLT1A0	MIR3	0.7422020435	0.7713985443115234	0	0
projected_train_centroid	interval|hg38|chr11|11511587|11511955|+|604100	human:hg38	chr11	coord|human:hg38|chr11|11511587|11511955|+|604100	hc|1204	MLT1A0	MLT1A0	0.8208925724	0.7713985443115234	1	1
projected_train_centroid	interval|hg38|chr1|216537061|216537429|+|329857	human:hg38	chr1	coord|human:hg38|chr1|216537061|216537429|+|329857	hc|1205	MLT1A0	MLT1A0	0.8862214088	0.7713985443115234	1	1
projected_train_centroid	interval|hg38|chr1|233552614|233552982|+|356749	human:hg38	chr1	coord|human:hg38|chr1|233552614|233552982|+|356749	hc|1206	MLT1A0	MLT1A0	0.9368572235	0.7713985443115234	1	1
projected_train_centroid	interval|hg38|chr13|74861844|74862212|+|1102905	human:hg38	chr13	coord|human:hg38|chr13|74861844|74862212|+|1102905	hc|1209	MLT1A0	MLT1A0	0.9423418045	0.7713985443115234	1	1
projected_train_centroid	interval|hg38|chr1|39271118|39271551|-|79084	human:hg38	chr1	coord|human:hg38|chr1|39271118|39271551|-|79084	hc|1103	MSTA	MSTA	0.9069632292	0.7713985443115234	1	1
projected_train_centroid	interval|hg38|chr1|158504271|158504703|-|241301	human:hg38	chr1	coord|human:hg38|chr1|158504271|158504703|-|241301	hc|1104	MSTA	MSTA	0.8866268992	0.7713985443115234	1	1
projected_train_centroid	interval|hg38|chr1|70425502|70425933|-|139372	human:hg38	chr1	coord|human:hg38|chr1|70425502|70425933|-|139372	hc|1107	MSTA	MSTA	0.8944858313	0.7713985443115234	1	1
projected_train_centroid	interval|hg38|chr11|27261709|27262139|-|628626	human:hg38	chr11	coord|human:hg38|chr11|27261709|27262139|-|628626	hc|1110	MSTA	MSTA	0.9120956659	0.7713985443115234	1	1
projected_train_centroid	interval|hg38|chr1|6855251|6855679|-|8968	human:hg38	chr1	coord|human:hg38|chr1|6855251|6855679|-|8968	hc|1116	MSTA	MSTA	0.8284747601	0.7713985443115234	1	1
projected_train_centroid	interval|hg38|chr1|165081178|165081604|-|251271	human:hg38	chr1	coord|human:hg38|chr1|165081178|165081604|-|251271	hc|1125	MSTA	MSTA	0.920887351	0.7713985443115234	1	1
projected_train_centroid	interval|hg38|chr1|16778473|16778899|-|28488	human:hg38	chr1	coord|human:hg38|chr1|16778473|16778899|-|28488	hc|1127	MSTA	MSTA	0.9447158575	0.7713985443115234	1	1
projected_train_centroid	interval|hg38|chr1|234803657|234804083|+|358716	human:hg38	chr1	coord|human:hg38|chr1|234803657|234804083|+|358716	hc|1127	MSTA	MSTA	0.9475922585	0.7713985443115234	1	1
projected_train_centroid	interval|hg38|chr1|72838319|72838745|+|142592	human:hg38	chr1	coord|human:hg38|chr1|72838319|72838745|+|142592	hc|1130	MSTA	MSTA	0.9194940329	0.7713985443115234	1	1
projected_train_centroid	interval|hg38|chr1|227426183|227426609|-|347368	human:hg38	chr1	coord|human:hg38|chr1|227426183|227426609|-|347368	hc|1133	MSTA	MSTA	0.9606416225	0.7713985443115234	1	1
projected_train_centroid	interval|hg38|chr13|110764425|110764851|+|1150752	human:hg38	chr13	coord|human:hg38|chr13|110764425|110764851|+|1150752	hc|1134	MSTA	MSTA	0.9349480867	0.7713985443115234	1	1
projected_train_centroid	interval|hg38|chr1|231876067|231876493|+|354328	human:hg38	chr1	coord|human:hg38|chr1|231876067|231876493|+|354328	hc|1138	MSTA	MSTA	0.9389080405	0.7713985443115234	1	1
projected_train_centroid	interval|hg38|chr1|223046494|223046863|-|339402	human:hg38	chr1	coord|human:hg38|chr1|223046494|223046863|-|339402	hc|1385	THE1B	THE1B	0.9284842014	0.7713985443115234	1	1
projected_train_centroid	interval|hg38|chr1|49187824|49188193|+|99070	human:hg38	chr1	coord|human:hg38|chr1|49187824|49188193|+|99070	hc|1387	THE1B	THE1B	0.9579583406	0.7713985443115234	1	1
projected_train_centroid	interval|hg38|chr1|235008729|235009098|-|359088	human:hg38	chr1	coord|human:hg38|chr1|235008729|235009098|-|359088	hc|1393	THE1B	THE1B	0.9719049335	0.7713985443115234	1	1
projected_train_centroid	interval|hg38|chr13|55835770|55836139|+|1078771	human:hg38	chr13	coord|human:hg38|chr13|55835770|55836139|+|1078771	hc|1396	THE1B	THE1B	0.9189522862	0.7713985443115234	1	1
projected_train_centroid	interval|hg38|chr13|65203411|65203780|+|1090603	human:hg38	chr13	coord|human:hg38|chr13|65203411|65203780|+|1090603	hc|1398	THE1B	THE1B	0.9573985338	0.7713985443115234	1	1
projected_train_centroid	interval|hg38|chr13|103267225|103267594|+|1141746	human:hg38	chr13	coord|human:hg38|chr13|103267225|103267594|+|1141746	hc|1399	THE1B	THE1B	0.9391436577	0.7713985443115234	1	1
projected_train_centroid	interval|hg38|chr1|78120524|78120892|-|150333	human:hg38	chr1	coord|human:hg38|chr1|78120524|78120892|-|150333	hc|1402	THE1B	THE1B	0.929957211	0.7713985443115234	1	1
projected_train_centroid	interval|hg38|chr13|32104654|32105022|+|1042390	human:hg38	chr13	coord|human:hg38|chr13|32104654|32105022|+|1042390	hc|1409	THE1B	THE1B	0.906673491	0.7713985443115234	1	1
