source	model	species	te_f1	anchor_type	species_group	panel	n_chrom	sd_te_f1	stage	label_jaccard	ucsc_bp_covered_by_self	self_bp_covered_by_ucsc	self_merged_bp	ucsc_merged_bp	target_gc	distance_mya_proxy	log_distance_mya	same_group_anchor	genome_size_bp	contig_count	max_contig_bp	assembly_n50_bp	assembly_l50	n_fraction	sampled_gc	kmer_sampled_bases	log_genome_size_bp	log_contig_count	log_assembly_n50_bp	log_max_contig_bp	kmer_js_to_anchor_proto	kmer_cosine_to_anchor_proto	feature_set	split	pred_te_f1	rf_tree_sd	abs_error	fold_ok
calib_anchor	cross_supervised_4096	brachypodium	0.8175422271365038	cross	plant	nan	nan	nan	cross_supervised_to_plant_fine	0.101164	0.1029	0.857087	5277523	43958318	0.45561279296875	1500.0	3.1760912590556813	0	271298618	11	75071545	59130575	3	0.0	0.454488	1000000	8.433447581463392	1.041392685158225	7.771812102204127	7.875475353898488	0.0693259415010997	0.0175357229218507	baseline_deployable	leave_species_out	0.8283796628206025	0.14137474011537046	0.010837435684098673	True
calib_anchor	plant_supervised_4096	brachypodium	0.7765195434514967	plant	plant	nan	nan	nan	plant_supervised_to_plant_fine	0.101164	0.1029	0.857087	5277523	43958318	0.45561279296875	1500.0	3.1760912590556813	1	271298618	11	75071545	59130575	3	0.0	0.454488	1000000	8.433447581463392	1.041392685158225	7.771812102204127	7.875475353898488	0.0392954852174674	0.0046023125549394	baseline_deployable	leave_species_out	0.8413871819105795	0.1478994103471161	0.06486763845908283	True
calib_anchor	insect_no_beetle_4096	brachypodium	0.4502561696769175	insect	plant	nan	nan	nan	insect_no_beetle_to_plant_fine	0.101164	0.1029	0.857087	5277523	43958318	0.45561279296875	1500.0	3.1760912590556813	0	271298618	11	75071545	59130575	3	0.0	0.454488	1000000	8.433447581463392	1.041392685158225	7.771812102204127	7.875475353898488	0.142514717076787	0.0564627585782296	baseline_deployable	leave_species_out	0.7107525829930192	0.15260577986526175	0.26049641331610174	True
calib_anchor	TFREPAIR_invert_boost_animal_4096_seed42	brachypodium	0.4333898332380484	animal	plant	nan	nan	nan	animal_invert_boost_to_plant_fine	0.101164	0.1029	0.857087	5277523	43958318	0.45561279296875	1500.0	3.1760912590556813	0	271298618	11	75071545	59130575	3	0.0	0.454488	1000000	8.433447581463392	1.041392685158225	7.771812102204127	7.875475353898488	0.1040889363124293	0.0363524838017522	baseline_deployable	leave_species_out	0.7540488682149398	0.158871961248379	0.32065903497689136	True
supp_h0_transfer	ntv2_500m_H0_w4096	brachypodium	0.3212749242452583	human_h0_ntv2_500m	plant	nan	nan	nan	transfer_BC_w4096	0.101164	0.1029	0.857087	5277523	43958318	0.45561279296875	1500.0	3.1760912590556813	0	271298618	11	75071545	59130575	3	0.0	0.454488	1000000	8.433447581463392	1.041392685158225	7.771812102204127	7.875475353898488	0.2268185746895572	0.1337656475000112	baseline_deployable	leave_species_out	0.46533382614016333	0.21400804296426013	0.14405890189490506	True
final_errorbar	ntv2_250m_w4096	brachypodium	0.2929663405760741	human_h0_ntv2_250m	plant	plant_fine	3.0	0.0156920332833043	nan	0.101164	0.1029	0.857087	5277523	43958318	0.45561279296875	1500.0	3.1760912590556813	0	271298618	11	75071545	59130575	3	0.0	0.454488	1000000	8.433447581463392	1.041392685158225	7.771812102204127	7.875475353898488	0.2268185746895572	0.1337656475000112	baseline_deployable	leave_species_out	0.4230300448009348	0.2081914167648382	0.1300637042248607	True
final_errorbar	ntv3_100m_pre_w2048	brachypodium	0.2073934705084866	human_h0_ntv3_100m	plant	plant_fine	3.0	0.0683970400854424	nan	0.101164	0.1029	0.857087	5277523	43958318	0.45561279296875	1500.0	3.1760912590556813	0	271298618	11	75071545	59130575	3	0.0	0.454488	1000000	8.433447581463392	1.041392685158225	7.771812102204127	7.875475353898488	0.2268185746895572	0.1337656475000112	baseline_deployable	leave_species_out	0.5568140161531829	0.1320411107376395	0.3494205456446963	True
anchor_anchor	TFREPAIR_invert_boost_animal_4096_seed42	c_elegans	0.9053972034713066	animal	other	nan	nan	nan	animal_invert_boost_to_insect_fine	0.833784	0.964483	0.860195	10289793	9177183	0.3579248046875	900.0	2.9542425094393248	0	100286401	7	20924180	17493829	3	0.0	0.371376	1000000	8.001242045970857	0.8450980400142568	7.242884877035624	7.320648447384384	0.1443799983785652	0.0775729844697248	baseline_deployable	leave_species_out	0.5054103632181733	0.3063048031086065	0.39998684025313325	True
anchor_anchor	cross_supervised_4096	c_elegans	0.8952111633807284	cross	other	nan	nan	nan	cross_supervised_to_insect_fine	0.833784	0.964483	0.860195	10289793	9177183	0.3579248046875	900.0	2.9542425094393248	0	100286401	7	20924180	17493829	3	0.0	0.371376	1000000	8.001242045970857	0.8450980400142568	7.242884877035624	7.320648447384384	0.1533616551705707	0.0962183394831955	baseline_deployable	leave_species_out	0.5760687881271201	0.2827213717556996	0.3191423752536082	True
anchor_anchor	insect_primary_4096	c_elegans	0.8945547202059512	insect	other	nan	nan	nan	insect_primary_to_insect_fine	0.833784	0.964483	0.860195	10289793	9177183	0.3579248046875	900.0	2.9542425094393248	0	100286401	7	20924180	17493829	3	0.0	0.371376	1000000	8.001242045970857	0.8450980400142568	7.242884877035624	7.320648447384384	0.1475085510847136	0.0895808950573151	baseline_deployable	leave_species_out	0.3963455125924481	0.27045873149320215	0.49820920761350307	True
anchor_anchor	insect_no_beetle_4096	c_elegans	0.5383685302773058	insect	other	nan	nan	nan	insect_no_beetle_to_insect_fine	0.833784	0.964483	0.860195	10289793	9177183	0.3579248046875	900.0	2.9542425094393248	0	100286401	7	20924180	17493829	3	0.0	0.371376	1000000	8.001242045970857	0.8450980400142568	7.242884877035624	7.320648447384384	0.1475085510847136	0.0895808950573151	baseline_deployable	leave_species_out	0.3963455125924481	0.27045873149320215	0.1420230176848577	True
supp_h0_transfer	ntv2_500m_H0_w4096	c_elegans	0.345012472034356	human_h0_ntv2_500m	other	nan	nan	nan	transfer_BC_w4096	0.833784	0.964483	0.860195	10289793	9177183	0.3579248046875	900.0	2.9542425094393248	0	100286401	7	20924180	17493829	3	0.0	0.371376	1000000	8.001242045970857	0.8450980400142568	7.242884877035624	7.320648447384384	0.3448736563265228	0.3498680780416765	baseline_deployable	leave_species_out	0.3583845906290364	0.2985389925426906	0.013372118594680404	True
final_errorbar	ntv3_100m_pre_w2048	c_elegans	0.2604444021620859	human_h0_ntv3_100m	other	animal_fine	3.0	0.0215523139867919	nan	0.833784	0.964483	0.860195	10289793	9177183	0.3579248046875	900.0	2.9542425094393248	0	100286401	7	20924180	17493829	3	0.0	0.371376	1000000	8.001242045970857	0.8450980400142568	7.242884877035624	7.320648447384384	0.3448736563265228	0.3498680780416765	baseline_deployable	leave_species_out	0.3695930576295466	0.29499680742931983	0.10914865546746066	True
final_errorbar	ntv2_250m_w4096	c_elegans	0.1426005332526109	human_h0_ntv2_250m	other	animal_fine	3.0	0.0303152737505588	nan	0.833784	0.964483	0.860195	10289793	9177183	0.3579248046875	900.0	2.9542425094393248	0	100286401	7	20924180	17493829	3	0.0	0.371376	1000000	8.001242045970857	0.8450980400142568	7.242884877035624	7.320648447384384	0.3448736563265228	0.3498680780416765	baseline_deployable	leave_species_out	0.34174152153851284	0.29374192675772753	0.19914098828590193	True
calib_anchor	TFREPAIR_invert_boost_animal_4096_seed42	cattle	0.9216935615407684	animal	vertebrate	nan	nan	nan	animal_invert_boost_to_cross_eval	0.48001	0.488924	0.963405	641516843	1264081324	nan	96.0	1.9822712330395684	1	2715853792	2211	158534110	103308737	12	0.0	0.438283	1000000	9.43390638599257	3.344588742578714	8.014137052114325	8.200122718862955	0.1961603645512639	0.1045802654699864	baseline_deployable	leave_species_out	0.7214916093828188	0.19414640728656696	0.20020195215794967	True
calib_anchor	cross_supervised_4096	cattle	0.9213113792693672	cross	vertebrate	nan	nan	nan	cross_supervised_to_cross_eval	0.48001	0.488924	0.963405	641516843	1264081324	nan	96.0	1.9822712330395684	0	2715853792	2211	158534110	103308737	12	0.0	0.438283	1000000	9.43390638599257	3.344588742578714	8.014137052114325	8.200122718862955	0.1898193400311859	0.0914288745666459	baseline_deployable	leave_species_out	0.728401589160528	0.1925223549639648	0.19290979010883924	True
calib_anchor	insect_no_beetle_4096	cattle	0.2681289424464008	insect	vertebrate	nan	nan	nan	insect_no_beetle_to_cross_eval	0.48001	0.488924	0.963405	641516843	1264081324	nan	96.0	1.9822712330395684	0	2715853792	2211	158534110	103308737	12	0.0	0.438283	1000000	9.43390638599257	3.344588742578714	8.014137052114325	8.200122718862955	0.2674695235796735	0.15873003482616	baseline_deployable	leave_species_out	0.3001086788147536	0.2068506871688735	0.03197973636835283	True
calib_anchor	plant_supervised_4096	cattle	0.0858809770068545	plant	vertebrate	nan	nan	nan	plant_supervised_to_cross_eval	0.48001	0.488924	0.963405	641516843	1264081324	nan	96.0	1.9822712330395684	0	2715853792	2211	158534110	103308737	12	0.0	0.438283	1000000	9.43390638599257	3.344588742578714	8.014137052114325	8.200122718862955	0.1939129743058688	0.0844629259880961	baseline_deployable	leave_species_out	0.28222454818203524	0.21823094854056316	0.19634357117518075	True
supp_h0_transfer	ntv2_500m_H0_w4096	chicken	0.8516226680157541	human_h0_ntv2_500m	vertebrate	nan	nan	nan	transfer_BC_w4096	0.391291	0.394479	0.979765	40667484	101005421	0.4113284493284493	310.0	2.4913616938342726	0	1065365425	464	197608386	91315245	4	0.0017070808916752	0.549823	1000000	9.027498598235026	2.6665179805548807	7.96054328866985	8.29580537100184	0.1448915707647146	0.0601428909585745	baseline_deployable	leave_species_out	0.5896997782459609	0.2585638417201927	0.2619228897697933	True
final_errorbar	ntv2_250m_w4096	chicken	0.843436719033926	human_h0_ntv2_250m	vertebrate	animal_fine	3.0	0.0193628216675568	nan	0.391291	0.394479	0.979765	40667484	101005421	0.4113284493284493	310.0	2.4913616938342726	0	1065365425	464	197608386	91315245	4	0.0017070808916752	0.549823	1000000	9.027498598235026	2.6665179805548807	7.96054328866985	8.29580537100184	0.1448915707647146	0.0601428909585745	baseline_deployable	leave_species_out	0.542267702557963	0.25876169430890517	0.30116901647596306	True
final_errorbar	ntv3_100m_pre_w2048	chicken	0.6195493201860316	human_h0_ntv3_100m	vertebrate	animal_fine	3.0	0.0701786703401454	nan	0.391291	0.394479	0.979765	40667484	101005421	0.4113284493284493	310.0	2.4913616938342726	0	1065365425	464	197608386	91315245	4	0.0017070808916752	0.549823	1000000	9.027498598235026	2.6665179805548807	7.96054328866985	8.29580537100184	0.1448915707647146	0.0601428909585745	baseline_deployable	leave_species_out	0.5375970676430274	0.23486769670281316	0.0819522525430042	True
anchor_anchor	insect_no_beetle_4096	fruit_fly	0.944818571090276	insect	insect	nan	nan	nan	insect_no_beetle_to_insect_fine	0.888725	0.993839	0.893648	26497161	23825911	0.494656395206652	780.0	2.8920946026904804	1	143726002	1870	32079331	25286936	3	0.0	0.441621	1000000	8.157535345055386	3.271841606536499	7.402896209379677	7.506225302690743	0.1001622488462802	0.0254297426578645	baseline_deployable	leave_species_out	0.4307083415226891	0.16727398008763153	0.5141102295675869	True
anchor_anchor	TFREPAIR_invert_boost_animal_4096_seed42	fruit_fly	0.9437257723304636	animal	insect	nan	nan	nan	animal_invert_boost_to_insect_fine	0.888725	0.993839	0.893648	26497161	23825911	0.494656395206652	780.0	2.8920946026904804	1	143726002	1870	32079331	25286936	3	0.0	0.441621	1000000	8.157535345055386	3.271841606536499	7.402896209379677	7.506225302690743	0.0783631596802407	0.0157474491106001	baseline_deployable	leave_species_out	0.06805825240988202	0.16447577475472486	0.8756675199205816	True
anchor_anchor	cross_supervised_4096	fruit_fly	0.942393180917196	cross	insect	nan	nan	nan	cross_supervised_to_insect_fine	0.888725	0.993839	0.893648	26497161	23825911	0.494656395206652	780.0	2.8920946026904804	0	143726002	1870	32079331	25286936	3	0.0	0.441621	1000000	8.157535345055386	3.271841606536499	7.402896209379677	7.506225302690743	0.0698216548368194	0.0106775865530966	baseline_deployable	leave_species_out	0.04374823246537881	0.17178203116418114	0.8986449484518172	True
anchor_anchor	insect_primary_4096	fruit_fly	0.9413841255319276	insect	insect	nan	nan	nan	insect_primary_to_insect_fine	0.888725	0.993839	0.893648	26497161	23825911	0.494656395206652	780.0	2.8920946026904804	1	143726002	1870	32079331	25286936	3	0.0	0.441621	1000000	8.157535345055386	3.271841606536499	7.402896209379677	7.506225302690743	0.1001622488462802	0.0254297426578645	baseline_deployable	leave_species_out	0.4307083415226891	0.16727398008763153	0.5106757840092385	True
supp_h0_transfer	ntv2_500m_H0_w4096	fruit_fly	0.6577990369528225	human_h0_ntv2_500m	insect	nan	nan	nan	transfer_BC_w4096	0.888725	0.993839	0.893648	26497161	23825911	0.494656395206652	780.0	2.8920946026904804	0	143726002	1870	32079331	25286936	3	0.0	0.441621	1000000	8.157535345055386	3.271841606536499	7.402896209379677	7.506225302690743	0.2474985795480165	0.15855331987712	baseline_deployable	leave_species_out	0.03470699288294321	0.14503137975955405	0.6230920440698793	True
final_errorbar	ntv2_250m_w4096	fruit_fly	0.5533233517822065	human_h0_ntv2_250m	insect	animal_fine	3.0	0.0128215769678409	nan	0.888725	0.993839	0.893648	26497161	23825911	0.494656395206652	780.0	2.8920946026904804	0	143726002	1870	32079331	25286936	3	0.0	0.441621	1000000	8.157535345055386	3.271841606536499	7.402896209379677	7.506225302690743	0.2474985795480165	0.15855331987712	baseline_deployable	leave_species_out	0.03228739430824139	0.13684616634580332	0.5210359574739651	True
final_errorbar	ntv3_100m_pre_w2048	fruit_fly	0.4822229619104726	human_h0_ntv3_100m	insect	animal_fine	3.0	0.1825771233602698	nan	0.888725	0.993839	0.893648	26497161	23825911	0.494656395206652	780.0	2.8920946026904804	0	143726002	1870	32079331	25286936	3	0.0	0.441621	1000000	8.157535345055386	3.271841606536499	7.402896209379677	7.506225302690743	0.2474985795480165	0.15855331987712	baseline_deployable	leave_species_out	0.03549607720775456	0.14432453995469016	0.44672688470271804	True
calib_anchor	cross_supervised_4096	horse	0.8925601404845789	cross	vertebrate	nan	nan	nan	cross_supervised_to_cross_eval	0.791397	0.812579	0.968112	892563554	1063406667	nan	96.0	1.9822712330395684	0	188260577	1	188260577	188260577	1	0.0010189606601266	0.517305	1000000	8.27475938542357	0.0	8.27475938542357	8.27475938542357	0.2072733615749962	0.1175416603257882	baseline_deployable	leave_species_out	0.7191012089653074	0.20320775027572563	0.1734589315192715	True
calib_anchor	TFREPAIR_invert_boost_animal_4096_seed42	horse	0.8913728851560259	animal	vertebrate	nan	nan	nan	animal_invert_boost_to_cross_eval	0.791397	0.812579	0.968112	892563554	1063406667	nan	96.0	1.9822712330395684	1	188260577	1	188260577	188260577	1	0.0010189606601266	0.517305	1000000	8.27475938542357	0.0	8.27475938542357	8.27475938542357	0.2056004978397222	0.1203089942757705	baseline_deployable	leave_species_out	0.7241285018382306	0.19892498416516258	0.16724438331779523	True
calib_anchor	insect_no_beetle_4096	horse	0.1869044858967403	insect	vertebrate	nan	nan	nan	insect_no_beetle_to_cross_eval	0.791397	0.812579	0.968112	892563554	1063406667	nan	96.0	1.9822712330395684	0	188260577	1	188260577	188260577	1	0.0010189606601266	0.517305	1000000	8.27475938542357	0.0	8.27475938542357	8.27475938542357	0.2746396996501602	0.1850487156640525	baseline_deployable	leave_species_out	0.32042293511823094	0.20564027535735951	0.13351844922149064	True
calib_anchor	plant_supervised_4096	horse	0.1025602154105038	plant	vertebrate	nan	nan	nan	plant_supervised_to_cross_eval	0.791397	0.812579	0.968112	892563554	1063406667	nan	96.0	1.9822712330395684	0	188260577	1	188260577	188260577	1	0.0010189606601266	0.517305	1000000	8.27475938542357	0.0	8.27475938542357	8.27475938542357	0.2026925587860898	0.1042618889160033	baseline_deployable	leave_species_out	0.27637901985384566	0.21101841529455442	0.17381880444334186	True
supp_h0_transfer	ntv2_500m_H0_w4096	human	0.961411324419745	human_h0_ntv2_500m	vertebrate	nan	nan	nan	transfer_BC_w4096	0.948128	0.966802	0.980034	1410192187	1429492481	nan	6.0	0.7781512503836436	0	248387328	1	248387328	248387328	1	0.0	0.550911	1000000	8.395129435626702	0.0	8.395129435626702	8.395129435626702	0.0	-2.220446049250313e-16	baseline_deployable	leave_species_out	0.3614078820951276	0.2712502515034639	0.6000034423246174	True
calib_anchor	TFREPAIR_invert_boost_animal_4096_seed42	human	0.904946115719272	animal	vertebrate	nan	nan	nan	animal_invert_boost_to_cross_eval	0.948128	0.966802	0.980034	1410192187	1429492481	nan	6.0	0.7781512503836436	1	248387328	1	248387328	248387328	1	0.0	0.550911	1000000	8.395129435626702	0.0	8.395129435626702	8.395129435626702	0.2473971321688795	0.1687976905989935	baseline_deployable	leave_species_out	0.7357379917699809	0.19735713803565713	0.16920812394929108	True
calib_anchor	cross_supervised_4096	human	0.9023446184329426	cross	vertebrate	nan	nan	nan	cross_supervised_to_cross_eval	0.948128	0.966802	0.980034	1410192187	1429492481	nan	6.0	0.7781512503836436	0	248387328	1	248387328	248387328	1	0.0	0.550911	1000000	8.395129435626702	0.0	8.395129435626702	8.395129435626702	0.249220227348776	0.1685880996034323	baseline_deployable	leave_species_out	0.7277154573222392	0.20013245135860286	0.17462916111070337	True
calib_anchor	insect_no_beetle_4096	human	0.1477908337777611	insect	vertebrate	nan	nan	nan	insect_no_beetle_to_cross_eval	0.948128	0.966802	0.980034	1410192187	1429492481	nan	6.0	0.7781512503836436	0	248387328	1	248387328	248387328	1	0.0	0.550911	1000000	8.395129435626702	0.0	8.395129435626702	8.395129435626702	0.3042605063379114	0.2325830037417954	baseline_deployable	leave_species_out	0.30538373466132707	0.21093469771774329	0.15759290088356598	True
calib_anchor	plant_supervised_4096	human	0.1214275571269181	plant	vertebrate	nan	nan	nan	plant_supervised_to_cross_eval	0.948128	0.966802	0.980034	1410192187	1429492481	nan	6.0	0.7781512503836436	0	248387328	1	248387328	248387328	1	0.0	0.550911	1000000	8.395129435626702	0.0	8.395129435626702	8.395129435626702	0.242491599474234	0.153922806418943	baseline_deployable	leave_species_out	0.25020381413194154	0.21817170241692554	0.12877625700502343	True
calib_anchor	TFREPAIR_invert_boost_animal_4096_seed42	lizard	0.2416400416987031	animal	vertebrate	nan	nan	nan	animal_invert_boost_to_cross_eval	0.038956	0.053715	0.12417	41691771	96375917	nan	320.0	2.505149978319906	1	1799143587	6457	263920458	150641573	5	0.1263239468490436	0.405226	1000000	9.25506582513172	3.81003078640584	8.177944841937268	8.42147305620014	0.1334641792289605	0.0269436863730062	baseline_deployable	leave_species_out	0.6106893287696927	0.15525348328841104	0.3690492870709896	True
calib_anchor	TFREPAIR_invert_boost_animal_4096_seed42	lizard	0.2416400416987031	animal	vertebrate	nan	nan	nan	animal_invert_boost_to_stress_eval	0.038956	0.053715	0.12417	41691771	96375917	nan	320.0	2.505149978319906	1	1799143587	6457	263920458	150641573	5	0.1263239468490436	0.405226	1000000	9.25506582513172	3.81003078640584	8.177944841937268	8.42147305620014	0.1334641792289605	0.0269436863730062	baseline_deployable	leave_species_out	0.6106893287696927	0.15525348328841104	0.3690492870709896	True
anchor_anchor	TFREPAIR_invert_boost_animal_4096_seed42	lizard	0.2416400416987031	animal	vertebrate	nan	nan	nan	animal_invert_boost_to_insect_stress	0.038956	0.053715	0.12417	41691771	96375917	nan	320.0	2.505149978319906	1	1799143587	6457	263920458	150641573	5	0.1263239468490436	0.405226	1000000	9.25506582513172	3.81003078640584	8.177944841937268	8.42147305620014	0.1334641792289605	0.0269436863730062	baseline_deployable	leave_species_out	0.6106893287696927	0.15525348328841104	0.3690492870709896	True
calib_anchor	cross_supervised_4096	lizard	0.2400380045378313	cross	vertebrate	nan	nan	nan	cross_supervised_to_cross_eval	0.038956	0.053715	0.12417	41691771	96375917	nan	320.0	2.505149978319906	0	1799143587	6457	263920458	150641573	5	0.1263239468490436	0.405226	1000000	9.25506582513172	3.81003078640584	8.177944841937268	8.42147305620014	0.1250077775938211	0.0186955209400064	baseline_deployable	leave_species_out	0.6106299361055268	0.1573526146316224	0.37059193156769554	True
anchor_anchor	cross_supervised_4096	lizard	0.2400380045378313	cross	vertebrate	nan	nan	nan	cross_supervised_to_insect_stress	0.038956	0.053715	0.12417	41691771	96375917	nan	320.0	2.505149978319906	0	1799143587	6457	263920458	150641573	5	0.1263239468490436	0.405226	1000000	9.25506582513172	3.81003078640584	8.177944841937268	8.42147305620014	0.1250077775938211	0.0186955209400064	baseline_deployable	leave_species_out	0.6106299361055268	0.1573526146316224	0.37059193156769554	True
calib_anchor	cross_supervised_4096	lizard	0.2400378125654802	cross	vertebrate	nan	nan	nan	cross_supervised_to_stress_eval	0.038956	0.053715	0.12417	41691771	96375917	nan	320.0	2.505149978319906	0	1799143587	6457	263920458	150641573	5	0.1263239468490436	0.405226	1000000	9.25506582513172	3.81003078640584	8.177944841937268	8.42147305620014	0.1250077775938211	0.0186955209400064	baseline_deployable	leave_species_out	0.6106299361055268	0.1573526146316224	0.37059212354004667	True
calib_anchor	plant_supervised_4096	lizard	0.1506094759615682	plant	vertebrate	nan	nan	nan	plant_supervised_to_cross_eval	0.038956	0.053715	0.12417	41691771	96375917	nan	320.0	2.505149978319906	0	1799143587	6457	263920458	150641573	5	0.1263239468490436	0.405226	1000000	9.25506582513172	3.81003078640584	8.177944841937268	8.42147305620014	0.1437007905780181	0.0244025014930751	baseline_deployable	leave_species_out	0.26883308223048213	0.13544697966231986	0.11822360626891393	True
calib_anchor	plant_supervised_4096	lizard	0.1506082021187199	plant	vertebrate	nan	nan	nan	plant_supervised_to_stress_eval	0.038956	0.053715	0.12417	41691771	96375917	nan	320.0	2.505149978319906	0	1799143587	6457	263920458	150641573	5	0.1263239468490436	0.405226	1000000	9.25506582513172	3.81003078640584	8.177944841937268	8.42147305620014	0.1437007905780181	0.0244025014930751	baseline_deployable	leave_species_out	0.26883308223048213	0.13544697966231986	0.11822488011176224	True
anchor_anchor	insect_no_beetle_4096	lizard	0.1418302477559669	insect	vertebrate	nan	nan	nan	insect_no_beetle_to_insect_stress	0.038956	0.053715	0.12417	41691771	96375917	nan	320.0	2.505149978319906	0	1799143587	6457	263920458	150641573	5	0.1263239468490436	0.405226	1000000	9.25506582513172	3.81003078640584	8.177944841937268	8.42147305620014	0.2227930854265778	0.0763356261809606	baseline_deployable	leave_species_out	0.33709970232397074	0.13266131874439996	0.19526945456800385	True
calib_anchor	insect_no_beetle_4096	lizard	0.1418301390195415	insect	vertebrate	nan	nan	nan	insect_no_beetle_to_cross_eval	0.038956	0.053715	0.12417	41691771	96375917	nan	320.0	2.505149978319906	0	1799143587	6457	263920458	150641573	5	0.1263239468490436	0.405226	1000000	9.25506582513172	3.81003078640584	8.177944841937268	8.42147305620014	0.2227930854265778	0.0763356261809606	baseline_deployable	leave_species_out	0.33709970232397074	0.13266131874439996	0.19526956330442924	True
calib_anchor	insect_no_beetle_4096	lizard	0.1418301390195415	insect	vertebrate	nan	nan	nan	insect_no_beetle_to_stress_eval	0.038956	0.053715	0.12417	41691771	96375917	nan	320.0	2.505149978319906	0	1799143587	6457	263920458	150641573	5	0.1263239468490436	0.405226	1000000	9.25506582513172	3.81003078640584	8.177944841937268	8.42147305620014	0.2227930854265778	0.0763356261809606	baseline_deployable	leave_species_out	0.33709970232397074	0.13266131874439996	0.19526956330442924	True
anchor_anchor	insect_primary_4096	lizard	0.1034366102674265	insect	vertebrate	nan	nan	nan	insect_primary_to_insect_stress	0.038956	0.053715	0.12417	41691771	96375917	nan	320.0	2.505149978319906	0	1799143587	6457	263920458	150641573	5	0.1263239468490436	0.405226	1000000	9.25506582513172	3.81003078640584	8.177944841937268	8.42147305620014	0.2227930854265778	0.0763356261809606	baseline_deployable	leave_species_out	0.33709970232397074	0.13266131874439996	0.23366309205654423	True
calib_anchor	cross_supervised_4096	maize	0.9629892479990332	cross	plant	nan	nan	nan	cross_supervised_to_plant_fine	0.095466	0.095627	0.982637	173317530	1780954681	0.46090576171875	1500.0	3.1760912590556813	0	2182075994	685	308452471	226353449	5	0.0	0.477492	1000000	9.338869871458623	2.835690571492425	8.354787116327433	8.489188253709083	0.1047342415691722	0.0352286667600957	baseline_deployable	leave_species_out	0.6930496060576647	0.18876617037449697	0.26993964194136844	True
calib_anchor	plant_supervised_4096	maize	0.9619894139220538	plant	plant	nan	nan	nan	plant_supervised_to_plant_fine	0.095466	0.095627	0.982637	173317530	1780954681	0.46090576171875	1500.0	3.1760912590556813	1	2182075994	685	308452471	226353449	5	0.0	0.477492	1000000	9.338869871458623	2.835690571492425	8.354787116327433	8.489188253709083	0.0750299551353519	0.0155648060873412	baseline_deployable	leave_species_out	0.6885373751161015	0.18933297482464154	0.27345203880595237	True
calib_anchor	TFREPAIR_invert_boost_animal_4096_seed42	maize	0.9051649037911726	animal	plant	nan	nan	nan	animal_invert_boost_to_plant_fine	0.095466	0.095627	0.982637	173317530	1780954681	0.46090576171875	1500.0	3.1760912590556813	0	2182075994	685	308452471	226353449	5	0.0	0.477492	1000000	9.338869871458623	2.835690571492425	8.354787116327433	8.489188253709083	0.1273374287069573	0.0533723910378969	baseline_deployable	leave_species_out	0.5601767130209868	0.16131680485900723	0.34498819077018583	True
calib_anchor	insect_no_beetle_4096	maize	0.8258861241547802	insect	plant	nan	nan	nan	insect_no_beetle_to_plant_fine	0.095466	0.095627	0.982637	173317530	1780954681	0.46090576171875	1500.0	3.1760912590556813	0	2182075994	685	308452471	226353449	5	0.0	0.477492	1000000	9.338869871458623	2.835690571492425	8.354787116327433	8.489188253709083	0.1559084305251094	0.0702371900678909	baseline_deployable	leave_species_out	0.5110117160248271	0.1393944029193313	0.31487440812995315	True
final_errorbar	ntv3_100m_pre_w2048	maize	0.6762307311381123	human_h0_ntv3_100m	plant	plant_fine	3.0	0.0224912037604054	nan	0.095466	0.095627	0.982637	173317530	1780954681	0.46090576171875	1500.0	3.1760912590556813	0	2182075994	685	308452471	226353449	5	0.0	0.477492	1000000	9.338869871458623	2.835690571492425	8.354787116327433	8.489188253709083	0.2040939811147172	0.106620240001949	baseline_deployable	leave_species_out	0.4036703528457888	0.10061486128399665	0.2725603782923235	True
final_errorbar	ntv2_250m_w4096	maize	0.2409539973278451	human_h0_ntv2_250m	plant	plant_fine	3.0	0.0067936566735462	nan	0.095466	0.095627	0.982637	173317530	1780954681	0.46090576171875	1500.0	3.1760912590556813	0	2182075994	685	308452471	226353449	5	0.0	0.477492	1000000	9.338869871458623	2.835690571492425	8.354787116327433	8.489188253709083	0.2040939811147172	0.106620240001949	baseline_deployable	leave_species_out	0.34616807194450055	0.152977551514212	0.10521407461665547	True
supp_h0_transfer	ntv2_500m_H0_w4096	maize	0.2346799513542635	human_h0_ntv2_500m	plant	nan	nan	nan	transfer_BC_w4096	0.095466	0.095627	0.982637	173317530	1780954681	0.46090576171875	1500.0	3.1760912590556813	0	2182075994	685	308452471	226353449	5	0.0	0.477492	1000000	9.338869871458623	2.835690571492425	8.354787116327433	8.489188253709083	0.2040939811147172	0.106620240001949	baseline_deployable	leave_species_out	0.37971222948729444	0.15495270560800734	0.14503227813303093	True
supp_h0_transfer	ntv2_500m_H0_w4096	mouse	0.937559801228433	human_h0_ntv2_500m	vertebrate	nan	nan	nan	transfer_BC_w4096	0.892472	0.903571	0.986424	1012599366	1105449631	0.4245689865689865	90.0	1.9542425094393248	0	2728222451	61	195154279	130530862	9	0.7530864197530864	0.386286	1000000	9.435879778485567	1.7853298350107671	8.115713206016725	8.290378078167688	0.3013870747975756	0.1905529139271684	baseline_deployable	leave_species_out	0.696735749006469	0.1710146883279866	0.240824052221964	True
final_errorbar	ntv2_250m_w4096	mouse	0.9180812946491188	human_h0_ntv2_250m	vertebrate	animal_fine	3.0	0.0328346949301695	nan	0.892472	0.903571	0.986424	1012599366	1105449631	0.4245689865689865	90.0	1.9542425094393248	0	2728222451	61	195154279	130530862	9	0.7530864197530864	0.386286	1000000	9.435879778485567	1.7853298350107671	8.115713206016725	8.290378078167688	0.3013870747975756	0.1905529139271684	baseline_deployable	leave_species_out	0.6359546046593907	0.21284841950251732	0.2821266899897281	True
final_errorbar	ntv3_100m_pre_w2048	mouse	0.7771925460040144	human_h0_ntv3_100m	vertebrate	animal_fine	3.0	0.0909697815563608	nan	0.892472	0.903571	0.986424	1012599366	1105449631	0.4245689865689865	90.0	1.9542425094393248	0	2728222451	61	195154279	130530862	9	0.7530864197530864	0.386286	1000000	9.435879778485567	1.7853298350107671	8.115713206016725	8.290378078167688	0.3013870747975756	0.1905529139271684	baseline_deployable	leave_species_out	0.6293997411405725	0.17729470285117485	0.14779280486344193	True
calib_anchor	TFREPAIR_invert_boost_animal_4096_seed42	opossum	0.8811419601553324	animal	vertebrate	nan	nan	nan	animal_invert_boost_to_cross_eval	0.387702	0.396173	0.947731	784870682	1877580601	nan	160.0	2.204119982655925	1	3605631728	11	748055161	527952102	3	0.0177926855021289	0.435701	1000000	9.556981366683372	1.041392685158225	8.72259452332798	8.873933623579223	0.1607102295887423	0.0512806903667795	baseline_deployable	leave_species_out	0.7370746587018489	0.20421167755387526	0.14406730145348356	True
calib_anchor	cross_supervised_4096	opossum	0.8799647530707007	cross	vertebrate	nan	nan	nan	cross_supervised_to_cross_eval	0.387702	0.396173	0.947731	784870682	1877580601	nan	160.0	2.204119982655925	0	3605631728	11	748055161	527952102	3	0.0177926855021289	0.435701	1000000	9.556981366683372	1.041392685158225	8.72259452332798	8.873933623579223	0.1586751820351534	0.0461873669021071	baseline_deployable	leave_species_out	0.7379336973822145	0.20671011358359082	0.14203105568848617	True
calib_anchor	insect_no_beetle_4096	opossum	0.3505344111723824	insect	vertebrate	nan	nan	nan	insect_no_beetle_to_cross_eval	0.387702	0.396173	0.947731	784870682	1877580601	nan	160.0	2.204119982655925	0	3605631728	11	748055161	527952102	3	0.0177926855021289	0.435701	1000000	9.556981366683372	1.041392685158225	8.72259452332798	8.873933623579223	0.2442594329957188	0.1031924297457334	baseline_deployable	leave_species_out	0.2810554292568916	0.18712050364863864	0.06947898191549079	True
calib_anchor	plant_supervised_4096	opossum	0.3131202191971405	plant	vertebrate	nan	nan	nan	plant_supervised_to_cross_eval	0.387702	0.396173	0.947731	784870682	1877580601	nan	160.0	2.204119982655925	0	3605631728	11	748055161	527952102	3	0.0177926855021289	0.435701	1000000	9.556981366683372	1.041392685158225	8.72259452332798	8.873933623579223	0.1664911752100362	0.0432563267938208	baseline_deployable	leave_species_out	0.21750765315065748	0.20239931167439706	0.09561256604648302	True
calib_anchor	TFREPAIR_invert_boost_animal_4096_seed42	pig	0.8761131743803473	animal	vertebrate	nan	nan	nan	animal_invert_boost_to_cross_eval	0.582164	0.594998	0.964273	664295117	1076577590	nan	96.0	1.9822712330395684	1	274330532	1	274330532	274330532	1	0.0	0.530948	1000000	8.438274145705899	0.0	8.438274145705899	8.438274145705899	0.2077955972696367	0.1201355226055826	baseline_deployable	leave_species_out	0.7483826141680735	0.19479990873225136	0.1277305602122738	True
calib_anchor	cross_supervised_4096	pig	0.8761042913185231	cross	vertebrate	nan	nan	nan	cross_supervised_to_cross_eval	0.582164	0.594998	0.964273	664295117	1076577590	nan	96.0	1.9822712330395684	0	274330532	1	274330532	274330532	1	0.0	0.530948	1000000	8.438274145705899	0.0	8.438274145705899	8.438274145705899	0.2098828548461344	0.1185655744818539	baseline_deployable	leave_species_out	0.7505028615774434	0.1992413436794607	0.12560142974107968	True
calib_anchor	insect_no_beetle_4096	pig	0.1493562637371058	insect	vertebrate	nan	nan	nan	insect_no_beetle_to_cross_eval	0.582164	0.594998	0.964273	664295117	1076577590	nan	96.0	1.9822712330395684	0	274330532	1	274330532	274330532	1	0.0	0.530948	1000000	8.438274145705899	0.0	8.438274145705899	8.438274145705899	0.2607430443062736	0.1731967686892715	baseline_deployable	leave_species_out	0.3498767962445006	0.21217025854427943	0.20052053250739477	True
calib_anchor	plant_supervised_4096	pig	0.0856805344147079	plant	vertebrate	nan	nan	nan	plant_supervised_to_cross_eval	0.582164	0.594998	0.964273	664295117	1076577590	nan	96.0	1.9822712330395684	0	274330532	1	274330532	274330532	1	0.0	0.530948	1000000	8.438274145705899	0.0	8.438274145705899	8.438274145705899	0.2025970561124229	0.105606010363931	baseline_deployable	leave_species_out	0.28094512649097547	0.21925688826812723	0.19526459207626756	True
calib_anchor	insect_no_beetle_4096	red_flour_beetle	0.0059299524368398	insect	insect	nan	nan	nan	insect_no_beetle_to_cross_eval	0.027167	0.29354	0.029068	1816066	179836	nan	820.0	2.9138138523837167	1	199682416	2211	32080666	13894384	6	0.0	0.330472	1000000	8.300339822655378	3.344588742578714	7.142839297329219	7.506243375731907	0.182358478678621	0.080736532281517	baseline_deployable	leave_species_out	0.6845836621859559	0.22892494750729037	0.6786537097491161	True
calib_anchor	insect_no_beetle_4096	red_flour_beetle	0.0059299524368398	insect	insect	nan	nan	nan	insect_no_beetle_to_stress_eval	0.027167	0.29354	0.029068	1816066	179836	nan	820.0	2.9138138523837167	1	199682416	2211	32080666	13894384	6	0.0	0.330472	1000000	8.300339822655378	3.344588742578714	7.142839297329219	7.506243375731907	0.182358478678621	0.080736532281517	baseline_deployable	leave_species_out	0.6845836621859559	0.22892494750729037	0.6786537097491161	True
anchor_anchor	insect_no_beetle_4096	red_flour_beetle	0.0059299524368398	insect	insect	nan	nan	nan	insect_no_beetle_to_insect_stress	0.027167	0.29354	0.029068	1816066	179836	nan	820.0	2.9138138523837167	1	199682416	2211	32080666	13894384	6	0.0	0.330472	1000000	8.300339822655378	3.344588742578714	7.142839297329219	7.506243375731907	0.182358478678621	0.080736532281517	baseline_deployable	leave_species_out	0.6845836621859559	0.22892494750729037	0.6786537097491161	True
anchor_anchor	insect_primary_4096	red_flour_beetle	0.0053634200258507	insect	insect	nan	nan	nan	insect_primary_to_insect_stress	0.027167	0.29354	0.029068	1816066	179836	nan	820.0	2.9138138523837167	1	199682416	2211	32080666	13894384	6	0.0	0.330472	1000000	8.300339822655378	3.344588742578714	7.142839297329219	7.506243375731907	0.182358478678621	0.080736532281517	baseline_deployable	leave_species_out	0.6845836621859559	0.22892494750729037	0.6792202421601052	True
calib_anchor	TFREPAIR_invert_boost_animal_4096_seed42	red_flour_beetle	0.0044488885799382	animal	insect	nan	nan	nan	animal_invert_boost_to_cross_eval	0.027167	0.29354	0.029068	1816066	179836	nan	820.0	2.9138138523837167	1	199682416	2211	32080666	13894384	6	0.0	0.330472	1000000	8.300339822655378	3.344588742578714	7.142839297329219	7.506243375731907	0.1716680913935699	0.0724491888367001	baseline_deployable	leave_species_out	0.24377236717365955	0.1763507715122207	0.23932347859372136	True
calib_anchor	TFREPAIR_invert_boost_animal_4096_seed42	red_flour_beetle	0.0044488885799382	animal	insect	nan	nan	nan	animal_invert_boost_to_stress_eval	0.027167	0.29354	0.029068	1816066	179836	nan	820.0	2.9138138523837167	1	199682416	2211	32080666	13894384	6	0.0	0.330472	1000000	8.300339822655378	3.344588742578714	7.142839297329219	7.506243375731907	0.1716680913935699	0.0724491888367001	baseline_deployable	leave_species_out	0.24377236717365955	0.1763507715122207	0.23932347859372136	True
anchor_anchor	TFREPAIR_invert_boost_animal_4096_seed42	red_flour_beetle	0.0044488885799382	animal	insect	nan	nan	nan	animal_invert_boost_to_insect_stress	0.027167	0.29354	0.029068	1816066	179836	nan	820.0	2.9138138523837167	1	199682416	2211	32080666	13894384	6	0.0	0.330472	1000000	8.300339822655378	3.344588742578714	7.142839297329219	7.506243375731907	0.1716680913935699	0.0724491888367001	baseline_deployable	leave_species_out	0.24377236717365955	0.1763507715122207	0.23932347859372136	True
calib_anchor	cross_supervised_4096	red_flour_beetle	0.0030871384254842	cross	insect	nan	nan	nan	cross_supervised_to_cross_eval	0.027167	0.29354	0.029068	1816066	179836	nan	820.0	2.9138138523837167	0	199682416	2211	32080666	13894384	6	0.0	0.330472	1000000	8.300339822655378	3.344588742578714	7.142839297329219	7.506243375731907	0.1770641784426884	0.0859070146414682	baseline_deployable	leave_species_out	0.09852201686333893	0.17770882358077433	0.09543487843785473	True
calib_anchor	cross_supervised_4096	red_flour_beetle	0.0030871384254842	cross	insect	nan	nan	nan	cross_supervised_to_stress_eval	0.027167	0.29354	0.029068	1816066	179836	nan	820.0	2.9138138523837167	0	199682416	2211	32080666	13894384	6	0.0	0.330472	1000000	8.300339822655378	3.344588742578714	7.142839297329219	7.506243375731907	0.1770641784426884	0.0859070146414682	baseline_deployable	leave_species_out	0.09852201686333893	0.17770882358077433	0.09543487843785473	True
anchor_anchor	cross_supervised_4096	red_flour_beetle	0.0030871384254842	cross	insect	nan	nan	nan	cross_supervised_to_insect_stress	0.027167	0.29354	0.029068	1816066	179836	nan	820.0	2.9138138523837167	0	199682416	2211	32080666	13894384	6	0.0	0.330472	1000000	8.300339822655378	3.344588742578714	7.142839297329219	7.506243375731907	0.1770641784426884	0.0859070146414682	baseline_deployable	leave_species_out	0.09852201686333893	0.17770882358077433	0.09543487843785473	True
calib_anchor	plant_supervised_4096	red_flour_beetle	0.0023709296255628	plant	insect	nan	nan	nan	plant_supervised_to_cross_eval	0.027167	0.29354	0.029068	1816066	179836	nan	820.0	2.9138138523837167	0	199682416	2211	32080666	13894384	6	0.0	0.330472	1000000	8.300339822655378	3.344588742578714	7.142839297329219	7.506243375731907	0.2062665763937115	0.1299963863429378	baseline_deployable	leave_species_out	0.05500695287439953	0.11248275646585756	0.05263602324883673	True
calib_anchor	plant_supervised_4096	red_flour_beetle	0.0023709296255628	plant	insect	nan	nan	nan	plant_supervised_to_stress_eval	0.027167	0.29354	0.029068	1816066	179836	nan	820.0	2.9138138523837167	0	199682416	2211	32080666	13894384	6	0.0	0.330472	1000000	8.300339822655378	3.344588742578714	7.142839297329219	7.506243375731907	0.2062665763937115	0.1299963863429378	baseline_deployable	leave_species_out	0.05500695287439953	0.11248275646585756	0.05263602324883673	True
calib_anchor	direct_red_flour_beetle_4096	red_flour_beetle	0.0	other_anchor	insect	nan	nan	nan	direct_beetle_to_cross_eval	0.027167	0.29354	0.029068	1816066	179836	nan	820.0	2.9138138523837167	0	199682416	2211	32080666	13894384	6	0.0	0.330472	1000000	8.300339822655378	3.344588742578714	7.142839297329219	7.506243375731907	0.387481875883399	0.3795499300235393	baseline_deployable	leave_species_out	0.008542833628399572	0.049637683146770854	0.008542833628399572	True
calib_anchor	direct_red_flour_beetle_4096	red_flour_beetle	0.0	other_anchor	insect	nan	nan	nan	direct_beetle_to_stress_eval	0.027167	0.29354	0.029068	1816066	179836	nan	820.0	2.9138138523837167	0	199682416	2211	32080666	13894384	6	0.0	0.330472	1000000	8.300339822655378	3.344588742578714	7.142839297329219	7.506243375731907	0.387481875883399	0.3795499300235393	baseline_deployable	leave_species_out	0.008542833628399572	0.049637683146770854	0.008542833628399572	True
calib_anchor	direct_western_honey_bee_4096	red_flour_beetle	0.0	other_anchor	insect	nan	nan	nan	direct_honeybee_to_cross_eval	0.027167	0.29354	0.029068	1816066	179836	nan	820.0	2.9138138523837167	0	199682416	2211	32080666	13894384	6	0.0	0.330472	1000000	8.300339822655378	3.344588742578714	7.142839297329219	7.506243375731907	0.387481875883399	0.3795499300235393	baseline_deployable	leave_species_out	0.008542833628399572	0.049637683146770854	0.008542833628399572	True
calib_anchor	direct_western_honey_bee_4096	red_flour_beetle	0.0	other_anchor	insect	nan	nan	nan	direct_honeybee_to_stress_eval	0.027167	0.29354	0.029068	1816066	179836	nan	820.0	2.9138138523837167	0	199682416	2211	32080666	13894384	6	0.0	0.330472	1000000	8.300339822655378	3.344588742578714	7.142839297329219	7.506243375731907	0.387481875883399	0.3795499300235393	baseline_deployable	leave_species_out	0.008542833628399572	0.049637683146770854	0.008542833628399572	True
calib_anchor	direct_red_flour_beetle_4096	red_flour_beetle	0.0	other_anchor	insect	nan	nan	nan	direct_beetle_own_holdout	0.027167	0.29354	0.029068	1816066	179836	nan	820.0	2.9138138523837167	0	199682416	2211	32080666	13894384	6	0.0	0.330472	1000000	8.300339822655378	3.344588742578714	7.142839297329219	7.506243375731907	0.387481875883399	0.3795499300235393	baseline_deployable	leave_species_out	0.008542833628399572	0.049637683146770854	0.008542833628399572	True
calib_anchor	cross_supervised_4096	rice	0.8757886614942711	cross	plant	nan	nan	nan	cross_supervised_to_plant_fine	0.042709	0.042814	0.945597	6804792	150290274	0.4367724609375	1500.0	3.1760912590556813	0	375049285	63	43270923	29958434	6	0.0009990009990009	0.440543	1000000	8.574088341853379	1.7993405494535817	7.476519107994928	7.636196159112094	0.0509643028428826	0.0089788460254062	baseline_deployable	leave_species_out	0.7754149172799089	0.16418488052309535	0.10037374421436229	True
calib_anchor	plant_supervised_4096	rice	0.8707687905287769	plant	plant	nan	nan	nan	plant_supervised_to_plant_fine	0.042709	0.042814	0.945597	6804792	150290274	0.4367724609375	1500.0	3.1760912590556813	1	375049285	63	43270923	29958434	6	0.0009990009990009	0.440543	1000000	8.574088341853379	1.7993405494535817	7.476519107994928	7.636196159112094	0.0266445732235012	0.0019077973482301	baseline_deployable	leave_species_out	0.7705670312961483	0.17745287527523057	0.10020175923262853	True
calib_anchor	TFREPAIR_invert_boost_animal_4096_seed42	rice	0.7436754544113025	animal	plant	nan	nan	nan	animal_invert_boost_to_plant_fine	0.042709	0.042814	0.945597	6804792	150290274	0.4367724609375	1500.0	3.1760912590556813	0	375049285	63	43270923	29958434	6	0.0009990009990009	0.440543	1000000	8.574088341853379	1.7993405494535817	7.476519107994928	7.636196159112094	0.0884855408342787	0.024015940484199	baseline_deployable	leave_species_out	0.6655549816490011	0.17914222274697786	0.07812047276230139	True
calib_anchor	insect_no_beetle_4096	rice	0.6461381376419327	insect	plant	nan	nan	nan	insect_no_beetle_to_plant_fine	0.042709	0.042814	0.945597	6804792	150290274	0.4367724609375	1500.0	3.1760912590556813	0	375049285	63	43270923	29958434	6	0.0009990009990009	0.440543	1000000	8.574088341853379	1.7993405494535817	7.476519107994928	7.636196159112094	0.1297892289697576	0.0416255932528221	baseline_deployable	leave_species_out	0.6161860185914839	0.16886317137761261	0.02995211905044881	True
final_errorbar	ntv3_100m_pre_w2048	rice	0.4280118170164783	human_h0_ntv3_100m	plant	plant_fine	3.0	0.0089135891045139	nan	0.042709	0.042814	0.945597	6804792	150290274	0.4367724609375	1500.0	3.1760912590556813	0	375049285	63	43270923	29958434	6	0.0009990009990009	0.440543	1000000	8.574088341853379	1.7993405494535817	7.476519107994928	7.636196159112094	0.2387362365796297	0.1495374763496936	baseline_deployable	leave_species_out	0.4826863335506162	0.1371985893446482	0.05467451653413791	True
final_errorbar	ntv2_250m_w4096	rice	0.1180575922330197	human_h0_ntv2_250m	plant	plant_fine	3.0	0.0082940112619889	nan	0.042709	0.042814	0.945597	6804792	150290274	0.4367724609375	1500.0	3.1760912590556813	0	375049285	63	43270923	29958434	6	0.0009990009990009	0.440543	1000000	8.574088341853379	1.7993405494535817	7.476519107994928	7.636196159112094	0.2387362365796297	0.1495374763496936	baseline_deployable	leave_species_out	0.4279622412794543	0.19564598511119452	0.3099046490464346	True
supp_h0_transfer	ntv2_500m_H0_w4096	rice	0.115519977917328	human_h0_ntv2_500m	plant	nan	nan	nan	transfer_BC_w4096	0.042709	0.042814	0.945597	6804792	150290274	0.4367724609375	1500.0	3.1760912590556813	0	375049285	63	43270923	29958434	6	0.0009990009990009	0.440543	1000000	8.574088341853379	1.7993405494535817	7.476519107994928	7.636196159112094	0.2387362365796297	0.1495374763496936	baseline_deployable	leave_species_out	0.47112963107066813	0.20438038280579374	0.35560965315334014	True
calib_anchor	cross_supervised_4096	sorghum	0.9154621597006132	cross	plant	nan	nan	nan	cross_supervised_to_plant_fine	0.057919	0.05798	0.982235	24648380	417568699	0.43649658203125	1500.0	3.1760912590556813	0	709344700	869	80884392	68658214	5	0.0	0.442729	1000000	8.85085732817176	2.9390197764486663	7.836692501973025	7.907864725292852	0.0537853232039029	0.0104612611262495	baseline_deployable	leave_species_out	0.7300928513957051	0.17621340126733298	0.18536930830490805	True
calib_anchor	plant_supervised_4096	sorghum	0.9087078620701828	plant	plant	nan	nan	nan	plant_supervised_to_plant_fine	0.057919	0.05798	0.982235	24648380	417568699	0.43649658203125	1500.0	3.1760912590556813	1	709344700	869	80884392	68658214	5	0.0	0.442729	1000000	8.85085732817176	2.9390197764486663	7.836692501973025	7.907864725292852	0.0273914249208693	0.0019576048399221	baseline_deployable	leave_species_out	0.734041844304622	0.1776995412175369	0.1746660177655608	True
calib_anchor	TFREPAIR_invert_boost_animal_4096_seed42	sorghum	0.8370785739861111	animal	plant	nan	nan	nan	animal_invert_boost_to_plant_fine	0.057919	0.05798	0.982235	24648380	417568699	0.43649658203125	1500.0	3.1760912590556813	0	709344700	869	80884392	68658214	5	0.0	0.442729	1000000	8.85085732817176	2.9390197764486663	7.836692501973025	7.907864725292852	0.0942512747889714	0.0278449023844741	baseline_deployable	leave_species_out	0.6100674847911782	0.16955060946726186	0.22701108919493285	True
calib_anchor	insect_no_beetle_4096	sorghum	0.7395318366775196	insect	plant	nan	nan	nan	insect_no_beetle_to_plant_fine	0.057919	0.05798	0.982235	24648380	417568699	0.43649658203125	1500.0	3.1760912590556813	0	709344700	869	80884392	68658214	5	0.0	0.442729	1000000	8.85085732817176	2.9390197764486663	7.836692501973025	7.907864725292852	0.1395994473150001	0.0492361155990339	baseline_deployable	leave_species_out	0.5658120253496204	0.16057948303245137	0.17371981132789927	True
final_errorbar	ntv3_100m_pre_w2048	sorghum	0.4747462171975484	human_h0_ntv3_100m	plant	plant_fine	3.0	0.0156681636990695	nan	0.057919	0.05798	0.982235	24648380	417568699	0.43649658203125	1500.0	3.1760912590556813	0	709344700	869	80884392	68658214	5	0.0	0.442729	1000000	8.85085732817176	2.9390197764486663	7.836692501973025	7.907864725292852	0.2366280772731148	0.1465793330978378	baseline_deployable	leave_species_out	0.45628879350548057	0.13636877061503772	0.01845742369206782	True
supp_h0_transfer	ntv2_500m_H0_w4096	sorghum	0.1793904911276665	human_h0_ntv2_500m	plant	nan	nan	nan	transfer_BC_w4096	0.057919	0.05798	0.982235	24648380	417568699	0.43649658203125	1500.0	3.1760912590556813	0	709344700	869	80884392	68658214	5	0.0	0.442729	1000000	8.85085732817176	2.9390197764486663	7.836692501973025	7.907864725292852	0.2366280772731148	0.1465793330978378	baseline_deployable	leave_species_out	0.420952721490367	0.18033430966486938	0.2415622303627005	True
final_errorbar	ntv2_250m_w4096	sorghum	0.1551588113564608	human_h0_ntv2_250m	plant	plant_fine	3.0	0.0342168256944894	nan	0.057919	0.05798	0.982235	24648380	417568699	0.43649658203125	1500.0	3.1760912590556813	0	709344700	869	80884392	68658214	5	0.0	0.442729	1000000	8.85085732817176	2.9390197764486663	7.836692501973025	7.907864725292852	0.2366280772731148	0.1465793330978378	baseline_deployable	leave_species_out	0.39356676926501716	0.18961105938095277	0.23840795790855634	True
calib_anchor	TFREPAIR_invert_boost_animal_4096_seed42	soybean	0.5650860204945004	animal	plant	nan	nan	nan	animal_invert_boost_to_cross_eval	0.121572	0.122064	0.967888	51176368	405794558	nan	1550.0	3.1903316981702914	0	978491270	1190	58018742	48577505	10	0.0140867288186392	0.330132	1000000	8.990556955279926	3.0755469613925306	7.686435205146788	7.763568307914055	0.1721211082809056	0.0467496388777612	baseline_deployable	leave_species_out	0.6170334442635874	0.2869366993956104	0.05194742376908701	True
calib_anchor	TFREPAIR_invert_boost_animal_4096_seed42	soybean	0.5650854892493286	animal	plant	nan	nan	nan	animal_invert_boost_to_plant_eval	0.121572	0.122064	0.967888	51176368	405794558	nan	1550.0	3.1903316981702914	0	978491270	1190	58018742	48577505	10	0.0140867288186392	0.330132	1000000	8.990556955279926	3.0755469613925306	7.686435205146788	7.763568307914055	0.1721211082809056	0.0467496388777612	baseline_deployable	leave_species_out	0.6170334442635874	0.2869366993956104	0.05194795501425886	True
calib_anchor	insect_no_beetle_4096	soybean	0.4867824461937038	insect	plant	nan	nan	nan	insect_no_beetle_to_cross_eval	0.121572	0.122064	0.967888	51176368	405794558	nan	1550.0	3.1903316981702914	0	978491270	1190	58018742	48577505	10	0.0140867288186392	0.330132	1000000	8.990556955279926	3.0755469613925306	7.686435205146788	7.763568307914055	0.2213663352869438	0.0708915192575917	baseline_deployable	leave_species_out	0.5430549417902024	0.29000777996290555	0.056272495596498606	True
calib_anchor	insect_no_beetle_4096	soybean	0.4867824461937038	insect	plant	nan	nan	nan	insect_no_beetle_to_plant_eval	0.121572	0.122064	0.967888	51176368	405794558	nan	1550.0	3.1903316981702914	0	978491270	1190	58018742	48577505	10	0.0140867288186392	0.330132	1000000	8.990556955279926	3.0755469613925306	7.686435205146788	7.763568307914055	0.2213663352869438	0.0708915192575917	baseline_deployable	leave_species_out	0.5430549417902024	0.29000777996290555	0.056272495596498606	True
calib_anchor	cross_supervised_4096	soybean	0.4136761357660033	cross	plant	nan	nan	nan	cross_supervised_to_cross_eval	0.121572	0.122064	0.967888	51176368	405794558	nan	1550.0	3.1903316981702914	0	978491270	1190	58018742	48577505	10	0.0140867288186392	0.330132	1000000	8.990556955279926	3.0755469613925306	7.686435205146788	7.763568307914055	0.1689640981121739	0.0484850139947763	baseline_deployable	leave_species_out	0.7140797944171853	0.2543037871419871	0.30040365865118196	True
calib_anchor	cross_supervised_4096	soybean	0.4136761357660033	cross	plant	nan	nan	nan	cross_supervised_to_plant_eval	0.121572	0.122064	0.967888	51176368	405794558	nan	1550.0	3.1903316981702914	0	978491270	1190	58018742	48577505	10	0.0140867288186392	0.330132	1000000	8.990556955279926	3.0755469613925306	7.686435205146788	7.763568307914055	0.1689640981121739	0.0484850139947763	baseline_deployable	leave_species_out	0.7140797944171853	0.2543037871419871	0.30040365865118196	True
calib_anchor	plant_supervised_4096	soybean	0.4115535505913839	plant	plant	nan	nan	nan	plant_supervised_to_cross_eval	0.121572	0.122064	0.967888	51176368	405794558	nan	1550.0	3.1903316981702914	1	978491270	1190	58018742	48577505	10	0.0140867288186392	0.330132	1000000	8.990556955279926	3.0755469613925306	7.686435205146788	7.763568307914055	0.1946953499497931	0.0763255186024801	baseline_deployable	leave_species_out	0.6616796676403295	0.2693276184589336	0.2501261170489456	True
calib_anchor	plant_supervised_4096	soybean	0.4115535505913839	plant	plant	nan	nan	nan	plant_supervised_to_plant_eval	0.121572	0.122064	0.967888	51176368	405794558	nan	1550.0	3.1903316981702914	1	978491270	1190	58018742	48577505	10	0.0140867288186392	0.330132	1000000	8.990556955279926	3.0755469613925306	7.686435205146788	7.763568307914055	0.1946953499497931	0.0763255186024801	baseline_deployable	leave_species_out	0.6616796676403295	0.2693276184589336	0.2501261170489456	True
calib_anchor	plant_supervised_4096	teosinte	0.9308197551982428	plant	plant	nan	nan	nan	plant_supervised_to_cross_eval	0.086856	0.088019	0.868021	259955621	2563626352	nan	1500.0	3.1760912590556813	1	3290921811	8365	294039681	175094470	8	0.0	0.438516	1000000	9.517317564015846	3.922465945298413	8.243272429998866	8.468405942917126	0.2100077500333409	0.103231294898657	baseline_deployable	leave_species_out	0.42536833219899345	0.10213224595594789	0.5054514229992493	True
calib_anchor	plant_supervised_4096	teosinte	0.9308197551982428	plant	plant	nan	nan	nan	plant_supervised_to_plant_eval	0.086856	0.088019	0.868021	259955621	2563626352	nan	1500.0	3.1760912590556813	1	3290921811	8365	294039681	175094470	8	0.0	0.438516	1000000	9.517317564015846	3.922465945298413	8.243272429998866	8.468405942917126	0.2100077500333409	0.103231294898657	baseline_deployable	leave_species_out	0.42536833219899345	0.10213224595594789	0.5054514229992493	True
calib_anchor	cross_supervised_4096	teosinte	0.9299634062638152	cross	plant	nan	nan	nan	cross_supervised_to_cross_eval	0.086856	0.088019	0.868021	259955621	2563626352	nan	1500.0	3.1760912590556813	0	3290921811	8365	294039681	175094470	8	0.0	0.438516	1000000	9.517317564015846	3.922465945298413	8.243272429998866	8.468405942917126	0.2120411295082017	0.1047709646574465	baseline_deployable	leave_species_out	0.4784528532464422	0.08999902553742749	0.45151055301737303	True
calib_anchor	cross_supervised_4096	teosinte	0.9299634062638152	cross	plant	nan	nan	nan	cross_supervised_to_plant_eval	0.086856	0.088019	0.868021	259955621	2563626352	nan	1500.0	3.1760912590556813	0	3290921811	8365	294039681	175094470	8	0.0	0.438516	1000000	9.517317564015846	3.922465945298413	8.243272429998866	8.468405942917126	0.2120411295082017	0.1047709646574465	baseline_deployable	leave_species_out	0.4784528532464422	0.08999902553742749	0.45151055301737303	True
calib_anchor	TFREPAIR_invert_boost_animal_4096_seed42	teosinte	0.8886845637016639	animal	plant	nan	nan	nan	animal_invert_boost_to_cross_eval	0.086856	0.088019	0.868021	259955621	2563626352	nan	1500.0	3.1760912590556813	0	3290921811	8365	294039681	175094470	8	0.0	0.438516	1000000	9.517317564015846	3.922465945298413	8.243272429998866	8.468405942917126	0.2168178063542519	0.1112460410900726	baseline_deployable	leave_species_out	0.46441885378921144	0.10808004799950086	0.4242657099124525	True
calib_anchor	TFREPAIR_invert_boost_animal_4096_seed42	teosinte	0.8886845637016639	animal	plant	nan	nan	nan	animal_invert_boost_to_plant_eval	0.086856	0.088019	0.868021	259955621	2563626352	nan	1500.0	3.1760912590556813	0	3290921811	8365	294039681	175094470	8	0.0	0.438516	1000000	9.517317564015846	3.922465945298413	8.243272429998866	8.468405942917126	0.2168178063542519	0.1112460410900726	baseline_deployable	leave_species_out	0.46441885378921144	0.10808004799950086	0.4242657099124525	True
calib_anchor	insect_no_beetle_4096	teosinte	0.7928110204987012	insect	plant	nan	nan	nan	insect_no_beetle_to_cross_eval	0.086856	0.088019	0.868021	259955621	2563626352	nan	1500.0	3.1760912590556813	0	3290921811	8365	294039681	175094470	8	0.0	0.438516	1000000	9.517317564015846	3.922465945298413	8.243272429998866	8.468405942917126	0.24756711504357	0.1387104209292143	baseline_deployable	leave_species_out	0.43258681987710473	0.11050344511769349	0.3602242006215965	True
calib_anchor	insect_no_beetle_4096	teosinte	0.7928110204987012	insect	plant	nan	nan	nan	insect_no_beetle_to_plant_eval	0.086856	0.088019	0.868021	259955621	2563626352	nan	1500.0	3.1760912590556813	0	3290921811	8365	294039681	175094470	8	0.0	0.438516	1000000	9.517317564015846	3.922465945298413	8.243272429998866	8.468405942917126	0.24756711504357	0.1387104209292143	baseline_deployable	leave_species_out	0.43258681987710473	0.11050344511769349	0.3602242006215965	True
calib_anchor	cross_supervised_4096	thale_cress	0.7121875392581978	cross	plant	nan	nan	nan	cross_supervised_to_plant_fine	0.043011	0.043145	0.932855	1297325	28049979	0.37922119140625	1550.0	3.1903316981702914	0	119667750	7	30427671	23459830	3	0.0	0.372445	1000000	8.077977125476142	0.8450980400142568	7.370324860706645	7.48326871178776	0.1110569059282151	0.0213077580291249	baseline_deployable	leave_species_out	0.6975316968846815	0.19852203491747789	0.014655842373516248	True
calib_anchor	plant_supervised_4096	thale_cress	0.6974776069597389	plant	plant	nan	nan	nan	plant_supervised_to_plant_fine	0.043011	0.043145	0.932855	1297325	28049979	0.37922119140625	1550.0	3.1903316981702914	1	119667750	7	30427671	23459830	3	0.0	0.372445	1000000	8.077977125476142	0.8450980400142568	7.370324860706645	7.48326871178776	0.1249666485378415	0.0307960258984802	baseline_deployable	leave_species_out	0.6715740391546008	0.19537740248192395	0.02590356780513814	True
calib_anchor	TFREPAIR_invert_boost_animal_4096_seed42	thale_cress	0.2079073653834738	animal	plant	nan	nan	nan	animal_invert_boost_to_plant_fine	0.043011	0.043145	0.932855	1297325	28049979	0.37922119140625	1550.0	3.1903316981702914	0	119667750	7	30427671	23459830	3	0.0	0.372445	1000000	8.077977125476142	0.8450980400142568	7.370324860706645	7.48326871178776	0.1234742428456467	0.0279292546598651	baseline_deployable	leave_species_out	0.6373506108956606	0.16949779148617464	0.4294432455121868	True
calib_anchor	insect_no_beetle_4096	thale_cress	0.1382559591838703	insect	plant	nan	nan	nan	insect_no_beetle_to_plant_fine	0.043011	0.043145	0.932855	1297325	28049979	0.37922119140625	1550.0	3.1903316981702914	0	119667750	7	30427671	23459830	3	0.0	0.372445	1000000	8.077977125476142	0.8450980400142568	7.370324860706645	7.48326871178776	0.1564172368424756	0.0430840989911306	baseline_deployable	leave_species_out	0.594123961135592	0.1395112461807681	0.45586800195172167	True
final_errorbar	ntv3_100m_pre_w2048	thale_cress	0.1299511497000876	human_h0_ntv3_100m	plant	plant_fine	3.0	0.0173026332429277	nan	0.043011	0.043145	0.932855	1297325	28049979	0.37922119140625	1550.0	3.1903316981702914	0	119667750	7	30427671	23459830	3	0.0	0.372445	1000000	8.077977125476142	0.8450980400142568	7.370324860706645	7.48326871178776	0.3352596901322179	0.268016439460078	baseline_deployable	leave_species_out	0.4579603988383523	0.11605295570901451	0.32800924913826474	True
final_errorbar	ntv2_250m_w4096	thale_cress	0.059250325526733	human_h0_ntv2_250m	plant	plant_fine	3.0	0.0279221757123653	nan	0.043011	0.043145	0.932855	1297325	28049979	0.37922119140625	1550.0	3.1903316981702914	0	119667750	7	30427671	23459830	3	0.0	0.372445	1000000	8.077977125476142	0.8450980400142568	7.370324860706645	7.48326871178776	0.3352596901322179	0.268016439460078	baseline_deployable	leave_species_out	0.3645839772793213	0.17451087087130518	0.3053336517525883	True
supp_h0_transfer	ntv2_500m_H0_w4096	thale_cress	0.0350888069185704	human_h0_ntv2_500m	plant	nan	nan	nan	transfer_BC_w4096	0.043011	0.043145	0.932855	1297325	28049979	0.37922119140625	1550.0	3.1903316981702914	0	119667750	7	30427671	23459830	3	0.0	0.372445	1000000	8.077977125476142	0.8450980400142568	7.370324860706645	7.48326871178776	0.3352596901322179	0.268016439460078	baseline_deployable	leave_species_out	0.40386241050900473	0.17249218259521204	0.3687736035904343	True
supp_h0_transfer	ntv2_500m_H0_w4096	western_clawed_frog	0.7676709570719781	human_h0_ntv2_500m	vertebrate	nan	nan	nan	transfer_BC_w4096	0.000179	0.000179	0.967076	84407	455592780	0.5371810538664581	360.0	2.556302500767288	0	1451301209	167	217471166	153961319	5	0.0029910269192422	0.505897	1000000	9.16175755704896	2.2227164711475837	8.18741162307706	8.337401683004607	0.1957973399316009	0.0911435831684164	baseline_deployable	leave_species_out	0.6382214941402287	0.23571864166768008	0.12944946293174941	True
final_errorbar	ntv2_250m_w4096	western_clawed_frog	0.6476854010493278	human_h0_ntv2_250m	vertebrate	animal_fine	3.0	0.0436579387818896	nan	0.000179	0.000179	0.967076	84407	455592780	0.5371810538664581	360.0	2.556302500767288	0	1451301209	167	217471166	153961319	5	0.0029910269192422	0.505897	1000000	9.16175755704896	2.2227164711475837	8.18741162307706	8.337401683004607	0.1957973399316009	0.0911435831684164	baseline_deployable	leave_species_out	0.616044467949251	0.2400672456632317	0.03164093310007676	True
final_errorbar	ntv3_100m_pre_w2048	western_clawed_frog	0.5191597065847986	human_h0_ntv3_100m	vertebrate	animal_fine	3.0	0.0896323044666213	nan	0.000179	0.000179	0.967076	84407	455592780	0.5371810538664581	360.0	2.556302500767288	0	1451301209	167	217471166	153961319	5	0.0029910269192422	0.505897	1000000	9.16175755704896	2.2227164711475837	8.18741162307706	8.337401683004607	0.1957973399316009	0.0911435831684164	baseline_deployable	leave_species_out	0.6088518180230815	0.1895720508228702	0.08969211143828293	True
anchor_anchor	insect_primary_4096	western_honey_bee	0.946524064171123	insect	insect	nan	nan	nan	insect_primary_to_insect_stress	0.020425	0.982865	0.020432	4337232	90164	nan	820.0	2.9138138523837167	1	51457486	3	25433307	14233499	2	0.0388635522641971	0.404665	1000000	7.71144856455995	0.4771212547196624	7.15331167517893	7.405402833572285	0.1030895049884773	0.0198094430108711	baseline_deployable	leave_species_out	0.010947598342521691	0.04522006692721262	0.9355764658286013	True
calib_anchor	insect_no_beetle_4096	western_honey_bee	0.7983193277310925	insect	insect	nan	nan	nan	insect_no_beetle_to_cross_eval	0.020425	0.982865	0.020432	4337232	90164	nan	820.0	2.9138138523837167	1	51457486	3	25433307	14233499	2	0.0388635522641971	0.404665	1000000	7.71144856455995	0.4771212547196624	7.15331167517893	7.405402833572285	0.1030895049884773	0.0198094430108711	baseline_deployable	leave_species_out	0.010947598342521691	0.04522006692721262	0.7873717293885708	True
calib_anchor	insect_no_beetle_4096	western_honey_bee	0.7983193277310925	insect	insect	nan	nan	nan	insect_no_beetle_to_stress_eval	0.020425	0.982865	0.020432	4337232	90164	nan	820.0	2.9138138523837167	1	51457486	3	25433307	14233499	2	0.0388635522641971	0.404665	1000000	7.71144856455995	0.4771212547196624	7.15331167517893	7.405402833572285	0.1030895049884773	0.0198094430108711	baseline_deployable	leave_species_out	0.010947598342521691	0.04522006692721262	0.7873717293885708	True
anchor_anchor	insect_no_beetle_4096	western_honey_bee	0.7983193277310925	insect	insect	nan	nan	nan	insect_no_beetle_to_insect_stress	0.020425	0.982865	0.020432	4337232	90164	nan	820.0	2.9138138523837167	1	51457486	3	25433307	14233499	2	0.0388635522641971	0.404665	1000000	7.71144856455995	0.4771212547196624	7.15331167517893	7.405402833572285	0.1030895049884773	0.0198094430108711	baseline_deployable	leave_species_out	0.010947598342521691	0.04522006692721262	0.7873717293885708	True
calib_anchor	TFREPAIR_invert_boost_animal_4096_seed42	western_honey_bee	0.05217988328184	animal	insect	nan	nan	nan	animal_invert_boost_to_cross_eval	0.020425	0.982865	0.020432	4337232	90164	nan	820.0	2.9138138523837167	1	51457486	3	25433307	14233499	2	0.0388635522641971	0.404665	1000000	7.71144856455995	0.4771212547196624	7.15331167517893	7.405402833572285	0.1975547081920625	0.0743872976560842	baseline_deployable	leave_species_out	0.014370563227255146	0.06073180602564258	0.03780932005458485	True
calib_anchor	TFREPAIR_invert_boost_animal_4096_seed42	western_honey_bee	0.05217988328184	animal	insect	nan	nan	nan	animal_invert_boost_to_stress_eval	0.020425	0.982865	0.020432	4337232	90164	nan	820.0	2.9138138523837167	1	51457486	3	25433307	14233499	2	0.0388635522641971	0.404665	1000000	7.71144856455995	0.4771212547196624	7.15331167517893	7.405402833572285	0.1975547081920625	0.0743872976560842	baseline_deployable	leave_species_out	0.014370563227255146	0.06073180602564258	0.03780932005458485	True
anchor_anchor	TFREPAIR_invert_boost_animal_4096_seed42	western_honey_bee	0.05217988328184	animal	insect	nan	nan	nan	animal_invert_boost_to_insect_stress	0.020425	0.982865	0.020432	4337232	90164	nan	820.0	2.9138138523837167	1	51457486	3	25433307	14233499	2	0.0388635522641971	0.404665	1000000	7.71144856455995	0.4771212547196624	7.15331167517893	7.405402833572285	0.1975547081920625	0.0743872976560842	baseline_deployable	leave_species_out	0.014370563227255146	0.06073180602564258	0.03780932005458485	True
calib_anchor	cross_supervised_4096	western_honey_bee	0.0052898014902451	cross	insect	nan	nan	nan	cross_supervised_to_cross_eval	0.020425	0.982865	0.020432	4337232	90164	nan	820.0	2.9138138523837167	0	51457486	3	25433307	14233499	2	0.0388635522641971	0.404665	1000000	7.71144856455995	0.4771212547196624	7.15331167517893	7.405402833572285	0.2119073798001238	0.0902008757309238	baseline_deployable	leave_species_out	0.02153870825845793	0.10251326379637898	0.016248906768212827	True
calib_anchor	cross_supervised_4096	western_honey_bee	0.0052898014902451	cross	insect	nan	nan	nan	cross_supervised_to_stress_eval	0.020425	0.982865	0.020432	4337232	90164	nan	820.0	2.9138138523837167	0	51457486	3	25433307	14233499	2	0.0388635522641971	0.404665	1000000	7.71144856455995	0.4771212547196624	7.15331167517893	7.405402833572285	0.2119073798001238	0.0902008757309238	baseline_deployable	leave_species_out	0.02153870825845793	0.10251326379637898	0.016248906768212827	True
anchor_anchor	cross_supervised_4096	western_honey_bee	0.0052898014902451	cross	insect	nan	nan	nan	cross_supervised_to_insect_stress	0.020425	0.982865	0.020432	4337232	90164	nan	820.0	2.9138138523837167	0	51457486	3	25433307	14233499	2	0.0388635522641971	0.404665	1000000	7.71144856455995	0.4771212547196624	7.15331167517893	7.405402833572285	0.2119073798001238	0.0902008757309238	baseline_deployable	leave_species_out	0.02153870825845793	0.10251326379637898	0.016248906768212827	True
calib_anchor	plant_supervised_4096	western_honey_bee	0.0003842421976866	plant	insect	nan	nan	nan	plant_supervised_to_cross_eval	0.020425	0.982865	0.020432	4337232	90164	nan	820.0	2.9138138523837167	0	51457486	3	25433307	14233499	2	0.0388635522641971	0.404665	1000000	7.71144856455995	0.4771212547196624	7.15331167517893	7.405402833572285	0.2144848278327983	0.1040586970085212	baseline_deployable	leave_species_out	0.005676450133258	0.024212463078982147	0.0052922079355714	True
calib_anchor	plant_supervised_4096	western_honey_bee	0.0003842416254314	plant	insect	nan	nan	nan	plant_supervised_to_stress_eval	0.020425	0.982865	0.020432	4337232	90164	nan	820.0	2.9138138523837167	0	51457486	3	25433307	14233499	2	0.0388635522641971	0.404665	1000000	7.71144856455995	0.4771212547196624	7.15331167517893	7.405402833572285	0.2144848278327983	0.1040586970085212	baseline_deployable	leave_species_out	0.005676450133258	0.024212463078982147	0.0052922085078266	True
calib_anchor	direct_red_flour_beetle_4096	western_honey_bee	0.0	other_anchor	insect	nan	nan	nan	direct_beetle_to_cross_eval	0.020425	0.982865	0.020432	4337232	90164	nan	820.0	2.9138138523837167	0	51457486	3	25433307	14233499	2	0.0388635522641971	0.404665	1000000	7.71144856455995	0.4771212547196624	7.15331167517893	7.405402833572285	0.3782434204252473	0.3304654870915913	baseline_deployable	leave_species_out	0.0005012960061149025	0.0008211915007666595	0.0005012960061149025	True
calib_anchor	direct_red_flour_beetle_4096	western_honey_bee	0.0	other_anchor	insect	nan	nan	nan	direct_beetle_to_stress_eval	0.020425	0.982865	0.020432	4337232	90164	nan	820.0	2.9138138523837167	0	51457486	3	25433307	14233499	2	0.0388635522641971	0.404665	1000000	7.71144856455995	0.4771212547196624	7.15331167517893	7.405402833572285	0.3782434204252473	0.3304654870915913	baseline_deployable	leave_species_out	0.0005012960061149025	0.0008211915007666595	0.0005012960061149025	True
calib_anchor	direct_western_honey_bee_4096	western_honey_bee	0.0	other_anchor	insect	nan	nan	nan	direct_honeybee_to_cross_eval	0.020425	0.982865	0.020432	4337232	90164	nan	820.0	2.9138138523837167	0	51457486	3	25433307	14233499	2	0.0388635522641971	0.404665	1000000	7.71144856455995	0.4771212547196624	7.15331167517893	7.405402833572285	0.3782434204252473	0.3304654870915913	baseline_deployable	leave_species_out	0.0005012960061149025	0.0008211915007666595	0.0005012960061149025	True
calib_anchor	direct_western_honey_bee_4096	western_honey_bee	0.0	other_anchor	insect	nan	nan	nan	direct_honeybee_to_stress_eval	0.020425	0.982865	0.020432	4337232	90164	nan	820.0	2.9138138523837167	0	51457486	3	25433307	14233499	2	0.0388635522641971	0.404665	1000000	7.71144856455995	0.4771212547196624	7.15331167517893	7.405402833572285	0.3782434204252473	0.3304654870915913	baseline_deployable	leave_species_out	0.0005012960061149025	0.0008211915007666595	0.0005012960061149025	True
calib_anchor	direct_western_honey_bee_4096	western_honey_bee	0.0	other_anchor	insect	nan	nan	nan	direct_honeybee_own_holdout	0.020425	0.982865	0.020432	4337232	90164	nan	820.0	2.9138138523837167	0	51457486	3	25433307	14233499	2	0.0388635522641971	0.404665	1000000	7.71144856455995	0.4771212547196624	7.15331167517893	7.405402833572285	0.3782434204252473	0.3304654870915913	baseline_deployable	leave_species_out	0.0005012960061149025	0.0008211915007666595	0.0005012960061149025	True
anchor_anchor	TFREPAIR_invert_boost_animal_4096_seed42	x_laevis	0.4013777654205557	animal	vertebrate	nan	nan	nan	animal_invert_boost_to_insect_stress	0.000194	0.000194	0.813401	56801	238590187	nan	370.0	2.568201724066995	1	2718433805	108033	219802468	136570856	9	0.1479724726946478	0.38498	1000000	9.434318762214229	5.033556436308993	8.13535803149204	8.34203256448767	0.1125183122375499	0.0175004510961257	baseline_deployable	leave_species_out	0.48995078066364356	0.23417215912128886	0.08857301524308786	True
calib_anchor	TFREPAIR_invert_boost_animal_4096_seed42	x_laevis	0.4013775981071781	animal	vertebrate	nan	nan	nan	animal_invert_boost_to_cross_eval	0.000194	0.000194	0.813401	56801	238590187	nan	370.0	2.568201724066995	1	2718433805	108033	219802468	136570856	9	0.1479724726946478	0.38498	1000000	9.434318762214229	5.033556436308993	8.13535803149204	8.34203256448767	0.1125183122375499	0.0175004510961257	baseline_deployable	leave_species_out	0.48995078066364356	0.23417215912128886	0.08857318255646546	True
calib_anchor	TFREPAIR_invert_boost_animal_4096_seed42	x_laevis	0.4013775981071781	animal	vertebrate	nan	nan	nan	animal_invert_boost_to_stress_eval	0.000194	0.000194	0.813401	56801	238590187	nan	370.0	2.568201724066995	1	2718433805	108033	219802468	136570856	9	0.1479724726946478	0.38498	1000000	9.434318762214229	5.033556436308993	8.13535803149204	8.34203256448767	0.1125183122375499	0.0175004510961257	baseline_deployable	leave_species_out	0.48995078066364356	0.23417215912128886	0.08857318255646546	True
calib_anchor	cross_supervised_4096	x_laevis	0.3945827783795458	cross	vertebrate	nan	nan	nan	cross_supervised_to_cross_eval	0.000194	0.000194	0.813401	56801	238590187	nan	370.0	2.568201724066995	0	2718433805	108033	219802468	136570856	9	0.1479724726946478	0.38498	1000000	9.434318762214229	5.033556436308993	8.13535803149204	8.34203256448767	0.1141902696107161	0.0184397446805083	baseline_deployable	leave_species_out	0.48892008809611925	0.2356728513619219	0.09433730971657345	True
calib_anchor	cross_supervised_4096	x_laevis	0.3945827783795458	cross	vertebrate	nan	nan	nan	cross_supervised_to_stress_eval	0.000194	0.000194	0.813401	56801	238590187	nan	370.0	2.568201724066995	0	2718433805	108033	219802468	136570856	9	0.1479724726946478	0.38498	1000000	9.434318762214229	5.033556436308993	8.13535803149204	8.34203256448767	0.1141902696107161	0.0184397446805083	baseline_deployable	leave_species_out	0.48892008809611925	0.2356728513619219	0.09433730971657345	True
anchor_anchor	cross_supervised_4096	x_laevis	0.3945827783795458	cross	vertebrate	nan	nan	nan	cross_supervised_to_insect_stress	0.000194	0.000194	0.813401	56801	238590187	nan	370.0	2.568201724066995	0	2718433805	108033	219802468	136570856	9	0.1479724726946478	0.38498	1000000	9.434318762214229	5.033556436308993	8.13535803149204	8.34203256448767	0.1141902696107161	0.0184397446805083	baseline_deployable	leave_species_out	0.48892008809611925	0.2356728513619219	0.09433730971657345	True
calib_anchor	plant_supervised_4096	x_laevis	0.2855543757586765	plant	vertebrate	nan	nan	nan	plant_supervised_to_cross_eval	0.000194	0.000194	0.813401	56801	238590187	nan	370.0	2.568201724066995	0	2718433805	108033	219802468	136570856	9	0.1479724726946478	0.38498	1000000	9.434318762214229	5.033556436308993	8.13535803149204	8.34203256448767	0.1445645708760781	0.0387081158013149	baseline_deployable	leave_species_out	0.27076046413357635	0.24333299731200267	0.014793911625100131	True
calib_anchor	plant_supervised_4096	x_laevis	0.2855543757586765	plant	vertebrate	nan	nan	nan	plant_supervised_to_stress_eval	0.000194	0.000194	0.813401	56801	238590187	nan	370.0	2.568201724066995	0	2718433805	108033	219802468	136570856	9	0.1479724726946478	0.38498	1000000	9.434318762214229	5.033556436308993	8.13535803149204	8.34203256448767	0.1445645708760781	0.0387081158013149	baseline_deployable	leave_species_out	0.27076046413357635	0.24333299731200267	0.014793911625100131	True
calib_anchor	insect_no_beetle_4096	x_laevis	0.2829600934257301	insect	vertebrate	nan	nan	nan	insect_no_beetle_to_cross_eval	0.000194	0.000194	0.813401	56801	238590187	nan	370.0	2.568201724066995	0	2718433805	108033	219802468	136570856	9	0.1479724726946478	0.38498	1000000	9.434318762214229	5.033556436308993	8.13535803149204	8.34203256448767	0.1983752948465877	0.0592704987046092	baseline_deployable	leave_species_out	0.2771769510857573	0.22200918143552192	0.005783142339972791	True
calib_anchor	insect_no_beetle_4096	x_laevis	0.2829600934257301	insect	vertebrate	nan	nan	nan	insect_no_beetle_to_stress_eval	0.000194	0.000194	0.813401	56801	238590187	nan	370.0	2.568201724066995	0	2718433805	108033	219802468	136570856	9	0.1479724726946478	0.38498	1000000	9.434318762214229	5.033556436308993	8.13535803149204	8.34203256448767	0.1983752948465877	0.0592704987046092	baseline_deployable	leave_species_out	0.2771769510857573	0.22200918143552192	0.005783142339972791	True
anchor_anchor	insect_no_beetle_4096	x_laevis	0.2829600934257301	insect	vertebrate	nan	nan	nan	insect_no_beetle_to_insect_stress	0.000194	0.000194	0.813401	56801	238590187	nan	370.0	2.568201724066995	0	2718433805	108033	219802468	136570856	9	0.1479724726946478	0.38498	1000000	9.434318762214229	5.033556436308993	8.13535803149204	8.34203256448767	0.1983752948465877	0.0592704987046092	baseline_deployable	leave_species_out	0.2771769510857573	0.22200918143552192	0.005783142339972791	True
anchor_anchor	insect_primary_4096	x_laevis	0.2268599691025123	insect	vertebrate	nan	nan	nan	insect_primary_to_insect_stress	0.000194	0.000194	0.813401	56801	238590187	nan	370.0	2.568201724066995	0	2718433805	108033	219802468	136570856	9	0.1479724726946478	0.38498	1000000	9.434318762214229	5.033556436308993	8.13535803149204	8.34203256448767	0.1983752948465877	0.0592704987046092	baseline_deployable	leave_species_out	0.2771769510857573	0.22200918143552192	0.050316981983244996	True
supp_h0_transfer	ntv2_500m_H0_w4096	zebrafish	0.8151318178516959	human_h0_ntv2_500m	vertebrate	nan	nan	nan	transfer_BC_w4096	0.837603	0.982602	0.850212	891480468	771367366	0.4137124131384462	430.0	2.633468455579586	0	1679203469	1923	78093715	52186027	14	0.0	0.359955	1000000	9.225103322767056	3.28397928423848	7.717554234627916	7.892616083164715	0.3272994079847048	0.2672352128115792	baseline_deployable	leave_species_out	0.6160921663667418	0.23332125587625158	0.19903965148495406	True
final_errorbar	ntv2_250m_w4096	zebrafish	0.753453009276328	human_h0_ntv2_250m	vertebrate	animal_fine	3.0	0.0131433323203878	nan	0.837603	0.982602	0.850212	891480468	771367366	0.4137124131384462	430.0	2.633468455579586	0	1679203469	1923	78093715	52186027	14	0.0	0.359955	1000000	9.225103322767056	3.28397928423848	7.717554234627916	7.892616083164715	0.3272994079847048	0.2672352128115792	baseline_deployable	leave_species_out	0.5843899211643564	0.24214153183115378	0.16906308811197157	True
final_errorbar	ntv3_100m_pre_w2048	zebrafish	0.5214699959942013	human_h0_ntv3_100m	vertebrate	animal_fine	3.0	0.0175674395284055	nan	0.837603	0.982602	0.850212	891480468	771367366	0.4137124131384462	430.0	2.633468455579586	0	1679203469	1923	78093715	52186027	14	0.0	0.359955	1000000	9.225103322767056	3.28397928423848	7.717554234627916	7.892616083164715	0.3272994079847048	0.2672352128115792	baseline_deployable	leave_species_out	0.5913816606721661	0.18586763653783905	0.06991166467796484	True
calib_anchor	cross_supervised_4096	brachypodium	0.8175422271365038	cross	plant	nan	nan	nan	cross_supervised_to_plant_fine	0.101164	0.1029	0.857087	5277523	43958318	0.45561279296875	1500.0	3.1760912590556813	0	271298618	11	75071545	59130575	3	0.0	0.454488	1000000	8.433447581463392	1.041392685158225	7.771812102204127	7.875475353898488	0.0693259415010997	0.0175357229218507	baseline_deployable	leave_clade_out	0.7196445008973633	0.2386942985871776	0.0978977262391405	True
calib_anchor	plant_supervised_4096	brachypodium	0.7765195434514967	plant	plant	nan	nan	nan	plant_supervised_to_plant_fine	0.101164	0.1029	0.857087	5277523	43958318	0.45561279296875	1500.0	3.1760912590556813	1	271298618	11	75071545	59130575	3	0.0	0.454488	1000000	8.433447581463392	1.041392685158225	7.771812102204127	7.875475353898488	0.0392954852174674	0.0046023125549394	baseline_deployable	leave_clade_out	0.7337274533189468	0.26307535476634697	0.04279209013254981	True
calib_anchor	insect_no_beetle_4096	brachypodium	0.4502561696769175	insect	plant	nan	nan	nan	insect_no_beetle_to_plant_fine	0.101164	0.1029	0.857087	5277523	43958318	0.45561279296875	1500.0	3.1760912590556813	0	271298618	11	75071545	59130575	3	0.0	0.454488	1000000	8.433447581463392	1.041392685158225	7.771812102204127	7.875475353898488	0.142514717076787	0.0564627585782296	baseline_deployable	leave_clade_out	0.7565025769695534	0.17143545521578427	0.30624640729263586	True
calib_anchor	TFREPAIR_invert_boost_animal_4096_seed42	brachypodium	0.4333898332380484	animal	plant	nan	nan	nan	animal_invert_boost_to_plant_fine	0.101164	0.1029	0.857087	5277523	43958318	0.45561279296875	1500.0	3.1760912590556813	0	271298618	11	75071545	59130575	3	0.0	0.454488	1000000	8.433447581463392	1.041392685158225	7.771812102204127	7.875475353898488	0.1040889363124293	0.0363524838017522	baseline_deployable	leave_clade_out	0.7239253506779364	0.2268268721608848	0.290535517439888	True
supp_h0_transfer	ntv2_500m_H0_w4096	brachypodium	0.3212749242452583	human_h0_ntv2_500m	plant	nan	nan	nan	transfer_BC_w4096	0.101164	0.1029	0.857087	5277523	43958318	0.45561279296875	1500.0	3.1760912590556813	0	271298618	11	75071545	59130575	3	0.0	0.454488	1000000	8.433447581463392	1.041392685158225	7.771812102204127	7.875475353898488	0.2268185746895572	0.1337656475000112	baseline_deployable	leave_clade_out	0.6855743360996662	0.2149356294612162	0.36429941185440795	True
final_errorbar	ntv2_250m_w4096	brachypodium	0.2929663405760741	human_h0_ntv2_250m	plant	plant_fine	3.0	0.0156920332833043	nan	0.101164	0.1029	0.857087	5277523	43958318	0.45561279296875	1500.0	3.1760912590556813	0	271298618	11	75071545	59130575	3	0.0	0.454488	1000000	8.433447581463392	1.041392685158225	7.771812102204127	7.875475353898488	0.2268185746895572	0.1337656475000112	baseline_deployable	leave_clade_out	0.6418121940544269	0.21182739651644267	0.3488458534783528	True
final_errorbar	ntv3_100m_pre_w2048	brachypodium	0.2073934705084866	human_h0_ntv3_100m	plant	plant_fine	3.0	0.0683970400854424	nan	0.101164	0.1029	0.857087	5277523	43958318	0.45561279296875	1500.0	3.1760912590556813	0	271298618	11	75071545	59130575	3	0.0	0.454488	1000000	8.433447581463392	1.041392685158225	7.771812102204127	7.875475353898488	0.2268185746895572	0.1337656475000112	baseline_deployable	leave_clade_out	0.5485107246034816	0.18575507482007297	0.341117254094995	True
anchor_anchor	TFREPAIR_invert_boost_animal_4096_seed42	c_elegans	0.9053972034713066	animal	other	nan	nan	nan	animal_invert_boost_to_insect_fine	0.833784	0.964483	0.860195	10289793	9177183	0.3579248046875	900.0	2.9542425094393248	0	100286401	7	20924180	17493829	3	0.0	0.371376	1000000	8.001242045970857	0.8450980400142568	7.242884877035624	7.320648447384384	0.1443799983785652	0.0775729844697248	baseline_deployable	leave_clade_out	0.5054103632181733	0.3063048031086065	0.39998684025313325	True
anchor_anchor	cross_supervised_4096	c_elegans	0.8952111633807284	cross	other	nan	nan	nan	cross_supervised_to_insect_fine	0.833784	0.964483	0.860195	10289793	9177183	0.3579248046875	900.0	2.9542425094393248	0	100286401	7	20924180	17493829	3	0.0	0.371376	1000000	8.001242045970857	0.8450980400142568	7.242884877035624	7.320648447384384	0.1533616551705707	0.0962183394831955	baseline_deployable	leave_clade_out	0.5760687881271201	0.2827213717556996	0.3191423752536082	True
anchor_anchor	insect_primary_4096	c_elegans	0.8945547202059512	insect	other	nan	nan	nan	insect_primary_to_insect_fine	0.833784	0.964483	0.860195	10289793	9177183	0.3579248046875	900.0	2.9542425094393248	0	100286401	7	20924180	17493829	3	0.0	0.371376	1000000	8.001242045970857	0.8450980400142568	7.242884877035624	7.320648447384384	0.1475085510847136	0.0895808950573151	baseline_deployable	leave_clade_out	0.3963455125924481	0.27045873149320215	0.49820920761350307	True
anchor_anchor	insect_no_beetle_4096	c_elegans	0.5383685302773058	insect	other	nan	nan	nan	insect_no_beetle_to_insect_fine	0.833784	0.964483	0.860195	10289793	9177183	0.3579248046875	900.0	2.9542425094393248	0	100286401	7	20924180	17493829	3	0.0	0.371376	1000000	8.001242045970857	0.8450980400142568	7.242884877035624	7.320648447384384	0.1475085510847136	0.0895808950573151	baseline_deployable	leave_clade_out	0.3963455125924481	0.27045873149320215	0.1420230176848577	True
supp_h0_transfer	ntv2_500m_H0_w4096	c_elegans	0.345012472034356	human_h0_ntv2_500m	other	nan	nan	nan	transfer_BC_w4096	0.833784	0.964483	0.860195	10289793	9177183	0.3579248046875	900.0	2.9542425094393248	0	100286401	7	20924180	17493829	3	0.0	0.371376	1000000	8.001242045970857	0.8450980400142568	7.242884877035624	7.320648447384384	0.3448736563265228	0.3498680780416765	baseline_deployable	leave_clade_out	0.3583845906290364	0.2985389925426906	0.013372118594680404	True
final_errorbar	ntv3_100m_pre_w2048	c_elegans	0.2604444021620859	human_h0_ntv3_100m	other	animal_fine	3.0	0.0215523139867919	nan	0.833784	0.964483	0.860195	10289793	9177183	0.3579248046875	900.0	2.9542425094393248	0	100286401	7	20924180	17493829	3	0.0	0.371376	1000000	8.001242045970857	0.8450980400142568	7.242884877035624	7.320648447384384	0.3448736563265228	0.3498680780416765	baseline_deployable	leave_clade_out	0.3695930576295466	0.29499680742931983	0.10914865546746066	True
final_errorbar	ntv2_250m_w4096	c_elegans	0.1426005332526109	human_h0_ntv2_250m	other	animal_fine	3.0	0.0303152737505588	nan	0.833784	0.964483	0.860195	10289793	9177183	0.3579248046875	900.0	2.9542425094393248	0	100286401	7	20924180	17493829	3	0.0	0.371376	1000000	8.001242045970857	0.8450980400142568	7.242884877035624	7.320648447384384	0.3448736563265228	0.3498680780416765	baseline_deployable	leave_clade_out	0.34174152153851284	0.29374192675772753	0.19914098828590193	True
calib_anchor	TFREPAIR_invert_boost_animal_4096_seed42	cattle	0.9216935615407684	animal	vertebrate	nan	nan	nan	animal_invert_boost_to_cross_eval	0.48001	0.488924	0.963405	641516843	1264081324	nan	96.0	1.9822712330395684	1	2715853792	2211	158534110	103308737	12	0.0	0.438283	1000000	9.43390638599257	3.344588742578714	8.014137052114325	8.200122718862955	0.1961603645512639	0.1045802654699864	baseline_deployable	leave_clade_out	0.49604348280913835	0.39405099215333994	0.4256500787316301	True
calib_anchor	cross_supervised_4096	cattle	0.9213113792693672	cross	vertebrate	nan	nan	nan	cross_supervised_to_cross_eval	0.48001	0.488924	0.963405	641516843	1264081324	nan	96.0	1.9822712330395684	0	2715853792	2211	158534110	103308737	12	0.0	0.438283	1000000	9.43390638599257	3.344588742578714	8.014137052114325	8.200122718862955	0.1898193400311859	0.0914288745666459	baseline_deployable	leave_clade_out	0.4937627233140008	0.41392624162719427	0.42754865595536645	True
calib_anchor	insect_no_beetle_4096	cattle	0.2681289424464008	insect	vertebrate	nan	nan	nan	insect_no_beetle_to_cross_eval	0.48001	0.488924	0.963405	641516843	1264081324	nan	96.0	1.9822712330395684	0	2715853792	2211	158534110	103308737	12	0.0	0.438283	1000000	9.43390638599257	3.344588742578714	8.014137052114325	8.200122718862955	0.2674695235796735	0.15873003482616	baseline_deployable	leave_clade_out	0.6232530193171872	0.21253046600208586	0.35512407687078645	True
calib_anchor	plant_supervised_4096	cattle	0.0858809770068545	plant	vertebrate	nan	nan	nan	plant_supervised_to_cross_eval	0.48001	0.488924	0.963405	641516843	1264081324	nan	96.0	1.9822712330395684	0	2715853792	2211	158534110	103308737	12	0.0	0.438283	1000000	9.43390638599257	3.344588742578714	8.014137052114325	8.200122718862955	0.1939129743058688	0.0844629259880961	baseline_deployable	leave_clade_out	0.4772094638407866	0.40880237550230786	0.3913284868339321	True
supp_h0_transfer	ntv2_500m_H0_w4096	chicken	0.8516226680157541	human_h0_ntv2_500m	vertebrate	nan	nan	nan	transfer_BC_w4096	0.391291	0.394479	0.979765	40667484	101005421	0.4113284493284493	310.0	2.4913616938342726	0	1065365425	464	197608386	91315245	4	0.0017070808916752	0.549823	1000000	9.027498598235026	2.6665179805548807	7.96054328866985	8.29580537100184	0.1448915707647146	0.0601428909585745	baseline_deployable	leave_clade_out	0.407000934718186	0.275834265706037	0.44462173329756816	True
final_errorbar	ntv2_250m_w4096	chicken	0.843436719033926	human_h0_ntv2_250m	vertebrate	animal_fine	3.0	0.0193628216675568	nan	0.391291	0.394479	0.979765	40667484	101005421	0.4113284493284493	310.0	2.4913616938342726	0	1065365425	464	197608386	91315245	4	0.0017070808916752	0.549823	1000000	9.027498598235026	2.6665179805548807	7.96054328866985	8.29580537100184	0.1448915707647146	0.0601428909585745	baseline_deployable	leave_clade_out	0.393345448439594	0.2887562138522189	0.450091270594332	True
final_errorbar	ntv3_100m_pre_w2048	chicken	0.6195493201860316	human_h0_ntv3_100m	vertebrate	animal_fine	3.0	0.0701786703401454	nan	0.391291	0.394479	0.979765	40667484	101005421	0.4113284493284493	310.0	2.4913616938342726	0	1065365425	464	197608386	91315245	4	0.0017070808916752	0.549823	1000000	9.027498598235026	2.6665179805548807	7.96054328866985	8.29580537100184	0.1448915707647146	0.0601428909585745	baseline_deployable	leave_clade_out	0.48178531183123185	0.25659124249207205	0.13776400835479974	True
anchor_anchor	insect_no_beetle_4096	fruit_fly	0.944818571090276	insect	insect	nan	nan	nan	insect_no_beetle_to_insect_fine	0.888725	0.993839	0.893648	26497161	23825911	0.494656395206652	780.0	2.8920946026904804	1	143726002	1870	32079331	25286936	3	0.0	0.441621	1000000	8.157535345055386	3.271841606536499	7.402896209379677	7.506225302690743	0.1001622488462802	0.0254297426578645	baseline_deployable	leave_clade_out	0.7273644076749081	0.16646107192861104	0.21745416341536794	True
anchor_anchor	TFREPAIR_invert_boost_animal_4096_seed42	fruit_fly	0.9437257723304636	animal	insect	nan	nan	nan	animal_invert_boost_to_insect_fine	0.888725	0.993839	0.893648	26497161	23825911	0.494656395206652	780.0	2.8920946026904804	1	143726002	1870	32079331	25286936	3	0.0	0.441621	1000000	8.157535345055386	3.271841606536499	7.402896209379677	7.506225302690743	0.0783631596802407	0.0157474491106001	baseline_deployable	leave_clade_out	0.72946150027776	0.18153609823588573	0.2142642720527036	True
anchor_anchor	cross_supervised_4096	fruit_fly	0.942393180917196	cross	insect	nan	nan	nan	cross_supervised_to_insect_fine	0.888725	0.993839	0.893648	26497161	23825911	0.494656395206652	780.0	2.8920946026904804	0	143726002	1870	32079331	25286936	3	0.0	0.441621	1000000	8.157535345055386	3.271841606536499	7.402896209379677	7.506225302690743	0.0698216548368194	0.0106775865530966	baseline_deployable	leave_clade_out	0.8172820050535898	0.1283227196392206	0.1251111758636062	True
anchor_anchor	insect_primary_4096	fruit_fly	0.9413841255319276	insect	insect	nan	nan	nan	insect_primary_to_insect_fine	0.888725	0.993839	0.893648	26497161	23825911	0.494656395206652	780.0	2.8920946026904804	1	143726002	1870	32079331	25286936	3	0.0	0.441621	1000000	8.157535345055386	3.271841606536499	7.402896209379677	7.506225302690743	0.1001622488462802	0.0254297426578645	baseline_deployable	leave_clade_out	0.7273644076749081	0.16646107192861104	0.21401971785701956	True
supp_h0_transfer	ntv2_500m_H0_w4096	fruit_fly	0.6577990369528225	human_h0_ntv2_500m	insect	nan	nan	nan	transfer_BC_w4096	0.888725	0.993839	0.893648	26497161	23825911	0.494656395206652	780.0	2.8920946026904804	0	143726002	1870	32079331	25286936	3	0.0	0.441621	1000000	8.157535345055386	3.271841606536499	7.402896209379677	7.506225302690743	0.2474985795480165	0.15855331987712	baseline_deployable	leave_clade_out	0.4987243755850714	0.22447552702699056	0.1590746613677511	True
final_errorbar	ntv2_250m_w4096	fruit_fly	0.5533233517822065	human_h0_ntv2_250m	insect	animal_fine	3.0	0.0128215769678409	nan	0.888725	0.993839	0.893648	26497161	23825911	0.494656395206652	780.0	2.8920946026904804	0	143726002	1870	32079331	25286936	3	0.0	0.441621	1000000	8.157535345055386	3.271841606536499	7.402896209379677	7.506225302690743	0.2474985795480165	0.15855331987712	baseline_deployable	leave_clade_out	0.4769387458543222	0.22230496691864787	0.07638460592788426	True
final_errorbar	ntv3_100m_pre_w2048	fruit_fly	0.4822229619104726	human_h0_ntv3_100m	insect	animal_fine	3.0	0.1825771233602698	nan	0.888725	0.993839	0.893648	26497161	23825911	0.494656395206652	780.0	2.8920946026904804	0	143726002	1870	32079331	25286936	3	0.0	0.441621	1000000	8.157535345055386	3.271841606536499	7.402896209379677	7.506225302690743	0.2474985795480165	0.15855331987712	baseline_deployable	leave_clade_out	0.5428383207315961	0.14982041501053642	0.06061535882112351	True
calib_anchor	cross_supervised_4096	horse	0.8925601404845789	cross	vertebrate	nan	nan	nan	cross_supervised_to_cross_eval	0.791397	0.812579	0.968112	892563554	1063406667	nan	96.0	1.9822712330395684	0	188260577	1	188260577	188260577	1	0.0010189606601266	0.517305	1000000	8.27475938542357	0.0	8.27475938542357	8.27475938542357	0.2072733615749962	0.1175416603257882	baseline_deployable	leave_clade_out	0.4937627233140008	0.41392624162719427	0.3987974171705781	True
calib_anchor	TFREPAIR_invert_boost_animal_4096_seed42	horse	0.8913728851560259	animal	vertebrate	nan	nan	nan	animal_invert_boost_to_cross_eval	0.791397	0.812579	0.968112	892563554	1063406667	nan	96.0	1.9822712330395684	1	188260577	1	188260577	188260577	1	0.0010189606601266	0.517305	1000000	8.27475938542357	0.0	8.27475938542357	8.27475938542357	0.2056004978397222	0.1203089942757705	baseline_deployable	leave_clade_out	0.49604348280913835	0.39405099215333994	0.3953294023468875	True
calib_anchor	insect_no_beetle_4096	horse	0.1869044858967403	insect	vertebrate	nan	nan	nan	insect_no_beetle_to_cross_eval	0.791397	0.812579	0.968112	892563554	1063406667	nan	96.0	1.9822712330395684	0	188260577	1	188260577	188260577	1	0.0010189606601266	0.517305	1000000	8.27475938542357	0.0	8.27475938542357	8.27475938542357	0.2746396996501602	0.1850487156640525	baseline_deployable	leave_clade_out	0.6232530193171872	0.21253046600208586	0.43634853342044694	True
calib_anchor	plant_supervised_4096	horse	0.1025602154105038	plant	vertebrate	nan	nan	nan	plant_supervised_to_cross_eval	0.791397	0.812579	0.968112	892563554	1063406667	nan	96.0	1.9822712330395684	0	188260577	1	188260577	188260577	1	0.0010189606601266	0.517305	1000000	8.27475938542357	0.0	8.27475938542357	8.27475938542357	0.2026925587860898	0.1042618889160033	baseline_deployable	leave_clade_out	0.4772094638407866	0.40880237550230786	0.3746492484302828	True
supp_h0_transfer	ntv2_500m_H0_w4096	human	0.961411324419745	human_h0_ntv2_500m	vertebrate	nan	nan	nan	transfer_BC_w4096	0.948128	0.966802	0.980034	1410192187	1429492481	nan	6.0	0.7781512503836436	0	248387328	1	248387328	248387328	1	0.0	0.550911	1000000	8.395129435626702	0.0	8.395129435626702	8.395129435626702	0.0	-2.220446049250313e-16	baseline_deployable	leave_clade_out	0.30855826035013645	0.32563789896224155	0.6528530640696085	True
calib_anchor	TFREPAIR_invert_boost_animal_4096_seed42	human	0.904946115719272	animal	vertebrate	nan	nan	nan	animal_invert_boost_to_cross_eval	0.948128	0.966802	0.980034	1410192187	1429492481	nan	6.0	0.7781512503836436	1	248387328	1	248387328	248387328	1	0.0	0.550911	1000000	8.395129435626702	0.0	8.395129435626702	8.395129435626702	0.2473971321688795	0.1687976905989935	baseline_deployable	leave_clade_out	0.49604348280913835	0.39405099215333994	0.4089026329101336	True
calib_anchor	cross_supervised_4096	human	0.9023446184329426	cross	vertebrate	nan	nan	nan	cross_supervised_to_cross_eval	0.948128	0.966802	0.980034	1410192187	1429492481	nan	6.0	0.7781512503836436	0	248387328	1	248387328	248387328	1	0.0	0.550911	1000000	8.395129435626702	0.0	8.395129435626702	8.395129435626702	0.249220227348776	0.1685880996034323	baseline_deployable	leave_clade_out	0.4937627233140008	0.41392624162719427	0.4085818951189418	True
calib_anchor	insect_no_beetle_4096	human	0.1477908337777611	insect	vertebrate	nan	nan	nan	insect_no_beetle_to_cross_eval	0.948128	0.966802	0.980034	1410192187	1429492481	nan	6.0	0.7781512503836436	0	248387328	1	248387328	248387328	1	0.0	0.550911	1000000	8.395129435626702	0.0	8.395129435626702	8.395129435626702	0.3042605063379114	0.2325830037417954	baseline_deployable	leave_clade_out	0.6232530193171872	0.21253046600208586	0.47546218553942615	True
calib_anchor	plant_supervised_4096	human	0.1214275571269181	plant	vertebrate	nan	nan	nan	plant_supervised_to_cross_eval	0.948128	0.966802	0.980034	1410192187	1429492481	nan	6.0	0.7781512503836436	0	248387328	1	248387328	248387328	1	0.0	0.550911	1000000	8.395129435626702	0.0	8.395129435626702	8.395129435626702	0.242491599474234	0.153922806418943	baseline_deployable	leave_clade_out	0.4772094638407866	0.40880237550230786	0.3557819067138685	True
calib_anchor	TFREPAIR_invert_boost_animal_4096_seed42	lizard	0.2416400416987031	animal	vertebrate	nan	nan	nan	animal_invert_boost_to_cross_eval	0.038956	0.053715	0.12417	41691771	96375917	nan	320.0	2.505149978319906	1	1799143587	6457	263920458	150641573	5	0.1263239468490436	0.405226	1000000	9.25506582513172	3.81003078640584	8.177944841937268	8.42147305620014	0.1334641792289605	0.0269436863730062	baseline_deployable	leave_clade_out	0.49604348280913835	0.39405099215333994	0.2544034411104352	True
calib_anchor	TFREPAIR_invert_boost_animal_4096_seed42	lizard	0.2416400416987031	animal	vertebrate	nan	nan	nan	animal_invert_boost_to_stress_eval	0.038956	0.053715	0.12417	41691771	96375917	nan	320.0	2.505149978319906	1	1799143587	6457	263920458	150641573	5	0.1263239468490436	0.405226	1000000	9.25506582513172	3.81003078640584	8.177944841937268	8.42147305620014	0.1334641792289605	0.0269436863730062	baseline_deployable	leave_clade_out	0.49604348280913835	0.39405099215333994	0.2544034411104352	True
anchor_anchor	TFREPAIR_invert_boost_animal_4096_seed42	lizard	0.2416400416987031	animal	vertebrate	nan	nan	nan	animal_invert_boost_to_insect_stress	0.038956	0.053715	0.12417	41691771	96375917	nan	320.0	2.505149978319906	1	1799143587	6457	263920458	150641573	5	0.1263239468490436	0.405226	1000000	9.25506582513172	3.81003078640584	8.177944841937268	8.42147305620014	0.1334641792289605	0.0269436863730062	baseline_deployable	leave_clade_out	0.49604348280913835	0.39405099215333994	0.2544034411104352	True
calib_anchor	cross_supervised_4096	lizard	0.2400380045378313	cross	vertebrate	nan	nan	nan	cross_supervised_to_cross_eval	0.038956	0.053715	0.12417	41691771	96375917	nan	320.0	2.505149978319906	0	1799143587	6457	263920458	150641573	5	0.1263239468490436	0.405226	1000000	9.25506582513172	3.81003078640584	8.177944841937268	8.42147305620014	0.1250077775938211	0.0186955209400064	baseline_deployable	leave_clade_out	0.4937627233140008	0.41392624162719427	0.2537247187761695	True
anchor_anchor	cross_supervised_4096	lizard	0.2400380045378313	cross	vertebrate	nan	nan	nan	cross_supervised_to_insect_stress	0.038956	0.053715	0.12417	41691771	96375917	nan	320.0	2.505149978319906	0	1799143587	6457	263920458	150641573	5	0.1263239468490436	0.405226	1000000	9.25506582513172	3.81003078640584	8.177944841937268	8.42147305620014	0.1250077775938211	0.0186955209400064	baseline_deployable	leave_clade_out	0.4937627233140008	0.41392624162719427	0.2537247187761695	True
calib_anchor	cross_supervised_4096	lizard	0.2400378125654802	cross	vertebrate	nan	nan	nan	cross_supervised_to_stress_eval	0.038956	0.053715	0.12417	41691771	96375917	nan	320.0	2.505149978319906	0	1799143587	6457	263920458	150641573	5	0.1263239468490436	0.405226	1000000	9.25506582513172	3.81003078640584	8.177944841937268	8.42147305620014	0.1250077775938211	0.0186955209400064	baseline_deployable	leave_clade_out	0.4937627233140008	0.41392624162719427	0.25372491074852055	True
calib_anchor	plant_supervised_4096	lizard	0.1506094759615682	plant	vertebrate	nan	nan	nan	plant_supervised_to_cross_eval	0.038956	0.053715	0.12417	41691771	96375917	nan	320.0	2.505149978319906	0	1799143587	6457	263920458	150641573	5	0.1263239468490436	0.405226	1000000	9.25506582513172	3.81003078640584	8.177944841937268	8.42147305620014	0.1437007905780181	0.0244025014930751	baseline_deployable	leave_clade_out	0.4772094638407866	0.40880237550230786	0.3265999878792184	True
calib_anchor	plant_supervised_4096	lizard	0.1506082021187199	plant	vertebrate	nan	nan	nan	plant_supervised_to_stress_eval	0.038956	0.053715	0.12417	41691771	96375917	nan	320.0	2.505149978319906	0	1799143587	6457	263920458	150641573	5	0.1263239468490436	0.405226	1000000	9.25506582513172	3.81003078640584	8.177944841937268	8.42147305620014	0.1437007905780181	0.0244025014930751	baseline_deployable	leave_clade_out	0.4772094638407866	0.40880237550230786	0.3266012617220667	True
anchor_anchor	insect_no_beetle_4096	lizard	0.1418302477559669	insect	vertebrate	nan	nan	nan	insect_no_beetle_to_insect_stress	0.038956	0.053715	0.12417	41691771	96375917	nan	320.0	2.505149978319906	0	1799143587	6457	263920458	150641573	5	0.1263239468490436	0.405226	1000000	9.25506582513172	3.81003078640584	8.177944841937268	8.42147305620014	0.2227930854265778	0.0763356261809606	baseline_deployable	leave_clade_out	0.6232530193171872	0.21253046600208586	0.4814227715612204	True
calib_anchor	insect_no_beetle_4096	lizard	0.1418301390195415	insect	vertebrate	nan	nan	nan	insect_no_beetle_to_cross_eval	0.038956	0.053715	0.12417	41691771	96375917	nan	320.0	2.505149978319906	0	1799143587	6457	263920458	150641573	5	0.1263239468490436	0.405226	1000000	9.25506582513172	3.81003078640584	8.177944841937268	8.42147305620014	0.2227930854265778	0.0763356261809606	baseline_deployable	leave_clade_out	0.6232530193171872	0.21253046600208586	0.48142288029764574	True
calib_anchor	insect_no_beetle_4096	lizard	0.1418301390195415	insect	vertebrate	nan	nan	nan	insect_no_beetle_to_stress_eval	0.038956	0.053715	0.12417	41691771	96375917	nan	320.0	2.505149978319906	0	1799143587	6457	263920458	150641573	5	0.1263239468490436	0.405226	1000000	9.25506582513172	3.81003078640584	8.177944841937268	8.42147305620014	0.2227930854265778	0.0763356261809606	baseline_deployable	leave_clade_out	0.6232530193171872	0.21253046600208586	0.48142288029764574	True
anchor_anchor	insect_primary_4096	lizard	0.1034366102674265	insect	vertebrate	nan	nan	nan	insect_primary_to_insect_stress	0.038956	0.053715	0.12417	41691771	96375917	nan	320.0	2.505149978319906	0	1799143587	6457	263920458	150641573	5	0.1263239468490436	0.405226	1000000	9.25506582513172	3.81003078640584	8.177944841937268	8.42147305620014	0.2227930854265778	0.0763356261809606	baseline_deployable	leave_clade_out	0.6232530193171872	0.21253046600208586	0.5198164090497608	True
calib_anchor	cross_supervised_4096	maize	0.9629892479990332	cross	plant	nan	nan	nan	cross_supervised_to_plant_fine	0.095466	0.095627	0.982637	173317530	1780954681	0.46090576171875	1500.0	3.1760912590556813	0	2182075994	685	308452471	226353449	5	0.0	0.477492	1000000	9.338869871458623	2.835690571492425	8.354787116327433	8.489188253709083	0.1047342415691722	0.0352286667600957	baseline_deployable	leave_clade_out	0.7125934501013479	0.2376056040023552	0.2503957978976853	True
calib_anchor	plant_supervised_4096	maize	0.9619894139220538	plant	plant	nan	nan	nan	plant_supervised_to_plant_fine	0.095466	0.095627	0.982637	173317530	1780954681	0.46090576171875	1500.0	3.1760912590556813	1	2182075994	685	308452471	226353449	5	0.0	0.477492	1000000	9.338869871458623	2.835690571492425	8.354787116327433	8.489188253709083	0.0750299551353519	0.0155648060873412	baseline_deployable	leave_clade_out	0.7301274326274249	0.26279121971662306	0.23186198129462898	True
calib_anchor	TFREPAIR_invert_boost_animal_4096_seed42	maize	0.9051649037911726	animal	plant	nan	nan	nan	animal_invert_boost_to_plant_fine	0.095466	0.095627	0.982637	173317530	1780954681	0.46090576171875	1500.0	3.1760912590556813	0	2182075994	685	308452471	226353449	5	0.0	0.477492	1000000	9.338869871458623	2.835690571492425	8.354787116327433	8.489188253709083	0.1273374287069573	0.0533723910378969	baseline_deployable	leave_clade_out	0.7168742998819211	0.22581464476002316	0.18829060390925156	True
calib_anchor	insect_no_beetle_4096	maize	0.8258861241547802	insect	plant	nan	nan	nan	insect_no_beetle_to_plant_fine	0.095466	0.095627	0.982637	173317530	1780954681	0.46090576171875	1500.0	3.1760912590556813	0	2182075994	685	308452471	226353449	5	0.0	0.477492	1000000	9.338869871458623	2.835690571492425	8.354787116327433	8.489188253709083	0.1559084305251094	0.0702371900678909	baseline_deployable	leave_clade_out	0.749881206639109	0.17138396337796374	0.07600491751567129	True
final_errorbar	ntv3_100m_pre_w2048	maize	0.6762307311381123	human_h0_ntv3_100m	plant	plant_fine	3.0	0.0224912037604054	nan	0.095466	0.095627	0.982637	173317530	1780954681	0.46090576171875	1500.0	3.1760912590556813	0	2182075994	685	308452471	226353449	5	0.0	0.477492	1000000	9.338869871458623	2.835690571492425	8.354787116327433	8.489188253709083	0.2040939811147172	0.106620240001949	baseline_deployable	leave_clade_out	0.5431315393478784	0.18002299659769577	0.13309919179023388	True
final_errorbar	ntv2_250m_w4096	maize	0.2409539973278451	human_h0_ntv2_250m	plant	plant_fine	3.0	0.0067936566735462	nan	0.095466	0.095627	0.982637	173317530	1780954681	0.46090576171875	1500.0	3.1760912590556813	0	2182075994	685	308452471	226353449	5	0.0	0.477492	1000000	9.338869871458623	2.835690571492425	8.354787116327433	8.489188253709083	0.2040939811147172	0.106620240001949	baseline_deployable	leave_clade_out	0.635011798828154	0.20821051256684667	0.3940578015003089	True
supp_h0_transfer	ntv2_500m_H0_w4096	maize	0.2346799513542635	human_h0_ntv2_500m	plant	nan	nan	nan	transfer_BC_w4096	0.095466	0.095627	0.982637	173317530	1780954681	0.46090576171875	1500.0	3.1760912590556813	0	2182075994	685	308452471	226353449	5	0.0	0.477492	1000000	9.338869871458623	2.835690571492425	8.354787116327433	8.489188253709083	0.2040939811147172	0.106620240001949	baseline_deployable	leave_clade_out	0.6790196343282298	0.2126616002826859	0.44433968297396625	True
supp_h0_transfer	ntv2_500m_H0_w4096	mouse	0.937559801228433	human_h0_ntv2_500m	vertebrate	nan	nan	nan	transfer_BC_w4096	0.892472	0.903571	0.986424	1012599366	1105449631	0.4245689865689865	90.0	1.9542425094393248	0	2728222451	61	195154279	130530862	9	0.7530864197530864	0.386286	1000000	9.435879778485567	1.7853298350107671	8.115713206016725	8.290378078167688	0.3013870747975756	0.1905529139271684	baseline_deployable	leave_clade_out	0.407000934718186	0.275834265706037	0.530558866510247	True
final_errorbar	ntv2_250m_w4096	mouse	0.9180812946491188	human_h0_ntv2_250m	vertebrate	animal_fine	3.0	0.0328346949301695	nan	0.892472	0.903571	0.986424	1012599366	1105449631	0.4245689865689865	90.0	1.9542425094393248	0	2728222451	61	195154279	130530862	9	0.7530864197530864	0.386286	1000000	9.435879778485567	1.7853298350107671	8.115713206016725	8.290378078167688	0.3013870747975756	0.1905529139271684	baseline_deployable	leave_clade_out	0.393345448439594	0.2887562138522189	0.5247358462095248	True
final_errorbar	ntv3_100m_pre_w2048	mouse	0.7771925460040144	human_h0_ntv3_100m	vertebrate	animal_fine	3.0	0.0909697815563608	nan	0.892472	0.903571	0.986424	1012599366	1105449631	0.4245689865689865	90.0	1.9542425094393248	0	2728222451	61	195154279	130530862	9	0.7530864197530864	0.386286	1000000	9.435879778485567	1.7853298350107671	8.115713206016725	8.290378078167688	0.3013870747975756	0.1905529139271684	baseline_deployable	leave_clade_out	0.48178531183123185	0.25659124249207205	0.2954072341727826	True
calib_anchor	TFREPAIR_invert_boost_animal_4096_seed42	opossum	0.8811419601553324	animal	vertebrate	nan	nan	nan	animal_invert_boost_to_cross_eval	0.387702	0.396173	0.947731	784870682	1877580601	nan	160.0	2.204119982655925	1	3605631728	11	748055161	527952102	3	0.0177926855021289	0.435701	1000000	9.556981366683372	1.041392685158225	8.72259452332798	8.873933623579223	0.1607102295887423	0.0512806903667795	baseline_deployable	leave_clade_out	0.49604348280913835	0.39405099215333994	0.38509847734619407	True
calib_anchor	cross_supervised_4096	opossum	0.8799647530707007	cross	vertebrate	nan	nan	nan	cross_supervised_to_cross_eval	0.387702	0.396173	0.947731	784870682	1877580601	nan	160.0	2.204119982655925	0	3605631728	11	748055161	527952102	3	0.0177926855021289	0.435701	1000000	9.556981366683372	1.041392685158225	8.72259452332798	8.873933623579223	0.1586751820351534	0.0461873669021071	baseline_deployable	leave_clade_out	0.4937627233140008	0.41392624162719427	0.38620202975669987	True
calib_anchor	insect_no_beetle_4096	opossum	0.3505344111723824	insect	vertebrate	nan	nan	nan	insect_no_beetle_to_cross_eval	0.387702	0.396173	0.947731	784870682	1877580601	nan	160.0	2.204119982655925	0	3605631728	11	748055161	527952102	3	0.0177926855021289	0.435701	1000000	9.556981366683372	1.041392685158225	8.72259452332798	8.873933623579223	0.2442594329957188	0.1031924297457334	baseline_deployable	leave_clade_out	0.6232530193171872	0.21253046600208586	0.27271860814480486	True
calib_anchor	plant_supervised_4096	opossum	0.3131202191971405	plant	vertebrate	nan	nan	nan	plant_supervised_to_cross_eval	0.387702	0.396173	0.947731	784870682	1877580601	nan	160.0	2.204119982655925	0	3605631728	11	748055161	527952102	3	0.0177926855021289	0.435701	1000000	9.556981366683372	1.041392685158225	8.72259452332798	8.873933623579223	0.1664911752100362	0.0432563267938208	baseline_deployable	leave_clade_out	0.4772094638407866	0.40880237550230786	0.1640892446436461	True
calib_anchor	TFREPAIR_invert_boost_animal_4096_seed42	pig	0.8761131743803473	animal	vertebrate	nan	nan	nan	animal_invert_boost_to_cross_eval	0.582164	0.594998	0.964273	664295117	1076577590	nan	96.0	1.9822712330395684	1	274330532	1	274330532	274330532	1	0.0	0.530948	1000000	8.438274145705899	0.0	8.438274145705899	8.438274145705899	0.2077955972696367	0.1201355226055826	baseline_deployable	leave_clade_out	0.49604348280913835	0.39405099215333994	0.38006969157120896	True
calib_anchor	cross_supervised_4096	pig	0.8761042913185231	cross	vertebrate	nan	nan	nan	cross_supervised_to_cross_eval	0.582164	0.594998	0.964273	664295117	1076577590	nan	96.0	1.9822712330395684	0	274330532	1	274330532	274330532	1	0.0	0.530948	1000000	8.438274145705899	0.0	8.438274145705899	8.438274145705899	0.2098828548461344	0.1185655744818539	baseline_deployable	leave_clade_out	0.4937627233140008	0.41392624162719427	0.3823415680045223	True
calib_anchor	insect_no_beetle_4096	pig	0.1493562637371058	insect	vertebrate	nan	nan	nan	insect_no_beetle_to_cross_eval	0.582164	0.594998	0.964273	664295117	1076577590	nan	96.0	1.9822712330395684	0	274330532	1	274330532	274330532	1	0.0	0.530948	1000000	8.438274145705899	0.0	8.438274145705899	8.438274145705899	0.2607430443062736	0.1731967686892715	baseline_deployable	leave_clade_out	0.6232530193171872	0.21253046600208586	0.47389675558008143	True
calib_anchor	plant_supervised_4096	pig	0.0856805344147079	plant	vertebrate	nan	nan	nan	plant_supervised_to_cross_eval	0.582164	0.594998	0.964273	664295117	1076577590	nan	96.0	1.9822712330395684	0	274330532	1	274330532	274330532	1	0.0	0.530948	1000000	8.438274145705899	0.0	8.438274145705899	8.438274145705899	0.2025970561124229	0.105606010363931	baseline_deployable	leave_clade_out	0.4772094638407866	0.40880237550230786	0.3915289294260787	True
calib_anchor	insect_no_beetle_4096	red_flour_beetle	0.0059299524368398	insect	insect	nan	nan	nan	insect_no_beetle_to_cross_eval	0.027167	0.29354	0.029068	1816066	179836	nan	820.0	2.9138138523837167	1	199682416	2211	32080666	13894384	6	0.0	0.330472	1000000	8.300339822655378	3.344588742578714	7.142839297329219	7.506243375731907	0.182358478678621	0.080736532281517	baseline_deployable	leave_clade_out	0.6448743064405486	0.20036122395336672	0.6389443540037087	True
calib_anchor	insect_no_beetle_4096	red_flour_beetle	0.0059299524368398	insect	insect	nan	nan	nan	insect_no_beetle_to_stress_eval	0.027167	0.29354	0.029068	1816066	179836	nan	820.0	2.9138138523837167	1	199682416	2211	32080666	13894384	6	0.0	0.330472	1000000	8.300339822655378	3.344588742578714	7.142839297329219	7.506243375731907	0.182358478678621	0.080736532281517	baseline_deployable	leave_clade_out	0.6448743064405486	0.20036122395336672	0.6389443540037087	True
anchor_anchor	insect_no_beetle_4096	red_flour_beetle	0.0059299524368398	insect	insect	nan	nan	nan	insect_no_beetle_to_insect_stress	0.027167	0.29354	0.029068	1816066	179836	nan	820.0	2.9138138523837167	1	199682416	2211	32080666	13894384	6	0.0	0.330472	1000000	8.300339822655378	3.344588742578714	7.142839297329219	7.506243375731907	0.182358478678621	0.080736532281517	baseline_deployable	leave_clade_out	0.6448743064405486	0.20036122395336672	0.6389443540037087	True
anchor_anchor	insect_primary_4096	red_flour_beetle	0.0053634200258507	insect	insect	nan	nan	nan	insect_primary_to_insect_stress	0.027167	0.29354	0.029068	1816066	179836	nan	820.0	2.9138138523837167	1	199682416	2211	32080666	13894384	6	0.0	0.330472	1000000	8.300339822655378	3.344588742578714	7.142839297329219	7.506243375731907	0.182358478678621	0.080736532281517	baseline_deployable	leave_clade_out	0.6448743064405486	0.20036122395336672	0.6395108864146979	True
calib_anchor	TFREPAIR_invert_boost_animal_4096_seed42	red_flour_beetle	0.0044488885799382	animal	insect	nan	nan	nan	animal_invert_boost_to_cross_eval	0.027167	0.29354	0.029068	1816066	179836	nan	820.0	2.9138138523837167	1	199682416	2211	32080666	13894384	6	0.0	0.330472	1000000	8.300339822655378	3.344588742578714	7.142839297329219	7.506243375731907	0.1716680913935699	0.0724491888367001	baseline_deployable	leave_clade_out	0.668688218692253	0.216406727470053	0.6642393301123148	True
calib_anchor	TFREPAIR_invert_boost_animal_4096_seed42	red_flour_beetle	0.0044488885799382	animal	insect	nan	nan	nan	animal_invert_boost_to_stress_eval	0.027167	0.29354	0.029068	1816066	179836	nan	820.0	2.9138138523837167	1	199682416	2211	32080666	13894384	6	0.0	0.330472	1000000	8.300339822655378	3.344588742578714	7.142839297329219	7.506243375731907	0.1716680913935699	0.0724491888367001	baseline_deployable	leave_clade_out	0.668688218692253	0.216406727470053	0.6642393301123148	True
anchor_anchor	TFREPAIR_invert_boost_animal_4096_seed42	red_flour_beetle	0.0044488885799382	animal	insect	nan	nan	nan	animal_invert_boost_to_insect_stress	0.027167	0.29354	0.029068	1816066	179836	nan	820.0	2.9138138523837167	1	199682416	2211	32080666	13894384	6	0.0	0.330472	1000000	8.300339822655378	3.344588742578714	7.142839297329219	7.506243375731907	0.1716680913935699	0.0724491888367001	baseline_deployable	leave_clade_out	0.668688218692253	0.216406727470053	0.6642393301123148	True
calib_anchor	cross_supervised_4096	red_flour_beetle	0.0030871384254842	cross	insect	nan	nan	nan	cross_supervised_to_cross_eval	0.027167	0.29354	0.029068	1816066	179836	nan	820.0	2.9138138523837167	0	199682416	2211	32080666	13894384	6	0.0	0.330472	1000000	8.300339822655378	3.344588742578714	7.142839297329219	7.506243375731907	0.1770641784426884	0.0859070146414682	baseline_deployable	leave_clade_out	0.7181661375679801	0.19593226354378962	0.7150789991424958	True
calib_anchor	cross_supervised_4096	red_flour_beetle	0.0030871384254842	cross	insect	nan	nan	nan	cross_supervised_to_stress_eval	0.027167	0.29354	0.029068	1816066	179836	nan	820.0	2.9138138523837167	0	199682416	2211	32080666	13894384	6	0.0	0.330472	1000000	8.300339822655378	3.344588742578714	7.142839297329219	7.506243375731907	0.1770641784426884	0.0859070146414682	baseline_deployable	leave_clade_out	0.7181661375679801	0.19593226354378962	0.7150789991424958	True
anchor_anchor	cross_supervised_4096	red_flour_beetle	0.0030871384254842	cross	insect	nan	nan	nan	cross_supervised_to_insect_stress	0.027167	0.29354	0.029068	1816066	179836	nan	820.0	2.9138138523837167	0	199682416	2211	32080666	13894384	6	0.0	0.330472	1000000	8.300339822655378	3.344588742578714	7.142839297329219	7.506243375731907	0.1770641784426884	0.0859070146414682	baseline_deployable	leave_clade_out	0.7181661375679801	0.19593226354378962	0.7150789991424958	True
calib_anchor	plant_supervised_4096	red_flour_beetle	0.0023709296255628	plant	insect	nan	nan	nan	plant_supervised_to_cross_eval	0.027167	0.29354	0.029068	1816066	179836	nan	820.0	2.9138138523837167	0	199682416	2211	32080666	13894384	6	0.0	0.330472	1000000	8.300339822655378	3.344588742578714	7.142839297329219	7.506243375731907	0.2062665763937115	0.1299963863429378	baseline_deployable	leave_clade_out	0.4982422712085228	0.3001224381751923	0.49587134158296003	True
calib_anchor	plant_supervised_4096	red_flour_beetle	0.0023709296255628	plant	insect	nan	nan	nan	plant_supervised_to_stress_eval	0.027167	0.29354	0.029068	1816066	179836	nan	820.0	2.9138138523837167	0	199682416	2211	32080666	13894384	6	0.0	0.330472	1000000	8.300339822655378	3.344588742578714	7.142839297329219	7.506243375731907	0.2062665763937115	0.1299963863429378	baseline_deployable	leave_clade_out	0.4982422712085228	0.3001224381751923	0.49587134158296003	True
calib_anchor	direct_red_flour_beetle_4096	red_flour_beetle	0.0	other_anchor	insect	nan	nan	nan	direct_beetle_to_cross_eval	0.027167	0.29354	0.029068	1816066	179836	nan	820.0	2.9138138523837167	0	199682416	2211	32080666	13894384	6	0.0	0.330472	1000000	8.300339822655378	3.344588742578714	7.142839297329219	7.506243375731907	0.387481875883399	0.3795499300235393	baseline_deployable	leave_clade_out	0.5345899420852933	0.2906878502636988	0.5345899420852933	True
calib_anchor	direct_red_flour_beetle_4096	red_flour_beetle	0.0	other_anchor	insect	nan	nan	nan	direct_beetle_to_stress_eval	0.027167	0.29354	0.029068	1816066	179836	nan	820.0	2.9138138523837167	0	199682416	2211	32080666	13894384	6	0.0	0.330472	1000000	8.300339822655378	3.344588742578714	7.142839297329219	7.506243375731907	0.387481875883399	0.3795499300235393	baseline_deployable	leave_clade_out	0.5345899420852933	0.2906878502636988	0.5345899420852933	True
calib_anchor	direct_western_honey_bee_4096	red_flour_beetle	0.0	other_anchor	insect	nan	nan	nan	direct_honeybee_to_cross_eval	0.027167	0.29354	0.029068	1816066	179836	nan	820.0	2.9138138523837167	0	199682416	2211	32080666	13894384	6	0.0	0.330472	1000000	8.300339822655378	3.344588742578714	7.142839297329219	7.506243375731907	0.387481875883399	0.3795499300235393	baseline_deployable	leave_clade_out	0.5345899420852933	0.2906878502636988	0.5345899420852933	True
calib_anchor	direct_western_honey_bee_4096	red_flour_beetle	0.0	other_anchor	insect	nan	nan	nan	direct_honeybee_to_stress_eval	0.027167	0.29354	0.029068	1816066	179836	nan	820.0	2.9138138523837167	0	199682416	2211	32080666	13894384	6	0.0	0.330472	1000000	8.300339822655378	3.344588742578714	7.142839297329219	7.506243375731907	0.387481875883399	0.3795499300235393	baseline_deployable	leave_clade_out	0.5345899420852933	0.2906878502636988	0.5345899420852933	True
calib_anchor	direct_red_flour_beetle_4096	red_flour_beetle	0.0	other_anchor	insect	nan	nan	nan	direct_beetle_own_holdout	0.027167	0.29354	0.029068	1816066	179836	nan	820.0	2.9138138523837167	0	199682416	2211	32080666	13894384	6	0.0	0.330472	1000000	8.300339822655378	3.344588742578714	7.142839297329219	7.506243375731907	0.387481875883399	0.3795499300235393	baseline_deployable	leave_clade_out	0.5345899420852933	0.2906878502636988	0.5345899420852933	True
calib_anchor	cross_supervised_4096	rice	0.8757886614942711	cross	plant	nan	nan	nan	cross_supervised_to_plant_fine	0.042709	0.042814	0.945597	6804792	150290274	0.4367724609375	1500.0	3.1760912590556813	0	375049285	63	43270923	29958434	6	0.0009990009990009	0.440543	1000000	8.574088341853379	1.7993405494535817	7.476519107994928	7.636196159112094	0.0509643028428826	0.0089788460254062	baseline_deployable	leave_clade_out	0.7195529838122547	0.23963524301947128	0.1562356776820164	True
calib_anchor	plant_supervised_4096	rice	0.8707687905287769	plant	plant	nan	nan	nan	plant_supervised_to_plant_fine	0.042709	0.042814	0.945597	6804792	150290274	0.4367724609375	1500.0	3.1760912590556813	1	375049285	63	43270923	29958434	6	0.0009990009990009	0.440543	1000000	8.574088341853379	1.7993405494535817	7.476519107994928	7.636196159112094	0.0266445732235012	0.0019077973482301	baseline_deployable	leave_clade_out	0.7330417136114997	0.2639373709460215	0.13772707691727715	True
calib_anchor	TFREPAIR_invert_boost_animal_4096_seed42	rice	0.7436754544113025	animal	plant	nan	nan	nan	animal_invert_boost_to_plant_fine	0.042709	0.042814	0.945597	6804792	150290274	0.4367724609375	1500.0	3.1760912590556813	0	375049285	63	43270923	29958434	6	0.0009990009990009	0.440543	1000000	8.574088341853379	1.7993405494535817	7.476519107994928	7.636196159112094	0.0884855408342787	0.024015940484199	baseline_deployable	leave_clade_out	0.7238338335928279	0.22781855717885235	0.019841620818474515	True
calib_anchor	insect_no_beetle_4096	rice	0.6461381376419327	insect	plant	nan	nan	nan	insect_no_beetle_to_plant_fine	0.042709	0.042814	0.945597	6804792	150290274	0.4367724609375	1500.0	3.1760912590556813	0	375049285	63	43270923	29958434	6	0.0009990009990009	0.440543	1000000	8.574088341853379	1.7993405494535817	7.476519107994928	7.636196159112094	0.1297892289697576	0.0416255932528221	baseline_deployable	leave_clade_out	0.7565896238450348	0.1711434971906512	0.11045148620310208	True
final_errorbar	ntv3_100m_pre_w2048	rice	0.4280118170164783	human_h0_ntv3_100m	plant	plant_fine	3.0	0.0089135891045139	nan	0.042709	0.042814	0.945597	6804792	150290274	0.4367724609375	1500.0	3.1760912590556813	0	375049285	63	43270923	29958434	6	0.0009990009990009	0.440543	1000000	8.574088341853379	1.7993405494535817	7.476519107994928	7.636196159112094	0.2387362365796297	0.1495374763496936	baseline_deployable	leave_clade_out	0.5478917172110109	0.18672939352444273	0.11987990019453265	True
final_errorbar	ntv2_250m_w4096	rice	0.1180575922330197	human_h0_ntv2_250m	plant	plant_fine	3.0	0.0082940112619889	nan	0.042709	0.042814	0.945597	6804792	150290274	0.4367724609375	1500.0	3.1760912590556813	0	375049285	63	43270923	29958434	6	0.0009990009990009	0.440543	1000000	8.574088341853379	1.7993405494535817	7.476519107994928	7.636196159112094	0.2387362365796297	0.1495374763496936	baseline_deployable	leave_clade_out	0.6414998197343442	0.21322971394669593	0.5234422275013245	True
supp_h0_transfer	ntv2_500m_H0_w4096	rice	0.115519977917328	human_h0_ntv2_500m	plant	nan	nan	nan	transfer_BC_w4096	0.042709	0.042814	0.945597	6804792	150290274	0.4367724609375	1500.0	3.1760912590556813	0	375049285	63	43270923	29958434	6	0.0009990009990009	0.440543	1000000	8.574088341853379	1.7993405494535817	7.476519107994928	7.636196159112094	0.2387362365796297	0.1495374763496936	baseline_deployable	leave_clade_out	0.6853691891274095	0.21591872013343308	0.5698492112100815	True
calib_anchor	cross_supervised_4096	sorghum	0.9154621597006132	cross	plant	nan	nan	nan	cross_supervised_to_plant_fine	0.057919	0.05798	0.982235	24648380	417568699	0.43649658203125	1500.0	3.1760912590556813	0	709344700	869	80884392	68658214	5	0.0	0.442729	1000000	8.85085732817176	2.9390197764486663	7.836692501973025	7.907864725292852	0.0537853232039029	0.0104612611262495	baseline_deployable	leave_clade_out	0.7195529838122547	0.23963524301947128	0.19590917588835843	True
calib_anchor	plant_supervised_4096	sorghum	0.9087078620701828	plant	plant	nan	nan	nan	plant_supervised_to_plant_fine	0.057919	0.05798	0.982235	24648380	417568699	0.43649658203125	1500.0	3.1760912590556813	1	709344700	869	80884392	68658214	5	0.0	0.442729	1000000	8.85085732817176	2.9390197764486663	7.836692501973025	7.907864725292852	0.0273914249208693	0.0019576048399221	baseline_deployable	leave_clade_out	0.7330417136114997	0.2639373709460215	0.1756661484586831	True
calib_anchor	TFREPAIR_invert_boost_animal_4096_seed42	sorghum	0.8370785739861111	animal	plant	nan	nan	nan	animal_invert_boost_to_plant_fine	0.057919	0.05798	0.982235	24648380	417568699	0.43649658203125	1500.0	3.1760912590556813	0	709344700	869	80884392	68658214	5	0.0	0.442729	1000000	8.85085732817176	2.9390197764486663	7.836692501973025	7.907864725292852	0.0942512747889714	0.0278449023844741	baseline_deployable	leave_clade_out	0.7238338335928279	0.22781855717885235	0.11324474039328314	True
calib_anchor	insect_no_beetle_4096	sorghum	0.7395318366775196	insect	plant	nan	nan	nan	insect_no_beetle_to_plant_fine	0.057919	0.05798	0.982235	24648380	417568699	0.43649658203125	1500.0	3.1760912590556813	0	709344700	869	80884392	68658214	5	0.0	0.442729	1000000	8.85085732817176	2.9390197764486663	7.836692501973025	7.907864725292852	0.1395994473150001	0.0492361155990339	baseline_deployable	leave_clade_out	0.7565896238450348	0.1711434971906512	0.01705778716751516	True
final_errorbar	ntv3_100m_pre_w2048	sorghum	0.4747462171975484	human_h0_ntv3_100m	plant	plant_fine	3.0	0.0156681636990695	nan	0.057919	0.05798	0.982235	24648380	417568699	0.43649658203125	1500.0	3.1760912590556813	0	709344700	869	80884392	68658214	5	0.0	0.442729	1000000	8.85085732817176	2.9390197764486663	7.836692501973025	7.907864725292852	0.2366280772731148	0.1465793330978378	baseline_deployable	leave_clade_out	0.5478917172110109	0.18672939352444273	0.07314550001346254	True
supp_h0_transfer	ntv2_500m_H0_w4096	sorghum	0.1793904911276665	human_h0_ntv2_500m	plant	nan	nan	nan	transfer_BC_w4096	0.057919	0.05798	0.982235	24648380	417568699	0.43649658203125	1500.0	3.1760912590556813	0	709344700	869	80884392	68658214	5	0.0	0.442729	1000000	8.85085732817176	2.9390197764486663	7.836692501973025	7.907864725292852	0.2366280772731148	0.1465793330978378	baseline_deployable	leave_clade_out	0.6853691891274095	0.21591872013343308	0.505978697999743	True
final_errorbar	ntv2_250m_w4096	sorghum	0.1551588113564608	human_h0_ntv2_250m	plant	plant_fine	3.0	0.0342168256944894	nan	0.057919	0.05798	0.982235	24648380	417568699	0.43649658203125	1500.0	3.1760912590556813	0	709344700	869	80884392	68658214	5	0.0	0.442729	1000000	8.85085732817176	2.9390197764486663	7.836692501973025	7.907864725292852	0.2366280772731148	0.1465793330978378	baseline_deployable	leave_clade_out	0.6414998197343442	0.21322971394669593	0.4863410083778834	True
calib_anchor	TFREPAIR_invert_boost_animal_4096_seed42	soybean	0.5650860204945004	animal	plant	nan	nan	nan	animal_invert_boost_to_cross_eval	0.121572	0.122064	0.967888	51176368	405794558	nan	1550.0	3.1903316981702914	0	978491270	1190	58018742	48577505	10	0.0140867288186392	0.330132	1000000	8.990556955279926	3.0755469613925306	7.686435205146788	7.763568307914055	0.1721211082809056	0.0467496388777612	baseline_deployable	leave_clade_out	0.17083923807297935	0.18512180004891715	0.39424678242152106	True
calib_anchor	TFREPAIR_invert_boost_animal_4096_seed42	soybean	0.5650854892493286	animal	plant	nan	nan	nan	animal_invert_boost_to_plant_eval	0.121572	0.122064	0.967888	51176368	405794558	nan	1550.0	3.1903316981702914	0	978491270	1190	58018742	48577505	10	0.0140867288186392	0.330132	1000000	8.990556955279926	3.0755469613925306	7.686435205146788	7.763568307914055	0.1721211082809056	0.0467496388777612	baseline_deployable	leave_clade_out	0.17083923807297935	0.18512180004891715	0.3942462511763492	True
calib_anchor	insect_no_beetle_4096	soybean	0.4867824461937038	insect	plant	nan	nan	nan	insect_no_beetle_to_cross_eval	0.121572	0.122064	0.967888	51176368	405794558	nan	1550.0	3.1903316981702914	0	978491270	1190	58018742	48577505	10	0.0140867288186392	0.330132	1000000	8.990556955279926	3.0755469613925306	7.686435205146788	7.763568307914055	0.2213663352869438	0.0708915192575917	baseline_deployable	leave_clade_out	0.32712367764996214	0.17678277526562236	0.15965876854374167	True
calib_anchor	insect_no_beetle_4096	soybean	0.4867824461937038	insect	plant	nan	nan	nan	insect_no_beetle_to_plant_eval	0.121572	0.122064	0.967888	51176368	405794558	nan	1550.0	3.1903316981702914	0	978491270	1190	58018742	48577505	10	0.0140867288186392	0.330132	1000000	8.990556955279926	3.0755469613925306	7.686435205146788	7.763568307914055	0.2213663352869438	0.0708915192575917	baseline_deployable	leave_clade_out	0.32712367764996214	0.17678277526562236	0.15965876854374167	True
calib_anchor	cross_supervised_4096	soybean	0.4136761357660033	cross	plant	nan	nan	nan	cross_supervised_to_cross_eval	0.121572	0.122064	0.967888	51176368	405794558	nan	1550.0	3.1903316981702914	0	978491270	1190	58018742	48577505	10	0.0140867288186392	0.330132	1000000	8.990556955279926	3.0755469613925306	7.686435205146788	7.763568307914055	0.1689640981121739	0.0484850139947763	baseline_deployable	leave_clade_out	0.17484171050577904	0.1979376843371432	0.23883442526022428	True
calib_anchor	cross_supervised_4096	soybean	0.4136761357660033	cross	plant	nan	nan	nan	cross_supervised_to_plant_eval	0.121572	0.122064	0.967888	51176368	405794558	nan	1550.0	3.1903316981702914	0	978491270	1190	58018742	48577505	10	0.0140867288186392	0.330132	1000000	8.990556955279926	3.0755469613925306	7.686435205146788	7.763568307914055	0.1689640981121739	0.0484850139947763	baseline_deployable	leave_clade_out	0.17484171050577904	0.1979376843371432	0.23883442526022428	True
calib_anchor	plant_supervised_4096	soybean	0.4115535505913839	plant	plant	nan	nan	nan	plant_supervised_to_cross_eval	0.121572	0.122064	0.967888	51176368	405794558	nan	1550.0	3.1903316981702914	1	978491270	1190	58018742	48577505	10	0.0140867288186392	0.330132	1000000	8.990556955279926	3.0755469613925306	7.686435205146788	7.763568307914055	0.1946953499497931	0.0763255186024801	baseline_deployable	leave_clade_out	0.19044305774288192	0.19348712097386422	0.22111049284850195	True
calib_anchor	plant_supervised_4096	soybean	0.4115535505913839	plant	plant	nan	nan	nan	plant_supervised_to_plant_eval	0.121572	0.122064	0.967888	51176368	405794558	nan	1550.0	3.1903316981702914	1	978491270	1190	58018742	48577505	10	0.0140867288186392	0.330132	1000000	8.990556955279926	3.0755469613925306	7.686435205146788	7.763568307914055	0.1946953499497931	0.0763255186024801	baseline_deployable	leave_clade_out	0.19044305774288192	0.19348712097386422	0.22111049284850195	True
calib_anchor	plant_supervised_4096	teosinte	0.9308197551982428	plant	plant	nan	nan	nan	plant_supervised_to_cross_eval	0.086856	0.088019	0.868021	259955621	2563626352	nan	1500.0	3.1760912590556813	1	3290921811	8365	294039681	175094470	8	0.0	0.438516	1000000	9.517317564015846	3.922465945298413	8.243272429998866	8.468405942917126	0.2100077500333409	0.103231294898657	baseline_deployable	leave_clade_out	0.19044305774288192	0.19348712097386422	0.7403766974553608	True
calib_anchor	plant_supervised_4096	teosinte	0.9308197551982428	plant	plant	nan	nan	nan	plant_supervised_to_plant_eval	0.086856	0.088019	0.868021	259955621	2563626352	nan	1500.0	3.1760912590556813	1	3290921811	8365	294039681	175094470	8	0.0	0.438516	1000000	9.517317564015846	3.922465945298413	8.243272429998866	8.468405942917126	0.2100077500333409	0.103231294898657	baseline_deployable	leave_clade_out	0.19044305774288192	0.19348712097386422	0.7403766974553608	True
calib_anchor	cross_supervised_4096	teosinte	0.9299634062638152	cross	plant	nan	nan	nan	cross_supervised_to_cross_eval	0.086856	0.088019	0.868021	259955621	2563626352	nan	1500.0	3.1760912590556813	0	3290921811	8365	294039681	175094470	8	0.0	0.438516	1000000	9.517317564015846	3.922465945298413	8.243272429998866	8.468405942917126	0.2120411295082017	0.1047709646574465	baseline_deployable	leave_clade_out	0.17484171050577904	0.1979376843371432	0.7551216957580362	True
calib_anchor	cross_supervised_4096	teosinte	0.9299634062638152	cross	plant	nan	nan	nan	cross_supervised_to_plant_eval	0.086856	0.088019	0.868021	259955621	2563626352	nan	1500.0	3.1760912590556813	0	3290921811	8365	294039681	175094470	8	0.0	0.438516	1000000	9.517317564015846	3.922465945298413	8.243272429998866	8.468405942917126	0.2120411295082017	0.1047709646574465	baseline_deployable	leave_clade_out	0.17484171050577904	0.1979376843371432	0.7551216957580362	True
calib_anchor	TFREPAIR_invert_boost_animal_4096_seed42	teosinte	0.8886845637016639	animal	plant	nan	nan	nan	animal_invert_boost_to_cross_eval	0.086856	0.088019	0.868021	259955621	2563626352	nan	1500.0	3.1760912590556813	0	3290921811	8365	294039681	175094470	8	0.0	0.438516	1000000	9.517317564015846	3.922465945298413	8.243272429998866	8.468405942917126	0.2168178063542519	0.1112460410900726	baseline_deployable	leave_clade_out	0.17083923807297935	0.18512180004891715	0.7178453256286845	True
calib_anchor	TFREPAIR_invert_boost_animal_4096_seed42	teosinte	0.8886845637016639	animal	plant	nan	nan	nan	animal_invert_boost_to_plant_eval	0.086856	0.088019	0.868021	259955621	2563626352	nan	1500.0	3.1760912590556813	0	3290921811	8365	294039681	175094470	8	0.0	0.438516	1000000	9.517317564015846	3.922465945298413	8.243272429998866	8.468405942917126	0.2168178063542519	0.1112460410900726	baseline_deployable	leave_clade_out	0.17083923807297935	0.18512180004891715	0.7178453256286845	True
calib_anchor	insect_no_beetle_4096	teosinte	0.7928110204987012	insect	plant	nan	nan	nan	insect_no_beetle_to_cross_eval	0.086856	0.088019	0.868021	259955621	2563626352	nan	1500.0	3.1760912590556813	0	3290921811	8365	294039681	175094470	8	0.0	0.438516	1000000	9.517317564015846	3.922465945298413	8.243272429998866	8.468405942917126	0.24756711504357	0.1387104209292143	baseline_deployable	leave_clade_out	0.32712367764996214	0.17678277526562236	0.4656873428487391	True
calib_anchor	insect_no_beetle_4096	teosinte	0.7928110204987012	insect	plant	nan	nan	nan	insect_no_beetle_to_plant_eval	0.086856	0.088019	0.868021	259955621	2563626352	nan	1500.0	3.1760912590556813	0	3290921811	8365	294039681	175094470	8	0.0	0.438516	1000000	9.517317564015846	3.922465945298413	8.243272429998866	8.468405942917126	0.24756711504357	0.1387104209292143	baseline_deployable	leave_clade_out	0.32712367764996214	0.17678277526562236	0.4656873428487391	True
calib_anchor	cross_supervised_4096	thale_cress	0.7121875392581978	cross	plant	nan	nan	nan	cross_supervised_to_plant_fine	0.043011	0.043145	0.932855	1297325	28049979	0.37922119140625	1550.0	3.1903316981702914	0	119667750	7	30427671	23459830	3	0.0	0.372445	1000000	8.077977125476142	0.8450980400142568	7.370324860706645	7.48326871178776	0.1110569059282151	0.0213077580291249	baseline_deployable	leave_clade_out	0.6227169897805286	0.24732185788509095	0.08947054947766919	True
calib_anchor	plant_supervised_4096	thale_cress	0.6974776069597389	plant	plant	nan	nan	nan	plant_supervised_to_plant_fine	0.043011	0.043145	0.932855	1297325	28049979	0.37922119140625	1550.0	3.1903316981702914	1	119667750	7	30427671	23459830	3	0.0	0.372445	1000000	8.077977125476142	0.8450980400142568	7.370324860706645	7.48326871178776	0.1249666485378415	0.0307960258984802	baseline_deployable	leave_clade_out	0.611667971505277	0.2841890086933594	0.08580963545446196	True
calib_anchor	TFREPAIR_invert_boost_animal_4096_seed42	thale_cress	0.2079073653834738	animal	plant	nan	nan	nan	animal_invert_boost_to_plant_fine	0.043011	0.043145	0.932855	1297325	28049979	0.37922119140625	1550.0	3.1903316981702914	0	119667750	7	30427671	23459830	3	0.0	0.372445	1000000	8.077977125476142	0.8450980400142568	7.370324860706645	7.48326871178776	0.1234742428456467	0.0279292546598651	baseline_deployable	leave_clade_out	0.6240245136264517	0.24219776217237993	0.41611714824297796	True
calib_anchor	insect_no_beetle_4096	thale_cress	0.1382559591838703	insect	plant	nan	nan	nan	insect_no_beetle_to_plant_fine	0.043011	0.043145	0.932855	1297325	28049979	0.37922119140625	1550.0	3.1903316981702914	0	119667750	7	30427671	23459830	3	0.0	0.372445	1000000	8.077977125476142	0.8450980400142568	7.370324860706645	7.48326871178776	0.1564172368424756	0.0430840989911306	baseline_deployable	leave_clade_out	0.6612701937201516	0.2036780355523617	0.5230142345362814	True
final_errorbar	ntv3_100m_pre_w2048	thale_cress	0.1299511497000876	human_h0_ntv3_100m	plant	plant_fine	3.0	0.0173026332429277	nan	0.043011	0.043145	0.932855	1297325	28049979	0.37922119140625	1550.0	3.1903316981702914	0	119667750	7	30427671	23459830	3	0.0	0.372445	1000000	8.077977125476142	0.8450980400142568	7.370324860706645	7.48326871178776	0.3352596901322179	0.268016439460078	baseline_deployable	leave_clade_out	0.4779181986721779	0.17890449758558546	0.3479670489720903	True
final_errorbar	ntv2_250m_w4096	thale_cress	0.059250325526733	human_h0_ntv2_250m	plant	plant_fine	3.0	0.0279221757123653	nan	0.043011	0.043145	0.932855	1297325	28049979	0.37922119140625	1550.0	3.1903316981702914	0	119667750	7	30427671	23459830	3	0.0	0.372445	1000000	8.077977125476142	0.8450980400142568	7.370324860706645	7.48326871178776	0.3352596901322179	0.268016439460078	baseline_deployable	leave_clade_out	0.5424776707534578	0.21644431943194636	0.4832273452267248	True
supp_h0_transfer	ntv2_500m_H0_w4096	thale_cress	0.0350888069185704	human_h0_ntv2_500m	plant	nan	nan	nan	transfer_BC_w4096	0.043011	0.043145	0.932855	1297325	28049979	0.37922119140625	1550.0	3.1903316981702914	0	119667750	7	30427671	23459830	3	0.0	0.372445	1000000	8.077977125476142	0.8450980400142568	7.370324860706645	7.48326871178776	0.3352596901322179	0.268016439460078	baseline_deployable	leave_clade_out	0.5762058775829261	0.2295542743781846	0.5411170706643557	True
supp_h0_transfer	ntv2_500m_H0_w4096	western_clawed_frog	0.7676709570719781	human_h0_ntv2_500m	vertebrate	nan	nan	nan	transfer_BC_w4096	0.000179	0.000179	0.967076	84407	455592780	0.5371810538664581	360.0	2.556302500767288	0	1451301209	167	217471166	153961319	5	0.0029910269192422	0.505897	1000000	9.16175755704896	2.2227164711475837	8.18741162307706	8.337401683004607	0.1957973399316009	0.0911435831684164	baseline_deployable	leave_clade_out	0.482988477479971	0.2575616646149708	0.2846824795920071	True
final_errorbar	ntv2_250m_w4096	western_clawed_frog	0.6476854010493278	human_h0_ntv2_250m	vertebrate	animal_fine	3.0	0.0436579387818896	nan	0.000179	0.000179	0.967076	84407	455592780	0.5371810538664581	360.0	2.556302500767288	0	1451301209	167	217471166	153961319	5	0.0029910269192422	0.505897	1000000	9.16175755704896	2.2227164711475837	8.18741162307706	8.337401683004607	0.1957973399316009	0.0911435831684164	baseline_deployable	leave_clade_out	0.4674802888410039	0.2724621672943046	0.18020511220832391	True
final_errorbar	ntv3_100m_pre_w2048	western_clawed_frog	0.5191597065847986	human_h0_ntv3_100m	vertebrate	animal_fine	3.0	0.0896323044666213	nan	0.000179	0.000179	0.967076	84407	455592780	0.5371810538664581	360.0	2.556302500767288	0	1451301209	167	217471166	153961319	5	0.0029910269192422	0.505897	1000000	9.16175755704896	2.2227164711475837	8.18741162307706	8.337401683004607	0.1957973399316009	0.0911435831684164	baseline_deployable	leave_clade_out	0.557465054184475	0.21951732180044667	0.03830534759967641	True
anchor_anchor	insect_primary_4096	western_honey_bee	0.946524064171123	insect	insect	nan	nan	nan	insect_primary_to_insect_stress	0.020425	0.982865	0.020432	4337232	90164	nan	820.0	2.9138138523837167	1	51457486	3	25433307	14233499	2	0.0388635522641971	0.404665	1000000	7.71144856455995	0.4771212547196624	7.15331167517893	7.405402833572285	0.1030895049884773	0.0198094430108711	baseline_deployable	leave_clade_out	0.6448743064405486	0.20036122395336672	0.30164975773057445	True
calib_anchor	insect_no_beetle_4096	western_honey_bee	0.7983193277310925	insect	insect	nan	nan	nan	insect_no_beetle_to_cross_eval	0.020425	0.982865	0.020432	4337232	90164	nan	820.0	2.9138138523837167	1	51457486	3	25433307	14233499	2	0.0388635522641971	0.404665	1000000	7.71144856455995	0.4771212547196624	7.15331167517893	7.405402833572285	0.1030895049884773	0.0198094430108711	baseline_deployable	leave_clade_out	0.6448743064405486	0.20036122395336672	0.15344502129054394	True
calib_anchor	insect_no_beetle_4096	western_honey_bee	0.7983193277310925	insect	insect	nan	nan	nan	insect_no_beetle_to_stress_eval	0.020425	0.982865	0.020432	4337232	90164	nan	820.0	2.9138138523837167	1	51457486	3	25433307	14233499	2	0.0388635522641971	0.404665	1000000	7.71144856455995	0.4771212547196624	7.15331167517893	7.405402833572285	0.1030895049884773	0.0198094430108711	baseline_deployable	leave_clade_out	0.6448743064405486	0.20036122395336672	0.15344502129054394	True
anchor_anchor	insect_no_beetle_4096	western_honey_bee	0.7983193277310925	insect	insect	nan	nan	nan	insect_no_beetle_to_insect_stress	0.020425	0.982865	0.020432	4337232	90164	nan	820.0	2.9138138523837167	1	51457486	3	25433307	14233499	2	0.0388635522641971	0.404665	1000000	7.71144856455995	0.4771212547196624	7.15331167517893	7.405402833572285	0.1030895049884773	0.0198094430108711	baseline_deployable	leave_clade_out	0.6448743064405486	0.20036122395336672	0.15344502129054394	True
calib_anchor	TFREPAIR_invert_boost_animal_4096_seed42	western_honey_bee	0.05217988328184	animal	insect	nan	nan	nan	animal_invert_boost_to_cross_eval	0.020425	0.982865	0.020432	4337232	90164	nan	820.0	2.9138138523837167	1	51457486	3	25433307	14233499	2	0.0388635522641971	0.404665	1000000	7.71144856455995	0.4771212547196624	7.15331167517893	7.405402833572285	0.1975547081920625	0.0743872976560842	baseline_deployable	leave_clade_out	0.668688218692253	0.216406727470053	0.616508335410413	True
calib_anchor	TFREPAIR_invert_boost_animal_4096_seed42	western_honey_bee	0.05217988328184	animal	insect	nan	nan	nan	animal_invert_boost_to_stress_eval	0.020425	0.982865	0.020432	4337232	90164	nan	820.0	2.9138138523837167	1	51457486	3	25433307	14233499	2	0.0388635522641971	0.404665	1000000	7.71144856455995	0.4771212547196624	7.15331167517893	7.405402833572285	0.1975547081920625	0.0743872976560842	baseline_deployable	leave_clade_out	0.668688218692253	0.216406727470053	0.616508335410413	True
anchor_anchor	TFREPAIR_invert_boost_animal_4096_seed42	western_honey_bee	0.05217988328184	animal	insect	nan	nan	nan	animal_invert_boost_to_insect_stress	0.020425	0.982865	0.020432	4337232	90164	nan	820.0	2.9138138523837167	1	51457486	3	25433307	14233499	2	0.0388635522641971	0.404665	1000000	7.71144856455995	0.4771212547196624	7.15331167517893	7.405402833572285	0.1975547081920625	0.0743872976560842	baseline_deployable	leave_clade_out	0.668688218692253	0.216406727470053	0.616508335410413	True
calib_anchor	cross_supervised_4096	western_honey_bee	0.0052898014902451	cross	insect	nan	nan	nan	cross_supervised_to_cross_eval	0.020425	0.982865	0.020432	4337232	90164	nan	820.0	2.9138138523837167	0	51457486	3	25433307	14233499	2	0.0388635522641971	0.404665	1000000	7.71144856455995	0.4771212547196624	7.15331167517893	7.405402833572285	0.2119073798001238	0.0902008757309238	baseline_deployable	leave_clade_out	0.7181661375679801	0.19593226354378962	0.712876336077735	True
calib_anchor	cross_supervised_4096	western_honey_bee	0.0052898014902451	cross	insect	nan	nan	nan	cross_supervised_to_stress_eval	0.020425	0.982865	0.020432	4337232	90164	nan	820.0	2.9138138523837167	0	51457486	3	25433307	14233499	2	0.0388635522641971	0.404665	1000000	7.71144856455995	0.4771212547196624	7.15331167517893	7.405402833572285	0.2119073798001238	0.0902008757309238	baseline_deployable	leave_clade_out	0.7181661375679801	0.19593226354378962	0.712876336077735	True
anchor_anchor	cross_supervised_4096	western_honey_bee	0.0052898014902451	cross	insect	nan	nan	nan	cross_supervised_to_insect_stress	0.020425	0.982865	0.020432	4337232	90164	nan	820.0	2.9138138523837167	0	51457486	3	25433307	14233499	2	0.0388635522641971	0.404665	1000000	7.71144856455995	0.4771212547196624	7.15331167517893	7.405402833572285	0.2119073798001238	0.0902008757309238	baseline_deployable	leave_clade_out	0.7181661375679801	0.19593226354378962	0.712876336077735	True
calib_anchor	plant_supervised_4096	western_honey_bee	0.0003842421976866	plant	insect	nan	nan	nan	plant_supervised_to_cross_eval	0.020425	0.982865	0.020432	4337232	90164	nan	820.0	2.9138138523837167	0	51457486	3	25433307	14233499	2	0.0388635522641971	0.404665	1000000	7.71144856455995	0.4771212547196624	7.15331167517893	7.405402833572285	0.2144848278327983	0.1040586970085212	baseline_deployable	leave_clade_out	0.4982422712085228	0.3001224381751923	0.4978580290108362	True
calib_anchor	plant_supervised_4096	western_honey_bee	0.0003842416254314	plant	insect	nan	nan	nan	plant_supervised_to_stress_eval	0.020425	0.982865	0.020432	4337232	90164	nan	820.0	2.9138138523837167	0	51457486	3	25433307	14233499	2	0.0388635522641971	0.404665	1000000	7.71144856455995	0.4771212547196624	7.15331167517893	7.405402833572285	0.2144848278327983	0.1040586970085212	baseline_deployable	leave_clade_out	0.4982422712085228	0.3001224381751923	0.49785802958309144	True
calib_anchor	direct_red_flour_beetle_4096	western_honey_bee	0.0	other_anchor	insect	nan	nan	nan	direct_beetle_to_cross_eval	0.020425	0.982865	0.020432	4337232	90164	nan	820.0	2.9138138523837167	0	51457486	3	25433307	14233499	2	0.0388635522641971	0.404665	1000000	7.71144856455995	0.4771212547196624	7.15331167517893	7.405402833572285	0.3782434204252473	0.3304654870915913	baseline_deployable	leave_clade_out	0.5345899420852933	0.2906878502636988	0.5345899420852933	True
calib_anchor	direct_red_flour_beetle_4096	western_honey_bee	0.0	other_anchor	insect	nan	nan	nan	direct_beetle_to_stress_eval	0.020425	0.982865	0.020432	4337232	90164	nan	820.0	2.9138138523837167	0	51457486	3	25433307	14233499	2	0.0388635522641971	0.404665	1000000	7.71144856455995	0.4771212547196624	7.15331167517893	7.405402833572285	0.3782434204252473	0.3304654870915913	baseline_deployable	leave_clade_out	0.5345899420852933	0.2906878502636988	0.5345899420852933	True
calib_anchor	direct_western_honey_bee_4096	western_honey_bee	0.0	other_anchor	insect	nan	nan	nan	direct_honeybee_to_cross_eval	0.020425	0.982865	0.020432	4337232	90164	nan	820.0	2.9138138523837167	0	51457486	3	25433307	14233499	2	0.0388635522641971	0.404665	1000000	7.71144856455995	0.4771212547196624	7.15331167517893	7.405402833572285	0.3782434204252473	0.3304654870915913	baseline_deployable	leave_clade_out	0.5345899420852933	0.2906878502636988	0.5345899420852933	True
calib_anchor	direct_western_honey_bee_4096	western_honey_bee	0.0	other_anchor	insect	nan	nan	nan	direct_honeybee_to_stress_eval	0.020425	0.982865	0.020432	4337232	90164	nan	820.0	2.9138138523837167	0	51457486	3	25433307	14233499	2	0.0388635522641971	0.404665	1000000	7.71144856455995	0.4771212547196624	7.15331167517893	7.405402833572285	0.3782434204252473	0.3304654870915913	baseline_deployable	leave_clade_out	0.5345899420852933	0.2906878502636988	0.5345899420852933	True
calib_anchor	direct_western_honey_bee_4096	western_honey_bee	0.0	other_anchor	insect	nan	nan	nan	direct_honeybee_own_holdout	0.020425	0.982865	0.020432	4337232	90164	nan	820.0	2.9138138523837167	0	51457486	3	25433307	14233499	2	0.0388635522641971	0.404665	1000000	7.71144856455995	0.4771212547196624	7.15331167517893	7.405402833572285	0.3782434204252473	0.3304654870915913	baseline_deployable	leave_clade_out	0.5345899420852933	0.2906878502636988	0.5345899420852933	True
anchor_anchor	TFREPAIR_invert_boost_animal_4096_seed42	x_laevis	0.4013777654205557	animal	vertebrate	nan	nan	nan	animal_invert_boost_to_insect_stress	0.000194	0.000194	0.813401	56801	238590187	nan	370.0	2.568201724066995	1	2718433805	108033	219802468	136570856	9	0.1479724726946478	0.38498	1000000	9.434318762214229	5.033556436308993	8.13535803149204	8.34203256448767	0.1125183122375499	0.0175004510961257	baseline_deployable	leave_clade_out	0.49604348280913835	0.39405099215333994	0.09466571738858265	True
calib_anchor	TFREPAIR_invert_boost_animal_4096_seed42	x_laevis	0.4013775981071781	animal	vertebrate	nan	nan	nan	animal_invert_boost_to_cross_eval	0.000194	0.000194	0.813401	56801	238590187	nan	370.0	2.568201724066995	1	2718433805	108033	219802468	136570856	9	0.1479724726946478	0.38498	1000000	9.434318762214229	5.033556436308993	8.13535803149204	8.34203256448767	0.1125183122375499	0.0175004510961257	baseline_deployable	leave_clade_out	0.49604348280913835	0.39405099215333994	0.09466588470196025	True
calib_anchor	TFREPAIR_invert_boost_animal_4096_seed42	x_laevis	0.4013775981071781	animal	vertebrate	nan	nan	nan	animal_invert_boost_to_stress_eval	0.000194	0.000194	0.813401	56801	238590187	nan	370.0	2.568201724066995	1	2718433805	108033	219802468	136570856	9	0.1479724726946478	0.38498	1000000	9.434318762214229	5.033556436308993	8.13535803149204	8.34203256448767	0.1125183122375499	0.0175004510961257	baseline_deployable	leave_clade_out	0.49604348280913835	0.39405099215333994	0.09466588470196025	True
calib_anchor	cross_supervised_4096	x_laevis	0.3945827783795458	cross	vertebrate	nan	nan	nan	cross_supervised_to_cross_eval	0.000194	0.000194	0.813401	56801	238590187	nan	370.0	2.568201724066995	0	2718433805	108033	219802468	136570856	9	0.1479724726946478	0.38498	1000000	9.434318762214229	5.033556436308993	8.13535803149204	8.34203256448767	0.1141902696107161	0.0184397446805083	baseline_deployable	leave_clade_out	0.4937627233140008	0.41392624162719427	0.09917994493445498	True
calib_anchor	cross_supervised_4096	x_laevis	0.3945827783795458	cross	vertebrate	nan	nan	nan	cross_supervised_to_stress_eval	0.000194	0.000194	0.813401	56801	238590187	nan	370.0	2.568201724066995	0	2718433805	108033	219802468	136570856	9	0.1479724726946478	0.38498	1000000	9.434318762214229	5.033556436308993	8.13535803149204	8.34203256448767	0.1141902696107161	0.0184397446805083	baseline_deployable	leave_clade_out	0.4937627233140008	0.41392624162719427	0.09917994493445498	True
anchor_anchor	cross_supervised_4096	x_laevis	0.3945827783795458	cross	vertebrate	nan	nan	nan	cross_supervised_to_insect_stress	0.000194	0.000194	0.813401	56801	238590187	nan	370.0	2.568201724066995	0	2718433805	108033	219802468	136570856	9	0.1479724726946478	0.38498	1000000	9.434318762214229	5.033556436308993	8.13535803149204	8.34203256448767	0.1141902696107161	0.0184397446805083	baseline_deployable	leave_clade_out	0.4937627233140008	0.41392624162719427	0.09917994493445498	True
calib_anchor	plant_supervised_4096	x_laevis	0.2855543757586765	plant	vertebrate	nan	nan	nan	plant_supervised_to_cross_eval	0.000194	0.000194	0.813401	56801	238590187	nan	370.0	2.568201724066995	0	2718433805	108033	219802468	136570856	9	0.1479724726946478	0.38498	1000000	9.434318762214229	5.033556436308993	8.13535803149204	8.34203256448767	0.1445645708760781	0.0387081158013149	baseline_deployable	leave_clade_out	0.4772094638407866	0.40880237550230786	0.19165508808211013	True
calib_anchor	plant_supervised_4096	x_laevis	0.2855543757586765	plant	vertebrate	nan	nan	nan	plant_supervised_to_stress_eval	0.000194	0.000194	0.813401	56801	238590187	nan	370.0	2.568201724066995	0	2718433805	108033	219802468	136570856	9	0.1479724726946478	0.38498	1000000	9.434318762214229	5.033556436308993	8.13535803149204	8.34203256448767	0.1445645708760781	0.0387081158013149	baseline_deployable	leave_clade_out	0.4772094638407866	0.40880237550230786	0.19165508808211013	True
calib_anchor	insect_no_beetle_4096	x_laevis	0.2829600934257301	insect	vertebrate	nan	nan	nan	insect_no_beetle_to_cross_eval	0.000194	0.000194	0.813401	56801	238590187	nan	370.0	2.568201724066995	0	2718433805	108033	219802468	136570856	9	0.1479724726946478	0.38498	1000000	9.434318762214229	5.033556436308993	8.13535803149204	8.34203256448767	0.1983752948465877	0.0592704987046092	baseline_deployable	leave_clade_out	0.6232530193171872	0.21253046600208586	0.34029292589145715	True
calib_anchor	insect_no_beetle_4096	x_laevis	0.2829600934257301	insect	vertebrate	nan	nan	nan	insect_no_beetle_to_stress_eval	0.000194	0.000194	0.813401	56801	238590187	nan	370.0	2.568201724066995	0	2718433805	108033	219802468	136570856	9	0.1479724726946478	0.38498	1000000	9.434318762214229	5.033556436308993	8.13535803149204	8.34203256448767	0.1983752948465877	0.0592704987046092	baseline_deployable	leave_clade_out	0.6232530193171872	0.21253046600208586	0.34029292589145715	True
anchor_anchor	insect_no_beetle_4096	x_laevis	0.2829600934257301	insect	vertebrate	nan	nan	nan	insect_no_beetle_to_insect_stress	0.000194	0.000194	0.813401	56801	238590187	nan	370.0	2.568201724066995	0	2718433805	108033	219802468	136570856	9	0.1479724726946478	0.38498	1000000	9.434318762214229	5.033556436308993	8.13535803149204	8.34203256448767	0.1983752948465877	0.0592704987046092	baseline_deployable	leave_clade_out	0.6232530193171872	0.21253046600208586	0.34029292589145715	True
anchor_anchor	insect_primary_4096	x_laevis	0.2268599691025123	insect	vertebrate	nan	nan	nan	insect_primary_to_insect_stress	0.000194	0.000194	0.813401	56801	238590187	nan	370.0	2.568201724066995	0	2718433805	108033	219802468	136570856	9	0.1479724726946478	0.38498	1000000	9.434318762214229	5.033556436308993	8.13535803149204	8.34203256448767	0.1983752948465877	0.0592704987046092	baseline_deployable	leave_clade_out	0.6232530193171872	0.21253046600208586	0.39639305021467497	True
supp_h0_transfer	ntv2_500m_H0_w4096	zebrafish	0.8151318178516959	human_h0_ntv2_500m	vertebrate	nan	nan	nan	transfer_BC_w4096	0.837603	0.982602	0.850212	891480468	771367366	0.4137124131384462	430.0	2.633468455579586	0	1679203469	1923	78093715	52186027	14	0.0	0.359955	1000000	9.225103322767056	3.28397928423848	7.717554234627916	7.892616083164715	0.3272994079847048	0.2672352128115792	baseline_deployable	leave_clade_out	0.407000934718186	0.275834265706037	0.40813088313350987	True
final_errorbar	ntv2_250m_w4096	zebrafish	0.753453009276328	human_h0_ntv2_250m	vertebrate	animal_fine	3.0	0.0131433323203878	nan	0.837603	0.982602	0.850212	891480468	771367366	0.4137124131384462	430.0	2.633468455579586	0	1679203469	1923	78093715	52186027	14	0.0	0.359955	1000000	9.225103322767056	3.28397928423848	7.717554234627916	7.892616083164715	0.3272994079847048	0.2672352128115792	baseline_deployable	leave_clade_out	0.393345448439594	0.2887562138522189	0.36010756083673395	True
final_errorbar	ntv3_100m_pre_w2048	zebrafish	0.5214699959942013	human_h0_ntv3_100m	vertebrate	animal_fine	3.0	0.0175674395284055	nan	0.837603	0.982602	0.850212	891480468	771367366	0.4137124131384462	430.0	2.633468455579586	0	1679203469	1923	78093715	52186027	14	0.0	0.359955	1000000	9.225103322767056	3.28397928423848	7.717554234627916	7.892616083164715	0.3272994079847048	0.2672352128115792	baseline_deployable	leave_clade_out	0.48178531183123185	0.25659124249207205	0.03968468416296944	True
calib_anchor	cross_supervised_4096	brachypodium	0.8175422271365038	cross	plant	nan	nan	nan	cross_supervised_to_plant_fine	0.101164	0.1029	0.857087	5277523	43958318	0.45561279296875	1500.0	3.1760912590556813	0	271298618	11	75071545	59130575	3	0.0	0.454488	1000000	8.433447581463392	1.041392685158225	7.771812102204127	7.875475353898488	0.0693259415010997	0.0175357229218507	baseline_plus_kmer	leave_species_out	0.9093855255234901	0.07626877822835773	0.09184329838698624	True
calib_anchor	plant_supervised_4096	brachypodium	0.7765195434514967	plant	plant	nan	nan	nan	plant_supervised_to_plant_fine	0.101164	0.1029	0.857087	5277523	43958318	0.45561279296875	1500.0	3.1760912590556813	1	271298618	11	75071545	59130575	3	0.0	0.454488	1000000	8.433447581463392	1.041392685158225	7.771812102204127	7.875475353898488	0.0392954852174674	0.0046023125549394	baseline_plus_kmer	leave_species_out	0.9140594515152671	0.07122215628313534	0.13753990806377048	True
calib_anchor	insect_no_beetle_4096	brachypodium	0.4502561696769175	insect	plant	nan	nan	nan	insect_no_beetle_to_plant_fine	0.101164	0.1029	0.857087	5277523	43958318	0.45561279296875	1500.0	3.1760912590556813	0	271298618	11	75071545	59130575	3	0.0	0.454488	1000000	8.433447581463392	1.041392685158225	7.771812102204127	7.875475353898488	0.142514717076787	0.0564627585782296	baseline_plus_kmer	leave_species_out	0.6989741138718495	0.16301994628591193	0.24871794419493198	True
calib_anchor	TFREPAIR_invert_boost_animal_4096_seed42	brachypodium	0.4333898332380484	animal	plant	nan	nan	nan	animal_invert_boost_to_plant_fine	0.101164	0.1029	0.857087	5277523	43958318	0.45561279296875	1500.0	3.1760912590556813	0	271298618	11	75071545	59130575	3	0.0	0.454488	1000000	8.433447581463392	1.041392685158225	7.771812102204127	7.875475353898488	0.1040889363124293	0.0363524838017522	baseline_plus_kmer	leave_species_out	0.8796908649194718	0.09916834409674438	0.4463010316814234	True
supp_h0_transfer	ntv2_500m_H0_w4096	brachypodium	0.3212749242452583	human_h0_ntv2_500m	plant	nan	nan	nan	transfer_BC_w4096	0.101164	0.1029	0.857087	5277523	43958318	0.45561279296875	1500.0	3.1760912590556813	0	271298618	11	75071545	59130575	3	0.0	0.454488	1000000	8.433447581463392	1.041392685158225	7.771812102204127	7.875475353898488	0.2268185746895572	0.1337656475000112	baseline_plus_kmer	leave_species_out	0.3590630224386551	0.197440968502611	0.037788098193396846	True
final_errorbar	ntv2_250m_w4096	brachypodium	0.2929663405760741	human_h0_ntv2_250m	plant	plant_fine	3.0	0.0156920332833043	nan	0.101164	0.1029	0.857087	5277523	43958318	0.45561279296875	1500.0	3.1760912590556813	0	271298618	11	75071545	59130575	3	0.0	0.454488	1000000	8.433447581463392	1.041392685158225	7.771812102204127	7.875475353898488	0.2268185746895572	0.1337656475000112	baseline_plus_kmer	leave_species_out	0.3495367118628431	0.19972008611427444	0.05657037128676895	True
final_errorbar	ntv3_100m_pre_w2048	brachypodium	0.2073934705084866	human_h0_ntv3_100m	plant	plant_fine	3.0	0.0683970400854424	nan	0.101164	0.1029	0.857087	5277523	43958318	0.45561279296875	1500.0	3.1760912590556813	0	271298618	11	75071545	59130575	3	0.0	0.454488	1000000	8.433447581463392	1.041392685158225	7.771812102204127	7.875475353898488	0.2268185746895572	0.1337656475000112	baseline_plus_kmer	leave_species_out	0.4088176564765894	0.18676726027889407	0.2014241859681028	True
anchor_anchor	TFREPAIR_invert_boost_animal_4096_seed42	c_elegans	0.9053972034713066	animal	other	nan	nan	nan	animal_invert_boost_to_insect_fine	0.833784	0.964483	0.860195	10289793	9177183	0.3579248046875	900.0	2.9542425094393248	0	100286401	7	20924180	17493829	3	0.0	0.371376	1000000	8.001242045970857	0.8450980400142568	7.242884877035624	7.320648447384384	0.1443799983785652	0.0775729844697248	baseline_plus_kmer	leave_species_out	0.5948565825749331	0.25525897052878815	0.31054062089637346	True
anchor_anchor	cross_supervised_4096	c_elegans	0.8952111633807284	cross	other	nan	nan	nan	cross_supervised_to_insect_fine	0.833784	0.964483	0.860195	10289793	9177183	0.3579248046875	900.0	2.9542425094393248	0	100286401	7	20924180	17493829	3	0.0	0.371376	1000000	8.001242045970857	0.8450980400142568	7.242884877035624	7.320648447384384	0.1533616551705707	0.0962183394831955	baseline_plus_kmer	leave_species_out	0.6831777850381159	0.2125605793130526	0.2120333783426125	True
anchor_anchor	insect_primary_4096	c_elegans	0.8945547202059512	insect	other	nan	nan	nan	insect_primary_to_insect_fine	0.833784	0.964483	0.860195	10289793	9177183	0.3579248046875	900.0	2.9542425094393248	0	100286401	7	20924180	17493829	3	0.0	0.371376	1000000	8.001242045970857	0.8450980400142568	7.242884877035624	7.320648447384384	0.1475085510847136	0.0895808950573151	baseline_plus_kmer	leave_species_out	0.5490187596534902	0.23684471116765773	0.34553596055246094	True
anchor_anchor	insect_no_beetle_4096	c_elegans	0.5383685302773058	insect	other	nan	nan	nan	insect_no_beetle_to_insect_fine	0.833784	0.964483	0.860195	10289793	9177183	0.3579248046875	900.0	2.9542425094393248	0	100286401	7	20924180	17493829	3	0.0	0.371376	1000000	8.001242045970857	0.8450980400142568	7.242884877035624	7.320648447384384	0.1475085510847136	0.0895808950573151	baseline_plus_kmer	leave_species_out	0.5490187596534902	0.23684471116765773	0.010650229376184428	True
supp_h0_transfer	ntv2_500m_H0_w4096	c_elegans	0.345012472034356	human_h0_ntv2_500m	other	nan	nan	nan	transfer_BC_w4096	0.833784	0.964483	0.860195	10289793	9177183	0.3579248046875	900.0	2.9542425094393248	0	100286401	7	20924180	17493829	3	0.0	0.371376	1000000	8.001242045970857	0.8450980400142568	7.242884877035624	7.320648447384384	0.3448736563265228	0.3498680780416765	baseline_plus_kmer	leave_species_out	0.3007462608143656	0.2545922584175751	0.04426621121999036	True
final_errorbar	ntv3_100m_pre_w2048	c_elegans	0.2604444021620859	human_h0_ntv3_100m	other	animal_fine	3.0	0.0215523139867919	nan	0.833784	0.964483	0.860195	10289793	9177183	0.3579248046875	900.0	2.9542425094393248	0	100286401	7	20924180	17493829	3	0.0	0.371376	1000000	8.001242045970857	0.8450980400142568	7.242884877035624	7.320648447384384	0.3448736563265228	0.3498680780416765	baseline_plus_kmer	leave_species_out	0.3247814520576161	0.2571678851794741	0.06433704989553019	True
final_errorbar	ntv2_250m_w4096	c_elegans	0.1426005332526109	human_h0_ntv2_250m	other	animal_fine	3.0	0.0303152737505588	nan	0.833784	0.964483	0.860195	10289793	9177183	0.3579248046875	900.0	2.9542425094393248	0	100286401	7	20924180	17493829	3	0.0	0.371376	1000000	8.001242045970857	0.8450980400142568	7.242884877035624	7.320648447384384	0.3448736563265228	0.3498680780416765	baseline_plus_kmer	leave_species_out	0.29896696724062805	0.25054033607035453	0.15636643398801714	True
calib_anchor	TFREPAIR_invert_boost_animal_4096_seed42	cattle	0.9216935615407684	animal	vertebrate	nan	nan	nan	animal_invert_boost_to_cross_eval	0.48001	0.488924	0.963405	641516843	1264081324	nan	96.0	1.9822712330395684	1	2715853792	2211	158534110	103308737	12	0.0	0.438283	1000000	9.43390638599257	3.344588742578714	8.014137052114325	8.200122718862955	0.1961603645512639	0.1045802654699864	baseline_plus_kmer	leave_species_out	0.6784837181713974	0.24076081600542035	0.24320984336937101	True
calib_anchor	cross_supervised_4096	cattle	0.9213113792693672	cross	vertebrate	nan	nan	nan	cross_supervised_to_cross_eval	0.48001	0.488924	0.963405	641516843	1264081324	nan	96.0	1.9822712330395684	0	2715853792	2211	158534110	103308737	12	0.0	0.438283	1000000	9.43390638599257	3.344588742578714	8.014137052114325	8.200122718862955	0.1898193400311859	0.0914288745666459	baseline_plus_kmer	leave_species_out	0.6473530860445982	0.25066806375944717	0.27395829322476906	True
calib_anchor	insect_no_beetle_4096	cattle	0.2681289424464008	insect	vertebrate	nan	nan	nan	insect_no_beetle_to_cross_eval	0.48001	0.488924	0.963405	641516843	1264081324	nan	96.0	1.9822712330395684	0	2715853792	2211	158534110	103308737	12	0.0	0.438283	1000000	9.43390638599257	3.344588742578714	8.014137052114325	8.200122718862955	0.2674695235796735	0.15873003482616	baseline_plus_kmer	leave_species_out	0.36640423743877526	0.2453816221633035	0.09827529499237447	True
calib_anchor	plant_supervised_4096	cattle	0.0858809770068545	plant	vertebrate	nan	nan	nan	plant_supervised_to_cross_eval	0.48001	0.488924	0.963405	641516843	1264081324	nan	96.0	1.9822712330395684	0	2715853792	2211	158534110	103308737	12	0.0	0.438283	1000000	9.43390638599257	3.344588742578714	8.014137052114325	8.200122718862955	0.1939129743058688	0.0844629259880961	baseline_plus_kmer	leave_species_out	0.3792130461486703	0.24570705730564946	0.2933320691418158	True
supp_h0_transfer	ntv2_500m_H0_w4096	chicken	0.8516226680157541	human_h0_ntv2_500m	vertebrate	nan	nan	nan	transfer_BC_w4096	0.391291	0.394479	0.979765	40667484	101005421	0.4113284493284493	310.0	2.4913616938342726	0	1065365425	464	197608386	91315245	4	0.0017070808916752	0.549823	1000000	9.027498598235026	2.6665179805548807	7.96054328866985	8.29580537100184	0.1448915707647146	0.0601428909585745	baseline_plus_kmer	leave_species_out	0.5271605632718803	0.2645781075632283	0.3244621047438738	True
final_errorbar	ntv2_250m_w4096	chicken	0.843436719033926	human_h0_ntv2_250m	vertebrate	animal_fine	3.0	0.0193628216675568	nan	0.391291	0.394479	0.979765	40667484	101005421	0.4113284493284493	310.0	2.4913616938342726	0	1065365425	464	197608386	91315245	4	0.0017070808916752	0.549823	1000000	9.027498598235026	2.6665179805548807	7.96054328866985	8.29580537100184	0.1448915707647146	0.0601428909585745	baseline_plus_kmer	leave_species_out	0.5200565228866483	0.2646399802010138	0.32338019614727775	True
final_errorbar	ntv3_100m_pre_w2048	chicken	0.6195493201860316	human_h0_ntv3_100m	vertebrate	animal_fine	3.0	0.0701786703401454	nan	0.391291	0.394479	0.979765	40667484	101005421	0.4113284493284493	310.0	2.4913616938342726	0	1065365425	464	197608386	91315245	4	0.0017070808916752	0.549823	1000000	9.027498598235026	2.6665179805548807	7.96054328866985	8.29580537100184	0.1448915707647146	0.0601428909585745	baseline_plus_kmer	leave_species_out	0.5217499600964927	0.25968526205685094	0.09779936008953893	True
anchor_anchor	insect_no_beetle_4096	fruit_fly	0.944818571090276	insect	insect	nan	nan	nan	insect_no_beetle_to_insect_fine	0.888725	0.993839	0.893648	26497161	23825911	0.494656395206652	780.0	2.8920946026904804	1	143726002	1870	32079331	25286936	3	0.0	0.441621	1000000	8.157535345055386	3.271841606536499	7.402896209379677	7.506225302690743	0.1001622488462802	0.0254297426578645	baseline_plus_kmer	leave_species_out	0.6535233364815197	0.23497064949131374	0.2912952346087563	True
anchor_anchor	TFREPAIR_invert_boost_animal_4096_seed42	fruit_fly	0.9437257723304636	animal	insect	nan	nan	nan	animal_invert_boost_to_insect_fine	0.888725	0.993839	0.893648	26497161	23825911	0.494656395206652	780.0	2.8920946026904804	1	143726002	1870	32079331	25286936	3	0.0	0.441621	1000000	8.157535345055386	3.271841606536499	7.402896209379677	7.506225302690743	0.0783631596802407	0.0157474491106001	baseline_plus_kmer	leave_species_out	0.5957828217019833	0.32969616276007496	0.34794295062848035	True
anchor_anchor	cross_supervised_4096	fruit_fly	0.942393180917196	cross	insect	nan	nan	nan	cross_supervised_to_insect_fine	0.888725	0.993839	0.893648	26497161	23825911	0.494656395206652	780.0	2.8920946026904804	0	143726002	1870	32079331	25286936	3	0.0	0.441621	1000000	8.157535345055386	3.271841606536499	7.402896209379677	7.506225302690743	0.0698216548368194	0.0106775865530966	baseline_plus_kmer	leave_species_out	0.601013673905445	0.33794276502819565	0.341379507011751	True
anchor_anchor	insect_primary_4096	fruit_fly	0.9413841255319276	insect	insect	nan	nan	nan	insect_primary_to_insect_fine	0.888725	0.993839	0.893648	26497161	23825911	0.494656395206652	780.0	2.8920946026904804	1	143726002	1870	32079331	25286936	3	0.0	0.441621	1000000	8.157535345055386	3.271841606536499	7.402896209379677	7.506225302690743	0.1001622488462802	0.0254297426578645	baseline_plus_kmer	leave_species_out	0.6535233364815197	0.23497064949131374	0.2878607890504079	True
supp_h0_transfer	ntv2_500m_H0_w4096	fruit_fly	0.6577990369528225	human_h0_ntv2_500m	insect	nan	nan	nan	transfer_BC_w4096	0.888725	0.993839	0.893648	26497161	23825911	0.494656395206652	780.0	2.8920946026904804	0	143726002	1870	32079331	25286936	3	0.0	0.441621	1000000	8.157535345055386	3.271841606536499	7.402896209379677	7.506225302690743	0.2474985795480165	0.15855331987712	baseline_plus_kmer	leave_species_out	0.007387121560839272	0.06772137742062537	0.6504119153919832	True
final_errorbar	ntv2_250m_w4096	fruit_fly	0.5533233517822065	human_h0_ntv2_250m	insect	animal_fine	3.0	0.0128215769678409	nan	0.888725	0.993839	0.893648	26497161	23825911	0.494656395206652	780.0	2.8920946026904804	0	143726002	1870	32079331	25286936	3	0.0	0.441621	1000000	8.157535345055386	3.271841606536499	7.402896209379677	7.506225302690743	0.2474985795480165	0.15855331987712	baseline_plus_kmer	leave_species_out	0.006942972033993248	0.06563649631235972	0.5463803797482132	True
final_errorbar	ntv3_100m_pre_w2048	fruit_fly	0.4822229619104726	human_h0_ntv3_100m	insect	animal_fine	3.0	0.1825771233602698	nan	0.888725	0.993839	0.893648	26497161	23825911	0.494656395206652	780.0	2.8920946026904804	0	143726002	1870	32079331	25286936	3	0.0	0.441621	1000000	8.157535345055386	3.271841606536499	7.402896209379677	7.506225302690743	0.2474985795480165	0.15855331987712	baseline_plus_kmer	leave_species_out	0.006903225583556421	0.062039340545041545	0.47531973632691615	True
calib_anchor	cross_supervised_4096	horse	0.8925601404845789	cross	vertebrate	nan	nan	nan	cross_supervised_to_cross_eval	0.791397	0.812579	0.968112	892563554	1063406667	nan	96.0	1.9822712330395684	0	188260577	1	188260577	188260577	1	0.0010189606601266	0.517305	1000000	8.27475938542357	0.0	8.27475938542357	8.27475938542357	0.2072733615749962	0.1175416603257882	baseline_plus_kmer	leave_species_out	0.763611739568452	0.2279642755486205	0.12894840091612692	True
calib_anchor	TFREPAIR_invert_boost_animal_4096_seed42	horse	0.8913728851560259	animal	vertebrate	nan	nan	nan	animal_invert_boost_to_cross_eval	0.791397	0.812579	0.968112	892563554	1063406667	nan	96.0	1.9822712330395684	1	188260577	1	188260577	188260577	1	0.0010189606601266	0.517305	1000000	8.27475938542357	0.0	8.27475938542357	8.27475938542357	0.2056004978397222	0.1203089942757705	baseline_plus_kmer	leave_species_out	0.7294952749738179	0.2391290613272434	0.16187761018220792	True
calib_anchor	insect_no_beetle_4096	horse	0.1869044858967403	insect	vertebrate	nan	nan	nan	insect_no_beetle_to_cross_eval	0.791397	0.812579	0.968112	892563554	1063406667	nan	96.0	1.9822712330395684	0	188260577	1	188260577	188260577	1	0.0010189606601266	0.517305	1000000	8.27475938542357	0.0	8.27475938542357	8.27475938542357	0.2746396996501602	0.1850487156640525	baseline_plus_kmer	leave_species_out	0.38578683871290936	0.23843019833643195	0.19888235281616906	True
calib_anchor	plant_supervised_4096	horse	0.1025602154105038	plant	vertebrate	nan	nan	nan	plant_supervised_to_cross_eval	0.791397	0.812579	0.968112	892563554	1063406667	nan	96.0	1.9822712330395684	0	188260577	1	188260577	188260577	1	0.0010189606601266	0.517305	1000000	8.27475938542357	0.0	8.27475938542357	8.27475938542357	0.2026925587860898	0.1042618889160033	baseline_plus_kmer	leave_species_out	0.4420159835793542	0.31007719413979523	0.33945576816885037	True
supp_h0_transfer	ntv2_500m_H0_w4096	human	0.961411324419745	human_h0_ntv2_500m	vertebrate	nan	nan	nan	transfer_BC_w4096	0.948128	0.966802	0.980034	1410192187	1429492481	nan	6.0	0.7781512503836436	0	248387328	1	248387328	248387328	1	0.0	0.550911	1000000	8.395129435626702	0.0	8.395129435626702	8.395129435626702	0.0	-2.220446049250313e-16	baseline_plus_kmer	leave_species_out	0.7296249898095004	0.23205169943141696	0.23178633461024456	True
calib_anchor	TFREPAIR_invert_boost_animal_4096_seed42	human	0.904946115719272	animal	vertebrate	nan	nan	nan	animal_invert_boost_to_cross_eval	0.948128	0.966802	0.980034	1410192187	1429492481	nan	6.0	0.7781512503836436	1	248387328	1	248387328	248387328	1	0.0	0.550911	1000000	8.395129435626702	0.0	8.395129435626702	8.395129435626702	0.2473971321688795	0.1687976905989935	baseline_plus_kmer	leave_species_out	0.6302840490931908	0.2803554911019241	0.27466206662608117	True
calib_anchor	cross_supervised_4096	human	0.9023446184329426	cross	vertebrate	nan	nan	nan	cross_supervised_to_cross_eval	0.948128	0.966802	0.980034	1410192187	1429492481	nan	6.0	0.7781512503836436	0	248387328	1	248387328	248387328	1	0.0	0.550911	1000000	8.395129435626702	0.0	8.395129435626702	8.395129435626702	0.249220227348776	0.1685880996034323	baseline_plus_kmer	leave_species_out	0.6021570618043525	0.2789837827138016	0.3001875566285901	True
calib_anchor	insect_no_beetle_4096	human	0.1477908337777611	insect	vertebrate	nan	nan	nan	insect_no_beetle_to_cross_eval	0.948128	0.966802	0.980034	1410192187	1429492481	nan	6.0	0.7781512503836436	0	248387328	1	248387328	248387328	1	0.0	0.550911	1000000	8.395129435626702	0.0	8.395129435626702	8.395129435626702	0.3042605063379114	0.2325830037417954	baseline_plus_kmer	leave_species_out	0.48010401434710537	0.2700898767996533	0.3323131805693443	True
calib_anchor	plant_supervised_4096	human	0.1214275571269181	plant	vertebrate	nan	nan	nan	plant_supervised_to_cross_eval	0.948128	0.966802	0.980034	1410192187	1429492481	nan	6.0	0.7781512503836436	0	248387328	1	248387328	248387328	1	0.0	0.550911	1000000	8.395129435626702	0.0	8.395129435626702	8.395129435626702	0.242491599474234	0.153922806418943	baseline_plus_kmer	leave_species_out	0.41096145795043293	0.28692370531269495	0.2895339008235148	True
calib_anchor	TFREPAIR_invert_boost_animal_4096_seed42	lizard	0.2416400416987031	animal	vertebrate	nan	nan	nan	animal_invert_boost_to_cross_eval	0.038956	0.053715	0.12417	41691771	96375917	nan	320.0	2.505149978319906	1	1799143587	6457	263920458	150641573	5	0.1263239468490436	0.405226	1000000	9.25506582513172	3.81003078640584	8.177944841937268	8.42147305620014	0.1334641792289605	0.0269436863730062	baseline_plus_kmer	leave_species_out	0.4797885383750024	0.17242034573188375	0.2381484966762993	True
calib_anchor	TFREPAIR_invert_boost_animal_4096_seed42	lizard	0.2416400416987031	animal	vertebrate	nan	nan	nan	animal_invert_boost_to_stress_eval	0.038956	0.053715	0.12417	41691771	96375917	nan	320.0	2.505149978319906	1	1799143587	6457	263920458	150641573	5	0.1263239468490436	0.405226	1000000	9.25506582513172	3.81003078640584	8.177944841937268	8.42147305620014	0.1334641792289605	0.0269436863730062	baseline_plus_kmer	leave_species_out	0.4797885383750024	0.17242034573188375	0.2381484966762993	True
anchor_anchor	TFREPAIR_invert_boost_animal_4096_seed42	lizard	0.2416400416987031	animal	vertebrate	nan	nan	nan	animal_invert_boost_to_insect_stress	0.038956	0.053715	0.12417	41691771	96375917	nan	320.0	2.505149978319906	1	1799143587	6457	263920458	150641573	5	0.1263239468490436	0.405226	1000000	9.25506582513172	3.81003078640584	8.177944841937268	8.42147305620014	0.1334641792289605	0.0269436863730062	baseline_plus_kmer	leave_species_out	0.4797885383750024	0.17242034573188375	0.2381484966762993	True
calib_anchor	cross_supervised_4096	lizard	0.2400380045378313	cross	vertebrate	nan	nan	nan	cross_supervised_to_cross_eval	0.038956	0.053715	0.12417	41691771	96375917	nan	320.0	2.505149978319906	0	1799143587	6457	263920458	150641573	5	0.1263239468490436	0.405226	1000000	9.25506582513172	3.81003078640584	8.177944841937268	8.42147305620014	0.1250077775938211	0.0186955209400064	baseline_plus_kmer	leave_species_out	0.4664966837640595	0.16248639315712635	0.2264586792262282	True
anchor_anchor	cross_supervised_4096	lizard	0.2400380045378313	cross	vertebrate	nan	nan	nan	cross_supervised_to_insect_stress	0.038956	0.053715	0.12417	41691771	96375917	nan	320.0	2.505149978319906	0	1799143587	6457	263920458	150641573	5	0.1263239468490436	0.405226	1000000	9.25506582513172	3.81003078640584	8.177944841937268	8.42147305620014	0.1250077775938211	0.0186955209400064	baseline_plus_kmer	leave_species_out	0.4664966837640595	0.16248639315712635	0.2264586792262282	True
calib_anchor	cross_supervised_4096	lizard	0.2400378125654802	cross	vertebrate	nan	nan	nan	cross_supervised_to_stress_eval	0.038956	0.053715	0.12417	41691771	96375917	nan	320.0	2.505149978319906	0	1799143587	6457	263920458	150641573	5	0.1263239468490436	0.405226	1000000	9.25506582513172	3.81003078640584	8.177944841937268	8.42147305620014	0.1250077775938211	0.0186955209400064	baseline_plus_kmer	leave_species_out	0.4664966837640595	0.16248639315712635	0.2264588711985793	True
calib_anchor	plant_supervised_4096	lizard	0.1506094759615682	plant	vertebrate	nan	nan	nan	plant_supervised_to_cross_eval	0.038956	0.053715	0.12417	41691771	96375917	nan	320.0	2.505149978319906	0	1799143587	6457	263920458	150641573	5	0.1263239468490436	0.405226	1000000	9.25506582513172	3.81003078640584	8.177944841937268	8.42147305620014	0.1437007905780181	0.0244025014930751	baseline_plus_kmer	leave_species_out	0.38192984740326796	0.17135691535975667	0.23132037144169976	True
calib_anchor	plant_supervised_4096	lizard	0.1506082021187199	plant	vertebrate	nan	nan	nan	plant_supervised_to_stress_eval	0.038956	0.053715	0.12417	41691771	96375917	nan	320.0	2.505149978319906	0	1799143587	6457	263920458	150641573	5	0.1263239468490436	0.405226	1000000	9.25506582513172	3.81003078640584	8.177944841937268	8.42147305620014	0.1437007905780181	0.0244025014930751	baseline_plus_kmer	leave_species_out	0.38192984740326796	0.17135691535975667	0.23132164528454807	True
anchor_anchor	insect_no_beetle_4096	lizard	0.1418302477559669	insect	vertebrate	nan	nan	nan	insect_no_beetle_to_insect_stress	0.038956	0.053715	0.12417	41691771	96375917	nan	320.0	2.505149978319906	0	1799143587	6457	263920458	150641573	5	0.1263239468490436	0.405226	1000000	9.25506582513172	3.81003078640584	8.177944841937268	8.42147305620014	0.2227930854265778	0.0763356261809606	baseline_plus_kmer	leave_species_out	0.42412678292165024	0.1811946789778596	0.2822965351656833	True
calib_anchor	insect_no_beetle_4096	lizard	0.1418301390195415	insect	vertebrate	nan	nan	nan	insect_no_beetle_to_cross_eval	0.038956	0.053715	0.12417	41691771	96375917	nan	320.0	2.505149978319906	0	1799143587	6457	263920458	150641573	5	0.1263239468490436	0.405226	1000000	9.25506582513172	3.81003078640584	8.177944841937268	8.42147305620014	0.2227930854265778	0.0763356261809606	baseline_plus_kmer	leave_species_out	0.42412678292165024	0.1811946789778596	0.28229664390210873	True
calib_anchor	insect_no_beetle_4096	lizard	0.1418301390195415	insect	vertebrate	nan	nan	nan	insect_no_beetle_to_stress_eval	0.038956	0.053715	0.12417	41691771	96375917	nan	320.0	2.505149978319906	0	1799143587	6457	263920458	150641573	5	0.1263239468490436	0.405226	1000000	9.25506582513172	3.81003078640584	8.177944841937268	8.42147305620014	0.2227930854265778	0.0763356261809606	baseline_plus_kmer	leave_species_out	0.42412678292165024	0.1811946789778596	0.28229664390210873	True
anchor_anchor	insect_primary_4096	lizard	0.1034366102674265	insect	vertebrate	nan	nan	nan	insect_primary_to_insect_stress	0.038956	0.053715	0.12417	41691771	96375917	nan	320.0	2.505149978319906	0	1799143587	6457	263920458	150641573	5	0.1263239468490436	0.405226	1000000	9.25506582513172	3.81003078640584	8.177944841937268	8.42147305620014	0.2227930854265778	0.0763356261809606	baseline_plus_kmer	leave_species_out	0.42412678292165024	0.1811946789778596	0.3206901726542237	True
calib_anchor	cross_supervised_4096	maize	0.9629892479990332	cross	plant	nan	nan	nan	cross_supervised_to_plant_fine	0.095466	0.095627	0.982637	173317530	1780954681	0.46090576171875	1500.0	3.1760912590556813	0	2182075994	685	308452471	226353449	5	0.0	0.477492	1000000	9.338869871458623	2.835690571492425	8.354787116327433	8.489188253709083	0.1047342415691722	0.0352286667600957	baseline_plus_kmer	leave_species_out	0.6542611274442819	0.14863031218999698	0.3087281205547513	True
calib_anchor	plant_supervised_4096	maize	0.9619894139220538	plant	plant	nan	nan	nan	plant_supervised_to_plant_fine	0.095466	0.095627	0.982637	173317530	1780954681	0.46090576171875	1500.0	3.1760912590556813	1	2182075994	685	308452471	226353449	5	0.0	0.477492	1000000	9.338869871458623	2.835690571492425	8.354787116327433	8.489188253709083	0.0750299551353519	0.0155648060873412	baseline_plus_kmer	leave_species_out	0.8119810843614194	0.07907587683267595	0.15000832956063448	True
calib_anchor	TFREPAIR_invert_boost_animal_4096_seed42	maize	0.9051649037911726	animal	plant	nan	nan	nan	animal_invert_boost_to_plant_fine	0.095466	0.095627	0.982637	173317530	1780954681	0.46090576171875	1500.0	3.1760912590556813	0	2182075994	685	308452471	226353449	5	0.0	0.477492	1000000	9.338869871458623	2.835690571492425	8.354787116327433	8.489188253709083	0.1273374287069573	0.0533723910378969	baseline_plus_kmer	leave_species_out	0.5908757036875747	0.16206709584325324	0.31428920010359795	True
calib_anchor	insect_no_beetle_4096	maize	0.8258861241547802	insect	plant	nan	nan	nan	insect_no_beetle_to_plant_fine	0.095466	0.095627	0.982637	173317530	1780954681	0.46090576171875	1500.0	3.1760912590556813	0	2182075994	685	308452471	226353449	5	0.0	0.477492	1000000	9.338869871458623	2.835690571492425	8.354787116327433	8.489188253709083	0.1559084305251094	0.0702371900678909	baseline_plus_kmer	leave_species_out	0.5504508313693408	0.16793271631847742	0.27543529278543943	True
final_errorbar	ntv3_100m_pre_w2048	maize	0.6762307311381123	human_h0_ntv3_100m	plant	plant_fine	3.0	0.0224912037604054	nan	0.095466	0.095627	0.982637	173317530	1780954681	0.46090576171875	1500.0	3.1760912590556813	0	2182075994	685	308452471	226353449	5	0.0	0.477492	1000000	9.338869871458623	2.835690571492425	8.354787116327433	8.489188253709083	0.2040939811147172	0.106620240001949	baseline_plus_kmer	leave_species_out	0.5575666537740245	0.2399648363396543	0.1186640773640878	True
final_errorbar	ntv2_250m_w4096	maize	0.2409539973278451	human_h0_ntv2_250m	plant	plant_fine	3.0	0.0067936566735462	nan	0.095466	0.095627	0.982637	173317530	1780954681	0.46090576171875	1500.0	3.1760912590556813	0	2182075994	685	308452471	226353449	5	0.0	0.477492	1000000	9.338869871458623	2.835690571492425	8.354787116327433	8.489188253709083	0.2040939811147172	0.106620240001949	baseline_plus_kmer	leave_species_out	0.5337252163653585	0.2629593601955888	0.29277121903751346	True
supp_h0_transfer	ntv2_500m_H0_w4096	maize	0.2346799513542635	human_h0_ntv2_500m	plant	nan	nan	nan	transfer_BC_w4096	0.095466	0.095627	0.982637	173317530	1780954681	0.46090576171875	1500.0	3.1760912590556813	0	2182075994	685	308452471	226353449	5	0.0	0.477492	1000000	9.338869871458623	2.835690571492425	8.354787116327433	8.489188253709083	0.2040939811147172	0.106620240001949	baseline_plus_kmer	leave_species_out	0.5412037711549035	0.257704526541769	0.30652381980064	True
supp_h0_transfer	ntv2_500m_H0_w4096	mouse	0.937559801228433	human_h0_ntv2_500m	vertebrate	nan	nan	nan	transfer_BC_w4096	0.892472	0.903571	0.986424	1012599366	1105449631	0.4245689865689865	90.0	1.9542425094393248	0	2728222451	61	195154279	130530862	9	0.7530864197530864	0.386286	1000000	9.435879778485567	1.7853298350107671	8.115713206016725	8.290378078167688	0.3013870747975756	0.1905529139271684	baseline_plus_kmer	leave_species_out	0.4128744265386125	0.23646432001594456	0.5246853746898205	True
final_errorbar	ntv2_250m_w4096	mouse	0.9180812946491188	human_h0_ntv2_250m	vertebrate	animal_fine	3.0	0.0328346949301695	nan	0.892472	0.903571	0.986424	1012599366	1105449631	0.4245689865689865	90.0	1.9542425094393248	0	2728222451	61	195154279	130530862	9	0.7530864197530864	0.386286	1000000	9.435879778485567	1.7853298350107671	8.115713206016725	8.290378078167688	0.3013870747975756	0.1905529139271684	baseline_plus_kmer	leave_species_out	0.4064483114547387	0.23764075542056806	0.5116329831943801	True
final_errorbar	ntv3_100m_pre_w2048	mouse	0.7771925460040144	human_h0_ntv3_100m	vertebrate	animal_fine	3.0	0.0909697815563608	nan	0.892472	0.903571	0.986424	1012599366	1105449631	0.4245689865689865	90.0	1.9542425094393248	0	2728222451	61	195154279	130530862	9	0.7530864197530864	0.386286	1000000	9.435879778485567	1.7853298350107671	8.115713206016725	8.290378078167688	0.3013870747975756	0.1905529139271684	baseline_plus_kmer	leave_species_out	0.4149347967806087	0.22892038923234254	0.36225774922340576	True
calib_anchor	TFREPAIR_invert_boost_animal_4096_seed42	opossum	0.8811419601553324	animal	vertebrate	nan	nan	nan	animal_invert_boost_to_cross_eval	0.387702	0.396173	0.947731	784870682	1877580601	nan	160.0	2.204119982655925	1	3605631728	11	748055161	527952102	3	0.0177926855021289	0.435701	1000000	9.556981366683372	1.041392685158225	8.72259452332798	8.873933623579223	0.1607102295887423	0.0512806903667795	baseline_plus_kmer	leave_species_out	0.4740351156262024	0.2941334813556698	0.40710684452913004	True
calib_anchor	cross_supervised_4096	opossum	0.8799647530707007	cross	vertebrate	nan	nan	nan	cross_supervised_to_cross_eval	0.387702	0.396173	0.947731	784870682	1877580601	nan	160.0	2.204119982655925	0	3605631728	11	748055161	527952102	3	0.0177926855021289	0.435701	1000000	9.556981366683372	1.041392685158225	8.72259452332798	8.873933623579223	0.1586751820351534	0.0461873669021071	baseline_plus_kmer	leave_species_out	0.43128008313726185	0.27568435322765916	0.4486846699334388	True
calib_anchor	insect_no_beetle_4096	opossum	0.3505344111723824	insect	vertebrate	nan	nan	nan	insect_no_beetle_to_cross_eval	0.387702	0.396173	0.947731	784870682	1877580601	nan	160.0	2.204119982655925	0	3605631728	11	748055161	527952102	3	0.0177926855021289	0.435701	1000000	9.556981366683372	1.041392685158225	8.72259452332798	8.873933623579223	0.2442594329957188	0.1031924297457334	baseline_plus_kmer	leave_species_out	0.3851471423412924	0.2997929065257775	0.034612731168910005	True
calib_anchor	plant_supervised_4096	opossum	0.3131202191971405	plant	vertebrate	nan	nan	nan	plant_supervised_to_cross_eval	0.387702	0.396173	0.947731	784870682	1877580601	nan	160.0	2.204119982655925	0	3605631728	11	748055161	527952102	3	0.0177926855021289	0.435701	1000000	9.556981366683372	1.041392685158225	8.72259452332798	8.873933623579223	0.1664911752100362	0.0432563267938208	baseline_plus_kmer	leave_species_out	0.23987642987454674	0.18068460065478611	0.07324378932259376	True
calib_anchor	TFREPAIR_invert_boost_animal_4096_seed42	pig	0.8761131743803473	animal	vertebrate	nan	nan	nan	animal_invert_boost_to_cross_eval	0.582164	0.594998	0.964273	664295117	1076577590	nan	96.0	1.9822712330395684	1	274330532	1	274330532	274330532	1	0.0	0.530948	1000000	8.438274145705899	0.0	8.438274145705899	8.438274145705899	0.2077955972696367	0.1201355226055826	baseline_plus_kmer	leave_species_out	0.8237743895942031	0.16762875872616198	0.05233878478614418	True
calib_anchor	cross_supervised_4096	pig	0.8761042913185231	cross	vertebrate	nan	nan	nan	cross_supervised_to_cross_eval	0.582164	0.594998	0.964273	664295117	1076577590	nan	96.0	1.9822712330395684	0	274330532	1	274330532	274330532	1	0.0	0.530948	1000000	8.438274145705899	0.0	8.438274145705899	8.438274145705899	0.2098828548461344	0.1185655744818539	baseline_plus_kmer	leave_species_out	0.8139585734322256	0.18158699988961935	0.062145717886297525	True
calib_anchor	insect_no_beetle_4096	pig	0.1493562637371058	insect	vertebrate	nan	nan	nan	insect_no_beetle_to_cross_eval	0.582164	0.594998	0.964273	664295117	1076577590	nan	96.0	1.9822712330395684	0	274330532	1	274330532	274330532	1	0.0	0.530948	1000000	8.438274145705899	0.0	8.438274145705899	8.438274145705899	0.2607430443062736	0.1731967686892715	baseline_plus_kmer	leave_species_out	0.4223050776836785	0.23983912160684176	0.27294881394657267	True
calib_anchor	plant_supervised_4096	pig	0.0856805344147079	plant	vertebrate	nan	nan	nan	plant_supervised_to_cross_eval	0.582164	0.594998	0.964273	664295117	1076577590	nan	96.0	1.9822712330395684	0	274330532	1	274330532	274330532	1	0.0	0.530948	1000000	8.438274145705899	0.0	8.438274145705899	8.438274145705899	0.2025970561124229	0.105606010363931	baseline_plus_kmer	leave_species_out	0.42443737102716245	0.30980171736679335	0.33875683661245454	True
calib_anchor	insect_no_beetle_4096	red_flour_beetle	0.0059299524368398	insect	insect	nan	nan	nan	insect_no_beetle_to_cross_eval	0.027167	0.29354	0.029068	1816066	179836	nan	820.0	2.9138138523837167	1	199682416	2211	32080666	13894384	6	0.0	0.330472	1000000	8.300339822655378	3.344588742578714	7.142839297329219	7.506243375731907	0.182358478678621	0.080736532281517	baseline_plus_kmer	leave_species_out	0.16417896798816556	0.2614111410964119	0.15824901555132576	True
calib_anchor	insect_no_beetle_4096	red_flour_beetle	0.0059299524368398	insect	insect	nan	nan	nan	insect_no_beetle_to_stress_eval	0.027167	0.29354	0.029068	1816066	179836	nan	820.0	2.9138138523837167	1	199682416	2211	32080666	13894384	6	0.0	0.330472	1000000	8.300339822655378	3.344588742578714	7.142839297329219	7.506243375731907	0.182358478678621	0.080736532281517	baseline_plus_kmer	leave_species_out	0.16417896798816556	0.2614111410964119	0.15824901555132576	True
anchor_anchor	insect_no_beetle_4096	red_flour_beetle	0.0059299524368398	insect	insect	nan	nan	nan	insect_no_beetle_to_insect_stress	0.027167	0.29354	0.029068	1816066	179836	nan	820.0	2.9138138523837167	1	199682416	2211	32080666	13894384	6	0.0	0.330472	1000000	8.300339822655378	3.344588742578714	7.142839297329219	7.506243375731907	0.182358478678621	0.080736532281517	baseline_plus_kmer	leave_species_out	0.16417896798816556	0.2614111410964119	0.15824901555132576	True
anchor_anchor	insect_primary_4096	red_flour_beetle	0.0053634200258507	insect	insect	nan	nan	nan	insect_primary_to_insect_stress	0.027167	0.29354	0.029068	1816066	179836	nan	820.0	2.9138138523837167	1	199682416	2211	32080666	13894384	6	0.0	0.330472	1000000	8.300339822655378	3.344588742578714	7.142839297329219	7.506243375731907	0.182358478678621	0.080736532281517	baseline_plus_kmer	leave_species_out	0.16417896798816556	0.2614111410964119	0.15881554796231487	True
calib_anchor	TFREPAIR_invert_boost_animal_4096_seed42	red_flour_beetle	0.0044488885799382	animal	insect	nan	nan	nan	animal_invert_boost_to_cross_eval	0.027167	0.29354	0.029068	1816066	179836	nan	820.0	2.9138138523837167	1	199682416	2211	32080666	13894384	6	0.0	0.330472	1000000	8.300339822655378	3.344588742578714	7.142839297329219	7.506243375731907	0.1716680913935699	0.0724491888367001	baseline_plus_kmer	leave_species_out	0.16708291505528355	0.25908283767792817	0.16263402647534536	True
calib_anchor	TFREPAIR_invert_boost_animal_4096_seed42	red_flour_beetle	0.0044488885799382	animal	insect	nan	nan	nan	animal_invert_boost_to_stress_eval	0.027167	0.29354	0.029068	1816066	179836	nan	820.0	2.9138138523837167	1	199682416	2211	32080666	13894384	6	0.0	0.330472	1000000	8.300339822655378	3.344588742578714	7.142839297329219	7.506243375731907	0.1716680913935699	0.0724491888367001	baseline_plus_kmer	leave_species_out	0.16708291505528355	0.25908283767792817	0.16263402647534536	True
anchor_anchor	TFREPAIR_invert_boost_animal_4096_seed42	red_flour_beetle	0.0044488885799382	animal	insect	nan	nan	nan	animal_invert_boost_to_insect_stress	0.027167	0.29354	0.029068	1816066	179836	nan	820.0	2.9138138523837167	1	199682416	2211	32080666	13894384	6	0.0	0.330472	1000000	8.300339822655378	3.344588742578714	7.142839297329219	7.506243375731907	0.1716680913935699	0.0724491888367001	baseline_plus_kmer	leave_species_out	0.16708291505528355	0.25908283767792817	0.16263402647534536	True
calib_anchor	cross_supervised_4096	red_flour_beetle	0.0030871384254842	cross	insect	nan	nan	nan	cross_supervised_to_cross_eval	0.027167	0.29354	0.029068	1816066	179836	nan	820.0	2.9138138523837167	0	199682416	2211	32080666	13894384	6	0.0	0.330472	1000000	8.300339822655378	3.344588742578714	7.142839297329219	7.506243375731907	0.1770641784426884	0.0859070146414682	baseline_plus_kmer	leave_species_out	0.1626973018054815	0.27596837535334295	0.1596101633799973	True
calib_anchor	cross_supervised_4096	red_flour_beetle	0.0030871384254842	cross	insect	nan	nan	nan	cross_supervised_to_stress_eval	0.027167	0.29354	0.029068	1816066	179836	nan	820.0	2.9138138523837167	0	199682416	2211	32080666	13894384	6	0.0	0.330472	1000000	8.300339822655378	3.344588742578714	7.142839297329219	7.506243375731907	0.1770641784426884	0.0859070146414682	baseline_plus_kmer	leave_species_out	0.1626973018054815	0.27596837535334295	0.1596101633799973	True
anchor_anchor	cross_supervised_4096	red_flour_beetle	0.0030871384254842	cross	insect	nan	nan	nan	cross_supervised_to_insect_stress	0.027167	0.29354	0.029068	1816066	179836	nan	820.0	2.9138138523837167	0	199682416	2211	32080666	13894384	6	0.0	0.330472	1000000	8.300339822655378	3.344588742578714	7.142839297329219	7.506243375731907	0.1770641784426884	0.0859070146414682	baseline_plus_kmer	leave_species_out	0.1626973018054815	0.27596837535334295	0.1596101633799973	True
calib_anchor	plant_supervised_4096	red_flour_beetle	0.0023709296255628	plant	insect	nan	nan	nan	plant_supervised_to_cross_eval	0.027167	0.29354	0.029068	1816066	179836	nan	820.0	2.9138138523837167	0	199682416	2211	32080666	13894384	6	0.0	0.330472	1000000	8.300339822655378	3.344588742578714	7.142839297329219	7.506243375731907	0.2062665763937115	0.1299963863429378	baseline_plus_kmer	leave_species_out	0.17221811915064492	0.2798379716725203	0.16984718952508213	True
calib_anchor	plant_supervised_4096	red_flour_beetle	0.0023709296255628	plant	insect	nan	nan	nan	plant_supervised_to_stress_eval	0.027167	0.29354	0.029068	1816066	179836	nan	820.0	2.9138138523837167	0	199682416	2211	32080666	13894384	6	0.0	0.330472	1000000	8.300339822655378	3.344588742578714	7.142839297329219	7.506243375731907	0.2062665763937115	0.1299963863429378	baseline_plus_kmer	leave_species_out	0.17221811915064492	0.2798379716725203	0.16984718952508213	True
calib_anchor	direct_red_flour_beetle_4096	red_flour_beetle	0.0	other_anchor	insect	nan	nan	nan	direct_beetle_to_cross_eval	0.027167	0.29354	0.029068	1816066	179836	nan	820.0	2.9138138523837167	0	199682416	2211	32080666	13894384	6	0.0	0.330472	1000000	8.300339822655378	3.344588742578714	7.142839297329219	7.506243375731907	0.387481875883399	0.3795499300235393	baseline_plus_kmer	leave_species_out	0.06935588383418158	0.1049425638995995	0.06935588383418158	True
calib_anchor	direct_red_flour_beetle_4096	red_flour_beetle	0.0	other_anchor	insect	nan	nan	nan	direct_beetle_to_stress_eval	0.027167	0.29354	0.029068	1816066	179836	nan	820.0	2.9138138523837167	0	199682416	2211	32080666	13894384	6	0.0	0.330472	1000000	8.300339822655378	3.344588742578714	7.142839297329219	7.506243375731907	0.387481875883399	0.3795499300235393	baseline_plus_kmer	leave_species_out	0.06935588383418158	0.1049425638995995	0.06935588383418158	True
calib_anchor	direct_western_honey_bee_4096	red_flour_beetle	0.0	other_anchor	insect	nan	nan	nan	direct_honeybee_to_cross_eval	0.027167	0.29354	0.029068	1816066	179836	nan	820.0	2.9138138523837167	0	199682416	2211	32080666	13894384	6	0.0	0.330472	1000000	8.300339822655378	3.344588742578714	7.142839297329219	7.506243375731907	0.387481875883399	0.3795499300235393	baseline_plus_kmer	leave_species_out	0.06935588383418158	0.1049425638995995	0.06935588383418158	True
calib_anchor	direct_western_honey_bee_4096	red_flour_beetle	0.0	other_anchor	insect	nan	nan	nan	direct_honeybee_to_stress_eval	0.027167	0.29354	0.029068	1816066	179836	nan	820.0	2.9138138523837167	0	199682416	2211	32080666	13894384	6	0.0	0.330472	1000000	8.300339822655378	3.344588742578714	7.142839297329219	7.506243375731907	0.387481875883399	0.3795499300235393	baseline_plus_kmer	leave_species_out	0.06935588383418158	0.1049425638995995	0.06935588383418158	True
calib_anchor	direct_red_flour_beetle_4096	red_flour_beetle	0.0	other_anchor	insect	nan	nan	nan	direct_beetle_own_holdout	0.027167	0.29354	0.029068	1816066	179836	nan	820.0	2.9138138523837167	0	199682416	2211	32080666	13894384	6	0.0	0.330472	1000000	8.300339822655378	3.344588742578714	7.142839297329219	7.506243375731907	0.387481875883399	0.3795499300235393	baseline_plus_kmer	leave_species_out	0.06935588383418158	0.1049425638995995	0.06935588383418158	True
calib_anchor	cross_supervised_4096	rice	0.8757886614942711	cross	plant	nan	nan	nan	cross_supervised_to_plant_fine	0.042709	0.042814	0.945597	6804792	150290274	0.4367724609375	1500.0	3.1760912590556813	0	375049285	63	43270923	29958434	6	0.0009990009990009	0.440543	1000000	8.574088341853379	1.7993405494535817	7.476519107994928	7.636196159112094	0.0509643028428826	0.0089788460254062	baseline_plus_kmer	leave_species_out	0.846820592193661	0.08322464996119414	0.028968069300610133	True
calib_anchor	plant_supervised_4096	rice	0.8707687905287769	plant	plant	nan	nan	nan	plant_supervised_to_plant_fine	0.042709	0.042814	0.945597	6804792	150290274	0.4367724609375	1500.0	3.1760912590556813	1	375049285	63	43270923	29958434	6	0.0009990009990009	0.440543	1000000	8.574088341853379	1.7993405494535817	7.476519107994928	7.636196159112094	0.0266445732235012	0.0019077973482301	baseline_plus_kmer	leave_species_out	0.8471890516436121	0.07546281481252139	0.023579738885164736	True
calib_anchor	TFREPAIR_invert_boost_animal_4096_seed42	rice	0.7436754544113025	animal	plant	nan	nan	nan	animal_invert_boost_to_plant_fine	0.042709	0.042814	0.945597	6804792	150290274	0.4367724609375	1500.0	3.1760912590556813	0	375049285	63	43270923	29958434	6	0.0009990009990009	0.440543	1000000	8.574088341853379	1.7993405494535817	7.476519107994928	7.636196159112094	0.0884855408342787	0.024015940484199	baseline_plus_kmer	leave_species_out	0.821716067887216	0.09033129432014625	0.07804061347591351	True
calib_anchor	insect_no_beetle_4096	rice	0.6461381376419327	insect	plant	nan	nan	nan	insect_no_beetle_to_plant_fine	0.042709	0.042814	0.945597	6804792	150290274	0.4367724609375	1500.0	3.1760912590556813	0	375049285	63	43270923	29958434	6	0.0009990009990009	0.440543	1000000	8.574088341853379	1.7993405494535817	7.476519107994928	7.636196159112094	0.1297892289697576	0.0416255932528221	baseline_plus_kmer	leave_species_out	0.5446285326507159	0.22652175072537298	0.10150960499121686	True
final_errorbar	ntv3_100m_pre_w2048	rice	0.4280118170164783	human_h0_ntv3_100m	plant	plant_fine	3.0	0.0089135891045139	nan	0.042709	0.042814	0.945597	6804792	150290274	0.4367724609375	1500.0	3.1760912590556813	0	375049285	63	43270923	29958434	6	0.0009990009990009	0.440543	1000000	8.574088341853379	1.7993405494535817	7.476519107994928	7.636196159112094	0.2387362365796297	0.1495374763496936	baseline_plus_kmer	leave_species_out	0.34406262160798057	0.12932017864088177	0.08394919540849771	True
final_errorbar	ntv2_250m_w4096	rice	0.1180575922330197	human_h0_ntv2_250m	plant	plant_fine	3.0	0.0082940112619889	nan	0.042709	0.042814	0.945597	6804792	150290274	0.4367724609375	1500.0	3.1760912590556813	0	375049285	63	43270923	29958434	6	0.0009990009990009	0.440543	1000000	8.574088341853379	1.7993405494535817	7.476519107994928	7.636196159112094	0.2387362365796297	0.1495374763496936	baseline_plus_kmer	leave_species_out	0.3056735073602303	0.12829099963526058	0.1876159151272106	True
supp_h0_transfer	ntv2_500m_H0_w4096	rice	0.115519977917328	human_h0_ntv2_500m	plant	nan	nan	nan	transfer_BC_w4096	0.042709	0.042814	0.945597	6804792	150290274	0.4367724609375	1500.0	3.1760912590556813	0	375049285	63	43270923	29958434	6	0.0009990009990009	0.440543	1000000	8.574088341853379	1.7993405494535817	7.476519107994928	7.636196159112094	0.2387362365796297	0.1495374763496936	baseline_plus_kmer	leave_species_out	0.3162302246243643	0.13351118715423374	0.2007102467070363	True
calib_anchor	cross_supervised_4096	sorghum	0.9154621597006132	cross	plant	nan	nan	nan	cross_supervised_to_plant_fine	0.057919	0.05798	0.982235	24648380	417568699	0.43649658203125	1500.0	3.1760912590556813	0	709344700	869	80884392	68658214	5	0.0	0.442729	1000000	8.85085732817176	2.9390197764486663	7.836692501973025	7.907864725292852	0.0537853232039029	0.0104612611262495	baseline_plus_kmer	leave_species_out	0.81364532022104	0.08553359236377613	0.1018168394795732	True
calib_anchor	plant_supervised_4096	sorghum	0.9087078620701828	plant	plant	nan	nan	nan	plant_supervised_to_plant_fine	0.057919	0.05798	0.982235	24648380	417568699	0.43649658203125	1500.0	3.1760912590556813	1	709344700	869	80884392	68658214	5	0.0	0.442729	1000000	8.85085732817176	2.9390197764486663	7.836692501973025	7.907864725292852	0.0273914249208693	0.0019576048399221	baseline_plus_kmer	leave_species_out	0.8145807215429358	0.08296791613368673	0.09412714052724702	True
calib_anchor	TFREPAIR_invert_boost_animal_4096_seed42	sorghum	0.8370785739861111	animal	plant	nan	nan	nan	animal_invert_boost_to_plant_fine	0.057919	0.05798	0.982235	24648380	417568699	0.43649658203125	1500.0	3.1760912590556813	0	709344700	869	80884392	68658214	5	0.0	0.442729	1000000	8.85085732817176	2.9390197764486663	7.836692501973025	7.907864725292852	0.0942512747889714	0.0278449023844741	baseline_plus_kmer	leave_species_out	0.7596596123516945	0.10897962521565478	0.07741896163441653	True
calib_anchor	insect_no_beetle_4096	sorghum	0.7395318366775196	insect	plant	nan	nan	nan	insect_no_beetle_to_plant_fine	0.057919	0.05798	0.982235	24648380	417568699	0.43649658203125	1500.0	3.1760912590556813	0	709344700	869	80884392	68658214	5	0.0	0.442729	1000000	8.85085732817176	2.9390197764486663	7.836692501973025	7.907864725292852	0.1395994473150001	0.0492361155990339	baseline_plus_kmer	leave_species_out	0.5959198189101266	0.1618546217587889	0.14361201776739307	True
final_errorbar	ntv3_100m_pre_w2048	sorghum	0.4747462171975484	human_h0_ntv3_100m	plant	plant_fine	3.0	0.0156681636990695	nan	0.057919	0.05798	0.982235	24648380	417568699	0.43649658203125	1500.0	3.1760912590556813	0	709344700	869	80884392	68658214	5	0.0	0.442729	1000000	8.85085732817176	2.9390197764486663	7.836692501973025	7.907864725292852	0.2366280772731148	0.1465793330978378	baseline_plus_kmer	leave_species_out	0.3062214187754184	0.12464601248864612	0.16852479842212997	True
supp_h0_transfer	ntv2_500m_H0_w4096	sorghum	0.1793904911276665	human_h0_ntv2_500m	plant	nan	nan	nan	transfer_BC_w4096	0.057919	0.05798	0.982235	24648380	417568699	0.43649658203125	1500.0	3.1760912590556813	0	709344700	869	80884392	68658214	5	0.0	0.442729	1000000	8.85085732817176	2.9390197764486663	7.836692501973025	7.907864725292852	0.2366280772731148	0.1465793330978378	baseline_plus_kmer	leave_species_out	0.28340483263092026	0.12531819827277976	0.10401434150325375	True
final_errorbar	ntv2_250m_w4096	sorghum	0.1551588113564608	human_h0_ntv2_250m	plant	plant_fine	3.0	0.0342168256944894	nan	0.057919	0.05798	0.982235	24648380	417568699	0.43649658203125	1500.0	3.1760912590556813	0	709344700	869	80884392	68658214	5	0.0	0.442729	1000000	8.85085732817176	2.9390197764486663	7.836692501973025	7.907864725292852	0.2366280772731148	0.1465793330978378	baseline_plus_kmer	leave_species_out	0.273737981287458	0.11855873024559928	0.11857916993099721	True
calib_anchor	TFREPAIR_invert_boost_animal_4096_seed42	soybean	0.5650860204945004	animal	plant	nan	nan	nan	animal_invert_boost_to_cross_eval	0.121572	0.122064	0.967888	51176368	405794558	nan	1550.0	3.1903316981702914	0	978491270	1190	58018742	48577505	10	0.0140867288186392	0.330132	1000000	8.990556955279926	3.0755469613925306	7.686435205146788	7.763568307914055	0.1721211082809056	0.0467496388777612	baseline_plus_kmer	leave_species_out	0.5746710446786684	0.29377447421459085	0.009585024184167956	True
calib_anchor	TFREPAIR_invert_boost_animal_4096_seed42	soybean	0.5650854892493286	animal	plant	nan	nan	nan	animal_invert_boost_to_plant_eval	0.121572	0.122064	0.967888	51176368	405794558	nan	1550.0	3.1903316981702914	0	978491270	1190	58018742	48577505	10	0.0140867288186392	0.330132	1000000	8.990556955279926	3.0755469613925306	7.686435205146788	7.763568307914055	0.1721211082809056	0.0467496388777612	baseline_plus_kmer	leave_species_out	0.5746710446786684	0.29377447421459085	0.00958555542933981	True
calib_anchor	insect_no_beetle_4096	soybean	0.4867824461937038	insect	plant	nan	nan	nan	insect_no_beetle_to_cross_eval	0.121572	0.122064	0.967888	51176368	405794558	nan	1550.0	3.1903316981702914	0	978491270	1190	58018742	48577505	10	0.0140867288186392	0.330132	1000000	8.990556955279926	3.0755469613925306	7.686435205146788	7.763568307914055	0.2213663352869438	0.0708915192575917	baseline_plus_kmer	leave_species_out	0.3724665099442286	0.27576231012350044	0.11431593624947523	True
calib_anchor	insect_no_beetle_4096	soybean	0.4867824461937038	insect	plant	nan	nan	nan	insect_no_beetle_to_plant_eval	0.121572	0.122064	0.967888	51176368	405794558	nan	1550.0	3.1903316981702914	0	978491270	1190	58018742	48577505	10	0.0140867288186392	0.330132	1000000	8.990556955279926	3.0755469613925306	7.686435205146788	7.763568307914055	0.2213663352869438	0.0708915192575917	baseline_plus_kmer	leave_species_out	0.3724665099442286	0.27576231012350044	0.11431593624947523	True
calib_anchor	cross_supervised_4096	soybean	0.4136761357660033	cross	plant	nan	nan	nan	cross_supervised_to_cross_eval	0.121572	0.122064	0.967888	51176368	405794558	nan	1550.0	3.1903316981702914	0	978491270	1190	58018742	48577505	10	0.0140867288186392	0.330132	1000000	8.990556955279926	3.0755469613925306	7.686435205146788	7.763568307914055	0.1689640981121739	0.0484850139947763	baseline_plus_kmer	leave_species_out	0.63698839910911	0.2894906391616279	0.22331226334310667	True
calib_anchor	cross_supervised_4096	soybean	0.4136761357660033	cross	plant	nan	nan	nan	cross_supervised_to_plant_eval	0.121572	0.122064	0.967888	51176368	405794558	nan	1550.0	3.1903316981702914	0	978491270	1190	58018742	48577505	10	0.0140867288186392	0.330132	1000000	8.990556955279926	3.0755469613925306	7.686435205146788	7.763568307914055	0.1689640981121739	0.0484850139947763	baseline_plus_kmer	leave_species_out	0.63698839910911	0.2894906391616279	0.22331226334310667	True
calib_anchor	plant_supervised_4096	soybean	0.4115535505913839	plant	plant	nan	nan	nan	plant_supervised_to_cross_eval	0.121572	0.122064	0.967888	51176368	405794558	nan	1550.0	3.1903316981702914	1	978491270	1190	58018742	48577505	10	0.0140867288186392	0.330132	1000000	8.990556955279926	3.0755469613925306	7.686435205146788	7.763568307914055	0.1946953499497931	0.0763255186024801	baseline_plus_kmer	leave_species_out	0.5926181409850071	0.30332950121997054	0.18106459039362321	True
calib_anchor	plant_supervised_4096	soybean	0.4115535505913839	plant	plant	nan	nan	nan	plant_supervised_to_plant_eval	0.121572	0.122064	0.967888	51176368	405794558	nan	1550.0	3.1903316981702914	1	978491270	1190	58018742	48577505	10	0.0140867288186392	0.330132	1000000	8.990556955279926	3.0755469613925306	7.686435205146788	7.763568307914055	0.1946953499497931	0.0763255186024801	baseline_plus_kmer	leave_species_out	0.5926181409850071	0.30332950121997054	0.18106459039362321	True
calib_anchor	plant_supervised_4096	teosinte	0.9308197551982428	plant	plant	nan	nan	nan	plant_supervised_to_cross_eval	0.086856	0.088019	0.868021	259955621	2563626352	nan	1500.0	3.1760912590556813	1	3290921811	8365	294039681	175094470	8	0.0	0.438516	1000000	9.517317564015846	3.922465945298413	8.243272429998866	8.468405942917126	0.2100077500333409	0.103231294898657	baseline_plus_kmer	leave_species_out	0.3676272245162716	0.19404548091656032	0.5631925306819712	True
calib_anchor	plant_supervised_4096	teosinte	0.9308197551982428	plant	plant	nan	nan	nan	plant_supervised_to_plant_eval	0.086856	0.088019	0.868021	259955621	2563626352	nan	1500.0	3.1760912590556813	1	3290921811	8365	294039681	175094470	8	0.0	0.438516	1000000	9.517317564015846	3.922465945298413	8.243272429998866	8.468405942917126	0.2100077500333409	0.103231294898657	baseline_plus_kmer	leave_species_out	0.3676272245162716	0.19404548091656032	0.5631925306819712	True
calib_anchor	cross_supervised_4096	teosinte	0.9299634062638152	cross	plant	nan	nan	nan	cross_supervised_to_cross_eval	0.086856	0.088019	0.868021	259955621	2563626352	nan	1500.0	3.1760912590556813	0	3290921811	8365	294039681	175094470	8	0.0	0.438516	1000000	9.517317564015846	3.922465945298413	8.243272429998866	8.468405942917126	0.2120411295082017	0.1047709646574465	baseline_plus_kmer	leave_species_out	0.4866856440870989	0.22343243732360227	0.44327776217671633	True
calib_anchor	cross_supervised_4096	teosinte	0.9299634062638152	cross	plant	nan	nan	nan	cross_supervised_to_plant_eval	0.086856	0.088019	0.868021	259955621	2563626352	nan	1500.0	3.1760912590556813	0	3290921811	8365	294039681	175094470	8	0.0	0.438516	1000000	9.517317564015846	3.922465945298413	8.243272429998866	8.468405942917126	0.2120411295082017	0.1047709646574465	baseline_plus_kmer	leave_species_out	0.4866856440870989	0.22343243732360227	0.44327776217671633	True
calib_anchor	TFREPAIR_invert_boost_animal_4096_seed42	teosinte	0.8886845637016639	animal	plant	nan	nan	nan	animal_invert_boost_to_cross_eval	0.086856	0.088019	0.868021	259955621	2563626352	nan	1500.0	3.1760912590556813	0	3290921811	8365	294039681	175094470	8	0.0	0.438516	1000000	9.517317564015846	3.922465945298413	8.243272429998866	8.468405942917126	0.2168178063542519	0.1112460410900726	baseline_plus_kmer	leave_species_out	0.48510333750980006	0.24482121099650428	0.4035812261918639	True
calib_anchor	TFREPAIR_invert_boost_animal_4096_seed42	teosinte	0.8886845637016639	animal	plant	nan	nan	nan	animal_invert_boost_to_plant_eval	0.086856	0.088019	0.868021	259955621	2563626352	nan	1500.0	3.1760912590556813	0	3290921811	8365	294039681	175094470	8	0.0	0.438516	1000000	9.517317564015846	3.922465945298413	8.243272429998866	8.468405942917126	0.2168178063542519	0.1112460410900726	baseline_plus_kmer	leave_species_out	0.48510333750980006	0.24482121099650428	0.4035812261918639	True
calib_anchor	insect_no_beetle_4096	teosinte	0.7928110204987012	insect	plant	nan	nan	nan	insect_no_beetle_to_cross_eval	0.086856	0.088019	0.868021	259955621	2563626352	nan	1500.0	3.1760912590556813	0	3290921811	8365	294039681	175094470	8	0.0	0.438516	1000000	9.517317564015846	3.922465945298413	8.243272429998866	8.468405942917126	0.24756711504357	0.1387104209292143	baseline_plus_kmer	leave_species_out	0.2738963002998745	0.16346518596248127	0.5189147201988267	True
calib_anchor	insect_no_beetle_4096	teosinte	0.7928110204987012	insect	plant	nan	nan	nan	insect_no_beetle_to_plant_eval	0.086856	0.088019	0.868021	259955621	2563626352	nan	1500.0	3.1760912590556813	0	3290921811	8365	294039681	175094470	8	0.0	0.438516	1000000	9.517317564015846	3.922465945298413	8.243272429998866	8.468405942917126	0.24756711504357	0.1387104209292143	baseline_plus_kmer	leave_species_out	0.2738963002998745	0.16346518596248127	0.5189147201988267	True
calib_anchor	cross_supervised_4096	thale_cress	0.7121875392581978	cross	plant	nan	nan	nan	cross_supervised_to_plant_fine	0.043011	0.043145	0.932855	1297325	28049979	0.37922119140625	1550.0	3.1903316981702914	0	119667750	7	30427671	23459830	3	0.0	0.372445	1000000	8.077977125476142	0.8450980400142568	7.370324860706645	7.48326871178776	0.1110569059282151	0.0213077580291249	baseline_plus_kmer	leave_species_out	0.5883126996746948	0.22039891300299677	0.12387483958350298	True
calib_anchor	plant_supervised_4096	thale_cress	0.6974776069597389	plant	plant	nan	nan	nan	plant_supervised_to_plant_fine	0.043011	0.043145	0.932855	1297325	28049979	0.37922119140625	1550.0	3.1903316981702914	1	119667750	7	30427671	23459830	3	0.0	0.372445	1000000	8.077977125476142	0.8450980400142568	7.370324860706645	7.48326871178776	0.1249666485378415	0.0307960258984802	baseline_plus_kmer	leave_species_out	0.5595846315125441	0.23291000070668894	0.1378929754471948	True
calib_anchor	TFREPAIR_invert_boost_animal_4096_seed42	thale_cress	0.2079073653834738	animal	plant	nan	nan	nan	animal_invert_boost_to_plant_fine	0.043011	0.043145	0.932855	1297325	28049979	0.37922119140625	1550.0	3.1903316981702914	0	119667750	7	30427671	23459830	3	0.0	0.372445	1000000	8.077977125476142	0.8450980400142568	7.370324860706645	7.48326871178776	0.1234742428456467	0.0279292546598651	baseline_plus_kmer	leave_species_out	0.5665273708412994	0.22619622881014706	0.3586200054578257	True
calib_anchor	insect_no_beetle_4096	thale_cress	0.1382559591838703	insect	plant	nan	nan	nan	insect_no_beetle_to_plant_fine	0.043011	0.043145	0.932855	1297325	28049979	0.37922119140625	1550.0	3.1903316981702914	0	119667750	7	30427671	23459830	3	0.0	0.372445	1000000	8.077977125476142	0.8450980400142568	7.370324860706645	7.48326871178776	0.1564172368424756	0.0430840989911306	baseline_plus_kmer	leave_species_out	0.6184040271715187	0.1660995921822287	0.48014806798764836	True
final_errorbar	ntv3_100m_pre_w2048	thale_cress	0.1299511497000876	human_h0_ntv3_100m	plant	plant_fine	3.0	0.0173026332429277	nan	0.043011	0.043145	0.932855	1297325	28049979	0.37922119140625	1550.0	3.1903316981702914	0	119667750	7	30427671	23459830	3	0.0	0.372445	1000000	8.077977125476142	0.8450980400142568	7.370324860706645	7.48326871178776	0.3352596901322179	0.268016439460078	baseline_plus_kmer	leave_species_out	0.44965915133502304	0.18651774843625193	0.31970800163493546	True
final_errorbar	ntv2_250m_w4096	thale_cress	0.059250325526733	human_h0_ntv2_250m	plant	plant_fine	3.0	0.0279221757123653	nan	0.043011	0.043145	0.932855	1297325	28049979	0.37922119140625	1550.0	3.1903316981702914	0	119667750	7	30427671	23459830	3	0.0	0.372445	1000000	8.077977125476142	0.8450980400142568	7.370324860706645	7.48326871178776	0.3352596901322179	0.268016439460078	baseline_plus_kmer	leave_species_out	0.40369429112252897	0.2118095402266943	0.344443965595796	True
supp_h0_transfer	ntv2_500m_H0_w4096	thale_cress	0.0350888069185704	human_h0_ntv2_500m	plant	nan	nan	nan	transfer_BC_w4096	0.043011	0.043145	0.932855	1297325	28049979	0.37922119140625	1550.0	3.1903316981702914	0	119667750	7	30427671	23459830	3	0.0	0.372445	1000000	8.077977125476142	0.8450980400142568	7.370324860706645	7.48326871178776	0.3352596901322179	0.268016439460078	baseline_plus_kmer	leave_species_out	0.4256433918239415	0.20701267226625808	0.3905545849053711	True
supp_h0_transfer	ntv2_500m_H0_w4096	western_clawed_frog	0.7676709570719781	human_h0_ntv2_500m	vertebrate	nan	nan	nan	transfer_BC_w4096	0.000179	0.000179	0.967076	84407	455592780	0.5371810538664581	360.0	2.556302500767288	0	1451301209	167	217471166	153961319	5	0.0029910269192422	0.505897	1000000	9.16175755704896	2.2227164711475837	8.18741162307706	8.337401683004607	0.1957973399316009	0.0911435831684164	baseline_plus_kmer	leave_species_out	0.4769278825283631	0.2643546812335304	0.290743074543615	True
final_errorbar	ntv2_250m_w4096	western_clawed_frog	0.6476854010493278	human_h0_ntv2_250m	vertebrate	animal_fine	3.0	0.0436579387818896	nan	0.000179	0.000179	0.967076	84407	455592780	0.5371810538664581	360.0	2.556302500767288	0	1451301209	167	217471166	153961319	5	0.0029910269192422	0.505897	1000000	9.16175755704896	2.2227164711475837	8.18741162307706	8.337401683004607	0.1957973399316009	0.0911435831684164	baseline_plus_kmer	leave_species_out	0.47240249022766106	0.26380997963819414	0.17528291082166675	True
final_errorbar	ntv3_100m_pre_w2048	western_clawed_frog	0.5191597065847986	human_h0_ntv3_100m	vertebrate	animal_fine	3.0	0.0896323044666213	nan	0.000179	0.000179	0.967076	84407	455592780	0.5371810538664581	360.0	2.556302500767288	0	1451301209	167	217471166	153961319	5	0.0029910269192422	0.505897	1000000	9.16175755704896	2.2227164711475837	8.18741162307706	8.337401683004607	0.1957973399316009	0.0911435831684164	baseline_plus_kmer	leave_species_out	0.49724852016520266	0.24663735907131867	0.02191118641959594	True
anchor_anchor	insect_primary_4096	western_honey_bee	0.946524064171123	insect	insect	nan	nan	nan	insect_primary_to_insect_stress	0.020425	0.982865	0.020432	4337232	90164	nan	820.0	2.9138138523837167	1	51457486	3	25433307	14233499	2	0.0388635522641971	0.404665	1000000	7.71144856455995	0.4771212547196624	7.15331167517893	7.405402833572285	0.1030895049884773	0.0198094430108711	baseline_plus_kmer	leave_species_out	0.3818386888539652	0.39119565138698137	0.5646853753171578	True
calib_anchor	insect_no_beetle_4096	western_honey_bee	0.7983193277310925	insect	insect	nan	nan	nan	insect_no_beetle_to_cross_eval	0.020425	0.982865	0.020432	4337232	90164	nan	820.0	2.9138138523837167	1	51457486	3	25433307	14233499	2	0.0388635522641971	0.404665	1000000	7.71144856455995	0.4771212547196624	7.15331167517893	7.405402833572285	0.1030895049884773	0.0198094430108711	baseline_plus_kmer	leave_species_out	0.3818386888539652	0.39119565138698137	0.4164806388771273	True
calib_anchor	insect_no_beetle_4096	western_honey_bee	0.7983193277310925	insect	insect	nan	nan	nan	insect_no_beetle_to_stress_eval	0.020425	0.982865	0.020432	4337232	90164	nan	820.0	2.9138138523837167	1	51457486	3	25433307	14233499	2	0.0388635522641971	0.404665	1000000	7.71144856455995	0.4771212547196624	7.15331167517893	7.405402833572285	0.1030895049884773	0.0198094430108711	baseline_plus_kmer	leave_species_out	0.3818386888539652	0.39119565138698137	0.4164806388771273	True
anchor_anchor	insect_no_beetle_4096	western_honey_bee	0.7983193277310925	insect	insect	nan	nan	nan	insect_no_beetle_to_insect_stress	0.020425	0.982865	0.020432	4337232	90164	nan	820.0	2.9138138523837167	1	51457486	3	25433307	14233499	2	0.0388635522641971	0.404665	1000000	7.71144856455995	0.4771212547196624	7.15331167517893	7.405402833572285	0.1030895049884773	0.0198094430108711	baseline_plus_kmer	leave_species_out	0.3818386888539652	0.39119565138698137	0.4164806388771273	True
calib_anchor	TFREPAIR_invert_boost_animal_4096_seed42	western_honey_bee	0.05217988328184	animal	insect	nan	nan	nan	animal_invert_boost_to_cross_eval	0.020425	0.982865	0.020432	4337232	90164	nan	820.0	2.9138138523837167	1	51457486	3	25433307	14233499	2	0.0388635522641971	0.404665	1000000	7.71144856455995	0.4771212547196624	7.15331167517893	7.405402833572285	0.1975547081920625	0.0743872976560842	baseline_plus_kmer	leave_species_out	0.026775276410980008	0.11526732835166378	0.02540460687085999	True
calib_anchor	TFREPAIR_invert_boost_animal_4096_seed42	western_honey_bee	0.05217988328184	animal	insect	nan	nan	nan	animal_invert_boost_to_stress_eval	0.020425	0.982865	0.020432	4337232	90164	nan	820.0	2.9138138523837167	1	51457486	3	25433307	14233499	2	0.0388635522641971	0.404665	1000000	7.71144856455995	0.4771212547196624	7.15331167517893	7.405402833572285	0.1975547081920625	0.0743872976560842	baseline_plus_kmer	leave_species_out	0.026775276410980008	0.11526732835166378	0.02540460687085999	True
anchor_anchor	TFREPAIR_invert_boost_animal_4096_seed42	western_honey_bee	0.05217988328184	animal	insect	nan	nan	nan	animal_invert_boost_to_insect_stress	0.020425	0.982865	0.020432	4337232	90164	nan	820.0	2.9138138523837167	1	51457486	3	25433307	14233499	2	0.0388635522641971	0.404665	1000000	7.71144856455995	0.4771212547196624	7.15331167517893	7.405402833572285	0.1975547081920625	0.0743872976560842	baseline_plus_kmer	leave_species_out	0.026775276410980008	0.11526732835166378	0.02540460687085999	True
calib_anchor	cross_supervised_4096	western_honey_bee	0.0052898014902451	cross	insect	nan	nan	nan	cross_supervised_to_cross_eval	0.020425	0.982865	0.020432	4337232	90164	nan	820.0	2.9138138523837167	0	51457486	3	25433307	14233499	2	0.0388635522641971	0.404665	1000000	7.71144856455995	0.4771212547196624	7.15331167517893	7.405402833572285	0.2119073798001238	0.0902008757309238	baseline_plus_kmer	leave_species_out	0.058219616035962235	0.19767877248114238	0.05292981454571714	True
calib_anchor	cross_supervised_4096	western_honey_bee	0.0052898014902451	cross	insect	nan	nan	nan	cross_supervised_to_stress_eval	0.020425	0.982865	0.020432	4337232	90164	nan	820.0	2.9138138523837167	0	51457486	3	25433307	14233499	2	0.0388635522641971	0.404665	1000000	7.71144856455995	0.4771212547196624	7.15331167517893	7.405402833572285	0.2119073798001238	0.0902008757309238	baseline_plus_kmer	leave_species_out	0.058219616035962235	0.19767877248114238	0.05292981454571714	True
anchor_anchor	cross_supervised_4096	western_honey_bee	0.0052898014902451	cross	insect	nan	nan	nan	cross_supervised_to_insect_stress	0.020425	0.982865	0.020432	4337232	90164	nan	820.0	2.9138138523837167	0	51457486	3	25433307	14233499	2	0.0388635522641971	0.404665	1000000	7.71144856455995	0.4771212547196624	7.15331167517893	7.405402833572285	0.2119073798001238	0.0902008757309238	baseline_plus_kmer	leave_species_out	0.058219616035962235	0.19767877248114238	0.05292981454571714	True
calib_anchor	plant_supervised_4096	western_honey_bee	0.0003842421976866	plant	insect	nan	nan	nan	plant_supervised_to_cross_eval	0.020425	0.982865	0.020432	4337232	90164	nan	820.0	2.9138138523837167	0	51457486	3	25433307	14233499	2	0.0388635522641971	0.404665	1000000	7.71144856455995	0.4771212547196624	7.15331167517893	7.405402833572285	0.2144848278327983	0.1040586970085212	baseline_plus_kmer	leave_species_out	0.03684949549551882	0.15149079614954664	0.03646525329783222	True
calib_anchor	plant_supervised_4096	western_honey_bee	0.0003842416254314	plant	insect	nan	nan	nan	plant_supervised_to_stress_eval	0.020425	0.982865	0.020432	4337232	90164	nan	820.0	2.9138138523837167	0	51457486	3	25433307	14233499	2	0.0388635522641971	0.404665	1000000	7.71144856455995	0.4771212547196624	7.15331167517893	7.405402833572285	0.2144848278327983	0.1040586970085212	baseline_plus_kmer	leave_species_out	0.03684949549551882	0.15149079614954664	0.03646525387008742	True
calib_anchor	direct_red_flour_beetle_4096	western_honey_bee	0.0	other_anchor	insect	nan	nan	nan	direct_beetle_to_cross_eval	0.020425	0.982865	0.020432	4337232	90164	nan	820.0	2.9138138523837167	0	51457486	3	25433307	14233499	2	0.0388635522641971	0.404665	1000000	7.71144856455995	0.4771212547196624	7.15331167517893	7.405402833572285	0.3782434204252473	0.3304654870915913	baseline_plus_kmer	leave_species_out	0.07846276059327693	0.1107661679513952	0.07846276059327693	True
calib_anchor	direct_red_flour_beetle_4096	western_honey_bee	0.0	other_anchor	insect	nan	nan	nan	direct_beetle_to_stress_eval	0.020425	0.982865	0.020432	4337232	90164	nan	820.0	2.9138138523837167	0	51457486	3	25433307	14233499	2	0.0388635522641971	0.404665	1000000	7.71144856455995	0.4771212547196624	7.15331167517893	7.405402833572285	0.3782434204252473	0.3304654870915913	baseline_plus_kmer	leave_species_out	0.07846276059327693	0.1107661679513952	0.07846276059327693	True
calib_anchor	direct_western_honey_bee_4096	western_honey_bee	0.0	other_anchor	insect	nan	nan	nan	direct_honeybee_to_cross_eval	0.020425	0.982865	0.020432	4337232	90164	nan	820.0	2.9138138523837167	0	51457486	3	25433307	14233499	2	0.0388635522641971	0.404665	1000000	7.71144856455995	0.4771212547196624	7.15331167517893	7.405402833572285	0.3782434204252473	0.3304654870915913	baseline_plus_kmer	leave_species_out	0.07846276059327693	0.1107661679513952	0.07846276059327693	True
calib_anchor	direct_western_honey_bee_4096	western_honey_bee	0.0	other_anchor	insect	nan	nan	nan	direct_honeybee_to_stress_eval	0.020425	0.982865	0.020432	4337232	90164	nan	820.0	2.9138138523837167	0	51457486	3	25433307	14233499	2	0.0388635522641971	0.404665	1000000	7.71144856455995	0.4771212547196624	7.15331167517893	7.405402833572285	0.3782434204252473	0.3304654870915913	baseline_plus_kmer	leave_species_out	0.07846276059327693	0.1107661679513952	0.07846276059327693	True
calib_anchor	direct_western_honey_bee_4096	western_honey_bee	0.0	other_anchor	insect	nan	nan	nan	direct_honeybee_own_holdout	0.020425	0.982865	0.020432	4337232	90164	nan	820.0	2.9138138523837167	0	51457486	3	25433307	14233499	2	0.0388635522641971	0.404665	1000000	7.71144856455995	0.4771212547196624	7.15331167517893	7.405402833572285	0.3782434204252473	0.3304654870915913	baseline_plus_kmer	leave_species_out	0.07846276059327693	0.1107661679513952	0.07846276059327693	True
anchor_anchor	TFREPAIR_invert_boost_animal_4096_seed42	x_laevis	0.4013777654205557	animal	vertebrate	nan	nan	nan	animal_invert_boost_to_insect_stress	0.000194	0.000194	0.813401	56801	238590187	nan	370.0	2.568201724066995	1	2718433805	108033	219802468	136570856	9	0.1479724726946478	0.38498	1000000	9.434318762214229	5.033556436308993	8.13535803149204	8.34203256448767	0.1125183122375499	0.0175004510961257	baseline_plus_kmer	leave_species_out	0.5680372526502248	0.2663138054702888	0.16665948722966906	True
calib_anchor	TFREPAIR_invert_boost_animal_4096_seed42	x_laevis	0.4013775981071781	animal	vertebrate	nan	nan	nan	animal_invert_boost_to_cross_eval	0.000194	0.000194	0.813401	56801	238590187	nan	370.0	2.568201724066995	1	2718433805	108033	219802468	136570856	9	0.1479724726946478	0.38498	1000000	9.434318762214229	5.033556436308993	8.13535803149204	8.34203256448767	0.1125183122375499	0.0175004510961257	baseline_plus_kmer	leave_species_out	0.5680372526502248	0.2663138054702888	0.16665965454304665	True
calib_anchor	TFREPAIR_invert_boost_animal_4096_seed42	x_laevis	0.4013775981071781	animal	vertebrate	nan	nan	nan	animal_invert_boost_to_stress_eval	0.000194	0.000194	0.813401	56801	238590187	nan	370.0	2.568201724066995	1	2718433805	108033	219802468	136570856	9	0.1479724726946478	0.38498	1000000	9.434318762214229	5.033556436308993	8.13535803149204	8.34203256448767	0.1125183122375499	0.0175004510961257	baseline_plus_kmer	leave_species_out	0.5680372526502248	0.2663138054702888	0.16665965454304665	True
calib_anchor	cross_supervised_4096	x_laevis	0.3945827783795458	cross	vertebrate	nan	nan	nan	cross_supervised_to_cross_eval	0.000194	0.000194	0.813401	56801	238590187	nan	370.0	2.568201724066995	0	2718433805	108033	219802468	136570856	9	0.1479724726946478	0.38498	1000000	9.434318762214229	5.033556436308993	8.13535803149204	8.34203256448767	0.1141902696107161	0.0184397446805083	baseline_plus_kmer	leave_species_out	0.5030632748015176	0.27085006245206406	0.10848049642197177	True
calib_anchor	cross_supervised_4096	x_laevis	0.3945827783795458	cross	vertebrate	nan	nan	nan	cross_supervised_to_stress_eval	0.000194	0.000194	0.813401	56801	238590187	nan	370.0	2.568201724066995	0	2718433805	108033	219802468	136570856	9	0.1479724726946478	0.38498	1000000	9.434318762214229	5.033556436308993	8.13535803149204	8.34203256448767	0.1141902696107161	0.0184397446805083	baseline_plus_kmer	leave_species_out	0.5030632748015176	0.27085006245206406	0.10848049642197177	True
anchor_anchor	cross_supervised_4096	x_laevis	0.3945827783795458	cross	vertebrate	nan	nan	nan	cross_supervised_to_insect_stress	0.000194	0.000194	0.813401	56801	238590187	nan	370.0	2.568201724066995	0	2718433805	108033	219802468	136570856	9	0.1479724726946478	0.38498	1000000	9.434318762214229	5.033556436308993	8.13535803149204	8.34203256448767	0.1141902696107161	0.0184397446805083	baseline_plus_kmer	leave_species_out	0.5030632748015176	0.27085006245206406	0.10848049642197177	True
calib_anchor	plant_supervised_4096	x_laevis	0.2855543757586765	plant	vertebrate	nan	nan	nan	plant_supervised_to_cross_eval	0.000194	0.000194	0.813401	56801	238590187	nan	370.0	2.568201724066995	0	2718433805	108033	219802468	136570856	9	0.1479724726946478	0.38498	1000000	9.434318762214229	5.033556436308993	8.13535803149204	8.34203256448767	0.1445645708760781	0.0387081158013149	baseline_plus_kmer	leave_species_out	0.3847080952872707	0.24850077227765668	0.0991537195285942	True
calib_anchor	plant_supervised_4096	x_laevis	0.2855543757586765	plant	vertebrate	nan	nan	nan	plant_supervised_to_stress_eval	0.000194	0.000194	0.813401	56801	238590187	nan	370.0	2.568201724066995	0	2718433805	108033	219802468	136570856	9	0.1479724726946478	0.38498	1000000	9.434318762214229	5.033556436308993	8.13535803149204	8.34203256448767	0.1445645708760781	0.0387081158013149	baseline_plus_kmer	leave_species_out	0.3847080952872707	0.24850077227765668	0.0991537195285942	True
calib_anchor	insect_no_beetle_4096	x_laevis	0.2829600934257301	insect	vertebrate	nan	nan	nan	insect_no_beetle_to_cross_eval	0.000194	0.000194	0.813401	56801	238590187	nan	370.0	2.568201724066995	0	2718433805	108033	219802468	136570856	9	0.1479724726946478	0.38498	1000000	9.434318762214229	5.033556436308993	8.13535803149204	8.34203256448767	0.1983752948465877	0.0592704987046092	baseline_plus_kmer	leave_species_out	0.5159725754562827	0.25771590877627026	0.23301248203055264	True
calib_anchor	insect_no_beetle_4096	x_laevis	0.2829600934257301	insect	vertebrate	nan	nan	nan	insect_no_beetle_to_stress_eval	0.000194	0.000194	0.813401	56801	238590187	nan	370.0	2.568201724066995	0	2718433805	108033	219802468	136570856	9	0.1479724726946478	0.38498	1000000	9.434318762214229	5.033556436308993	8.13535803149204	8.34203256448767	0.1983752948465877	0.0592704987046092	baseline_plus_kmer	leave_species_out	0.5159725754562827	0.25771590877627026	0.23301248203055264	True
anchor_anchor	insect_no_beetle_4096	x_laevis	0.2829600934257301	insect	vertebrate	nan	nan	nan	insect_no_beetle_to_insect_stress	0.000194	0.000194	0.813401	56801	238590187	nan	370.0	2.568201724066995	0	2718433805	108033	219802468	136570856	9	0.1479724726946478	0.38498	1000000	9.434318762214229	5.033556436308993	8.13535803149204	8.34203256448767	0.1983752948465877	0.0592704987046092	baseline_plus_kmer	leave_species_out	0.5159725754562827	0.25771590877627026	0.23301248203055264	True
anchor_anchor	insect_primary_4096	x_laevis	0.2268599691025123	insect	vertebrate	nan	nan	nan	insect_primary_to_insect_stress	0.000194	0.000194	0.813401	56801	238590187	nan	370.0	2.568201724066995	0	2718433805	108033	219802468	136570856	9	0.1479724726946478	0.38498	1000000	9.434318762214229	5.033556436308993	8.13535803149204	8.34203256448767	0.1983752948465877	0.0592704987046092	baseline_plus_kmer	leave_species_out	0.5159725754562827	0.25771590877627026	0.28911260635377045	True
supp_h0_transfer	ntv2_500m_H0_w4096	zebrafish	0.8151318178516959	human_h0_ntv2_500m	vertebrate	nan	nan	nan	transfer_BC_w4096	0.837603	0.982602	0.850212	891480468	771367366	0.4137124131384462	430.0	2.633468455579586	0	1679203469	1923	78093715	52186027	14	0.0	0.359955	1000000	9.225103322767056	3.28397928423848	7.717554234627916	7.892616083164715	0.3272994079847048	0.2672352128115792	baseline_plus_kmer	leave_species_out	0.27107583704386884	0.21264512992585585	0.544055980807827	True
final_errorbar	ntv2_250m_w4096	zebrafish	0.753453009276328	human_h0_ntv2_250m	vertebrate	animal_fine	3.0	0.0131433323203878	nan	0.837603	0.982602	0.850212	891480468	771367366	0.4137124131384462	430.0	2.633468455579586	0	1679203469	1923	78093715	52186027	14	0.0	0.359955	1000000	9.225103322767056	3.28397928423848	7.717554234627916	7.892616083164715	0.3272994079847048	0.2672352128115792	baseline_plus_kmer	leave_species_out	0.2600963072554562	0.21509776653524124	0.4933567020208718	True
final_errorbar	ntv3_100m_pre_w2048	zebrafish	0.5214699959942013	human_h0_ntv3_100m	vertebrate	animal_fine	3.0	0.0175674395284055	nan	0.837603	0.982602	0.850212	891480468	771367366	0.4137124131384462	430.0	2.633468455579586	0	1679203469	1923	78093715	52186027	14	0.0	0.359955	1000000	9.225103322767056	3.28397928423848	7.717554234627916	7.892616083164715	0.3272994079847048	0.2672352128115792	baseline_plus_kmer	leave_species_out	0.3041022408920138	0.20715516161026398	0.21736775510218748	True
calib_anchor	cross_supervised_4096	brachypodium	0.8175422271365038	cross	plant	nan	nan	nan	cross_supervised_to_plant_fine	0.101164	0.1029	0.857087	5277523	43958318	0.45561279296875	1500.0	3.1760912590556813	0	271298618	11	75071545	59130575	3	0.0	0.454488	1000000	8.433447581463392	1.041392685158225	7.771812102204127	7.875475353898488	0.0693259415010997	0.0175357229218507	baseline_plus_kmer	leave_clade_out	0.8635966298036666	0.1264758440626319	0.046054402667162764	True
calib_anchor	plant_supervised_4096	brachypodium	0.7765195434514967	plant	plant	nan	nan	nan	plant_supervised_to_plant_fine	0.101164	0.1029	0.857087	5277523	43958318	0.45561279296875	1500.0	3.1760912590556813	1	271298618	11	75071545	59130575	3	0.0	0.454488	1000000	8.433447581463392	1.041392685158225	7.771812102204127	7.875475353898488	0.0392954852174674	0.0046023125549394	baseline_plus_kmer	leave_clade_out	0.8577929788572162	0.14995240133468302	0.08127343540571952	True
calib_anchor	insect_no_beetle_4096	brachypodium	0.4502561696769175	insect	plant	nan	nan	nan	insect_no_beetle_to_plant_fine	0.101164	0.1029	0.857087	5277523	43958318	0.45561279296875	1500.0	3.1760912590556813	0	271298618	11	75071545	59130575	3	0.0	0.454488	1000000	8.433447581463392	1.041392685158225	7.771812102204127	7.875475353898488	0.142514717076787	0.0564627585782296	baseline_plus_kmer	leave_clade_out	0.8091712237799301	0.176260256372532	0.3589150541030126	True
calib_anchor	TFREPAIR_invert_boost_animal_4096_seed42	brachypodium	0.4333898332380484	animal	plant	nan	nan	nan	animal_invert_boost_to_plant_fine	0.101164	0.1029	0.857087	5277523	43958318	0.45561279296875	1500.0	3.1760912590556813	0	271298618	11	75071545	59130575	3	0.0	0.454488	1000000	8.433447581463392	1.041392685158225	7.771812102204127	7.875475353898488	0.1040889363124293	0.0363524838017522	baseline_plus_kmer	leave_clade_out	0.8606902654961733	0.1292530124699943	0.4273004322581249	True
supp_h0_transfer	ntv2_500m_H0_w4096	brachypodium	0.3212749242452583	human_h0_ntv2_500m	plant	nan	nan	nan	transfer_BC_w4096	0.101164	0.1029	0.857087	5277523	43958318	0.45561279296875	1500.0	3.1760912590556813	0	271298618	11	75071545	59130575	3	0.0	0.454488	1000000	8.433447581463392	1.041392685158225	7.771812102204127	7.875475353898488	0.2268185746895572	0.1337656475000112	baseline_plus_kmer	leave_clade_out	0.5715703550531793	0.2864058905192262	0.25029543080792105	True
final_errorbar	ntv2_250m_w4096	brachypodium	0.2929663405760741	human_h0_ntv2_250m	plant	plant_fine	3.0	0.0156920332833043	nan	0.101164	0.1029	0.857087	5277523	43958318	0.45561279296875	1500.0	3.1760912590556813	0	271298618	11	75071545	59130575	3	0.0	0.454488	1000000	8.433447581463392	1.041392685158225	7.771812102204127	7.875475353898488	0.2268185746895572	0.1337656475000112	baseline_plus_kmer	leave_clade_out	0.5548793208953176	0.27983753763662084	0.2619129803192434	True
final_errorbar	ntv3_100m_pre_w2048	brachypodium	0.2073934705084866	human_h0_ntv3_100m	plant	plant_fine	3.0	0.0683970400854424	nan	0.101164	0.1029	0.857087	5277523	43958318	0.45561279296875	1500.0	3.1760912590556813	0	271298618	11	75071545	59130575	3	0.0	0.454488	1000000	8.433447581463392	1.041392685158225	7.771812102204127	7.875475353898488	0.2268185746895572	0.1337656475000112	baseline_plus_kmer	leave_clade_out	0.4987021498261379	0.24864612375363904	0.2913086793176513	True
anchor_anchor	TFREPAIR_invert_boost_animal_4096_seed42	c_elegans	0.9053972034713066	animal	other	nan	nan	nan	animal_invert_boost_to_insect_fine	0.833784	0.964483	0.860195	10289793	9177183	0.3579248046875	900.0	2.9542425094393248	0	100286401	7	20924180	17493829	3	0.0	0.371376	1000000	8.001242045970857	0.8450980400142568	7.242884877035624	7.320648447384384	0.1443799983785652	0.0775729844697248	baseline_plus_kmer	leave_clade_out	0.5948565825749331	0.25525897052878815	0.31054062089637346	True
anchor_anchor	cross_supervised_4096	c_elegans	0.8952111633807284	cross	other	nan	nan	nan	cross_supervised_to_insect_fine	0.833784	0.964483	0.860195	10289793	9177183	0.3579248046875	900.0	2.9542425094393248	0	100286401	7	20924180	17493829	3	0.0	0.371376	1000000	8.001242045970857	0.8450980400142568	7.242884877035624	7.320648447384384	0.1533616551705707	0.0962183394831955	baseline_plus_kmer	leave_clade_out	0.6831777850381159	0.2125605793130526	0.2120333783426125	True
anchor_anchor	insect_primary_4096	c_elegans	0.8945547202059512	insect	other	nan	nan	nan	insect_primary_to_insect_fine	0.833784	0.964483	0.860195	10289793	9177183	0.3579248046875	900.0	2.9542425094393248	0	100286401	7	20924180	17493829	3	0.0	0.371376	1000000	8.001242045970857	0.8450980400142568	7.242884877035624	7.320648447384384	0.1475085510847136	0.0895808950573151	baseline_plus_kmer	leave_clade_out	0.5490187596534902	0.23684471116765773	0.34553596055246094	True
anchor_anchor	insect_no_beetle_4096	c_elegans	0.5383685302773058	insect	other	nan	nan	nan	insect_no_beetle_to_insect_fine	0.833784	0.964483	0.860195	10289793	9177183	0.3579248046875	900.0	2.9542425094393248	0	100286401	7	20924180	17493829	3	0.0	0.371376	1000000	8.001242045970857	0.8450980400142568	7.242884877035624	7.320648447384384	0.1475085510847136	0.0895808950573151	baseline_plus_kmer	leave_clade_out	0.5490187596534902	0.23684471116765773	0.010650229376184428	True
supp_h0_transfer	ntv2_500m_H0_w4096	c_elegans	0.345012472034356	human_h0_ntv2_500m	other	nan	nan	nan	transfer_BC_w4096	0.833784	0.964483	0.860195	10289793	9177183	0.3579248046875	900.0	2.9542425094393248	0	100286401	7	20924180	17493829	3	0.0	0.371376	1000000	8.001242045970857	0.8450980400142568	7.242884877035624	7.320648447384384	0.3448736563265228	0.3498680780416765	baseline_plus_kmer	leave_clade_out	0.3007462608143656	0.2545922584175751	0.04426621121999036	True
final_errorbar	ntv3_100m_pre_w2048	c_elegans	0.2604444021620859	human_h0_ntv3_100m	other	animal_fine	3.0	0.0215523139867919	nan	0.833784	0.964483	0.860195	10289793	9177183	0.3579248046875	900.0	2.9542425094393248	0	100286401	7	20924180	17493829	3	0.0	0.371376	1000000	8.001242045970857	0.8450980400142568	7.242884877035624	7.320648447384384	0.3448736563265228	0.3498680780416765	baseline_plus_kmer	leave_clade_out	0.3247814520576161	0.2571678851794741	0.06433704989553019	True
final_errorbar	ntv2_250m_w4096	c_elegans	0.1426005332526109	human_h0_ntv2_250m	other	animal_fine	3.0	0.0303152737505588	nan	0.833784	0.964483	0.860195	10289793	9177183	0.3579248046875	900.0	2.9542425094393248	0	100286401	7	20924180	17493829	3	0.0	0.371376	1000000	8.001242045970857	0.8450980400142568	7.242884877035624	7.320648447384384	0.3448736563265228	0.3498680780416765	baseline_plus_kmer	leave_clade_out	0.29896696724062805	0.25054033607035453	0.15636643398801714	True
calib_anchor	TFREPAIR_invert_boost_animal_4096_seed42	cattle	0.9216935615407684	animal	vertebrate	nan	nan	nan	animal_invert_boost_to_cross_eval	0.48001	0.488924	0.963405	641516843	1264081324	nan	96.0	1.9822712330395684	1	2715853792	2211	158534110	103308737	12	0.0	0.438283	1000000	9.43390638599257	3.344588742578714	8.014137052114325	8.200122718862955	0.1961603645512639	0.1045802654699864	baseline_plus_kmer	leave_clade_out	0.23688524810853995	0.34547051179044325	0.6848083134322285	True
calib_anchor	cross_supervised_4096	cattle	0.9213113792693672	cross	vertebrate	nan	nan	nan	cross_supervised_to_cross_eval	0.48001	0.488924	0.963405	641516843	1264081324	nan	96.0	1.9822712330395684	0	2715853792	2211	158534110	103308737	12	0.0	0.438283	1000000	9.43390638599257	3.344588742578714	8.014137052114325	8.200122718862955	0.1898193400311859	0.0914288745666459	baseline_plus_kmer	leave_clade_out	0.22516993908641264	0.3475377436445365	0.6961414401829547	True
calib_anchor	insect_no_beetle_4096	cattle	0.2681289424464008	insect	vertebrate	nan	nan	nan	insect_no_beetle_to_cross_eval	0.48001	0.488924	0.963405	641516843	1264081324	nan	96.0	1.9822712330395684	0	2715853792	2211	158534110	103308737	12	0.0	0.438283	1000000	9.43390638599257	3.344588742578714	8.014137052114325	8.200122718862955	0.2674695235796735	0.15873003482616	baseline_plus_kmer	leave_clade_out	0.2578196091373287	0.3208601003430282	0.010309333309072077	True
calib_anchor	plant_supervised_4096	cattle	0.0858809770068545	plant	vertebrate	nan	nan	nan	plant_supervised_to_cross_eval	0.48001	0.488924	0.963405	641516843	1264081324	nan	96.0	1.9822712330395684	0	2715853792	2211	158534110	103308737	12	0.0	0.438283	1000000	9.43390638599257	3.344588742578714	8.014137052114325	8.200122718862955	0.1939129743058688	0.0844629259880961	baseline_plus_kmer	leave_clade_out	0.19120199003157584	0.29540276479396116	0.10532101302472134	True
supp_h0_transfer	ntv2_500m_H0_w4096	chicken	0.8516226680157541	human_h0_ntv2_500m	vertebrate	nan	nan	nan	transfer_BC_w4096	0.391291	0.394479	0.979765	40667484	101005421	0.4113284493284493	310.0	2.4913616938342726	0	1065365425	464	197608386	91315245	4	0.0017070808916752	0.549823	1000000	9.027498598235026	2.6665179805548807	7.96054328866985	8.29580537100184	0.1448915707647146	0.0601428909585745	baseline_plus_kmer	leave_clade_out	0.7428325658988516	0.14345930003145335	0.10879010211690254	True
final_errorbar	ntv2_250m_w4096	chicken	0.843436719033926	human_h0_ntv2_250m	vertebrate	animal_fine	3.0	0.0193628216675568	nan	0.391291	0.394479	0.979765	40667484	101005421	0.4113284493284493	310.0	2.4913616938342726	0	1065365425	464	197608386	91315245	4	0.0017070808916752	0.549823	1000000	9.027498598235026	2.6665179805548807	7.96054328866985	8.29580537100184	0.1448915707647146	0.0601428909585745	baseline_plus_kmer	leave_clade_out	0.7446249391812991	0.14046760235859204	0.0988117798526269	True
final_errorbar	ntv3_100m_pre_w2048	chicken	0.6195493201860316	human_h0_ntv3_100m	vertebrate	animal_fine	3.0	0.0701786703401454	nan	0.391291	0.394479	0.979765	40667484	101005421	0.4113284493284493	310.0	2.4913616938342726	0	1065365425	464	197608386	91315245	4	0.0017070808916752	0.549823	1000000	9.027498598235026	2.6665179805548807	7.96054328866985	8.29580537100184	0.1448915707647146	0.0601428909585745	baseline_plus_kmer	leave_clade_out	0.7446249391812991	0.14046760235859204	0.12507561899526753	True
anchor_anchor	insect_no_beetle_4096	fruit_fly	0.944818571090276	insect	insect	nan	nan	nan	insect_no_beetle_to_insect_fine	0.888725	0.993839	0.893648	26497161	23825911	0.494656395206652	780.0	2.8920946026904804	1	143726002	1870	32079331	25286936	3	0.0	0.441621	1000000	8.157535345055386	3.271841606536499	7.402896209379677	7.506225302690743	0.1001622488462802	0.0254297426578645	baseline_plus_kmer	leave_clade_out	0.7361188803904439	0.16906383560860416	0.20869969069983207	True
anchor_anchor	TFREPAIR_invert_boost_animal_4096_seed42	fruit_fly	0.9437257723304636	animal	insect	nan	nan	nan	animal_invert_boost_to_insect_fine	0.888725	0.993839	0.893648	26497161	23825911	0.494656395206652	780.0	2.8920946026904804	1	143726002	1870	32079331	25286936	3	0.0	0.441621	1000000	8.157535345055386	3.271841606536499	7.402896209379677	7.506225302690743	0.0783631596802407	0.0157474491106001	baseline_plus_kmer	leave_clade_out	0.8214257377253285	0.11977762814029387	0.12230003460513517	True
anchor_anchor	cross_supervised_4096	fruit_fly	0.942393180917196	cross	insect	nan	nan	nan	cross_supervised_to_insect_fine	0.888725	0.993839	0.893648	26497161	23825911	0.494656395206652	780.0	2.8920946026904804	0	143726002	1870	32079331	25286936	3	0.0	0.441621	1000000	8.157535345055386	3.271841606536499	7.402896209379677	7.506225302690743	0.0698216548368194	0.0106775865530966	baseline_plus_kmer	leave_clade_out	0.8566408287968765	0.08924089623802794	0.08575235212031951	True
anchor_anchor	insect_primary_4096	fruit_fly	0.9413841255319276	insect	insect	nan	nan	nan	insect_primary_to_insect_fine	0.888725	0.993839	0.893648	26497161	23825911	0.494656395206652	780.0	2.8920946026904804	1	143726002	1870	32079331	25286936	3	0.0	0.441621	1000000	8.157535345055386	3.271841606536499	7.402896209379677	7.506225302690743	0.1001622488462802	0.0254297426578645	baseline_plus_kmer	leave_clade_out	0.7361188803904439	0.16906383560860416	0.2052652451414837	True
supp_h0_transfer	ntv2_500m_H0_w4096	fruit_fly	0.6577990369528225	human_h0_ntv2_500m	insect	nan	nan	nan	transfer_BC_w4096	0.888725	0.993839	0.893648	26497161	23825911	0.494656395206652	780.0	2.8920946026904804	0	143726002	1870	32079331	25286936	3	0.0	0.441621	1000000	8.157535345055386	3.271841606536499	7.402896209379677	7.506225302690743	0.2474985795480165	0.15855331987712	baseline_plus_kmer	leave_clade_out	0.47098244298437275	0.2403391851728531	0.18681659396844974	True
final_errorbar	ntv2_250m_w4096	fruit_fly	0.5533233517822065	human_h0_ntv2_250m	insect	animal_fine	3.0	0.0128215769678409	nan	0.888725	0.993839	0.893648	26497161	23825911	0.494656395206652	780.0	2.8920946026904804	0	143726002	1870	32079331	25286936	3	0.0	0.441621	1000000	8.157535345055386	3.271841606536499	7.402896209379677	7.506225302690743	0.2474985795480165	0.15855331987712	baseline_plus_kmer	leave_clade_out	0.4611475453924518	0.24144928072331046	0.0921758063897547	True
final_errorbar	ntv3_100m_pre_w2048	fruit_fly	0.4822229619104726	human_h0_ntv3_100m	insect	animal_fine	3.0	0.1825771233602698	nan	0.888725	0.993839	0.893648	26497161	23825911	0.494656395206652	780.0	2.8920946026904804	0	143726002	1870	32079331	25286936	3	0.0	0.441621	1000000	8.157535345055386	3.271841606536499	7.402896209379677	7.506225302690743	0.2474985795480165	0.15855331987712	baseline_plus_kmer	leave_clade_out	0.49986754569075714	0.20792511684836323	0.01764458378028455	True
calib_anchor	cross_supervised_4096	horse	0.8925601404845789	cross	vertebrate	nan	nan	nan	cross_supervised_to_cross_eval	0.791397	0.812579	0.968112	892563554	1063406667	nan	96.0	1.9822712330395684	0	188260577	1	188260577	188260577	1	0.0010189606601266	0.517305	1000000	8.27475938542357	0.0	8.27475938542357	8.27475938542357	0.2072733615749962	0.1175416603257882	baseline_plus_kmer	leave_clade_out	0.23506463619402784	0.35030137689899193	0.657495504290551	True
calib_anchor	TFREPAIR_invert_boost_animal_4096_seed42	horse	0.8913728851560259	animal	vertebrate	nan	nan	nan	animal_invert_boost_to_cross_eval	0.791397	0.812579	0.968112	892563554	1063406667	nan	96.0	1.9822712330395684	1	188260577	1	188260577	188260577	1	0.0010189606601266	0.517305	1000000	8.27475938542357	0.0	8.27475938542357	8.27475938542357	0.2056004978397222	0.1203089942757705	baseline_plus_kmer	leave_clade_out	0.2391892049447733	0.34008591034130775	0.6521836802112526	True
calib_anchor	insect_no_beetle_4096	horse	0.1869044858967403	insect	vertebrate	nan	nan	nan	insect_no_beetle_to_cross_eval	0.791397	0.812579	0.968112	892563554	1063406667	nan	96.0	1.9822712330395684	0	188260577	1	188260577	188260577	1	0.0010189606601266	0.517305	1000000	8.27475938542357	0.0	8.27475938542357	8.27475938542357	0.2746396996501602	0.1850487156640525	baseline_plus_kmer	leave_clade_out	0.2578196091373287	0.3208601003430282	0.0709151232405884	True
calib_anchor	plant_supervised_4096	horse	0.1025602154105038	plant	vertebrate	nan	nan	nan	plant_supervised_to_cross_eval	0.791397	0.812579	0.968112	892563554	1063406667	nan	96.0	1.9822712330395684	0	188260577	1	188260577	188260577	1	0.0010189606601266	0.517305	1000000	8.27475938542357	0.0	8.27475938542357	8.27475938542357	0.2026925587860898	0.1042618889160033	baseline_plus_kmer	leave_clade_out	0.2300533038909409	0.3517745701386394	0.1274930884804371	True
supp_h0_transfer	ntv2_500m_H0_w4096	human	0.961411324419745	human_h0_ntv2_500m	vertebrate	nan	nan	nan	transfer_BC_w4096	0.948128	0.966802	0.980034	1410192187	1429492481	nan	6.0	0.7781512503836436	0	248387328	1	248387328	248387328	1	0.0	0.550911	1000000	8.395129435626702	0.0	8.395129435626702	8.395129435626702	0.0	-2.220446049250313e-16	baseline_plus_kmer	leave_clade_out	0.8625300410775849	0.057287104180775095	0.09888128334216006	True
calib_anchor	TFREPAIR_invert_boost_animal_4096_seed42	human	0.904946115719272	animal	vertebrate	nan	nan	nan	animal_invert_boost_to_cross_eval	0.948128	0.966802	0.980034	1410192187	1429492481	nan	6.0	0.7781512503836436	1	248387328	1	248387328	248387328	1	0.0	0.550911	1000000	8.395129435626702	0.0	8.395129435626702	8.395129435626702	0.2473971321688795	0.1687976905989935	baseline_plus_kmer	leave_clade_out	0.263041873643757	0.31766160013301675	0.641904242075515	True
calib_anchor	cross_supervised_4096	human	0.9023446184329426	cross	vertebrate	nan	nan	nan	cross_supervised_to_cross_eval	0.948128	0.966802	0.980034	1410192187	1429492481	nan	6.0	0.7781512503836436	0	248387328	1	248387328	248387328	1	0.0	0.550911	1000000	8.395129435626702	0.0	8.395129435626702	8.395129435626702	0.249220227348776	0.1685880996034323	baseline_plus_kmer	leave_clade_out	0.2572184370917726	0.3220997653590767	0.64512618134117	True
calib_anchor	insect_no_beetle_4096	human	0.1477908337777611	insect	vertebrate	nan	nan	nan	insect_no_beetle_to_cross_eval	0.948128	0.966802	0.980034	1410192187	1429492481	nan	6.0	0.7781512503836436	0	248387328	1	248387328	248387328	1	0.0	0.550911	1000000	8.395129435626702	0.0	8.395129435626702	8.395129435626702	0.3042605063379114	0.2325830037417954	baseline_plus_kmer	leave_clade_out	0.25262995141473976	0.31858625071282465	0.10483911763697867	True
calib_anchor	plant_supervised_4096	human	0.1214275571269181	plant	vertebrate	nan	nan	nan	plant_supervised_to_cross_eval	0.948128	0.966802	0.980034	1410192187	1429492481	nan	6.0	0.7781512503836436	0	248387328	1	248387328	248387328	1	0.0	0.550911	1000000	8.395129435626702	0.0	8.395129435626702	8.395129435626702	0.242491599474234	0.153922806418943	baseline_plus_kmer	leave_clade_out	0.25763797853694215	0.32180079843289167	0.13621042141002404	True
calib_anchor	TFREPAIR_invert_boost_animal_4096_seed42	lizard	0.2416400416987031	animal	vertebrate	nan	nan	nan	animal_invert_boost_to_cross_eval	0.038956	0.053715	0.12417	41691771	96375917	nan	320.0	2.505149978319906	1	1799143587	6457	263920458	150641573	5	0.1263239468490436	0.405226	1000000	9.25506582513172	3.81003078640584	8.177944841937268	8.42147305620014	0.1334641792289605	0.0269436863730062	baseline_plus_kmer	leave_clade_out	0.7180273378218075	0.15450834493632845	0.4763872961231044	True
calib_anchor	TFREPAIR_invert_boost_animal_4096_seed42	lizard	0.2416400416987031	animal	vertebrate	nan	nan	nan	animal_invert_boost_to_stress_eval	0.038956	0.053715	0.12417	41691771	96375917	nan	320.0	2.505149978319906	1	1799143587	6457	263920458	150641573	5	0.1263239468490436	0.405226	1000000	9.25506582513172	3.81003078640584	8.177944841937268	8.42147305620014	0.1334641792289605	0.0269436863730062	baseline_plus_kmer	leave_clade_out	0.7180273378218075	0.15450834493632845	0.4763872961231044	True
anchor_anchor	TFREPAIR_invert_boost_animal_4096_seed42	lizard	0.2416400416987031	animal	vertebrate	nan	nan	nan	animal_invert_boost_to_insect_stress	0.038956	0.053715	0.12417	41691771	96375917	nan	320.0	2.505149978319906	1	1799143587	6457	263920458	150641573	5	0.1263239468490436	0.405226	1000000	9.25506582513172	3.81003078640584	8.177944841937268	8.42147305620014	0.1334641792289605	0.0269436863730062	baseline_plus_kmer	leave_clade_out	0.7180273378218075	0.15450834493632845	0.4763872961231044	True
calib_anchor	cross_supervised_4096	lizard	0.2400380045378313	cross	vertebrate	nan	nan	nan	cross_supervised_to_cross_eval	0.038956	0.053715	0.12417	41691771	96375917	nan	320.0	2.505149978319906	0	1799143587	6457	263920458	150641573	5	0.1263239468490436	0.405226	1000000	9.25506582513172	3.81003078640584	8.177944841937268	8.42147305620014	0.1250077775938211	0.0186955209400064	baseline_plus_kmer	leave_clade_out	0.7499615359761976	0.15691492591752684	0.5099235314383663	True
anchor_anchor	cross_supervised_4096	lizard	0.2400380045378313	cross	vertebrate	nan	nan	nan	cross_supervised_to_insect_stress	0.038956	0.053715	0.12417	41691771	96375917	nan	320.0	2.505149978319906	0	1799143587	6457	263920458	150641573	5	0.1263239468490436	0.405226	1000000	9.25506582513172	3.81003078640584	8.177944841937268	8.42147305620014	0.1250077775938211	0.0186955209400064	baseline_plus_kmer	leave_clade_out	0.7499615359761976	0.15691492591752684	0.5099235314383663	True
calib_anchor	cross_supervised_4096	lizard	0.2400378125654802	cross	vertebrate	nan	nan	nan	cross_supervised_to_stress_eval	0.038956	0.053715	0.12417	41691771	96375917	nan	320.0	2.505149978319906	0	1799143587	6457	263920458	150641573	5	0.1263239468490436	0.405226	1000000	9.25506582513172	3.81003078640584	8.177944841937268	8.42147305620014	0.1250077775938211	0.0186955209400064	baseline_plus_kmer	leave_clade_out	0.7499615359761976	0.15691492591752684	0.5099237234107175	True
calib_anchor	plant_supervised_4096	lizard	0.1506094759615682	plant	vertebrate	nan	nan	nan	plant_supervised_to_cross_eval	0.038956	0.053715	0.12417	41691771	96375917	nan	320.0	2.505149978319906	0	1799143587	6457	263920458	150641573	5	0.1263239468490436	0.405226	1000000	9.25506582513172	3.81003078640584	8.177944841937268	8.42147305620014	0.1437007905780181	0.0244025014930751	baseline_plus_kmer	leave_clade_out	0.7468355360189766	0.1526303780875179	0.5962260600574083	True
calib_anchor	plant_supervised_4096	lizard	0.1506082021187199	plant	vertebrate	nan	nan	nan	plant_supervised_to_stress_eval	0.038956	0.053715	0.12417	41691771	96375917	nan	320.0	2.505149978319906	0	1799143587	6457	263920458	150641573	5	0.1263239468490436	0.405226	1000000	9.25506582513172	3.81003078640584	8.177944841937268	8.42147305620014	0.1437007905780181	0.0244025014930751	baseline_plus_kmer	leave_clade_out	0.7468355360189766	0.1526303780875179	0.5962273339002566	True
anchor_anchor	insect_no_beetle_4096	lizard	0.1418302477559669	insect	vertebrate	nan	nan	nan	insect_no_beetle_to_insect_stress	0.038956	0.053715	0.12417	41691771	96375917	nan	320.0	2.505149978319906	0	1799143587	6457	263920458	150641573	5	0.1263239468490436	0.405226	1000000	9.25506582513172	3.81003078640584	8.177944841937268	8.42147305620014	0.2227930854265778	0.0763356261809606	baseline_plus_kmer	leave_clade_out	0.20696745506674785	0.28737874881928527	0.06513720731078096	True
calib_anchor	insect_no_beetle_4096	lizard	0.1418301390195415	insect	vertebrate	nan	nan	nan	insect_no_beetle_to_cross_eval	0.038956	0.053715	0.12417	41691771	96375917	nan	320.0	2.505149978319906	0	1799143587	6457	263920458	150641573	5	0.1263239468490436	0.405226	1000000	9.25506582513172	3.81003078640584	8.177944841937268	8.42147305620014	0.2227930854265778	0.0763356261809606	baseline_plus_kmer	leave_clade_out	0.20696745506674785	0.28737874881928527	0.06513731604720635	True
calib_anchor	insect_no_beetle_4096	lizard	0.1418301390195415	insect	vertebrate	nan	nan	nan	insect_no_beetle_to_stress_eval	0.038956	0.053715	0.12417	41691771	96375917	nan	320.0	2.505149978319906	0	1799143587	6457	263920458	150641573	5	0.1263239468490436	0.405226	1000000	9.25506582513172	3.81003078640584	8.177944841937268	8.42147305620014	0.2227930854265778	0.0763356261809606	baseline_plus_kmer	leave_clade_out	0.20696745506674785	0.28737874881928527	0.06513731604720635	True
anchor_anchor	insect_primary_4096	lizard	0.1034366102674265	insect	vertebrate	nan	nan	nan	insect_primary_to_insect_stress	0.038956	0.053715	0.12417	41691771	96375917	nan	320.0	2.505149978319906	0	1799143587	6457	263920458	150641573	5	0.1263239468490436	0.405226	1000000	9.25506582513172	3.81003078640584	8.177944841937268	8.42147305620014	0.2227930854265778	0.0763356261809606	baseline_plus_kmer	leave_clade_out	0.20696745506674785	0.28737874881928527	0.10353084479932136	True
calib_anchor	cross_supervised_4096	maize	0.9629892479990332	cross	plant	nan	nan	nan	cross_supervised_to_plant_fine	0.095466	0.095627	0.982637	173317530	1780954681	0.46090576171875	1500.0	3.1760912590556813	0	2182075994	685	308452471	226353449	5	0.0	0.477492	1000000	9.338869871458623	2.835690571492425	8.354787116327433	8.489188253709083	0.1047342415691722	0.0352286667600957	baseline_plus_kmer	leave_clade_out	0.8573858729709952	0.13152327422297846	0.10560337502803796	True
calib_anchor	plant_supervised_4096	maize	0.9619894139220538	plant	plant	nan	nan	nan	plant_supervised_to_plant_fine	0.095466	0.095627	0.982637	173317530	1780954681	0.46090576171875	1500.0	3.1760912590556813	1	2182075994	685	308452471	226353449	5	0.0	0.477492	1000000	9.338869871458623	2.835690571492425	8.354787116327433	8.489188253709083	0.0750299551353519	0.0155648060873412	baseline_plus_kmer	leave_clade_out	0.8544885863320384	0.15185060273563628	0.10750082759001545	True
calib_anchor	TFREPAIR_invert_boost_animal_4096_seed42	maize	0.9051649037911726	animal	plant	nan	nan	nan	animal_invert_boost_to_plant_fine	0.095466	0.095627	0.982637	173317530	1780954681	0.46090576171875	1500.0	3.1760912590556813	0	2182075994	685	308452471	226353449	5	0.0	0.477492	1000000	9.338869871458623	2.835690571492425	8.354787116327433	8.489188253709083	0.1273374287069573	0.0533723910378969	baseline_plus_kmer	leave_clade_out	0.8110463231008971	0.16789204625063814	0.09411858069027557	True
calib_anchor	insect_no_beetle_4096	maize	0.8258861241547802	insect	plant	nan	nan	nan	insect_no_beetle_to_plant_fine	0.095466	0.095627	0.982637	173317530	1780954681	0.46090576171875	1500.0	3.1760912590556813	0	2182075994	685	308452471	226353449	5	0.0	0.477492	1000000	9.338869871458623	2.835690571492425	8.354787116327433	8.489188253709083	0.1559084305251094	0.0702371900678909	baseline_plus_kmer	leave_clade_out	0.7521626521849734	0.17194363274686827	0.07372347196980689	True
final_errorbar	ntv3_100m_pre_w2048	maize	0.6762307311381123	human_h0_ntv3_100m	plant	plant_fine	3.0	0.0224912037604054	nan	0.095466	0.095627	0.982637	173317530	1780954681	0.46090576171875	1500.0	3.1760912590556813	0	2182075994	685	308452471	226353449	5	0.0	0.477492	1000000	9.338869871458623	2.835690571492425	8.354787116327433	8.489188253709083	0.2040939811147172	0.106620240001949	baseline_plus_kmer	leave_clade_out	0.49965302734409245	0.24417811139971307	0.17657770379401982	True
final_errorbar	ntv2_250m_w4096	maize	0.2409539973278451	human_h0_ntv2_250m	plant	plant_fine	3.0	0.0067936566735462	nan	0.095466	0.095627	0.982637	173317530	1780954681	0.46090576171875	1500.0	3.1760912590556813	0	2182075994	685	308452471	226353449	5	0.0	0.477492	1000000	9.338869871458623	2.835690571492425	8.354787116327433	8.489188253709083	0.2040939811147172	0.106620240001949	baseline_plus_kmer	leave_clade_out	0.5497133967855417	0.27112918366157795	0.3087593994576966	True
supp_h0_transfer	ntv2_500m_H0_w4096	maize	0.2346799513542635	human_h0_ntv2_500m	plant	nan	nan	nan	transfer_BC_w4096	0.095466	0.095627	0.982637	173317530	1780954681	0.46090576171875	1500.0	3.1760912590556813	0	2182075994	685	308452471	226353449	5	0.0	0.477492	1000000	9.338869871458623	2.835690571492425	8.354787116327433	8.489188253709083	0.2040939811147172	0.106620240001949	baseline_plus_kmer	leave_clade_out	0.5657427726092318	0.2786226430573241	0.3310628212549683	True
supp_h0_transfer	ntv2_500m_H0_w4096	mouse	0.937559801228433	human_h0_ntv2_500m	vertebrate	nan	nan	nan	transfer_BC_w4096	0.892472	0.903571	0.986424	1012599366	1105449631	0.4245689865689865	90.0	1.9542425094393248	0	2728222451	61	195154279	130530862	9	0.7530864197530864	0.386286	1000000	9.435879778485567	1.7853298350107671	8.115713206016725	8.290378078167688	0.3013870747975756	0.1905529139271684	baseline_plus_kmer	leave_clade_out	0.29659816269235667	0.16657587548430117	0.6409616385360764	True
final_errorbar	ntv2_250m_w4096	mouse	0.9180812946491188	human_h0_ntv2_250m	vertebrate	animal_fine	3.0	0.0328346949301695	nan	0.892472	0.903571	0.986424	1012599366	1105449631	0.4245689865689865	90.0	1.9542425094393248	0	2728222451	61	195154279	130530862	9	0.7530864197530864	0.386286	1000000	9.435879778485567	1.7853298350107671	8.115713206016725	8.290378078167688	0.3013870747975756	0.1905529139271684	baseline_plus_kmer	leave_clade_out	0.2911113350171542	0.16964132225737474	0.6269699596319647	True
final_errorbar	ntv3_100m_pre_w2048	mouse	0.7771925460040144	human_h0_ntv3_100m	vertebrate	animal_fine	3.0	0.0909697815563608	nan	0.892472	0.903571	0.986424	1012599366	1105449631	0.4245689865689865	90.0	1.9542425094393248	0	2728222451	61	195154279	130530862	9	0.7530864197530864	0.386286	1000000	9.435879778485567	1.7853298350107671	8.115713206016725	8.290378078167688	0.3013870747975756	0.1905529139271684	baseline_plus_kmer	leave_clade_out	0.314930432082432	0.16505280290752666	0.46226211392158245	True
calib_anchor	TFREPAIR_invert_boost_animal_4096_seed42	opossum	0.8811419601553324	animal	vertebrate	nan	nan	nan	animal_invert_boost_to_cross_eval	0.387702	0.396173	0.947731	784870682	1877580601	nan	160.0	2.204119982655925	1	3605631728	11	748055161	527952102	3	0.0177926855021289	0.435701	1000000	9.556981366683372	1.041392685158225	8.72259452332798	8.873933623579223	0.1607102295887423	0.0512806903667795	baseline_plus_kmer	leave_clade_out	0.3989436991729489	0.3536674397952827	0.4821982609823835	True
calib_anchor	cross_supervised_4096	opossum	0.8799647530707007	cross	vertebrate	nan	nan	nan	cross_supervised_to_cross_eval	0.387702	0.396173	0.947731	784870682	1877580601	nan	160.0	2.204119982655925	0	3605631728	11	748055161	527952102	3	0.0177926855021289	0.435701	1000000	9.556981366683372	1.041392685158225	8.72259452332798	8.873933623579223	0.1586751820351534	0.0461873669021071	baseline_plus_kmer	leave_clade_out	0.4064159114015239	0.3661437004711911	0.47354884166917677	True
calib_anchor	insect_no_beetle_4096	opossum	0.3505344111723824	insect	vertebrate	nan	nan	nan	insect_no_beetle_to_cross_eval	0.387702	0.396173	0.947731	784870682	1877580601	nan	160.0	2.204119982655925	0	3605631728	11	748055161	527952102	3	0.0177926855021289	0.435701	1000000	9.556981366683372	1.041392685158225	8.72259452332798	8.873933623579223	0.2442594329957188	0.1031924297457334	baseline_plus_kmer	leave_clade_out	0.25031628126948824	0.34086018132667456	0.10021812990289414	True
calib_anchor	plant_supervised_4096	opossum	0.3131202191971405	plant	vertebrate	nan	nan	nan	plant_supervised_to_cross_eval	0.387702	0.396173	0.947731	784870682	1877580601	nan	160.0	2.204119982655925	0	3605631728	11	748055161	527952102	3	0.0177926855021289	0.435701	1000000	9.556981366683372	1.041392685158225	8.72259452332798	8.873933623579223	0.1664911752100362	0.0432563267938208	baseline_plus_kmer	leave_clade_out	0.20106267650802406	0.2956773607883177	0.11205754268911644	True
calib_anchor	TFREPAIR_invert_boost_animal_4096_seed42	pig	0.8761131743803473	animal	vertebrate	nan	nan	nan	animal_invert_boost_to_cross_eval	0.582164	0.594998	0.964273	664295117	1076577590	nan	96.0	1.9822712330395684	1	274330532	1	274330532	274330532	1	0.0	0.530948	1000000	8.438274145705899	0.0	8.438274145705899	8.438274145705899	0.2077955972696367	0.1201355226055826	baseline_plus_kmer	leave_clade_out	0.24265994070046765	0.3443374453597271	0.6334532336798797	True
calib_anchor	cross_supervised_4096	pig	0.8761042913185231	cross	vertebrate	nan	nan	nan	cross_supervised_to_cross_eval	0.582164	0.594998	0.964273	664295117	1076577590	nan	96.0	1.9822712330395684	0	274330532	1	274330532	274330532	1	0.0	0.530948	1000000	8.438274145705899	0.0	8.438274145705899	8.438274145705899	0.2098828548461344	0.1185655744818539	baseline_plus_kmer	leave_clade_out	0.2377040971345929	0.3515826009591254	0.6384001941839301	True
calib_anchor	insect_no_beetle_4096	pig	0.1493562637371058	insect	vertebrate	nan	nan	nan	insect_no_beetle_to_cross_eval	0.582164	0.594998	0.964273	664295117	1076577590	nan	96.0	1.9822712330395684	0	274330532	1	274330532	274330532	1	0.0	0.530948	1000000	8.438274145705899	0.0	8.438274145705899	8.438274145705899	0.2607430443062736	0.1731967686892715	baseline_plus_kmer	leave_clade_out	0.2578196091373287	0.3208601003430282	0.1084633454002229	True
calib_anchor	plant_supervised_4096	pig	0.0856805344147079	plant	vertebrate	nan	nan	nan	plant_supervised_to_cross_eval	0.582164	0.594998	0.964273	664295117	1076577590	nan	96.0	1.9822712330395684	0	274330532	1	274330532	274330532	1	0.0	0.530948	1000000	8.438274145705899	0.0	8.438274145705899	8.438274145705899	0.2025970561124229	0.105606010363931	baseline_plus_kmer	leave_clade_out	0.2300533038909409	0.3517745701386394	0.144372769476233	True
calib_anchor	insect_no_beetle_4096	red_flour_beetle	0.0059299524368398	insect	insect	nan	nan	nan	insect_no_beetle_to_cross_eval	0.027167	0.29354	0.029068	1816066	179836	nan	820.0	2.9138138523837167	1	199682416	2211	32080666	13894384	6	0.0	0.330472	1000000	8.300339822655378	3.344588742578714	7.142839297329219	7.506243375731907	0.182358478678621	0.080736532281517	baseline_plus_kmer	leave_clade_out	0.5830387541928237	0.2303609466077725	0.5771088017559839	True
calib_anchor	insect_no_beetle_4096	red_flour_beetle	0.0059299524368398	insect	insect	nan	nan	nan	insect_no_beetle_to_stress_eval	0.027167	0.29354	0.029068	1816066	179836	nan	820.0	2.9138138523837167	1	199682416	2211	32080666	13894384	6	0.0	0.330472	1000000	8.300339822655378	3.344588742578714	7.142839297329219	7.506243375731907	0.182358478678621	0.080736532281517	baseline_plus_kmer	leave_clade_out	0.5830387541928237	0.2303609466077725	0.5771088017559839	True
anchor_anchor	insect_no_beetle_4096	red_flour_beetle	0.0059299524368398	insect	insect	nan	nan	nan	insect_no_beetle_to_insect_stress	0.027167	0.29354	0.029068	1816066	179836	nan	820.0	2.9138138523837167	1	199682416	2211	32080666	13894384	6	0.0	0.330472	1000000	8.300339822655378	3.344588742578714	7.142839297329219	7.506243375731907	0.182358478678621	0.080736532281517	baseline_plus_kmer	leave_clade_out	0.5830387541928237	0.2303609466077725	0.5771088017559839	True
anchor_anchor	insect_primary_4096	red_flour_beetle	0.0053634200258507	insect	insect	nan	nan	nan	insect_primary_to_insect_stress	0.027167	0.29354	0.029068	1816066	179836	nan	820.0	2.9138138523837167	1	199682416	2211	32080666	13894384	6	0.0	0.330472	1000000	8.300339822655378	3.344588742578714	7.142839297329219	7.506243375731907	0.182358478678621	0.080736532281517	baseline_plus_kmer	leave_clade_out	0.5830387541928237	0.2303609466077725	0.577675334166973	True
calib_anchor	TFREPAIR_invert_boost_animal_4096_seed42	red_flour_beetle	0.0044488885799382	animal	insect	nan	nan	nan	animal_invert_boost_to_cross_eval	0.027167	0.29354	0.029068	1816066	179836	nan	820.0	2.9138138523837167	1	199682416	2211	32080666	13894384	6	0.0	0.330472	1000000	8.300339822655378	3.344588742578714	7.142839297329219	7.506243375731907	0.1716680913935699	0.0724491888367001	baseline_plus_kmer	leave_clade_out	0.6634646868069233	0.2140226053579142	0.6590157982269851	True
calib_anchor	TFREPAIR_invert_boost_animal_4096_seed42	red_flour_beetle	0.0044488885799382	animal	insect	nan	nan	nan	animal_invert_boost_to_stress_eval	0.027167	0.29354	0.029068	1816066	179836	nan	820.0	2.9138138523837167	1	199682416	2211	32080666	13894384	6	0.0	0.330472	1000000	8.300339822655378	3.344588742578714	7.142839297329219	7.506243375731907	0.1716680913935699	0.0724491888367001	baseline_plus_kmer	leave_clade_out	0.6634646868069233	0.2140226053579142	0.6590157982269851	True
anchor_anchor	TFREPAIR_invert_boost_animal_4096_seed42	red_flour_beetle	0.0044488885799382	animal	insect	nan	nan	nan	animal_invert_boost_to_insect_stress	0.027167	0.29354	0.029068	1816066	179836	nan	820.0	2.9138138523837167	1	199682416	2211	32080666	13894384	6	0.0	0.330472	1000000	8.300339822655378	3.344588742578714	7.142839297329219	7.506243375731907	0.1716680913935699	0.0724491888367001	baseline_plus_kmer	leave_clade_out	0.6634646868069233	0.2140226053579142	0.6590157982269851	True
calib_anchor	cross_supervised_4096	red_flour_beetle	0.0030871384254842	cross	insect	nan	nan	nan	cross_supervised_to_cross_eval	0.027167	0.29354	0.029068	1816066	179836	nan	820.0	2.9138138523837167	0	199682416	2211	32080666	13894384	6	0.0	0.330472	1000000	8.300339822655378	3.344588742578714	7.142839297329219	7.506243375731907	0.1770641784426884	0.0859070146414682	baseline_plus_kmer	leave_clade_out	0.6946615882355177	0.23360415505365562	0.6915744498100335	True
calib_anchor	cross_supervised_4096	red_flour_beetle	0.0030871384254842	cross	insect	nan	nan	nan	cross_supervised_to_stress_eval	0.027167	0.29354	0.029068	1816066	179836	nan	820.0	2.9138138523837167	0	199682416	2211	32080666	13894384	6	0.0	0.330472	1000000	8.300339822655378	3.344588742578714	7.142839297329219	7.506243375731907	0.1770641784426884	0.0859070146414682	baseline_plus_kmer	leave_clade_out	0.6946615882355177	0.23360415505365562	0.6915744498100335	True
anchor_anchor	cross_supervised_4096	red_flour_beetle	0.0030871384254842	cross	insect	nan	nan	nan	cross_supervised_to_insect_stress	0.027167	0.29354	0.029068	1816066	179836	nan	820.0	2.9138138523837167	0	199682416	2211	32080666	13894384	6	0.0	0.330472	1000000	8.300339822655378	3.344588742578714	7.142839297329219	7.506243375731907	0.1770641784426884	0.0859070146414682	baseline_plus_kmer	leave_clade_out	0.6946615882355177	0.23360415505365562	0.6915744498100335	True
calib_anchor	plant_supervised_4096	red_flour_beetle	0.0023709296255628	plant	insect	nan	nan	nan	plant_supervised_to_cross_eval	0.027167	0.29354	0.029068	1816066	179836	nan	820.0	2.9138138523837167	0	199682416	2211	32080666	13894384	6	0.0	0.330472	1000000	8.300339822655378	3.344588742578714	7.142839297329219	7.506243375731907	0.2062665763937115	0.1299963863429378	baseline_plus_kmer	leave_clade_out	0.6255117692582989	0.2900735898276791	0.623140839632736	True
calib_anchor	plant_supervised_4096	red_flour_beetle	0.0023709296255628	plant	insect	nan	nan	nan	plant_supervised_to_stress_eval	0.027167	0.29354	0.029068	1816066	179836	nan	820.0	2.9138138523837167	0	199682416	2211	32080666	13894384	6	0.0	0.330472	1000000	8.300339822655378	3.344588742578714	7.142839297329219	7.506243375731907	0.2062665763937115	0.1299963863429378	baseline_plus_kmer	leave_clade_out	0.6255117692582989	0.2900735898276791	0.623140839632736	True
calib_anchor	direct_red_flour_beetle_4096	red_flour_beetle	0.0	other_anchor	insect	nan	nan	nan	direct_beetle_to_cross_eval	0.027167	0.29354	0.029068	1816066	179836	nan	820.0	2.9138138523837167	0	199682416	2211	32080666	13894384	6	0.0	0.330472	1000000	8.300339822655378	3.344588742578714	7.142839297329219	7.506243375731907	0.387481875883399	0.3795499300235393	baseline_plus_kmer	leave_clade_out	0.2521921922797501	0.18869967984273114	0.2521921922797501	True
calib_anchor	direct_red_flour_beetle_4096	red_flour_beetle	0.0	other_anchor	insect	nan	nan	nan	direct_beetle_to_stress_eval	0.027167	0.29354	0.029068	1816066	179836	nan	820.0	2.9138138523837167	0	199682416	2211	32080666	13894384	6	0.0	0.330472	1000000	8.300339822655378	3.344588742578714	7.142839297329219	7.506243375731907	0.387481875883399	0.3795499300235393	baseline_plus_kmer	leave_clade_out	0.2521921922797501	0.18869967984273114	0.2521921922797501	True
calib_anchor	direct_western_honey_bee_4096	red_flour_beetle	0.0	other_anchor	insect	nan	nan	nan	direct_honeybee_to_cross_eval	0.027167	0.29354	0.029068	1816066	179836	nan	820.0	2.9138138523837167	0	199682416	2211	32080666	13894384	6	0.0	0.330472	1000000	8.300339822655378	3.344588742578714	7.142839297329219	7.506243375731907	0.387481875883399	0.3795499300235393	baseline_plus_kmer	leave_clade_out	0.2521921922797501	0.18869967984273114	0.2521921922797501	True
calib_anchor	direct_western_honey_bee_4096	red_flour_beetle	0.0	other_anchor	insect	nan	nan	nan	direct_honeybee_to_stress_eval	0.027167	0.29354	0.029068	1816066	179836	nan	820.0	2.9138138523837167	0	199682416	2211	32080666	13894384	6	0.0	0.330472	1000000	8.300339822655378	3.344588742578714	7.142839297329219	7.506243375731907	0.387481875883399	0.3795499300235393	baseline_plus_kmer	leave_clade_out	0.2521921922797501	0.18869967984273114	0.2521921922797501	True
calib_anchor	direct_red_flour_beetle_4096	red_flour_beetle	0.0	other_anchor	insect	nan	nan	nan	direct_beetle_own_holdout	0.027167	0.29354	0.029068	1816066	179836	nan	820.0	2.9138138523837167	0	199682416	2211	32080666	13894384	6	0.0	0.330472	1000000	8.300339822655378	3.344588742578714	7.142839297329219	7.506243375731907	0.387481875883399	0.3795499300235393	baseline_plus_kmer	leave_clade_out	0.2521921922797501	0.18869967984273114	0.2521921922797501	True
calib_anchor	cross_supervised_4096	rice	0.8757886614942711	cross	plant	nan	nan	nan	cross_supervised_to_plant_fine	0.042709	0.042814	0.945597	6804792	150290274	0.4367724609375	1500.0	3.1760912590556813	0	375049285	63	43270923	29958434	6	0.0009990009990009	0.440543	1000000	8.574088341853379	1.7993405494535817	7.476519107994928	7.636196159112094	0.0509643028428826	0.0089788460254062	baseline_plus_kmer	leave_clade_out	0.8630965638590276	0.12561187088715828	0.012692097635243593	True
calib_anchor	plant_supervised_4096	rice	0.8707687905287769	plant	plant	nan	nan	nan	plant_supervised_to_plant_fine	0.042709	0.042814	0.945597	6804792	150290274	0.4367724609375	1500.0	3.1760912590556813	1	375049285	63	43270923	29958434	6	0.0009990009990009	0.440543	1000000	8.574088341853379	1.7993405494535817	7.476519107994928	7.636196159112094	0.0266445732235012	0.0019077973482301	baseline_plus_kmer	leave_clade_out	0.8572929129125773	0.1492049638117612	0.013475877616199616	True
calib_anchor	TFREPAIR_invert_boost_animal_4096_seed42	rice	0.7436754544113025	animal	plant	nan	nan	nan	animal_invert_boost_to_plant_fine	0.042709	0.042814	0.945597	6804792	150290274	0.4367724609375	1500.0	3.1760912590556813	0	375049285	63	43270923	29958434	6	0.0009990009990009	0.440543	1000000	8.574088341853379	1.7993405494535817	7.476519107994928	7.636196159112094	0.0884855408342787	0.024015940484199	baseline_plus_kmer	leave_clade_out	0.8623216981984242	0.1302023953003703	0.11864624378712174	True
calib_anchor	insect_no_beetle_4096	rice	0.6461381376419327	insect	plant	nan	nan	nan	insect_no_beetle_to_plant_fine	0.042709	0.042814	0.945597	6804792	150290274	0.4367724609375	1500.0	3.1760912590556813	0	375049285	63	43270923	29958434	6	0.0009990009990009	0.440543	1000000	8.574088341853379	1.7993405494535817	7.476519107994928	7.636196159112094	0.1297892289697576	0.0416255932528221	baseline_plus_kmer	leave_clade_out	0.8161089466106057	0.17792660216075581	0.169970808968673	True
final_errorbar	ntv3_100m_pre_w2048	rice	0.4280118170164783	human_h0_ntv3_100m	plant	plant_fine	3.0	0.0089135891045139	nan	0.042709	0.042814	0.945597	6804792	150290274	0.4367724609375	1500.0	3.1760912590556813	0	375049285	63	43270923	29958434	6	0.0009990009990009	0.440543	1000000	8.574088341853379	1.7993405494535817	7.476519107994928	7.636196159112094	0.2387362365796297	0.1495374763496936	baseline_plus_kmer	leave_clade_out	0.4986543201775558	0.24898674960553338	0.07064250316107751	True
final_errorbar	ntv2_250m_w4096	rice	0.1180575922330197	human_h0_ntv2_250m	plant	plant_fine	3.0	0.0082940112619889	nan	0.042709	0.042814	0.945597	6804792	150290274	0.4367724609375	1500.0	3.1760912590556813	0	375049285	63	43270923	29958434	6	0.0009990009990009	0.440543	1000000	8.574088341853379	1.7993405494535817	7.476519107994928	7.636196159112094	0.2387362365796297	0.1495374763496936	baseline_plus_kmer	leave_clade_out	0.5553223552317819	0.2804348483725486	0.43726476299876216	True
supp_h0_transfer	ntv2_500m_H0_w4096	rice	0.115519977917328	human_h0_ntv2_500m	plant	nan	nan	nan	transfer_BC_w4096	0.042709	0.042814	0.945597	6804792	150290274	0.4367724609375	1500.0	3.1760912590556813	0	375049285	63	43270923	29958434	6	0.0009990009990009	0.440543	1000000	8.574088341853379	1.7993405494535817	7.476519107994928	7.636196159112094	0.2387362365796297	0.1495374763496936	baseline_plus_kmer	leave_clade_out	0.5720133893896437	0.28696376327479406	0.45649341147231576	True
calib_anchor	cross_supervised_4096	sorghum	0.9154621597006132	cross	plant	nan	nan	nan	cross_supervised_to_plant_fine	0.057919	0.05798	0.982235	24648380	417568699	0.43649658203125	1500.0	3.1760912590556813	0	709344700	869	80884392	68658214	5	0.0	0.442729	1000000	8.85085732817176	2.9390197764486663	7.836692501973025	7.907864725292852	0.0537853232039029	0.0104612611262495	baseline_plus_kmer	leave_clade_out	0.8630965638590276	0.12561187088715828	0.05236559584158562	True
calib_anchor	plant_supervised_4096	sorghum	0.9087078620701828	plant	plant	nan	nan	nan	plant_supervised_to_plant_fine	0.057919	0.05798	0.982235	24648380	417568699	0.43649658203125	1500.0	3.1760912590556813	1	709344700	869	80884392	68658214	5	0.0	0.442729	1000000	8.85085732817176	2.9390197764486663	7.836692501973025	7.907864725292852	0.0273914249208693	0.0019576048399221	baseline_plus_kmer	leave_clade_out	0.8572929129125773	0.1492049638117612	0.05141494915760558	True
calib_anchor	TFREPAIR_invert_boost_animal_4096_seed42	sorghum	0.8370785739861111	animal	plant	nan	nan	nan	animal_invert_boost_to_plant_fine	0.057919	0.05798	0.982235	24648380	417568699	0.43649658203125	1500.0	3.1760912590556813	0	709344700	869	80884392	68658214	5	0.0	0.442729	1000000	8.85085732817176	2.9390197764486663	7.836692501973025	7.907864725292852	0.0942512747889714	0.0278449023844741	baseline_plus_kmer	leave_clade_out	0.8625649841566114	0.1290138084644645	0.02548641017050035	True
calib_anchor	insect_no_beetle_4096	sorghum	0.7395318366775196	insect	plant	nan	nan	nan	insect_no_beetle_to_plant_fine	0.057919	0.05798	0.982235	24648380	417568699	0.43649658203125	1500.0	3.1760912590556813	0	709344700	869	80884392	68658214	5	0.0	0.442729	1000000	8.85085732817176	2.9390197764486663	7.836692501973025	7.907864725292852	0.1395994473150001	0.0492361155990339	baseline_plus_kmer	leave_clade_out	0.8103182071286746	0.17513708966576544	0.07078637045115499	True
final_errorbar	ntv3_100m_pre_w2048	sorghum	0.4747462171975484	human_h0_ntv3_100m	plant	plant_fine	3.0	0.0156681636990695	nan	0.057919	0.05798	0.982235	24648380	417568699	0.43649658203125	1500.0	3.1760912590556813	0	709344700	869	80884392	68658214	5	0.0	0.442729	1000000	8.85085732817176	2.9390197764486663	7.836692501973025	7.907864725292852	0.2366280772731148	0.1465793330978378	baseline_plus_kmer	leave_clade_out	0.4986543201775558	0.24898674960553338	0.023908102980007395	True
supp_h0_transfer	ntv2_500m_H0_w4096	sorghum	0.1793904911276665	human_h0_ntv2_500m	plant	nan	nan	nan	transfer_BC_w4096	0.057919	0.05798	0.982235	24648380	417568699	0.43649658203125	1500.0	3.1760912590556813	0	709344700	869	80884392	68658214	5	0.0	0.442729	1000000	8.85085732817176	2.9390197764486663	7.836692501973025	7.907864725292852	0.2366280772731148	0.1465793330978378	baseline_plus_kmer	leave_clade_out	0.5720133893896437	0.28696376327479406	0.39262289826197727	True
final_errorbar	ntv2_250m_w4096	sorghum	0.1551588113564608	human_h0_ntv2_250m	plant	plant_fine	3.0	0.0342168256944894	nan	0.057919	0.05798	0.982235	24648380	417568699	0.43649658203125	1500.0	3.1760912590556813	0	709344700	869	80884392	68658214	5	0.0	0.442729	1000000	8.85085732817176	2.9390197764486663	7.836692501973025	7.907864725292852	0.2366280772731148	0.1465793330978378	baseline_plus_kmer	leave_clade_out	0.5553223552317819	0.2804348483725486	0.40016354387532105	True
calib_anchor	TFREPAIR_invert_boost_animal_4096_seed42	soybean	0.5650860204945004	animal	plant	nan	nan	nan	animal_invert_boost_to_cross_eval	0.121572	0.122064	0.967888	51176368	405794558	nan	1550.0	3.1903316981702914	0	978491270	1190	58018742	48577505	10	0.0140867288186392	0.330132	1000000	8.990556955279926	3.0755469613925306	7.686435205146788	7.763568307914055	0.1721211082809056	0.0467496388777612	baseline_plus_kmer	leave_clade_out	0.2351523077273789	0.22849375502295324	0.32993371276712147	True
calib_anchor	TFREPAIR_invert_boost_animal_4096_seed42	soybean	0.5650854892493286	animal	plant	nan	nan	nan	animal_invert_boost_to_plant_eval	0.121572	0.122064	0.967888	51176368	405794558	nan	1550.0	3.1903316981702914	0	978491270	1190	58018742	48577505	10	0.0140867288186392	0.330132	1000000	8.990556955279926	3.0755469613925306	7.686435205146788	7.763568307914055	0.1721211082809056	0.0467496388777612	baseline_plus_kmer	leave_clade_out	0.2351523077273789	0.22849375502295324	0.3299331815219496	True
calib_anchor	insect_no_beetle_4096	soybean	0.4867824461937038	insect	plant	nan	nan	nan	insect_no_beetle_to_cross_eval	0.121572	0.122064	0.967888	51176368	405794558	nan	1550.0	3.1903316981702914	0	978491270	1190	58018742	48577505	10	0.0140867288186392	0.330132	1000000	8.990556955279926	3.0755469613925306	7.686435205146788	7.763568307914055	0.2213663352869438	0.0708915192575917	baseline_plus_kmer	leave_clade_out	0.10809774032147929	0.11684195576086188	0.3786847058722245	True
calib_anchor	insect_no_beetle_4096	soybean	0.4867824461937038	insect	plant	nan	nan	nan	insect_no_beetle_to_plant_eval	0.121572	0.122064	0.967888	51176368	405794558	nan	1550.0	3.1903316981702914	0	978491270	1190	58018742	48577505	10	0.0140867288186392	0.330132	1000000	8.990556955279926	3.0755469613925306	7.686435205146788	7.763568307914055	0.2213663352869438	0.0708915192575917	baseline_plus_kmer	leave_clade_out	0.10809774032147929	0.11684195576086188	0.3786847058722245	True
calib_anchor	cross_supervised_4096	soybean	0.4136761357660033	cross	plant	nan	nan	nan	cross_supervised_to_cross_eval	0.121572	0.122064	0.967888	51176368	405794558	nan	1550.0	3.1903316981702914	0	978491270	1190	58018742	48577505	10	0.0140867288186392	0.330132	1000000	8.990556955279926	3.0755469613925306	7.686435205146788	7.763568307914055	0.1689640981121739	0.0484850139947763	baseline_plus_kmer	leave_clade_out	0.24506843818068733	0.24394989814470475	0.168607697585316	True
calib_anchor	cross_supervised_4096	soybean	0.4136761357660033	cross	plant	nan	nan	nan	cross_supervised_to_plant_eval	0.121572	0.122064	0.967888	51176368	405794558	nan	1550.0	3.1903316981702914	0	978491270	1190	58018742	48577505	10	0.0140867288186392	0.330132	1000000	8.990556955279926	3.0755469613925306	7.686435205146788	7.763568307914055	0.1689640981121739	0.0484850139947763	baseline_plus_kmer	leave_clade_out	0.24506843818068733	0.24394989814470475	0.168607697585316	True
calib_anchor	plant_supervised_4096	soybean	0.4115535505913839	plant	plant	nan	nan	nan	plant_supervised_to_cross_eval	0.121572	0.122064	0.967888	51176368	405794558	nan	1550.0	3.1903316981702914	1	978491270	1190	58018742	48577505	10	0.0140867288186392	0.330132	1000000	8.990556955279926	3.0755469613925306	7.686435205146788	7.763568307914055	0.1946953499497931	0.0763255186024801	baseline_plus_kmer	leave_clade_out	0.1232072295072063	0.1661726114434692	0.28834632108417757	True
calib_anchor	plant_supervised_4096	soybean	0.4115535505913839	plant	plant	nan	nan	nan	plant_supervised_to_plant_eval	0.121572	0.122064	0.967888	51176368	405794558	nan	1550.0	3.1903316981702914	1	978491270	1190	58018742	48577505	10	0.0140867288186392	0.330132	1000000	8.990556955279926	3.0755469613925306	7.686435205146788	7.763568307914055	0.1946953499497931	0.0763255186024801	baseline_plus_kmer	leave_clade_out	0.1232072295072063	0.1661726114434692	0.28834632108417757	True
calib_anchor	plant_supervised_4096	teosinte	0.9308197551982428	plant	plant	nan	nan	nan	plant_supervised_to_cross_eval	0.086856	0.088019	0.868021	259955621	2563626352	nan	1500.0	3.1760912590556813	1	3290921811	8365	294039681	175094470	8	0.0	0.438516	1000000	9.517317564015846	3.922465945298413	8.243272429998866	8.468405942917126	0.2100077500333409	0.103231294898657	baseline_plus_kmer	leave_clade_out	0.11007435278303647	0.1726939240428544	0.8207454024152063	True
calib_anchor	plant_supervised_4096	teosinte	0.9308197551982428	plant	plant	nan	nan	nan	plant_supervised_to_plant_eval	0.086856	0.088019	0.868021	259955621	2563626352	nan	1500.0	3.1760912590556813	1	3290921811	8365	294039681	175094470	8	0.0	0.438516	1000000	9.517317564015846	3.922465945298413	8.243272429998866	8.468405942917126	0.2100077500333409	0.103231294898657	baseline_plus_kmer	leave_clade_out	0.11007435278303647	0.1726939240428544	0.8207454024152063	True
calib_anchor	cross_supervised_4096	teosinte	0.9299634062638152	cross	plant	nan	nan	nan	cross_supervised_to_cross_eval	0.086856	0.088019	0.868021	259955621	2563626352	nan	1500.0	3.1760912590556813	0	3290921811	8365	294039681	175094470	8	0.0	0.438516	1000000	9.517317564015846	3.922465945298413	8.243272429998866	8.468405942917126	0.2120411295082017	0.1047709646574465	baseline_plus_kmer	leave_clade_out	0.17989038490890788	0.2823309209036048	0.7500730213549074	True
calib_anchor	cross_supervised_4096	teosinte	0.9299634062638152	cross	plant	nan	nan	nan	cross_supervised_to_plant_eval	0.086856	0.088019	0.868021	259955621	2563626352	nan	1500.0	3.1760912590556813	0	3290921811	8365	294039681	175094470	8	0.0	0.438516	1000000	9.517317564015846	3.922465945298413	8.243272429998866	8.468405942917126	0.2120411295082017	0.1047709646574465	baseline_plus_kmer	leave_clade_out	0.17989038490890788	0.2823309209036048	0.7500730213549074	True
calib_anchor	TFREPAIR_invert_boost_animal_4096_seed42	teosinte	0.8886845637016639	animal	plant	nan	nan	nan	animal_invert_boost_to_cross_eval	0.086856	0.088019	0.868021	259955621	2563626352	nan	1500.0	3.1760912590556813	0	3290921811	8365	294039681	175094470	8	0.0	0.438516	1000000	9.517317564015846	3.922465945298413	8.243272429998866	8.468405942917126	0.2168178063542519	0.1112460410900726	baseline_plus_kmer	leave_clade_out	0.16801130596157393	0.2630797372812219	0.7206732577400901	True
calib_anchor	TFREPAIR_invert_boost_animal_4096_seed42	teosinte	0.8886845637016639	animal	plant	nan	nan	nan	animal_invert_boost_to_plant_eval	0.086856	0.088019	0.868021	259955621	2563626352	nan	1500.0	3.1760912590556813	0	3290921811	8365	294039681	175094470	8	0.0	0.438516	1000000	9.517317564015846	3.922465945298413	8.243272429998866	8.468405942917126	0.2168178063542519	0.1112460410900726	baseline_plus_kmer	leave_clade_out	0.16801130596157393	0.2630797372812219	0.7206732577400901	True
calib_anchor	insect_no_beetle_4096	teosinte	0.7928110204987012	insect	plant	nan	nan	nan	insect_no_beetle_to_cross_eval	0.086856	0.088019	0.868021	259955621	2563626352	nan	1500.0	3.1760912590556813	0	3290921811	8365	294039681	175094470	8	0.0	0.438516	1000000	9.517317564015846	3.922465945298413	8.243272429998866	8.468405942917126	0.24756711504357	0.1387104209292143	baseline_plus_kmer	leave_clade_out	0.11703430207388912	0.16604405071405026	0.6757767184248121	True
calib_anchor	insect_no_beetle_4096	teosinte	0.7928110204987012	insect	plant	nan	nan	nan	insect_no_beetle_to_plant_eval	0.086856	0.088019	0.868021	259955621	2563626352	nan	1500.0	3.1760912590556813	0	3290921811	8365	294039681	175094470	8	0.0	0.438516	1000000	9.517317564015846	3.922465945298413	8.243272429998866	8.468405942917126	0.24756711504357	0.1387104209292143	baseline_plus_kmer	leave_clade_out	0.11703430207388912	0.16604405071405026	0.6757767184248121	True
calib_anchor	cross_supervised_4096	thale_cress	0.7121875392581978	cross	plant	nan	nan	nan	cross_supervised_to_plant_fine	0.043011	0.043145	0.932855	1297325	28049979	0.37922119140625	1550.0	3.1903316981702914	0	119667750	7	30427671	23459830	3	0.0	0.372445	1000000	8.077977125476142	0.8450980400142568	7.370324860706645	7.48326871178776	0.1110569059282151	0.0213077580291249	baseline_plus_kmer	leave_clade_out	0.7755628989396528	0.21467768166760312	0.06337535968145502	True
calib_anchor	plant_supervised_4096	thale_cress	0.6974776069597389	plant	plant	nan	nan	nan	plant_supervised_to_plant_fine	0.043011	0.043145	0.932855	1297325	28049979	0.37922119140625	1550.0	3.1903316981702914	1	119667750	7	30427671	23459830	3	0.0	0.372445	1000000	8.077977125476142	0.8450980400142568	7.370324860706645	7.48326871178776	0.1249666485378415	0.0307960258984802	baseline_plus_kmer	leave_clade_out	0.7527773144912933	0.24131403314213434	0.05529970753155433	True
calib_anchor	TFREPAIR_invert_boost_animal_4096_seed42	thale_cress	0.2079073653834738	animal	plant	nan	nan	nan	animal_invert_boost_to_plant_fine	0.043011	0.043145	0.932855	1297325	28049979	0.37922119140625	1550.0	3.1903316981702914	0	119667750	7	30427671	23459830	3	0.0	0.372445	1000000	8.077977125476142	0.8450980400142568	7.370324860706645	7.48326871178776	0.1234742428456467	0.0279292546598651	baseline_plus_kmer	leave_clade_out	0.7671450521435542	0.22062375108253227	0.5592376867600805	True
calib_anchor	insect_no_beetle_4096	thale_cress	0.1382559591838703	insect	plant	nan	nan	nan	insect_no_beetle_to_plant_fine	0.043011	0.043145	0.932855	1297325	28049979	0.37922119140625	1550.0	3.1903316981702914	0	119667750	7	30427671	23459830	3	0.0	0.372445	1000000	8.077977125476142	0.8450980400142568	7.370324860706645	7.48326871178776	0.1564172368424756	0.0430840989911306	baseline_plus_kmer	leave_clade_out	0.7214755024682931	0.20138861246030548	0.5832195432844227	True
final_errorbar	ntv3_100m_pre_w2048	thale_cress	0.1299511497000876	human_h0_ntv3_100m	plant	plant_fine	3.0	0.0173026332429277	nan	0.043011	0.043145	0.932855	1297325	28049979	0.37922119140625	1550.0	3.1903316981702914	0	119667750	7	30427671	23459830	3	0.0	0.372445	1000000	8.077977125476142	0.8450980400142568	7.370324860706645	7.48326871178776	0.3352596901322179	0.268016439460078	baseline_plus_kmer	leave_clade_out	0.3950327816447783	0.216729697005408	0.2650816319446907	True
final_errorbar	ntv2_250m_w4096	thale_cress	0.059250325526733	human_h0_ntv2_250m	plant	plant_fine	3.0	0.0279221757123653	nan	0.043011	0.043145	0.932855	1297325	28049979	0.37922119140625	1550.0	3.1903316981702914	0	119667750	7	30427671	23459830	3	0.0	0.372445	1000000	8.077977125476142	0.8450980400142568	7.370324860706645	7.48326871178776	0.3352596901322179	0.268016439460078	baseline_plus_kmer	leave_clade_out	0.42726200245588825	0.24962024257140558	0.36801167692915526	True
supp_h0_transfer	ntv2_500m_H0_w4096	thale_cress	0.0350888069185704	human_h0_ntv2_500m	plant	nan	nan	nan	transfer_BC_w4096	0.043011	0.043145	0.932855	1297325	28049979	0.37922119140625	1550.0	3.1903316981702914	0	119667750	7	30427671	23459830	3	0.0	0.372445	1000000	8.077977125476142	0.8450980400142568	7.370324860706645	7.48326871178776	0.3352596901322179	0.268016439460078	baseline_plus_kmer	leave_clade_out	0.44026027586888766	0.26068134541899557	0.40517146895031725	True
supp_h0_transfer	ntv2_500m_H0_w4096	western_clawed_frog	0.7676709570719781	human_h0_ntv2_500m	vertebrate	nan	nan	nan	transfer_BC_w4096	0.000179	0.000179	0.967076	84407	455592780	0.5371810538664581	360.0	2.556302500767288	0	1451301209	167	217471166	153961319	5	0.0029910269192422	0.505897	1000000	9.16175755704896	2.2227164711475837	8.18741162307706	8.337401683004607	0.1957973399316009	0.0911435831684164	baseline_plus_kmer	leave_clade_out	0.3038208544761352	0.21362372781748556	0.46385010259584286	True
final_errorbar	ntv2_250m_w4096	western_clawed_frog	0.6476854010493278	human_h0_ntv2_250m	vertebrate	animal_fine	3.0	0.0436579387818896	nan	0.000179	0.000179	0.967076	84407	455592780	0.5371810538664581	360.0	2.556302500767288	0	1451301209	167	217471166	153961319	5	0.0029910269192422	0.505897	1000000	9.16175755704896	2.2227164711475837	8.18741162307706	8.337401683004607	0.1957973399316009	0.0911435831684164	baseline_plus_kmer	leave_clade_out	0.30136045654477933	0.2149722684552068	0.3463249445045485	True
final_errorbar	ntv3_100m_pre_w2048	western_clawed_frog	0.5191597065847986	human_h0_ntv3_100m	vertebrate	animal_fine	3.0	0.0896323044666213	nan	0.000179	0.000179	0.967076	84407	455592780	0.5371810538664581	360.0	2.556302500767288	0	1451301209	167	217471166	153961319	5	0.0029910269192422	0.505897	1000000	9.16175755704896	2.2227164711475837	8.18741162307706	8.337401683004607	0.1957973399316009	0.0911435831684164	baseline_plus_kmer	leave_clade_out	0.31934399148424025	0.2150706364842858	0.19981571510055834	True
anchor_anchor	insect_primary_4096	western_honey_bee	0.946524064171123	insect	insect	nan	nan	nan	insect_primary_to_insect_stress	0.020425	0.982865	0.020432	4337232	90164	nan	820.0	2.9138138523837167	1	51457486	3	25433307	14233499	2	0.0388635522641971	0.404665	1000000	7.71144856455995	0.4771212547196624	7.15331167517893	7.405402833572285	0.1030895049884773	0.0198094430108711	baseline_plus_kmer	leave_clade_out	0.6277782905301794	0.21718490303885155	0.3187457736409436	True
calib_anchor	insect_no_beetle_4096	western_honey_bee	0.7983193277310925	insect	insect	nan	nan	nan	insect_no_beetle_to_cross_eval	0.020425	0.982865	0.020432	4337232	90164	nan	820.0	2.9138138523837167	1	51457486	3	25433307	14233499	2	0.0388635522641971	0.404665	1000000	7.71144856455995	0.4771212547196624	7.15331167517893	7.405402833572285	0.1030895049884773	0.0198094430108711	baseline_plus_kmer	leave_clade_out	0.6277782905301794	0.21718490303885155	0.17054103720091307	True
calib_anchor	insect_no_beetle_4096	western_honey_bee	0.7983193277310925	insect	insect	nan	nan	nan	insect_no_beetle_to_stress_eval	0.020425	0.982865	0.020432	4337232	90164	nan	820.0	2.9138138523837167	1	51457486	3	25433307	14233499	2	0.0388635522641971	0.404665	1000000	7.71144856455995	0.4771212547196624	7.15331167517893	7.405402833572285	0.1030895049884773	0.0198094430108711	baseline_plus_kmer	leave_clade_out	0.6277782905301794	0.21718490303885155	0.17054103720091307	True
anchor_anchor	insect_no_beetle_4096	western_honey_bee	0.7983193277310925	insect	insect	nan	nan	nan	insect_no_beetle_to_insect_stress	0.020425	0.982865	0.020432	4337232	90164	nan	820.0	2.9138138523837167	1	51457486	3	25433307	14233499	2	0.0388635522641971	0.404665	1000000	7.71144856455995	0.4771212547196624	7.15331167517893	7.405402833572285	0.1030895049884773	0.0198094430108711	baseline_plus_kmer	leave_clade_out	0.6277782905301794	0.21718490303885155	0.17054103720091307	True
calib_anchor	TFREPAIR_invert_boost_animal_4096_seed42	western_honey_bee	0.05217988328184	animal	insect	nan	nan	nan	animal_invert_boost_to_cross_eval	0.020425	0.982865	0.020432	4337232	90164	nan	820.0	2.9138138523837167	1	51457486	3	25433307	14233499	2	0.0388635522641971	0.404665	1000000	7.71144856455995	0.4771212547196624	7.15331167517893	7.405402833572285	0.1975547081920625	0.0743872976560842	baseline_plus_kmer	leave_clade_out	0.6213661295548758	0.2514478253439565	0.5691862462730358	True
calib_anchor	TFREPAIR_invert_boost_animal_4096_seed42	western_honey_bee	0.05217988328184	animal	insect	nan	nan	nan	animal_invert_boost_to_stress_eval	0.020425	0.982865	0.020432	4337232	90164	nan	820.0	2.9138138523837167	1	51457486	3	25433307	14233499	2	0.0388635522641971	0.404665	1000000	7.71144856455995	0.4771212547196624	7.15331167517893	7.405402833572285	0.1975547081920625	0.0743872976560842	baseline_plus_kmer	leave_clade_out	0.6213661295548758	0.2514478253439565	0.5691862462730358	True
anchor_anchor	TFREPAIR_invert_boost_animal_4096_seed42	western_honey_bee	0.05217988328184	animal	insect	nan	nan	nan	animal_invert_boost_to_insect_stress	0.020425	0.982865	0.020432	4337232	90164	nan	820.0	2.9138138523837167	1	51457486	3	25433307	14233499	2	0.0388635522641971	0.404665	1000000	7.71144856455995	0.4771212547196624	7.15331167517893	7.405402833572285	0.1975547081920625	0.0743872976560842	baseline_plus_kmer	leave_clade_out	0.6213661295548758	0.2514478253439565	0.5691862462730358	True
calib_anchor	cross_supervised_4096	western_honey_bee	0.0052898014902451	cross	insect	nan	nan	nan	cross_supervised_to_cross_eval	0.020425	0.982865	0.020432	4337232	90164	nan	820.0	2.9138138523837167	0	51457486	3	25433307	14233499	2	0.0388635522641971	0.404665	1000000	7.71144856455995	0.4771212547196624	7.15331167517893	7.405402833572285	0.2119073798001238	0.0902008757309238	baseline_plus_kmer	leave_clade_out	0.8245163394610412	0.1667370341388707	0.8192265379707961	True
calib_anchor	cross_supervised_4096	western_honey_bee	0.0052898014902451	cross	insect	nan	nan	nan	cross_supervised_to_stress_eval	0.020425	0.982865	0.020432	4337232	90164	nan	820.0	2.9138138523837167	0	51457486	3	25433307	14233499	2	0.0388635522641971	0.404665	1000000	7.71144856455995	0.4771212547196624	7.15331167517893	7.405402833572285	0.2119073798001238	0.0902008757309238	baseline_plus_kmer	leave_clade_out	0.8245163394610412	0.1667370341388707	0.8192265379707961	True
anchor_anchor	cross_supervised_4096	western_honey_bee	0.0052898014902451	cross	insect	nan	nan	nan	cross_supervised_to_insect_stress	0.020425	0.982865	0.020432	4337232	90164	nan	820.0	2.9138138523837167	0	51457486	3	25433307	14233499	2	0.0388635522641971	0.404665	1000000	7.71144856455995	0.4771212547196624	7.15331167517893	7.405402833572285	0.2119073798001238	0.0902008757309238	baseline_plus_kmer	leave_clade_out	0.8245163394610412	0.1667370341388707	0.8192265379707961	True
calib_anchor	plant_supervised_4096	western_honey_bee	0.0003842421976866	plant	insect	nan	nan	nan	plant_supervised_to_cross_eval	0.020425	0.982865	0.020432	4337232	90164	nan	820.0	2.9138138523837167	0	51457486	3	25433307	14233499	2	0.0388635522641971	0.404665	1000000	7.71144856455995	0.4771212547196624	7.15331167517893	7.405402833572285	0.2144848278327983	0.1040586970085212	baseline_plus_kmer	leave_clade_out	0.6599608495579627	0.28447549737134004	0.6595766073602761	True
calib_anchor	plant_supervised_4096	western_honey_bee	0.0003842416254314	plant	insect	nan	nan	nan	plant_supervised_to_stress_eval	0.020425	0.982865	0.020432	4337232	90164	nan	820.0	2.9138138523837167	0	51457486	3	25433307	14233499	2	0.0388635522641971	0.404665	1000000	7.71144856455995	0.4771212547196624	7.15331167517893	7.405402833572285	0.2144848278327983	0.1040586970085212	baseline_plus_kmer	leave_clade_out	0.6599608495579627	0.28447549737134004	0.6595766079325314	True
calib_anchor	direct_red_flour_beetle_4096	western_honey_bee	0.0	other_anchor	insect	nan	nan	nan	direct_beetle_to_cross_eval	0.020425	0.982865	0.020432	4337232	90164	nan	820.0	2.9138138523837167	0	51457486	3	25433307	14233499	2	0.0388635522641971	0.404665	1000000	7.71144856455995	0.4771212547196624	7.15331167517893	7.405402833572285	0.3782434204252473	0.3304654870915913	baseline_plus_kmer	leave_clade_out	0.2521921922797501	0.18869967984273114	0.2521921922797501	True
calib_anchor	direct_red_flour_beetle_4096	western_honey_bee	0.0	other_anchor	insect	nan	nan	nan	direct_beetle_to_stress_eval	0.020425	0.982865	0.020432	4337232	90164	nan	820.0	2.9138138523837167	0	51457486	3	25433307	14233499	2	0.0388635522641971	0.404665	1000000	7.71144856455995	0.4771212547196624	7.15331167517893	7.405402833572285	0.3782434204252473	0.3304654870915913	baseline_plus_kmer	leave_clade_out	0.2521921922797501	0.18869967984273114	0.2521921922797501	True
calib_anchor	direct_western_honey_bee_4096	western_honey_bee	0.0	other_anchor	insect	nan	nan	nan	direct_honeybee_to_cross_eval	0.020425	0.982865	0.020432	4337232	90164	nan	820.0	2.9138138523837167	0	51457486	3	25433307	14233499	2	0.0388635522641971	0.404665	1000000	7.71144856455995	0.4771212547196624	7.15331167517893	7.405402833572285	0.3782434204252473	0.3304654870915913	baseline_plus_kmer	leave_clade_out	0.2521921922797501	0.18869967984273114	0.2521921922797501	True
calib_anchor	direct_western_honey_bee_4096	western_honey_bee	0.0	other_anchor	insect	nan	nan	nan	direct_honeybee_to_stress_eval	0.020425	0.982865	0.020432	4337232	90164	nan	820.0	2.9138138523837167	0	51457486	3	25433307	14233499	2	0.0388635522641971	0.404665	1000000	7.71144856455995	0.4771212547196624	7.15331167517893	7.405402833572285	0.3782434204252473	0.3304654870915913	baseline_plus_kmer	leave_clade_out	0.2521921922797501	0.18869967984273114	0.2521921922797501	True
calib_anchor	direct_western_honey_bee_4096	western_honey_bee	0.0	other_anchor	insect	nan	nan	nan	direct_honeybee_own_holdout	0.020425	0.982865	0.020432	4337232	90164	nan	820.0	2.9138138523837167	0	51457486	3	25433307	14233499	2	0.0388635522641971	0.404665	1000000	7.71144856455995	0.4771212547196624	7.15331167517893	7.405402833572285	0.3782434204252473	0.3304654870915913	baseline_plus_kmer	leave_clade_out	0.2521921922797501	0.18869967984273114	0.2521921922797501	True
anchor_anchor	TFREPAIR_invert_boost_animal_4096_seed42	x_laevis	0.4013777654205557	animal	vertebrate	nan	nan	nan	animal_invert_boost_to_insect_stress	0.000194	0.000194	0.813401	56801	238590187	nan	370.0	2.568201724066995	1	2718433805	108033	219802468	136570856	9	0.1479724726946478	0.38498	1000000	9.434318762214229	5.033556436308993	8.13535803149204	8.34203256448767	0.1125183122375499	0.0175004510961257	baseline_plus_kmer	leave_clade_out	0.7323914855462338	0.15722288324158712	0.3310137201256781	True
calib_anchor	TFREPAIR_invert_boost_animal_4096_seed42	x_laevis	0.4013775981071781	animal	vertebrate	nan	nan	nan	animal_invert_boost_to_cross_eval	0.000194	0.000194	0.813401	56801	238590187	nan	370.0	2.568201724066995	1	2718433805	108033	219802468	136570856	9	0.1479724726946478	0.38498	1000000	9.434318762214229	5.033556436308993	8.13535803149204	8.34203256448767	0.1125183122375499	0.0175004510961257	baseline_plus_kmer	leave_clade_out	0.7323914855462338	0.15722288324158712	0.3310138874390557	True
calib_anchor	TFREPAIR_invert_boost_animal_4096_seed42	x_laevis	0.4013775981071781	animal	vertebrate	nan	nan	nan	animal_invert_boost_to_stress_eval	0.000194	0.000194	0.813401	56801	238590187	nan	370.0	2.568201724066995	1	2718433805	108033	219802468	136570856	9	0.1479724726946478	0.38498	1000000	9.434318762214229	5.033556436308993	8.13535803149204	8.34203256448767	0.1125183122375499	0.0175004510961257	baseline_plus_kmer	leave_clade_out	0.7323914855462338	0.15722288324158712	0.3310138874390557	True
calib_anchor	cross_supervised_4096	x_laevis	0.3945827783795458	cross	vertebrate	nan	nan	nan	cross_supervised_to_cross_eval	0.000194	0.000194	0.813401	56801	238590187	nan	370.0	2.568201724066995	0	2718433805	108033	219802468	136570856	9	0.1479724726946478	0.38498	1000000	9.434318762214229	5.033556436308993	8.13535803149204	8.34203256448767	0.1141902696107161	0.0184397446805083	baseline_plus_kmer	leave_clade_out	0.7477468304369641	0.1569344988078047	0.3531640520574183	True
calib_anchor	cross_supervised_4096	x_laevis	0.3945827783795458	cross	vertebrate	nan	nan	nan	cross_supervised_to_stress_eval	0.000194	0.000194	0.813401	56801	238590187	nan	370.0	2.568201724066995	0	2718433805	108033	219802468	136570856	9	0.1479724726946478	0.38498	1000000	9.434318762214229	5.033556436308993	8.13535803149204	8.34203256448767	0.1141902696107161	0.0184397446805083	baseline_plus_kmer	leave_clade_out	0.7477468304369641	0.1569344988078047	0.3531640520574183	True
anchor_anchor	cross_supervised_4096	x_laevis	0.3945827783795458	cross	vertebrate	nan	nan	nan	cross_supervised_to_insect_stress	0.000194	0.000194	0.813401	56801	238590187	nan	370.0	2.568201724066995	0	2718433805	108033	219802468	136570856	9	0.1479724726946478	0.38498	1000000	9.434318762214229	5.033556436308993	8.13535803149204	8.34203256448767	0.1141902696107161	0.0184397446805083	baseline_plus_kmer	leave_clade_out	0.7477468304369641	0.1569344988078047	0.3531640520574183	True
calib_anchor	plant_supervised_4096	x_laevis	0.2855543757586765	plant	vertebrate	nan	nan	nan	plant_supervised_to_cross_eval	0.000194	0.000194	0.813401	56801	238590187	nan	370.0	2.568201724066995	0	2718433805	108033	219802468	136570856	9	0.1479724726946478	0.38498	1000000	9.434318762214229	5.033556436308993	8.13535803149204	8.34203256448767	0.1445645708760781	0.0387081158013149	baseline_plus_kmer	leave_clade_out	0.7213105996728193	0.15943449895195125	0.4357562239141428	True
calib_anchor	plant_supervised_4096	x_laevis	0.2855543757586765	plant	vertebrate	nan	nan	nan	plant_supervised_to_stress_eval	0.000194	0.000194	0.813401	56801	238590187	nan	370.0	2.568201724066995	0	2718433805	108033	219802468	136570856	9	0.1479724726946478	0.38498	1000000	9.434318762214229	5.033556436308993	8.13535803149204	8.34203256448767	0.1445645708760781	0.0387081158013149	baseline_plus_kmer	leave_clade_out	0.7213105996728193	0.15943449895195125	0.4357562239141428	True
calib_anchor	insect_no_beetle_4096	x_laevis	0.2829600934257301	insect	vertebrate	nan	nan	nan	insect_no_beetle_to_cross_eval	0.000194	0.000194	0.813401	56801	238590187	nan	370.0	2.568201724066995	0	2718433805	108033	219802468	136570856	9	0.1479724726946478	0.38498	1000000	9.434318762214229	5.033556436308993	8.13535803149204	8.34203256448767	0.1983752948465877	0.0592704987046092	baseline_plus_kmer	leave_clade_out	0.19619341215666805	0.28542781763851593	0.08676668126906203	True
calib_anchor	insect_no_beetle_4096	x_laevis	0.2829600934257301	insect	vertebrate	nan	nan	nan	insect_no_beetle_to_stress_eval	0.000194	0.000194	0.813401	56801	238590187	nan	370.0	2.568201724066995	0	2718433805	108033	219802468	136570856	9	0.1479724726946478	0.38498	1000000	9.434318762214229	5.033556436308993	8.13535803149204	8.34203256448767	0.1983752948465877	0.0592704987046092	baseline_plus_kmer	leave_clade_out	0.19619341215666805	0.28542781763851593	0.08676668126906203	True
anchor_anchor	insect_no_beetle_4096	x_laevis	0.2829600934257301	insect	vertebrate	nan	nan	nan	insect_no_beetle_to_insect_stress	0.000194	0.000194	0.813401	56801	238590187	nan	370.0	2.568201724066995	0	2718433805	108033	219802468	136570856	9	0.1479724726946478	0.38498	1000000	9.434318762214229	5.033556436308993	8.13535803149204	8.34203256448767	0.1983752948465877	0.0592704987046092	baseline_plus_kmer	leave_clade_out	0.19619341215666805	0.28542781763851593	0.08676668126906203	True
anchor_anchor	insect_primary_4096	x_laevis	0.2268599691025123	insect	vertebrate	nan	nan	nan	insect_primary_to_insect_stress	0.000194	0.000194	0.813401	56801	238590187	nan	370.0	2.568201724066995	0	2718433805	108033	219802468	136570856	9	0.1479724726946478	0.38498	1000000	9.434318762214229	5.033556436308993	8.13535803149204	8.34203256448767	0.1983752948465877	0.0592704987046092	baseline_plus_kmer	leave_clade_out	0.19619341215666805	0.28542781763851593	0.030666556945844248	True
supp_h0_transfer	ntv2_500m_H0_w4096	zebrafish	0.8151318178516959	human_h0_ntv2_500m	vertebrate	nan	nan	nan	transfer_BC_w4096	0.837603	0.982602	0.850212	891480468	771367366	0.4137124131384462	430.0	2.633468455579586	0	1679203469	1923	78093715	52186027	14	0.0	0.359955	1000000	9.225103322767056	3.28397928423848	7.717554234627916	7.892616083164715	0.3272994079847048	0.2672352128115792	baseline_plus_kmer	leave_clade_out	0.28552528014776163	0.1722573972529377	0.5296065377039343	True
final_errorbar	ntv2_250m_w4096	zebrafish	0.753453009276328	human_h0_ntv2_250m	vertebrate	animal_fine	3.0	0.0131433323203878	nan	0.837603	0.982602	0.850212	891480468	771367366	0.4137124131384462	430.0	2.633468455579586	0	1679203469	1923	78093715	52186027	14	0.0	0.359955	1000000	9.225103322767056	3.28397928423848	7.717554234627916	7.892616083164715	0.3272994079847048	0.2672352128115792	baseline_plus_kmer	leave_clade_out	0.2800384524725591	0.17487640445596309	0.47341455680376887	True
final_errorbar	ntv3_100m_pre_w2048	zebrafish	0.5214699959942013	human_h0_ntv3_100m	vertebrate	animal_fine	3.0	0.0175674395284055	nan	0.837603	0.982602	0.850212	891480468	771367366	0.4137124131384462	430.0	2.633468455579586	0	1679203469	1923	78093715	52186027	14	0.0	0.359955	1000000	9.225103322767056	3.28397928423848	7.717554234627916	7.892616083164715	0.3272994079847048	0.2672352128115792	baseline_plus_kmer	leave_clade_out	0.3038575495378369	0.17196946965694268	0.2176124464563644	True
calib_anchor	cross_supervised_4096	brachypodium	0.8175422271365038	cross	plant	nan	nan	nan	cross_supervised_to_plant_fine	0.101164	0.1029	0.857087	5277523	43958318	0.45561279296875	1500.0	3.1760912590556813	0	271298618	11	75071545	59130575	3	0.0	0.454488	1000000	8.433447581463392	1.041392685158225	7.771812102204127	7.875475353898488	0.0693259415010997	0.0175357229218507	baseline_plus_assembly_kmer	leave_species_out	0.9006511661627106	0.06834480734330818	0.08310893902620675	True
calib_anchor	plant_supervised_4096	brachypodium	0.7765195434514967	plant	plant	nan	nan	nan	plant_supervised_to_plant_fine	0.101164	0.1029	0.857087	5277523	43958318	0.45561279296875	1500.0	3.1760912590556813	1	271298618	11	75071545	59130575	3	0.0	0.454488	1000000	8.433447581463392	1.041392685158225	7.771812102204127	7.875475353898488	0.0392954852174674	0.0046023125549394	baseline_plus_assembly_kmer	leave_species_out	0.8763348126552777	0.13029914842443385	0.09981526920378103	True
calib_anchor	insect_no_beetle_4096	brachypodium	0.4502561696769175	insect	plant	nan	nan	nan	insect_no_beetle_to_plant_fine	0.101164	0.1029	0.857087	5277523	43958318	0.45561279296875	1500.0	3.1760912590556813	0	271298618	11	75071545	59130575	3	0.0	0.454488	1000000	8.433447581463392	1.041392685158225	7.771812102204127	7.875475353898488	0.142514717076787	0.0564627585782296	baseline_plus_assembly_kmer	leave_species_out	0.7364533300233573	0.1663043874634812	0.2861971603464398	True
calib_anchor	TFREPAIR_invert_boost_animal_4096_seed42	brachypodium	0.4333898332380484	animal	plant	nan	nan	nan	animal_invert_boost_to_plant_fine	0.101164	0.1029	0.857087	5277523	43958318	0.45561279296875	1500.0	3.1760912590556813	0	271298618	11	75071545	59130575	3	0.0	0.454488	1000000	8.433447581463392	1.041392685158225	7.771812102204127	7.875475353898488	0.1040889363124293	0.0363524838017522	baseline_plus_assembly_kmer	leave_species_out	0.872897869515847	0.09290823222138989	0.4395080362777986	True
supp_h0_transfer	ntv2_500m_H0_w4096	brachypodium	0.3212749242452583	human_h0_ntv2_500m	plant	nan	nan	nan	transfer_BC_w4096	0.101164	0.1029	0.857087	5277523	43958318	0.45561279296875	1500.0	3.1760912590556813	0	271298618	11	75071545	59130575	3	0.0	0.454488	1000000	8.433447581463392	1.041392685158225	7.771812102204127	7.875475353898488	0.2268185746895572	0.1337656475000112	baseline_plus_assembly_kmer	leave_species_out	0.4478345976084108	0.27223118194390367	0.12655967336315255	True
final_errorbar	ntv2_250m_w4096	brachypodium	0.2929663405760741	human_h0_ntv2_250m	plant	plant_fine	3.0	0.0156920332833043	nan	0.101164	0.1029	0.857087	5277523	43958318	0.45561279296875	1500.0	3.1760912590556813	0	271298618	11	75071545	59130575	3	0.0	0.454488	1000000	8.433447581463392	1.041392685158225	7.771812102204127	7.875475353898488	0.2268185746895572	0.1337656475000112	baseline_plus_assembly_kmer	leave_species_out	0.4405348648425926	0.2737098765657722	0.14756852426651845	True
final_errorbar	ntv3_100m_pre_w2048	brachypodium	0.2073934705084866	human_h0_ntv3_100m	plant	plant_fine	3.0	0.0683970400854424	nan	0.101164	0.1029	0.857087	5277523	43958318	0.45561279296875	1500.0	3.1760912590556813	0	271298618	11	75071545	59130575	3	0.0	0.454488	1000000	8.433447581463392	1.041392685158225	7.771812102204127	7.875475353898488	0.2268185746895572	0.1337656475000112	baseline_plus_assembly_kmer	leave_species_out	0.47630103234579696	0.25139475446746695	0.26890756183731035	True
anchor_anchor	TFREPAIR_invert_boost_animal_4096_seed42	c_elegans	0.9053972034713066	animal	other	nan	nan	nan	animal_invert_boost_to_insect_fine	0.833784	0.964483	0.860195	10289793	9177183	0.3579248046875	900.0	2.9542425094393248	0	100286401	7	20924180	17493829	3	0.0	0.371376	1000000	8.001242045970857	0.8450980400142568	7.242884877035624	7.320648447384384	0.1443799983785652	0.0775729844697248	baseline_plus_assembly_kmer	leave_species_out	0.08653841153463519	0.13876001139273067	0.8188587919366714	True
anchor_anchor	cross_supervised_4096	c_elegans	0.8952111633807284	cross	other	nan	nan	nan	cross_supervised_to_insect_fine	0.833784	0.964483	0.860195	10289793	9177183	0.3579248046875	900.0	2.9542425094393248	0	100286401	7	20924180	17493829	3	0.0	0.371376	1000000	8.001242045970857	0.8450980400142568	7.242884877035624	7.320648447384384	0.1533616551705707	0.0962183394831955	baseline_plus_assembly_kmer	leave_species_out	0.07614389149995583	0.14047328296540798	0.8190672718807726	True
anchor_anchor	insect_primary_4096	c_elegans	0.8945547202059512	insect	other	nan	nan	nan	insect_primary_to_insect_fine	0.833784	0.964483	0.860195	10289793	9177183	0.3579248046875	900.0	2.9542425094393248	0	100286401	7	20924180	17493829	3	0.0	0.371376	1000000	8.001242045970857	0.8450980400142568	7.242884877035624	7.320648447384384	0.1475085510847136	0.0895808950573151	baseline_plus_assembly_kmer	leave_species_out	0.09476599497573081	0.1545542303138776	0.7997887252302204	True
anchor_anchor	insect_no_beetle_4096	c_elegans	0.5383685302773058	insect	other	nan	nan	nan	insect_no_beetle_to_insect_fine	0.833784	0.964483	0.860195	10289793	9177183	0.3579248046875	900.0	2.9542425094393248	0	100286401	7	20924180	17493829	3	0.0	0.371376	1000000	8.001242045970857	0.8450980400142568	7.242884877035624	7.320648447384384	0.1475085510847136	0.0895808950573151	baseline_plus_assembly_kmer	leave_species_out	0.09476599497573081	0.1545542303138776	0.443602535301575	True
supp_h0_transfer	ntv2_500m_H0_w4096	c_elegans	0.345012472034356	human_h0_ntv2_500m	other	nan	nan	nan	transfer_BC_w4096	0.833784	0.964483	0.860195	10289793	9177183	0.3579248046875	900.0	2.9542425094393248	0	100286401	7	20924180	17493829	3	0.0	0.371376	1000000	8.001242045970857	0.8450980400142568	7.242884877035624	7.320648447384384	0.3448736563265228	0.3498680780416765	baseline_plus_assembly_kmer	leave_species_out	0.038151604977290886	0.0781775583505472	0.3068608670570651	True
final_errorbar	ntv3_100m_pre_w2048	c_elegans	0.2604444021620859	human_h0_ntv3_100m	other	animal_fine	3.0	0.0215523139867919	nan	0.833784	0.964483	0.860195	10289793	9177183	0.3579248046875	900.0	2.9542425094393248	0	100286401	7	20924180	17493829	3	0.0	0.371376	1000000	8.001242045970857	0.8450980400142568	7.242884877035624	7.320648447384384	0.3448736563265228	0.3498680780416765	baseline_plus_assembly_kmer	leave_species_out	0.037368702692585826	0.07154540079728182	0.2230756994695001	True
final_errorbar	ntv2_250m_w4096	c_elegans	0.1426005332526109	human_h0_ntv2_250m	other	animal_fine	3.0	0.0303152737505588	nan	0.833784	0.964483	0.860195	10289793	9177183	0.3579248046875	900.0	2.9542425094393248	0	100286401	7	20924180	17493829	3	0.0	0.371376	1000000	8.001242045970857	0.8450980400142568	7.242884877035624	7.320648447384384	0.3448736563265228	0.3498680780416765	baseline_plus_assembly_kmer	leave_species_out	0.038151604977290886	0.0781775583505472	0.10444892827532001	True
calib_anchor	TFREPAIR_invert_boost_animal_4096_seed42	cattle	0.9216935615407684	animal	vertebrate	nan	nan	nan	animal_invert_boost_to_cross_eval	0.48001	0.488924	0.963405	641516843	1264081324	nan	96.0	1.9822712330395684	1	2715853792	2211	158534110	103308737	12	0.0	0.438283	1000000	9.43390638599257	3.344588742578714	8.014137052114325	8.200122718862955	0.1961603645512639	0.1045802654699864	baseline_plus_assembly_kmer	leave_species_out	0.6934423233611056	0.26126160239958535	0.22825123817966286	True
calib_anchor	cross_supervised_4096	cattle	0.9213113792693672	cross	vertebrate	nan	nan	nan	cross_supervised_to_cross_eval	0.48001	0.488924	0.963405	641516843	1264081324	nan	96.0	1.9822712330395684	0	2715853792	2211	158534110	103308737	12	0.0	0.438283	1000000	9.43390638599257	3.344588742578714	8.014137052114325	8.200122718862955	0.1898193400311859	0.0914288745666459	baseline_plus_assembly_kmer	leave_species_out	0.6914943146733552	0.25603315587765874	0.22981706459601203	True
calib_anchor	insect_no_beetle_4096	cattle	0.2681289424464008	insect	vertebrate	nan	nan	nan	insect_no_beetle_to_cross_eval	0.48001	0.488924	0.963405	641516843	1264081324	nan	96.0	1.9822712330395684	0	2715853792	2211	158534110	103308737	12	0.0	0.438283	1000000	9.43390638599257	3.344588742578714	8.014137052114325	8.200122718862955	0.2674695235796735	0.15873003482616	baseline_plus_assembly_kmer	leave_species_out	0.4793416252473536	0.2435833217430285	0.2112126828009528	True
calib_anchor	plant_supervised_4096	cattle	0.0858809770068545	plant	vertebrate	nan	nan	nan	plant_supervised_to_cross_eval	0.48001	0.488924	0.963405	641516843	1264081324	nan	96.0	1.9822712330395684	0	2715853792	2211	158534110	103308737	12	0.0	0.438283	1000000	9.43390638599257	3.344588742578714	8.014137052114325	8.200122718862955	0.1939129743058688	0.0844629259880961	baseline_plus_assembly_kmer	leave_species_out	0.5941284637525704	0.2930029506213997	0.508247486745716	True
supp_h0_transfer	ntv2_500m_H0_w4096	chicken	0.8516226680157541	human_h0_ntv2_500m	vertebrate	nan	nan	nan	transfer_BC_w4096	0.391291	0.394479	0.979765	40667484	101005421	0.4113284493284493	310.0	2.4913616938342726	0	1065365425	464	197608386	91315245	4	0.0017070808916752	0.549823	1000000	9.027498598235026	2.6665179805548807	7.96054328866985	8.29580537100184	0.1448915707647146	0.0601428909585745	baseline_plus_assembly_kmer	leave_species_out	0.5976360874158936	0.24117844925197846	0.25398658059986057	True
final_errorbar	ntv2_250m_w4096	chicken	0.843436719033926	human_h0_ntv2_250m	vertebrate	animal_fine	3.0	0.0193628216675568	nan	0.391291	0.394479	0.979765	40667484	101005421	0.4113284493284493	310.0	2.4913616938342726	0	1065365425	464	197608386	91315245	4	0.0017070808916752	0.549823	1000000	9.027498598235026	2.6665179805548807	7.96054328866985	8.29580537100184	0.1448915707647146	0.0601428909585745	baseline_plus_assembly_kmer	leave_species_out	0.5922613214821667	0.24194847340774012	0.2511753975517593	True
final_errorbar	ntv3_100m_pre_w2048	chicken	0.6195493201860316	human_h0_ntv3_100m	vertebrate	animal_fine	3.0	0.0701786703401454	nan	0.391291	0.394479	0.979765	40667484	101005421	0.4113284493284493	310.0	2.4913616938342726	0	1065365425	464	197608386	91315245	4	0.0017070808916752	0.549823	1000000	9.027498598235026	2.6665179805548807	7.96054328866985	8.29580537100184	0.1448915707647146	0.0601428909585745	baseline_plus_assembly_kmer	leave_species_out	0.603310338625995	0.23389166529229272	0.01623898156003656	True
anchor_anchor	insect_no_beetle_4096	fruit_fly	0.944818571090276	insect	insect	nan	nan	nan	insect_no_beetle_to_insect_fine	0.888725	0.993839	0.893648	26497161	23825911	0.494656395206652	780.0	2.8920946026904804	1	143726002	1870	32079331	25286936	3	0.0	0.441621	1000000	8.157535345055386	3.271841606536499	7.402896209379677	7.506225302690743	0.1001622488462802	0.0254297426578645	baseline_plus_assembly_kmer	leave_species_out	0.7101436011761632	0.19348520777733214	0.23467496991411285	True
anchor_anchor	TFREPAIR_invert_boost_animal_4096_seed42	fruit_fly	0.9437257723304636	animal	insect	nan	nan	nan	animal_invert_boost_to_insect_fine	0.888725	0.993839	0.893648	26497161	23825911	0.494656395206652	780.0	2.8920946026904804	1	143726002	1870	32079331	25286936	3	0.0	0.441621	1000000	8.157535345055386	3.271841606536499	7.402896209379677	7.506225302690743	0.0783631596802407	0.0157474491106001	baseline_plus_assembly_kmer	leave_species_out	0.7163214258137077	0.22784647792392154	0.2274043465167559	True
anchor_anchor	cross_supervised_4096	fruit_fly	0.942393180917196	cross	insect	nan	nan	nan	cross_supervised_to_insect_fine	0.888725	0.993839	0.893648	26497161	23825911	0.494656395206652	780.0	2.8920946026904804	0	143726002	1870	32079331	25286936	3	0.0	0.441621	1000000	8.157535345055386	3.271841606536499	7.402896209379677	7.506225302690743	0.0698216548368194	0.0106775865530966	baseline_plus_assembly_kmer	leave_species_out	0.7289065619215371	0.22982178280517787	0.2134866189956589	True
anchor_anchor	insect_primary_4096	fruit_fly	0.9413841255319276	insect	insect	nan	nan	nan	insect_primary_to_insect_fine	0.888725	0.993839	0.893648	26497161	23825911	0.494656395206652	780.0	2.8920946026904804	1	143726002	1870	32079331	25286936	3	0.0	0.441621	1000000	8.157535345055386	3.271841606536499	7.402896209379677	7.506225302690743	0.1001622488462802	0.0254297426578645	baseline_plus_assembly_kmer	leave_species_out	0.7101436011761632	0.19348520777733214	0.23124052435576448	True
supp_h0_transfer	ntv2_500m_H0_w4096	fruit_fly	0.6577990369528225	human_h0_ntv2_500m	insect	nan	nan	nan	transfer_BC_w4096	0.888725	0.993839	0.893648	26497161	23825911	0.494656395206652	780.0	2.8920946026904804	0	143726002	1870	32079331	25286936	3	0.0	0.441621	1000000	8.157535345055386	3.271841606536499	7.402896209379677	7.506225302690743	0.2474985795480165	0.15855331987712	baseline_plus_assembly_kmer	leave_species_out	0.20106042199969348	0.2193547025067626	0.456738614953129	True
final_errorbar	ntv2_250m_w4096	fruit_fly	0.5533233517822065	human_h0_ntv2_250m	insect	animal_fine	3.0	0.0128215769678409	nan	0.888725	0.993839	0.893648	26497161	23825911	0.494656395206652	780.0	2.8920946026904804	0	143726002	1870	32079331	25286936	3	0.0	0.441621	1000000	8.157535345055386	3.271841606536499	7.402896209379677	7.506225302690743	0.2474985795480165	0.15855331987712	baseline_plus_assembly_kmer	leave_species_out	0.19538967610272137	0.21804311882953026	0.3579336756794851	True
final_errorbar	ntv3_100m_pre_w2048	fruit_fly	0.4822229619104726	human_h0_ntv3_100m	insect	animal_fine	3.0	0.1825771233602698	nan	0.888725	0.993839	0.893648	26497161	23825911	0.494656395206652	780.0	2.8920946026904804	0	143726002	1870	32079331	25286936	3	0.0	0.441621	1000000	8.157535345055386	3.271841606536499	7.402896209379677	7.506225302690743	0.2474985795480165	0.15855331987712	baseline_plus_assembly_kmer	leave_species_out	0.22540615703645756	0.22533024860948742	0.25681680487401504	True
calib_anchor	cross_supervised_4096	horse	0.8925601404845789	cross	vertebrate	nan	nan	nan	cross_supervised_to_cross_eval	0.791397	0.812579	0.968112	892563554	1063406667	nan	96.0	1.9822712330395684	0	188260577	1	188260577	188260577	1	0.0010189606601266	0.517305	1000000	8.27475938542357	0.0	8.27475938542357	8.27475938542357	0.2072733615749962	0.1175416603257882	baseline_plus_assembly_kmer	leave_species_out	0.6258040598702477	0.26079766634939716	0.2667560806143312	True
calib_anchor	TFREPAIR_invert_boost_animal_4096_seed42	horse	0.8913728851560259	animal	vertebrate	nan	nan	nan	animal_invert_boost_to_cross_eval	0.791397	0.812579	0.968112	892563554	1063406667	nan	96.0	1.9822712330395684	1	188260577	1	188260577	188260577	1	0.0010189606601266	0.517305	1000000	8.27475938542357	0.0	8.27475938542357	8.27475938542357	0.2056004978397222	0.1203089942757705	baseline_plus_assembly_kmer	leave_species_out	0.6549795460156311	0.24979822013989145	0.23639333914039473	True
calib_anchor	insect_no_beetle_4096	horse	0.1869044858967403	insect	vertebrate	nan	nan	nan	insect_no_beetle_to_cross_eval	0.791397	0.812579	0.968112	892563554	1063406667	nan	96.0	1.9822712330395684	0	188260577	1	188260577	188260577	1	0.0010189606601266	0.517305	1000000	8.27475938542357	0.0	8.27475938542357	8.27475938542357	0.2746396996501602	0.1850487156640525	baseline_plus_assembly_kmer	leave_species_out	0.4050408224171798	0.22692675772828616	0.2181363365204395	True
calib_anchor	plant_supervised_4096	horse	0.1025602154105038	plant	vertebrate	nan	nan	nan	plant_supervised_to_cross_eval	0.791397	0.812579	0.968112	892563554	1063406667	nan	96.0	1.9822712330395684	0	188260577	1	188260577	188260577	1	0.0010189606601266	0.517305	1000000	8.27475938542357	0.0	8.27475938542357	8.27475938542357	0.2026925587860898	0.1042618889160033	baseline_plus_assembly_kmer	leave_species_out	0.49690909147469065	0.2721222650507306	0.39434887606418684	True
supp_h0_transfer	ntv2_500m_H0_w4096	human	0.961411324419745	human_h0_ntv2_500m	vertebrate	nan	nan	nan	transfer_BC_w4096	0.948128	0.966802	0.980034	1410192187	1429492481	nan	6.0	0.7781512503836436	0	248387328	1	248387328	248387328	1	0.0	0.550911	1000000	8.395129435626702	0.0	8.395129435626702	8.395129435626702	0.0	-2.220446049250313e-16	baseline_plus_assembly_kmer	leave_species_out	0.7241296893670243	0.18687091315003396	0.2372816350527207	True
calib_anchor	TFREPAIR_invert_boost_animal_4096_seed42	human	0.904946115719272	animal	vertebrate	nan	nan	nan	animal_invert_boost_to_cross_eval	0.948128	0.966802	0.980034	1410192187	1429492481	nan	6.0	0.7781512503836436	1	248387328	1	248387328	248387328	1	0.0	0.550911	1000000	8.395129435626702	0.0	8.395129435626702	8.395129435626702	0.2473971321688795	0.1687976905989935	baseline_plus_assembly_kmer	leave_species_out	0.37858928176103174	0.2595530094453514	0.5263568339582403	True
calib_anchor	cross_supervised_4096	human	0.9023446184329426	cross	vertebrate	nan	nan	nan	cross_supervised_to_cross_eval	0.948128	0.966802	0.980034	1410192187	1429492481	nan	6.0	0.7781512503836436	0	248387328	1	248387328	248387328	1	0.0	0.550911	1000000	8.395129435626702	0.0	8.395129435626702	8.395129435626702	0.249220227348776	0.1685880996034323	baseline_plus_assembly_kmer	leave_species_out	0.354673912255848	0.2386246327677856	0.5476707061770946	True
calib_anchor	insect_no_beetle_4096	human	0.1477908337777611	insect	vertebrate	nan	nan	nan	insect_no_beetle_to_cross_eval	0.948128	0.966802	0.980034	1410192187	1429492481	nan	6.0	0.7781512503836436	0	248387328	1	248387328	248387328	1	0.0	0.550911	1000000	8.395129435626702	0.0	8.395129435626702	8.395129435626702	0.3042605063379114	0.2325830037417954	baseline_plus_assembly_kmer	leave_species_out	0.2985463762835702	0.19743831519957197	0.15075554250580914	True
calib_anchor	plant_supervised_4096	human	0.1214275571269181	plant	vertebrate	nan	nan	nan	plant_supervised_to_cross_eval	0.948128	0.966802	0.980034	1410192187	1429492481	nan	6.0	0.7781512503836436	0	248387328	1	248387328	248387328	1	0.0	0.550911	1000000	8.395129435626702	0.0	8.395129435626702	8.395129435626702	0.242491599474234	0.153922806418943	baseline_plus_assembly_kmer	leave_species_out	0.2725258247538383	0.1854518995146933	0.1510982676269202	True
calib_anchor	TFREPAIR_invert_boost_animal_4096_seed42	lizard	0.2416400416987031	animal	vertebrate	nan	nan	nan	animal_invert_boost_to_cross_eval	0.038956	0.053715	0.12417	41691771	96375917	nan	320.0	2.505149978319906	1	1799143587	6457	263920458	150641573	5	0.1263239468490436	0.405226	1000000	9.25506582513172	3.81003078640584	8.177944841937268	8.42147305620014	0.1334641792289605	0.0269436863730062	baseline_plus_assembly_kmer	leave_species_out	0.6153695462202879	0.2324519535608171	0.3737295045215848	True
calib_anchor	TFREPAIR_invert_boost_animal_4096_seed42	lizard	0.2416400416987031	animal	vertebrate	nan	nan	nan	animal_invert_boost_to_stress_eval	0.038956	0.053715	0.12417	41691771	96375917	nan	320.0	2.505149978319906	1	1799143587	6457	263920458	150641573	5	0.1263239468490436	0.405226	1000000	9.25506582513172	3.81003078640584	8.177944841937268	8.42147305620014	0.1334641792289605	0.0269436863730062	baseline_plus_assembly_kmer	leave_species_out	0.6153695462202879	0.2324519535608171	0.3737295045215848	True
anchor_anchor	TFREPAIR_invert_boost_animal_4096_seed42	lizard	0.2416400416987031	animal	vertebrate	nan	nan	nan	animal_invert_boost_to_insect_stress	0.038956	0.053715	0.12417	41691771	96375917	nan	320.0	2.505149978319906	1	1799143587	6457	263920458	150641573	5	0.1263239468490436	0.405226	1000000	9.25506582513172	3.81003078640584	8.177944841937268	8.42147305620014	0.1334641792289605	0.0269436863730062	baseline_plus_assembly_kmer	leave_species_out	0.6153695462202879	0.2324519535608171	0.3737295045215848	True
calib_anchor	cross_supervised_4096	lizard	0.2400380045378313	cross	vertebrate	nan	nan	nan	cross_supervised_to_cross_eval	0.038956	0.053715	0.12417	41691771	96375917	nan	320.0	2.505149978319906	0	1799143587	6457	263920458	150641573	5	0.1263239468490436	0.405226	1000000	9.25506582513172	3.81003078640584	8.177944841937268	8.42147305620014	0.1250077775938211	0.0186955209400064	baseline_plus_assembly_kmer	leave_species_out	0.614611685565657	0.23714349880285873	0.37457368102782573	True
anchor_anchor	cross_supervised_4096	lizard	0.2400380045378313	cross	vertebrate	nan	nan	nan	cross_supervised_to_insect_stress	0.038956	0.053715	0.12417	41691771	96375917	nan	320.0	2.505149978319906	0	1799143587	6457	263920458	150641573	5	0.1263239468490436	0.405226	1000000	9.25506582513172	3.81003078640584	8.177944841937268	8.42147305620014	0.1250077775938211	0.0186955209400064	baseline_plus_assembly_kmer	leave_species_out	0.614611685565657	0.23714349880285873	0.37457368102782573	True
calib_anchor	cross_supervised_4096	lizard	0.2400378125654802	cross	vertebrate	nan	nan	nan	cross_supervised_to_stress_eval	0.038956	0.053715	0.12417	41691771	96375917	nan	320.0	2.505149978319906	0	1799143587	6457	263920458	150641573	5	0.1263239468490436	0.405226	1000000	9.25506582513172	3.81003078640584	8.177944841937268	8.42147305620014	0.1250077775938211	0.0186955209400064	baseline_plus_assembly_kmer	leave_species_out	0.614611685565657	0.23714349880285873	0.37457387300017686	True
calib_anchor	plant_supervised_4096	lizard	0.1506094759615682	plant	vertebrate	nan	nan	nan	plant_supervised_to_cross_eval	0.038956	0.053715	0.12417	41691771	96375917	nan	320.0	2.505149978319906	0	1799143587	6457	263920458	150641573	5	0.1263239468490436	0.405226	1000000	9.25506582513172	3.81003078640584	8.177944841937268	8.42147305620014	0.1437007905780181	0.0244025014930751	baseline_plus_assembly_kmer	leave_species_out	0.5154112236052997	0.25668619176387025	0.36480174764373147	True
calib_anchor	plant_supervised_4096	lizard	0.1506082021187199	plant	vertebrate	nan	nan	nan	plant_supervised_to_stress_eval	0.038956	0.053715	0.12417	41691771	96375917	nan	320.0	2.505149978319906	0	1799143587	6457	263920458	150641573	5	0.1263239468490436	0.405226	1000000	9.25506582513172	3.81003078640584	8.177944841937268	8.42147305620014	0.1437007905780181	0.0244025014930751	baseline_plus_assembly_kmer	leave_species_out	0.5154112236052997	0.25668619176387025	0.3648030214865798	True
anchor_anchor	insect_no_beetle_4096	lizard	0.1418302477559669	insect	vertebrate	nan	nan	nan	insect_no_beetle_to_insect_stress	0.038956	0.053715	0.12417	41691771	96375917	nan	320.0	2.505149978319906	0	1799143587	6457	263920458	150641573	5	0.1263239468490436	0.405226	1000000	9.25506582513172	3.81003078640584	8.177944841937268	8.42147305620014	0.2227930854265778	0.0763356261809606	baseline_plus_assembly_kmer	leave_species_out	0.43561260705108756	0.23243946271637753	0.29378235929512064	True
calib_anchor	insect_no_beetle_4096	lizard	0.1418301390195415	insect	vertebrate	nan	nan	nan	insect_no_beetle_to_cross_eval	0.038956	0.053715	0.12417	41691771	96375917	nan	320.0	2.505149978319906	0	1799143587	6457	263920458	150641573	5	0.1263239468490436	0.405226	1000000	9.25506582513172	3.81003078640584	8.177944841937268	8.42147305620014	0.2227930854265778	0.0763356261809606	baseline_plus_assembly_kmer	leave_species_out	0.43561260705108756	0.23243946271637753	0.29378246803154606	True
calib_anchor	insect_no_beetle_4096	lizard	0.1418301390195415	insect	vertebrate	nan	nan	nan	insect_no_beetle_to_stress_eval	0.038956	0.053715	0.12417	41691771	96375917	nan	320.0	2.505149978319906	0	1799143587	6457	263920458	150641573	5	0.1263239468490436	0.405226	1000000	9.25506582513172	3.81003078640584	8.177944841937268	8.42147305620014	0.2227930854265778	0.0763356261809606	baseline_plus_assembly_kmer	leave_species_out	0.43561260705108756	0.23243946271637753	0.29378246803154606	True
anchor_anchor	insect_primary_4096	lizard	0.1034366102674265	insect	vertebrate	nan	nan	nan	insect_primary_to_insect_stress	0.038956	0.053715	0.12417	41691771	96375917	nan	320.0	2.505149978319906	0	1799143587	6457	263920458	150641573	5	0.1263239468490436	0.405226	1000000	9.25506582513172	3.81003078640584	8.177944841937268	8.42147305620014	0.2227930854265778	0.0763356261809606	baseline_plus_assembly_kmer	leave_species_out	0.43561260705108756	0.23243946271637753	0.33217599678366105	True
calib_anchor	cross_supervised_4096	maize	0.9629892479990332	cross	plant	nan	nan	nan	cross_supervised_to_plant_fine	0.095466	0.095627	0.982637	173317530	1780954681	0.46090576171875	1500.0	3.1760912590556813	0	2182075994	685	308452471	226353449	5	0.0	0.477492	1000000	9.338869871458623	2.835690571492425	8.354787116327433	8.489188253709083	0.1047342415691722	0.0352286667600957	baseline_plus_assembly_kmer	leave_species_out	0.7305519429609719	0.19266675558322194	0.23243730503806126	True
calib_anchor	plant_supervised_4096	maize	0.9619894139220538	plant	plant	nan	nan	nan	plant_supervised_to_plant_fine	0.095466	0.095627	0.982637	173317530	1780954681	0.46090576171875	1500.0	3.1760912590556813	1	2182075994	685	308452471	226353449	5	0.0	0.477492	1000000	9.338869871458623	2.835690571492425	8.354787116327433	8.489188253709083	0.0750299551353519	0.0155648060873412	baseline_plus_assembly_kmer	leave_species_out	0.8184852465376724	0.13781873456342508	0.14350416738438143	True
calib_anchor	TFREPAIR_invert_boost_animal_4096_seed42	maize	0.9051649037911726	animal	plant	nan	nan	nan	animal_invert_boost_to_plant_fine	0.095466	0.095627	0.982637	173317530	1780954681	0.46090576171875	1500.0	3.1760912590556813	0	2182075994	685	308452471	226353449	5	0.0	0.477492	1000000	9.338869871458623	2.835690571492425	8.354787116327433	8.489188253709083	0.1273374287069573	0.0533723910378969	baseline_plus_assembly_kmer	leave_species_out	0.6324296273681184	0.2120994007954197	0.2727352764230543	True
calib_anchor	insect_no_beetle_4096	maize	0.8258861241547802	insect	plant	nan	nan	nan	insect_no_beetle_to_plant_fine	0.095466	0.095627	0.982637	173317530	1780954681	0.46090576171875	1500.0	3.1760912590556813	0	2182075994	685	308452471	226353449	5	0.0	0.477492	1000000	9.338869871458623	2.835690571492425	8.354787116327433	8.489188253709083	0.1559084305251094	0.0702371900678909	baseline_plus_assembly_kmer	leave_species_out	0.5945108624351858	0.23017283848795997	0.23137526171959444	True
final_errorbar	ntv3_100m_pre_w2048	maize	0.6762307311381123	human_h0_ntv3_100m	plant	plant_fine	3.0	0.0224912037604054	nan	0.095466	0.095627	0.982637	173317530	1780954681	0.46090576171875	1500.0	3.1760912590556813	0	2182075994	685	308452471	226353449	5	0.0	0.477492	1000000	9.338869871458623	2.835690571492425	8.354787116327433	8.489188253709083	0.2040939811147172	0.106620240001949	baseline_plus_assembly_kmer	leave_species_out	0.5839327089886175	0.25552339936426666	0.09229802214949479	True
final_errorbar	ntv2_250m_w4096	maize	0.2409539973278451	human_h0_ntv2_250m	plant	plant_fine	3.0	0.0067936566735462	nan	0.095466	0.095627	0.982637	173317530	1780954681	0.46090576171875	1500.0	3.1760912590556813	0	2182075994	685	308452471	226353449	5	0.0	0.477492	1000000	9.338869871458623	2.835690571492425	8.354787116327433	8.489188253709083	0.2040939811147172	0.106620240001949	baseline_plus_assembly_kmer	leave_species_out	0.5793621499931205	0.26789968805252895	0.33840815266527546	True
supp_h0_transfer	ntv2_500m_H0_w4096	maize	0.2346799513542635	human_h0_ntv2_500m	plant	nan	nan	nan	transfer_BC_w4096	0.095466	0.095627	0.982637	173317530	1780954681	0.46090576171875	1500.0	3.1760912590556813	0	2182075994	685	308452471	226353449	5	0.0	0.477492	1000000	9.338869871458623	2.835690571492425	8.354787116327433	8.489188253709083	0.2040939811147172	0.106620240001949	baseline_plus_assembly_kmer	leave_species_out	0.5837197933538795	0.26631736740583656	0.34903984199961596	True
supp_h0_transfer	ntv2_500m_H0_w4096	mouse	0.937559801228433	human_h0_ntv2_500m	vertebrate	nan	nan	nan	transfer_BC_w4096	0.892472	0.903571	0.986424	1012599366	1105449631	0.4245689865689865	90.0	1.9542425094393248	0	2728222451	61	195154279	130530862	9	0.7530864197530864	0.386286	1000000	9.435879778485567	1.7853298350107671	8.115713206016725	8.290378078167688	0.3013870747975756	0.1905529139271684	baseline_plus_assembly_kmer	leave_species_out	0.29254450459965087	0.18904525297793615	0.6450152966287821	True
final_errorbar	ntv2_250m_w4096	mouse	0.9180812946491188	human_h0_ntv2_250m	vertebrate	animal_fine	3.0	0.0328346949301695	nan	0.892472	0.903571	0.986424	1012599366	1105449631	0.4245689865689865	90.0	1.9542425094393248	0	2728222451	61	195154279	130530862	9	0.7530864197530864	0.386286	1000000	9.435879778485567	1.7853298350107671	8.115713206016725	8.290378078167688	0.3013870747975756	0.1905529139271684	baseline_plus_assembly_kmer	leave_species_out	0.2913877430107604	0.18880134280318966	0.6266935516383584	True
final_errorbar	ntv3_100m_pre_w2048	mouse	0.7771925460040144	human_h0_ntv3_100m	vertebrate	animal_fine	3.0	0.0909697815563608	nan	0.892472	0.903571	0.986424	1012599366	1105449631	0.4245689865689865	90.0	1.9542425094393248	0	2728222451	61	195154279	130530862	9	0.7530864197530864	0.386286	1000000	9.435879778485567	1.7853298350107671	8.115713206016725	8.290378078167688	0.3013870747975756	0.1905529139271684	baseline_plus_assembly_kmer	leave_species_out	0.29562503242810634	0.18537247256197348	0.4815675135759081	True
calib_anchor	TFREPAIR_invert_boost_animal_4096_seed42	opossum	0.8811419601553324	animal	vertebrate	nan	nan	nan	animal_invert_boost_to_cross_eval	0.387702	0.396173	0.947731	784870682	1877580601	nan	160.0	2.204119982655925	1	3605631728	11	748055161	527952102	3	0.0177926855021289	0.435701	1000000	9.556981366683372	1.041392685158225	8.72259452332798	8.873933623579223	0.1607102295887423	0.0512806903667795	baseline_plus_assembly_kmer	leave_species_out	0.7299374922754939	0.2686119736515143	0.15120446787983854	True
calib_anchor	cross_supervised_4096	opossum	0.8799647530707007	cross	vertebrate	nan	nan	nan	cross_supervised_to_cross_eval	0.387702	0.396173	0.947731	784870682	1877580601	nan	160.0	2.204119982655925	0	3605631728	11	748055161	527952102	3	0.0177926855021289	0.435701	1000000	9.556981366683372	1.041392685158225	8.72259452332798	8.873933623579223	0.1586751820351534	0.0461873669021071	baseline_plus_assembly_kmer	leave_species_out	0.7223414292850695	0.2733009698178378	0.15762332378563115	True
calib_anchor	insect_no_beetle_4096	opossum	0.3505344111723824	insect	vertebrate	nan	nan	nan	insect_no_beetle_to_cross_eval	0.387702	0.396173	0.947731	784870682	1877580601	nan	160.0	2.204119982655925	0	3605631728	11	748055161	527952102	3	0.0177926855021289	0.435701	1000000	9.556981366683372	1.041392685158225	8.72259452332798	8.873933623579223	0.2442594329957188	0.1031924297457334	baseline_plus_assembly_kmer	leave_species_out	0.6516795161875426	0.3091679885154271	0.30114510501516023	True
calib_anchor	plant_supervised_4096	opossum	0.3131202191971405	plant	vertebrate	nan	nan	nan	plant_supervised_to_cross_eval	0.387702	0.396173	0.947731	784870682	1877580601	nan	160.0	2.204119982655925	0	3605631728	11	748055161	527952102	3	0.0177926855021289	0.435701	1000000	9.556981366683372	1.041392685158225	8.72259452332798	8.873933623579223	0.1664911752100362	0.0432563267938208	baseline_plus_assembly_kmer	leave_species_out	0.6744369709583723	0.2978434797209546	0.3613167517612318	True
calib_anchor	TFREPAIR_invert_boost_animal_4096_seed42	pig	0.8761131743803473	animal	vertebrate	nan	nan	nan	animal_invert_boost_to_cross_eval	0.582164	0.594998	0.964273	664295117	1076577590	nan	96.0	1.9822712330395684	1	274330532	1	274330532	274330532	1	0.0	0.530948	1000000	8.438274145705899	0.0	8.438274145705899	8.438274145705899	0.2077955972696367	0.1201355226055826	baseline_plus_assembly_kmer	leave_species_out	0.6744841661086098	0.25487905181057935	0.20162900827173746	True
calib_anchor	cross_supervised_4096	pig	0.8761042913185231	cross	vertebrate	nan	nan	nan	cross_supervised_to_cross_eval	0.582164	0.594998	0.964273	664295117	1076577590	nan	96.0	1.9822712330395684	0	274330532	1	274330532	274330532	1	0.0	0.530948	1000000	8.438274145705899	0.0	8.438274145705899	8.438274145705899	0.2098828548461344	0.1185655744818539	baseline_plus_assembly_kmer	leave_species_out	0.6366704501369771	0.2647445396541148	0.23943384118154598	True
calib_anchor	insect_no_beetle_4096	pig	0.1493562637371058	insect	vertebrate	nan	nan	nan	insect_no_beetle_to_cross_eval	0.582164	0.594998	0.964273	664295117	1076577590	nan	96.0	1.9822712330395684	0	274330532	1	274330532	274330532	1	0.0	0.530948	1000000	8.438274145705899	0.0	8.438274145705899	8.438274145705899	0.2607430443062736	0.1731967686892715	baseline_plus_assembly_kmer	leave_species_out	0.43402868700026365	0.23629252903960032	0.28467242326315784	True
calib_anchor	plant_supervised_4096	pig	0.0856805344147079	plant	vertebrate	nan	nan	nan	plant_supervised_to_cross_eval	0.582164	0.594998	0.964273	664295117	1076577590	nan	96.0	1.9822712330395684	0	274330532	1	274330532	274330532	1	0.0	0.530948	1000000	8.438274145705899	0.0	8.438274145705899	8.438274145705899	0.2025970561124229	0.105606010363931	baseline_plus_assembly_kmer	leave_species_out	0.451800617646446	0.2611459740130615	0.3661200832317381	True
calib_anchor	insect_no_beetle_4096	red_flour_beetle	0.0059299524368398	insect	insect	nan	nan	nan	insect_no_beetle_to_cross_eval	0.027167	0.29354	0.029068	1816066	179836	nan	820.0	2.9138138523837167	1	199682416	2211	32080666	13894384	6	0.0	0.330472	1000000	8.300339822655378	3.344588742578714	7.142839297329219	7.506243375731907	0.182358478678621	0.080736532281517	baseline_plus_assembly_kmer	leave_species_out	0.5712673694063377	0.28832226313658	0.5653374169694979	True
calib_anchor	insect_no_beetle_4096	red_flour_beetle	0.0059299524368398	insect	insect	nan	nan	nan	insect_no_beetle_to_stress_eval	0.027167	0.29354	0.029068	1816066	179836	nan	820.0	2.9138138523837167	1	199682416	2211	32080666	13894384	6	0.0	0.330472	1000000	8.300339822655378	3.344588742578714	7.142839297329219	7.506243375731907	0.182358478678621	0.080736532281517	baseline_plus_assembly_kmer	leave_species_out	0.5712673694063377	0.28832226313658	0.5653374169694979	True
anchor_anchor	insect_no_beetle_4096	red_flour_beetle	0.0059299524368398	insect	insect	nan	nan	nan	insect_no_beetle_to_insect_stress	0.027167	0.29354	0.029068	1816066	179836	nan	820.0	2.9138138523837167	1	199682416	2211	32080666	13894384	6	0.0	0.330472	1000000	8.300339822655378	3.344588742578714	7.142839297329219	7.506243375731907	0.182358478678621	0.080736532281517	baseline_plus_assembly_kmer	leave_species_out	0.5712673694063377	0.28832226313658	0.5653374169694979	True
anchor_anchor	insect_primary_4096	red_flour_beetle	0.0053634200258507	insect	insect	nan	nan	nan	insect_primary_to_insect_stress	0.027167	0.29354	0.029068	1816066	179836	nan	820.0	2.9138138523837167	1	199682416	2211	32080666	13894384	6	0.0	0.330472	1000000	8.300339822655378	3.344588742578714	7.142839297329219	7.506243375731907	0.182358478678621	0.080736532281517	baseline_plus_assembly_kmer	leave_species_out	0.5712673694063377	0.28832226313658	0.565903949380487	True
calib_anchor	TFREPAIR_invert_boost_animal_4096_seed42	red_flour_beetle	0.0044488885799382	animal	insect	nan	nan	nan	animal_invert_boost_to_cross_eval	0.027167	0.29354	0.029068	1816066	179836	nan	820.0	2.9138138523837167	1	199682416	2211	32080666	13894384	6	0.0	0.330472	1000000	8.300339822655378	3.344588742578714	7.142839297329219	7.506243375731907	0.1716680913935699	0.0724491888367001	baseline_plus_assembly_kmer	leave_species_out	0.6268355660746519	0.28216484457848084	0.6223866774947137	True
calib_anchor	TFREPAIR_invert_boost_animal_4096_seed42	red_flour_beetle	0.0044488885799382	animal	insect	nan	nan	nan	animal_invert_boost_to_stress_eval	0.027167	0.29354	0.029068	1816066	179836	nan	820.0	2.9138138523837167	1	199682416	2211	32080666	13894384	6	0.0	0.330472	1000000	8.300339822655378	3.344588742578714	7.142839297329219	7.506243375731907	0.1716680913935699	0.0724491888367001	baseline_plus_assembly_kmer	leave_species_out	0.6268355660746519	0.28216484457848084	0.6223866774947137	True
anchor_anchor	TFREPAIR_invert_boost_animal_4096_seed42	red_flour_beetle	0.0044488885799382	animal	insect	nan	nan	nan	animal_invert_boost_to_insect_stress	0.027167	0.29354	0.029068	1816066	179836	nan	820.0	2.9138138523837167	1	199682416	2211	32080666	13894384	6	0.0	0.330472	1000000	8.300339822655378	3.344588742578714	7.142839297329219	7.506243375731907	0.1716680913935699	0.0724491888367001	baseline_plus_assembly_kmer	leave_species_out	0.6268355660746519	0.28216484457848084	0.6223866774947137	True
calib_anchor	cross_supervised_4096	red_flour_beetle	0.0030871384254842	cross	insect	nan	nan	nan	cross_supervised_to_cross_eval	0.027167	0.29354	0.029068	1816066	179836	nan	820.0	2.9138138523837167	0	199682416	2211	32080666	13894384	6	0.0	0.330472	1000000	8.300339822655378	3.344588742578714	7.142839297329219	7.506243375731907	0.1770641784426884	0.0859070146414682	baseline_plus_assembly_kmer	leave_species_out	0.610324610727079	0.296799235303408	0.6072374723015947	True
calib_anchor	cross_supervised_4096	red_flour_beetle	0.0030871384254842	cross	insect	nan	nan	nan	cross_supervised_to_stress_eval	0.027167	0.29354	0.029068	1816066	179836	nan	820.0	2.9138138523837167	0	199682416	2211	32080666	13894384	6	0.0	0.330472	1000000	8.300339822655378	3.344588742578714	7.142839297329219	7.506243375731907	0.1770641784426884	0.0859070146414682	baseline_plus_assembly_kmer	leave_species_out	0.610324610727079	0.296799235303408	0.6072374723015947	True
anchor_anchor	cross_supervised_4096	red_flour_beetle	0.0030871384254842	cross	insect	nan	nan	nan	cross_supervised_to_insect_stress	0.027167	0.29354	0.029068	1816066	179836	nan	820.0	2.9138138523837167	0	199682416	2211	32080666	13894384	6	0.0	0.330472	1000000	8.300339822655378	3.344588742578714	7.142839297329219	7.506243375731907	0.1770641784426884	0.0859070146414682	baseline_plus_assembly_kmer	leave_species_out	0.610324610727079	0.296799235303408	0.6072374723015947	True
calib_anchor	plant_supervised_4096	red_flour_beetle	0.0023709296255628	plant	insect	nan	nan	nan	plant_supervised_to_cross_eval	0.027167	0.29354	0.029068	1816066	179836	nan	820.0	2.9138138523837167	0	199682416	2211	32080666	13894384	6	0.0	0.330472	1000000	8.300339822655378	3.344588742578714	7.142839297329219	7.506243375731907	0.2062665763937115	0.1299963863429378	baseline_plus_assembly_kmer	leave_species_out	0.4266543091337003	0.30345357710233734	0.4242833795081375	True
calib_anchor	plant_supervised_4096	red_flour_beetle	0.0023709296255628	plant	insect	nan	nan	nan	plant_supervised_to_stress_eval	0.027167	0.29354	0.029068	1816066	179836	nan	820.0	2.9138138523837167	0	199682416	2211	32080666	13894384	6	0.0	0.330472	1000000	8.300339822655378	3.344588742578714	7.142839297329219	7.506243375731907	0.2062665763937115	0.1299963863429378	baseline_plus_assembly_kmer	leave_species_out	0.4266543091337003	0.30345357710233734	0.4242833795081375	True
calib_anchor	direct_red_flour_beetle_4096	red_flour_beetle	0.0	other_anchor	insect	nan	nan	nan	direct_beetle_to_cross_eval	0.027167	0.29354	0.029068	1816066	179836	nan	820.0	2.9138138523837167	0	199682416	2211	32080666	13894384	6	0.0	0.330472	1000000	8.300339822655378	3.344588742578714	7.142839297329219	7.506243375731907	0.387481875883399	0.3795499300235393	baseline_plus_assembly_kmer	leave_species_out	0.3735035772927342	0.25855285093147906	0.3735035772927342	True
calib_anchor	direct_red_flour_beetle_4096	red_flour_beetle	0.0	other_anchor	insect	nan	nan	nan	direct_beetle_to_stress_eval	0.027167	0.29354	0.029068	1816066	179836	nan	820.0	2.9138138523837167	0	199682416	2211	32080666	13894384	6	0.0	0.330472	1000000	8.300339822655378	3.344588742578714	7.142839297329219	7.506243375731907	0.387481875883399	0.3795499300235393	baseline_plus_assembly_kmer	leave_species_out	0.3735035772927342	0.25855285093147906	0.3735035772927342	True
calib_anchor	direct_western_honey_bee_4096	red_flour_beetle	0.0	other_anchor	insect	nan	nan	nan	direct_honeybee_to_cross_eval	0.027167	0.29354	0.029068	1816066	179836	nan	820.0	2.9138138523837167	0	199682416	2211	32080666	13894384	6	0.0	0.330472	1000000	8.300339822655378	3.344588742578714	7.142839297329219	7.506243375731907	0.387481875883399	0.3795499300235393	baseline_plus_assembly_kmer	leave_species_out	0.3735035772927342	0.25855285093147906	0.3735035772927342	True
calib_anchor	direct_western_honey_bee_4096	red_flour_beetle	0.0	other_anchor	insect	nan	nan	nan	direct_honeybee_to_stress_eval	0.027167	0.29354	0.029068	1816066	179836	nan	820.0	2.9138138523837167	0	199682416	2211	32080666	13894384	6	0.0	0.330472	1000000	8.300339822655378	3.344588742578714	7.142839297329219	7.506243375731907	0.387481875883399	0.3795499300235393	baseline_plus_assembly_kmer	leave_species_out	0.3735035772927342	0.25855285093147906	0.3735035772927342	True
calib_anchor	direct_red_flour_beetle_4096	red_flour_beetle	0.0	other_anchor	insect	nan	nan	nan	direct_beetle_own_holdout	0.027167	0.29354	0.029068	1816066	179836	nan	820.0	2.9138138523837167	0	199682416	2211	32080666	13894384	6	0.0	0.330472	1000000	8.300339822655378	3.344588742578714	7.142839297329219	7.506243375731907	0.387481875883399	0.3795499300235393	baseline_plus_assembly_kmer	leave_species_out	0.3735035772927342	0.25855285093147906	0.3735035772927342	True
calib_anchor	cross_supervised_4096	rice	0.8757886614942711	cross	plant	nan	nan	nan	cross_supervised_to_plant_fine	0.042709	0.042814	0.945597	6804792	150290274	0.4367724609375	1500.0	3.1760912590556813	0	375049285	63	43270923	29958434	6	0.0009990009990009	0.440543	1000000	8.574088341853379	1.7993405494535817	7.476519107994928	7.636196159112094	0.0509643028428826	0.0089788460254062	baseline_plus_assembly_kmer	leave_species_out	0.8202369643240621	0.10368613695598926	0.055551697170209025	True
calib_anchor	plant_supervised_4096	rice	0.8707687905287769	plant	plant	nan	nan	nan	plant_supervised_to_plant_fine	0.042709	0.042814	0.945597	6804792	150290274	0.4367724609375	1500.0	3.1760912590556813	1	375049285	63	43270923	29958434	6	0.0009990009990009	0.440543	1000000	8.574088341853379	1.7993405494535817	7.476519107994928	7.636196159112094	0.0266445732235012	0.0019077973482301	baseline_plus_assembly_kmer	leave_species_out	0.800629019817516	0.13815613428068343	0.07013977071126087	True
calib_anchor	TFREPAIR_invert_boost_animal_4096_seed42	rice	0.7436754544113025	animal	plant	nan	nan	nan	animal_invert_boost_to_plant_fine	0.042709	0.042814	0.945597	6804792	150290274	0.4367724609375	1500.0	3.1760912590556813	0	375049285	63	43270923	29958434	6	0.0009990009990009	0.440543	1000000	8.574088341853379	1.7993405494535817	7.476519107994928	7.636196159112094	0.0884855408342787	0.024015940484199	baseline_plus_assembly_kmer	leave_species_out	0.7821641309465562	0.13254153847576844	0.038488676535253785	True
calib_anchor	insect_no_beetle_4096	rice	0.6461381376419327	insect	plant	nan	nan	nan	insect_no_beetle_to_plant_fine	0.042709	0.042814	0.945597	6804792	150290274	0.4367724609375	1500.0	3.1760912590556813	0	375049285	63	43270923	29958434	6	0.0009990009990009	0.440543	1000000	8.574088341853379	1.7993405494535817	7.476519107994928	7.636196159112094	0.1297892289697576	0.0416255932528221	baseline_plus_assembly_kmer	leave_species_out	0.6397906398573491	0.1980316965768576	0.0063474977845836555	True
final_errorbar	ntv3_100m_pre_w2048	rice	0.4280118170164783	human_h0_ntv3_100m	plant	plant_fine	3.0	0.0089135891045139	nan	0.042709	0.042814	0.945597	6804792	150290274	0.4367724609375	1500.0	3.1760912590556813	0	375049285	63	43270923	29958434	6	0.0009990009990009	0.440543	1000000	8.574088341853379	1.7993405494535817	7.476519107994928	7.636196159112094	0.2387362365796297	0.1495374763496936	baseline_plus_assembly_kmer	leave_species_out	0.3439502884259738	0.15157765092560657	0.08406152859050448	True
final_errorbar	ntv2_250m_w4096	rice	0.1180575922330197	human_h0_ntv2_250m	plant	plant_fine	3.0	0.0082940112619889	nan	0.042709	0.042814	0.945597	6804792	150290274	0.4367724609375	1500.0	3.1760912590556813	0	375049285	63	43270923	29958434	6	0.0009990009990009	0.440543	1000000	8.574088341853379	1.7993405494535817	7.476519107994928	7.636196159112094	0.2387362365796297	0.1495374763496936	baseline_plus_assembly_kmer	leave_species_out	0.32033667241466757	0.15250778529576878	0.20227908018164786	True
supp_h0_transfer	ntv2_500m_H0_w4096	rice	0.115519977917328	human_h0_ntv2_500m	plant	nan	nan	nan	transfer_BC_w4096	0.042709	0.042814	0.945597	6804792	150290274	0.4367724609375	1500.0	3.1760912590556813	0	375049285	63	43270923	29958434	6	0.0009990009990009	0.440543	1000000	8.574088341853379	1.7993405494535817	7.476519107994928	7.636196159112094	0.2387362365796297	0.1495374763496936	baseline_plus_assembly_kmer	leave_species_out	0.32754528714607967	0.15605182543408075	0.21202530922875168	True
calib_anchor	cross_supervised_4096	sorghum	0.9154621597006132	cross	plant	nan	nan	nan	cross_supervised_to_plant_fine	0.057919	0.05798	0.982235	24648380	417568699	0.43649658203125	1500.0	3.1760912590556813	0	709344700	869	80884392	68658214	5	0.0	0.442729	1000000	8.85085732817176	2.9390197764486663	7.836692501973025	7.907864725292852	0.0537853232039029	0.0104612611262495	baseline_plus_assembly_kmer	leave_species_out	0.8731335803910102	0.08411006307102878	0.04232857930960299	True
calib_anchor	plant_supervised_4096	sorghum	0.9087078620701828	plant	plant	nan	nan	nan	plant_supervised_to_plant_fine	0.057919	0.05798	0.982235	24648380	417568699	0.43649658203125	1500.0	3.1760912590556813	1	709344700	869	80884392	68658214	5	0.0	0.442729	1000000	8.85085732817176	2.9390197764486663	7.836692501973025	7.907864725292852	0.0273914249208693	0.0019576048399221	baseline_plus_assembly_kmer	leave_species_out	0.8586351847468865	0.1265052669478681	0.050072677323296344	True
calib_anchor	TFREPAIR_invert_boost_animal_4096_seed42	sorghum	0.8370785739861111	animal	plant	nan	nan	nan	animal_invert_boost_to_plant_fine	0.057919	0.05798	0.982235	24648380	417568699	0.43649658203125	1500.0	3.1760912590556813	0	709344700	869	80884392	68658214	5	0.0	0.442729	1000000	8.85085732817176	2.9390197764486663	7.836692501973025	7.907864725292852	0.0942512747889714	0.0278449023844741	baseline_plus_assembly_kmer	leave_species_out	0.8202269222730715	0.1404973192279593	0.016851651713039595	True
calib_anchor	insect_no_beetle_4096	sorghum	0.7395318366775196	insect	plant	nan	nan	nan	insect_no_beetle_to_plant_fine	0.057919	0.05798	0.982235	24648380	417568699	0.43649658203125	1500.0	3.1760912590556813	0	709344700	869	80884392	68658214	5	0.0	0.442729	1000000	8.85085732817176	2.9390197764486663	7.836692501973025	7.907864725292852	0.1395994473150001	0.0492361155990339	baseline_plus_assembly_kmer	leave_species_out	0.6640601808436489	0.2061869929037731	0.07547165583387072	True
final_errorbar	ntv3_100m_pre_w2048	sorghum	0.4747462171975484	human_h0_ntv3_100m	plant	plant_fine	3.0	0.0156681636990695	nan	0.057919	0.05798	0.982235	24648380	417568699	0.43649658203125	1500.0	3.1760912590556813	0	709344700	869	80884392	68658214	5	0.0	0.442729	1000000	8.85085732817176	2.9390197764486663	7.836692501973025	7.907864725292852	0.2366280772731148	0.1465793330978378	baseline_plus_assembly_kmer	leave_species_out	0.38216415378895885	0.18206776548409168	0.09258206340858954	True
supp_h0_transfer	ntv2_500m_H0_w4096	sorghum	0.1793904911276665	human_h0_ntv2_500m	plant	nan	nan	nan	transfer_BC_w4096	0.057919	0.05798	0.982235	24648380	417568699	0.43649658203125	1500.0	3.1760912590556813	0	709344700	869	80884392	68658214	5	0.0	0.442729	1000000	8.85085732817176	2.9390197764486663	7.836692501973025	7.907864725292852	0.2366280772731148	0.1465793330978378	baseline_plus_assembly_kmer	leave_species_out	0.37783685210820667	0.19282373639070308	0.19844636098054017	True
final_errorbar	ntv2_250m_w4096	sorghum	0.1551588113564608	human_h0_ntv2_250m	plant	plant_fine	3.0	0.0342168256944894	nan	0.057919	0.05798	0.982235	24648380	417568699	0.43649658203125	1500.0	3.1760912590556813	0	709344700	869	80884392	68658214	5	0.0	0.442729	1000000	8.85085732817176	2.9390197764486663	7.836692501973025	7.907864725292852	0.2366280772731148	0.1465793330978378	baseline_plus_assembly_kmer	leave_species_out	0.3700011707142961	0.1887264173201056	0.2148423593578353	True
calib_anchor	TFREPAIR_invert_boost_animal_4096_seed42	soybean	0.5650860204945004	animal	plant	nan	nan	nan	animal_invert_boost_to_cross_eval	0.121572	0.122064	0.967888	51176368	405794558	nan	1550.0	3.1903316981702914	0	978491270	1190	58018742	48577505	10	0.0140867288186392	0.330132	1000000	8.990556955279926	3.0755469613925306	7.686435205146788	7.763568307914055	0.1721211082809056	0.0467496388777612	baseline_plus_assembly_kmer	leave_species_out	0.39490247299566217	0.292273867500069	0.17018354749883824	True
calib_anchor	TFREPAIR_invert_boost_animal_4096_seed42	soybean	0.5650854892493286	animal	plant	nan	nan	nan	animal_invert_boost_to_plant_eval	0.121572	0.122064	0.967888	51176368	405794558	nan	1550.0	3.1903316981702914	0	978491270	1190	58018742	48577505	10	0.0140867288186392	0.330132	1000000	8.990556955279926	3.0755469613925306	7.686435205146788	7.763568307914055	0.1721211082809056	0.0467496388777612	baseline_plus_assembly_kmer	leave_species_out	0.39490247299566217	0.292273867500069	0.17018301625366639	True
calib_anchor	insect_no_beetle_4096	soybean	0.4867824461937038	insect	plant	nan	nan	nan	insect_no_beetle_to_cross_eval	0.121572	0.122064	0.967888	51176368	405794558	nan	1550.0	3.1903316981702914	0	978491270	1190	58018742	48577505	10	0.0140867288186392	0.330132	1000000	8.990556955279926	3.0755469613925306	7.686435205146788	7.763568307914055	0.2213663352869438	0.0708915192575917	baseline_plus_assembly_kmer	leave_species_out	0.3135137089674954	0.2640748916574183	0.1732687372262084	True
calib_anchor	insect_no_beetle_4096	soybean	0.4867824461937038	insect	plant	nan	nan	nan	insect_no_beetle_to_plant_eval	0.121572	0.122064	0.967888	51176368	405794558	nan	1550.0	3.1903316981702914	0	978491270	1190	58018742	48577505	10	0.0140867288186392	0.330132	1000000	8.990556955279926	3.0755469613925306	7.686435205146788	7.763568307914055	0.2213663352869438	0.0708915192575917	baseline_plus_assembly_kmer	leave_species_out	0.3135137089674954	0.2640748916574183	0.1732687372262084	True
calib_anchor	cross_supervised_4096	soybean	0.4136761357660033	cross	plant	nan	nan	nan	cross_supervised_to_cross_eval	0.121572	0.122064	0.967888	51176368	405794558	nan	1550.0	3.1903316981702914	0	978491270	1190	58018742	48577505	10	0.0140867288186392	0.330132	1000000	8.990556955279926	3.0755469613925306	7.686435205146788	7.763568307914055	0.1689640981121739	0.0484850139947763	baseline_plus_assembly_kmer	leave_species_out	0.41689760116035723	0.2998512342983222	0.0032214653943539173	True
calib_anchor	cross_supervised_4096	soybean	0.4136761357660033	cross	plant	nan	nan	nan	cross_supervised_to_plant_eval	0.121572	0.122064	0.967888	51176368	405794558	nan	1550.0	3.1903316981702914	0	978491270	1190	58018742	48577505	10	0.0140867288186392	0.330132	1000000	8.990556955279926	3.0755469613925306	7.686435205146788	7.763568307914055	0.1689640981121739	0.0484850139947763	baseline_plus_assembly_kmer	leave_species_out	0.41689760116035723	0.2998512342983222	0.0032214653943539173	True
calib_anchor	plant_supervised_4096	soybean	0.4115535505913839	plant	plant	nan	nan	nan	plant_supervised_to_cross_eval	0.121572	0.122064	0.967888	51176368	405794558	nan	1550.0	3.1903316981702914	1	978491270	1190	58018742	48577505	10	0.0140867288186392	0.330132	1000000	8.990556955279926	3.0755469613925306	7.686435205146788	7.763568307914055	0.1946953499497931	0.0763255186024801	baseline_plus_assembly_kmer	leave_species_out	0.36303776901199725	0.29275793749085915	0.04851578157938663	True
calib_anchor	plant_supervised_4096	soybean	0.4115535505913839	plant	plant	nan	nan	nan	plant_supervised_to_plant_eval	0.121572	0.122064	0.967888	51176368	405794558	nan	1550.0	3.1903316981702914	1	978491270	1190	58018742	48577505	10	0.0140867288186392	0.330132	1000000	8.990556955279926	3.0755469613925306	7.686435205146788	7.763568307914055	0.1946953499497931	0.0763255186024801	baseline_plus_assembly_kmer	leave_species_out	0.36303776901199725	0.29275793749085915	0.04851578157938663	True
calib_anchor	plant_supervised_4096	teosinte	0.9308197551982428	plant	plant	nan	nan	nan	plant_supervised_to_cross_eval	0.086856	0.088019	0.868021	259955621	2563626352	nan	1500.0	3.1760912590556813	1	3290921811	8365	294039681	175094470	8	0.0	0.438516	1000000	9.517317564015846	3.922465945298413	8.243272429998866	8.468405942917126	0.2100077500333409	0.103231294898657	baseline_plus_assembly_kmer	leave_species_out	0.31906089051459596	0.21984644391384042	0.6117588646836468	True
calib_anchor	plant_supervised_4096	teosinte	0.9308197551982428	plant	plant	nan	nan	nan	plant_supervised_to_plant_eval	0.086856	0.088019	0.868021	259955621	2563626352	nan	1500.0	3.1760912590556813	1	3290921811	8365	294039681	175094470	8	0.0	0.438516	1000000	9.517317564015846	3.922465945298413	8.243272429998866	8.468405942917126	0.2100077500333409	0.103231294898657	baseline_plus_assembly_kmer	leave_species_out	0.31906089051459596	0.21984644391384042	0.6117588646836468	True
calib_anchor	cross_supervised_4096	teosinte	0.9299634062638152	cross	plant	nan	nan	nan	cross_supervised_to_cross_eval	0.086856	0.088019	0.868021	259955621	2563626352	nan	1500.0	3.1760912590556813	0	3290921811	8365	294039681	175094470	8	0.0	0.438516	1000000	9.517317564015846	3.922465945298413	8.243272429998866	8.468405942917126	0.2120411295082017	0.1047709646574465	baseline_plus_assembly_kmer	leave_species_out	0.3837840366794897	0.2616383418049615	0.5461793695843256	True
calib_anchor	cross_supervised_4096	teosinte	0.9299634062638152	cross	plant	nan	nan	nan	cross_supervised_to_plant_eval	0.086856	0.088019	0.868021	259955621	2563626352	nan	1500.0	3.1760912590556813	0	3290921811	8365	294039681	175094470	8	0.0	0.438516	1000000	9.517317564015846	3.922465945298413	8.243272429998866	8.468405942917126	0.2120411295082017	0.1047709646574465	baseline_plus_assembly_kmer	leave_species_out	0.3837840366794897	0.2616383418049615	0.5461793695843256	True
calib_anchor	TFREPAIR_invert_boost_animal_4096_seed42	teosinte	0.8886845637016639	animal	plant	nan	nan	nan	animal_invert_boost_to_cross_eval	0.086856	0.088019	0.868021	259955621	2563626352	nan	1500.0	3.1760912590556813	0	3290921811	8365	294039681	175094470	8	0.0	0.438516	1000000	9.517317564015846	3.922465945298413	8.243272429998866	8.468405942917126	0.2168178063542519	0.1112460410900726	baseline_plus_assembly_kmer	leave_species_out	0.3839789792119114	0.27305594583191317	0.5047055844897526	True
calib_anchor	TFREPAIR_invert_boost_animal_4096_seed42	teosinte	0.8886845637016639	animal	plant	nan	nan	nan	animal_invert_boost_to_plant_eval	0.086856	0.088019	0.868021	259955621	2563626352	nan	1500.0	3.1760912590556813	0	3290921811	8365	294039681	175094470	8	0.0	0.438516	1000000	9.517317564015846	3.922465945298413	8.243272429998866	8.468405942917126	0.2168178063542519	0.1112460410900726	baseline_plus_assembly_kmer	leave_species_out	0.3839789792119114	0.27305594583191317	0.5047055844897526	True
calib_anchor	insect_no_beetle_4096	teosinte	0.7928110204987012	insect	plant	nan	nan	nan	insect_no_beetle_to_cross_eval	0.086856	0.088019	0.868021	259955621	2563626352	nan	1500.0	3.1760912590556813	0	3290921811	8365	294039681	175094470	8	0.0	0.438516	1000000	9.517317564015846	3.922465945298413	8.243272429998866	8.468405942917126	0.24756711504357	0.1387104209292143	baseline_plus_assembly_kmer	leave_species_out	0.27913106522684783	0.19027201753949916	0.5136799552718534	True
calib_anchor	insect_no_beetle_4096	teosinte	0.7928110204987012	insect	plant	nan	nan	nan	insect_no_beetle_to_plant_eval	0.086856	0.088019	0.868021	259955621	2563626352	nan	1500.0	3.1760912590556813	0	3290921811	8365	294039681	175094470	8	0.0	0.438516	1000000	9.517317564015846	3.922465945298413	8.243272429998866	8.468405942917126	0.24756711504357	0.1387104209292143	baseline_plus_assembly_kmer	leave_species_out	0.27913106522684783	0.19027201753949916	0.5136799552718534	True
calib_anchor	cross_supervised_4096	thale_cress	0.7121875392581978	cross	plant	nan	nan	nan	cross_supervised_to_plant_fine	0.043011	0.043145	0.932855	1297325	28049979	0.37922119140625	1550.0	3.1903316981702914	0	119667750	7	30427671	23459830	3	0.0	0.372445	1000000	8.077977125476142	0.8450980400142568	7.370324860706645	7.48326871178776	0.1110569059282151	0.0213077580291249	baseline_plus_assembly_kmer	leave_species_out	0.7067006966880319	0.19048063824692274	0.005486842570165851	True
calib_anchor	plant_supervised_4096	thale_cress	0.6974776069597389	plant	plant	nan	nan	nan	plant_supervised_to_plant_fine	0.043011	0.043145	0.932855	1297325	28049979	0.37922119140625	1550.0	3.1903316981702914	1	119667750	7	30427671	23459830	3	0.0	0.372445	1000000	8.077977125476142	0.8450980400142568	7.370324860706645	7.48326871178776	0.1249666485378415	0.0307960258984802	baseline_plus_assembly_kmer	leave_species_out	0.6480444146143092	0.23192912478228772	0.049433192345429755	True
calib_anchor	TFREPAIR_invert_boost_animal_4096_seed42	thale_cress	0.2079073653834738	animal	plant	nan	nan	nan	animal_invert_boost_to_plant_fine	0.043011	0.043145	0.932855	1297325	28049979	0.37922119140625	1550.0	3.1903316981702914	0	119667750	7	30427671	23459830	3	0.0	0.372445	1000000	8.077977125476142	0.8450980400142568	7.370324860706645	7.48326871178776	0.1234742428456467	0.0279292546598651	baseline_plus_assembly_kmer	leave_species_out	0.6995315638639105	0.18623839813745965	0.4916241984804367	True
calib_anchor	insect_no_beetle_4096	thale_cress	0.1382559591838703	insect	plant	nan	nan	nan	insect_no_beetle_to_plant_fine	0.043011	0.043145	0.932855	1297325	28049979	0.37922119140625	1550.0	3.1903316981702914	0	119667750	7	30427671	23459830	3	0.0	0.372445	1000000	8.077977125476142	0.8450980400142568	7.370324860706645	7.48326871178776	0.1564172368424756	0.0430840989911306	baseline_plus_assembly_kmer	leave_species_out	0.6740417609953786	0.1697635461173732	0.5357858018115083	True
final_errorbar	ntv3_100m_pre_w2048	thale_cress	0.1299511497000876	human_h0_ntv3_100m	plant	plant_fine	3.0	0.0173026332429277	nan	0.043011	0.043145	0.932855	1297325	28049979	0.37922119140625	1550.0	3.1903316981702914	0	119667750	7	30427671	23459830	3	0.0	0.372445	1000000	8.077977125476142	0.8450980400142568	7.370324860706645	7.48326871178776	0.3352596901322179	0.268016439460078	baseline_plus_assembly_kmer	leave_species_out	0.3495647858113598	0.1524214027993137	0.21961363611127221	True
final_errorbar	ntv2_250m_w4096	thale_cress	0.059250325526733	human_h0_ntv2_250m	plant	plant_fine	3.0	0.0279221757123653	nan	0.043011	0.043145	0.932855	1297325	28049979	0.37922119140625	1550.0	3.1903316981702914	0	119667750	7	30427671	23459830	3	0.0	0.372445	1000000	8.077977125476142	0.8450980400142568	7.370324860706645	7.48326871178776	0.3352596901322179	0.268016439460078	baseline_plus_assembly_kmer	leave_species_out	0.3109778567423238	0.1709247202978919	0.2517275312155908	True
supp_h0_transfer	ntv2_500m_H0_w4096	thale_cress	0.0350888069185704	human_h0_ntv2_500m	plant	nan	nan	nan	transfer_BC_w4096	0.043011	0.043145	0.932855	1297325	28049979	0.37922119140625	1550.0	3.1903316981702914	0	119667750	7	30427671	23459830	3	0.0	0.372445	1000000	8.077977125476142	0.8450980400142568	7.370324860706645	7.48326871178776	0.3352596901322179	0.268016439460078	baseline_plus_assembly_kmer	leave_species_out	0.32707852721860886	0.1649470203221601	0.29198972030003845	True
supp_h0_transfer	ntv2_500m_H0_w4096	western_clawed_frog	0.7676709570719781	human_h0_ntv2_500m	vertebrate	nan	nan	nan	transfer_BC_w4096	0.000179	0.000179	0.967076	84407	455592780	0.5371810538664581	360.0	2.556302500767288	0	1451301209	167	217471166	153961319	5	0.0029910269192422	0.505897	1000000	9.16175755704896	2.2227164711475837	8.18741162307706	8.337401683004607	0.1957973399316009	0.0911435831684164	baseline_plus_assembly_kmer	leave_species_out	0.5087803636973233	0.24780850081445138	0.2588905933746548	True
final_errorbar	ntv2_250m_w4096	western_clawed_frog	0.6476854010493278	human_h0_ntv2_250m	vertebrate	animal_fine	3.0	0.0436579387818896	nan	0.000179	0.000179	0.967076	84407	455592780	0.5371810538664581	360.0	2.556302500767288	0	1451301209	167	217471166	153961319	5	0.0029910269192422	0.505897	1000000	9.16175755704896	2.2227164711475837	8.18741162307706	8.337401683004607	0.1957973399316009	0.0911435831684164	baseline_plus_assembly_kmer	leave_species_out	0.5044732406481404	0.2519444579948567	0.14321216040118745	True
final_errorbar	ntv3_100m_pre_w2048	western_clawed_frog	0.5191597065847986	human_h0_ntv3_100m	vertebrate	animal_fine	3.0	0.0896323044666213	nan	0.000179	0.000179	0.967076	84407	455592780	0.5371810538664581	360.0	2.556302500767288	0	1451301209	167	217471166	153961319	5	0.0029910269192422	0.505897	1000000	9.16175755704896	2.2227164711475837	8.18741162307706	8.337401683004607	0.1957973399316009	0.0911435831684164	baseline_plus_assembly_kmer	leave_species_out	0.5239892899639362	0.23574607994385183	0.004829583379137636	True
anchor_anchor	insect_primary_4096	western_honey_bee	0.946524064171123	insect	insect	nan	nan	nan	insect_primary_to_insect_stress	0.020425	0.982865	0.020432	4337232	90164	nan	820.0	2.9138138523837167	1	51457486	3	25433307	14233499	2	0.0388635522641971	0.404665	1000000	7.71144856455995	0.4771212547196624	7.15331167517893	7.405402833572285	0.1030895049884773	0.0198094430108711	baseline_plus_assembly_kmer	leave_species_out	0.19306786433977927	0.3161290634539893	0.7534561998313437	True
calib_anchor	insect_no_beetle_4096	western_honey_bee	0.7983193277310925	insect	insect	nan	nan	nan	insect_no_beetle_to_cross_eval	0.020425	0.982865	0.020432	4337232	90164	nan	820.0	2.9138138523837167	1	51457486	3	25433307	14233499	2	0.0388635522641971	0.404665	1000000	7.71144856455995	0.4771212547196624	7.15331167517893	7.405402833572285	0.1030895049884773	0.0198094430108711	baseline_plus_assembly_kmer	leave_species_out	0.19306786433977927	0.3161290634539893	0.6052514633913132	True
calib_anchor	insect_no_beetle_4096	western_honey_bee	0.7983193277310925	insect	insect	nan	nan	nan	insect_no_beetle_to_stress_eval	0.020425	0.982865	0.020432	4337232	90164	nan	820.0	2.9138138523837167	1	51457486	3	25433307	14233499	2	0.0388635522641971	0.404665	1000000	7.71144856455995	0.4771212547196624	7.15331167517893	7.405402833572285	0.1030895049884773	0.0198094430108711	baseline_plus_assembly_kmer	leave_species_out	0.19306786433977927	0.3161290634539893	0.6052514633913132	True
anchor_anchor	insect_no_beetle_4096	western_honey_bee	0.7983193277310925	insect	insect	nan	nan	nan	insect_no_beetle_to_insect_stress	0.020425	0.982865	0.020432	4337232	90164	nan	820.0	2.9138138523837167	1	51457486	3	25433307	14233499	2	0.0388635522641971	0.404665	1000000	7.71144856455995	0.4771212547196624	7.15331167517893	7.405402833572285	0.1030895049884773	0.0198094430108711	baseline_plus_assembly_kmer	leave_species_out	0.19306786433977927	0.3161290634539893	0.6052514633913132	True
calib_anchor	TFREPAIR_invert_boost_animal_4096_seed42	western_honey_bee	0.05217988328184	animal	insect	nan	nan	nan	animal_invert_boost_to_cross_eval	0.020425	0.982865	0.020432	4337232	90164	nan	820.0	2.9138138523837167	1	51457486	3	25433307	14233499	2	0.0388635522641971	0.404665	1000000	7.71144856455995	0.4771212547196624	7.15331167517893	7.405402833572285	0.1975547081920625	0.0743872976560842	baseline_plus_assembly_kmer	leave_species_out	0.12334915935546911	0.2538974836749141	0.0711692760736291	True
calib_anchor	TFREPAIR_invert_boost_animal_4096_seed42	western_honey_bee	0.05217988328184	animal	insect	nan	nan	nan	animal_invert_boost_to_stress_eval	0.020425	0.982865	0.020432	4337232	90164	nan	820.0	2.9138138523837167	1	51457486	3	25433307	14233499	2	0.0388635522641971	0.404665	1000000	7.71144856455995	0.4771212547196624	7.15331167517893	7.405402833572285	0.1975547081920625	0.0743872976560842	baseline_plus_assembly_kmer	leave_species_out	0.12334915935546911	0.2538974836749141	0.0711692760736291	True
anchor_anchor	TFREPAIR_invert_boost_animal_4096_seed42	western_honey_bee	0.05217988328184	animal	insect	nan	nan	nan	animal_invert_boost_to_insect_stress	0.020425	0.982865	0.020432	4337232	90164	nan	820.0	2.9138138523837167	1	51457486	3	25433307	14233499	2	0.0388635522641971	0.404665	1000000	7.71144856455995	0.4771212547196624	7.15331167517893	7.405402833572285	0.1975547081920625	0.0743872976560842	baseline_plus_assembly_kmer	leave_species_out	0.12334915935546911	0.2538974836749141	0.0711692760736291	True
calib_anchor	cross_supervised_4096	western_honey_bee	0.0052898014902451	cross	insect	nan	nan	nan	cross_supervised_to_cross_eval	0.020425	0.982865	0.020432	4337232	90164	nan	820.0	2.9138138523837167	0	51457486	3	25433307	14233499	2	0.0388635522641971	0.404665	1000000	7.71144856455995	0.4771212547196624	7.15331167517893	7.405402833572285	0.2119073798001238	0.0902008757309238	baseline_plus_assembly_kmer	leave_species_out	0.12268755369952157	0.2582529574234964	0.11739775220927647	True
calib_anchor	cross_supervised_4096	western_honey_bee	0.0052898014902451	cross	insect	nan	nan	nan	cross_supervised_to_stress_eval	0.020425	0.982865	0.020432	4337232	90164	nan	820.0	2.9138138523837167	0	51457486	3	25433307	14233499	2	0.0388635522641971	0.404665	1000000	7.71144856455995	0.4771212547196624	7.15331167517893	7.405402833572285	0.2119073798001238	0.0902008757309238	baseline_plus_assembly_kmer	leave_species_out	0.12268755369952157	0.2582529574234964	0.11739775220927647	True
anchor_anchor	cross_supervised_4096	western_honey_bee	0.0052898014902451	cross	insect	nan	nan	nan	cross_supervised_to_insect_stress	0.020425	0.982865	0.020432	4337232	90164	nan	820.0	2.9138138523837167	0	51457486	3	25433307	14233499	2	0.0388635522641971	0.404665	1000000	7.71144856455995	0.4771212547196624	7.15331167517893	7.405402833572285	0.2119073798001238	0.0902008757309238	baseline_plus_assembly_kmer	leave_species_out	0.12268755369952157	0.2582529574234964	0.11739775220927647	True
calib_anchor	plant_supervised_4096	western_honey_bee	0.0003842421976866	plant	insect	nan	nan	nan	plant_supervised_to_cross_eval	0.020425	0.982865	0.020432	4337232	90164	nan	820.0	2.9138138523837167	0	51457486	3	25433307	14233499	2	0.0388635522641971	0.404665	1000000	7.71144856455995	0.4771212547196624	7.15331167517893	7.405402833572285	0.2144848278327983	0.1040586970085212	baseline_plus_assembly_kmer	leave_species_out	0.1174505152577314	0.2529390884853452	0.1170662730600448	True
calib_anchor	plant_supervised_4096	western_honey_bee	0.0003842416254314	plant	insect	nan	nan	nan	plant_supervised_to_stress_eval	0.020425	0.982865	0.020432	4337232	90164	nan	820.0	2.9138138523837167	0	51457486	3	25433307	14233499	2	0.0388635522641971	0.404665	1000000	7.71144856455995	0.4771212547196624	7.15331167517893	7.405402833572285	0.2144848278327983	0.1040586970085212	baseline_plus_assembly_kmer	leave_species_out	0.1174505152577314	0.2529390884853452	0.1170662736323	True
calib_anchor	direct_red_flour_beetle_4096	western_honey_bee	0.0	other_anchor	insect	nan	nan	nan	direct_beetle_to_cross_eval	0.020425	0.982865	0.020432	4337232	90164	nan	820.0	2.9138138523837167	0	51457486	3	25433307	14233499	2	0.0388635522641971	0.404665	1000000	7.71144856455995	0.4771212547196624	7.15331167517893	7.405402833572285	0.3782434204252473	0.3304654870915913	baseline_plus_assembly_kmer	leave_species_out	0.057303809227381736	0.13824227753450685	0.057303809227381736	True
calib_anchor	direct_red_flour_beetle_4096	western_honey_bee	0.0	other_anchor	insect	nan	nan	nan	direct_beetle_to_stress_eval	0.020425	0.982865	0.020432	4337232	90164	nan	820.0	2.9138138523837167	0	51457486	3	25433307	14233499	2	0.0388635522641971	0.404665	1000000	7.71144856455995	0.4771212547196624	7.15331167517893	7.405402833572285	0.3782434204252473	0.3304654870915913	baseline_plus_assembly_kmer	leave_species_out	0.057303809227381736	0.13824227753450685	0.057303809227381736	True
calib_anchor	direct_western_honey_bee_4096	western_honey_bee	0.0	other_anchor	insect	nan	nan	nan	direct_honeybee_to_cross_eval	0.020425	0.982865	0.020432	4337232	90164	nan	820.0	2.9138138523837167	0	51457486	3	25433307	14233499	2	0.0388635522641971	0.404665	1000000	7.71144856455995	0.4771212547196624	7.15331167517893	7.405402833572285	0.3782434204252473	0.3304654870915913	baseline_plus_assembly_kmer	leave_species_out	0.057303809227381736	0.13824227753450685	0.057303809227381736	True
calib_anchor	direct_western_honey_bee_4096	western_honey_bee	0.0	other_anchor	insect	nan	nan	nan	direct_honeybee_to_stress_eval	0.020425	0.982865	0.020432	4337232	90164	nan	820.0	2.9138138523837167	0	51457486	3	25433307	14233499	2	0.0388635522641971	0.404665	1000000	7.71144856455995	0.4771212547196624	7.15331167517893	7.405402833572285	0.3782434204252473	0.3304654870915913	baseline_plus_assembly_kmer	leave_species_out	0.057303809227381736	0.13824227753450685	0.057303809227381736	True
calib_anchor	direct_western_honey_bee_4096	western_honey_bee	0.0	other_anchor	insect	nan	nan	nan	direct_honeybee_own_holdout	0.020425	0.982865	0.020432	4337232	90164	nan	820.0	2.9138138523837167	0	51457486	3	25433307	14233499	2	0.0388635522641971	0.404665	1000000	7.71144856455995	0.4771212547196624	7.15331167517893	7.405402833572285	0.3782434204252473	0.3304654870915913	baseline_plus_assembly_kmer	leave_species_out	0.057303809227381736	0.13824227753450685	0.057303809227381736	True
anchor_anchor	TFREPAIR_invert_boost_animal_4096_seed42	x_laevis	0.4013777654205557	animal	vertebrate	nan	nan	nan	animal_invert_boost_to_insect_stress	0.000194	0.000194	0.813401	56801	238590187	nan	370.0	2.568201724066995	1	2718433805	108033	219802468	136570856	9	0.1479724726946478	0.38498	1000000	9.434318762214229	5.033556436308993	8.13535803149204	8.34203256448767	0.1125183122375499	0.0175004510961257	baseline_plus_assembly_kmer	leave_species_out	0.5404513276143246	0.30216294096756713	0.13907356219376887	True
calib_anchor	TFREPAIR_invert_boost_animal_4096_seed42	x_laevis	0.4013775981071781	animal	vertebrate	nan	nan	nan	animal_invert_boost_to_cross_eval	0.000194	0.000194	0.813401	56801	238590187	nan	370.0	2.568201724066995	1	2718433805	108033	219802468	136570856	9	0.1479724726946478	0.38498	1000000	9.434318762214229	5.033556436308993	8.13535803149204	8.34203256448767	0.1125183122375499	0.0175004510961257	baseline_plus_assembly_kmer	leave_species_out	0.5404513276143246	0.30216294096756713	0.13907372950714647	True
calib_anchor	TFREPAIR_invert_boost_animal_4096_seed42	x_laevis	0.4013775981071781	animal	vertebrate	nan	nan	nan	animal_invert_boost_to_stress_eval	0.000194	0.000194	0.813401	56801	238590187	nan	370.0	2.568201724066995	1	2718433805	108033	219802468	136570856	9	0.1479724726946478	0.38498	1000000	9.434318762214229	5.033556436308993	8.13535803149204	8.34203256448767	0.1125183122375499	0.0175004510961257	baseline_plus_assembly_kmer	leave_species_out	0.5404513276143246	0.30216294096756713	0.13907372950714647	True
calib_anchor	cross_supervised_4096	x_laevis	0.3945827783795458	cross	vertebrate	nan	nan	nan	cross_supervised_to_cross_eval	0.000194	0.000194	0.813401	56801	238590187	nan	370.0	2.568201724066995	0	2718433805	108033	219802468	136570856	9	0.1479724726946478	0.38498	1000000	9.434318762214229	5.033556436308993	8.13535803149204	8.34203256448767	0.1141902696107161	0.0184397446805083	baseline_plus_assembly_kmer	leave_species_out	0.5185767686968056	0.2988366274471349	0.12399399031725977	True
calib_anchor	cross_supervised_4096	x_laevis	0.3945827783795458	cross	vertebrate	nan	nan	nan	cross_supervised_to_stress_eval	0.000194	0.000194	0.813401	56801	238590187	nan	370.0	2.568201724066995	0	2718433805	108033	219802468	136570856	9	0.1479724726946478	0.38498	1000000	9.434318762214229	5.033556436308993	8.13535803149204	8.34203256448767	0.1141902696107161	0.0184397446805083	baseline_plus_assembly_kmer	leave_species_out	0.5185767686968056	0.2988366274471349	0.12399399031725977	True
anchor_anchor	cross_supervised_4096	x_laevis	0.3945827783795458	cross	vertebrate	nan	nan	nan	cross_supervised_to_insect_stress	0.000194	0.000194	0.813401	56801	238590187	nan	370.0	2.568201724066995	0	2718433805	108033	219802468	136570856	9	0.1479724726946478	0.38498	1000000	9.434318762214229	5.033556436308993	8.13535803149204	8.34203256448767	0.1141902696107161	0.0184397446805083	baseline_plus_assembly_kmer	leave_species_out	0.5185767686968056	0.2988366274471349	0.12399399031725977	True
calib_anchor	plant_supervised_4096	x_laevis	0.2855543757586765	plant	vertebrate	nan	nan	nan	plant_supervised_to_cross_eval	0.000194	0.000194	0.813401	56801	238590187	nan	370.0	2.568201724066995	0	2718433805	108033	219802468	136570856	9	0.1479724726946478	0.38498	1000000	9.434318762214229	5.033556436308993	8.13535803149204	8.34203256448767	0.1445645708760781	0.0387081158013149	baseline_plus_assembly_kmer	leave_species_out	0.39169702547812524	0.27373459066090444	0.10614264971944876	True
calib_anchor	plant_supervised_4096	x_laevis	0.2855543757586765	plant	vertebrate	nan	nan	nan	plant_supervised_to_stress_eval	0.000194	0.000194	0.813401	56801	238590187	nan	370.0	2.568201724066995	0	2718433805	108033	219802468	136570856	9	0.1479724726946478	0.38498	1000000	9.434318762214229	5.033556436308993	8.13535803149204	8.34203256448767	0.1445645708760781	0.0387081158013149	baseline_plus_assembly_kmer	leave_species_out	0.39169702547812524	0.27373459066090444	0.10614264971944876	True
calib_anchor	insect_no_beetle_4096	x_laevis	0.2829600934257301	insect	vertebrate	nan	nan	nan	insect_no_beetle_to_cross_eval	0.000194	0.000194	0.813401	56801	238590187	nan	370.0	2.568201724066995	0	2718433805	108033	219802468	136570856	9	0.1479724726946478	0.38498	1000000	9.434318762214229	5.033556436308993	8.13535803149204	8.34203256448767	0.1983752948465877	0.0592704987046092	baseline_plus_assembly_kmer	leave_species_out	0.45768668255705586	0.2824018266362621	0.17472658913132577	True
calib_anchor	insect_no_beetle_4096	x_laevis	0.2829600934257301	insect	vertebrate	nan	nan	nan	insect_no_beetle_to_stress_eval	0.000194	0.000194	0.813401	56801	238590187	nan	370.0	2.568201724066995	0	2718433805	108033	219802468	136570856	9	0.1479724726946478	0.38498	1000000	9.434318762214229	5.033556436308993	8.13535803149204	8.34203256448767	0.1983752948465877	0.0592704987046092	baseline_plus_assembly_kmer	leave_species_out	0.45768668255705586	0.2824018266362621	0.17472658913132577	True
anchor_anchor	insect_no_beetle_4096	x_laevis	0.2829600934257301	insect	vertebrate	nan	nan	nan	insect_no_beetle_to_insect_stress	0.000194	0.000194	0.813401	56801	238590187	nan	370.0	2.568201724066995	0	2718433805	108033	219802468	136570856	9	0.1479724726946478	0.38498	1000000	9.434318762214229	5.033556436308993	8.13535803149204	8.34203256448767	0.1983752948465877	0.0592704987046092	baseline_plus_assembly_kmer	leave_species_out	0.45768668255705586	0.2824018266362621	0.17472658913132577	True
anchor_anchor	insect_primary_4096	x_laevis	0.2268599691025123	insect	vertebrate	nan	nan	nan	insect_primary_to_insect_stress	0.000194	0.000194	0.813401	56801	238590187	nan	370.0	2.568201724066995	0	2718433805	108033	219802468	136570856	9	0.1479724726946478	0.38498	1000000	9.434318762214229	5.033556436308993	8.13535803149204	8.34203256448767	0.1983752948465877	0.0592704987046092	baseline_plus_assembly_kmer	leave_species_out	0.45768668255705586	0.2824018266362621	0.23082671345454356	True
supp_h0_transfer	ntv2_500m_H0_w4096	zebrafish	0.8151318178516959	human_h0_ntv2_500m	vertebrate	nan	nan	nan	transfer_BC_w4096	0.837603	0.982602	0.850212	891480468	771367366	0.4137124131384462	430.0	2.633468455579586	0	1679203469	1923	78093715	52186027	14	0.0	0.359955	1000000	9.225103322767056	3.28397928423848	7.717554234627916	7.892616083164715	0.3272994079847048	0.2672352128115792	baseline_plus_assembly_kmer	leave_species_out	0.388226696288602	0.23605560902878944	0.42690512156309385	True
final_errorbar	ntv2_250m_w4096	zebrafish	0.753453009276328	human_h0_ntv2_250m	vertebrate	animal_fine	3.0	0.0131433323203878	nan	0.837603	0.982602	0.850212	891480468	771367366	0.4137124131384462	430.0	2.633468455579586	0	1679203469	1923	78093715	52186027	14	0.0	0.359955	1000000	9.225103322767056	3.28397928423848	7.717554234627916	7.892616083164715	0.3272994079847048	0.2672352128115792	baseline_plus_assembly_kmer	leave_species_out	0.38247404318584444	0.2383338681937679	0.37097896609048353	True
final_errorbar	ntv3_100m_pre_w2048	zebrafish	0.5214699959942013	human_h0_ntv3_100m	vertebrate	animal_fine	3.0	0.0175674395284055	nan	0.837603	0.982602	0.850212	891480468	771367366	0.4137124131384462	430.0	2.633468455579586	0	1679203469	1923	78093715	52186027	14	0.0	0.359955	1000000	9.225103322767056	3.28397928423848	7.717554234627916	7.892616083164715	0.3272994079847048	0.2672352128115792	baseline_plus_assembly_kmer	leave_species_out	0.39851179352199123	0.22874532309800308	0.12295820247221007	True
calib_anchor	cross_supervised_4096	brachypodium	0.8175422271365038	cross	plant	nan	nan	nan	cross_supervised_to_plant_fine	0.101164	0.1029	0.857087	5277523	43958318	0.45561279296875	1500.0	3.1760912590556813	0	271298618	11	75071545	59130575	3	0.0	0.454488	1000000	8.433447581463392	1.041392685158225	7.771812102204127	7.875475353898488	0.0693259415010997	0.0175357229218507	baseline_plus_assembly_kmer	leave_clade_out	0.8925531817486199	0.08471236164505651	0.07501095461211604	True
calib_anchor	plant_supervised_4096	brachypodium	0.7765195434514967	plant	plant	nan	nan	nan	plant_supervised_to_plant_fine	0.101164	0.1029	0.857087	5277523	43958318	0.45561279296875	1500.0	3.1760912590556813	1	271298618	11	75071545	59130575	3	0.0	0.454488	1000000	8.433447581463392	1.041392685158225	7.771812102204127	7.875475353898488	0.0392954852174674	0.0046023125549394	baseline_plus_assembly_kmer	leave_clade_out	0.7187787161155104	0.3333844855835558	0.05774082733598629	True
calib_anchor	insect_no_beetle_4096	brachypodium	0.4502561696769175	insect	plant	nan	nan	nan	insect_no_beetle_to_plant_fine	0.101164	0.1029	0.857087	5277523	43958318	0.45561279296875	1500.0	3.1760912590556813	0	271298618	11	75071545	59130575	3	0.0	0.454488	1000000	8.433447581463392	1.041392685158225	7.771812102204127	7.875475353898488	0.142514717076787	0.0564627585782296	baseline_plus_assembly_kmer	leave_clade_out	0.8155975993647125	0.16594691935806405	0.36534142968779504	True
calib_anchor	TFREPAIR_invert_boost_animal_4096_seed42	brachypodium	0.4333898332380484	animal	plant	nan	nan	nan	animal_invert_boost_to_plant_fine	0.101164	0.1029	0.857087	5277523	43958318	0.45561279296875	1500.0	3.1760912590556813	0	271298618	11	75071545	59130575	3	0.0	0.454488	1000000	8.433447581463392	1.041392685158225	7.771812102204127	7.875475353898488	0.1040889363124293	0.0363524838017522	baseline_plus_assembly_kmer	leave_clade_out	0.8806941452730253	0.09816455637631456	0.44730431203497684	True
supp_h0_transfer	ntv2_500m_H0_w4096	brachypodium	0.3212749242452583	human_h0_ntv2_500m	plant	nan	nan	nan	transfer_BC_w4096	0.101164	0.1029	0.857087	5277523	43958318	0.45561279296875	1500.0	3.1760912590556813	0	271298618	11	75071545	59130575	3	0.0	0.454488	1000000	8.433447581463392	1.041392685158225	7.771812102204127	7.875475353898488	0.2268185746895572	0.1337656475000112	baseline_plus_assembly_kmer	leave_clade_out	0.6920014613454215	0.19922777110818404	0.37072653710016323	True
final_errorbar	ntv2_250m_w4096	brachypodium	0.2929663405760741	human_h0_ntv2_250m	plant	plant_fine	3.0	0.0156920332833043	nan	0.101164	0.1029	0.857087	5277523	43958318	0.45561279296875	1500.0	3.1760912590556813	0	271298618	11	75071545	59130575	3	0.0	0.454488	1000000	8.433447581463392	1.041392685158225	7.771812102204127	7.875475353898488	0.2268185746895572	0.1337656475000112	baseline_plus_assembly_kmer	leave_clade_out	0.6787239202423215	0.1985727255553986	0.3857575796662474	True
final_errorbar	ntv3_100m_pre_w2048	brachypodium	0.2073934705084866	human_h0_ntv3_100m	plant	plant_fine	3.0	0.0683970400854424	nan	0.101164	0.1029	0.857087	5277523	43958318	0.45561279296875	1500.0	3.1760912590556813	0	271298618	11	75071545	59130575	3	0.0	0.454488	1000000	8.433447581463392	1.041392685158225	7.771812102204127	7.875475353898488	0.2268185746895572	0.1337656475000112	baseline_plus_assembly_kmer	leave_clade_out	0.6311442279082835	0.19278600961964817	0.4237507573997969	True
anchor_anchor	TFREPAIR_invert_boost_animal_4096_seed42	c_elegans	0.9053972034713066	animal	other	nan	nan	nan	animal_invert_boost_to_insect_fine	0.833784	0.964483	0.860195	10289793	9177183	0.3579248046875	900.0	2.9542425094393248	0	100286401	7	20924180	17493829	3	0.0	0.371376	1000000	8.001242045970857	0.8450980400142568	7.242884877035624	7.320648447384384	0.1443799983785652	0.0775729844697248	baseline_plus_assembly_kmer	leave_clade_out	0.08653841153463519	0.13876001139273067	0.8188587919366714	True
anchor_anchor	cross_supervised_4096	c_elegans	0.8952111633807284	cross	other	nan	nan	nan	cross_supervised_to_insect_fine	0.833784	0.964483	0.860195	10289793	9177183	0.3579248046875	900.0	2.9542425094393248	0	100286401	7	20924180	17493829	3	0.0	0.371376	1000000	8.001242045970857	0.8450980400142568	7.242884877035624	7.320648447384384	0.1533616551705707	0.0962183394831955	baseline_plus_assembly_kmer	leave_clade_out	0.07614389149995583	0.14047328296540798	0.8190672718807726	True
anchor_anchor	insect_primary_4096	c_elegans	0.8945547202059512	insect	other	nan	nan	nan	insect_primary_to_insect_fine	0.833784	0.964483	0.860195	10289793	9177183	0.3579248046875	900.0	2.9542425094393248	0	100286401	7	20924180	17493829	3	0.0	0.371376	1000000	8.001242045970857	0.8450980400142568	7.242884877035624	7.320648447384384	0.1475085510847136	0.0895808950573151	baseline_plus_assembly_kmer	leave_clade_out	0.09476599497573081	0.1545542303138776	0.7997887252302204	True
anchor_anchor	insect_no_beetle_4096	c_elegans	0.5383685302773058	insect	other	nan	nan	nan	insect_no_beetle_to_insect_fine	0.833784	0.964483	0.860195	10289793	9177183	0.3579248046875	900.0	2.9542425094393248	0	100286401	7	20924180	17493829	3	0.0	0.371376	1000000	8.001242045970857	0.8450980400142568	7.242884877035624	7.320648447384384	0.1475085510847136	0.0895808950573151	baseline_plus_assembly_kmer	leave_clade_out	0.09476599497573081	0.1545542303138776	0.443602535301575	True
supp_h0_transfer	ntv2_500m_H0_w4096	c_elegans	0.345012472034356	human_h0_ntv2_500m	other	nan	nan	nan	transfer_BC_w4096	0.833784	0.964483	0.860195	10289793	9177183	0.3579248046875	900.0	2.9542425094393248	0	100286401	7	20924180	17493829	3	0.0	0.371376	1000000	8.001242045970857	0.8450980400142568	7.242884877035624	7.320648447384384	0.3448736563265228	0.3498680780416765	baseline_plus_assembly_kmer	leave_clade_out	0.038151604977290886	0.0781775583505472	0.3068608670570651	True
final_errorbar	ntv3_100m_pre_w2048	c_elegans	0.2604444021620859	human_h0_ntv3_100m	other	animal_fine	3.0	0.0215523139867919	nan	0.833784	0.964483	0.860195	10289793	9177183	0.3579248046875	900.0	2.9542425094393248	0	100286401	7	20924180	17493829	3	0.0	0.371376	1000000	8.001242045970857	0.8450980400142568	7.242884877035624	7.320648447384384	0.3448736563265228	0.3498680780416765	baseline_plus_assembly_kmer	leave_clade_out	0.037368702692585826	0.07154540079728182	0.2230756994695001	True
final_errorbar	ntv2_250m_w4096	c_elegans	0.1426005332526109	human_h0_ntv2_250m	other	animal_fine	3.0	0.0303152737505588	nan	0.833784	0.964483	0.860195	10289793	9177183	0.3579248046875	900.0	2.9542425094393248	0	100286401	7	20924180	17493829	3	0.0	0.371376	1000000	8.001242045970857	0.8450980400142568	7.242884877035624	7.320648447384384	0.3448736563265228	0.3498680780416765	baseline_plus_assembly_kmer	leave_clade_out	0.038151604977290886	0.0781775583505472	0.10444892827532001	True
calib_anchor	TFREPAIR_invert_boost_animal_4096_seed42	cattle	0.9216935615407684	animal	vertebrate	nan	nan	nan	animal_invert_boost_to_cross_eval	0.48001	0.488924	0.963405	641516843	1264081324	nan	96.0	1.9822712330395684	1	2715853792	2211	158534110	103308737	12	0.0	0.438283	1000000	9.43390638599257	3.344588742578714	8.014137052114325	8.200122718862955	0.1961603645512639	0.1045802654699864	baseline_plus_assembly_kmer	leave_clade_out	0.7640304284216154	0.2059227000513263	0.15766313311915303	True
calib_anchor	cross_supervised_4096	cattle	0.9213113792693672	cross	vertebrate	nan	nan	nan	cross_supervised_to_cross_eval	0.48001	0.488924	0.963405	641516843	1264081324	nan	96.0	1.9822712330395684	0	2715853792	2211	158534110	103308737	12	0.0	0.438283	1000000	9.43390638599257	3.344588742578714	8.014137052114325	8.200122718862955	0.1898193400311859	0.0914288745666459	baseline_plus_assembly_kmer	leave_clade_out	0.7659158356179113	0.20691051990221493	0.15539554365145591	True
calib_anchor	insect_no_beetle_4096	cattle	0.2681289424464008	insect	vertebrate	nan	nan	nan	insect_no_beetle_to_cross_eval	0.48001	0.488924	0.963405	641516843	1264081324	nan	96.0	1.9822712330395684	0	2715853792	2211	158534110	103308737	12	0.0	0.438283	1000000	9.43390638599257	3.344588742578714	8.014137052114325	8.200122718862955	0.2674695235796735	0.15873003482616	baseline_plus_assembly_kmer	leave_clade_out	0.6714258770991831	0.21137556442946515	0.4032969346527823	True
calib_anchor	plant_supervised_4096	cattle	0.0858809770068545	plant	vertebrate	nan	nan	nan	plant_supervised_to_cross_eval	0.48001	0.488924	0.963405	641516843	1264081324	nan	96.0	1.9822712330395684	0	2715853792	2211	158534110	103308737	12	0.0	0.438283	1000000	9.43390638599257	3.344588742578714	8.014137052114325	8.200122718862955	0.1939129743058688	0.0844629259880961	baseline_plus_assembly_kmer	leave_clade_out	0.7527289186785145	0.21075501740891922	0.6668479416716601	True
supp_h0_transfer	ntv2_500m_H0_w4096	chicken	0.8516226680157541	human_h0_ntv2_500m	vertebrate	nan	nan	nan	transfer_BC_w4096	0.391291	0.394479	0.979765	40667484	101005421	0.4113284493284493	310.0	2.4913616938342726	0	1065365425	464	197608386	91315245	4	0.0017070808916752	0.549823	1000000	9.027498598235026	2.6665179805548807	7.96054328866985	8.29580537100184	0.1448915707647146	0.0601428909585745	baseline_plus_assembly_kmer	leave_clade_out	0.7650885391690821	0.15332193126659938	0.086534128846672	True
final_errorbar	ntv2_250m_w4096	chicken	0.843436719033926	human_h0_ntv2_250m	vertebrate	animal_fine	3.0	0.0193628216675568	nan	0.391291	0.394479	0.979765	40667484	101005421	0.4113284493284493	310.0	2.4913616938342726	0	1065365425	464	197608386	91315245	4	0.0017070808916752	0.549823	1000000	9.027498598235026	2.6665179805548807	7.96054328866985	8.29580537100184	0.1448915707647146	0.0601428909585745	baseline_plus_assembly_kmer	leave_clade_out	0.7620381430396709	0.15745158169374268	0.08139857599425515	True
final_errorbar	ntv3_100m_pre_w2048	chicken	0.6195493201860316	human_h0_ntv3_100m	vertebrate	animal_fine	3.0	0.0701786703401454	nan	0.391291	0.394479	0.979765	40667484	101005421	0.4113284493284493	310.0	2.4913616938342726	0	1065365425	464	197608386	91315245	4	0.0017070808916752	0.549823	1000000	9.027498598235026	2.6665179805548807	7.96054328866985	8.29580537100184	0.1448915707647146	0.0601428909585745	baseline_plus_assembly_kmer	leave_clade_out	0.7709576411805287	0.1416525132218922	0.15140832099449708	True
anchor_anchor	insect_no_beetle_4096	fruit_fly	0.944818571090276	insect	insect	nan	nan	nan	insect_no_beetle_to_insect_fine	0.888725	0.993839	0.893648	26497161	23825911	0.494656395206652	780.0	2.8920946026904804	1	143726002	1870	32079331	25286936	3	0.0	0.441621	1000000	8.157535345055386	3.271841606536499	7.402896209379677	7.506225302690743	0.1001622488462802	0.0254297426578645	baseline_plus_assembly_kmer	leave_clade_out	0.7182499026123911	0.16409722897486764	0.22656866847788493	True
anchor_anchor	TFREPAIR_invert_boost_animal_4096_seed42	fruit_fly	0.9437257723304636	animal	insect	nan	nan	nan	animal_invert_boost_to_insect_fine	0.888725	0.993839	0.893648	26497161	23825911	0.494656395206652	780.0	2.8920946026904804	1	143726002	1870	32079331	25286936	3	0.0	0.441621	1000000	8.157535345055386	3.271841606536499	7.402896209379677	7.506225302690743	0.0783631596802407	0.0157474491106001	baseline_plus_assembly_kmer	leave_clade_out	0.7856618783238052	0.12442817016662007	0.15806389400665843	True
anchor_anchor	cross_supervised_4096	fruit_fly	0.942393180917196	cross	insect	nan	nan	nan	cross_supervised_to_insect_fine	0.888725	0.993839	0.893648	26497161	23825911	0.494656395206652	780.0	2.8920946026904804	0	143726002	1870	32079331	25286936	3	0.0	0.441621	1000000	8.157535345055386	3.271841606536499	7.402896209379677	7.506225302690743	0.0698216548368194	0.0106775865530966	baseline_plus_assembly_kmer	leave_clade_out	0.810590133113234	0.11445102477586828	0.13180304780396201	True
anchor_anchor	insect_primary_4096	fruit_fly	0.9413841255319276	insect	insect	nan	nan	nan	insect_primary_to_insect_fine	0.888725	0.993839	0.893648	26497161	23825911	0.494656395206652	780.0	2.8920946026904804	1	143726002	1870	32079331	25286936	3	0.0	0.441621	1000000	8.157535345055386	3.271841606536499	7.402896209379677	7.506225302690743	0.1001622488462802	0.0254297426578645	baseline_plus_assembly_kmer	leave_clade_out	0.7182499026123911	0.16409722897486764	0.22313422291953655	True
supp_h0_transfer	ntv2_500m_H0_w4096	fruit_fly	0.6577990369528225	human_h0_ntv2_500m	insect	nan	nan	nan	transfer_BC_w4096	0.888725	0.993839	0.893648	26497161	23825911	0.494656395206652	780.0	2.8920946026904804	0	143726002	1870	32079331	25286936	3	0.0	0.441621	1000000	8.157535345055386	3.271841606536499	7.402896209379677	7.506225302690743	0.2474985795480165	0.15855331987712	baseline_plus_assembly_kmer	leave_clade_out	0.2909401301495492	0.19255270774308883	0.36685890680327327	True
final_errorbar	ntv2_250m_w4096	fruit_fly	0.5533233517822065	human_h0_ntv2_250m	insect	animal_fine	3.0	0.0128215769678409	nan	0.888725	0.993839	0.893648	26497161	23825911	0.494656395206652	780.0	2.8920946026904804	0	143726002	1870	32079331	25286936	3	0.0	0.441621	1000000	8.157535345055386	3.271841606536499	7.402896209379677	7.506225302690743	0.2474985795480165	0.15855331987712	baseline_plus_assembly_kmer	leave_clade_out	0.28215459464500436	0.19403226953035616	0.2711687571372021	True
final_errorbar	ntv3_100m_pre_w2048	fruit_fly	0.4822229619104726	human_h0_ntv3_100m	insect	animal_fine	3.0	0.1825771233602698	nan	0.888725	0.993839	0.893648	26497161	23825911	0.494656395206652	780.0	2.8920946026904804	0	143726002	1870	32079331	25286936	3	0.0	0.441621	1000000	8.157535345055386	3.271841606536499	7.402896209379677	7.506225302690743	0.2474985795480165	0.15855331987712	baseline_plus_assembly_kmer	leave_clade_out	0.3372335614016385	0.1758007615217428	0.14498940050883408	True
calib_anchor	cross_supervised_4096	horse	0.8925601404845789	cross	vertebrate	nan	nan	nan	cross_supervised_to_cross_eval	0.791397	0.812579	0.968112	892563554	1063406667	nan	96.0	1.9822712330395684	0	188260577	1	188260577	188260577	1	0.0010189606601266	0.517305	1000000	8.27475938542357	0.0	8.27475938542357	8.27475938542357	0.2072733615749962	0.1175416603257882	baseline_plus_assembly_kmer	leave_clade_out	0.32793832354363567	0.21574545650729002	0.5646218169409432	True
calib_anchor	TFREPAIR_invert_boost_animal_4096_seed42	horse	0.8913728851560259	animal	vertebrate	nan	nan	nan	animal_invert_boost_to_cross_eval	0.791397	0.812579	0.968112	892563554	1063406667	nan	96.0	1.9822712330395684	1	188260577	1	188260577	188260577	1	0.0010189606601266	0.517305	1000000	8.27475938542357	0.0	8.27475938542357	8.27475938542357	0.2056004978397222	0.1203089942757705	baseline_plus_assembly_kmer	leave_clade_out	0.326062945598884	0.2131120671216417	0.5653099395571419	True
calib_anchor	insect_no_beetle_4096	horse	0.1869044858967403	insect	vertebrate	nan	nan	nan	insect_no_beetle_to_cross_eval	0.791397	0.812579	0.968112	892563554	1063406667	nan	96.0	1.9822712330395684	0	188260577	1	188260577	188260577	1	0.0010189606601266	0.517305	1000000	8.27475938542357	0.0	8.27475938542357	8.27475938542357	0.2746396996501602	0.1850487156640525	baseline_plus_assembly_kmer	leave_clade_out	0.2693803177984883	0.1682086303511544	0.08247583190174801	True
calib_anchor	plant_supervised_4096	horse	0.1025602154105038	plant	vertebrate	nan	nan	nan	plant_supervised_to_cross_eval	0.791397	0.812579	0.968112	892563554	1063406667	nan	96.0	1.9822712330395684	0	188260577	1	188260577	188260577	1	0.0010189606601266	0.517305	1000000	8.27475938542357	0.0	8.27475938542357	8.27475938542357	0.2026925587860898	0.1042618889160033	baseline_plus_assembly_kmer	leave_clade_out	0.35206165669069	0.23613851605350641	0.2495014412801862	True
supp_h0_transfer	ntv2_500m_H0_w4096	human	0.961411324419745	human_h0_ntv2_500m	vertebrate	nan	nan	nan	transfer_BC_w4096	0.948128	0.966802	0.980034	1410192187	1429492481	nan	6.0	0.7781512503836436	0	248387328	1	248387328	248387328	1	0.0	0.550911	1000000	8.395129435626702	0.0	8.395129435626702	8.395129435626702	0.0	-2.220446049250313e-16	baseline_plus_assembly_kmer	leave_clade_out	0.7972100071095386	0.11380709870404769	0.16420131731020637	True
calib_anchor	TFREPAIR_invert_boost_animal_4096_seed42	human	0.904946115719272	animal	vertebrate	nan	nan	nan	animal_invert_boost_to_cross_eval	0.948128	0.966802	0.980034	1410192187	1429492481	nan	6.0	0.7781512503836436	1	248387328	1	248387328	248387328	1	0.0	0.550911	1000000	8.395129435626702	0.0	8.395129435626702	8.395129435626702	0.2473971321688795	0.1687976905989935	baseline_plus_assembly_kmer	leave_clade_out	0.271227662284303	0.17103842289961455	0.6337184534349689	True
calib_anchor	cross_supervised_4096	human	0.9023446184329426	cross	vertebrate	nan	nan	nan	cross_supervised_to_cross_eval	0.948128	0.966802	0.980034	1410192187	1429492481	nan	6.0	0.7781512503836436	0	248387328	1	248387328	248387328	1	0.0	0.550911	1000000	8.395129435626702	0.0	8.395129435626702	8.395129435626702	0.249220227348776	0.1685880996034323	baseline_plus_assembly_kmer	leave_clade_out	0.26989896247409695	0.17063557719211078	0.6324456559588456	True
calib_anchor	insect_no_beetle_4096	human	0.1477908337777611	insect	vertebrate	nan	nan	nan	insect_no_beetle_to_cross_eval	0.948128	0.966802	0.980034	1410192187	1429492481	nan	6.0	0.7781512503836436	0	248387328	1	248387328	248387328	1	0.0	0.550911	1000000	8.395129435626702	0.0	8.395129435626702	8.395129435626702	0.3042605063379114	0.2325830037417954	baseline_plus_assembly_kmer	leave_clade_out	0.2670523831387441	0.1678497682583696	0.11926154936098299	True
calib_anchor	plant_supervised_4096	human	0.1214275571269181	plant	vertebrate	nan	nan	nan	plant_supervised_to_cross_eval	0.948128	0.966802	0.980034	1410192187	1429492481	nan	6.0	0.7781512503836436	0	248387328	1	248387328	248387328	1	0.0	0.550911	1000000	8.395129435626702	0.0	8.395129435626702	8.395129435626702	0.242491599474234	0.153922806418943	baseline_plus_assembly_kmer	leave_clade_out	0.266234274418621	0.16611971224191194	0.1448067172917029	True
calib_anchor	TFREPAIR_invert_boost_animal_4096_seed42	lizard	0.2416400416987031	animal	vertebrate	nan	nan	nan	animal_invert_boost_to_cross_eval	0.038956	0.053715	0.12417	41691771	96375917	nan	320.0	2.505149978319906	1	1799143587	6457	263920458	150641573	5	0.1263239468490436	0.405226	1000000	9.25506582513172	3.81003078640584	8.177944841937268	8.42147305620014	0.1334641792289605	0.0269436863730062	baseline_plus_assembly_kmer	leave_clade_out	0.8070107666080983	0.14513202141268042	0.5653707249093952	True
calib_anchor	TFREPAIR_invert_boost_animal_4096_seed42	lizard	0.2416400416987031	animal	vertebrate	nan	nan	nan	animal_invert_boost_to_stress_eval	0.038956	0.053715	0.12417	41691771	96375917	nan	320.0	2.505149978319906	1	1799143587	6457	263920458	150641573	5	0.1263239468490436	0.405226	1000000	9.25506582513172	3.81003078640584	8.177944841937268	8.42147305620014	0.1334641792289605	0.0269436863730062	baseline_plus_assembly_kmer	leave_clade_out	0.8070107666080983	0.14513202141268042	0.5653707249093952	True
anchor_anchor	TFREPAIR_invert_boost_animal_4096_seed42	lizard	0.2416400416987031	animal	vertebrate	nan	nan	nan	animal_invert_boost_to_insect_stress	0.038956	0.053715	0.12417	41691771	96375917	nan	320.0	2.505149978319906	1	1799143587	6457	263920458	150641573	5	0.1263239468490436	0.405226	1000000	9.25506582513172	3.81003078640584	8.177944841937268	8.42147305620014	0.1334641792289605	0.0269436863730062	baseline_plus_assembly_kmer	leave_clade_out	0.8070107666080983	0.14513202141268042	0.5653707249093952	True
calib_anchor	cross_supervised_4096	lizard	0.2400380045378313	cross	vertebrate	nan	nan	nan	cross_supervised_to_cross_eval	0.038956	0.053715	0.12417	41691771	96375917	nan	320.0	2.505149978319906	0	1799143587	6457	263920458	150641573	5	0.1263239468490436	0.405226	1000000	9.25506582513172	3.81003078640584	8.177944841937268	8.42147305620014	0.1250077775938211	0.0186955209400064	baseline_plus_assembly_kmer	leave_clade_out	0.8308148499161472	0.13757437528752187	0.5907768453783159	True
anchor_anchor	cross_supervised_4096	lizard	0.2400380045378313	cross	vertebrate	nan	nan	nan	cross_supervised_to_insect_stress	0.038956	0.053715	0.12417	41691771	96375917	nan	320.0	2.505149978319906	0	1799143587	6457	263920458	150641573	5	0.1263239468490436	0.405226	1000000	9.25506582513172	3.81003078640584	8.177944841937268	8.42147305620014	0.1250077775938211	0.0186955209400064	baseline_plus_assembly_kmer	leave_clade_out	0.8308148499161472	0.13757437528752187	0.5907768453783159	True
calib_anchor	cross_supervised_4096	lizard	0.2400378125654802	cross	vertebrate	nan	nan	nan	cross_supervised_to_stress_eval	0.038956	0.053715	0.12417	41691771	96375917	nan	320.0	2.505149978319906	0	1799143587	6457	263920458	150641573	5	0.1263239468490436	0.405226	1000000	9.25506582513172	3.81003078640584	8.177944841937268	8.42147305620014	0.1250077775938211	0.0186955209400064	baseline_plus_assembly_kmer	leave_clade_out	0.8308148499161472	0.13757437528752187	0.590777037350667	True
calib_anchor	plant_supervised_4096	lizard	0.1506094759615682	plant	vertebrate	nan	nan	nan	plant_supervised_to_cross_eval	0.038956	0.053715	0.12417	41691771	96375917	nan	320.0	2.505149978319906	0	1799143587	6457	263920458	150641573	5	0.1263239468490436	0.405226	1000000	9.25506582513172	3.81003078640584	8.177944841937268	8.42147305620014	0.1437007905780181	0.0244025014930751	baseline_plus_assembly_kmer	leave_clade_out	0.8322714059729576	0.1252549768848895	0.6816619300113893	True
calib_anchor	plant_supervised_4096	lizard	0.1506082021187199	plant	vertebrate	nan	nan	nan	plant_supervised_to_stress_eval	0.038956	0.053715	0.12417	41691771	96375917	nan	320.0	2.505149978319906	0	1799143587	6457	263920458	150641573	5	0.1263239468490436	0.405226	1000000	9.25506582513172	3.81003078640584	8.177944841937268	8.42147305620014	0.1437007905780181	0.0244025014930751	baseline_plus_assembly_kmer	leave_clade_out	0.8322714059729576	0.1252549768848895	0.6816632038542376	True
anchor_anchor	insect_no_beetle_4096	lizard	0.1418302477559669	insect	vertebrate	nan	nan	nan	insect_no_beetle_to_insect_stress	0.038956	0.053715	0.12417	41691771	96375917	nan	320.0	2.505149978319906	0	1799143587	6457	263920458	150641573	5	0.1263239468490436	0.405226	1000000	9.25506582513172	3.81003078640584	8.177944841937268	8.42147305620014	0.2227930854265778	0.0763356261809606	baseline_plus_assembly_kmer	leave_clade_out	0.6367901162910038	0.2786746516705373	0.49495986853503693	True
calib_anchor	insect_no_beetle_4096	lizard	0.1418301390195415	insect	vertebrate	nan	nan	nan	insect_no_beetle_to_cross_eval	0.038956	0.053715	0.12417	41691771	96375917	nan	320.0	2.505149978319906	0	1799143587	6457	263920458	150641573	5	0.1263239468490436	0.405226	1000000	9.25506582513172	3.81003078640584	8.177944841937268	8.42147305620014	0.2227930854265778	0.0763356261809606	baseline_plus_assembly_kmer	leave_clade_out	0.6367901162910038	0.2786746516705373	0.4949599772714623	True
calib_anchor	insect_no_beetle_4096	lizard	0.1418301390195415	insect	vertebrate	nan	nan	nan	insect_no_beetle_to_stress_eval	0.038956	0.053715	0.12417	41691771	96375917	nan	320.0	2.505149978319906	0	1799143587	6457	263920458	150641573	5	0.1263239468490436	0.405226	1000000	9.25506582513172	3.81003078640584	8.177944841937268	8.42147305620014	0.2227930854265778	0.0763356261809606	baseline_plus_assembly_kmer	leave_clade_out	0.6367901162910038	0.2786746516705373	0.4949599772714623	True
anchor_anchor	insect_primary_4096	lizard	0.1034366102674265	insect	vertebrate	nan	nan	nan	insect_primary_to_insect_stress	0.038956	0.053715	0.12417	41691771	96375917	nan	320.0	2.505149978319906	0	1799143587	6457	263920458	150641573	5	0.1263239468490436	0.405226	1000000	9.25506582513172	3.81003078640584	8.177944841937268	8.42147305620014	0.2227930854265778	0.0763356261809606	baseline_plus_assembly_kmer	leave_clade_out	0.6367901162910038	0.2786746516705373	0.5333535060235773	True
calib_anchor	cross_supervised_4096	maize	0.9629892479990332	cross	plant	nan	nan	nan	cross_supervised_to_plant_fine	0.095466	0.095627	0.982637	173317530	1780954681	0.46090576171875	1500.0	3.1760912590556813	0	2182075994	685	308452471	226353449	5	0.0	0.477492	1000000	9.338869871458623	2.835690571492425	8.354787116327433	8.489188253709083	0.1047342415691722	0.0352286667600957	baseline_plus_assembly_kmer	leave_clade_out	0.8475606056530476	0.1395885950493091	0.1154286423459856	True
calib_anchor	plant_supervised_4096	maize	0.9619894139220538	plant	plant	nan	nan	nan	plant_supervised_to_plant_fine	0.095466	0.095627	0.982637	173317530	1780954681	0.46090576171875	1500.0	3.1760912590556813	1	2182075994	685	308452471	226353449	5	0.0	0.477492	1000000	9.338869871458623	2.835690571492425	8.354787116327433	8.489188253709083	0.0750299551353519	0.0155648060873412	baseline_plus_assembly_kmer	leave_clade_out	0.6812424667640026	0.33526552361590845	0.28074694715805126	True
calib_anchor	TFREPAIR_invert_boost_animal_4096_seed42	maize	0.9051649037911726	animal	plant	nan	nan	nan	animal_invert_boost_to_plant_fine	0.095466	0.095627	0.982637	173317530	1780954681	0.46090576171875	1500.0	3.1760912590556813	0	2182075994	685	308452471	226353449	5	0.0	0.477492	1000000	9.338869871458623	2.835690571492425	8.354787116327433	8.489188253709083	0.1273374287069573	0.0533723910378969	baseline_plus_assembly_kmer	leave_clade_out	0.8070647737542632	0.16976182006367901	0.09810013003690943	True
calib_anchor	insect_no_beetle_4096	maize	0.8258861241547802	insect	plant	nan	nan	nan	insect_no_beetle_to_plant_fine	0.095466	0.095627	0.982637	173317530	1780954681	0.46090576171875	1500.0	3.1760912590556813	0	2182075994	685	308452471	226353449	5	0.0	0.477492	1000000	9.338869871458623	2.835690571492425	8.354787116327433	8.489188253709083	0.1559084305251094	0.0702371900678909	baseline_plus_assembly_kmer	leave_clade_out	0.7331420111994819	0.20124172242489333	0.09274411295529839	True
final_errorbar	ntv3_100m_pre_w2048	maize	0.6762307311381123	human_h0_ntv3_100m	plant	plant_fine	3.0	0.0224912037604054	nan	0.095466	0.095627	0.982637	173317530	1780954681	0.46090576171875	1500.0	3.1760912590556813	0	2182075994	685	308452471	226353449	5	0.0	0.477492	1000000	9.338869871458623	2.835690571492425	8.354787116327433	8.489188253709083	0.2040939811147172	0.106620240001949	baseline_plus_assembly_kmer	leave_clade_out	0.6219508657310405	0.19238581084089867	0.05427986540707175	True
final_errorbar	ntv2_250m_w4096	maize	0.2409539973278451	human_h0_ntv2_250m	plant	plant_fine	3.0	0.0067936566735462	nan	0.095466	0.095627	0.982637	173317530	1780954681	0.46090576171875	1500.0	3.1760912590556813	0	2182075994	685	308452471	226353449	5	0.0	0.477492	1000000	9.338869871458623	2.835690571492425	8.354787116327433	8.489188253709083	0.2040939811147172	0.106620240001949	baseline_plus_assembly_kmer	leave_clade_out	0.6668096751461752	0.19964537358891424	0.4258556778183301	True
supp_h0_transfer	ntv2_500m_H0_w4096	maize	0.2346799513542635	human_h0_ntv2_500m	plant	nan	nan	nan	transfer_BC_w4096	0.095466	0.095627	0.982637	173317530	1780954681	0.46090576171875	1500.0	3.1760912590556813	0	2182075994	685	308452471	226353449	5	0.0	0.477492	1000000	9.338869871458623	2.835690571492425	8.354787116327433	8.489188253709083	0.2040939811147172	0.106620240001949	baseline_plus_assembly_kmer	leave_clade_out	0.6802222840800284	0.20034930306518495	0.4455423327257649	True
supp_h0_transfer	ntv2_500m_H0_w4096	mouse	0.937559801228433	human_h0_ntv2_500m	vertebrate	nan	nan	nan	transfer_BC_w4096	0.892472	0.903571	0.986424	1012599366	1105449631	0.4245689865689865	90.0	1.9542425094393248	0	2728222451	61	195154279	130530862	9	0.7530864197530864	0.386286	1000000	9.435879778485567	1.7853298350107671	8.115713206016725	8.290378078167688	0.3013870747975756	0.1905529139271684	baseline_plus_assembly_kmer	leave_clade_out	0.5232148290293044	0.3054411274379418	0.4143449721991286	True
final_errorbar	ntv2_250m_w4096	mouse	0.9180812946491188	human_h0_ntv2_250m	vertebrate	animal_fine	3.0	0.0328346949301695	nan	0.892472	0.903571	0.986424	1012599366	1105449631	0.4245689865689865	90.0	1.9542425094393248	0	2728222451	61	195154279	130530862	9	0.7530864197530864	0.386286	1000000	9.435879778485567	1.7853298350107671	8.115713206016725	8.290378078167688	0.3013870747975756	0.1905529139271684	baseline_plus_assembly_kmer	leave_clade_out	0.516449219649896	0.31069933421550616	0.4016320749992228	True
final_errorbar	ntv3_100m_pre_w2048	mouse	0.7771925460040144	human_h0_ntv3_100m	vertebrate	animal_fine	3.0	0.0909697815563608	nan	0.892472	0.903571	0.986424	1012599366	1105449631	0.4245689865689865	90.0	1.9542425094393248	0	2728222451	61	195154279	130530862	9	0.7530864197530864	0.386286	1000000	9.435879778485567	1.7853298350107671	8.115713206016725	8.290378078167688	0.3013870747975756	0.1905529139271684	baseline_plus_assembly_kmer	leave_clade_out	0.5668007145928317	0.2706488970242827	0.21039183141118278	True
calib_anchor	TFREPAIR_invert_boost_animal_4096_seed42	opossum	0.8811419601553324	animal	vertebrate	nan	nan	nan	animal_invert_boost_to_cross_eval	0.387702	0.396173	0.947731	784870682	1877580601	nan	160.0	2.204119982655925	1	3605631728	11	748055161	527952102	3	0.0177926855021289	0.435701	1000000	9.556981366683372	1.041392685158225	8.72259452332798	8.873933623579223	0.1607102295887423	0.0512806903667795	baseline_plus_assembly_kmer	leave_clade_out	0.6067152816916217	0.27667792874383473	0.2744266784637107	True
calib_anchor	cross_supervised_4096	opossum	0.8799647530707007	cross	vertebrate	nan	nan	nan	cross_supervised_to_cross_eval	0.387702	0.396173	0.947731	784870682	1877580601	nan	160.0	2.204119982655925	0	3605631728	11	748055161	527952102	3	0.0177926855021289	0.435701	1000000	9.556981366683372	1.041392685158225	8.72259452332798	8.873933623579223	0.1586751820351534	0.0461873669021071	baseline_plus_assembly_kmer	leave_clade_out	0.613857001909219	0.27993786570140405	0.26610775116148166	True
calib_anchor	insect_no_beetle_4096	opossum	0.3505344111723824	insect	vertebrate	nan	nan	nan	insect_no_beetle_to_cross_eval	0.387702	0.396173	0.947731	784870682	1877580601	nan	160.0	2.204119982655925	0	3605631728	11	748055161	527952102	3	0.0177926855021289	0.435701	1000000	9.556981366683372	1.041392685158225	8.72259452332798	8.873933623579223	0.2442594329957188	0.1031924297457334	baseline_plus_assembly_kmer	leave_clade_out	0.497269817258295	0.3076929827042689	0.14673540608591262	True
calib_anchor	plant_supervised_4096	opossum	0.3131202191971405	plant	vertebrate	nan	nan	nan	plant_supervised_to_cross_eval	0.387702	0.396173	0.947731	784870682	1877580601	nan	160.0	2.204119982655925	0	3605631728	11	748055161	527952102	3	0.0177926855021289	0.435701	1000000	9.556981366683372	1.041392685158225	8.72259452332798	8.873933623579223	0.1664911752100362	0.0432563267938208	baseline_plus_assembly_kmer	leave_clade_out	0.5570793967894708	0.3070350101391874	0.24395917759233032	True
calib_anchor	TFREPAIR_invert_boost_animal_4096_seed42	pig	0.8761131743803473	animal	vertebrate	nan	nan	nan	animal_invert_boost_to_cross_eval	0.582164	0.594998	0.964273	664295117	1076577590	nan	96.0	1.9822712330395684	1	274330532	1	274330532	274330532	1	0.0	0.530948	1000000	8.438274145705899	0.0	8.438274145705899	8.438274145705899	0.2077955972696367	0.1201355226055826	baseline_plus_assembly_kmer	leave_clade_out	0.3284374945805161	0.21409905257218628	0.5476756797998312	True
calib_anchor	cross_supervised_4096	pig	0.8761042913185231	cross	vertebrate	nan	nan	nan	cross_supervised_to_cross_eval	0.582164	0.594998	0.964273	664295117	1076577590	nan	96.0	1.9822712330395684	0	274330532	1	274330532	274330532	1	0.0	0.530948	1000000	8.438274145705899	0.0	8.438274145705899	8.438274145705899	0.2098828548461344	0.1185655744818539	baseline_plus_assembly_kmer	leave_clade_out	0.3281595204655647	0.21638081289536362	0.5479447708529583	True
calib_anchor	insect_no_beetle_4096	pig	0.1493562637371058	insect	vertebrate	nan	nan	nan	insect_no_beetle_to_cross_eval	0.582164	0.594998	0.964273	664295117	1076577590	nan	96.0	1.9822712330395684	0	274330532	1	274330532	274330532	1	0.0	0.530948	1000000	8.438274145705899	0.0	8.438274145705899	8.438274145705899	0.2607430443062736	0.1731967686892715	baseline_plus_assembly_kmer	leave_clade_out	0.269176008981262	0.16839348515427677	0.11981974524415617	True
calib_anchor	plant_supervised_4096	pig	0.0856805344147079	plant	vertebrate	nan	nan	nan	plant_supervised_to_cross_eval	0.582164	0.594998	0.964273	664295117	1076577590	nan	96.0	1.9822712330395684	0	274330532	1	274330532	274330532	1	0.0	0.530948	1000000	8.438274145705899	0.0	8.438274145705899	8.438274145705899	0.2025970561124229	0.105606010363931	baseline_plus_assembly_kmer	leave_clade_out	0.3513152449940039	0.23562934527083	0.265634710579296	True
calib_anchor	insect_no_beetle_4096	red_flour_beetle	0.0059299524368398	insect	insect	nan	nan	nan	insect_no_beetle_to_cross_eval	0.027167	0.29354	0.029068	1816066	179836	nan	820.0	2.9138138523837167	1	199682416	2211	32080666	13894384	6	0.0	0.330472	1000000	8.300339822655378	3.344588742578714	7.142839297329219	7.506243375731907	0.182358478678621	0.080736532281517	baseline_plus_assembly_kmer	leave_clade_out	0.5601282239092336	0.23893753102759854	0.5541982714723938	True
calib_anchor	insect_no_beetle_4096	red_flour_beetle	0.0059299524368398	insect	insect	nan	nan	nan	insect_no_beetle_to_stress_eval	0.027167	0.29354	0.029068	1816066	179836	nan	820.0	2.9138138523837167	1	199682416	2211	32080666	13894384	6	0.0	0.330472	1000000	8.300339822655378	3.344588742578714	7.142839297329219	7.506243375731907	0.182358478678621	0.080736532281517	baseline_plus_assembly_kmer	leave_clade_out	0.5601282239092336	0.23893753102759854	0.5541982714723938	True
anchor_anchor	insect_no_beetle_4096	red_flour_beetle	0.0059299524368398	insect	insect	nan	nan	nan	insect_no_beetle_to_insect_stress	0.027167	0.29354	0.029068	1816066	179836	nan	820.0	2.9138138523837167	1	199682416	2211	32080666	13894384	6	0.0	0.330472	1000000	8.300339822655378	3.344588742578714	7.142839297329219	7.506243375731907	0.182358478678621	0.080736532281517	baseline_plus_assembly_kmer	leave_clade_out	0.5601282239092336	0.23893753102759854	0.5541982714723938	True
anchor_anchor	insect_primary_4096	red_flour_beetle	0.0053634200258507	insect	insect	nan	nan	nan	insect_primary_to_insect_stress	0.027167	0.29354	0.029068	1816066	179836	nan	820.0	2.9138138523837167	1	199682416	2211	32080666	13894384	6	0.0	0.330472	1000000	8.300339822655378	3.344588742578714	7.142839297329219	7.506243375731907	0.182358478678621	0.080736532281517	baseline_plus_assembly_kmer	leave_clade_out	0.5601282239092336	0.23893753102759854	0.5547648038833829	True
calib_anchor	TFREPAIR_invert_boost_animal_4096_seed42	red_flour_beetle	0.0044488885799382	animal	insect	nan	nan	nan	animal_invert_boost_to_cross_eval	0.027167	0.29354	0.029068	1816066	179836	nan	820.0	2.9138138523837167	1	199682416	2211	32080666	13894384	6	0.0	0.330472	1000000	8.300339822655378	3.344588742578714	7.142839297329219	7.506243375731907	0.1716680913935699	0.0724491888367001	baseline_plus_assembly_kmer	leave_clade_out	0.6086058428422352	0.23917550522657002	0.604156954262297	True
calib_anchor	TFREPAIR_invert_boost_animal_4096_seed42	red_flour_beetle	0.0044488885799382	animal	insect	nan	nan	nan	animal_invert_boost_to_stress_eval	0.027167	0.29354	0.029068	1816066	179836	nan	820.0	2.9138138523837167	1	199682416	2211	32080666	13894384	6	0.0	0.330472	1000000	8.300339822655378	3.344588742578714	7.142839297329219	7.506243375731907	0.1716680913935699	0.0724491888367001	baseline_plus_assembly_kmer	leave_clade_out	0.6086058428422352	0.23917550522657002	0.604156954262297	True
anchor_anchor	TFREPAIR_invert_boost_animal_4096_seed42	red_flour_beetle	0.0044488885799382	animal	insect	nan	nan	nan	animal_invert_boost_to_insect_stress	0.027167	0.29354	0.029068	1816066	179836	nan	820.0	2.9138138523837167	1	199682416	2211	32080666	13894384	6	0.0	0.330472	1000000	8.300339822655378	3.344588742578714	7.142839297329219	7.506243375731907	0.1716680913935699	0.0724491888367001	baseline_plus_assembly_kmer	leave_clade_out	0.6086058428422352	0.23917550522657002	0.604156954262297	True
calib_anchor	cross_supervised_4096	red_flour_beetle	0.0030871384254842	cross	insect	nan	nan	nan	cross_supervised_to_cross_eval	0.027167	0.29354	0.029068	1816066	179836	nan	820.0	2.9138138523837167	0	199682416	2211	32080666	13894384	6	0.0	0.330472	1000000	8.300339822655378	3.344588742578714	7.142839297329219	7.506243375731907	0.1770641784426884	0.0859070146414682	baseline_plus_assembly_kmer	leave_clade_out	0.6158773515175376	0.2482044222995605	0.6127902130920534	True
calib_anchor	cross_supervised_4096	red_flour_beetle	0.0030871384254842	cross	insect	nan	nan	nan	cross_supervised_to_stress_eval	0.027167	0.29354	0.029068	1816066	179836	nan	820.0	2.9138138523837167	0	199682416	2211	32080666	13894384	6	0.0	0.330472	1000000	8.300339822655378	3.344588742578714	7.142839297329219	7.506243375731907	0.1770641784426884	0.0859070146414682	baseline_plus_assembly_kmer	leave_clade_out	0.6158773515175376	0.2482044222995605	0.6127902130920534	True
anchor_anchor	cross_supervised_4096	red_flour_beetle	0.0030871384254842	cross	insect	nan	nan	nan	cross_supervised_to_insect_stress	0.027167	0.29354	0.029068	1816066	179836	nan	820.0	2.9138138523837167	0	199682416	2211	32080666	13894384	6	0.0	0.330472	1000000	8.300339822655378	3.344588742578714	7.142839297329219	7.506243375731907	0.1770641784426884	0.0859070146414682	baseline_plus_assembly_kmer	leave_clade_out	0.6158773515175376	0.2482044222995605	0.6127902130920534	True
calib_anchor	plant_supervised_4096	red_flour_beetle	0.0023709296255628	plant	insect	nan	nan	nan	plant_supervised_to_cross_eval	0.027167	0.29354	0.029068	1816066	179836	nan	820.0	2.9138138523837167	0	199682416	2211	32080666	13894384	6	0.0	0.330472	1000000	8.300339822655378	3.344588742578714	7.142839297329219	7.506243375731907	0.2062665763937115	0.1299963863429378	baseline_plus_assembly_kmer	leave_clade_out	0.48216007797342464	0.2508071821243762	0.47978914834786185	True
calib_anchor	plant_supervised_4096	red_flour_beetle	0.0023709296255628	plant	insect	nan	nan	nan	plant_supervised_to_stress_eval	0.027167	0.29354	0.029068	1816066	179836	nan	820.0	2.9138138523837167	0	199682416	2211	32080666	13894384	6	0.0	0.330472	1000000	8.300339822655378	3.344588742578714	7.142839297329219	7.506243375731907	0.2062665763937115	0.1299963863429378	baseline_plus_assembly_kmer	leave_clade_out	0.48216007797342464	0.2508071821243762	0.47978914834786185	True
calib_anchor	direct_red_flour_beetle_4096	red_flour_beetle	0.0	other_anchor	insect	nan	nan	nan	direct_beetle_to_cross_eval	0.027167	0.29354	0.029068	1816066	179836	nan	820.0	2.9138138523837167	0	199682416	2211	32080666	13894384	6	0.0	0.330472	1000000	8.300339822655378	3.344588742578714	7.142839297329219	7.506243375731907	0.387481875883399	0.3795499300235393	baseline_plus_assembly_kmer	leave_clade_out	0.3274439941785558	0.19675637812266827	0.3274439941785558	True
calib_anchor	direct_red_flour_beetle_4096	red_flour_beetle	0.0	other_anchor	insect	nan	nan	nan	direct_beetle_to_stress_eval	0.027167	0.29354	0.029068	1816066	179836	nan	820.0	2.9138138523837167	0	199682416	2211	32080666	13894384	6	0.0	0.330472	1000000	8.300339822655378	3.344588742578714	7.142839297329219	7.506243375731907	0.387481875883399	0.3795499300235393	baseline_plus_assembly_kmer	leave_clade_out	0.3274439941785558	0.19675637812266827	0.3274439941785558	True
calib_anchor	direct_western_honey_bee_4096	red_flour_beetle	0.0	other_anchor	insect	nan	nan	nan	direct_honeybee_to_cross_eval	0.027167	0.29354	0.029068	1816066	179836	nan	820.0	2.9138138523837167	0	199682416	2211	32080666	13894384	6	0.0	0.330472	1000000	8.300339822655378	3.344588742578714	7.142839297329219	7.506243375731907	0.387481875883399	0.3795499300235393	baseline_plus_assembly_kmer	leave_clade_out	0.3274439941785558	0.19675637812266827	0.3274439941785558	True
calib_anchor	direct_western_honey_bee_4096	red_flour_beetle	0.0	other_anchor	insect	nan	nan	nan	direct_honeybee_to_stress_eval	0.027167	0.29354	0.029068	1816066	179836	nan	820.0	2.9138138523837167	0	199682416	2211	32080666	13894384	6	0.0	0.330472	1000000	8.300339822655378	3.344588742578714	7.142839297329219	7.506243375731907	0.387481875883399	0.3795499300235393	baseline_plus_assembly_kmer	leave_clade_out	0.3274439941785558	0.19675637812266827	0.3274439941785558	True
calib_anchor	direct_red_flour_beetle_4096	red_flour_beetle	0.0	other_anchor	insect	nan	nan	nan	direct_beetle_own_holdout	0.027167	0.29354	0.029068	1816066	179836	nan	820.0	2.9138138523837167	0	199682416	2211	32080666	13894384	6	0.0	0.330472	1000000	8.300339822655378	3.344588742578714	7.142839297329219	7.506243375731907	0.387481875883399	0.3795499300235393	baseline_plus_assembly_kmer	leave_clade_out	0.3274439941785558	0.19675637812266827	0.3274439941785558	True
calib_anchor	cross_supervised_4096	rice	0.8757886614942711	cross	plant	nan	nan	nan	cross_supervised_to_plant_fine	0.042709	0.042814	0.945597	6804792	150290274	0.4367724609375	1500.0	3.1760912590556813	0	375049285	63	43270923	29958434	6	0.0009990009990009	0.440543	1000000	8.574088341853379	1.7993405494535817	7.476519107994928	7.636196159112094	0.0509643028428826	0.0089788460254062	baseline_plus_assembly_kmer	leave_clade_out	0.8701650820783281	0.10433857773702825	0.0056235794159430474	True
calib_anchor	plant_supervised_4096	rice	0.8707687905287769	plant	plant	nan	nan	nan	plant_supervised_to_plant_fine	0.042709	0.042814	0.945597	6804792	150290274	0.4367724609375	1500.0	3.1760912590556813	1	375049285	63	43270923	29958434	6	0.0009990009990009	0.440543	1000000	8.574088341853379	1.7993405494535817	7.476519107994928	7.636196159112094	0.0266445732235012	0.0019077973482301	baseline_plus_assembly_kmer	leave_clade_out	0.7048217360686565	0.3288654864651775	0.16594705446012037	True
calib_anchor	TFREPAIR_invert_boost_animal_4096_seed42	rice	0.7436754544113025	animal	plant	nan	nan	nan	animal_invert_boost_to_plant_fine	0.042709	0.042814	0.945597	6804792	150290274	0.4367724609375	1500.0	3.1760912590556813	0	375049285	63	43270923	29958434	6	0.0009990009990009	0.440543	1000000	8.574088341853379	1.7993405494535817	7.476519107994928	7.636196159112094	0.0884855408342787	0.024015940484199	baseline_plus_assembly_kmer	leave_clade_out	0.862360123197964	0.11371308672739001	0.1186846687866615	True
calib_anchor	insect_no_beetle_4096	rice	0.6461381376419327	insect	plant	nan	nan	nan	insect_no_beetle_to_plant_fine	0.042709	0.042814	0.945597	6804792	150290274	0.4367724609375	1500.0	3.1760912590556813	0	375049285	63	43270923	29958434	6	0.0009990009990009	0.440543	1000000	8.574088341853379	1.7993405494535817	7.476519107994928	7.636196159112094	0.1297892289697576	0.0416255932528221	baseline_plus_assembly_kmer	leave_clade_out	0.8087379325987933	0.1678929758748873	0.1625997949568606	True
final_errorbar	ntv3_100m_pre_w2048	rice	0.4280118170164783	human_h0_ntv3_100m	plant	plant_fine	3.0	0.0089135891045139	nan	0.042709	0.042814	0.945597	6804792	150290274	0.4367724609375	1500.0	3.1760912590556813	0	375049285	63	43270923	29958434	6	0.0009990009990009	0.440543	1000000	8.574088341853379	1.7993405494535817	7.476519107994928	7.636196159112094	0.2387362365796297	0.1495374763496936	baseline_plus_assembly_kmer	leave_clade_out	0.6017586517932042	0.17629606838461812	0.17374683477672592	True
final_errorbar	ntv2_250m_w4096	rice	0.1180575922330197	human_h0_ntv2_250m	plant	plant_fine	3.0	0.0082940112619889	nan	0.042709	0.042814	0.945597	6804792	150290274	0.4367724609375	1500.0	3.1760912590556813	0	375049285	63	43270923	29958434	6	0.0009990009990009	0.440543	1000000	8.574088341853379	1.7993405494535817	7.476519107994928	7.636196159112094	0.2387362365796297	0.1495374763496936	baseline_plus_assembly_kmer	leave_clade_out	0.6487147854739171	0.18883208096846218	0.5306571932408974	True
supp_h0_transfer	ntv2_500m_H0_w4096	rice	0.115519977917328	human_h0_ntv2_500m	plant	nan	nan	nan	transfer_BC_w4096	0.042709	0.042814	0.945597	6804792	150290274	0.4367724609375	1500.0	3.1760912590556813	0	375049285	63	43270923	29958434	6	0.0009990009990009	0.440543	1000000	8.574088341853379	1.7993405494535817	7.476519107994928	7.636196159112094	0.2387362365796297	0.1495374763496936	baseline_plus_assembly_kmer	leave_clade_out	0.6627643549427081	0.19072788010242256	0.5472443770253801	True
calib_anchor	cross_supervised_4096	sorghum	0.9154621597006132	cross	plant	nan	nan	nan	cross_supervised_to_plant_fine	0.057919	0.05798	0.982235	24648380	417568699	0.43649658203125	1500.0	3.1760912590556813	0	709344700	869	80884392	68658214	5	0.0	0.442729	1000000	8.85085732817176	2.9390197764486663	7.836692501973025	7.907864725292852	0.0537853232039029	0.0104612611262495	baseline_plus_assembly_kmer	leave_clade_out	0.8780274552868209	0.1018914612530819	0.037434704413792264	True
calib_anchor	plant_supervised_4096	sorghum	0.9087078620701828	plant	plant	nan	nan	nan	plant_supervised_to_plant_fine	0.057919	0.05798	0.982235	24648380	417568699	0.43649658203125	1500.0	3.1760912590556813	1	709344700	869	80884392	68658214	5	0.0	0.442729	1000000	8.85085732817176	2.9390197764486663	7.836692501973025	7.907864725292852	0.0273914249208693	0.0019576048399221	baseline_plus_assembly_kmer	leave_clade_out	0.7091615716072371	0.3314152537907693	0.1995462904629457	True
calib_anchor	TFREPAIR_invert_boost_animal_4096_seed42	sorghum	0.8370785739861111	animal	plant	nan	nan	nan	animal_invert_boost_to_plant_fine	0.057919	0.05798	0.982235	24648380	417568699	0.43649658203125	1500.0	3.1760912590556813	0	709344700	869	80884392	68658214	5	0.0	0.442729	1000000	8.85085732817176	2.9390197764486663	7.836692501973025	7.907864725292852	0.0942512747889714	0.0278449023844741	baseline_plus_assembly_kmer	leave_clade_out	0.8686312344201204	0.11324168380265968	0.03155266043400928	True
calib_anchor	insect_no_beetle_4096	sorghum	0.7395318366775196	insect	plant	nan	nan	nan	insect_no_beetle_to_plant_fine	0.057919	0.05798	0.982235	24648380	417568699	0.43649658203125	1500.0	3.1760912590556813	0	709344700	869	80884392	68658214	5	0.0	0.442729	1000000	8.85085732817176	2.9390197764486663	7.836692501973025	7.907864725292852	0.1395994473150001	0.0492361155990339	baseline_plus_assembly_kmer	leave_clade_out	0.8108369479331377	0.17087212647808034	0.071305111255618	True
final_errorbar	ntv3_100m_pre_w2048	sorghum	0.4747462171975484	human_h0_ntv3_100m	plant	plant_fine	3.0	0.0156681636990695	nan	0.057919	0.05798	0.982235	24648380	417568699	0.43649658203125	1500.0	3.1760912590556813	0	709344700	869	80884392	68658214	5	0.0	0.442729	1000000	8.85085732817176	2.9390197764486663	7.836692501973025	7.907864725292852	0.2366280772731148	0.1465793330978378	baseline_plus_assembly_kmer	leave_clade_out	0.6089336453153881	0.1669837382226683	0.13418742811783968	True
supp_h0_transfer	ntv2_500m_H0_w4096	sorghum	0.1793904911276665	human_h0_ntv2_500m	plant	nan	nan	nan	transfer_BC_w4096	0.057919	0.05798	0.982235	24648380	417568699	0.43649658203125	1500.0	3.1760912590556813	0	709344700	869	80884392	68658214	5	0.0	0.442729	1000000	8.85085732817176	2.9390197764486663	7.836692501973025	7.907864725292852	0.2366280772731148	0.1465793330978378	baseline_plus_assembly_kmer	leave_clade_out	0.6731516170085106	0.17923544805740685	0.4937611258808441	True
final_errorbar	ntv2_250m_w4096	sorghum	0.1551588113564608	human_h0_ntv2_250m	plant	plant_fine	3.0	0.0342168256944894	nan	0.057919	0.05798	0.982235	24648380	417568699	0.43649658203125	1500.0	3.1760912590556813	0	709344700	869	80884392	68658214	5	0.0	0.442729	1000000	8.85085732817176	2.9390197764486663	7.836692501973025	7.907864725292852	0.2366280772731148	0.1465793330978378	baseline_plus_assembly_kmer	leave_clade_out	0.6578811993803931	0.17741719984880414	0.5027223880239323	True
calib_anchor	TFREPAIR_invert_boost_animal_4096_seed42	soybean	0.5650860204945004	animal	plant	nan	nan	nan	animal_invert_boost_to_cross_eval	0.121572	0.122064	0.967888	51176368	405794558	nan	1550.0	3.1903316981702914	0	978491270	1190	58018742	48577505	10	0.0140867288186392	0.330132	1000000	8.990556955279926	3.0755469613925306	7.686435205146788	7.763568307914055	0.1721211082809056	0.0467496388777612	baseline_plus_assembly_kmer	leave_clade_out	0.4704251401324807	0.3166261970028204	0.0946608803620197	True
calib_anchor	TFREPAIR_invert_boost_animal_4096_seed42	soybean	0.5650854892493286	animal	plant	nan	nan	nan	animal_invert_boost_to_plant_eval	0.121572	0.122064	0.967888	51176368	405794558	nan	1550.0	3.1903316981702914	0	978491270	1190	58018742	48577505	10	0.0140867288186392	0.330132	1000000	8.990556955279926	3.0755469613925306	7.686435205146788	7.763568307914055	0.1721211082809056	0.0467496388777612	baseline_plus_assembly_kmer	leave_clade_out	0.4704251401324807	0.3166261970028204	0.09466034911684784	True
calib_anchor	insect_no_beetle_4096	soybean	0.4867824461937038	insect	plant	nan	nan	nan	insect_no_beetle_to_cross_eval	0.121572	0.122064	0.967888	51176368	405794558	nan	1550.0	3.1903316981702914	0	978491270	1190	58018742	48577505	10	0.0140867288186392	0.330132	1000000	8.990556955279926	3.0755469613925306	7.686435205146788	7.763568307914055	0.2213663352869438	0.0708915192575917	baseline_plus_assembly_kmer	leave_clade_out	0.3398071972974054	0.2905940124749505	0.14697524889629843	True
calib_anchor	insect_no_beetle_4096	soybean	0.4867824461937038	insect	plant	nan	nan	nan	insect_no_beetle_to_plant_eval	0.121572	0.122064	0.967888	51176368	405794558	nan	1550.0	3.1903316981702914	0	978491270	1190	58018742	48577505	10	0.0140867288186392	0.330132	1000000	8.990556955279926	3.0755469613925306	7.686435205146788	7.763568307914055	0.2213663352869438	0.0708915192575917	baseline_plus_assembly_kmer	leave_clade_out	0.3398071972974054	0.2905940124749505	0.14697524889629843	True
calib_anchor	cross_supervised_4096	soybean	0.4136761357660033	cross	plant	nan	nan	nan	cross_supervised_to_cross_eval	0.121572	0.122064	0.967888	51176368	405794558	nan	1550.0	3.1903316981702914	0	978491270	1190	58018742	48577505	10	0.0140867288186392	0.330132	1000000	8.990556955279926	3.0755469613925306	7.686435205146788	7.763568307914055	0.1689640981121739	0.0484850139947763	baseline_plus_assembly_kmer	leave_clade_out	0.4968074193371259	0.32397484547374733	0.0831312835711226	True
calib_anchor	cross_supervised_4096	soybean	0.4136761357660033	cross	plant	nan	nan	nan	cross_supervised_to_plant_eval	0.121572	0.122064	0.967888	51176368	405794558	nan	1550.0	3.1903316981702914	0	978491270	1190	58018742	48577505	10	0.0140867288186392	0.330132	1000000	8.990556955279926	3.0755469613925306	7.686435205146788	7.763568307914055	0.1689640981121739	0.0484850139947763	baseline_plus_assembly_kmer	leave_clade_out	0.4968074193371259	0.32397484547374733	0.0831312835711226	True
calib_anchor	plant_supervised_4096	soybean	0.4115535505913839	plant	plant	nan	nan	nan	plant_supervised_to_cross_eval	0.121572	0.122064	0.967888	51176368	405794558	nan	1550.0	3.1903316981702914	1	978491270	1190	58018742	48577505	10	0.0140867288186392	0.330132	1000000	8.990556955279926	3.0755469613925306	7.686435205146788	7.763568307914055	0.1946953499497931	0.0763255186024801	baseline_plus_assembly_kmer	leave_clade_out	0.2854177069284991	0.28899998674668076	0.12613584366288477	True
calib_anchor	plant_supervised_4096	soybean	0.4115535505913839	plant	plant	nan	nan	nan	plant_supervised_to_plant_eval	0.121572	0.122064	0.967888	51176368	405794558	nan	1550.0	3.1903316981702914	1	978491270	1190	58018742	48577505	10	0.0140867288186392	0.330132	1000000	8.990556955279926	3.0755469613925306	7.686435205146788	7.763568307914055	0.1946953499497931	0.0763255186024801	baseline_plus_assembly_kmer	leave_clade_out	0.2854177069284991	0.28899998674668076	0.12613584366288477	True
calib_anchor	plant_supervised_4096	teosinte	0.9308197551982428	plant	plant	nan	nan	nan	plant_supervised_to_cross_eval	0.086856	0.088019	0.868021	259955621	2563626352	nan	1500.0	3.1760912590556813	1	3290921811	8365	294039681	175094470	8	0.0	0.438516	1000000	9.517317564015846	3.922465945298413	8.243272429998866	8.468405942917126	0.2100077500333409	0.103231294898657	baseline_plus_assembly_kmer	leave_clade_out	0.2931696821111293	0.25593105204502187	0.6376500730871135	True
calib_anchor	plant_supervised_4096	teosinte	0.9308197551982428	plant	plant	nan	nan	nan	plant_supervised_to_plant_eval	0.086856	0.088019	0.868021	259955621	2563626352	nan	1500.0	3.1760912590556813	1	3290921811	8365	294039681	175094470	8	0.0	0.438516	1000000	9.517317564015846	3.922465945298413	8.243272429998866	8.468405942917126	0.2100077500333409	0.103231294898657	baseline_plus_assembly_kmer	leave_clade_out	0.2931696821111293	0.25593105204502187	0.6376500730871135	True
calib_anchor	cross_supervised_4096	teosinte	0.9299634062638152	cross	plant	nan	nan	nan	cross_supervised_to_cross_eval	0.086856	0.088019	0.868021	259955621	2563626352	nan	1500.0	3.1760912590556813	0	3290921811	8365	294039681	175094470	8	0.0	0.438516	1000000	9.517317564015846	3.922465945298413	8.243272429998866	8.468405942917126	0.2120411295082017	0.1047709646574465	baseline_plus_assembly_kmer	leave_clade_out	0.4044245922723471	0.3148408701847489	0.5255388139914681	True
calib_anchor	cross_supervised_4096	teosinte	0.9299634062638152	cross	plant	nan	nan	nan	cross_supervised_to_plant_eval	0.086856	0.088019	0.868021	259955621	2563626352	nan	1500.0	3.1760912590556813	0	3290921811	8365	294039681	175094470	8	0.0	0.438516	1000000	9.517317564015846	3.922465945298413	8.243272429998866	8.468405942917126	0.2120411295082017	0.1047709646574465	baseline_plus_assembly_kmer	leave_clade_out	0.4044245922723471	0.3148408701847489	0.5255388139914681	True
calib_anchor	TFREPAIR_invert_boost_animal_4096_seed42	teosinte	0.8886845637016639	animal	plant	nan	nan	nan	animal_invert_boost_to_cross_eval	0.086856	0.088019	0.868021	259955621	2563626352	nan	1500.0	3.1760912590556813	0	3290921811	8365	294039681	175094470	8	0.0	0.438516	1000000	9.517317564015846	3.922465945298413	8.243272429998866	8.468405942917126	0.2168178063542519	0.1112460410900726	baseline_plus_assembly_kmer	leave_clade_out	0.36469513013427746	0.29355563043096683	0.5239894335673865	True
calib_anchor	TFREPAIR_invert_boost_animal_4096_seed42	teosinte	0.8886845637016639	animal	plant	nan	nan	nan	animal_invert_boost_to_plant_eval	0.086856	0.088019	0.868021	259955621	2563626352	nan	1500.0	3.1760912590556813	0	3290921811	8365	294039681	175094470	8	0.0	0.438516	1000000	9.517317564015846	3.922465945298413	8.243272429998866	8.468405942917126	0.2168178063542519	0.1112460410900726	baseline_plus_assembly_kmer	leave_clade_out	0.36469513013427746	0.29355563043096683	0.5239894335673865	True
calib_anchor	insect_no_beetle_4096	teosinte	0.7928110204987012	insect	plant	nan	nan	nan	insect_no_beetle_to_cross_eval	0.086856	0.088019	0.868021	259955621	2563626352	nan	1500.0	3.1760912590556813	0	3290921811	8365	294039681	175094470	8	0.0	0.438516	1000000	9.517317564015846	3.922465945298413	8.243272429998866	8.468405942917126	0.24756711504357	0.1387104209292143	baseline_plus_assembly_kmer	leave_clade_out	0.2714765918795997	0.20411912928301817	0.5213344286191015	True
calib_anchor	insect_no_beetle_4096	teosinte	0.7928110204987012	insect	plant	nan	nan	nan	insect_no_beetle_to_plant_eval	0.086856	0.088019	0.868021	259955621	2563626352	nan	1500.0	3.1760912590556813	0	3290921811	8365	294039681	175094470	8	0.0	0.438516	1000000	9.517317564015846	3.922465945298413	8.243272429998866	8.468405942917126	0.24756711504357	0.1387104209292143	baseline_plus_assembly_kmer	leave_clade_out	0.2714765918795997	0.20411912928301817	0.5213344286191015	True
calib_anchor	cross_supervised_4096	thale_cress	0.7121875392581978	cross	plant	nan	nan	nan	cross_supervised_to_plant_fine	0.043011	0.043145	0.932855	1297325	28049979	0.37922119140625	1550.0	3.1903316981702914	0	119667750	7	30427671	23459830	3	0.0	0.372445	1000000	8.077977125476142	0.8450980400142568	7.370324860706645	7.48326871178776	0.1110569059282151	0.0213077580291249	baseline_plus_assembly_kmer	leave_clade_out	0.8356367727357566	0.1471872466532489	0.12344923347755887	True
calib_anchor	plant_supervised_4096	thale_cress	0.6974776069597389	plant	plant	nan	nan	nan	plant_supervised_to_plant_fine	0.043011	0.043145	0.932855	1297325	28049979	0.37922119140625	1550.0	3.1903316981702914	1	119667750	7	30427671	23459830	3	0.0	0.372445	1000000	8.077977125476142	0.8450980400142568	7.370324860706645	7.48326871178776	0.1249666485378415	0.0307960258984802	baseline_plus_assembly_kmer	leave_clade_out	0.6752349512797502	0.31492440511753744	0.022242655679988732	True
calib_anchor	TFREPAIR_invert_boost_animal_4096_seed42	thale_cress	0.2079073653834738	animal	plant	nan	nan	nan	animal_invert_boost_to_plant_fine	0.043011	0.043145	0.932855	1297325	28049979	0.37922119140625	1550.0	3.1903316981702914	0	119667750	7	30427671	23459830	3	0.0	0.372445	1000000	8.077977125476142	0.8450980400142568	7.370324860706645	7.48326871178776	0.1234742428456467	0.0279292546598651	baseline_plus_assembly_kmer	leave_clade_out	0.8169743047188196	0.1707012468822859	0.6090669393353458	True
calib_anchor	insect_no_beetle_4096	thale_cress	0.1382559591838703	insect	plant	nan	nan	nan	insect_no_beetle_to_plant_fine	0.043011	0.043145	0.932855	1297325	28049979	0.37922119140625	1550.0	3.1903316981702914	0	119667750	7	30427671	23459830	3	0.0	0.372445	1000000	8.077977125476142	0.8450980400142568	7.370324860706645	7.48326871178776	0.1564172368424756	0.0430840989911306	baseline_plus_assembly_kmer	leave_clade_out	0.7500018309359872	0.1852141804556328	0.6117458717521169	True
final_errorbar	ntv3_100m_pre_w2048	thale_cress	0.1299511497000876	human_h0_ntv3_100m	plant	plant_fine	3.0	0.0173026332429277	nan	0.043011	0.043145	0.932855	1297325	28049979	0.37922119140625	1550.0	3.1903316981702914	0	119667750	7	30427671	23459830	3	0.0	0.372445	1000000	8.077977125476142	0.8450980400142568	7.370324860706645	7.48326871178776	0.3352596901322179	0.268016439460078	baseline_plus_assembly_kmer	leave_clade_out	0.41978130330337143	0.19734556387534896	0.28983015360328385	True
final_errorbar	ntv2_250m_w4096	thale_cress	0.059250325526733	human_h0_ntv2_250m	plant	plant_fine	3.0	0.0279221757123653	nan	0.043011	0.043145	0.932855	1297325	28049979	0.37922119140625	1550.0	3.1903316981702914	0	119667750	7	30427671	23459830	3	0.0	0.372445	1000000	8.077977125476142	0.8450980400142568	7.370324860706645	7.48326871178776	0.3352596901322179	0.268016439460078	baseline_plus_assembly_kmer	leave_clade_out	0.44368921049483334	0.22144710626953457	0.38443888496810036	True
supp_h0_transfer	ntv2_500m_H0_w4096	thale_cress	0.0350888069185704	human_h0_ntv2_500m	plant	nan	nan	nan	transfer_BC_w4096	0.043011	0.043145	0.932855	1297325	28049979	0.37922119140625	1550.0	3.1903316981702914	0	119667750	7	30427671	23459830	3	0.0	0.372445	1000000	8.077977125476142	0.8450980400142568	7.370324860706645	7.48326871178776	0.3352596901322179	0.268016439460078	baseline_plus_assembly_kmer	leave_clade_out	0.45481736637418735	0.23310165886236103	0.41972855945561693	True
supp_h0_transfer	ntv2_500m_H0_w4096	western_clawed_frog	0.7676709570719781	human_h0_ntv2_500m	vertebrate	nan	nan	nan	transfer_BC_w4096	0.000179	0.000179	0.967076	84407	455592780	0.5371810538664581	360.0	2.556302500767288	0	1451301209	167	217471166	153961319	5	0.0029910269192422	0.505897	1000000	9.16175755704896	2.2227164711475837	8.18741162307706	8.337401683004607	0.1957973399316009	0.0911435831684164	baseline_plus_assembly_kmer	leave_clade_out	0.41365505073001657	0.216554097328356	0.3540159063419615	True
final_errorbar	ntv2_250m_w4096	western_clawed_frog	0.6476854010493278	human_h0_ntv2_250m	vertebrate	animal_fine	3.0	0.0436579387818896	nan	0.000179	0.000179	0.967076	84407	455592780	0.5371810538664581	360.0	2.556302500767288	0	1451301209	167	217471166	153961319	5	0.0029910269192422	0.505897	1000000	9.16175755704896	2.2227164711475837	8.18741162307706	8.337401683004607	0.1957973399316009	0.0911435831684164	baseline_plus_assembly_kmer	leave_clade_out	0.411178805924328	0.21777123908717289	0.23650659512499983	True
final_errorbar	ntv3_100m_pre_w2048	western_clawed_frog	0.5191597065847986	human_h0_ntv3_100m	vertebrate	animal_fine	3.0	0.0896323044666213	nan	0.000179	0.000179	0.967076	84407	455592780	0.5371810538664581	360.0	2.556302500767288	0	1451301209	167	217471166	153961319	5	0.0029910269192422	0.505897	1000000	9.16175755704896	2.2227164711475837	8.18741162307706	8.337401683004607	0.1957973399316009	0.0911435831684164	baseline_plus_assembly_kmer	leave_clade_out	0.4615051555480599	0.19649931524269737	0.05765455103673872	True
anchor_anchor	insect_primary_4096	western_honey_bee	0.946524064171123	insect	insect	nan	nan	nan	insect_primary_to_insect_stress	0.020425	0.982865	0.020432	4337232	90164	nan	820.0	2.9138138523837167	1	51457486	3	25433307	14233499	2	0.0388635522641971	0.404665	1000000	7.71144856455995	0.4771212547196624	7.15331167517893	7.405402833572285	0.1030895049884773	0.0198094430108711	baseline_plus_assembly_kmer	leave_clade_out	0.6023515470741794	0.2089555068803936	0.34417251709694363	True
calib_anchor	insect_no_beetle_4096	western_honey_bee	0.7983193277310925	insect	insect	nan	nan	nan	insect_no_beetle_to_cross_eval	0.020425	0.982865	0.020432	4337232	90164	nan	820.0	2.9138138523837167	1	51457486	3	25433307	14233499	2	0.0388635522641971	0.404665	1000000	7.71144856455995	0.4771212547196624	7.15331167517893	7.405402833572285	0.1030895049884773	0.0198094430108711	baseline_plus_assembly_kmer	leave_clade_out	0.6023515470741794	0.2089555068803936	0.19596778065691312	True
calib_anchor	insect_no_beetle_4096	western_honey_bee	0.7983193277310925	insect	insect	nan	nan	nan	insect_no_beetle_to_stress_eval	0.020425	0.982865	0.020432	4337232	90164	nan	820.0	2.9138138523837167	1	51457486	3	25433307	14233499	2	0.0388635522641971	0.404665	1000000	7.71144856455995	0.4771212547196624	7.15331167517893	7.405402833572285	0.1030895049884773	0.0198094430108711	baseline_plus_assembly_kmer	leave_clade_out	0.6023515470741794	0.2089555068803936	0.19596778065691312	True
anchor_anchor	insect_no_beetle_4096	western_honey_bee	0.7983193277310925	insect	insect	nan	nan	nan	insect_no_beetle_to_insect_stress	0.020425	0.982865	0.020432	4337232	90164	nan	820.0	2.9138138523837167	1	51457486	3	25433307	14233499	2	0.0388635522641971	0.404665	1000000	7.71144856455995	0.4771212547196624	7.15331167517893	7.405402833572285	0.1030895049884773	0.0198094430108711	baseline_plus_assembly_kmer	leave_clade_out	0.6023515470741794	0.2089555068803936	0.19596778065691312	True
calib_anchor	TFREPAIR_invert_boost_animal_4096_seed42	western_honey_bee	0.05217988328184	animal	insect	nan	nan	nan	animal_invert_boost_to_cross_eval	0.020425	0.982865	0.020432	4337232	90164	nan	820.0	2.9138138523837167	1	51457486	3	25433307	14233499	2	0.0388635522641971	0.404665	1000000	7.71144856455995	0.4771212547196624	7.15331167517893	7.405402833572285	0.1975547081920625	0.0743872976560842	baseline_plus_assembly_kmer	leave_clade_out	0.4538625012134655	0.27909526984253985	0.4016826179316255	True
calib_anchor	TFREPAIR_invert_boost_animal_4096_seed42	western_honey_bee	0.05217988328184	animal	insect	nan	nan	nan	animal_invert_boost_to_stress_eval	0.020425	0.982865	0.020432	4337232	90164	nan	820.0	2.9138138523837167	1	51457486	3	25433307	14233499	2	0.0388635522641971	0.404665	1000000	7.71144856455995	0.4771212547196624	7.15331167517893	7.405402833572285	0.1975547081920625	0.0743872976560842	baseline_plus_assembly_kmer	leave_clade_out	0.4538625012134655	0.27909526984253985	0.4016826179316255	True
anchor_anchor	TFREPAIR_invert_boost_animal_4096_seed42	western_honey_bee	0.05217988328184	animal	insect	nan	nan	nan	animal_invert_boost_to_insect_stress	0.020425	0.982865	0.020432	4337232	90164	nan	820.0	2.9138138523837167	1	51457486	3	25433307	14233499	2	0.0388635522641971	0.404665	1000000	7.71144856455995	0.4771212547196624	7.15331167517893	7.405402833572285	0.1975547081920625	0.0743872976560842	baseline_plus_assembly_kmer	leave_clade_out	0.4538625012134655	0.27909526984253985	0.4016826179316255	True
calib_anchor	cross_supervised_4096	western_honey_bee	0.0052898014902451	cross	insect	nan	nan	nan	cross_supervised_to_cross_eval	0.020425	0.982865	0.020432	4337232	90164	nan	820.0	2.9138138523837167	0	51457486	3	25433307	14233499	2	0.0388635522641971	0.404665	1000000	7.71144856455995	0.4771212547196624	7.15331167517893	7.405402833572285	0.2119073798001238	0.0902008757309238	baseline_plus_assembly_kmer	leave_clade_out	0.4447340137631878	0.29203662213219395	0.43944421227294267	True
calib_anchor	cross_supervised_4096	western_honey_bee	0.0052898014902451	cross	insect	nan	nan	nan	cross_supervised_to_stress_eval	0.020425	0.982865	0.020432	4337232	90164	nan	820.0	2.9138138523837167	0	51457486	3	25433307	14233499	2	0.0388635522641971	0.404665	1000000	7.71144856455995	0.4771212547196624	7.15331167517893	7.405402833572285	0.2119073798001238	0.0902008757309238	baseline_plus_assembly_kmer	leave_clade_out	0.4447340137631878	0.29203662213219395	0.43944421227294267	True
anchor_anchor	cross_supervised_4096	western_honey_bee	0.0052898014902451	cross	insect	nan	nan	nan	cross_supervised_to_insect_stress	0.020425	0.982865	0.020432	4337232	90164	nan	820.0	2.9138138523837167	0	51457486	3	25433307	14233499	2	0.0388635522641971	0.404665	1000000	7.71144856455995	0.4771212547196624	7.15331167517893	7.405402833572285	0.2119073798001238	0.0902008757309238	baseline_plus_assembly_kmer	leave_clade_out	0.4447340137631878	0.29203662213219395	0.43944421227294267	True
calib_anchor	plant_supervised_4096	western_honey_bee	0.0003842421976866	plant	insect	nan	nan	nan	plant_supervised_to_cross_eval	0.020425	0.982865	0.020432	4337232	90164	nan	820.0	2.9138138523837167	0	51457486	3	25433307	14233499	2	0.0388635522641971	0.404665	1000000	7.71144856455995	0.4771212547196624	7.15331167517893	7.405402833572285	0.2144848278327983	0.1040586970085212	baseline_plus_assembly_kmer	leave_clade_out	0.3310681027147992	0.2443161079671476	0.33068386051711257	True
calib_anchor	plant_supervised_4096	western_honey_bee	0.0003842416254314	plant	insect	nan	nan	nan	plant_supervised_to_stress_eval	0.020425	0.982865	0.020432	4337232	90164	nan	820.0	2.9138138523837167	0	51457486	3	25433307	14233499	2	0.0388635522641971	0.404665	1000000	7.71144856455995	0.4771212547196624	7.15331167517893	7.405402833572285	0.2144848278327983	0.1040586970085212	baseline_plus_assembly_kmer	leave_clade_out	0.3310681027147992	0.2443161079671476	0.3306838610893678	True
calib_anchor	direct_red_flour_beetle_4096	western_honey_bee	0.0	other_anchor	insect	nan	nan	nan	direct_beetle_to_cross_eval	0.020425	0.982865	0.020432	4337232	90164	nan	820.0	2.9138138523837167	0	51457486	3	25433307	14233499	2	0.0388635522641971	0.404665	1000000	7.71144856455995	0.4771212547196624	7.15331167517893	7.405402833572285	0.3782434204252473	0.3304654870915913	baseline_plus_assembly_kmer	leave_clade_out	0.18696836418801815	0.1323876095948488	0.18696836418801815	True
calib_anchor	direct_red_flour_beetle_4096	western_honey_bee	0.0	other_anchor	insect	nan	nan	nan	direct_beetle_to_stress_eval	0.020425	0.982865	0.020432	4337232	90164	nan	820.0	2.9138138523837167	0	51457486	3	25433307	14233499	2	0.0388635522641971	0.404665	1000000	7.71144856455995	0.4771212547196624	7.15331167517893	7.405402833572285	0.3782434204252473	0.3304654870915913	baseline_plus_assembly_kmer	leave_clade_out	0.18696836418801815	0.1323876095948488	0.18696836418801815	True
calib_anchor	direct_western_honey_bee_4096	western_honey_bee	0.0	other_anchor	insect	nan	nan	nan	direct_honeybee_to_cross_eval	0.020425	0.982865	0.020432	4337232	90164	nan	820.0	2.9138138523837167	0	51457486	3	25433307	14233499	2	0.0388635522641971	0.404665	1000000	7.71144856455995	0.4771212547196624	7.15331167517893	7.405402833572285	0.3782434204252473	0.3304654870915913	baseline_plus_assembly_kmer	leave_clade_out	0.18696836418801815	0.1323876095948488	0.18696836418801815	True
calib_anchor	direct_western_honey_bee_4096	western_honey_bee	0.0	other_anchor	insect	nan	nan	nan	direct_honeybee_to_stress_eval	0.020425	0.982865	0.020432	4337232	90164	nan	820.0	2.9138138523837167	0	51457486	3	25433307	14233499	2	0.0388635522641971	0.404665	1000000	7.71144856455995	0.4771212547196624	7.15331167517893	7.405402833572285	0.3782434204252473	0.3304654870915913	baseline_plus_assembly_kmer	leave_clade_out	0.18696836418801815	0.1323876095948488	0.18696836418801815	True
calib_anchor	direct_western_honey_bee_4096	western_honey_bee	0.0	other_anchor	insect	nan	nan	nan	direct_honeybee_own_holdout	0.020425	0.982865	0.020432	4337232	90164	nan	820.0	2.9138138523837167	0	51457486	3	25433307	14233499	2	0.0388635522641971	0.404665	1000000	7.71144856455995	0.4771212547196624	7.15331167517893	7.405402833572285	0.3782434204252473	0.3304654870915913	baseline_plus_assembly_kmer	leave_clade_out	0.18696836418801815	0.1323876095948488	0.18696836418801815	True
anchor_anchor	TFREPAIR_invert_boost_animal_4096_seed42	x_laevis	0.4013777654205557	animal	vertebrate	nan	nan	nan	animal_invert_boost_to_insect_stress	0.000194	0.000194	0.813401	56801	238590187	nan	370.0	2.568201724066995	1	2718433805	108033	219802468	136570856	9	0.1479724726946478	0.38498	1000000	9.434318762214229	5.033556436308993	8.13535803149204	8.34203256448767	0.1125183122375499	0.0175004510961257	baseline_plus_assembly_kmer	leave_clade_out	0.8148536237297352	0.1491723332342268	0.41347585830917954	True
calib_anchor	TFREPAIR_invert_boost_animal_4096_seed42	x_laevis	0.4013775981071781	animal	vertebrate	nan	nan	nan	animal_invert_boost_to_cross_eval	0.000194	0.000194	0.813401	56801	238590187	nan	370.0	2.568201724066995	1	2718433805	108033	219802468	136570856	9	0.1479724726946478	0.38498	1000000	9.434318762214229	5.033556436308993	8.13535803149204	8.34203256448767	0.1125183122375499	0.0175004510961257	baseline_plus_assembly_kmer	leave_clade_out	0.8148536237297352	0.1491723332342268	0.41347602562255714	True
calib_anchor	TFREPAIR_invert_boost_animal_4096_seed42	x_laevis	0.4013775981071781	animal	vertebrate	nan	nan	nan	animal_invert_boost_to_stress_eval	0.000194	0.000194	0.813401	56801	238590187	nan	370.0	2.568201724066995	1	2718433805	108033	219802468	136570856	9	0.1479724726946478	0.38498	1000000	9.434318762214229	5.033556436308993	8.13535803149204	8.34203256448767	0.1125183122375499	0.0175004510961257	baseline_plus_assembly_kmer	leave_clade_out	0.8148536237297352	0.1491723332342268	0.41347602562255714	True
calib_anchor	cross_supervised_4096	x_laevis	0.3945827783795458	cross	vertebrate	nan	nan	nan	cross_supervised_to_cross_eval	0.000194	0.000194	0.813401	56801	238590187	nan	370.0	2.568201724066995	0	2718433805	108033	219802468	136570856	9	0.1479724726946478	0.38498	1000000	9.434318762214229	5.033556436308993	8.13535803149204	8.34203256448767	0.1141902696107161	0.0184397446805083	baseline_plus_assembly_kmer	leave_clade_out	0.820392690722718	0.14729717936473288	0.4258099123431722	True
calib_anchor	cross_supervised_4096	x_laevis	0.3945827783795458	cross	vertebrate	nan	nan	nan	cross_supervised_to_stress_eval	0.000194	0.000194	0.813401	56801	238590187	nan	370.0	2.568201724066995	0	2718433805	108033	219802468	136570856	9	0.1479724726946478	0.38498	1000000	9.434318762214229	5.033556436308993	8.13535803149204	8.34203256448767	0.1141902696107161	0.0184397446805083	baseline_plus_assembly_kmer	leave_clade_out	0.820392690722718	0.14729717936473288	0.4258099123431722	True
anchor_anchor	cross_supervised_4096	x_laevis	0.3945827783795458	cross	vertebrate	nan	nan	nan	cross_supervised_to_insect_stress	0.000194	0.000194	0.813401	56801	238590187	nan	370.0	2.568201724066995	0	2718433805	108033	219802468	136570856	9	0.1479724726946478	0.38498	1000000	9.434318762214229	5.033556436308993	8.13535803149204	8.34203256448767	0.1141902696107161	0.0184397446805083	baseline_plus_assembly_kmer	leave_clade_out	0.820392690722718	0.14729717936473288	0.4258099123431722	True
calib_anchor	plant_supervised_4096	x_laevis	0.2855543757586765	plant	vertebrate	nan	nan	nan	plant_supervised_to_cross_eval	0.000194	0.000194	0.813401	56801	238590187	nan	370.0	2.568201724066995	0	2718433805	108033	219802468	136570856	9	0.1479724726946478	0.38498	1000000	9.434318762214229	5.033556436308993	8.13535803149204	8.34203256448767	0.1445645708760781	0.0387081158013149	baseline_plus_assembly_kmer	leave_clade_out	0.8085087069857005	0.133054793436525	0.5229543312270241	True
calib_anchor	plant_supervised_4096	x_laevis	0.2855543757586765	plant	vertebrate	nan	nan	nan	plant_supervised_to_stress_eval	0.000194	0.000194	0.813401	56801	238590187	nan	370.0	2.568201724066995	0	2718433805	108033	219802468	136570856	9	0.1479724726946478	0.38498	1000000	9.434318762214229	5.033556436308993	8.13535803149204	8.34203256448767	0.1445645708760781	0.0387081158013149	baseline_plus_assembly_kmer	leave_clade_out	0.8085087069857005	0.133054793436525	0.5229543312270241	True
calib_anchor	insect_no_beetle_4096	x_laevis	0.2829600934257301	insect	vertebrate	nan	nan	nan	insect_no_beetle_to_cross_eval	0.000194	0.000194	0.813401	56801	238590187	nan	370.0	2.568201724066995	0	2718433805	108033	219802468	136570856	9	0.1479724726946478	0.38498	1000000	9.434318762214229	5.033556436308993	8.13535803149204	8.34203256448767	0.1983752948465877	0.0592704987046092	baseline_plus_assembly_kmer	leave_clade_out	0.8436295190383156	0.1321905176425655	0.5606694256125855	True
calib_anchor	insect_no_beetle_4096	x_laevis	0.2829600934257301	insect	vertebrate	nan	nan	nan	insect_no_beetle_to_stress_eval	0.000194	0.000194	0.813401	56801	238590187	nan	370.0	2.568201724066995	0	2718433805	108033	219802468	136570856	9	0.1479724726946478	0.38498	1000000	9.434318762214229	5.033556436308993	8.13535803149204	8.34203256448767	0.1983752948465877	0.0592704987046092	baseline_plus_assembly_kmer	leave_clade_out	0.8436295190383156	0.1321905176425655	0.5606694256125855	True
anchor_anchor	insect_no_beetle_4096	x_laevis	0.2829600934257301	insect	vertebrate	nan	nan	nan	insect_no_beetle_to_insect_stress	0.000194	0.000194	0.813401	56801	238590187	nan	370.0	2.568201724066995	0	2718433805	108033	219802468	136570856	9	0.1479724726946478	0.38498	1000000	9.434318762214229	5.033556436308993	8.13535803149204	8.34203256448767	0.1983752948465877	0.0592704987046092	baseline_plus_assembly_kmer	leave_clade_out	0.8436295190383156	0.1321905176425655	0.5606694256125855	True
anchor_anchor	insect_primary_4096	x_laevis	0.2268599691025123	insect	vertebrate	nan	nan	nan	insect_primary_to_insect_stress	0.000194	0.000194	0.813401	56801	238590187	nan	370.0	2.568201724066995	0	2718433805	108033	219802468	136570856	9	0.1479724726946478	0.38498	1000000	9.434318762214229	5.033556436308993	8.13535803149204	8.34203256448767	0.1983752948465877	0.0592704987046092	baseline_plus_assembly_kmer	leave_clade_out	0.8436295190383156	0.1321905176425655	0.6167695499358034	True
supp_h0_transfer	ntv2_500m_H0_w4096	zebrafish	0.8151318178516959	human_h0_ntv2_500m	vertebrate	nan	nan	nan	transfer_BC_w4096	0.837603	0.982602	0.850212	891480468	771367366	0.4137124131384462	430.0	2.633468455579586	0	1679203469	1923	78093715	52186027	14	0.0	0.359955	1000000	9.225103322767056	3.28397928423848	7.717554234627916	7.892616083164715	0.3272994079847048	0.2672352128115792	baseline_plus_assembly_kmer	leave_clade_out	0.5216165744505153	0.178670742629425	0.2935152434011805	True
final_errorbar	ntv2_250m_w4096	zebrafish	0.753453009276328	human_h0_ntv2_250m	vertebrate	animal_fine	3.0	0.0131433323203878	nan	0.837603	0.982602	0.850212	891480468	771367366	0.4137124131384462	430.0	2.633468455579586	0	1679203469	1923	78093715	52186027	14	0.0	0.359955	1000000	9.225103322767056	3.28397928423848	7.717554234627916	7.892616083164715	0.3272994079847048	0.2672352128115792	baseline_plus_assembly_kmer	leave_clade_out	0.5227285435483556	0.1784056164810833	0.23072446572797234	True
final_errorbar	ntv3_100m_pre_w2048	zebrafish	0.5214699959942013	human_h0_ntv3_100m	vertebrate	animal_fine	3.0	0.0175674395284055	nan	0.837603	0.982602	0.850212	891480468	771367366	0.4137124131384462	430.0	2.633468455579586	0	1679203469	1923	78093715	52186027	14	0.0	0.359955	1000000	9.225103322767056	3.28397928423848	7.717554234627916	7.892616083164715	0.3272994079847048	0.2672352128115792	baseline_plus_assembly_kmer	leave_clade_out	0.5411023324394045	0.15887006651191204	0.019632336445203236	True
calib_anchor	cross_supervised_4096	brachypodium	0.8175422271365038	cross	plant	nan	nan	nan	cross_supervised_to_plant_fine	0.101164	0.1029	0.857087	5277523	43958318	0.45561279296875	1500.0	3.1760912590556813	0	271298618	11	75071545	59130575	3	0.0	0.454488	1000000	8.433447581463392	1.041392685158225	7.771812102204127	7.875475353898488	0.0693259415010997	0.0175357229218507	genome_only	leave_species_out	0.8939580069966737	0.0636396703731774	0.0764157798601699	True
calib_anchor	plant_supervised_4096	brachypodium	0.7765195434514967	plant	plant	nan	nan	nan	plant_supervised_to_plant_fine	0.101164	0.1029	0.857087	5277523	43958318	0.45561279296875	1500.0	3.1760912590556813	1	271298618	11	75071545	59130575	3	0.0	0.454488	1000000	8.433447581463392	1.041392685158225	7.771812102204127	7.875475353898488	0.0392954852174674	0.0046023125549394	genome_only	leave_species_out	0.8625982680961427	0.13916718676426942	0.08607872464464605	True
calib_anchor	insect_no_beetle_4096	brachypodium	0.4502561696769175	insect	plant	nan	nan	nan	insect_no_beetle_to_plant_fine	0.101164	0.1029	0.857087	5277523	43958318	0.45561279296875	1500.0	3.1760912590556813	0	271298618	11	75071545	59130575	3	0.0	0.454488	1000000	8.433447581463392	1.041392685158225	7.771812102204127	7.875475353898488	0.142514717076787	0.0564627585782296	genome_only	leave_species_out	0.7301024965156812	0.17393819563439195	0.27984632683876365	True
calib_anchor	TFREPAIR_invert_boost_animal_4096_seed42	brachypodium	0.4333898332380484	animal	plant	nan	nan	nan	animal_invert_boost_to_plant_fine	0.101164	0.1029	0.857087	5277523	43958318	0.45561279296875	1500.0	3.1760912590556813	0	271298618	11	75071545	59130575	3	0.0	0.454488	1000000	8.433447581463392	1.041392685158225	7.771812102204127	7.875475353898488	0.1040889363124293	0.0363524838017522	genome_only	leave_species_out	0.8543236938527744	0.11086243834021686	0.420933860614726	True
supp_h0_transfer	ntv2_500m_H0_w4096	brachypodium	0.3212749242452583	human_h0_ntv2_500m	plant	nan	nan	nan	transfer_BC_w4096	0.101164	0.1029	0.857087	5277523	43958318	0.45561279296875	1500.0	3.1760912590556813	0	271298618	11	75071545	59130575	3	0.0	0.454488	1000000	8.433447581463392	1.041392685158225	7.771812102204127	7.875475353898488	0.2268185746895572	0.1337656475000112	genome_only	leave_species_out	0.4420697155686119	0.29248306637969357	0.12079479132335363	True
final_errorbar	ntv2_250m_w4096	brachypodium	0.2929663405760741	human_h0_ntv2_250m	plant	plant_fine	3.0	0.0156920332833043	nan	0.101164	0.1029	0.857087	5277523	43958318	0.45561279296875	1500.0	3.1760912590556813	0	271298618	11	75071545	59130575	3	0.0	0.454488	1000000	8.433447581463392	1.041392685158225	7.771812102204127	7.875475353898488	0.2268185746895572	0.1337656475000112	genome_only	leave_species_out	0.4360509200325662	0.29265224128851297	0.14308457945649206	True
final_errorbar	ntv3_100m_pre_w2048	brachypodium	0.2073934705084866	human_h0_ntv3_100m	plant	plant_fine	3.0	0.0683970400854424	nan	0.101164	0.1029	0.857087	5277523	43958318	0.45561279296875	1500.0	3.1760912590556813	0	271298618	11	75071545	59130575	3	0.0	0.454488	1000000	8.433447581463392	1.041392685158225	7.771812102204127	7.875475353898488	0.2268185746895572	0.1337656475000112	genome_only	leave_species_out	0.46838030247517987	0.2718147426090814	0.26098683196669326	True
anchor_anchor	TFREPAIR_invert_boost_animal_4096_seed42	c_elegans	0.9053972034713066	animal	other	nan	nan	nan	animal_invert_boost_to_insect_fine	0.833784	0.964483	0.860195	10289793	9177183	0.3579248046875	900.0	2.9542425094393248	0	100286401	7	20924180	17493829	3	0.0	0.371376	1000000	8.001242045970857	0.8450980400142568	7.242884877035624	7.320648447384384	0.1443799983785652	0.0775729844697248	genome_only	leave_species_out	0.08068493804917362	0.13664308351954507	0.8247122654221329	True
anchor_anchor	cross_supervised_4096	c_elegans	0.8952111633807284	cross	other	nan	nan	nan	cross_supervised_to_insect_fine	0.833784	0.964483	0.860195	10289793	9177183	0.3579248046875	900.0	2.9542425094393248	0	100286401	7	20924180	17493829	3	0.0	0.371376	1000000	8.001242045970857	0.8450980400142568	7.242884877035624	7.320648447384384	0.1533616551705707	0.0962183394831955	genome_only	leave_species_out	0.06377646814980448	0.12493651784536486	0.831434695230924	True
anchor_anchor	insect_primary_4096	c_elegans	0.8945547202059512	insect	other	nan	nan	nan	insect_primary_to_insect_fine	0.833784	0.964483	0.860195	10289793	9177183	0.3579248046875	900.0	2.9542425094393248	0	100286401	7	20924180	17493829	3	0.0	0.371376	1000000	8.001242045970857	0.8450980400142568	7.242884877035624	7.320648447384384	0.1475085510847136	0.0895808950573151	genome_only	leave_species_out	0.08735793260706344	0.14715344481694131	0.8071967875988877	True
anchor_anchor	insect_no_beetle_4096	c_elegans	0.5383685302773058	insect	other	nan	nan	nan	insect_no_beetle_to_insect_fine	0.833784	0.964483	0.860195	10289793	9177183	0.3579248046875	900.0	2.9542425094393248	0	100286401	7	20924180	17493829	3	0.0	0.371376	1000000	8.001242045970857	0.8450980400142568	7.242884877035624	7.320648447384384	0.1475085510847136	0.0895808950573151	genome_only	leave_species_out	0.08735793260706344	0.14715344481694131	0.4510105976702424	True
supp_h0_transfer	ntv2_500m_H0_w4096	c_elegans	0.345012472034356	human_h0_ntv2_500m	other	nan	nan	nan	transfer_BC_w4096	0.833784	0.964483	0.860195	10289793	9177183	0.3579248046875	900.0	2.9542425094393248	0	100286401	7	20924180	17493829	3	0.0	0.371376	1000000	8.001242045970857	0.8450980400142568	7.242884877035624	7.320648447384384	0.3448736563265228	0.3498680780416765	genome_only	leave_species_out	0.035809958242293626	0.0824626640380081	0.3092025137920624	True
final_errorbar	ntv3_100m_pre_w2048	c_elegans	0.2604444021620859	human_h0_ntv3_100m	other	animal_fine	3.0	0.0215523139867919	nan	0.833784	0.964483	0.860195	10289793	9177183	0.3579248046875	900.0	2.9542425094393248	0	100286401	7	20924180	17493829	3	0.0	0.371376	1000000	8.001242045970857	0.8450980400142568	7.242884877035624	7.320648447384384	0.3448736563265228	0.3498680780416765	genome_only	leave_species_out	0.035027055957588586	0.07618030024014269	0.22541734620449733	True
final_errorbar	ntv2_250m_w4096	c_elegans	0.1426005332526109	human_h0_ntv2_250m	other	animal_fine	3.0	0.0303152737505588	nan	0.833784	0.964483	0.860195	10289793	9177183	0.3579248046875	900.0	2.9542425094393248	0	100286401	7	20924180	17493829	3	0.0	0.371376	1000000	8.001242045970857	0.8450980400142568	7.242884877035624	7.320648447384384	0.3448736563265228	0.3498680780416765	genome_only	leave_species_out	0.03491270523355122	0.07790138630389068	0.10768782801905968	True
calib_anchor	TFREPAIR_invert_boost_animal_4096_seed42	cattle	0.9216935615407684	animal	vertebrate	nan	nan	nan	animal_invert_boost_to_cross_eval	0.48001	0.488924	0.963405	641516843	1264081324	nan	96.0	1.9822712330395684	1	2715853792	2211	158534110	103308737	12	0.0	0.438283	1000000	9.43390638599257	3.344588742578714	8.014137052114325	8.200122718862955	0.1961603645512639	0.1045802654699864	genome_only	leave_species_out	0.6936075788501644	0.2422086557081822	0.22808598269060398	True
calib_anchor	cross_supervised_4096	cattle	0.9213113792693672	cross	vertebrate	nan	nan	nan	cross_supervised_to_cross_eval	0.48001	0.488924	0.963405	641516843	1264081324	nan	96.0	1.9822712330395684	0	2715853792	2211	158534110	103308737	12	0.0	0.438283	1000000	9.43390638599257	3.344588742578714	8.014137052114325	8.200122718862955	0.1898193400311859	0.0914288745666459	genome_only	leave_species_out	0.696346609916895	0.2362199776580983	0.22496476935247223	True
calib_anchor	insect_no_beetle_4096	cattle	0.2681289424464008	insect	vertebrate	nan	nan	nan	insect_no_beetle_to_cross_eval	0.48001	0.488924	0.963405	641516843	1264081324	nan	96.0	1.9822712330395684	0	2715853792	2211	158534110	103308737	12	0.0	0.438283	1000000	9.43390638599257	3.344588742578714	8.014137052114325	8.200122718862955	0.2674695235796735	0.15873003482616	genome_only	leave_species_out	0.5178471857892436	0.23207482812133234	0.24971824334284282	True
calib_anchor	plant_supervised_4096	cattle	0.0858809770068545	plant	vertebrate	nan	nan	nan	plant_supervised_to_cross_eval	0.48001	0.488924	0.963405	641516843	1264081324	nan	96.0	1.9822712330395684	0	2715853792	2211	158534110	103308737	12	0.0	0.438283	1000000	9.43390638599257	3.344588742578714	8.014137052114325	8.200122718862955	0.1939129743058688	0.0844629259880961	genome_only	leave_species_out	0.6278005335235706	0.2620465992674128	0.5419195565167161	True
supp_h0_transfer	ntv2_500m_H0_w4096	chicken	0.8516226680157541	human_h0_ntv2_500m	vertebrate	nan	nan	nan	transfer_BC_w4096	0.391291	0.394479	0.979765	40667484	101005421	0.4113284493284493	310.0	2.4913616938342726	0	1065365425	464	197608386	91315245	4	0.0017070808916752	0.549823	1000000	9.027498598235026	2.6665179805548807	7.96054328866985	8.29580537100184	0.1448915707647146	0.0601428909585745	genome_only	leave_species_out	0.625994205609276	0.20162446261573544	0.22562846240647816	True
final_errorbar	ntv2_250m_w4096	chicken	0.843436719033926	human_h0_ntv2_250m	vertebrate	animal_fine	3.0	0.0193628216675568	nan	0.391291	0.394479	0.979765	40667484	101005421	0.4113284493284493	310.0	2.4913616938342726	0	1065365425	464	197608386	91315245	4	0.0017070808916752	0.549823	1000000	9.027498598235026	2.6665179805548807	7.96054328866985	8.29580537100184	0.1448915707647146	0.0601428909585745	genome_only	leave_species_out	0.6218714417645442	0.20454099907025924	0.2215652772693818	True
final_errorbar	ntv3_100m_pre_w2048	chicken	0.6195493201860316	human_h0_ntv3_100m	vertebrate	animal_fine	3.0	0.0701786703401454	nan	0.391291	0.394479	0.979765	40667484	101005421	0.4113284493284493	310.0	2.4913616938342726	0	1065365425	464	197608386	91315245	4	0.0017070808916752	0.549823	1000000	9.027498598235026	2.6665179805548807	7.96054328866985	8.29580537100184	0.1448915707647146	0.0601428909585745	genome_only	leave_species_out	0.6304913522581937	0.1968822846213271	0.010942032072162156	True
anchor_anchor	insect_no_beetle_4096	fruit_fly	0.944818571090276	insect	insect	nan	nan	nan	insect_no_beetle_to_insect_fine	0.888725	0.993839	0.893648	26497161	23825911	0.494656395206652	780.0	2.8920946026904804	1	143726002	1870	32079331	25286936	3	0.0	0.441621	1000000	8.157535345055386	3.271841606536499	7.402896209379677	7.506225302690743	0.1001622488462802	0.0254297426578645	genome_only	leave_species_out	0.709431185366645	0.1946099173931333	0.23538738572363105	True
anchor_anchor	TFREPAIR_invert_boost_animal_4096_seed42	fruit_fly	0.9437257723304636	animal	insect	nan	nan	nan	animal_invert_boost_to_insect_fine	0.888725	0.993839	0.893648	26497161	23825911	0.494656395206652	780.0	2.8920946026904804	1	143726002	1870	32079331	25286936	3	0.0	0.441621	1000000	8.157535345055386	3.271841606536499	7.402896209379677	7.506225302690743	0.0783631596802407	0.0157474491106001	genome_only	leave_species_out	0.7274116695897904	0.221217130329896	0.2163141027406732	True
anchor_anchor	cross_supervised_4096	fruit_fly	0.942393180917196	cross	insect	nan	nan	nan	cross_supervised_to_insect_fine	0.888725	0.993839	0.893648	26497161	23825911	0.494656395206652	780.0	2.8920946026904804	0	143726002	1870	32079331	25286936	3	0.0	0.441621	1000000	8.157535345055386	3.271841606536499	7.402896209379677	7.506225302690743	0.0698216548368194	0.0106775865530966	genome_only	leave_species_out	0.7437641215259555	0.22227751954831615	0.19862905939124054	True
anchor_anchor	insect_primary_4096	fruit_fly	0.9413841255319276	insect	insect	nan	nan	nan	insect_primary_to_insect_fine	0.888725	0.993839	0.893648	26497161	23825911	0.494656395206652	780.0	2.8920946026904804	1	143726002	1870	32079331	25286936	3	0.0	0.441621	1000000	8.157535345055386	3.271841606536499	7.402896209379677	7.506225302690743	0.1001622488462802	0.0254297426578645	genome_only	leave_species_out	0.709431185366645	0.1946099173931333	0.23195294016528267	True
supp_h0_transfer	ntv2_500m_H0_w4096	fruit_fly	0.6577990369528225	human_h0_ntv2_500m	insect	nan	nan	nan	transfer_BC_w4096	0.888725	0.993839	0.893648	26497161	23825911	0.494656395206652	780.0	2.8920946026904804	0	143726002	1870	32079331	25286936	3	0.0	0.441621	1000000	8.157535345055386	3.271841606536499	7.402896209379677	7.506225302690743	0.2474985795480165	0.15855331987712	genome_only	leave_species_out	0.2097460475552233	0.22320498859633647	0.4480529893975992	True
final_errorbar	ntv2_250m_w4096	fruit_fly	0.5533233517822065	human_h0_ntv2_250m	insect	animal_fine	3.0	0.0128215769678409	nan	0.888725	0.993839	0.893648	26497161	23825911	0.494656395206652	780.0	2.8920946026904804	0	143726002	1870	32079331	25286936	3	0.0	0.441621	1000000	8.157535345055386	3.271841606536499	7.402896209379677	7.506225302690743	0.2474985795480165	0.15855331987712	genome_only	leave_species_out	0.20418512796857308	0.22230901645706053	0.3491382238136334	True
final_errorbar	ntv3_100m_pre_w2048	fruit_fly	0.4822229619104726	human_h0_ntv3_100m	insect	animal_fine	3.0	0.1825771233602698	nan	0.888725	0.993839	0.893648	26497161	23825911	0.494656395206652	780.0	2.8920946026904804	0	143726002	1870	32079331	25286936	3	0.0	0.441621	1000000	8.157535345055386	3.271841606536499	7.402896209379677	7.506225302690743	0.2474985795480165	0.15855331987712	genome_only	leave_species_out	0.2392604665856252	0.2301750721412239	0.2429624953248474	True
calib_anchor	cross_supervised_4096	horse	0.8925601404845789	cross	vertebrate	nan	nan	nan	cross_supervised_to_cross_eval	0.791397	0.812579	0.968112	892563554	1063406667	nan	96.0	1.9822712330395684	0	188260577	1	188260577	188260577	1	0.0010189606601266	0.517305	1000000	8.27475938542357	0.0	8.27475938542357	8.27475938542357	0.2072733615749962	0.1175416603257882	genome_only	leave_species_out	0.6060704386227836	0.24013199137049845	0.28648970186179523	True
calib_anchor	TFREPAIR_invert_boost_animal_4096_seed42	horse	0.8913728851560259	animal	vertebrate	nan	nan	nan	animal_invert_boost_to_cross_eval	0.791397	0.812579	0.968112	892563554	1063406667	nan	96.0	1.9822712330395684	1	188260577	1	188260577	188260577	1	0.0010189606601266	0.517305	1000000	8.27475938542357	0.0	8.27475938542357	8.27475938542357	0.2056004978397222	0.1203089942757705	genome_only	leave_species_out	0.6292362496467152	0.23837394681897653	0.26213663550931066	True
calib_anchor	insect_no_beetle_4096	horse	0.1869044858967403	insect	vertebrate	nan	nan	nan	insect_no_beetle_to_cross_eval	0.791397	0.812579	0.968112	892563554	1063406667	nan	96.0	1.9822712330395684	0	188260577	1	188260577	188260577	1	0.0010189606601266	0.517305	1000000	8.27475938542357	0.0	8.27475938542357	8.27475938542357	0.2746396996501602	0.1850487156640525	genome_only	leave_species_out	0.4120911192350721	0.22041260682668415	0.22518663333833178	True
calib_anchor	plant_supervised_4096	horse	0.1025602154105038	plant	vertebrate	nan	nan	nan	plant_supervised_to_cross_eval	0.791397	0.812579	0.968112	892563554	1063406667	nan	96.0	1.9822712330395684	0	188260577	1	188260577	188260577	1	0.0010189606601266	0.517305	1000000	8.27475938542357	0.0	8.27475938542357	8.27475938542357	0.2026925587860898	0.1042618889160033	genome_only	leave_species_out	0.4905715308370394	0.23915150227735207	0.3880113154265356	True
supp_h0_transfer	ntv2_500m_H0_w4096	human	0.961411324419745	human_h0_ntv2_500m	vertebrate	nan	nan	nan	transfer_BC_w4096	0.948128	0.966802	0.980034	1410192187	1429492481	nan	6.0	0.7781512503836436	0	248387328	1	248387328	248387328	1	0.0	0.550911	1000000	8.395129435626702	0.0	8.395129435626702	8.395129435626702	0.0	-2.220446049250313e-16	genome_only	leave_species_out	0.7371998689092634	0.16211230545847688	0.2242114555104816	True
calib_anchor	TFREPAIR_invert_boost_animal_4096_seed42	human	0.904946115719272	animal	vertebrate	nan	nan	nan	animal_invert_boost_to_cross_eval	0.948128	0.966802	0.980034	1410192187	1429492481	nan	6.0	0.7781512503836436	1	248387328	1	248387328	248387328	1	0.0	0.550911	1000000	8.395129435626702	0.0	8.395129435626702	8.395129435626702	0.2473971321688795	0.1687976905989935	genome_only	leave_species_out	0.3774185539097366	0.25404468710490585	0.5275275618095354	True
calib_anchor	cross_supervised_4096	human	0.9023446184329426	cross	vertebrate	nan	nan	nan	cross_supervised_to_cross_eval	0.948128	0.966802	0.980034	1410192187	1429492481	nan	6.0	0.7781512503836436	0	248387328	1	248387328	248387328	1	0.0	0.550911	1000000	8.395129435626702	0.0	8.395129435626702	8.395129435626702	0.249220227348776	0.1685880996034323	genome_only	leave_species_out	0.3518150464081041	0.2298160929646532	0.5505295720248384	True
calib_anchor	insect_no_beetle_4096	human	0.1477908337777611	insect	vertebrate	nan	nan	nan	insect_no_beetle_to_cross_eval	0.948128	0.966802	0.980034	1410192187	1429492481	nan	6.0	0.7781512503836436	0	248387328	1	248387328	248387328	1	0.0	0.550911	1000000	8.395129435626702	0.0	8.395129435626702	8.395129435626702	0.3042605063379114	0.2325830037417954	genome_only	leave_species_out	0.30675697365611226	0.19699598655696782	0.15896613987835118	True
calib_anchor	plant_supervised_4096	human	0.1214275571269181	plant	vertebrate	nan	nan	nan	plant_supervised_to_cross_eval	0.948128	0.966802	0.980034	1410192187	1429492481	nan	6.0	0.7781512503836436	0	248387328	1	248387328	248387328	1	0.0	0.550911	1000000	8.395129435626702	0.0	8.395129435626702	8.395129435626702	0.242491599474234	0.153922806418943	genome_only	leave_species_out	0.2873701338478127	0.18628439812919736	0.16594257672089457	True
calib_anchor	TFREPAIR_invert_boost_animal_4096_seed42	lizard	0.2416400416987031	animal	vertebrate	nan	nan	nan	animal_invert_boost_to_cross_eval	0.038956	0.053715	0.12417	41691771	96375917	nan	320.0	2.505149978319906	1	1799143587	6457	263920458	150641573	5	0.1263239468490436	0.405226	1000000	9.25506582513172	3.81003078640584	8.177944841937268	8.42147305620014	0.1334641792289605	0.0269436863730062	genome_only	leave_species_out	0.5851339123803523	0.23362877846616775	0.34349387068164916	True
calib_anchor	TFREPAIR_invert_boost_animal_4096_seed42	lizard	0.2416400416987031	animal	vertebrate	nan	nan	nan	animal_invert_boost_to_stress_eval	0.038956	0.053715	0.12417	41691771	96375917	nan	320.0	2.505149978319906	1	1799143587	6457	263920458	150641573	5	0.1263239468490436	0.405226	1000000	9.25506582513172	3.81003078640584	8.177944841937268	8.42147305620014	0.1334641792289605	0.0269436863730062	genome_only	leave_species_out	0.5851339123803523	0.23362877846616775	0.34349387068164916	True
anchor_anchor	TFREPAIR_invert_boost_animal_4096_seed42	lizard	0.2416400416987031	animal	vertebrate	nan	nan	nan	animal_invert_boost_to_insect_stress	0.038956	0.053715	0.12417	41691771	96375917	nan	320.0	2.505149978319906	1	1799143587	6457	263920458	150641573	5	0.1263239468490436	0.405226	1000000	9.25506582513172	3.81003078640584	8.177944841937268	8.42147305620014	0.1334641792289605	0.0269436863730062	genome_only	leave_species_out	0.5851339123803523	0.23362877846616775	0.34349387068164916	True
calib_anchor	cross_supervised_4096	lizard	0.2400380045378313	cross	vertebrate	nan	nan	nan	cross_supervised_to_cross_eval	0.038956	0.053715	0.12417	41691771	96375917	nan	320.0	2.505149978319906	0	1799143587	6457	263920458	150641573	5	0.1263239468490436	0.405226	1000000	9.25506582513172	3.81003078640584	8.177944841937268	8.42147305620014	0.1250077775938211	0.0186955209400064	genome_only	leave_species_out	0.584830515766889	0.23526646437262255	0.34479251122905774	True
anchor_anchor	cross_supervised_4096	lizard	0.2400380045378313	cross	vertebrate	nan	nan	nan	cross_supervised_to_insect_stress	0.038956	0.053715	0.12417	41691771	96375917	nan	320.0	2.505149978319906	0	1799143587	6457	263920458	150641573	5	0.1263239468490436	0.405226	1000000	9.25506582513172	3.81003078640584	8.177944841937268	8.42147305620014	0.1250077775938211	0.0186955209400064	genome_only	leave_species_out	0.584830515766889	0.23526646437262255	0.34479251122905774	True
calib_anchor	cross_supervised_4096	lizard	0.2400378125654802	cross	vertebrate	nan	nan	nan	cross_supervised_to_stress_eval	0.038956	0.053715	0.12417	41691771	96375917	nan	320.0	2.505149978319906	0	1799143587	6457	263920458	150641573	5	0.1263239468490436	0.405226	1000000	9.25506582513172	3.81003078640584	8.177944841937268	8.42147305620014	0.1250077775938211	0.0186955209400064	genome_only	leave_species_out	0.584830515766889	0.23526646437262255	0.34479270320140887	True
calib_anchor	plant_supervised_4096	lizard	0.1506094759615682	plant	vertebrate	nan	nan	nan	plant_supervised_to_cross_eval	0.038956	0.053715	0.12417	41691771	96375917	nan	320.0	2.505149978319906	0	1799143587	6457	263920458	150641573	5	0.1263239468490436	0.405226	1000000	9.25506582513172	3.81003078640584	8.177944841937268	8.42147305620014	0.1437007905780181	0.0244025014930751	genome_only	leave_species_out	0.5003696167160926	0.25205011795025184	0.3497601407545244	True
calib_anchor	plant_supervised_4096	lizard	0.1506082021187199	plant	vertebrate	nan	nan	nan	plant_supervised_to_stress_eval	0.038956	0.053715	0.12417	41691771	96375917	nan	320.0	2.505149978319906	0	1799143587	6457	263920458	150641573	5	0.1263239468490436	0.405226	1000000	9.25506582513172	3.81003078640584	8.177944841937268	8.42147305620014	0.1437007905780181	0.0244025014930751	genome_only	leave_species_out	0.5003696167160926	0.25205011795025184	0.3497614145973727	True
anchor_anchor	insect_no_beetle_4096	lizard	0.1418302477559669	insect	vertebrate	nan	nan	nan	insect_no_beetle_to_insect_stress	0.038956	0.053715	0.12417	41691771	96375917	nan	320.0	2.505149978319906	0	1799143587	6457	263920458	150641573	5	0.1263239468490436	0.405226	1000000	9.25506582513172	3.81003078640584	8.177944841937268	8.42147305620014	0.2227930854265778	0.0763356261809606	genome_only	leave_species_out	0.42844348161842144	0.21855942922313915	0.2866132338624545	True
calib_anchor	insect_no_beetle_4096	lizard	0.1418301390195415	insect	vertebrate	nan	nan	nan	insect_no_beetle_to_cross_eval	0.038956	0.053715	0.12417	41691771	96375917	nan	320.0	2.505149978319906	0	1799143587	6457	263920458	150641573	5	0.1263239468490436	0.405226	1000000	9.25506582513172	3.81003078640584	8.177944841937268	8.42147305620014	0.2227930854265778	0.0763356261809606	genome_only	leave_species_out	0.42844348161842144	0.21855942922313915	0.28661334259887994	True
calib_anchor	insect_no_beetle_4096	lizard	0.1418301390195415	insect	vertebrate	nan	nan	nan	insect_no_beetle_to_stress_eval	0.038956	0.053715	0.12417	41691771	96375917	nan	320.0	2.505149978319906	0	1799143587	6457	263920458	150641573	5	0.1263239468490436	0.405226	1000000	9.25506582513172	3.81003078640584	8.177944841937268	8.42147305620014	0.2227930854265778	0.0763356261809606	genome_only	leave_species_out	0.42844348161842144	0.21855942922313915	0.28661334259887994	True
anchor_anchor	insect_primary_4096	lizard	0.1034366102674265	insect	vertebrate	nan	nan	nan	insect_primary_to_insect_stress	0.038956	0.053715	0.12417	41691771	96375917	nan	320.0	2.505149978319906	0	1799143587	6457	263920458	150641573	5	0.1263239468490436	0.405226	1000000	9.25506582513172	3.81003078640584	8.177944841937268	8.42147305620014	0.2227930854265778	0.0763356261809606	genome_only	leave_species_out	0.42844348161842144	0.21855942922313915	0.32500687135099493	True
calib_anchor	cross_supervised_4096	maize	0.9629892479990332	cross	plant	nan	nan	nan	cross_supervised_to_plant_fine	0.095466	0.095627	0.982637	173317530	1780954681	0.46090576171875	1500.0	3.1760912590556813	0	2182075994	685	308452471	226353449	5	0.0	0.477492	1000000	9.338869871458623	2.835690571492425	8.354787116327433	8.489188253709083	0.1047342415691722	0.0352286667600957	genome_only	leave_species_out	0.7470175740930829	0.20643378478652988	0.2159716739059503	True
calib_anchor	plant_supervised_4096	maize	0.9619894139220538	plant	plant	nan	nan	nan	plant_supervised_to_plant_fine	0.095466	0.095627	0.982637	173317530	1780954681	0.46090576171875	1500.0	3.1760912590556813	1	2182075994	685	308452471	226353449	5	0.0	0.477492	1000000	9.338869871458623	2.835690571492425	8.354787116327433	8.489188253709083	0.0750299551353519	0.0155648060873412	genome_only	leave_species_out	0.8226970239955884	0.14337865337721742	0.13929238992646542	True
calib_anchor	TFREPAIR_invert_boost_animal_4096_seed42	maize	0.9051649037911726	animal	plant	nan	nan	nan	animal_invert_boost_to_plant_fine	0.095466	0.095627	0.982637	173317530	1780954681	0.46090576171875	1500.0	3.1760912590556813	0	2182075994	685	308452471	226353449	5	0.0	0.477492	1000000	9.338869871458623	2.835690571492425	8.354787116327433	8.489188253709083	0.1273374287069573	0.0533723910378969	genome_only	leave_species_out	0.6476180029470464	0.23771982040515646	0.25754690084412624	True
calib_anchor	insect_no_beetle_4096	maize	0.8258861241547802	insect	plant	nan	nan	nan	insect_no_beetle_to_plant_fine	0.095466	0.095627	0.982637	173317530	1780954681	0.46090576171875	1500.0	3.1760912590556813	0	2182075994	685	308452471	226353449	5	0.0	0.477492	1000000	9.338869871458623	2.835690571492425	8.354787116327433	8.489188253709083	0.1559084305251094	0.0702371900678909	genome_only	leave_species_out	0.6042245081092551	0.25695179173274824	0.22166161604552514	True
final_errorbar	ntv3_100m_pre_w2048	maize	0.6762307311381123	human_h0_ntv3_100m	plant	plant_fine	3.0	0.0224912037604054	nan	0.095466	0.095627	0.982637	173317530	1780954681	0.46090576171875	1500.0	3.1760912590556813	0	2182075994	685	308452471	226353449	5	0.0	0.477492	1000000	9.338869871458623	2.835690571492425	8.354787116327433	8.489188253709083	0.2040939811147172	0.106620240001949	genome_only	leave_species_out	0.5965977587028933	0.28511167278734084	0.07963297243521894	True
final_errorbar	ntv2_250m_w4096	maize	0.2409539973278451	human_h0_ntv2_250m	plant	plant_fine	3.0	0.0067936566735462	nan	0.095466	0.095627	0.982637	173317530	1780954681	0.46090576171875	1500.0	3.1760912590556813	0	2182075994	685	308452471	226353449	5	0.0	0.477492	1000000	9.338869871458623	2.835690571492425	8.354787116327433	8.489188253709083	0.2040939811147172	0.106620240001949	genome_only	leave_species_out	0.5927103769355491	0.29495012331383336	0.351756379607704	True
supp_h0_transfer	ntv2_500m_H0_w4096	maize	0.2346799513542635	human_h0_ntv2_500m	plant	nan	nan	nan	transfer_BC_w4096	0.095466	0.095627	0.982637	173317530	1780954681	0.46090576171875	1500.0	3.1760912590556813	0	2182075994	685	308452471	226353449	5	0.0	0.477492	1000000	9.338869871458623	2.835690571492425	8.354787116327433	8.489188253709083	0.2040939811147172	0.106620240001949	genome_only	leave_species_out	0.5960910989951709	0.2941726483612644	0.36141114764090737	True
supp_h0_transfer	ntv2_500m_H0_w4096	mouse	0.937559801228433	human_h0_ntv2_500m	vertebrate	nan	nan	nan	transfer_BC_w4096	0.892472	0.903571	0.986424	1012599366	1105449631	0.4245689865689865	90.0	1.9542425094393248	0	2728222451	61	195154279	130530862	9	0.7530864197530864	0.386286	1000000	9.435879778485567	1.7853298350107671	8.115713206016725	8.290378078167688	0.3013870747975756	0.1905529139271684	genome_only	leave_species_out	0.2885886266239596	0.1772603264080491	0.6489711746044733	True
final_errorbar	ntv2_250m_w4096	mouse	0.9180812946491188	human_h0_ntv2_250m	vertebrate	animal_fine	3.0	0.0328346949301695	nan	0.892472	0.903571	0.986424	1012599366	1105449631	0.4245689865689865	90.0	1.9542425094393248	0	2728222451	61	195154279	130530862	9	0.7530864197530864	0.386286	1000000	9.435879778485567	1.7853298350107671	8.115713206016725	8.290378078167688	0.3013870747975756	0.1905529139271684	genome_only	leave_species_out	0.2856210852739661	0.1781822244420308	0.6324602093751527	True
final_errorbar	ntv3_100m_pre_w2048	mouse	0.7771925460040144	human_h0_ntv3_100m	vertebrate	animal_fine	3.0	0.0909697815563608	nan	0.892472	0.903571	0.986424	1012599366	1105449631	0.4245689865689865	90.0	1.9542425094393248	0	2728222451	61	195154279	130530862	9	0.7530864197530864	0.386286	1000000	9.435879778485567	1.7853298350107671	8.115713206016725	8.290378078167688	0.3013870747975756	0.1905529139271684	genome_only	leave_species_out	0.2945350864906485	0.1754941503385165	0.4826574595133659	True
calib_anchor	TFREPAIR_invert_boost_animal_4096_seed42	opossum	0.8811419601553324	animal	vertebrate	nan	nan	nan	animal_invert_boost_to_cross_eval	0.387702	0.396173	0.947731	784870682	1877580601	nan	160.0	2.204119982655925	1	3605631728	11	748055161	527952102	3	0.0177926855021289	0.435701	1000000	9.556981366683372	1.041392685158225	8.72259452332798	8.873933623579223	0.1607102295887423	0.0512806903667795	genome_only	leave_species_out	0.741928067366969	0.2600097942066011	0.13921389278836338	True
calib_anchor	cross_supervised_4096	opossum	0.8799647530707007	cross	vertebrate	nan	nan	nan	cross_supervised_to_cross_eval	0.387702	0.396173	0.947731	784870682	1877580601	nan	160.0	2.204119982655925	0	3605631728	11	748055161	527952102	3	0.0177926855021289	0.435701	1000000	9.556981366683372	1.041392685158225	8.72259452332798	8.873933623579223	0.1586751820351534	0.0461873669021071	genome_only	leave_species_out	0.7334807507195512	0.2637964376377765	0.14648400235114944	True
calib_anchor	insect_no_beetle_4096	opossum	0.3505344111723824	insect	vertebrate	nan	nan	nan	insect_no_beetle_to_cross_eval	0.387702	0.396173	0.947731	784870682	1877580601	nan	160.0	2.204119982655925	0	3605631728	11	748055161	527952102	3	0.0177926855021289	0.435701	1000000	9.556981366683372	1.041392685158225	8.72259452332798	8.873933623579223	0.2442594329957188	0.1031924297457334	genome_only	leave_species_out	0.6877109910913557	0.2870344111997741	0.3371765799189733	True
calib_anchor	plant_supervised_4096	opossum	0.3131202191971405	plant	vertebrate	nan	nan	nan	plant_supervised_to_cross_eval	0.387702	0.396173	0.947731	784870682	1877580601	nan	160.0	2.204119982655925	0	3605631728	11	748055161	527952102	3	0.0177926855021289	0.435701	1000000	9.556981366683372	1.041392685158225	8.72259452332798	8.873933623579223	0.1664911752100362	0.0432563267938208	genome_only	leave_species_out	0.7001198993118685	0.2849000110524699	0.38699968011472796	True
calib_anchor	TFREPAIR_invert_boost_animal_4096_seed42	pig	0.8761131743803473	animal	vertebrate	nan	nan	nan	animal_invert_boost_to_cross_eval	0.582164	0.594998	0.964273	664295117	1076577590	nan	96.0	1.9822712330395684	1	274330532	1	274330532	274330532	1	0.0	0.530948	1000000	8.438274145705899	0.0	8.438274145705899	8.438274145705899	0.2077955972696367	0.1201355226055826	genome_only	leave_species_out	0.6666112446399691	0.24735095957004322	0.20950192974037818	True
calib_anchor	cross_supervised_4096	pig	0.8761042913185231	cross	vertebrate	nan	nan	nan	cross_supervised_to_cross_eval	0.582164	0.594998	0.964273	664295117	1076577590	nan	96.0	1.9822712330395684	0	274330532	1	274330532	274330532	1	0.0	0.530948	1000000	8.438274145705899	0.0	8.438274145705899	8.438274145705899	0.2098828548461344	0.1185655744818539	genome_only	leave_species_out	0.621482537952965	0.2551158735807285	0.25462175336555803	True
calib_anchor	insect_no_beetle_4096	pig	0.1493562637371058	insect	vertebrate	nan	nan	nan	insect_no_beetle_to_cross_eval	0.582164	0.594998	0.964273	664295117	1076577590	nan	96.0	1.9822712330395684	0	274330532	1	274330532	274330532	1	0.0	0.530948	1000000	8.438274145705899	0.0	8.438274145705899	8.438274145705899	0.2607430443062736	0.1731967686892715	genome_only	leave_species_out	0.4440205629979585	0.23269893495007507	0.2946642992608527	True
calib_anchor	plant_supervised_4096	pig	0.0856805344147079	plant	vertebrate	nan	nan	nan	plant_supervised_to_cross_eval	0.582164	0.594998	0.964273	664295117	1076577590	nan	96.0	1.9822712330395684	0	274330532	1	274330532	274330532	1	0.0	0.530948	1000000	8.438274145705899	0.0	8.438274145705899	8.438274145705899	0.2025970561124229	0.105606010363931	genome_only	leave_species_out	0.4569457867184547	0.24357838059257855	0.3712652523037468	True
calib_anchor	insect_no_beetle_4096	red_flour_beetle	0.0059299524368398	insect	insect	nan	nan	nan	insect_no_beetle_to_cross_eval	0.027167	0.29354	0.029068	1816066	179836	nan	820.0	2.9138138523837167	1	199682416	2211	32080666	13894384	6	0.0	0.330472	1000000	8.300339822655378	3.344588742578714	7.142839297329219	7.506243375731907	0.182358478678621	0.080736532281517	genome_only	leave_species_out	0.5520296451808068	0.2810092343728333	0.546099692743967	True
calib_anchor	insect_no_beetle_4096	red_flour_beetle	0.0059299524368398	insect	insect	nan	nan	nan	insect_no_beetle_to_stress_eval	0.027167	0.29354	0.029068	1816066	179836	nan	820.0	2.9138138523837167	1	199682416	2211	32080666	13894384	6	0.0	0.330472	1000000	8.300339822655378	3.344588742578714	7.142839297329219	7.506243375731907	0.182358478678621	0.080736532281517	genome_only	leave_species_out	0.5520296451808068	0.2810092343728333	0.546099692743967	True
anchor_anchor	insect_no_beetle_4096	red_flour_beetle	0.0059299524368398	insect	insect	nan	nan	nan	insect_no_beetle_to_insect_stress	0.027167	0.29354	0.029068	1816066	179836	nan	820.0	2.9138138523837167	1	199682416	2211	32080666	13894384	6	0.0	0.330472	1000000	8.300339822655378	3.344588742578714	7.142839297329219	7.506243375731907	0.182358478678621	0.080736532281517	genome_only	leave_species_out	0.5520296451808068	0.2810092343728333	0.546099692743967	True
anchor_anchor	insect_primary_4096	red_flour_beetle	0.0053634200258507	insect	insect	nan	nan	nan	insect_primary_to_insect_stress	0.027167	0.29354	0.029068	1816066	179836	nan	820.0	2.9138138523837167	1	199682416	2211	32080666	13894384	6	0.0	0.330472	1000000	8.300339822655378	3.344588742578714	7.142839297329219	7.506243375731907	0.182358478678621	0.080736532281517	genome_only	leave_species_out	0.5520296451808068	0.2810092343728333	0.5466662251549561	True
calib_anchor	TFREPAIR_invert_boost_animal_4096_seed42	red_flour_beetle	0.0044488885799382	animal	insect	nan	nan	nan	animal_invert_boost_to_cross_eval	0.027167	0.29354	0.029068	1816066	179836	nan	820.0	2.9138138523837167	1	199682416	2211	32080666	13894384	6	0.0	0.330472	1000000	8.300339822655378	3.344588742578714	7.142839297329219	7.506243375731907	0.1716680913935699	0.0724491888367001	genome_only	leave_species_out	0.5874773420435401	0.2791111252813974	0.5830284534636019	True
calib_anchor	TFREPAIR_invert_boost_animal_4096_seed42	red_flour_beetle	0.0044488885799382	animal	insect	nan	nan	nan	animal_invert_boost_to_stress_eval	0.027167	0.29354	0.029068	1816066	179836	nan	820.0	2.9138138523837167	1	199682416	2211	32080666	13894384	6	0.0	0.330472	1000000	8.300339822655378	3.344588742578714	7.142839297329219	7.506243375731907	0.1716680913935699	0.0724491888367001	genome_only	leave_species_out	0.5874773420435401	0.2791111252813974	0.5830284534636019	True
anchor_anchor	TFREPAIR_invert_boost_animal_4096_seed42	red_flour_beetle	0.0044488885799382	animal	insect	nan	nan	nan	animal_invert_boost_to_insect_stress	0.027167	0.29354	0.029068	1816066	179836	nan	820.0	2.9138138523837167	1	199682416	2211	32080666	13894384	6	0.0	0.330472	1000000	8.300339822655378	3.344588742578714	7.142839297329219	7.506243375731907	0.1716680913935699	0.0724491888367001	genome_only	leave_species_out	0.5874773420435401	0.2791111252813974	0.5830284534636019	True
calib_anchor	cross_supervised_4096	red_flour_beetle	0.0030871384254842	cross	insect	nan	nan	nan	cross_supervised_to_cross_eval	0.027167	0.29354	0.029068	1816066	179836	nan	820.0	2.9138138523837167	0	199682416	2211	32080666	13894384	6	0.0	0.330472	1000000	8.300339822655378	3.344588742578714	7.142839297329219	7.506243375731907	0.1770641784426884	0.0859070146414682	genome_only	leave_species_out	0.5859702393330348	0.28681446340703337	0.5828831009075506	True
calib_anchor	cross_supervised_4096	red_flour_beetle	0.0030871384254842	cross	insect	nan	nan	nan	cross_supervised_to_stress_eval	0.027167	0.29354	0.029068	1816066	179836	nan	820.0	2.9138138523837167	0	199682416	2211	32080666	13894384	6	0.0	0.330472	1000000	8.300339822655378	3.344588742578714	7.142839297329219	7.506243375731907	0.1770641784426884	0.0859070146414682	genome_only	leave_species_out	0.5859702393330348	0.28681446340703337	0.5828831009075506	True
anchor_anchor	cross_supervised_4096	red_flour_beetle	0.0030871384254842	cross	insect	nan	nan	nan	cross_supervised_to_insect_stress	0.027167	0.29354	0.029068	1816066	179836	nan	820.0	2.9138138523837167	0	199682416	2211	32080666	13894384	6	0.0	0.330472	1000000	8.300339822655378	3.344588742578714	7.142839297329219	7.506243375731907	0.1770641784426884	0.0859070146414682	genome_only	leave_species_out	0.5859702393330348	0.28681446340703337	0.5828831009075506	True
calib_anchor	plant_supervised_4096	red_flour_beetle	0.0023709296255628	plant	insect	nan	nan	nan	plant_supervised_to_cross_eval	0.027167	0.29354	0.029068	1816066	179836	nan	820.0	2.9138138523837167	0	199682416	2211	32080666	13894384	6	0.0	0.330472	1000000	8.300339822655378	3.344588742578714	7.142839297329219	7.506243375731907	0.2062665763937115	0.1299963863429378	genome_only	leave_species_out	0.4676677915940379	0.29507055851755437	0.4652968619684751	True
calib_anchor	plant_supervised_4096	red_flour_beetle	0.0023709296255628	plant	insect	nan	nan	nan	plant_supervised_to_stress_eval	0.027167	0.29354	0.029068	1816066	179836	nan	820.0	2.9138138523837167	0	199682416	2211	32080666	13894384	6	0.0	0.330472	1000000	8.300339822655378	3.344588742578714	7.142839297329219	7.506243375731907	0.2062665763937115	0.1299963863429378	genome_only	leave_species_out	0.4676677915940379	0.29507055851755437	0.4652968619684751	True
calib_anchor	direct_red_flour_beetle_4096	red_flour_beetle	0.0	other_anchor	insect	nan	nan	nan	direct_beetle_to_cross_eval	0.027167	0.29354	0.029068	1816066	179836	nan	820.0	2.9138138523837167	0	199682416	2211	32080666	13894384	6	0.0	0.330472	1000000	8.300339822655378	3.344588742578714	7.142839297329219	7.506243375731907	0.387481875883399	0.3795499300235393	genome_only	leave_species_out	0.38991314809630956	0.25230123515327674	0.38991314809630956	True
calib_anchor	direct_red_flour_beetle_4096	red_flour_beetle	0.0	other_anchor	insect	nan	nan	nan	direct_beetle_to_stress_eval	0.027167	0.29354	0.029068	1816066	179836	nan	820.0	2.9138138523837167	0	199682416	2211	32080666	13894384	6	0.0	0.330472	1000000	8.300339822655378	3.344588742578714	7.142839297329219	7.506243375731907	0.387481875883399	0.3795499300235393	genome_only	leave_species_out	0.38991314809630956	0.25230123515327674	0.38991314809630956	True
calib_anchor	direct_western_honey_bee_4096	red_flour_beetle	0.0	other_anchor	insect	nan	nan	nan	direct_honeybee_to_cross_eval	0.027167	0.29354	0.029068	1816066	179836	nan	820.0	2.9138138523837167	0	199682416	2211	32080666	13894384	6	0.0	0.330472	1000000	8.300339822655378	3.344588742578714	7.142839297329219	7.506243375731907	0.387481875883399	0.3795499300235393	genome_only	leave_species_out	0.38991314809630956	0.25230123515327674	0.38991314809630956	True
calib_anchor	direct_western_honey_bee_4096	red_flour_beetle	0.0	other_anchor	insect	nan	nan	nan	direct_honeybee_to_stress_eval	0.027167	0.29354	0.029068	1816066	179836	nan	820.0	2.9138138523837167	0	199682416	2211	32080666	13894384	6	0.0	0.330472	1000000	8.300339822655378	3.344588742578714	7.142839297329219	7.506243375731907	0.387481875883399	0.3795499300235393	genome_only	leave_species_out	0.38991314809630956	0.25230123515327674	0.38991314809630956	True
calib_anchor	direct_red_flour_beetle_4096	red_flour_beetle	0.0	other_anchor	insect	nan	nan	nan	direct_beetle_own_holdout	0.027167	0.29354	0.029068	1816066	179836	nan	820.0	2.9138138523837167	0	199682416	2211	32080666	13894384	6	0.0	0.330472	1000000	8.300339822655378	3.344588742578714	7.142839297329219	7.506243375731907	0.387481875883399	0.3795499300235393	genome_only	leave_species_out	0.38991314809630956	0.25230123515327674	0.38991314809630956	True
calib_anchor	cross_supervised_4096	rice	0.8757886614942711	cross	plant	nan	nan	nan	cross_supervised_to_plant_fine	0.042709	0.042814	0.945597	6804792	150290274	0.4367724609375	1500.0	3.1760912590556813	0	375049285	63	43270923	29958434	6	0.0009990009990009	0.440543	1000000	8.574088341853379	1.7993405494535817	7.476519107994928	7.636196159112094	0.0509643028428826	0.0089788460254062	genome_only	leave_species_out	0.816697981318232	0.11149253327568906	0.059090680176039134	True
calib_anchor	plant_supervised_4096	rice	0.8707687905287769	plant	plant	nan	nan	nan	plant_supervised_to_plant_fine	0.042709	0.042814	0.945597	6804792	150290274	0.4367724609375	1500.0	3.1760912590556813	1	375049285	63	43270923	29958434	6	0.0009990009990009	0.440543	1000000	8.574088341853379	1.7993405494535817	7.476519107994928	7.636196159112094	0.0266445732235012	0.0019077973482301	genome_only	leave_species_out	0.8003246848386172	0.14306525867969636	0.07044410569015969	True
calib_anchor	TFREPAIR_invert_boost_animal_4096_seed42	rice	0.7436754544113025	animal	plant	nan	nan	nan	animal_invert_boost_to_plant_fine	0.042709	0.042814	0.945597	6804792	150290274	0.4367724609375	1500.0	3.1760912590556813	0	375049285	63	43270923	29958434	6	0.0009990009990009	0.440543	1000000	8.574088341853379	1.7993405494535817	7.476519107994928	7.636196159112094	0.0884855408342787	0.024015940484199	genome_only	leave_species_out	0.7788691886567758	0.13597893683516496	0.03519373424547334	True
calib_anchor	insect_no_beetle_4096	rice	0.6461381376419327	insect	plant	nan	nan	nan	insect_no_beetle_to_plant_fine	0.042709	0.042814	0.945597	6804792	150290274	0.4367724609375	1500.0	3.1760912590556813	0	375049285	63	43270923	29958434	6	0.0009990009990009	0.440543	1000000	8.574088341853379	1.7993405494535817	7.476519107994928	7.636196159112094	0.1297892289697576	0.0416255932528221	genome_only	leave_species_out	0.6246509820220386	0.192178557503117	0.021487155619894116	True
final_errorbar	ntv3_100m_pre_w2048	rice	0.4280118170164783	human_h0_ntv3_100m	plant	plant_fine	3.0	0.0089135891045139	nan	0.042709	0.042814	0.945597	6804792	150290274	0.4367724609375	1500.0	3.1760912590556813	0	375049285	63	43270923	29958434	6	0.0009990009990009	0.440543	1000000	8.574088341853379	1.7993405494535817	7.476519107994928	7.636196159112094	0.2387362365796297	0.1495374763496936	genome_only	leave_species_out	0.3544155107318828	0.1573308372964042	0.07359630628459546	True
final_errorbar	ntv2_250m_w4096	rice	0.1180575922330197	human_h0_ntv2_250m	plant	plant_fine	3.0	0.0082940112619889	nan	0.042709	0.042814	0.945597	6804792	150290274	0.4367724609375	1500.0	3.1760912590556813	0	375049285	63	43270923	29958434	6	0.0009990009990009	0.440543	1000000	8.574088341853379	1.7993405494535817	7.476519107994928	7.636196159112094	0.2387362365796297	0.1495374763496936	genome_only	leave_species_out	0.33471406223128847	0.15969144208256877	0.21665646999826876	True
supp_h0_transfer	ntv2_500m_H0_w4096	rice	0.115519977917328	human_h0_ntv2_500m	plant	nan	nan	nan	transfer_BC_w4096	0.042709	0.042814	0.945597	6804792	150290274	0.4367724609375	1500.0	3.1760912590556813	0	375049285	63	43270923	29958434	6	0.0009990009990009	0.440543	1000000	8.574088341853379	1.7993405494535817	7.476519107994928	7.636196159112094	0.2387362365796297	0.1495374763496936	genome_only	leave_species_out	0.3441497246492937	0.16153120684655087	0.22862974673196573	True
calib_anchor	cross_supervised_4096	sorghum	0.9154621597006132	cross	plant	nan	nan	nan	cross_supervised_to_plant_fine	0.057919	0.05798	0.982235	24648380	417568699	0.43649658203125	1500.0	3.1760912590556813	0	709344700	869	80884392	68658214	5	0.0	0.442729	1000000	8.85085732817176	2.9390197764486663	7.836692501973025	7.907864725292852	0.0537853232039029	0.0104612611262495	genome_only	leave_species_out	0.8845637769077319	0.08595677932206502	0.030898382792881263	True
calib_anchor	plant_supervised_4096	sorghum	0.9087078620701828	plant	plant	nan	nan	nan	plant_supervised_to_plant_fine	0.057919	0.05798	0.982235	24648380	417568699	0.43649658203125	1500.0	3.1760912590556813	1	709344700	869	80884392	68658214	5	0.0	0.442729	1000000	8.85085732817176	2.9390197764486663	7.836692501973025	7.907864725292852	0.0273914249208693	0.0019576048399221	genome_only	leave_species_out	0.8725990107258035	0.12751402437071957	0.036108851344379356	True
calib_anchor	TFREPAIR_invert_boost_animal_4096_seed42	sorghum	0.8370785739861111	animal	plant	nan	nan	nan	animal_invert_boost_to_plant_fine	0.057919	0.05798	0.982235	24648380	417568699	0.43649658203125	1500.0	3.1760912590556813	0	709344700	869	80884392	68658214	5	0.0	0.442729	1000000	8.85085732817176	2.9390197764486663	7.836692501973025	7.907864725292852	0.0942512747889714	0.0278449023844741	genome_only	leave_species_out	0.8272230921046656	0.15255847420350255	0.009855481881445471	True
calib_anchor	insect_no_beetle_4096	sorghum	0.7395318366775196	insect	plant	nan	nan	nan	insect_no_beetle_to_plant_fine	0.057919	0.05798	0.982235	24648380	417568699	0.43649658203125	1500.0	3.1760912590556813	0	709344700	869	80884392	68658214	5	0.0	0.442729	1000000	8.85085732817176	2.9390197764486663	7.836692501973025	7.907864725292852	0.1395994473150001	0.0492361155990339	genome_only	leave_species_out	0.660538212863094	0.2013412625416589	0.07899362381442565	True
final_errorbar	ntv3_100m_pre_w2048	sorghum	0.4747462171975484	human_h0_ntv3_100m	plant	plant_fine	3.0	0.0156681636990695	nan	0.057919	0.05798	0.982235	24648380	417568699	0.43649658203125	1500.0	3.1760912590556813	0	709344700	869	80884392	68658214	5	0.0	0.442729	1000000	8.85085732817176	2.9390197764486663	7.836692501973025	7.907864725292852	0.2366280772731148	0.1465793330978378	genome_only	leave_species_out	0.39237984134521914	0.17904747805066312	0.08236637585232925	True
supp_h0_transfer	ntv2_500m_H0_w4096	sorghum	0.1793904911276665	human_h0_ntv2_500m	plant	nan	nan	nan	transfer_BC_w4096	0.057919	0.05798	0.982235	24648380	417568699	0.43649658203125	1500.0	3.1760912590556813	0	709344700	869	80884392	68658214	5	0.0	0.442729	1000000	8.85085732817176	2.9390197764486663	7.836692501973025	7.907864725292852	0.2366280772731148	0.1465793330978378	genome_only	leave_species_out	0.3905003602204204	0.19107423292895603	0.2111098690927539	True
final_errorbar	ntv2_250m_w4096	sorghum	0.1551588113564608	human_h0_ntv2_250m	plant	plant_fine	3.0	0.0342168256944894	nan	0.057919	0.05798	0.982235	24648380	417568699	0.43649658203125	1500.0	3.1760912590556813	0	709344700	869	80884392	68658214	5	0.0	0.442729	1000000	8.85085732817176	2.9390197764486663	7.836692501973025	7.907864725292852	0.2366280772731148	0.1465793330978378	genome_only	leave_species_out	0.37915153803413043	0.18497737174011197	0.22399272667766962	True
calib_anchor	TFREPAIR_invert_boost_animal_4096_seed42	soybean	0.5650860204945004	animal	plant	nan	nan	nan	animal_invert_boost_to_cross_eval	0.121572	0.122064	0.967888	51176368	405794558	nan	1550.0	3.1903316981702914	0	978491270	1190	58018742	48577505	10	0.0140867288186392	0.330132	1000000	8.990556955279926	3.0755469613925306	7.686435205146788	7.763568307914055	0.1721211082809056	0.0467496388777612	genome_only	leave_species_out	0.5412002918683251	0.2687474025106901	0.02388572862617533	True
calib_anchor	TFREPAIR_invert_boost_animal_4096_seed42	soybean	0.5650854892493286	animal	plant	nan	nan	nan	animal_invert_boost_to_plant_eval	0.121572	0.122064	0.967888	51176368	405794558	nan	1550.0	3.1903316981702914	0	978491270	1190	58018742	48577505	10	0.0140867288186392	0.330132	1000000	8.990556955279926	3.0755469613925306	7.686435205146788	7.763568307914055	0.1721211082809056	0.0467496388777612	genome_only	leave_species_out	0.5412002918683251	0.2687474025106901	0.023885197381003476	True
calib_anchor	insect_no_beetle_4096	soybean	0.4867824461937038	insect	plant	nan	nan	nan	insect_no_beetle_to_cross_eval	0.121572	0.122064	0.967888	51176368	405794558	nan	1550.0	3.1903316981702914	0	978491270	1190	58018742	48577505	10	0.0140867288186392	0.330132	1000000	8.990556955279926	3.0755469613925306	7.686435205146788	7.763568307914055	0.2213663352869438	0.0708915192575917	genome_only	leave_species_out	0.47080439698686555	0.26498537570275593	0.015978049206838263	True
calib_anchor	insect_no_beetle_4096	soybean	0.4867824461937038	insect	plant	nan	nan	nan	insect_no_beetle_to_plant_eval	0.121572	0.122064	0.967888	51176368	405794558	nan	1550.0	3.1903316981702914	0	978491270	1190	58018742	48577505	10	0.0140867288186392	0.330132	1000000	8.990556955279926	3.0755469613925306	7.686435205146788	7.763568307914055	0.2213663352869438	0.0708915192575917	genome_only	leave_species_out	0.47080439698686555	0.26498537570275593	0.015978049206838263	True
calib_anchor	cross_supervised_4096	soybean	0.4136761357660033	cross	plant	nan	nan	nan	cross_supervised_to_cross_eval	0.121572	0.122064	0.967888	51176368	405794558	nan	1550.0	3.1903316981702914	0	978491270	1190	58018742	48577505	10	0.0140867288186392	0.330132	1000000	8.990556955279926	3.0755469613925306	7.686435205146788	7.763568307914055	0.1689640981121739	0.0484850139947763	genome_only	leave_species_out	0.5613745446751448	0.27520363294551287	0.1476984089091415	True
calib_anchor	cross_supervised_4096	soybean	0.4136761357660033	cross	plant	nan	nan	nan	cross_supervised_to_plant_eval	0.121572	0.122064	0.967888	51176368	405794558	nan	1550.0	3.1903316981702914	0	978491270	1190	58018742	48577505	10	0.0140867288186392	0.330132	1000000	8.990556955279926	3.0755469613925306	7.686435205146788	7.763568307914055	0.1689640981121739	0.0484850139947763	genome_only	leave_species_out	0.5613745446751448	0.27520363294551287	0.1476984089091415	True
calib_anchor	plant_supervised_4096	soybean	0.4115535505913839	plant	plant	nan	nan	nan	plant_supervised_to_cross_eval	0.121572	0.122064	0.967888	51176368	405794558	nan	1550.0	3.1903316981702914	1	978491270	1190	58018742	48577505	10	0.0140867288186392	0.330132	1000000	8.990556955279926	3.0755469613925306	7.686435205146788	7.763568307914055	0.1946953499497931	0.0763255186024801	genome_only	leave_species_out	0.5200304911151685	0.2763146900545458	0.10847694052378465	True
calib_anchor	plant_supervised_4096	soybean	0.4115535505913839	plant	plant	nan	nan	nan	plant_supervised_to_plant_eval	0.121572	0.122064	0.967888	51176368	405794558	nan	1550.0	3.1903316981702914	1	978491270	1190	58018742	48577505	10	0.0140867288186392	0.330132	1000000	8.990556955279926	3.0755469613925306	7.686435205146788	7.763568307914055	0.1946953499497931	0.0763255186024801	genome_only	leave_species_out	0.5200304911151685	0.2763146900545458	0.10847694052378465	True
calib_anchor	plant_supervised_4096	teosinte	0.9308197551982428	plant	plant	nan	nan	nan	plant_supervised_to_cross_eval	0.086856	0.088019	0.868021	259955621	2563626352	nan	1500.0	3.1760912590556813	1	3290921811	8365	294039681	175094470	8	0.0	0.438516	1000000	9.517317564015846	3.922465945298413	8.243272429998866	8.468405942917126	0.2100077500333409	0.103231294898657	genome_only	leave_species_out	0.3319444018240346	0.23949422273369914	0.5988753533742082	True
calib_anchor	plant_supervised_4096	teosinte	0.9308197551982428	plant	plant	nan	nan	nan	plant_supervised_to_plant_eval	0.086856	0.088019	0.868021	259955621	2563626352	nan	1500.0	3.1760912590556813	1	3290921811	8365	294039681	175094470	8	0.0	0.438516	1000000	9.517317564015846	3.922465945298413	8.243272429998866	8.468405942917126	0.2100077500333409	0.103231294898657	genome_only	leave_species_out	0.3319444018240346	0.23949422273369914	0.5988753533742082	True
calib_anchor	cross_supervised_4096	teosinte	0.9299634062638152	cross	plant	nan	nan	nan	cross_supervised_to_cross_eval	0.086856	0.088019	0.868021	259955621	2563626352	nan	1500.0	3.1760912590556813	0	3290921811	8365	294039681	175094470	8	0.0	0.438516	1000000	9.517317564015846	3.922465945298413	8.243272429998866	8.468405942917126	0.2120411295082017	0.1047709646574465	genome_only	leave_species_out	0.3848888129342942	0.2734137430623594	0.545074593329521	True
calib_anchor	cross_supervised_4096	teosinte	0.9299634062638152	cross	plant	nan	nan	nan	cross_supervised_to_plant_eval	0.086856	0.088019	0.868021	259955621	2563626352	nan	1500.0	3.1760912590556813	0	3290921811	8365	294039681	175094470	8	0.0	0.438516	1000000	9.517317564015846	3.922465945298413	8.243272429998866	8.468405942917126	0.2120411295082017	0.1047709646574465	genome_only	leave_species_out	0.3848888129342942	0.2734137430623594	0.545074593329521	True
calib_anchor	TFREPAIR_invert_boost_animal_4096_seed42	teosinte	0.8886845637016639	animal	plant	nan	nan	nan	animal_invert_boost_to_cross_eval	0.086856	0.088019	0.868021	259955621	2563626352	nan	1500.0	3.1760912590556813	0	3290921811	8365	294039681	175094470	8	0.0	0.438516	1000000	9.517317564015846	3.922465945298413	8.243272429998866	8.468405942917126	0.2168178063542519	0.1112460410900726	genome_only	leave_species_out	0.3796716249474068	0.27306819468651505	0.5090129387542571	True
calib_anchor	TFREPAIR_invert_boost_animal_4096_seed42	teosinte	0.8886845637016639	animal	plant	nan	nan	nan	animal_invert_boost_to_plant_eval	0.086856	0.088019	0.868021	259955621	2563626352	nan	1500.0	3.1760912590556813	0	3290921811	8365	294039681	175094470	8	0.0	0.438516	1000000	9.517317564015846	3.922465945298413	8.243272429998866	8.468405942917126	0.2168178063542519	0.1112460410900726	genome_only	leave_species_out	0.3796716249474068	0.27306819468651505	0.5090129387542571	True
calib_anchor	insect_no_beetle_4096	teosinte	0.7928110204987012	insect	plant	nan	nan	nan	insect_no_beetle_to_cross_eval	0.086856	0.088019	0.868021	259955621	2563626352	nan	1500.0	3.1760912590556813	0	3290921811	8365	294039681	175094470	8	0.0	0.438516	1000000	9.517317564015846	3.922465945298413	8.243272429998866	8.468405942917126	0.24756711504357	0.1387104209292143	genome_only	leave_species_out	0.29463918588182475	0.2146333233700814	0.4981718346168765	True
calib_anchor	insect_no_beetle_4096	teosinte	0.7928110204987012	insect	plant	nan	nan	nan	insect_no_beetle_to_plant_eval	0.086856	0.088019	0.868021	259955621	2563626352	nan	1500.0	3.1760912590556813	0	3290921811	8365	294039681	175094470	8	0.0	0.438516	1000000	9.517317564015846	3.922465945298413	8.243272429998866	8.468405942917126	0.24756711504357	0.1387104209292143	genome_only	leave_species_out	0.29463918588182475	0.2146333233700814	0.4981718346168765	True
calib_anchor	cross_supervised_4096	thale_cress	0.7121875392581978	cross	plant	nan	nan	nan	cross_supervised_to_plant_fine	0.043011	0.043145	0.932855	1297325	28049979	0.37922119140625	1550.0	3.1903316981702914	0	119667750	7	30427671	23459830	3	0.0	0.372445	1000000	8.077977125476142	0.8450980400142568	7.370324860706645	7.48326871178776	0.1110569059282151	0.0213077580291249	genome_only	leave_species_out	0.7037751004149781	0.18722286987856157	0.008412438843219627	True
calib_anchor	plant_supervised_4096	thale_cress	0.6974776069597389	plant	plant	nan	nan	nan	plant_supervised_to_plant_fine	0.043011	0.043145	0.932855	1297325	28049979	0.37922119140625	1550.0	3.1903316981702914	1	119667750	7	30427671	23459830	3	0.0	0.372445	1000000	8.077977125476142	0.8450980400142568	7.370324860706645	7.48326871178776	0.1249666485378415	0.0307960258984802	genome_only	leave_species_out	0.6294715915712698	0.2362831030803473	0.06800601538846918	True
calib_anchor	TFREPAIR_invert_boost_animal_4096_seed42	thale_cress	0.2079073653834738	animal	plant	nan	nan	nan	animal_invert_boost_to_plant_fine	0.043011	0.043145	0.932855	1297325	28049979	0.37922119140625	1550.0	3.1903316981702914	0	119667750	7	30427671	23459830	3	0.0	0.372445	1000000	8.077977125476142	0.8450980400142568	7.370324860706645	7.48326871178776	0.1234742428456467	0.0279292546598651	genome_only	leave_species_out	0.6804675424297452	0.19555347254766697	0.4725601770462714	True
calib_anchor	insect_no_beetle_4096	thale_cress	0.1382559591838703	insect	plant	nan	nan	nan	insect_no_beetle_to_plant_fine	0.043011	0.043145	0.932855	1297325	28049979	0.37922119140625	1550.0	3.1903316981702914	0	119667750	7	30427671	23459830	3	0.0	0.372445	1000000	8.077977125476142	0.8450980400142568	7.370324860706645	7.48326871178776	0.1564172368424756	0.0430840989911306	genome_only	leave_species_out	0.6534260277456536	0.18031606744960507	0.5151700685617833	True
final_errorbar	ntv3_100m_pre_w2048	thale_cress	0.1299511497000876	human_h0_ntv3_100m	plant	plant_fine	3.0	0.0173026332429277	nan	0.043011	0.043145	0.932855	1297325	28049979	0.37922119140625	1550.0	3.1903316981702914	0	119667750	7	30427671	23459830	3	0.0	0.372445	1000000	8.077977125476142	0.8450980400142568	7.370324860706645	7.48326871178776	0.3352596901322179	0.268016439460078	genome_only	leave_species_out	0.3482021926340919	0.16943427139101525	0.21825104293400432	True
final_errorbar	ntv2_250m_w4096	thale_cress	0.059250325526733	human_h0_ntv2_250m	plant	plant_fine	3.0	0.0279221757123653	nan	0.043011	0.043145	0.932855	1297325	28049979	0.37922119140625	1550.0	3.1903316981702914	0	119667750	7	30427671	23459830	3	0.0	0.372445	1000000	8.077977125476142	0.8450980400142568	7.370324860706645	7.48326871178776	0.3352596901322179	0.268016439460078	genome_only	leave_species_out	0.31129397926489777	0.18270115073896456	0.2520436537381648	True
supp_h0_transfer	ntv2_500m_H0_w4096	thale_cress	0.0350888069185704	human_h0_ntv2_500m	plant	nan	nan	nan	transfer_BC_w4096	0.043011	0.043145	0.932855	1297325	28049979	0.37922119140625	1550.0	3.1903316981702914	0	119667750	7	30427671	23459830	3	0.0	0.372445	1000000	8.077977125476142	0.8450980400142568	7.370324860706645	7.48326871178776	0.3352596901322179	0.268016439460078	genome_only	leave_species_out	0.3294289698192492	0.17957533656596028	0.29434016290067877	True
supp_h0_transfer	ntv2_500m_H0_w4096	western_clawed_frog	0.7676709570719781	human_h0_ntv2_500m	vertebrate	nan	nan	nan	transfer_BC_w4096	0.000179	0.000179	0.967076	84407	455592780	0.5371810538664581	360.0	2.556302500767288	0	1451301209	167	217471166	153961319	5	0.0029910269192422	0.505897	1000000	9.16175755704896	2.2227164711475837	8.18741162307706	8.337401683004607	0.1957973399316009	0.0911435831684164	genome_only	leave_species_out	0.49693074424882866	0.28636021253188465	0.2707402128231494	True
final_errorbar	ntv2_250m_w4096	western_clawed_frog	0.6476854010493278	human_h0_ntv2_250m	vertebrate	animal_fine	3.0	0.0436579387818896	nan	0.000179	0.000179	0.967076	84407	455592780	0.5371810538664581	360.0	2.556302500767288	0	1451301209	167	217471166	153961319	5	0.0029910269192422	0.505897	1000000	9.16175755704896	2.2227164711475837	8.18741162307706	8.337401683004607	0.1957973399316009	0.0911435831684164	genome_only	leave_species_out	0.4899198513286899	0.2896489237098185	0.1577655497206379	True
final_errorbar	ntv3_100m_pre_w2048	western_clawed_frog	0.5191597065847986	human_h0_ntv3_100m	vertebrate	animal_fine	3.0	0.0896323044666213	nan	0.000179	0.000179	0.967076	84407	455592780	0.5371810538664581	360.0	2.556302500767288	0	1451301209	167	217471166	153961319	5	0.0029910269192422	0.505897	1000000	9.16175755704896	2.2227164711475837	8.18741162307706	8.337401683004607	0.1957973399316009	0.0911435831684164	genome_only	leave_species_out	0.5199192553636235	0.26914446621015287	0.0007595487788248922	True
anchor_anchor	insect_primary_4096	western_honey_bee	0.946524064171123	insect	insect	nan	nan	nan	insect_primary_to_insect_stress	0.020425	0.982865	0.020432	4337232	90164	nan	820.0	2.9138138523837167	1	51457486	3	25433307	14233499	2	0.0388635522641971	0.404665	1000000	7.71144856455995	0.4771212547196624	7.15331167517893	7.405402833572285	0.1030895049884773	0.0198094430108711	genome_only	leave_species_out	0.21223517828075078	0.3228488475523764	0.7342888858903722	True
calib_anchor	insect_no_beetle_4096	western_honey_bee	0.7983193277310925	insect	insect	nan	nan	nan	insect_no_beetle_to_cross_eval	0.020425	0.982865	0.020432	4337232	90164	nan	820.0	2.9138138523837167	1	51457486	3	25433307	14233499	2	0.0388635522641971	0.404665	1000000	7.71144856455995	0.4771212547196624	7.15331167517893	7.405402833572285	0.1030895049884773	0.0198094430108711	genome_only	leave_species_out	0.21223517828075078	0.3228488475523764	0.5860841494503417	True
calib_anchor	insect_no_beetle_4096	western_honey_bee	0.7983193277310925	insect	insect	nan	nan	nan	insect_no_beetle_to_stress_eval	0.020425	0.982865	0.020432	4337232	90164	nan	820.0	2.9138138523837167	1	51457486	3	25433307	14233499	2	0.0388635522641971	0.404665	1000000	7.71144856455995	0.4771212547196624	7.15331167517893	7.405402833572285	0.1030895049884773	0.0198094430108711	genome_only	leave_species_out	0.21223517828075078	0.3228488475523764	0.5860841494503417	True
anchor_anchor	insect_no_beetle_4096	western_honey_bee	0.7983193277310925	insect	insect	nan	nan	nan	insect_no_beetle_to_insect_stress	0.020425	0.982865	0.020432	4337232	90164	nan	820.0	2.9138138523837167	1	51457486	3	25433307	14233499	2	0.0388635522641971	0.404665	1000000	7.71144856455995	0.4771212547196624	7.15331167517893	7.405402833572285	0.1030895049884773	0.0198094430108711	genome_only	leave_species_out	0.21223517828075078	0.3228488475523764	0.5860841494503417	True
calib_anchor	TFREPAIR_invert_boost_animal_4096_seed42	western_honey_bee	0.05217988328184	animal	insect	nan	nan	nan	animal_invert_boost_to_cross_eval	0.020425	0.982865	0.020432	4337232	90164	nan	820.0	2.9138138523837167	1	51457486	3	25433307	14233499	2	0.0388635522641971	0.404665	1000000	7.71144856455995	0.4771212547196624	7.15331167517893	7.405402833572285	0.1975547081920625	0.0743872976560842	genome_only	leave_species_out	0.12938477222440406	0.25281776250975163	0.07720488894256405	True
calib_anchor	TFREPAIR_invert_boost_animal_4096_seed42	western_honey_bee	0.05217988328184	animal	insect	nan	nan	nan	animal_invert_boost_to_stress_eval	0.020425	0.982865	0.020432	4337232	90164	nan	820.0	2.9138138523837167	1	51457486	3	25433307	14233499	2	0.0388635522641971	0.404665	1000000	7.71144856455995	0.4771212547196624	7.15331167517893	7.405402833572285	0.1975547081920625	0.0743872976560842	genome_only	leave_species_out	0.12938477222440406	0.25281776250975163	0.07720488894256405	True
anchor_anchor	TFREPAIR_invert_boost_animal_4096_seed42	western_honey_bee	0.05217988328184	animal	insect	nan	nan	nan	animal_invert_boost_to_insect_stress	0.020425	0.982865	0.020432	4337232	90164	nan	820.0	2.9138138523837167	1	51457486	3	25433307	14233499	2	0.0388635522641971	0.404665	1000000	7.71144856455995	0.4771212547196624	7.15331167517893	7.405402833572285	0.1975547081920625	0.0743872976560842	genome_only	leave_species_out	0.12938477222440406	0.25281776250975163	0.07720488894256405	True
calib_anchor	cross_supervised_4096	western_honey_bee	0.0052898014902451	cross	insect	nan	nan	nan	cross_supervised_to_cross_eval	0.020425	0.982865	0.020432	4337232	90164	nan	820.0	2.9138138523837167	0	51457486	3	25433307	14233499	2	0.0388635522641971	0.404665	1000000	7.71144856455995	0.4771212547196624	7.15331167517893	7.405402833572285	0.2119073798001238	0.0902008757309238	genome_only	leave_species_out	0.1391919107570918	0.2730290724868201	0.1339021092668467	True
calib_anchor	cross_supervised_4096	western_honey_bee	0.0052898014902451	cross	insect	nan	nan	nan	cross_supervised_to_stress_eval	0.020425	0.982865	0.020432	4337232	90164	nan	820.0	2.9138138523837167	0	51457486	3	25433307	14233499	2	0.0388635522641971	0.404665	1000000	7.71144856455995	0.4771212547196624	7.15331167517893	7.405402833572285	0.2119073798001238	0.0902008757309238	genome_only	leave_species_out	0.1391919107570918	0.2730290724868201	0.1339021092668467	True
anchor_anchor	cross_supervised_4096	western_honey_bee	0.0052898014902451	cross	insect	nan	nan	nan	cross_supervised_to_insect_stress	0.020425	0.982865	0.020432	4337232	90164	nan	820.0	2.9138138523837167	0	51457486	3	25433307	14233499	2	0.0388635522641971	0.404665	1000000	7.71144856455995	0.4771212547196624	7.15331167517893	7.405402833572285	0.2119073798001238	0.0902008757309238	genome_only	leave_species_out	0.1391919107570918	0.2730290724868201	0.1339021092668467	True
calib_anchor	plant_supervised_4096	western_honey_bee	0.0003842421976866	plant	insect	nan	nan	nan	plant_supervised_to_cross_eval	0.020425	0.982865	0.020432	4337232	90164	nan	820.0	2.9138138523837167	0	51457486	3	25433307	14233499	2	0.0388635522641971	0.404665	1000000	7.71144856455995	0.4771212547196624	7.15331167517893	7.405402833572285	0.2144848278327983	0.1040586970085212	genome_only	leave_species_out	0.13290438386829193	0.2683297125786616	0.13252014167060533	True
calib_anchor	plant_supervised_4096	western_honey_bee	0.0003842416254314	plant	insect	nan	nan	nan	plant_supervised_to_stress_eval	0.020425	0.982865	0.020432	4337232	90164	nan	820.0	2.9138138523837167	0	51457486	3	25433307	14233499	2	0.0388635522641971	0.404665	1000000	7.71144856455995	0.4771212547196624	7.15331167517893	7.405402833572285	0.2144848278327983	0.1040586970085212	genome_only	leave_species_out	0.13290438386829193	0.2683297125786616	0.13252014224286052	True
calib_anchor	direct_red_flour_beetle_4096	western_honey_bee	0.0	other_anchor	insect	nan	nan	nan	direct_beetle_to_cross_eval	0.020425	0.982865	0.020432	4337232	90164	nan	820.0	2.9138138523837167	0	51457486	3	25433307	14233499	2	0.0388635522641971	0.404665	1000000	7.71144856455995	0.4771212547196624	7.15331167517893	7.405402833572285	0.3782434204252473	0.3304654870915913	genome_only	leave_species_out	0.061856742055559556	0.13516290522187543	0.061856742055559556	True
calib_anchor	direct_red_flour_beetle_4096	western_honey_bee	0.0	other_anchor	insect	nan	nan	nan	direct_beetle_to_stress_eval	0.020425	0.982865	0.020432	4337232	90164	nan	820.0	2.9138138523837167	0	51457486	3	25433307	14233499	2	0.0388635522641971	0.404665	1000000	7.71144856455995	0.4771212547196624	7.15331167517893	7.405402833572285	0.3782434204252473	0.3304654870915913	genome_only	leave_species_out	0.061856742055559556	0.13516290522187543	0.061856742055559556	True
calib_anchor	direct_western_honey_bee_4096	western_honey_bee	0.0	other_anchor	insect	nan	nan	nan	direct_honeybee_to_cross_eval	0.020425	0.982865	0.020432	4337232	90164	nan	820.0	2.9138138523837167	0	51457486	3	25433307	14233499	2	0.0388635522641971	0.404665	1000000	7.71144856455995	0.4771212547196624	7.15331167517893	7.405402833572285	0.3782434204252473	0.3304654870915913	genome_only	leave_species_out	0.061856742055559556	0.13516290522187543	0.061856742055559556	True
calib_anchor	direct_western_honey_bee_4096	western_honey_bee	0.0	other_anchor	insect	nan	nan	nan	direct_honeybee_to_stress_eval	0.020425	0.982865	0.020432	4337232	90164	nan	820.0	2.9138138523837167	0	51457486	3	25433307	14233499	2	0.0388635522641971	0.404665	1000000	7.71144856455995	0.4771212547196624	7.15331167517893	7.405402833572285	0.3782434204252473	0.3304654870915913	genome_only	leave_species_out	0.061856742055559556	0.13516290522187543	0.061856742055559556	True
calib_anchor	direct_western_honey_bee_4096	western_honey_bee	0.0	other_anchor	insect	nan	nan	nan	direct_honeybee_own_holdout	0.020425	0.982865	0.020432	4337232	90164	nan	820.0	2.9138138523837167	0	51457486	3	25433307	14233499	2	0.0388635522641971	0.404665	1000000	7.71144856455995	0.4771212547196624	7.15331167517893	7.405402833572285	0.3782434204252473	0.3304654870915913	genome_only	leave_species_out	0.061856742055559556	0.13516290522187543	0.061856742055559556	True
anchor_anchor	TFREPAIR_invert_boost_animal_4096_seed42	x_laevis	0.4013777654205557	animal	vertebrate	nan	nan	nan	animal_invert_boost_to_insect_stress	0.000194	0.000194	0.813401	56801	238590187	nan	370.0	2.568201724066995	1	2718433805	108033	219802468	136570856	9	0.1479724726946478	0.38498	1000000	9.434318762214229	5.033556436308993	8.13535803149204	8.34203256448767	0.1125183122375499	0.0175004510961257	genome_only	leave_species_out	0.5548964094380746	0.3083763358520631	0.1535186440175189	True
calib_anchor	TFREPAIR_invert_boost_animal_4096_seed42	x_laevis	0.4013775981071781	animal	vertebrate	nan	nan	nan	animal_invert_boost_to_cross_eval	0.000194	0.000194	0.813401	56801	238590187	nan	370.0	2.568201724066995	1	2718433805	108033	219802468	136570856	9	0.1479724726946478	0.38498	1000000	9.434318762214229	5.033556436308993	8.13535803149204	8.34203256448767	0.1125183122375499	0.0175004510961257	genome_only	leave_species_out	0.5548964094380746	0.3083763358520631	0.1535188113308965	True
calib_anchor	TFREPAIR_invert_boost_animal_4096_seed42	x_laevis	0.4013775981071781	animal	vertebrate	nan	nan	nan	animal_invert_boost_to_stress_eval	0.000194	0.000194	0.813401	56801	238590187	nan	370.0	2.568201724066995	1	2718433805	108033	219802468	136570856	9	0.1479724726946478	0.38498	1000000	9.434318762214229	5.033556436308993	8.13535803149204	8.34203256448767	0.1125183122375499	0.0175004510961257	genome_only	leave_species_out	0.5548964094380746	0.3083763358520631	0.1535188113308965	True
calib_anchor	cross_supervised_4096	x_laevis	0.3945827783795458	cross	vertebrate	nan	nan	nan	cross_supervised_to_cross_eval	0.000194	0.000194	0.813401	56801	238590187	nan	370.0	2.568201724066995	0	2718433805	108033	219802468	136570856	9	0.1479724726946478	0.38498	1000000	9.434318762214229	5.033556436308993	8.13535803149204	8.34203256448767	0.1141902696107161	0.0184397446805083	genome_only	leave_species_out	0.5345927134923362	0.3059825247696855	0.14000993511279036	True
calib_anchor	cross_supervised_4096	x_laevis	0.3945827783795458	cross	vertebrate	nan	nan	nan	cross_supervised_to_stress_eval	0.000194	0.000194	0.813401	56801	238590187	nan	370.0	2.568201724066995	0	2718433805	108033	219802468	136570856	9	0.1479724726946478	0.38498	1000000	9.434318762214229	5.033556436308993	8.13535803149204	8.34203256448767	0.1141902696107161	0.0184397446805083	genome_only	leave_species_out	0.5345927134923362	0.3059825247696855	0.14000993511279036	True
anchor_anchor	cross_supervised_4096	x_laevis	0.3945827783795458	cross	vertebrate	nan	nan	nan	cross_supervised_to_insect_stress	0.000194	0.000194	0.813401	56801	238590187	nan	370.0	2.568201724066995	0	2718433805	108033	219802468	136570856	9	0.1479724726946478	0.38498	1000000	9.434318762214229	5.033556436308993	8.13535803149204	8.34203256448767	0.1141902696107161	0.0184397446805083	genome_only	leave_species_out	0.5345927134923362	0.3059825247696855	0.14000993511279036	True
calib_anchor	plant_supervised_4096	x_laevis	0.2855543757586765	plant	vertebrate	nan	nan	nan	plant_supervised_to_cross_eval	0.000194	0.000194	0.813401	56801	238590187	nan	370.0	2.568201724066995	0	2718433805	108033	219802468	136570856	9	0.1479724726946478	0.38498	1000000	9.434318762214229	5.033556436308993	8.13535803149204	8.34203256448767	0.1445645708760781	0.0387081158013149	genome_only	leave_species_out	0.40924017900367093	0.2819305284178148	0.12368580324499445	True
calib_anchor	plant_supervised_4096	x_laevis	0.2855543757586765	plant	vertebrate	nan	nan	nan	plant_supervised_to_stress_eval	0.000194	0.000194	0.813401	56801	238590187	nan	370.0	2.568201724066995	0	2718433805	108033	219802468	136570856	9	0.1479724726946478	0.38498	1000000	9.434318762214229	5.033556436308993	8.13535803149204	8.34203256448767	0.1445645708760781	0.0387081158013149	genome_only	leave_species_out	0.40924017900367093	0.2819305284178148	0.12368580324499445	True
calib_anchor	insect_no_beetle_4096	x_laevis	0.2829600934257301	insect	vertebrate	nan	nan	nan	insect_no_beetle_to_cross_eval	0.000194	0.000194	0.813401	56801	238590187	nan	370.0	2.568201724066995	0	2718433805	108033	219802468	136570856	9	0.1479724726946478	0.38498	1000000	9.434318762214229	5.033556436308993	8.13535803149204	8.34203256448767	0.1983752948465877	0.0592704987046092	genome_only	leave_species_out	0.4761128903002237	0.28234455845430506	0.1931527968744936	True
calib_anchor	insect_no_beetle_4096	x_laevis	0.2829600934257301	insect	vertebrate	nan	nan	nan	insect_no_beetle_to_stress_eval	0.000194	0.000194	0.813401	56801	238590187	nan	370.0	2.568201724066995	0	2718433805	108033	219802468	136570856	9	0.1479724726946478	0.38498	1000000	9.434318762214229	5.033556436308993	8.13535803149204	8.34203256448767	0.1983752948465877	0.0592704987046092	genome_only	leave_species_out	0.4761128903002237	0.28234455845430506	0.1931527968744936	True
anchor_anchor	insect_no_beetle_4096	x_laevis	0.2829600934257301	insect	vertebrate	nan	nan	nan	insect_no_beetle_to_insect_stress	0.000194	0.000194	0.813401	56801	238590187	nan	370.0	2.568201724066995	0	2718433805	108033	219802468	136570856	9	0.1479724726946478	0.38498	1000000	9.434318762214229	5.033556436308993	8.13535803149204	8.34203256448767	0.1983752948465877	0.0592704987046092	genome_only	leave_species_out	0.4761128903002237	0.28234455845430506	0.1931527968744936	True
anchor_anchor	insect_primary_4096	x_laevis	0.2268599691025123	insect	vertebrate	nan	nan	nan	insect_primary_to_insect_stress	0.000194	0.000194	0.813401	56801	238590187	nan	370.0	2.568201724066995	0	2718433805	108033	219802468	136570856	9	0.1479724726946478	0.38498	1000000	9.434318762214229	5.033556436308993	8.13535803149204	8.34203256448767	0.1983752948465877	0.0592704987046092	genome_only	leave_species_out	0.4761128903002237	0.28234455845430506	0.2492529211977114	True
supp_h0_transfer	ntv2_500m_H0_w4096	zebrafish	0.8151318178516959	human_h0_ntv2_500m	vertebrate	nan	nan	nan	transfer_BC_w4096	0.837603	0.982602	0.850212	891480468	771367366	0.4137124131384462	430.0	2.633468455579586	0	1679203469	1923	78093715	52186027	14	0.0	0.359955	1000000	9.225103322767056	3.28397928423848	7.717554234627916	7.892616083164715	0.3272994079847048	0.2672352128115792	genome_only	leave_species_out	0.3891659301346175	0.22540991194821314	0.4259658877170784	True
final_errorbar	ntv2_250m_w4096	zebrafish	0.753453009276328	human_h0_ntv2_250m	vertebrate	animal_fine	3.0	0.0131433323203878	nan	0.837603	0.982602	0.850212	891480468	771367366	0.4137124131384462	430.0	2.633468455579586	0	1679203469	1923	78093715	52186027	14	0.0	0.359955	1000000	9.225103322767056	3.28397928423848	7.717554234627916	7.892616083164715	0.3272994079847048	0.2672352128115792	genome_only	leave_species_out	0.3831966303282131	0.22695118165330383	0.37025637894811486	True
final_errorbar	ntv3_100m_pre_w2048	zebrafish	0.5214699959942013	human_h0_ntv3_100m	vertebrate	animal_fine	3.0	0.0175674395284055	nan	0.837603	0.982602	0.850212	891480468	771367366	0.4137124131384462	430.0	2.633468455579586	0	1679203469	1923	78093715	52186027	14	0.0	0.359955	1000000	9.225103322767056	3.28397928423848	7.717554234627916	7.892616083164715	0.3272994079847048	0.2672352128115792	genome_only	leave_species_out	0.3972712411472329	0.21857568681116976	0.1241987548469684	True
calib_anchor	cross_supervised_4096	brachypodium	0.8175422271365038	cross	plant	nan	nan	nan	cross_supervised_to_plant_fine	0.101164	0.1029	0.857087	5277523	43958318	0.45561279296875	1500.0	3.1760912590556813	0	271298618	11	75071545	59130575	3	0.0	0.454488	1000000	8.433447581463392	1.041392685158225	7.771812102204127	7.875475353898488	0.0693259415010997	0.0175357229218507	genome_only	leave_clade_out	0.8996184677239745	0.0780900627956062	0.08207624058747065	True
calib_anchor	plant_supervised_4096	brachypodium	0.7765195434514967	plant	plant	nan	nan	nan	plant_supervised_to_plant_fine	0.101164	0.1029	0.857087	5277523	43958318	0.45561279296875	1500.0	3.1760912590556813	1	271298618	11	75071545	59130575	3	0.0	0.454488	1000000	8.433447581463392	1.041392685158225	7.771812102204127	7.875475353898488	0.0392954852174674	0.0046023125549394	genome_only	leave_clade_out	0.6597061379866369	0.36345240952176816	0.11681340546485974	True
calib_anchor	insect_no_beetle_4096	brachypodium	0.4502561696769175	insect	plant	nan	nan	nan	insect_no_beetle_to_plant_fine	0.101164	0.1029	0.857087	5277523	43958318	0.45561279296875	1500.0	3.1760912590556813	0	271298618	11	75071545	59130575	3	0.0	0.454488	1000000	8.433447581463392	1.041392685158225	7.771812102204127	7.875475353898488	0.142514717076787	0.0564627585782296	genome_only	leave_clade_out	0.7733655797932609	0.20387019015967103	0.3231094101163434	True
calib_anchor	TFREPAIR_invert_boost_animal_4096_seed42	brachypodium	0.4333898332380484	animal	plant	nan	nan	nan	animal_invert_boost_to_plant_fine	0.101164	0.1029	0.857087	5277523	43958318	0.45561279296875	1500.0	3.1760912590556813	0	271298618	11	75071545	59130575	3	0.0	0.454488	1000000	8.433447581463392	1.041392685158225	7.771812102204127	7.875475353898488	0.1040889363124293	0.0363524838017522	genome_only	leave_clade_out	0.8810387916038386	0.10031494646517264	0.44764895836579016	True
supp_h0_transfer	ntv2_500m_H0_w4096	brachypodium	0.3212749242452583	human_h0_ntv2_500m	plant	nan	nan	nan	transfer_BC_w4096	0.101164	0.1029	0.857087	5277523	43958318	0.45561279296875	1500.0	3.1760912590556813	0	271298618	11	75071545	59130575	3	0.0	0.454488	1000000	8.433447581463392	1.041392685158225	7.771812102204127	7.875475353898488	0.2268185746895572	0.1337656475000112	genome_only	leave_clade_out	0.6977457775055514	0.21852320083372623	0.37647085326029317	True
final_errorbar	ntv2_250m_w4096	brachypodium	0.2929663405760741	human_h0_ntv2_250m	plant	plant_fine	3.0	0.0156920332833043	nan	0.101164	0.1029	0.857087	5277523	43958318	0.45561279296875	1500.0	3.1760912590556813	0	271298618	11	75071545	59130575	3	0.0	0.454488	1000000	8.433447581463392	1.041392685158225	7.771812102204127	7.875475353898488	0.2268185746895572	0.1337656475000112	genome_only	leave_clade_out	0.6894544439821259	0.21943750812158644	0.39648810340605173	True
final_errorbar	ntv3_100m_pre_w2048	brachypodium	0.2073934705084866	human_h0_ntv3_100m	plant	plant_fine	3.0	0.0683970400854424	nan	0.101164	0.1029	0.857087	5277523	43958318	0.45561279296875	1500.0	3.1760912590556813	0	271298618	11	75071545	59130575	3	0.0	0.454488	1000000	8.433447581463392	1.041392685158225	7.771812102204127	7.875475353898488	0.2268185746895572	0.1337656475000112	genome_only	leave_clade_out	0.6579671218804465	0.21580122779897984	0.45057365137195987	True
anchor_anchor	TFREPAIR_invert_boost_animal_4096_seed42	c_elegans	0.9053972034713066	animal	other	nan	nan	nan	animal_invert_boost_to_insect_fine	0.833784	0.964483	0.860195	10289793	9177183	0.3579248046875	900.0	2.9542425094393248	0	100286401	7	20924180	17493829	3	0.0	0.371376	1000000	8.001242045970857	0.8450980400142568	7.242884877035624	7.320648447384384	0.1443799983785652	0.0775729844697248	genome_only	leave_clade_out	0.08068493804917362	0.13664308351954507	0.8247122654221329	True
anchor_anchor	cross_supervised_4096	c_elegans	0.8952111633807284	cross	other	nan	nan	nan	cross_supervised_to_insect_fine	0.833784	0.964483	0.860195	10289793	9177183	0.3579248046875	900.0	2.9542425094393248	0	100286401	7	20924180	17493829	3	0.0	0.371376	1000000	8.001242045970857	0.8450980400142568	7.242884877035624	7.320648447384384	0.1533616551705707	0.0962183394831955	genome_only	leave_clade_out	0.06377646814980448	0.12493651784536486	0.831434695230924	True
anchor_anchor	insect_primary_4096	c_elegans	0.8945547202059512	insect	other	nan	nan	nan	insect_primary_to_insect_fine	0.833784	0.964483	0.860195	10289793	9177183	0.3579248046875	900.0	2.9542425094393248	0	100286401	7	20924180	17493829	3	0.0	0.371376	1000000	8.001242045970857	0.8450980400142568	7.242884877035624	7.320648447384384	0.1475085510847136	0.0895808950573151	genome_only	leave_clade_out	0.08735793260706344	0.14715344481694131	0.8071967875988877	True
anchor_anchor	insect_no_beetle_4096	c_elegans	0.5383685302773058	insect	other	nan	nan	nan	insect_no_beetle_to_insect_fine	0.833784	0.964483	0.860195	10289793	9177183	0.3579248046875	900.0	2.9542425094393248	0	100286401	7	20924180	17493829	3	0.0	0.371376	1000000	8.001242045970857	0.8450980400142568	7.242884877035624	7.320648447384384	0.1475085510847136	0.0895808950573151	genome_only	leave_clade_out	0.08735793260706344	0.14715344481694131	0.4510105976702424	True
supp_h0_transfer	ntv2_500m_H0_w4096	c_elegans	0.345012472034356	human_h0_ntv2_500m	other	nan	nan	nan	transfer_BC_w4096	0.833784	0.964483	0.860195	10289793	9177183	0.3579248046875	900.0	2.9542425094393248	0	100286401	7	20924180	17493829	3	0.0	0.371376	1000000	8.001242045970857	0.8450980400142568	7.242884877035624	7.320648447384384	0.3448736563265228	0.3498680780416765	genome_only	leave_clade_out	0.035809958242293626	0.0824626640380081	0.3092025137920624	True
final_errorbar	ntv3_100m_pre_w2048	c_elegans	0.2604444021620859	human_h0_ntv3_100m	other	animal_fine	3.0	0.0215523139867919	nan	0.833784	0.964483	0.860195	10289793	9177183	0.3579248046875	900.0	2.9542425094393248	0	100286401	7	20924180	17493829	3	0.0	0.371376	1000000	8.001242045970857	0.8450980400142568	7.242884877035624	7.320648447384384	0.3448736563265228	0.3498680780416765	genome_only	leave_clade_out	0.035027055957588586	0.07618030024014269	0.22541734620449733	True
final_errorbar	ntv2_250m_w4096	c_elegans	0.1426005332526109	human_h0_ntv2_250m	other	animal_fine	3.0	0.0303152737505588	nan	0.833784	0.964483	0.860195	10289793	9177183	0.3579248046875	900.0	2.9542425094393248	0	100286401	7	20924180	17493829	3	0.0	0.371376	1000000	8.001242045970857	0.8450980400142568	7.242884877035624	7.320648447384384	0.3448736563265228	0.3498680780416765	genome_only	leave_clade_out	0.03491270523355122	0.07790138630389068	0.10768782801905968	True
calib_anchor	TFREPAIR_invert_boost_animal_4096_seed42	cattle	0.9216935615407684	animal	vertebrate	nan	nan	nan	animal_invert_boost_to_cross_eval	0.48001	0.488924	0.963405	641516843	1264081324	nan	96.0	1.9822712330395684	1	2715853792	2211	158534110	103308737	12	0.0	0.438283	1000000	9.43390638599257	3.344588742578714	8.014137052114325	8.200122718862955	0.1961603645512639	0.1045802654699864	genome_only	leave_clade_out	0.7515011637387734	0.21054914464596444	0.17019239780199502	True
calib_anchor	cross_supervised_4096	cattle	0.9213113792693672	cross	vertebrate	nan	nan	nan	cross_supervised_to_cross_eval	0.48001	0.488924	0.963405	641516843	1264081324	nan	96.0	1.9822712330395684	0	2715853792	2211	158534110	103308737	12	0.0	0.438283	1000000	9.43390638599257	3.344588742578714	8.014137052114325	8.200122718862955	0.1898193400311859	0.0914288745666459	genome_only	leave_clade_out	0.7512897874005205	0.21175373465940805	0.1700215918688467	True
calib_anchor	insect_no_beetle_4096	cattle	0.2681289424464008	insect	vertebrate	nan	nan	nan	insect_no_beetle_to_cross_eval	0.48001	0.488924	0.963405	641516843	1264081324	nan	96.0	1.9822712330395684	0	2715853792	2211	158534110	103308737	12	0.0	0.438283	1000000	9.43390638599257	3.344588742578714	8.014137052114325	8.200122718862955	0.2674695235796735	0.15873003482616	genome_only	leave_clade_out	0.6697403987833561	0.20814662361516437	0.40161145633695533	True
calib_anchor	plant_supervised_4096	cattle	0.0858809770068545	plant	vertebrate	nan	nan	nan	plant_supervised_to_cross_eval	0.48001	0.488924	0.963405	641516843	1264081324	nan	96.0	1.9822712330395684	0	2715853792	2211	158534110	103308737	12	0.0	0.438283	1000000	9.43390638599257	3.344588742578714	8.014137052114325	8.200122718862955	0.1939129743058688	0.0844629259880961	genome_only	leave_clade_out	0.7369928653130245	0.2145519023950869	0.6511118883061701	True
supp_h0_transfer	ntv2_500m_H0_w4096	chicken	0.8516226680157541	human_h0_ntv2_500m	vertebrate	nan	nan	nan	transfer_BC_w4096	0.391291	0.394479	0.979765	40667484	101005421	0.4113284493284493	310.0	2.4913616938342726	0	1065365425	464	197608386	91315245	4	0.0017070808916752	0.549823	1000000	9.027498598235026	2.6665179805548807	7.96054328866985	8.29580537100184	0.1448915707647146	0.0601428909585745	genome_only	leave_clade_out	0.7651218162369746	0.16010428704624036	0.08650085177877953	True
final_errorbar	ntv2_250m_w4096	chicken	0.843436719033926	human_h0_ntv2_250m	vertebrate	animal_fine	3.0	0.0193628216675568	nan	0.391291	0.394479	0.979765	40667484	101005421	0.4113284493284493	310.0	2.4913616938342726	0	1065365425	464	197608386	91315245	4	0.0017070808916752	0.549823	1000000	9.027498598235026	2.6665179805548807	7.96054328866985	8.29580537100184	0.1448915707647146	0.0601428909585745	genome_only	leave_clade_out	0.76318359047856	0.16098420137582822	0.08025312855536604	True
final_errorbar	ntv3_100m_pre_w2048	chicken	0.6195493201860316	human_h0_ntv3_100m	vertebrate	animal_fine	3.0	0.0701786703401454	nan	0.391291	0.394479	0.979765	40667484	101005421	0.4113284493284493	310.0	2.4913616938342726	0	1065365425	464	197608386	91315245	4	0.0017070808916752	0.549823	1000000	9.027498598235026	2.6665179805548807	7.96054328866985	8.29580537100184	0.1448915707647146	0.0601428909585745	genome_only	leave_clade_out	0.7696499239195751	0.1501537138902827	0.1501006037335435	True
anchor_anchor	insect_no_beetle_4096	fruit_fly	0.944818571090276	insect	insect	nan	nan	nan	insect_no_beetle_to_insect_fine	0.888725	0.993839	0.893648	26497161	23825911	0.494656395206652	780.0	2.8920946026904804	1	143726002	1870	32079331	25286936	3	0.0	0.441621	1000000	8.157535345055386	3.271841606536499	7.402896209379677	7.506225302690743	0.1001622488462802	0.0254297426578645	genome_only	leave_clade_out	0.7311326185001451	0.16762552220280588	0.2136859525901309	True
anchor_anchor	TFREPAIR_invert_boost_animal_4096_seed42	fruit_fly	0.9437257723304636	animal	insect	nan	nan	nan	animal_invert_boost_to_insect_fine	0.888725	0.993839	0.893648	26497161	23825911	0.494656395206652	780.0	2.8920946026904804	1	143726002	1870	32079331	25286936	3	0.0	0.441621	1000000	8.157535345055386	3.271841606536499	7.402896209379677	7.506225302690743	0.0783631596802407	0.0157474491106001	genome_only	leave_clade_out	0.7992966176057649	0.12115408406360491	0.14442915472469875	True
anchor_anchor	cross_supervised_4096	fruit_fly	0.942393180917196	cross	insect	nan	nan	nan	cross_supervised_to_insect_fine	0.888725	0.993839	0.893648	26497161	23825911	0.494656395206652	780.0	2.8920946026904804	0	143726002	1870	32079331	25286936	3	0.0	0.441621	1000000	8.157535345055386	3.271841606536499	7.402896209379677	7.506225302690743	0.0698216548368194	0.0106775865530966	genome_only	leave_clade_out	0.818060567607947	0.11160316959196075	0.12433261330924905	True
anchor_anchor	insect_primary_4096	fruit_fly	0.9413841255319276	insect	insect	nan	nan	nan	insect_primary_to_insect_fine	0.888725	0.993839	0.893648	26497161	23825911	0.494656395206652	780.0	2.8920946026904804	1	143726002	1870	32079331	25286936	3	0.0	0.441621	1000000	8.157535345055386	3.271841606536499	7.402896209379677	7.506225302690743	0.1001622488462802	0.0254297426578645	genome_only	leave_clade_out	0.7311326185001451	0.16762552220280588	0.21025150703178253	True
supp_h0_transfer	ntv2_500m_H0_w4096	fruit_fly	0.6577990369528225	human_h0_ntv2_500m	insect	nan	nan	nan	transfer_BC_w4096	0.888725	0.993839	0.893648	26497161	23825911	0.494656395206652	780.0	2.8920946026904804	0	143726002	1870	32079331	25286936	3	0.0	0.441621	1000000	8.157535345055386	3.271841606536499	7.402896209379677	7.506225302690743	0.2474985795480165	0.15855331987712	genome_only	leave_clade_out	0.28340137704710455	0.20071549039005576	0.37439765990571794	True
final_errorbar	ntv2_250m_w4096	fruit_fly	0.5533233517822065	human_h0_ntv2_250m	insect	animal_fine	3.0	0.0128215769678409	nan	0.888725	0.993839	0.893648	26497161	23825911	0.494656395206652	780.0	2.8920946026904804	0	143726002	1870	32079331	25286936	3	0.0	0.441621	1000000	8.157535345055386	3.271841606536499	7.402896209379677	7.506225302690743	0.2474985795480165	0.15855331987712	genome_only	leave_clade_out	0.270254296045908	0.2034555249969135	0.2830690557362985	True
final_errorbar	ntv3_100m_pre_w2048	fruit_fly	0.4822229619104726	human_h0_ntv3_100m	insect	animal_fine	3.0	0.1825771233602698	nan	0.888725	0.993839	0.893648	26497161	23825911	0.494656395206652	780.0	2.8920946026904804	0	143726002	1870	32079331	25286936	3	0.0	0.441621	1000000	8.157535345055386	3.271841606536499	7.402896209379677	7.506225302690743	0.2474985795480165	0.15855331987712	genome_only	leave_clade_out	0.32921621079581886	0.1862084545937883	0.15300675111465373	True
calib_anchor	cross_supervised_4096	horse	0.8925601404845789	cross	vertebrate	nan	nan	nan	cross_supervised_to_cross_eval	0.791397	0.812579	0.968112	892563554	1063406667	nan	96.0	1.9822712330395684	0	188260577	1	188260577	188260577	1	0.0010189606601266	0.517305	1000000	8.27475938542357	0.0	8.27475938542357	8.27475938542357	0.2072733615749962	0.1175416603257882	genome_only	leave_clade_out	0.357370346194703	0.17128735183074514	0.5351897942898759	True
calib_anchor	TFREPAIR_invert_boost_animal_4096_seed42	horse	0.8913728851560259	animal	vertebrate	nan	nan	nan	animal_invert_boost_to_cross_eval	0.791397	0.812579	0.968112	892563554	1063406667	nan	96.0	1.9822712330395684	1	188260577	1	188260577	188260577	1	0.0010189606601266	0.517305	1000000	8.27475938542357	0.0	8.27475938542357	8.27475938542357	0.2056004978397222	0.1203089942757705	genome_only	leave_clade_out	0.3560637113040351	0.17162540246822858	0.5353091738519908	True
calib_anchor	insect_no_beetle_4096	horse	0.1869044858967403	insect	vertebrate	nan	nan	nan	insect_no_beetle_to_cross_eval	0.791397	0.812579	0.968112	892563554	1063406667	nan	96.0	1.9822712330395684	0	188260577	1	188260577	188260577	1	0.0010189606601266	0.517305	1000000	8.27475938542357	0.0	8.27475938542357	8.27475938542357	0.2746396996501602	0.1850487156640525	genome_only	leave_clade_out	0.3016523656568339	0.13995445214772428	0.1147478797600936	True
calib_anchor	plant_supervised_4096	horse	0.1025602154105038	plant	vertebrate	nan	nan	nan	plant_supervised_to_cross_eval	0.791397	0.812579	0.968112	892563554	1063406667	nan	96.0	1.9822712330395684	0	188260577	1	188260577	188260577	1	0.0010189606601266	0.517305	1000000	8.27475938542357	0.0	8.27475938542357	8.27475938542357	0.2026925587860898	0.1042618889160033	genome_only	leave_clade_out	0.3798528769020726	0.19188137583052348	0.2772926614915688	True
supp_h0_transfer	ntv2_500m_H0_w4096	human	0.961411324419745	human_h0_ntv2_500m	vertebrate	nan	nan	nan	transfer_BC_w4096	0.948128	0.966802	0.980034	1410192187	1429492481	nan	6.0	0.7781512503836436	0	248387328	1	248387328	248387328	1	0.0	0.550911	1000000	8.395129435626702	0.0	8.395129435626702	8.395129435626702	0.0	-2.220446049250313e-16	genome_only	leave_clade_out	0.7909000418944315	0.11091278670835159	0.17051128252531345	True
calib_anchor	TFREPAIR_invert_boost_animal_4096_seed42	human	0.904946115719272	animal	vertebrate	nan	nan	nan	animal_invert_boost_to_cross_eval	0.948128	0.966802	0.980034	1410192187	1429492481	nan	6.0	0.7781512503836436	1	248387328	1	248387328	248387328	1	0.0	0.550911	1000000	8.395129435626702	0.0	8.395129435626702	8.395129435626702	0.2473971321688795	0.1687976905989935	genome_only	leave_clade_out	0.3011764243867135	0.14088541055936754	0.6037696913325585	True
calib_anchor	cross_supervised_4096	human	0.9023446184329426	cross	vertebrate	nan	nan	nan	cross_supervised_to_cross_eval	0.948128	0.966802	0.980034	1410192187	1429492481	nan	6.0	0.7781512503836436	0	248387328	1	248387328	248387328	1	0.0	0.550911	1000000	8.395129435626702	0.0	8.395129435626702	8.395129435626702	0.249220227348776	0.1685880996034323	genome_only	leave_clade_out	0.29985415533312393	0.1379839807505681	0.6024904630998187	True
calib_anchor	insect_no_beetle_4096	human	0.1477908337777611	insect	vertebrate	nan	nan	nan	insect_no_beetle_to_cross_eval	0.948128	0.966802	0.980034	1410192187	1429492481	nan	6.0	0.7781512503836436	0	248387328	1	248387328	248387328	1	0.0	0.550911	1000000	8.395129435626702	0.0	8.395129435626702	8.395129435626702	0.3042605063379114	0.2325830037417954	genome_only	leave_clade_out	0.2949629664642481	0.13920873489597915	0.147172132686487	True
calib_anchor	plant_supervised_4096	human	0.1214275571269181	plant	vertebrate	nan	nan	nan	plant_supervised_to_cross_eval	0.948128	0.966802	0.980034	1410192187	1429492481	nan	6.0	0.7781512503836436	0	248387328	1	248387328	248387328	1	0.0	0.550911	1000000	8.395129435626702	0.0	8.395129435626702	8.395129435626702	0.242491599474234	0.153922806418943	genome_only	leave_clade_out	0.29601708080203304	0.13443432764472787	0.17458952367511493	True
calib_anchor	TFREPAIR_invert_boost_animal_4096_seed42	lizard	0.2416400416987031	animal	vertebrate	nan	nan	nan	animal_invert_boost_to_cross_eval	0.038956	0.053715	0.12417	41691771	96375917	nan	320.0	2.505149978319906	1	1799143587	6457	263920458	150641573	5	0.1263239468490436	0.405226	1000000	9.25506582513172	3.81003078640584	8.177944841937268	8.42147305620014	0.1334641792289605	0.0269436863730062	genome_only	leave_clade_out	0.7802358103474246	0.1743542532632379	0.5385957686487215	True
calib_anchor	TFREPAIR_invert_boost_animal_4096_seed42	lizard	0.2416400416987031	animal	vertebrate	nan	nan	nan	animal_invert_boost_to_stress_eval	0.038956	0.053715	0.12417	41691771	96375917	nan	320.0	2.505149978319906	1	1799143587	6457	263920458	150641573	5	0.1263239468490436	0.405226	1000000	9.25506582513172	3.81003078640584	8.177944841937268	8.42147305620014	0.1334641792289605	0.0269436863730062	genome_only	leave_clade_out	0.7802358103474246	0.1743542532632379	0.5385957686487215	True
anchor_anchor	TFREPAIR_invert_boost_animal_4096_seed42	lizard	0.2416400416987031	animal	vertebrate	nan	nan	nan	animal_invert_boost_to_insect_stress	0.038956	0.053715	0.12417	41691771	96375917	nan	320.0	2.505149978319906	1	1799143587	6457	263920458	150641573	5	0.1263239468490436	0.405226	1000000	9.25506582513172	3.81003078640584	8.177944841937268	8.42147305620014	0.1334641792289605	0.0269436863730062	genome_only	leave_clade_out	0.7802358103474246	0.1743542532632379	0.5385957686487215	True
calib_anchor	cross_supervised_4096	lizard	0.2400380045378313	cross	vertebrate	nan	nan	nan	cross_supervised_to_cross_eval	0.038956	0.053715	0.12417	41691771	96375917	nan	320.0	2.505149978319906	0	1799143587	6457	263920458	150641573	5	0.1263239468490436	0.405226	1000000	9.25506582513172	3.81003078640584	8.177944841937268	8.42147305620014	0.1250077775938211	0.0186955209400064	genome_only	leave_clade_out	0.8075732409544223	0.1704394513940236	0.567535236416591	True
anchor_anchor	cross_supervised_4096	lizard	0.2400380045378313	cross	vertebrate	nan	nan	nan	cross_supervised_to_insect_stress	0.038956	0.053715	0.12417	41691771	96375917	nan	320.0	2.505149978319906	0	1799143587	6457	263920458	150641573	5	0.1263239468490436	0.405226	1000000	9.25506582513172	3.81003078640584	8.177944841937268	8.42147305620014	0.1250077775938211	0.0186955209400064	genome_only	leave_clade_out	0.8075732409544223	0.1704394513940236	0.567535236416591	True
calib_anchor	cross_supervised_4096	lizard	0.2400378125654802	cross	vertebrate	nan	nan	nan	cross_supervised_to_stress_eval	0.038956	0.053715	0.12417	41691771	96375917	nan	320.0	2.505149978319906	0	1799143587	6457	263920458	150641573	5	0.1263239468490436	0.405226	1000000	9.25506582513172	3.81003078640584	8.177944841937268	8.42147305620014	0.1250077775938211	0.0186955209400064	genome_only	leave_clade_out	0.8075732409544223	0.1704394513940236	0.5675354283889421	True
calib_anchor	plant_supervised_4096	lizard	0.1506094759615682	plant	vertebrate	nan	nan	nan	plant_supervised_to_cross_eval	0.038956	0.053715	0.12417	41691771	96375917	nan	320.0	2.505149978319906	0	1799143587	6457	263920458	150641573	5	0.1263239468490436	0.405226	1000000	9.25506582513172	3.81003078640584	8.177944841937268	8.42147305620014	0.1437007905780181	0.0244025014930751	genome_only	leave_clade_out	0.8058626696407717	0.16268631248257662	0.6552531936792034	True
calib_anchor	plant_supervised_4096	lizard	0.1506082021187199	plant	vertebrate	nan	nan	nan	plant_supervised_to_stress_eval	0.038956	0.053715	0.12417	41691771	96375917	nan	320.0	2.505149978319906	0	1799143587	6457	263920458	150641573	5	0.1263239468490436	0.405226	1000000	9.25506582513172	3.81003078640584	8.177944841937268	8.42147305620014	0.1437007905780181	0.0244025014930751	genome_only	leave_clade_out	0.8058626696407717	0.16268631248257662	0.6552544675220517	True
anchor_anchor	insect_no_beetle_4096	lizard	0.1418302477559669	insect	vertebrate	nan	nan	nan	insect_no_beetle_to_insect_stress	0.038956	0.053715	0.12417	41691771	96375917	nan	320.0	2.505149978319906	0	1799143587	6457	263920458	150641573	5	0.1263239468490436	0.405226	1000000	9.25506582513172	3.81003078640584	8.177944841937268	8.42147305620014	0.2227930854265778	0.0763356261809606	genome_only	leave_clade_out	0.6419155423441771	0.2533604415783173	0.5000852945882103	True
calib_anchor	insect_no_beetle_4096	lizard	0.1418301390195415	insect	vertebrate	nan	nan	nan	insect_no_beetle_to_cross_eval	0.038956	0.053715	0.12417	41691771	96375917	nan	320.0	2.505149978319906	0	1799143587	6457	263920458	150641573	5	0.1263239468490436	0.405226	1000000	9.25506582513172	3.81003078640584	8.177944841937268	8.42147305620014	0.2227930854265778	0.0763356261809606	genome_only	leave_clade_out	0.6419155423441771	0.2533604415783173	0.5000854033246356	True
calib_anchor	insect_no_beetle_4096	lizard	0.1418301390195415	insect	vertebrate	nan	nan	nan	insect_no_beetle_to_stress_eval	0.038956	0.053715	0.12417	41691771	96375917	nan	320.0	2.505149978319906	0	1799143587	6457	263920458	150641573	5	0.1263239468490436	0.405226	1000000	9.25506582513172	3.81003078640584	8.177944841937268	8.42147305620014	0.2227930854265778	0.0763356261809606	genome_only	leave_clade_out	0.6419155423441771	0.2533604415783173	0.5000854033246356	True
anchor_anchor	insect_primary_4096	lizard	0.1034366102674265	insect	vertebrate	nan	nan	nan	insect_primary_to_insect_stress	0.038956	0.053715	0.12417	41691771	96375917	nan	320.0	2.505149978319906	0	1799143587	6457	263920458	150641573	5	0.1263239468490436	0.405226	1000000	9.25506582513172	3.81003078640584	8.177944841937268	8.42147305620014	0.2227930854265778	0.0763356261809606	genome_only	leave_clade_out	0.6419155423441771	0.2533604415783173	0.5384789320767507	True
calib_anchor	cross_supervised_4096	maize	0.9629892479990332	cross	plant	nan	nan	nan	cross_supervised_to_plant_fine	0.095466	0.095627	0.982637	173317530	1780954681	0.46090576171875	1500.0	3.1760912590556813	0	2182075994	685	308452471	226353449	5	0.0	0.477492	1000000	9.338869871458623	2.835690571492425	8.354787116327433	8.489188253709083	0.1047342415691722	0.0352286667600957	genome_only	leave_clade_out	0.8214018979989526	0.1804603400499128	0.1415873500000806	True
calib_anchor	plant_supervised_4096	maize	0.9619894139220538	plant	plant	nan	nan	nan	plant_supervised_to_plant_fine	0.095466	0.095627	0.982637	173317530	1780954681	0.46090576171875	1500.0	3.1760912590556813	1	2182075994	685	308452471	226353449	5	0.0	0.477492	1000000	9.338869871458623	2.835690571492425	8.354787116327433	8.489188253709083	0.0750299551353519	0.0155648060873412	genome_only	leave_clade_out	0.5827972871421555	0.3603083789236801	0.37919212677989833	True
calib_anchor	TFREPAIR_invert_boost_animal_4096_seed42	maize	0.9051649037911726	animal	plant	nan	nan	nan	animal_invert_boost_to_plant_fine	0.095466	0.095627	0.982637	173317530	1780954681	0.46090576171875	1500.0	3.1760912590556813	0	2182075994	685	308452471	226353449	5	0.0	0.477492	1000000	9.338869871458623	2.835690571492425	8.354787116327433	8.489188253709083	0.1273374287069573	0.0533723910378969	genome_only	leave_clade_out	0.7599570595143261	0.2265890478674721	0.14520784427684652	True
calib_anchor	insect_no_beetle_4096	maize	0.8258861241547802	insect	plant	nan	nan	nan	insect_no_beetle_to_plant_fine	0.095466	0.095627	0.982637	173317530	1780954681	0.46090576171875	1500.0	3.1760912590556813	0	2182075994	685	308452471	226353449	5	0.0	0.477492	1000000	9.338869871458623	2.835690571492425	8.354787116327433	8.489188253709083	0.1559084305251094	0.0702371900678909	genome_only	leave_clade_out	0.6569155982572629	0.27242210749966833	0.16897052589751738	True
final_errorbar	ntv3_100m_pre_w2048	maize	0.6762307311381123	human_h0_ntv3_100m	plant	plant_fine	3.0	0.0224912037604054	nan	0.095466	0.095627	0.982637	173317530	1780954681	0.46090576171875	1500.0	3.1760912590556813	0	2182075994	685	308452471	226353449	5	0.0	0.477492	1000000	9.338869871458623	2.835690571492425	8.354787116327433	8.489188253709083	0.2040939811147172	0.106620240001949	genome_only	leave_clade_out	0.6142284888010794	0.25609745640448717	0.06200224233703289	True
final_errorbar	ntv2_250m_w4096	maize	0.2409539973278451	human_h0_ntv2_250m	plant	plant_fine	3.0	0.0067936566735462	nan	0.095466	0.095627	0.982637	173317530	1780954681	0.46090576171875	1500.0	3.1760912590556813	0	2182075994	685	308452471	226353449	5	0.0	0.477492	1000000	9.338869871458623	2.835690571492425	8.354787116327433	8.489188253709083	0.2040939811147172	0.106620240001949	genome_only	leave_clade_out	0.6391021173433319	0.26113241559262396	0.39814812001548683	True
supp_h0_transfer	ntv2_500m_H0_w4096	maize	0.2346799513542635	human_h0_ntv2_500m	plant	nan	nan	nan	transfer_BC_w4096	0.095466	0.095627	0.982637	173317530	1780954681	0.46090576171875	1500.0	3.1760912590556813	0	2182075994	685	308452471	226353449	5	0.0	0.477492	1000000	9.338869871458623	2.835690571492425	8.354787116327433	8.489188253709083	0.2040939811147172	0.106620240001949	genome_only	leave_clade_out	0.6458936750160451	0.2615281081398544	0.4112137236617816	True
supp_h0_transfer	ntv2_500m_H0_w4096	mouse	0.937559801228433	human_h0_ntv2_500m	vertebrate	nan	nan	nan	transfer_BC_w4096	0.892472	0.903571	0.986424	1012599366	1105449631	0.4245689865689865	90.0	1.9542425094393248	0	2728222451	61	195154279	130530862	9	0.7530864197530864	0.386286	1000000	9.435879778485567	1.7853298350107671	8.115713206016725	8.290378078167688	0.3013870747975756	0.1905529139271684	genome_only	leave_clade_out	0.5124764667487063	0.3022062267091082	0.4250833344797267	True
final_errorbar	ntv2_250m_w4096	mouse	0.9180812946491188	human_h0_ntv2_250m	vertebrate	animal_fine	3.0	0.0328346949301695	nan	0.892472	0.903571	0.986424	1012599366	1105449631	0.4245689865689865	90.0	1.9542425094393248	0	2728222451	61	195154279	130530862	9	0.7530864197530864	0.386286	1000000	9.435879778485567	1.7853298350107671	8.115713206016725	8.290378078167688	0.3013870747975756	0.1905529139271684	genome_only	leave_clade_out	0.5082697914493735	0.3052520724074817	0.40981150319974535	True
final_errorbar	ntv3_100m_pre_w2048	mouse	0.7771925460040144	human_h0_ntv3_100m	vertebrate	animal_fine	3.0	0.0909697815563608	nan	0.892472	0.903571	0.986424	1012599366	1105449631	0.4245689865689865	90.0	1.9542425094393248	0	2728222451	61	195154279	130530862	9	0.7530864197530864	0.386286	1000000	9.435879778485567	1.7853298350107671	8.115713206016725	8.290378078167688	0.3013870747975756	0.1905529139271684	genome_only	leave_clade_out	0.5533244226861188	0.27097529460278547	0.22386812331789563	True
calib_anchor	TFREPAIR_invert_boost_animal_4096_seed42	opossum	0.8811419601553324	animal	vertebrate	nan	nan	nan	animal_invert_boost_to_cross_eval	0.387702	0.396173	0.947731	784870682	1877580601	nan	160.0	2.204119982655925	1	3605631728	11	748055161	527952102	3	0.0177926855021289	0.435701	1000000	9.556981366683372	1.041392685158225	8.72259452332798	8.873933623579223	0.1607102295887423	0.0512806903667795	genome_only	leave_clade_out	0.5886063101509005	0.2600400073866661	0.29253565000443194	True
calib_anchor	cross_supervised_4096	opossum	0.8799647530707007	cross	vertebrate	nan	nan	nan	cross_supervised_to_cross_eval	0.387702	0.396173	0.947731	784870682	1877580601	nan	160.0	2.204119982655925	0	3605631728	11	748055161	527952102	3	0.0177926855021289	0.435701	1000000	9.556981366683372	1.041392685158225	8.72259452332798	8.873933623579223	0.1586751820351534	0.0461873669021071	genome_only	leave_clade_out	0.5953056278045868	0.2621718299186748	0.2846591252661138	True
calib_anchor	insect_no_beetle_4096	opossum	0.3505344111723824	insect	vertebrate	nan	nan	nan	insect_no_beetle_to_cross_eval	0.387702	0.396173	0.947731	784870682	1877580601	nan	160.0	2.204119982655925	0	3605631728	11	748055161	527952102	3	0.0177926855021289	0.435701	1000000	9.556981366683372	1.041392685158225	8.72259452332798	8.873933623579223	0.2442594329957188	0.1031924297457334	genome_only	leave_clade_out	0.49905592452919634	0.2889396746423319	0.14852151335681396	True
calib_anchor	plant_supervised_4096	opossum	0.3131202191971405	plant	vertebrate	nan	nan	nan	plant_supervised_to_cross_eval	0.387702	0.396173	0.947731	784870682	1877580601	nan	160.0	2.204119982655925	0	3605631728	11	748055161	527952102	3	0.0177926855021289	0.435701	1000000	9.556981366683372	1.041392685158225	8.72259452332798	8.873933623579223	0.1664911752100362	0.0432563267938208	genome_only	leave_clade_out	0.5406205070011603	0.28177389184552926	0.22750028780401976	True
calib_anchor	TFREPAIR_invert_boost_animal_4096_seed42	pig	0.8761131743803473	animal	vertebrate	nan	nan	nan	animal_invert_boost_to_cross_eval	0.582164	0.594998	0.964273	664295117	1076577590	nan	96.0	1.9822712330395684	1	274330532	1	274330532	274330532	1	0.0	0.530948	1000000	8.438274145705899	0.0	8.438274145705899	8.438274145705899	0.2077955972696367	0.1201355226055826	genome_only	leave_clade_out	0.3573265073873837	0.17130754434422937	0.5187866669929636	True
calib_anchor	cross_supervised_4096	pig	0.8761042913185231	cross	vertebrate	nan	nan	nan	cross_supervised_to_cross_eval	0.582164	0.594998	0.964273	664295117	1076577590	nan	96.0	1.9822712330395684	0	274330532	1	274330532	274330532	1	0.0	0.530948	1000000	8.438274145705899	0.0	8.438274145705899	8.438274145705899	0.2098828548461344	0.1185655744818539	genome_only	leave_clade_out	0.35656641691431906	0.1708969311548793	0.5195378744042041	True
calib_anchor	insect_no_beetle_4096	pig	0.1493562637371058	insect	vertebrate	nan	nan	nan	insect_no_beetle_to_cross_eval	0.582164	0.594998	0.964273	664295117	1076577590	nan	96.0	1.9822712330395684	0	274330532	1	274330532	274330532	1	0.0	0.530948	1000000	8.438274145705899	0.0	8.438274145705899	8.438274145705899	0.2607430443062736	0.1731967686892715	genome_only	leave_clade_out	0.3003395731684322	0.13852036467702636	0.15098330943132637	True
calib_anchor	plant_supervised_4096	pig	0.0856805344147079	plant	vertebrate	nan	nan	nan	plant_supervised_to_cross_eval	0.582164	0.594998	0.964273	664295117	1076577590	nan	96.0	1.9822712330395684	0	274330532	1	274330532	274330532	1	0.0	0.530948	1000000	8.438274145705899	0.0	8.438274145705899	8.438274145705899	0.2025970561124229	0.105606010363931	genome_only	leave_clade_out	0.3772402551637626	0.18892141405424856	0.2915597207490547	True
calib_anchor	insect_no_beetle_4096	red_flour_beetle	0.0059299524368398	insect	insect	nan	nan	nan	insect_no_beetle_to_cross_eval	0.027167	0.29354	0.029068	1816066	179836	nan	820.0	2.9138138523837167	1	199682416	2211	32080666	13894384	6	0.0	0.330472	1000000	8.300339822655378	3.344588742578714	7.142839297329219	7.506243375731907	0.182358478678621	0.080736532281517	genome_only	leave_clade_out	0.5510718936770297	0.23449502677207487	0.5451419412401899	True
calib_anchor	insect_no_beetle_4096	red_flour_beetle	0.0059299524368398	insect	insect	nan	nan	nan	insect_no_beetle_to_stress_eval	0.027167	0.29354	0.029068	1816066	179836	nan	820.0	2.9138138523837167	1	199682416	2211	32080666	13894384	6	0.0	0.330472	1000000	8.300339822655378	3.344588742578714	7.142839297329219	7.506243375731907	0.182358478678621	0.080736532281517	genome_only	leave_clade_out	0.5510718936770297	0.23449502677207487	0.5451419412401899	True
anchor_anchor	insect_no_beetle_4096	red_flour_beetle	0.0059299524368398	insect	insect	nan	nan	nan	insect_no_beetle_to_insect_stress	0.027167	0.29354	0.029068	1816066	179836	nan	820.0	2.9138138523837167	1	199682416	2211	32080666	13894384	6	0.0	0.330472	1000000	8.300339822655378	3.344588742578714	7.142839297329219	7.506243375731907	0.182358478678621	0.080736532281517	genome_only	leave_clade_out	0.5510718936770297	0.23449502677207487	0.5451419412401899	True
anchor_anchor	insect_primary_4096	red_flour_beetle	0.0053634200258507	insect	insect	nan	nan	nan	insect_primary_to_insect_stress	0.027167	0.29354	0.029068	1816066	179836	nan	820.0	2.9138138523837167	1	199682416	2211	32080666	13894384	6	0.0	0.330472	1000000	8.300339822655378	3.344588742578714	7.142839297329219	7.506243375731907	0.182358478678621	0.080736532281517	genome_only	leave_clade_out	0.5510718936770297	0.23449502677207487	0.545708473651179	True
calib_anchor	TFREPAIR_invert_boost_animal_4096_seed42	red_flour_beetle	0.0044488885799382	animal	insect	nan	nan	nan	animal_invert_boost_to_cross_eval	0.027167	0.29354	0.029068	1816066	179836	nan	820.0	2.9138138523837167	1	199682416	2211	32080666	13894384	6	0.0	0.330472	1000000	8.300339822655378	3.344588742578714	7.142839297329219	7.506243375731907	0.1716680913935699	0.0724491888367001	genome_only	leave_clade_out	0.5936040443158447	0.239352526813451	0.5891551557359065	True
calib_anchor	TFREPAIR_invert_boost_animal_4096_seed42	red_flour_beetle	0.0044488885799382	animal	insect	nan	nan	nan	animal_invert_boost_to_stress_eval	0.027167	0.29354	0.029068	1816066	179836	nan	820.0	2.9138138523837167	1	199682416	2211	32080666	13894384	6	0.0	0.330472	1000000	8.300339822655378	3.344588742578714	7.142839297329219	7.506243375731907	0.1716680913935699	0.0724491888367001	genome_only	leave_clade_out	0.5936040443158447	0.239352526813451	0.5891551557359065	True
anchor_anchor	TFREPAIR_invert_boost_animal_4096_seed42	red_flour_beetle	0.0044488885799382	animal	insect	nan	nan	nan	animal_invert_boost_to_insect_stress	0.027167	0.29354	0.029068	1816066	179836	nan	820.0	2.9138138523837167	1	199682416	2211	32080666	13894384	6	0.0	0.330472	1000000	8.300339822655378	3.344588742578714	7.142839297329219	7.506243375731907	0.1716680913935699	0.0724491888367001	genome_only	leave_clade_out	0.5936040443158447	0.239352526813451	0.5891551557359065	True
calib_anchor	cross_supervised_4096	red_flour_beetle	0.0030871384254842	cross	insect	nan	nan	nan	cross_supervised_to_cross_eval	0.027167	0.29354	0.029068	1816066	179836	nan	820.0	2.9138138523837167	0	199682416	2211	32080666	13894384	6	0.0	0.330472	1000000	8.300339822655378	3.344588742578714	7.142839297329219	7.506243375731907	0.1770641784426884	0.0859070146414682	genome_only	leave_clade_out	0.6011768357507189	0.2462169615266977	0.5980896973252346	True
calib_anchor	cross_supervised_4096	red_flour_beetle	0.0030871384254842	cross	insect	nan	nan	nan	cross_supervised_to_stress_eval	0.027167	0.29354	0.029068	1816066	179836	nan	820.0	2.9138138523837167	0	199682416	2211	32080666	13894384	6	0.0	0.330472	1000000	8.300339822655378	3.344588742578714	7.142839297329219	7.506243375731907	0.1770641784426884	0.0859070146414682	genome_only	leave_clade_out	0.6011768357507189	0.2462169615266977	0.5980896973252346	True
anchor_anchor	cross_supervised_4096	red_flour_beetle	0.0030871384254842	cross	insect	nan	nan	nan	cross_supervised_to_insect_stress	0.027167	0.29354	0.029068	1816066	179836	nan	820.0	2.9138138523837167	0	199682416	2211	32080666	13894384	6	0.0	0.330472	1000000	8.300339822655378	3.344588742578714	7.142839297329219	7.506243375731907	0.1770641784426884	0.0859070146414682	genome_only	leave_clade_out	0.6011768357507189	0.2462169615266977	0.5980896973252346	True
calib_anchor	plant_supervised_4096	red_flour_beetle	0.0023709296255628	plant	insect	nan	nan	nan	plant_supervised_to_cross_eval	0.027167	0.29354	0.029068	1816066	179836	nan	820.0	2.9138138523837167	0	199682416	2211	32080666	13894384	6	0.0	0.330472	1000000	8.300339822655378	3.344588742578714	7.142839297329219	7.506243375731907	0.2062665763937115	0.1299963863429378	genome_only	leave_clade_out	0.4882589172917065	0.26130668372452404	0.4858879876661437	True
calib_anchor	plant_supervised_4096	red_flour_beetle	0.0023709296255628	plant	insect	nan	nan	nan	plant_supervised_to_stress_eval	0.027167	0.29354	0.029068	1816066	179836	nan	820.0	2.9138138523837167	0	199682416	2211	32080666	13894384	6	0.0	0.330472	1000000	8.300339822655378	3.344588742578714	7.142839297329219	7.506243375731907	0.2062665763937115	0.1299963863429378	genome_only	leave_clade_out	0.4882589172917065	0.26130668372452404	0.4858879876661437	True
calib_anchor	direct_red_flour_beetle_4096	red_flour_beetle	0.0	other_anchor	insect	nan	nan	nan	direct_beetle_to_cross_eval	0.027167	0.29354	0.029068	1816066	179836	nan	820.0	2.9138138523837167	0	199682416	2211	32080666	13894384	6	0.0	0.330472	1000000	8.300339822655378	3.344588742578714	7.142839297329219	7.506243375731907	0.387481875883399	0.3795499300235393	genome_only	leave_clade_out	0.33004006352533155	0.20527651445153228	0.33004006352533155	True
calib_anchor	direct_red_flour_beetle_4096	red_flour_beetle	0.0	other_anchor	insect	nan	nan	nan	direct_beetle_to_stress_eval	0.027167	0.29354	0.029068	1816066	179836	nan	820.0	2.9138138523837167	0	199682416	2211	32080666	13894384	6	0.0	0.330472	1000000	8.300339822655378	3.344588742578714	7.142839297329219	7.506243375731907	0.387481875883399	0.3795499300235393	genome_only	leave_clade_out	0.33004006352533155	0.20527651445153228	0.33004006352533155	True
calib_anchor	direct_western_honey_bee_4096	red_flour_beetle	0.0	other_anchor	insect	nan	nan	nan	direct_honeybee_to_cross_eval	0.027167	0.29354	0.029068	1816066	179836	nan	820.0	2.9138138523837167	0	199682416	2211	32080666	13894384	6	0.0	0.330472	1000000	8.300339822655378	3.344588742578714	7.142839297329219	7.506243375731907	0.387481875883399	0.3795499300235393	genome_only	leave_clade_out	0.33004006352533155	0.20527651445153228	0.33004006352533155	True
calib_anchor	direct_western_honey_bee_4096	red_flour_beetle	0.0	other_anchor	insect	nan	nan	nan	direct_honeybee_to_stress_eval	0.027167	0.29354	0.029068	1816066	179836	nan	820.0	2.9138138523837167	0	199682416	2211	32080666	13894384	6	0.0	0.330472	1000000	8.300339822655378	3.344588742578714	7.142839297329219	7.506243375731907	0.387481875883399	0.3795499300235393	genome_only	leave_clade_out	0.33004006352533155	0.20527651445153228	0.33004006352533155	True
calib_anchor	direct_red_flour_beetle_4096	red_flour_beetle	0.0	other_anchor	insect	nan	nan	nan	direct_beetle_own_holdout	0.027167	0.29354	0.029068	1816066	179836	nan	820.0	2.9138138523837167	0	199682416	2211	32080666	13894384	6	0.0	0.330472	1000000	8.300339822655378	3.344588742578714	7.142839297329219	7.506243375731907	0.387481875883399	0.3795499300235393	genome_only	leave_clade_out	0.33004006352533155	0.20527651445153228	0.33004006352533155	True
calib_anchor	cross_supervised_4096	rice	0.8757886614942711	cross	plant	nan	nan	nan	cross_supervised_to_plant_fine	0.042709	0.042814	0.945597	6804792	150290274	0.4367724609375	1500.0	3.1760912590556813	0	375049285	63	43270923	29958434	6	0.0009990009990009	0.440543	1000000	8.574088341853379	1.7993405494535817	7.476519107994928	7.636196159112094	0.0509643028428826	0.0089788460254062	genome_only	leave_clade_out	0.8675238278182669	0.1055464302041117	0.00826483367600428	True
calib_anchor	plant_supervised_4096	rice	0.8707687905287769	plant	plant	nan	nan	nan	plant_supervised_to_plant_fine	0.042709	0.042814	0.945597	6804792	150290274	0.4367724609375	1500.0	3.1760912590556813	1	375049285	63	43270923	29958434	6	0.0009990009990009	0.440543	1000000	8.574088341853379	1.7993405494535817	7.476519107994928	7.636196159112094	0.0266445732235012	0.0019077973482301	genome_only	leave_clade_out	0.6412510709502107	0.3528150310388347	0.22951771957856615	True
calib_anchor	TFREPAIR_invert_boost_animal_4096_seed42	rice	0.7436754544113025	animal	plant	nan	nan	nan	animal_invert_boost_to_plant_fine	0.042709	0.042814	0.945597	6804792	150290274	0.4367724609375	1500.0	3.1760912590556813	0	375049285	63	43270923	29958434	6	0.0009990009990009	0.440543	1000000	8.574088341853379	1.7993405494535817	7.476519107994928	7.636196159112094	0.0884855408342787	0.024015940484199	genome_only	leave_clade_out	0.8556013735493291	0.12297106735300592	0.11192591913802663	True
calib_anchor	insect_no_beetle_4096	rice	0.6461381376419327	insect	plant	nan	nan	nan	insect_no_beetle_to_plant_fine	0.042709	0.042814	0.945597	6804792	150290274	0.4367724609375	1500.0	3.1760912590556813	0	375049285	63	43270923	29958434	6	0.0009990009990009	0.440543	1000000	8.574088341853379	1.7993405494535817	7.476519107994928	7.636196159112094	0.1297892289697576	0.0416255932528221	genome_only	leave_clade_out	0.7629816601087782	0.19762847032745734	0.11684352246684548	True
final_errorbar	ntv3_100m_pre_w2048	rice	0.4280118170164783	human_h0_ntv3_100m	plant	plant_fine	3.0	0.0089135891045139	nan	0.042709	0.042814	0.945597	6804792	150290274	0.4367724609375	1500.0	3.1760912590556813	0	375049285	63	43270923	29958434	6	0.0009990009990009	0.440543	1000000	8.574088341853379	1.7993405494535817	7.476519107994928	7.636196159112094	0.2387362365796297	0.1495374763496936	genome_only	leave_clade_out	0.6163859738909704	0.1813575669168923	0.1883741568744921	True
final_errorbar	ntv2_250m_w4096	rice	0.1180575922330197	human_h0_ntv2_250m	plant	plant_fine	3.0	0.0082940112619889	nan	0.042709	0.042814	0.945597	6804792	150290274	0.4367724609375	1500.0	3.1760912590556813	0	375049285	63	43270923	29958434	6	0.0009990009990009	0.440543	1000000	8.574088341853379	1.7993405494535817	7.476519107994928	7.636196159112094	0.2387362365796297	0.1495374763496936	genome_only	leave_clade_out	0.6482878769269149	0.19181817989966304	0.5302302846938952	True
supp_h0_transfer	ntv2_500m_H0_w4096	rice	0.115519977917328	human_h0_ntv2_500m	plant	nan	nan	nan	transfer_BC_w4096	0.042709	0.042814	0.945597	6804792	150290274	0.4367724609375	1500.0	3.1760912590556813	0	375049285	63	43270923	29958434	6	0.0009990009990009	0.440543	1000000	8.574088341853379	1.7993405494535817	7.476519107994928	7.636196159112094	0.2387362365796297	0.1495374763496936	genome_only	leave_clade_out	0.6592110998958998	0.19241054323366424	0.5436911219785717	True
calib_anchor	cross_supervised_4096	sorghum	0.9154621597006132	cross	plant	nan	nan	nan	cross_supervised_to_plant_fine	0.057919	0.05798	0.982235	24648380	417568699	0.43649658203125	1500.0	3.1760912590556813	0	709344700	869	80884392	68658214	5	0.0	0.442729	1000000	8.85085732817176	2.9390197764486663	7.836692501973025	7.907864725292852	0.0537853232039029	0.0104612611262495	genome_only	leave_clade_out	0.8789286873545741	0.10315906899372883	0.0365334723460391	True
calib_anchor	plant_supervised_4096	sorghum	0.9087078620701828	plant	plant	nan	nan	nan	plant_supervised_to_plant_fine	0.057919	0.05798	0.982235	24648380	417568699	0.43649658203125	1500.0	3.1760912590556813	1	709344700	869	80884392	68658214	5	0.0	0.442729	1000000	8.85085732817176	2.9390197764486663	7.836692501973025	7.907864725292852	0.0273914249208693	0.0019576048399221	genome_only	leave_clade_out	0.6499476541187899	0.3584566680440217	0.258760207951393	True
calib_anchor	TFREPAIR_invert_boost_animal_4096_seed42	sorghum	0.8370785739861111	animal	plant	nan	nan	nan	animal_invert_boost_to_plant_fine	0.057919	0.05798	0.982235	24648380	417568699	0.43649658203125	1500.0	3.1760912590556813	0	709344700	869	80884392	68658214	5	0.0	0.442729	1000000	8.85085732817176	2.9390197764486663	7.836692501973025	7.907864725292852	0.0942512747889714	0.0278449023844741	genome_only	leave_clade_out	0.8666213973734064	0.12200452797806854	0.029542823387295303	True
calib_anchor	insect_no_beetle_4096	sorghum	0.7395318366775196	insect	plant	nan	nan	nan	insect_no_beetle_to_plant_fine	0.057919	0.05798	0.982235	24648380	417568699	0.43649658203125	1500.0	3.1760912590556813	0	709344700	869	80884392	68658214	5	0.0	0.442729	1000000	8.85085732817176	2.9390197764486663	7.836692501973025	7.907864725292852	0.1395994473150001	0.0492361155990339	genome_only	leave_clade_out	0.7702704442303127	0.20101088200401676	0.030738607552793007	True
final_errorbar	ntv3_100m_pre_w2048	sorghum	0.4747462171975484	human_h0_ntv3_100m	plant	plant_fine	3.0	0.0156681636990695	nan	0.057919	0.05798	0.982235	24648380	417568699	0.43649658203125	1500.0	3.1760912590556813	0	709344700	869	80884392	68658214	5	0.0	0.442729	1000000	8.85085732817176	2.9390197764486663	7.836692501973025	7.907864725292852	0.2366280772731148	0.1465793330978378	genome_only	leave_clade_out	0.6238872528982301	0.16346144139388383	0.1491410357006817	True
supp_h0_transfer	ntv2_500m_H0_w4096	sorghum	0.1793904911276665	human_h0_ntv2_500m	plant	nan	nan	nan	transfer_BC_w4096	0.057919	0.05798	0.982235	24648380	417568699	0.43649658203125	1500.0	3.1760912590556813	0	709344700	869	80884392	68658214	5	0.0	0.442729	1000000	8.85085732817176	2.9390197764486663	7.836692501973025	7.907864725292852	0.2366280772731148	0.1465793330978378	genome_only	leave_clade_out	0.6670913065289047	0.16892285626543307	0.4877008154012382	True
final_errorbar	ntv2_250m_w4096	sorghum	0.1551588113564608	human_h0_ntv2_250m	plant	plant_fine	3.0	0.0342168256944894	nan	0.057919	0.05798	0.982235	24648380	417568699	0.43649658203125	1500.0	3.1760912590556813	0	709344700	869	80884392	68658214	5	0.0	0.442729	1000000	8.85085732817176	2.9390197764486663	7.836692501973025	7.907864725292852	0.2366280772731148	0.1465793330978378	genome_only	leave_clade_out	0.6552724836286608	0.16873157724965343	0.5001136722721999	True
calib_anchor	TFREPAIR_invert_boost_animal_4096_seed42	soybean	0.5650860204945004	animal	plant	nan	nan	nan	animal_invert_boost_to_cross_eval	0.121572	0.122064	0.967888	51176368	405794558	nan	1550.0	3.1903316981702914	0	978491270	1190	58018742	48577505	10	0.0140867288186392	0.330132	1000000	8.990556955279926	3.0755469613925306	7.686435205146788	7.763568307914055	0.1721211082809056	0.0467496388777612	genome_only	leave_clade_out	0.6916003704821511	0.22285979969723166	0.12651434998765065	True
calib_anchor	TFREPAIR_invert_boost_animal_4096_seed42	soybean	0.5650854892493286	animal	plant	nan	nan	nan	animal_invert_boost_to_plant_eval	0.121572	0.122064	0.967888	51176368	405794558	nan	1550.0	3.1903316981702914	0	978491270	1190	58018742	48577505	10	0.0140867288186392	0.330132	1000000	8.990556955279926	3.0755469613925306	7.686435205146788	7.763568307914055	0.1721211082809056	0.0467496388777612	genome_only	leave_clade_out	0.6916003704821511	0.22285979969723166	0.1265148812328225	True
calib_anchor	insect_no_beetle_4096	soybean	0.4867824461937038	insect	plant	nan	nan	nan	insect_no_beetle_to_cross_eval	0.121572	0.122064	0.967888	51176368	405794558	nan	1550.0	3.1903316981702914	0	978491270	1190	58018742	48577505	10	0.0140867288186392	0.330132	1000000	8.990556955279926	3.0755469613925306	7.686435205146788	7.763568307914055	0.2213663352869438	0.0708915192575917	genome_only	leave_clade_out	0.5592251761373302	0.25109881372368714	0.07244272994362644	True
calib_anchor	insect_no_beetle_4096	soybean	0.4867824461937038	insect	plant	nan	nan	nan	insect_no_beetle_to_plant_eval	0.121572	0.122064	0.967888	51176368	405794558	nan	1550.0	3.1903316981702914	0	978491270	1190	58018742	48577505	10	0.0140867288186392	0.330132	1000000	8.990556955279926	3.0755469613925306	7.686435205146788	7.763568307914055	0.2213663352869438	0.0708915192575917	genome_only	leave_clade_out	0.5592251761373302	0.25109881372368714	0.07244272994362644	True
calib_anchor	cross_supervised_4096	soybean	0.4136761357660033	cross	plant	nan	nan	nan	cross_supervised_to_cross_eval	0.121572	0.122064	0.967888	51176368	405794558	nan	1550.0	3.1903316981702914	0	978491270	1190	58018742	48577505	10	0.0140867288186392	0.330132	1000000	8.990556955279926	3.0755469613925306	7.686435205146788	7.763568307914055	0.1689640981121739	0.0484850139947763	genome_only	leave_clade_out	0.7038983370761359	0.222856781824423	0.2902222013101326	True
calib_anchor	cross_supervised_4096	soybean	0.4136761357660033	cross	plant	nan	nan	nan	cross_supervised_to_plant_eval	0.121572	0.122064	0.967888	51176368	405794558	nan	1550.0	3.1903316981702914	0	978491270	1190	58018742	48577505	10	0.0140867288186392	0.330132	1000000	8.990556955279926	3.0755469613925306	7.686435205146788	7.763568307914055	0.1689640981121739	0.0484850139947763	genome_only	leave_clade_out	0.7038983370761359	0.222856781824423	0.2902222013101326	True
calib_anchor	plant_supervised_4096	soybean	0.4115535505913839	plant	plant	nan	nan	nan	plant_supervised_to_cross_eval	0.121572	0.122064	0.967888	51176368	405794558	nan	1550.0	3.1903316981702914	1	978491270	1190	58018742	48577505	10	0.0140867288186392	0.330132	1000000	8.990556955279926	3.0755469613925306	7.686435205146788	7.763568307914055	0.1946953499497931	0.0763255186024801	genome_only	leave_clade_out	0.46672914719284936	0.307009709775266	0.05517559660146548	True
calib_anchor	plant_supervised_4096	soybean	0.4115535505913839	plant	plant	nan	nan	nan	plant_supervised_to_plant_eval	0.121572	0.122064	0.967888	51176368	405794558	nan	1550.0	3.1903316981702914	1	978491270	1190	58018742	48577505	10	0.0140867288186392	0.330132	1000000	8.990556955279926	3.0755469613925306	7.686435205146788	7.763568307914055	0.1946953499497931	0.0763255186024801	genome_only	leave_clade_out	0.46672914719284936	0.307009709775266	0.05517559660146548	True
calib_anchor	plant_supervised_4096	teosinte	0.9308197551982428	plant	plant	nan	nan	nan	plant_supervised_to_cross_eval	0.086856	0.088019	0.868021	259955621	2563626352	nan	1500.0	3.1760912590556813	1	3290921811	8365	294039681	175094470	8	0.0	0.438516	1000000	9.517317564015846	3.922465945298413	8.243272429998866	8.468405942917126	0.2100077500333409	0.103231294898657	genome_only	leave_clade_out	0.28762642970675817	0.22358037795163596	0.6431933254914846	True
calib_anchor	plant_supervised_4096	teosinte	0.9308197551982428	plant	plant	nan	nan	nan	plant_supervised_to_plant_eval	0.086856	0.088019	0.868021	259955621	2563626352	nan	1500.0	3.1760912590556813	1	3290921811	8365	294039681	175094470	8	0.0	0.438516	1000000	9.517317564015846	3.922465945298413	8.243272429998866	8.468405942917126	0.2100077500333409	0.103231294898657	genome_only	leave_clade_out	0.28762642970675817	0.22358037795163596	0.6431933254914846	True
calib_anchor	cross_supervised_4096	teosinte	0.9299634062638152	cross	plant	nan	nan	nan	cross_supervised_to_cross_eval	0.086856	0.088019	0.868021	259955621	2563626352	nan	1500.0	3.1760912590556813	0	3290921811	8365	294039681	175094470	8	0.0	0.438516	1000000	9.517317564015846	3.922465945298413	8.243272429998866	8.468405942917126	0.2120411295082017	0.1047709646574465	genome_only	leave_clade_out	0.38334721280669537	0.2828842406558738	0.5466161934571199	True
calib_anchor	cross_supervised_4096	teosinte	0.9299634062638152	cross	plant	nan	nan	nan	cross_supervised_to_plant_eval	0.086856	0.088019	0.868021	259955621	2563626352	nan	1500.0	3.1760912590556813	0	3290921811	8365	294039681	175094470	8	0.0	0.438516	1000000	9.517317564015846	3.922465945298413	8.243272429998866	8.468405942917126	0.2120411295082017	0.1047709646574465	genome_only	leave_clade_out	0.38334721280669537	0.2828842406558738	0.5466161934571199	True
calib_anchor	TFREPAIR_invert_boost_animal_4096_seed42	teosinte	0.8886845637016639	animal	plant	nan	nan	nan	animal_invert_boost_to_cross_eval	0.086856	0.088019	0.868021	259955621	2563626352	nan	1500.0	3.1760912590556813	0	3290921811	8365	294039681	175094470	8	0.0	0.438516	1000000	9.517317564015846	3.922465945298413	8.243272429998866	8.468405942917126	0.2168178063542519	0.1112460410900726	genome_only	leave_clade_out	0.36077404069862845	0.26906847001325296	0.5279105230030354	True
calib_anchor	TFREPAIR_invert_boost_animal_4096_seed42	teosinte	0.8886845637016639	animal	plant	nan	nan	nan	animal_invert_boost_to_plant_eval	0.086856	0.088019	0.868021	259955621	2563626352	nan	1500.0	3.1760912590556813	0	3290921811	8365	294039681	175094470	8	0.0	0.438516	1000000	9.517317564015846	3.922465945298413	8.243272429998866	8.468405942917126	0.2168178063542519	0.1112460410900726	genome_only	leave_clade_out	0.36077404069862845	0.26906847001325296	0.5279105230030354	True
calib_anchor	insect_no_beetle_4096	teosinte	0.7928110204987012	insect	plant	nan	nan	nan	insect_no_beetle_to_cross_eval	0.086856	0.088019	0.868021	259955621	2563626352	nan	1500.0	3.1760912590556813	0	3290921811	8365	294039681	175094470	8	0.0	0.438516	1000000	9.517317564015846	3.922465945298413	8.243272429998866	8.468405942917126	0.24756711504357	0.1387104209292143	genome_only	leave_clade_out	0.2777872077224991	0.19140159258768544	0.5150238127762021	True
calib_anchor	insect_no_beetle_4096	teosinte	0.7928110204987012	insect	plant	nan	nan	nan	insect_no_beetle_to_plant_eval	0.086856	0.088019	0.868021	259955621	2563626352	nan	1500.0	3.1760912590556813	0	3290921811	8365	294039681	175094470	8	0.0	0.438516	1000000	9.517317564015846	3.922465945298413	8.243272429998866	8.468405942917126	0.24756711504357	0.1387104209292143	genome_only	leave_clade_out	0.2777872077224991	0.19140159258768544	0.5150238127762021	True
calib_anchor	cross_supervised_4096	thale_cress	0.7121875392581978	cross	plant	nan	nan	nan	cross_supervised_to_plant_fine	0.043011	0.043145	0.932855	1297325	28049979	0.37922119140625	1550.0	3.1903316981702914	0	119667750	7	30427671	23459830	3	0.0	0.372445	1000000	8.077977125476142	0.8450980400142568	7.370324860706645	7.48326871178776	0.1110569059282151	0.0213077580291249	genome_only	leave_clade_out	0.8365429483115644	0.15079029123426374	0.12435540905336662	True
calib_anchor	plant_supervised_4096	thale_cress	0.6974776069597389	plant	plant	nan	nan	nan	plant_supervised_to_plant_fine	0.043011	0.043145	0.932855	1297325	28049979	0.37922119140625	1550.0	3.1903316981702914	1	119667750	7	30427671	23459830	3	0.0	0.372445	1000000	8.077977125476142	0.8450980400142568	7.370324860706645	7.48326871178776	0.1249666485378415	0.0307960258984802	genome_only	leave_clade_out	0.617269979065076	0.34034023981608463	0.08020762789466296	True
calib_anchor	TFREPAIR_invert_boost_animal_4096_seed42	thale_cress	0.2079073653834738	animal	plant	nan	nan	nan	animal_invert_boost_to_plant_fine	0.043011	0.043145	0.932855	1297325	28049979	0.37922119140625	1550.0	3.1903316981702914	0	119667750	7	30427671	23459830	3	0.0	0.372445	1000000	8.077977125476142	0.8450980400142568	7.370324860706645	7.48326871178776	0.1234742428456467	0.0279292546598651	genome_only	leave_clade_out	0.8220362955455888	0.16882879545914836	0.614128930162115	True
calib_anchor	insect_no_beetle_4096	thale_cress	0.1382559591838703	insect	plant	nan	nan	nan	insect_no_beetle_to_plant_fine	0.043011	0.043145	0.932855	1297325	28049979	0.37922119140625	1550.0	3.1903316981702914	0	119667750	7	30427671	23459830	3	0.0	0.372445	1000000	8.077977125476142	0.8450980400142568	7.370324860706645	7.48326871178776	0.1564172368424756	0.0430840989911306	genome_only	leave_clade_out	0.7437411192194521	0.2068638006768365	0.6054851600355817	True
final_errorbar	ntv3_100m_pre_w2048	thale_cress	0.1299511497000876	human_h0_ntv3_100m	plant	plant_fine	3.0	0.0173026332429277	nan	0.043011	0.043145	0.932855	1297325	28049979	0.37922119140625	1550.0	3.1903316981702914	0	119667750	7	30427671	23459830	3	0.0	0.372445	1000000	8.077977125476142	0.8450980400142568	7.370324860706645	7.48326871178776	0.3352596901322179	0.268016439460078	genome_only	leave_clade_out	0.42113336178202015	0.21970504560603685	0.29118221208193257	True
final_errorbar	ntv2_250m_w4096	thale_cress	0.059250325526733	human_h0_ntv2_250m	plant	plant_fine	3.0	0.0279221757123653	nan	0.043011	0.043145	0.932855	1297325	28049979	0.37922119140625	1550.0	3.1903316981702914	0	119667750	7	30427671	23459830	3	0.0	0.372445	1000000	8.077977125476142	0.8450980400142568	7.370324860706645	7.48326871178776	0.3352596901322179	0.268016439460078	genome_only	leave_clade_out	0.4383467553829287	0.23650756514380447	0.37909642985619574	True
supp_h0_transfer	ntv2_500m_H0_w4096	thale_cress	0.0350888069185704	human_h0_ntv2_500m	plant	nan	nan	nan	transfer_BC_w4096	0.043011	0.043145	0.932855	1297325	28049979	0.37922119140625	1550.0	3.1903316981702914	0	119667750	7	30427671	23459830	3	0.0	0.372445	1000000	8.077977125476142	0.8450980400142568	7.370324860706645	7.48326871178776	0.3352596901322179	0.268016439460078	genome_only	leave_clade_out	0.4491965524599152	0.24361095509529082	0.4141077455413448	True
supp_h0_transfer	ntv2_500m_H0_w4096	western_clawed_frog	0.7676709570719781	human_h0_ntv2_500m	vertebrate	nan	nan	nan	transfer_BC_w4096	0.000179	0.000179	0.967076	84407	455592780	0.5371810538664581	360.0	2.556302500767288	0	1451301209	167	217471166	153961319	5	0.0029910269192422	0.505897	1000000	9.16175755704896	2.2227164711475837	8.18741162307706	8.337401683004607	0.1957973399316009	0.0911435831684164	genome_only	leave_clade_out	0.39673788568984386	0.211627432556825	0.3709330713821342	True
final_errorbar	ntv2_250m_w4096	western_clawed_frog	0.6476854010493278	human_h0_ntv2_250m	vertebrate	animal_fine	3.0	0.0436579387818896	nan	0.000179	0.000179	0.967076	84407	455592780	0.5371810538664581	360.0	2.556302500767288	0	1451301209	167	217471166	153961319	5	0.0029910269192422	0.505897	1000000	9.16175755704896	2.2227164711475837	8.18741162307706	8.337401683004607	0.1957973399316009	0.0911435831684164	genome_only	leave_clade_out	0.39490033841379923	0.21281017666126364	0.2527850626355286	True
final_errorbar	ntv3_100m_pre_w2048	western_clawed_frog	0.5191597065847986	human_h0_ntv3_100m	vertebrate	animal_fine	3.0	0.0896323044666213	nan	0.000179	0.000179	0.967076	84407	455592780	0.5371810538664581	360.0	2.556302500767288	0	1451301209	167	217471166	153961319	5	0.0029910269192422	0.505897	1000000	9.16175755704896	2.2227164711475837	8.18741162307706	8.337401683004607	0.1957973399316009	0.0911435831684164	genome_only	leave_clade_out	0.44564471582649207	0.19303222502826212	0.07351499075830653	True
anchor_anchor	insect_primary_4096	western_honey_bee	0.946524064171123	insect	insect	nan	nan	nan	insect_primary_to_insect_stress	0.020425	0.982865	0.020432	4337232	90164	nan	820.0	2.9138138523837167	1	51457486	3	25433307	14233499	2	0.0388635522641971	0.404665	1000000	7.71144856455995	0.4771212547196624	7.15331167517893	7.405402833572285	0.1030895049884773	0.0198094430108711	genome_only	leave_clade_out	0.5897309767733578	0.2112783304105822	0.35679308739776516	True
calib_anchor	insect_no_beetle_4096	western_honey_bee	0.7983193277310925	insect	insect	nan	nan	nan	insect_no_beetle_to_cross_eval	0.020425	0.982865	0.020432	4337232	90164	nan	820.0	2.9138138523837167	1	51457486	3	25433307	14233499	2	0.0388635522641971	0.404665	1000000	7.71144856455995	0.4771212547196624	7.15331167517893	7.405402833572285	0.1030895049884773	0.0198094430108711	genome_only	leave_clade_out	0.5897309767733578	0.2112783304105822	0.20858835095773465	True
calib_anchor	insect_no_beetle_4096	western_honey_bee	0.7983193277310925	insect	insect	nan	nan	nan	insect_no_beetle_to_stress_eval	0.020425	0.982865	0.020432	4337232	90164	nan	820.0	2.9138138523837167	1	51457486	3	25433307	14233499	2	0.0388635522641971	0.404665	1000000	7.71144856455995	0.4771212547196624	7.15331167517893	7.405402833572285	0.1030895049884773	0.0198094430108711	genome_only	leave_clade_out	0.5897309767733578	0.2112783304105822	0.20858835095773465	True
anchor_anchor	insect_no_beetle_4096	western_honey_bee	0.7983193277310925	insect	insect	nan	nan	nan	insect_no_beetle_to_insect_stress	0.020425	0.982865	0.020432	4337232	90164	nan	820.0	2.9138138523837167	1	51457486	3	25433307	14233499	2	0.0388635522641971	0.404665	1000000	7.71144856455995	0.4771212547196624	7.15331167517893	7.405402833572285	0.1030895049884773	0.0198094430108711	genome_only	leave_clade_out	0.5897309767733578	0.2112783304105822	0.20858835095773465	True
calib_anchor	TFREPAIR_invert_boost_animal_4096_seed42	western_honey_bee	0.05217988328184	animal	insect	nan	nan	nan	animal_invert_boost_to_cross_eval	0.020425	0.982865	0.020432	4337232	90164	nan	820.0	2.9138138523837167	1	51457486	3	25433307	14233499	2	0.0388635522641971	0.404665	1000000	7.71144856455995	0.4771212547196624	7.15331167517893	7.405402833572285	0.1975547081920625	0.0743872976560842	genome_only	leave_clade_out	0.4561789943335021	0.2828455272685203	0.40399911105166214	True
calib_anchor	TFREPAIR_invert_boost_animal_4096_seed42	western_honey_bee	0.05217988328184	animal	insect	nan	nan	nan	animal_invert_boost_to_stress_eval	0.020425	0.982865	0.020432	4337232	90164	nan	820.0	2.9138138523837167	1	51457486	3	25433307	14233499	2	0.0388635522641971	0.404665	1000000	7.71144856455995	0.4771212547196624	7.15331167517893	7.405402833572285	0.1975547081920625	0.0743872976560842	genome_only	leave_clade_out	0.4561789943335021	0.2828455272685203	0.40399911105166214	True
anchor_anchor	TFREPAIR_invert_boost_animal_4096_seed42	western_honey_bee	0.05217988328184	animal	insect	nan	nan	nan	animal_invert_boost_to_insect_stress	0.020425	0.982865	0.020432	4337232	90164	nan	820.0	2.9138138523837167	1	51457486	3	25433307	14233499	2	0.0388635522641971	0.404665	1000000	7.71144856455995	0.4771212547196624	7.15331167517893	7.405402833572285	0.1975547081920625	0.0743872976560842	genome_only	leave_clade_out	0.4561789943335021	0.2828455272685203	0.40399911105166214	True
calib_anchor	cross_supervised_4096	western_honey_bee	0.0052898014902451	cross	insect	nan	nan	nan	cross_supervised_to_cross_eval	0.020425	0.982865	0.020432	4337232	90164	nan	820.0	2.9138138523837167	0	51457486	3	25433307	14233499	2	0.0388635522641971	0.404665	1000000	7.71144856455995	0.4771212547196624	7.15331167517893	7.405402833572285	0.2119073798001238	0.0902008757309238	genome_only	leave_clade_out	0.46056720078162056	0.2977774600551829	0.45527739929137545	True
calib_anchor	cross_supervised_4096	western_honey_bee	0.0052898014902451	cross	insect	nan	nan	nan	cross_supervised_to_stress_eval	0.020425	0.982865	0.020432	4337232	90164	nan	820.0	2.9138138523837167	0	51457486	3	25433307	14233499	2	0.0388635522641971	0.404665	1000000	7.71144856455995	0.4771212547196624	7.15331167517893	7.405402833572285	0.2119073798001238	0.0902008757309238	genome_only	leave_clade_out	0.46056720078162056	0.2977774600551829	0.45527739929137545	True
anchor_anchor	cross_supervised_4096	western_honey_bee	0.0052898014902451	cross	insect	nan	nan	nan	cross_supervised_to_insect_stress	0.020425	0.982865	0.020432	4337232	90164	nan	820.0	2.9138138523837167	0	51457486	3	25433307	14233499	2	0.0388635522641971	0.404665	1000000	7.71144856455995	0.4771212547196624	7.15331167517893	7.405402833572285	0.2119073798001238	0.0902008757309238	genome_only	leave_clade_out	0.46056720078162056	0.2977774600551829	0.45527739929137545	True
calib_anchor	plant_supervised_4096	western_honey_bee	0.0003842421976866	plant	insect	nan	nan	nan	plant_supervised_to_cross_eval	0.020425	0.982865	0.020432	4337232	90164	nan	820.0	2.9138138523837167	0	51457486	3	25433307	14233499	2	0.0388635522641971	0.404665	1000000	7.71144856455995	0.4771212547196624	7.15331167517893	7.405402833572285	0.2144848278327983	0.1040586970085212	genome_only	leave_clade_out	0.3447039723668131	0.26713127778506657	0.3443197301691265	True
calib_anchor	plant_supervised_4096	western_honey_bee	0.0003842416254314	plant	insect	nan	nan	nan	plant_supervised_to_stress_eval	0.020425	0.982865	0.020432	4337232	90164	nan	820.0	2.9138138523837167	0	51457486	3	25433307	14233499	2	0.0388635522641971	0.404665	1000000	7.71144856455995	0.4771212547196624	7.15331167517893	7.405402833572285	0.2144848278327983	0.1040586970085212	genome_only	leave_clade_out	0.3447039723668131	0.26713127778506657	0.3443197307413817	True
calib_anchor	direct_red_flour_beetle_4096	western_honey_bee	0.0	other_anchor	insect	nan	nan	nan	direct_beetle_to_cross_eval	0.020425	0.982865	0.020432	4337232	90164	nan	820.0	2.9138138523837167	0	51457486	3	25433307	14233499	2	0.0388635522641971	0.404665	1000000	7.71144856455995	0.4771212547196624	7.15331167517893	7.405402833572285	0.3782434204252473	0.3304654870915913	genome_only	leave_clade_out	0.19304656968841552	0.14630812514109678	0.19304656968841552	True
calib_anchor	direct_red_flour_beetle_4096	western_honey_bee	0.0	other_anchor	insect	nan	nan	nan	direct_beetle_to_stress_eval	0.020425	0.982865	0.020432	4337232	90164	nan	820.0	2.9138138523837167	0	51457486	3	25433307	14233499	2	0.0388635522641971	0.404665	1000000	7.71144856455995	0.4771212547196624	7.15331167517893	7.405402833572285	0.3782434204252473	0.3304654870915913	genome_only	leave_clade_out	0.19304656968841552	0.14630812514109678	0.19304656968841552	True
calib_anchor	direct_western_honey_bee_4096	western_honey_bee	0.0	other_anchor	insect	nan	nan	nan	direct_honeybee_to_cross_eval	0.020425	0.982865	0.020432	4337232	90164	nan	820.0	2.9138138523837167	0	51457486	3	25433307	14233499	2	0.0388635522641971	0.404665	1000000	7.71144856455995	0.4771212547196624	7.15331167517893	7.405402833572285	0.3782434204252473	0.3304654870915913	genome_only	leave_clade_out	0.19304656968841552	0.14630812514109678	0.19304656968841552	True
calib_anchor	direct_western_honey_bee_4096	western_honey_bee	0.0	other_anchor	insect	nan	nan	nan	direct_honeybee_to_stress_eval	0.020425	0.982865	0.020432	4337232	90164	nan	820.0	2.9138138523837167	0	51457486	3	25433307	14233499	2	0.0388635522641971	0.404665	1000000	7.71144856455995	0.4771212547196624	7.15331167517893	7.405402833572285	0.3782434204252473	0.3304654870915913	genome_only	leave_clade_out	0.19304656968841552	0.14630812514109678	0.19304656968841552	True
calib_anchor	direct_western_honey_bee_4096	western_honey_bee	0.0	other_anchor	insect	nan	nan	nan	direct_honeybee_own_holdout	0.020425	0.982865	0.020432	4337232	90164	nan	820.0	2.9138138523837167	0	51457486	3	25433307	14233499	2	0.0388635522641971	0.404665	1000000	7.71144856455995	0.4771212547196624	7.15331167517893	7.405402833572285	0.3782434204252473	0.3304654870915913	genome_only	leave_clade_out	0.19304656968841552	0.14630812514109678	0.19304656968841552	True
anchor_anchor	TFREPAIR_invert_boost_animal_4096_seed42	x_laevis	0.4013777654205557	animal	vertebrate	nan	nan	nan	animal_invert_boost_to_insect_stress	0.000194	0.000194	0.813401	56801	238590187	nan	370.0	2.568201724066995	1	2718433805	108033	219802468	136570856	9	0.1479724726946478	0.38498	1000000	9.434318762214229	5.033556436308993	8.13535803149204	8.34203256448767	0.1125183122375499	0.0175004510961257	genome_only	leave_clade_out	0.7903590463875209	0.18155763195602312	0.38898128096696516	True
calib_anchor	TFREPAIR_invert_boost_animal_4096_seed42	x_laevis	0.4013775981071781	animal	vertebrate	nan	nan	nan	animal_invert_boost_to_cross_eval	0.000194	0.000194	0.813401	56801	238590187	nan	370.0	2.568201724066995	1	2718433805	108033	219802468	136570856	9	0.1479724726946478	0.38498	1000000	9.434318762214229	5.033556436308993	8.13535803149204	8.34203256448767	0.1125183122375499	0.0175004510961257	genome_only	leave_clade_out	0.7903590463875209	0.18155763195602312	0.38898144828034276	True
calib_anchor	TFREPAIR_invert_boost_animal_4096_seed42	x_laevis	0.4013775981071781	animal	vertebrate	nan	nan	nan	animal_invert_boost_to_stress_eval	0.000194	0.000194	0.813401	56801	238590187	nan	370.0	2.568201724066995	1	2718433805	108033	219802468	136570856	9	0.1479724726946478	0.38498	1000000	9.434318762214229	5.033556436308993	8.13535803149204	8.34203256448767	0.1125183122375499	0.0175004510961257	genome_only	leave_clade_out	0.7903590463875209	0.18155763195602312	0.38898144828034276	True
calib_anchor	cross_supervised_4096	x_laevis	0.3945827783795458	cross	vertebrate	nan	nan	nan	cross_supervised_to_cross_eval	0.000194	0.000194	0.813401	56801	238590187	nan	370.0	2.568201724066995	0	2718433805	108033	219802468	136570856	9	0.1479724726946478	0.38498	1000000	9.434318762214229	5.033556436308993	8.13535803149204	8.34203256448767	0.1141902696107161	0.0184397446805083	genome_only	leave_clade_out	0.7993130128232895	0.1766644490816964	0.4047302344437437	True
calib_anchor	cross_supervised_4096	x_laevis	0.3945827783795458	cross	vertebrate	nan	nan	nan	cross_supervised_to_stress_eval	0.000194	0.000194	0.813401	56801	238590187	nan	370.0	2.568201724066995	0	2718433805	108033	219802468	136570856	9	0.1479724726946478	0.38498	1000000	9.434318762214229	5.033556436308993	8.13535803149204	8.34203256448767	0.1141902696107161	0.0184397446805083	genome_only	leave_clade_out	0.7993130128232895	0.1766644490816964	0.4047302344437437	True
anchor_anchor	cross_supervised_4096	x_laevis	0.3945827783795458	cross	vertebrate	nan	nan	nan	cross_supervised_to_insect_stress	0.000194	0.000194	0.813401	56801	238590187	nan	370.0	2.568201724066995	0	2718433805	108033	219802468	136570856	9	0.1479724726946478	0.38498	1000000	9.434318762214229	5.033556436308993	8.13535803149204	8.34203256448767	0.1141902696107161	0.0184397446805083	genome_only	leave_clade_out	0.7993130128232895	0.1766644490816964	0.4047302344437437	True
calib_anchor	plant_supervised_4096	x_laevis	0.2855543757586765	plant	vertebrate	nan	nan	nan	plant_supervised_to_cross_eval	0.000194	0.000194	0.813401	56801	238590187	nan	370.0	2.568201724066995	0	2718433805	108033	219802468	136570856	9	0.1479724726946478	0.38498	1000000	9.434318762214229	5.033556436308993	8.13535803149204	8.34203256448767	0.1445645708760781	0.0387081158013149	genome_only	leave_clade_out	0.78062896511607	0.16018213460559866	0.49507458935739357	True
calib_anchor	plant_supervised_4096	x_laevis	0.2855543757586765	plant	vertebrate	nan	nan	nan	plant_supervised_to_stress_eval	0.000194	0.000194	0.813401	56801	238590187	nan	370.0	2.568201724066995	0	2718433805	108033	219802468	136570856	9	0.1479724726946478	0.38498	1000000	9.434318762214229	5.033556436308993	8.13535803149204	8.34203256448767	0.1445645708760781	0.0387081158013149	genome_only	leave_clade_out	0.78062896511607	0.16018213460559866	0.49507458935739357	True
calib_anchor	insect_no_beetle_4096	x_laevis	0.2829600934257301	insect	vertebrate	nan	nan	nan	insect_no_beetle_to_cross_eval	0.000194	0.000194	0.813401	56801	238590187	nan	370.0	2.568201724066995	0	2718433805	108033	219802468	136570856	9	0.1479724726946478	0.38498	1000000	9.434318762214229	5.033556436308993	8.13535803149204	8.34203256448767	0.1983752948465877	0.0592704987046092	genome_only	leave_clade_out	0.8215606882026484	0.16135178328076008	0.5386005947769184	True
calib_anchor	insect_no_beetle_4096	x_laevis	0.2829600934257301	insect	vertebrate	nan	nan	nan	insect_no_beetle_to_stress_eval	0.000194	0.000194	0.813401	56801	238590187	nan	370.0	2.568201724066995	0	2718433805	108033	219802468	136570856	9	0.1479724726946478	0.38498	1000000	9.434318762214229	5.033556436308993	8.13535803149204	8.34203256448767	0.1983752948465877	0.0592704987046092	genome_only	leave_clade_out	0.8215606882026484	0.16135178328076008	0.5386005947769184	True
anchor_anchor	insect_no_beetle_4096	x_laevis	0.2829600934257301	insect	vertebrate	nan	nan	nan	insect_no_beetle_to_insect_stress	0.000194	0.000194	0.813401	56801	238590187	nan	370.0	2.568201724066995	0	2718433805	108033	219802468	136570856	9	0.1479724726946478	0.38498	1000000	9.434318762214229	5.033556436308993	8.13535803149204	8.34203256448767	0.1983752948465877	0.0592704987046092	genome_only	leave_clade_out	0.8215606882026484	0.16135178328076008	0.5386005947769184	True
anchor_anchor	insect_primary_4096	x_laevis	0.2268599691025123	insect	vertebrate	nan	nan	nan	insect_primary_to_insect_stress	0.000194	0.000194	0.813401	56801	238590187	nan	370.0	2.568201724066995	0	2718433805	108033	219802468	136570856	9	0.1479724726946478	0.38498	1000000	9.434318762214229	5.033556436308993	8.13535803149204	8.34203256448767	0.1983752948465877	0.0592704987046092	genome_only	leave_clade_out	0.8215606882026484	0.16135178328076008	0.5947007191001361	True
supp_h0_transfer	ntv2_500m_H0_w4096	zebrafish	0.8151318178516959	human_h0_ntv2_500m	vertebrate	nan	nan	nan	transfer_BC_w4096	0.837603	0.982602	0.850212	891480468	771367366	0.4137124131384462	430.0	2.633468455579586	0	1679203469	1923	78093715	52186027	14	0.0	0.359955	1000000	9.225103322767056	3.28397928423848	7.717554234627916	7.892616083164715	0.3272994079847048	0.2672352128115792	genome_only	leave_clade_out	0.5188457984027083	0.17495499102085632	0.2962860194489876	True
final_errorbar	ntv2_250m_w4096	zebrafish	0.753453009276328	human_h0_ntv2_250m	vertebrate	animal_fine	3.0	0.0131433323203878	nan	0.837603	0.982602	0.850212	891480468	771367366	0.4137124131384462	430.0	2.633468455579586	0	1679203469	1923	78093715	52186027	14	0.0	0.359955	1000000	9.225103322767056	3.28397928423848	7.717554234627916	7.892616083164715	0.3272994079847048	0.2672352128115792	genome_only	leave_clade_out	0.5218833365378821	0.17241207617810933	0.23156967273844586	True
final_errorbar	ntv3_100m_pre_w2048	zebrafish	0.5214699959942013	human_h0_ntv3_100m	vertebrate	animal_fine	3.0	0.0175674395284055	nan	0.837603	0.982602	0.850212	891480468	771367366	0.4137124131384462	430.0	2.633468455579586	0	1679203469	1923	78093715	52186027	14	0.0	0.359955	1000000	9.225103322767056	3.28397928423848	7.717554234627916	7.892616083164715	0.3272994079847048	0.2672352128115792	genome_only	leave_clade_out	0.5379889694480291	0.1555712131638702	0.0165189734538278	True
