source	model	species	te_f1	anchor_type	species_group	panel	n_chrom	sd_te_f1	stage	label_jaccard	ucsc_bp_covered_by_self	self_bp_covered_by_ucsc	self_merged_bp	ucsc_merged_bp	target_gc	distance_mya_proxy	log_distance_mya	same_group_anchor	genome_size_bp	contig_count	max_contig_bp	assembly_n50_bp	assembly_l50	n_fraction	sampled_gc	kmer_sampled_bases	log_genome_size_bp	log_contig_count	log_assembly_n50_bp	log_max_contig_bp	kmer_js_to_anchor_proto	kmer_cosine_to_anchor_proto	minhash_anchor_proto	minhash_best_anchor_member	minhash_jaccard_best_member	minhash_mash_distance_best_member	minhash_jaccard_mean_proto	minhash_mash_distance_mean_proto	feature_set	split	pred_te_f1	rf_tree_sd	abs_error	fold_ok
calib_anchor	cross_supervised_4096	brachypodium	0.8175422271365038	cross	plant	nan	nan	nan	cross_supervised_to_plant_fine	0.101164	0.1029	0.857087	5277523	43958318	0.45561279296875	1500.0	3.1760912590556813	0	271298618	11	75071545	59130575	3	0.0	0.454488	1000000	8.433447581463392	1.041392685158225	7.771812102204127	7.875475353898488	0.0693259415010997	0.0175357229218507	cross	brachypodium	1.0	0.0	0.12915053475717714	0.3531042535064754	baseline_plus_kmer	leave_species_out	0.9093855255234901	0.07626877822835773	0.09184329838698624	True
calib_anchor	plant_supervised_4096	brachypodium	0.7765195434514967	plant	plant	nan	nan	nan	plant_supervised_to_plant_fine	0.101164	0.1029	0.857087	5277523	43958318	0.45561279296875	1500.0	3.1760912590556813	1	271298618	11	75071545	59130575	3	0.0	0.454488	1000000	8.433447581463392	1.041392685158225	7.771812102204127	7.875475353898488	0.0392954852174674	0.0046023125549394	plant	brachypodium	1.0	0.0	0.20483241506249245	0.23881140827359948	baseline_plus_kmer	leave_species_out	0.9140594515152671	0.07122215628313534	0.13753990806377048	True
calib_anchor	insect_no_beetle_4096	brachypodium	0.4502561696769175	insect	plant	nan	nan	nan	insect_no_beetle_to_plant_fine	0.101164	0.1029	0.857087	5277523	43958318	0.45561279296875	1500.0	3.1760912590556813	0	271298618	11	75071545	59130575	3	0.0	0.454488	1000000	8.433447581463392	1.041392685158225	7.771812102204127	7.875475353898488	0.142514717076787	0.0564627585782296	insect	western_honey_bee	0.0047726701833710125	0.3104308986917095	0.004142481604480288	0.3206102870100822	baseline_plus_kmer	leave_species_out	0.6989741138718495	0.16301994628591193	0.24871794419493198	True
calib_anchor	TFREPAIR_invert_boost_animal_4096_seed42	brachypodium	0.4333898332380484	animal	plant	nan	nan	nan	animal_invert_boost_to_plant_fine	0.101164	0.1029	0.857087	5277523	43958318	0.45561279296875	1500.0	3.1760912590556813	0	271298618	11	75071545	59130575	3	0.0	0.454488	1000000	8.433447581463392	1.041392685158225	7.771812102204127	7.875475353898488	0.1040889363124293	0.0363524838017522	animal	zebrafish	0.005025125628140704	0.3070113457325394	0.0036412512484719248	0.4310054901356164	baseline_plus_kmer	leave_species_out	0.8796908649194718	0.09916834409674438	0.4463010316814234	True
supp_h0_transfer	ntv2_500m_H0_w4096	brachypodium	0.3212749242452583	human_h0_ntv2_500m	plant	nan	nan	nan	transfer_BC_w4096	0.101164	0.1029	0.857087	5277523	43958318	0.45561279296875	1500.0	3.1760912590556813	0	271298618	11	75071545	59130575	3	0.0	0.454488	1000000	8.433447581463392	1.041392685158225	7.771812102204127	7.875475353898488	0.2268185746895572	0.1337656475000112	human_h0_ntv2_500m	human	0.0035122930255895636	0.3307896753284549	0.0035122930255895636	0.3307896753284549	baseline_plus_kmer	leave_species_out	0.3590630224386551	0.197440968502611	0.037788098193396846	True
final_errorbar	ntv2_250m_w4096	brachypodium	0.2929663405760741	human_h0_ntv2_250m	plant	plant_fine	3.0	0.0156920332833043	nan	0.101164	0.1029	0.857087	5277523	43958318	0.45561279296875	1500.0	3.1760912590556813	0	271298618	11	75071545	59130575	3	0.0	0.454488	1000000	8.433447581463392	1.041392685158225	7.771812102204127	7.875475353898488	0.2268185746895572	0.1337656475000112	human_h0_ntv2_250m	human	0.0035122930255895636	0.3307896753284549	0.0035122930255895636	0.3307896753284549	baseline_plus_kmer	leave_species_out	0.3495367118628431	0.19972008611427444	0.05657037128676895	True
final_errorbar	ntv3_100m_pre_w2048	brachypodium	0.2073934705084866	human_h0_ntv3_100m	plant	plant_fine	3.0	0.0683970400854424	nan	0.101164	0.1029	0.857087	5277523	43958318	0.45561279296875	1500.0	3.1760912590556813	0	271298618	11	75071545	59130575	3	0.0	0.454488	1000000	8.433447581463392	1.041392685158225	7.771812102204127	7.875475353898488	0.2268185746895572	0.1337656475000112	human_h0_ntv3_100m	human	0.0035122930255895636	0.3307896753284549	0.0035122930255895636	0.3307896753284549	baseline_plus_kmer	leave_species_out	0.4088176564765894	0.18676726027889407	0.2014241859681028	True
anchor_anchor	TFREPAIR_invert_boost_animal_4096_seed42	c_elegans	0.9053972034713066	animal	other	nan	nan	nan	animal_invert_boost_to_insect_fine	0.833784	0.964483	0.860195	10289793	9177183	0.3579248046875	900.0	2.9542425094393248	0	100286401	7	20924180	17493829	3	0.0	0.371376	1000000	8.001242045970857	0.8450980400142568	7.242884877035624	7.320648447384384	0.1443799983785652	0.0775729844697248	animal	c_elegans	1.0	0.0	0.17218349693156687	0.35710228198302296	baseline_plus_kmer	leave_species_out	0.5948565825749331	0.25525897052878815	0.31054062089637346	True
anchor_anchor	cross_supervised_4096	c_elegans	0.8952111633807284	cross	other	nan	nan	nan	cross_supervised_to_insect_fine	0.833784	0.964483	0.860195	10289793	9177183	0.3579248046875	900.0	2.9542425094393248	0	100286401	7	20924180	17493829	3	0.0	0.371376	1000000	8.001242045970857	0.8450980400142568	7.242884877035624	7.320648447384384	0.1533616551705707	0.0962183394831955	cross	c_elegans	1.0	0.0	0.13035380887994355	0.34022856824211656	baseline_plus_kmer	leave_species_out	0.6831777850381159	0.2125605793130526	0.2120333783426125	True
anchor_anchor	insect_primary_4096	c_elegans	0.8945547202059512	insect	other	nan	nan	nan	insect_primary_to_insect_fine	0.833784	0.964483	0.860195	10289793	9177183	0.3579248046875	900.0	2.9542425094393248	0	100286401	7	20924180	17493829	3	0.0	0.371376	1000000	8.001242045970857	0.8450980400142568	7.242884877035624	7.320648447384384	0.1475085510847136	0.0895808950573151	insect	western_honey_bee	0.014970819588936818	0.2348910010424242	0.010503518446379877	0.26487378816101664	baseline_plus_kmer	leave_species_out	0.5490187596534902	0.23684471116765773	0.34553596055246094	True
anchor_anchor	insect_no_beetle_4096	c_elegans	0.5383685302773058	insect	other	nan	nan	nan	insect_no_beetle_to_insect_fine	0.833784	0.964483	0.860195	10289793	9177183	0.3579248046875	900.0	2.9542425094393248	0	100286401	7	20924180	17493829	3	0.0	0.371376	1000000	8.001242045970857	0.8450980400142568	7.242884877035624	7.320648447384384	0.1475085510847136	0.0895808950573151	insect	western_honey_bee	0.014970819588936818	0.2348910010424242	0.010503518446379877	0.26487378816101664	baseline_plus_kmer	leave_species_out	0.5490187596534902	0.23684471116765773	0.010650229376184428	True
supp_h0_transfer	ntv2_500m_H0_w4096	c_elegans	0.345012472034356	human_h0_ntv2_500m	other	nan	nan	nan	transfer_BC_w4096	0.833784	0.964483	0.860195	10289793	9177183	0.3579248046875	900.0	2.9542425094393248	0	100286401	7	20924180	17493829	3	0.0	0.371376	1000000	8.001242045970857	0.8450980400142568	7.242884877035624	7.320648447384384	0.3448736563265228	0.3498680780416765	human_h0_ntv2_500m	human	0.0047726701833710125	0.3104308986917095	0.0047726701833710125	0.3104308986917095	baseline_plus_kmer	leave_species_out	0.3007462608143656	0.2545922584175751	0.04426621121999036	True
final_errorbar	ntv3_100m_pre_w2048	c_elegans	0.2604444021620859	human_h0_ntv3_100m	other	animal_fine	3.0	0.0215523139867919	nan	0.833784	0.964483	0.860195	10289793	9177183	0.3579248046875	900.0	2.9542425094393248	0	100286401	7	20924180	17493829	3	0.0	0.371376	1000000	8.001242045970857	0.8450980400142568	7.242884877035624	7.320648447384384	0.3448736563265228	0.3498680780416765	human_h0_ntv3_100m	human	0.0047726701833710125	0.3104308986917095	0.0047726701833710125	0.3104308986917095	baseline_plus_kmer	leave_species_out	0.3247814520576161	0.2571678851794741	0.06433704989553019	True
final_errorbar	ntv2_250m_w4096	c_elegans	0.1426005332526109	human_h0_ntv2_250m	other	animal_fine	3.0	0.0303152737505588	nan	0.833784	0.964483	0.860195	10289793	9177183	0.3579248046875	900.0	2.9542425094393248	0	100286401	7	20924180	17493829	3	0.0	0.371376	1000000	8.001242045970857	0.8450980400142568	7.242884877035624	7.320648447384384	0.3448736563265228	0.3498680780416765	human_h0_ntv2_250m	human	0.0047726701833710125	0.3104308986917095	0.0047726701833710125	0.3104308986917095	baseline_plus_kmer	leave_species_out	0.29896696724062805	0.25054033607035453	0.15636643398801714	True
calib_anchor	TFREPAIR_invert_boost_animal_4096_seed42	cattle	0.9216935615407684	animal	vertebrate	nan	nan	nan	animal_invert_boost_to_cross_eval	0.48001	0.488924	0.963405	641516843	1264081324	nan	96.0	1.9822712330395684	1	2715853792	2211	158534110	103308737	12	0.0	0.438283	1000000	9.43390638599257	3.344588742578714	8.014137052114325	8.200122718862955	0.1961603645512639	0.1045802654699864	animal	zebrafish	0.007556675062972292	0.2799803385253285	0.004779504320268857	0.41803209946722686	baseline_plus_kmer	leave_species_out	0.6784837181713974	0.24076081600542035	0.24320984336937101	True
calib_anchor	cross_supervised_4096	cattle	0.9213113792693672	cross	vertebrate	nan	nan	nan	cross_supervised_to_cross_eval	0.48001	0.488924	0.963405	641516843	1264081324	nan	96.0	1.9822712330395684	0	2715853792	2211	158534110	103308737	12	0.0	0.438283	1000000	9.43390638599257	3.344588742578714	8.014137052114325	8.200122718862955	0.1898193400311859	0.0914288745666459	cross	zebrafish	0.007556675062972292	0.2799803385253285	0.004147083900805754	0.40059555601938857	baseline_plus_kmer	leave_species_out	0.6473530860445982	0.25066806375944717	0.27395829322476906	True
calib_anchor	insect_no_beetle_4096	cattle	0.2681289424464008	insect	vertebrate	nan	nan	nan	insect_no_beetle_to_cross_eval	0.48001	0.488924	0.963405	641516843	1264081324	nan	96.0	1.9822712330395684	0	2715853792	2211	158534110	103308737	12	0.0	0.438283	1000000	9.43390638599257	3.344588742578714	8.014137052114325	8.200122718862955	0.2674695235796735	0.15873003482616	insect	western_honey_bee	0.006289308176100629	0.29213510897825873	0.00464916762867218	0.31660074814759875	baseline_plus_kmer	leave_species_out	0.36640423743877526	0.2453816221633035	0.09827529499237447	True
calib_anchor	plant_supervised_4096	cattle	0.0858809770068545	plant	vertebrate	nan	nan	nan	plant_supervised_to_cross_eval	0.48001	0.488924	0.963405	641516843	1264081324	nan	96.0	1.9822712330395684	0	2715853792	2211	158534110	103308737	12	0.0	0.438283	1000000	9.43390638599257	3.344588742578714	8.014137052114325	8.200122718862955	0.1939129743058688	0.0844629259880961	plant	thale_cress	0.0057832537088257484	0.29769388290752885	0.004268975470626056	0.319366348385849	baseline_plus_kmer	leave_species_out	0.3792130461486703	0.24570705730564946	0.2933320691418158	True
supp_h0_transfer	ntv2_500m_H0_w4096	chicken	0.8516226680157541	human_h0_ntv2_500m	vertebrate	nan	nan	nan	transfer_BC_w4096	0.391291	0.394479	0.979765	40667484	101005421	0.4113284493284493	310.0	2.4913616938342726	0	1065365425	464	197608386	91315245	4	0.0017070808916752	0.549823	1000000	9.027498598235026	2.6665179805548807	7.96054328866985	8.29580537100184	0.1448915707647146	0.0601428909585745	human_h0_ntv2_500m	human	0.0057832537088257484	0.29769388290752885	0.0057832537088257484	0.29769388290752885	baseline_plus_kmer	leave_species_out	0.5271605632718803	0.2645781075632283	0.3244621047438738	True
final_errorbar	ntv2_250m_w4096	chicken	0.843436719033926	human_h0_ntv2_250m	vertebrate	animal_fine	3.0	0.0193628216675568	nan	0.391291	0.394479	0.979765	40667484	101005421	0.4113284493284493	310.0	2.4913616938342726	0	1065365425	464	197608386	91315245	4	0.0017070808916752	0.549823	1000000	9.027498598235026	2.6665179805548807	7.96054328866985	8.29580537100184	0.1448915707647146	0.0601428909585745	human_h0_ntv2_250m	human	0.0057832537088257484	0.29769388290752885	0.0057832537088257484	0.29769388290752885	baseline_plus_kmer	leave_species_out	0.5200565228866483	0.2646399802010138	0.32338019614727775	True
final_errorbar	ntv3_100m_pre_w2048	chicken	0.6195493201860316	human_h0_ntv3_100m	vertebrate	animal_fine	3.0	0.0701786703401454	nan	0.391291	0.394479	0.979765	40667484	101005421	0.4113284493284493	310.0	2.4913616938342726	0	1065365425	464	197608386	91315245	4	0.0017070808916752	0.549823	1000000	9.027498598235026	2.6665179805548807	7.96054328866985	8.29580537100184	0.1448915707647146	0.0601428909585745	human_h0_ntv3_100m	human	0.0057832537088257484	0.29769388290752885	0.0057832537088257484	0.29769388290752885	baseline_plus_kmer	leave_species_out	0.5217499600964927	0.25968526205685094	0.09779936008953893	True
anchor_anchor	insect_no_beetle_4096	fruit_fly	0.944818571090276	insect	insect	nan	nan	nan	insect_no_beetle_to_insect_fine	0.888725	0.993839	0.893648	26497161	23825911	0.494656395206652	780.0	2.8920946026904804	1	143726002	1870	32079331	25286936	3	0.0	0.441621	1000000	8.157535345055386	3.271841606536499	7.402896209379677	7.506225302690743	0.1001622488462802	0.0254297426578645	insect	fruit_fly	1.0	0.0	0.5045408678102926	0.13391278403619908	baseline_plus_kmer	leave_species_out	0.6535233364815197	0.23497064949131374	0.2912952346087563	True
anchor_anchor	TFREPAIR_invert_boost_animal_4096_seed42	fruit_fly	0.9437257723304636	animal	insect	nan	nan	nan	animal_invert_boost_to_insect_fine	0.888725	0.993839	0.893648	26497161	23825911	0.494656395206652	780.0	2.8920946026904804	1	143726002	1870	32079331	25286936	3	0.0	0.441621	1000000	8.157535345055386	3.271841606536499	7.402896209379677	7.506225302690743	0.0783631596802407	0.0157474491106001	animal	fruit_fly	1.0	0.0	0.17107312390337562	0.361475438739999	baseline_plus_kmer	leave_species_out	0.5957828217019833	0.32969616276007496	0.34794295062848035	True
anchor_anchor	cross_supervised_4096	fruit_fly	0.942393180917196	cross	insect	nan	nan	nan	cross_supervised_to_insect_fine	0.888725	0.993839	0.893648	26497161	23825911	0.494656395206652	780.0	2.8920946026904804	0	143726002	1870	32079331	25286936	3	0.0	0.441621	1000000	8.157535345055386	3.271841606536499	7.402896209379677	7.506225302690743	0.0698216548368194	0.0106775865530966	cross	fruit_fly	1.0	0.0	0.12870734925659089	0.35822788434252495	baseline_plus_kmer	leave_species_out	0.601013673905445	0.33794276502819565	0.341379507011751	True
anchor_anchor	insect_primary_4096	fruit_fly	0.9413841255319276	insect	insect	nan	nan	nan	insect_primary_to_insect_fine	0.888725	0.993839	0.893648	26497161	23825911	0.494656395206652	780.0	2.8920946026904804	1	143726002	1870	32079331	25286936	3	0.0	0.441621	1000000	8.157535345055386	3.271841606536499	7.402896209379677	7.506225302690743	0.1001622488462802	0.0254297426578645	insect	fruit_fly	1.0	0.0	0.5045408678102926	0.13391278403619908	baseline_plus_kmer	leave_species_out	0.6535233364815197	0.23497064949131374	0.2878607890504079	True
supp_h0_transfer	ntv2_500m_H0_w4096	fruit_fly	0.6577990369528225	human_h0_ntv2_500m	insect	nan	nan	nan	transfer_BC_w4096	0.888725	0.993839	0.893648	26497161	23825911	0.494656395206652	780.0	2.8920946026904804	0	143726002	1870	32079331	25286936	3	0.0	0.441621	1000000	8.157535345055386	3.271841606536499	7.402896209379677	7.506225302690743	0.2474985795480165	0.15855331987712	human_h0_ntv2_500m	human	0.003009027081243731	0.34106638731693883	0.003009027081243731	0.34106638731693883	baseline_plus_kmer	leave_species_out	0.007387121560839272	0.06772137742062537	0.6504119153919832	True
final_errorbar	ntv2_250m_w4096	fruit_fly	0.5533233517822065	human_h0_ntv2_250m	insect	animal_fine	3.0	0.0128215769678409	nan	0.888725	0.993839	0.893648	26497161	23825911	0.494656395206652	780.0	2.8920946026904804	0	143726002	1870	32079331	25286936	3	0.0	0.441621	1000000	8.157535345055386	3.271841606536499	7.402896209379677	7.506225302690743	0.2474985795480165	0.15855331987712	human_h0_ntv2_250m	human	0.003009027081243731	0.34106638731693883	0.003009027081243731	0.34106638731693883	baseline_plus_kmer	leave_species_out	0.006942972033993248	0.06563649631235972	0.5463803797482132	True
final_errorbar	ntv3_100m_pre_w2048	fruit_fly	0.4822229619104726	human_h0_ntv3_100m	insect	animal_fine	3.0	0.1825771233602698	nan	0.888725	0.993839	0.893648	26497161	23825911	0.494656395206652	780.0	2.8920946026904804	0	143726002	1870	32079331	25286936	3	0.0	0.441621	1000000	8.157535345055386	3.271841606536499	7.402896209379677	7.506225302690743	0.2474985795480165	0.15855331987712	human_h0_ntv3_100m	human	0.003009027081243731	0.34106638731693883	0.003009027081243731	0.34106638731693883	baseline_plus_kmer	leave_species_out	0.006903225583556421	0.062039340545041545	0.47531973632691615	True
calib_anchor	cross_supervised_4096	horse	0.8925601404845789	cross	vertebrate	nan	nan	nan	cross_supervised_to_cross_eval	0.791397	0.812579	0.968112	892563554	1063406667	nan	96.0	1.9822712330395684	0	188260577	1	188260577	188260577	1	0.0010189606601266	0.517305	1000000	8.27475938542357	0.0	8.27475938542357	8.27475938542357	0.2072733615749962	0.1175416603257882	cross	zebrafish	0.008572869389813415	0.2716361289950614	0.00408447992382229	0.4019382172622498	baseline_plus_kmer	leave_species_out	0.763611739568452	0.2279642755486205	0.12894840091612692	True
calib_anchor	TFREPAIR_invert_boost_animal_4096_seed42	horse	0.8913728851560259	animal	vertebrate	nan	nan	nan	animal_invert_boost_to_cross_eval	0.791397	0.812579	0.968112	892563554	1063406667	nan	96.0	1.9822712330395684	1	188260577	1	188260577	188260577	1	0.0010189606601266	0.517305	1000000	8.27475938542357	0.0	8.27475938542357	8.27475938542357	0.2056004978397222	0.1203089942757705	animal	zebrafish	0.008572869389813415	0.2716361289950614	0.004653618742653688	0.4197215175742321	baseline_plus_kmer	leave_species_out	0.7294952749738179	0.2391290613272434	0.16187761018220792	True
calib_anchor	insect_no_beetle_4096	horse	0.1869044858967403	insect	vertebrate	nan	nan	nan	insect_no_beetle_to_cross_eval	0.791397	0.812579	0.968112	892563554	1063406667	nan	96.0	1.9822712330395684	0	188260577	1	188260577	188260577	1	0.0010189606601266	0.517305	1000000	8.27475938542357	0.0	8.27475938542357	8.27475938542357	0.2746396996501602	0.1850487156640525	insect	fruit_fly	0.0037641154328732747	0.32619015056265815	0.0036382042292314194	0.3284899129455565	baseline_plus_kmer	leave_species_out	0.38578683871290936	0.23843019833643195	0.19888235281616906	True
calib_anchor	plant_supervised_4096	horse	0.1025602154105038	plant	vertebrate	nan	nan	nan	plant_supervised_to_cross_eval	0.791397	0.812579	0.968112	892563554	1063406667	nan	96.0	1.9822712330395684	0	188260577	1	188260577	188260577	1	0.0010189606601266	0.517305	1000000	8.27475938542357	0.0	8.27475938542357	8.27475938542357	0.2026925587860898	0.1042618889160033	plant	sorghum	0.0045203415369161224	0.31403538010972787	0.0035126468408247743	0.33171061801320795	baseline_plus_kmer	leave_species_out	0.4420159835793542	0.31007719413979523	0.33945576816885037	True
supp_h0_transfer	ntv2_500m_H0_w4096	human	0.961411324419745	human_h0_ntv2_500m	vertebrate	nan	nan	nan	transfer_BC_w4096	0.948128	0.966802	0.980034	1410192187	1429492481	nan	6.0	0.7781512503836436	0	248387328	1	248387328	248387328	1	0.0	0.550911	1000000	8.395129435626702	0.0	8.395129435626702	8.395129435626702	0.0	-2.220446049250313e-16	human_h0_ntv2_500m	human	1.0	0.0	1.0	0.0	baseline_plus_kmer	leave_species_out	0.7296249898095004	0.23205169943141696	0.23178633461024456	True
calib_anchor	TFREPAIR_invert_boost_animal_4096_seed42	human	0.904946115719272	animal	vertebrate	nan	nan	nan	animal_invert_boost_to_cross_eval	0.948128	0.966802	0.980034	1410192187	1429492481	nan	6.0	0.7781512503836436	1	248387328	1	248387328	248387328	1	0.0	0.550911	1000000	8.395129435626702	0.0	8.395129435626702	8.395129435626702	0.2473971321688795	0.1687976905989935	animal	chicken	0.0057832537088257484	0.29769388290752885	0.003767943549025539	0.4301063629983694	baseline_plus_kmer	leave_species_out	0.6302840490931908	0.2803554911019241	0.27466206662608117	True
calib_anchor	cross_supervised_4096	human	0.9023446184329426	cross	vertebrate	nan	nan	nan	cross_supervised_to_cross_eval	0.948128	0.966802	0.980034	1410192187	1429492481	nan	6.0	0.7781512503836436	0	248387328	1	248387328	248387328	1	0.0	0.550911	1000000	8.395129435626702	0.0	8.395129435626702	8.395129435626702	0.249220227348776	0.1685880996034323	cross	sorghum	0.005025125628140704	0.3070113457325394	0.00348294218224885	0.4079828934214672	baseline_plus_kmer	leave_species_out	0.6021570618043525	0.2789837827138016	0.3001875566285901	True
calib_anchor	insect_no_beetle_4096	human	0.1477908337777611	insect	vertebrate	nan	nan	nan	insect_no_beetle_to_cross_eval	0.948128	0.966802	0.980034	1410192187	1429492481	nan	6.0	0.7781512503836436	0	248387328	1	248387328	248387328	1	0.0	0.550911	1000000	8.395129435626702	0.0	8.395129435626702	8.395129435626702	0.3042605063379114	0.2325830037417954	insect	western_honey_bee	0.005530417295123178	0.3006573337455844	0.004269722188183454	0.32086186053126164	baseline_plus_kmer	leave_species_out	0.48010401434710537	0.2700898767996533	0.3323131805693443	True
calib_anchor	plant_supervised_4096	human	0.1214275571269181	plant	vertebrate	nan	nan	nan	plant_supervised_to_cross_eval	0.948128	0.966802	0.980034	1410192187	1429492481	nan	6.0	0.7781512503836436	0	248387328	1	248387328	248387328	1	0.0	0.550911	1000000	8.395129435626702	0.0	8.395129435626702	8.395129435626702	0.242491599474234	0.153922806418943	plant	sorghum	0.005025125628140704	0.3070113457325394	0.00411712228496292	0.3206927537042909	baseline_plus_kmer	leave_species_out	0.41096145795043293	0.28692370531269495	0.2895339008235148	True
calib_anchor	TFREPAIR_invert_boost_animal_4096_seed42	lizard	0.2416400416987031	animal	vertebrate	nan	nan	nan	animal_invert_boost_to_cross_eval	0.038956	0.053715	0.12417	41691771	96375917	nan	320.0	2.505149978319906	1	1799143587	6457	263920458	150641573	5	0.1263239468490436	0.405226	1000000	9.25506582513172	3.81003078640584	8.177944841937268	8.42147305620014	0.1334641792289605	0.0269436863730062	animal	c_elegans	0.008318628686664987	0.2736263265383735	0.004694911189318436	0.41814562651379633	baseline_plus_kmer	leave_species_out	0.4797885383750024	0.17242034573188375	0.2381484966762993	True
calib_anchor	TFREPAIR_invert_boost_animal_4096_seed42	lizard	0.2416400416987031	animal	vertebrate	nan	nan	nan	animal_invert_boost_to_stress_eval	0.038956	0.053715	0.12417	41691771	96375917	nan	320.0	2.505149978319906	1	1799143587	6457	263920458	150641573	5	0.1263239468490436	0.405226	1000000	9.25506582513172	3.81003078640584	8.177944841937268	8.42147305620014	0.1334641792289605	0.0269436863730062	animal	c_elegans	0.008318628686664987	0.2736263265383735	0.004694911189318436	0.41814562651379633	baseline_plus_kmer	leave_species_out	0.4797885383750024	0.17242034573188375	0.2381484966762993	True
anchor_anchor	TFREPAIR_invert_boost_animal_4096_seed42	lizard	0.2416400416987031	animal	vertebrate	nan	nan	nan	animal_invert_boost_to_insect_stress	0.038956	0.053715	0.12417	41691771	96375917	nan	320.0	2.505149978319906	1	1799143587	6457	263920458	150641573	5	0.1263239468490436	0.405226	1000000	9.25506582513172	3.81003078640584	8.177944841937268	8.42147305620014	0.1334641792289605	0.0269436863730062	animal	c_elegans	0.008318628686664987	0.2736263265383735	0.004694911189318436	0.41814562651379633	baseline_plus_kmer	leave_species_out	0.4797885383750024	0.17242034573188375	0.2381484966762993	True
calib_anchor	cross_supervised_4096	lizard	0.2400380045378313	cross	vertebrate	nan	nan	nan	cross_supervised_to_cross_eval	0.038956	0.053715	0.12417	41691771	96375917	nan	320.0	2.505149978319906	0	1799143587	6457	263920458	150641573	5	0.1263239468490436	0.405226	1000000	9.25506582513172	3.81003078640584	8.177944841937268	8.42147305620014	0.1250077775938211	0.0186955209400064	cross	c_elegans	0.008318628686664987	0.2736263265383735	0.004273013040277895	0.39799641993128543	baseline_plus_kmer	leave_species_out	0.4664966837640595	0.16248639315712635	0.2264586792262282	True
anchor_anchor	cross_supervised_4096	lizard	0.2400380045378313	cross	vertebrate	nan	nan	nan	cross_supervised_to_insect_stress	0.038956	0.053715	0.12417	41691771	96375917	nan	320.0	2.505149978319906	0	1799143587	6457	263920458	150641573	5	0.1263239468490436	0.405226	1000000	9.25506582513172	3.81003078640584	8.177944841937268	8.42147305620014	0.1250077775938211	0.0186955209400064	cross	c_elegans	0.008318628686664987	0.2736263265383735	0.004273013040277895	0.39799641993128543	baseline_plus_kmer	leave_species_out	0.4664966837640595	0.16248639315712635	0.2264586792262282	True
calib_anchor	cross_supervised_4096	lizard	0.2400378125654802	cross	vertebrate	nan	nan	nan	cross_supervised_to_stress_eval	0.038956	0.053715	0.12417	41691771	96375917	nan	320.0	2.505149978319906	0	1799143587	6457	263920458	150641573	5	0.1263239468490436	0.405226	1000000	9.25506582513172	3.81003078640584	8.177944841937268	8.42147305620014	0.1250077775938211	0.0186955209400064	cross	c_elegans	0.008318628686664987	0.2736263265383735	0.004273013040277895	0.39799641993128543	baseline_plus_kmer	leave_species_out	0.4664966837640595	0.16248639315712635	0.2264588711985793	True
calib_anchor	plant_supervised_4096	lizard	0.1506094759615682	plant	vertebrate	nan	nan	nan	plant_supervised_to_cross_eval	0.038956	0.053715	0.12417	41691771	96375917	nan	320.0	2.505149978319906	0	1799143587	6457	263920458	150641573	5	0.1263239468490436	0.405226	1000000	9.25506582513172	3.81003078640584	8.177944841937268	8.42147305620014	0.1437007905780181	0.0244025014930751	plant	rice	0.0047726701833710125	0.3104308986917095	0.003814758202952461	0.3258662163901701	baseline_plus_kmer	leave_species_out	0.38192984740326796	0.17135691535975667	0.23132037144169976	True
calib_anchor	plant_supervised_4096	lizard	0.1506082021187199	plant	vertebrate	nan	nan	nan	plant_supervised_to_stress_eval	0.038956	0.053715	0.12417	41691771	96375917	nan	320.0	2.505149978319906	0	1799143587	6457	263920458	150641573	5	0.1263239468490436	0.405226	1000000	9.25506582513172	3.81003078640584	8.177944841937268	8.42147305620014	0.1437007905780181	0.0244025014930751	plant	rice	0.0047726701833710125	0.3104308986917095	0.003814758202952461	0.3258662163901701	baseline_plus_kmer	leave_species_out	0.38192984740326796	0.17135691535975667	0.23132164528454807	True
anchor_anchor	insect_no_beetle_4096	lizard	0.1418302477559669	insect	vertebrate	nan	nan	nan	insect_no_beetle_to_insect_stress	0.038956	0.053715	0.12417	41691771	96375917	nan	320.0	2.505149978319906	0	1799143587	6457	263920458	150641573	5	0.1263239468490436	0.405226	1000000	9.25506582513172	3.81003078640584	8.177944841937268	8.42147305620014	0.2227930854265778	0.0763356261809606	insect	western_honey_bee	0.005530417295123178	0.3006573337455844	0.0047732407760756445	0.31127245811620224	baseline_plus_kmer	leave_species_out	0.42412678292165024	0.1811946789778596	0.2822965351656833	True
calib_anchor	insect_no_beetle_4096	lizard	0.1418301390195415	insect	vertebrate	nan	nan	nan	insect_no_beetle_to_cross_eval	0.038956	0.053715	0.12417	41691771	96375917	nan	320.0	2.505149978319906	0	1799143587	6457	263920458	150641573	5	0.1263239468490436	0.405226	1000000	9.25506582513172	3.81003078640584	8.177944841937268	8.42147305620014	0.2227930854265778	0.0763356261809606	insect	western_honey_bee	0.005530417295123178	0.3006573337455844	0.0047732407760756445	0.31127245811620224	baseline_plus_kmer	leave_species_out	0.42412678292165024	0.1811946789778596	0.28229664390210873	True
calib_anchor	insect_no_beetle_4096	lizard	0.1418301390195415	insect	vertebrate	nan	nan	nan	insect_no_beetle_to_stress_eval	0.038956	0.053715	0.12417	41691771	96375917	nan	320.0	2.505149978319906	0	1799143587	6457	263920458	150641573	5	0.1263239468490436	0.405226	1000000	9.25506582513172	3.81003078640584	8.177944841937268	8.42147305620014	0.2227930854265778	0.0763356261809606	insect	western_honey_bee	0.005530417295123178	0.3006573337455844	0.0047732407760756445	0.31127245811620224	baseline_plus_kmer	leave_species_out	0.42412678292165024	0.1811946789778596	0.28229664390210873	True
anchor_anchor	insect_primary_4096	lizard	0.1034366102674265	insect	vertebrate	nan	nan	nan	insect_primary_to_insect_stress	0.038956	0.053715	0.12417	41691771	96375917	nan	320.0	2.505149978319906	0	1799143587	6457	263920458	150641573	5	0.1263239468490436	0.405226	1000000	9.25506582513172	3.81003078640584	8.177944841937268	8.42147305620014	0.2227930854265778	0.0763356261809606	insect	western_honey_bee	0.005530417295123178	0.3006573337455844	0.0047732407760756445	0.31127245811620224	baseline_plus_kmer	leave_species_out	0.42412678292165024	0.1811946789778596	0.3206901726542237	True
calib_anchor	cross_supervised_4096	maize	0.9629892479990332	cross	plant	nan	nan	nan	cross_supervised_to_plant_fine	0.095466	0.095627	0.982637	173317530	1780954681	0.46090576171875	1500.0	3.1760912590556813	0	2182075994	685	308452471	226353449	5	0.0	0.477492	1000000	9.338869871458623	2.835690571492425	8.354787116327433	8.489188253709083	0.1047342415691722	0.0352286667600957	cross	maize	1.0	0.0	0.12794917164912717	0.3677349264449531	baseline_plus_kmer	leave_species_out	0.6542611274442819	0.14863031218999698	0.3087281205547513	True
calib_anchor	plant_supervised_4096	maize	0.9619894139220538	plant	plant	nan	nan	nan	plant_supervised_to_plant_fine	0.095466	0.095627	0.982637	173317530	1780954681	0.46090576171875	1500.0	3.1760912590556813	1	2182075994	685	308452471	226353449	5	0.0	0.477492	1000000	9.338869871458623	2.835690571492425	8.354787116327433	8.489188253709083	0.0750299551353519	0.0155648060873412	plant	maize	1.0	0.0	0.2033138841501831	0.25625584586893513	baseline_plus_kmer	leave_species_out	0.8119810843614194	0.07907587683267595	0.15000832956063448	True
calib_anchor	TFREPAIR_invert_boost_animal_4096_seed42	maize	0.9051649037911726	animal	plant	nan	nan	nan	animal_invert_boost_to_plant_fine	0.095466	0.095627	0.982637	173317530	1780954681	0.46090576171875	1500.0	3.1760912590556813	0	2182075994	685	308452471	226353449	5	0.0	0.477492	1000000	9.338869871458623	2.835690571492425	8.354787116327433	8.489188253709083	0.1273374287069573	0.0533723910378969	animal	western_honey_bee	0.005025125628140704	0.3070113457325394	0.0032634115604239684	0.4379740052416496	baseline_plus_kmer	leave_species_out	0.5908757036875747	0.16206709584325324	0.31428920010359795	True
calib_anchor	insect_no_beetle_4096	maize	0.8258861241547802	insect	plant	nan	nan	nan	insect_no_beetle_to_plant_fine	0.095466	0.095627	0.982637	173317530	1780954681	0.46090576171875	1500.0	3.1760912590556813	0	2182075994	685	308452471	226353449	5	0.0	0.477492	1000000	9.338869871458623	2.835690571492425	8.354787116327433	8.489188253709083	0.1559084305251094	0.0702371900678909	insect	western_honey_bee	0.005025125628140704	0.3070113457325394	0.004142861284097942	0.3213707762689546	baseline_plus_kmer	leave_species_out	0.5504508313693408	0.16793271631847742	0.27543529278543943	True
final_errorbar	ntv3_100m_pre_w2048	maize	0.6762307311381123	human_h0_ntv3_100m	plant	plant_fine	3.0	0.0224912037604054	nan	0.095466	0.095627	0.982637	173317530	1780954681	0.46090576171875	1500.0	3.1760912590556813	0	2182075994	685	308452471	226353449	5	0.0	0.477492	1000000	9.338869871458623	2.835690571492425	8.354787116327433	8.489188253709083	0.2040939811147172	0.106620240001949	human_h0_ntv3_100m	human	0.004016064257028112	0.3218875824868201	0.004016064257028112	0.3218875824868201	baseline_plus_kmer	leave_species_out	0.5575666537740245	0.2399648363396543	0.1186640773640878	True
final_errorbar	ntv2_250m_w4096	maize	0.2409539973278451	human_h0_ntv2_250m	plant	plant_fine	3.0	0.0067936566735462	nan	0.095466	0.095627	0.982637	173317530	1780954681	0.46090576171875	1500.0	3.1760912590556813	0	2182075994	685	308452471	226353449	5	0.0	0.477492	1000000	9.338869871458623	2.835690571492425	8.354787116327433	8.489188253709083	0.2040939811147172	0.106620240001949	human_h0_ntv2_250m	human	0.004016064257028112	0.3218875824868201	0.004016064257028112	0.3218875824868201	baseline_plus_kmer	leave_species_out	0.5337252163653585	0.2629593601955888	0.29277121903751346	True
supp_h0_transfer	ntv2_500m_H0_w4096	maize	0.2346799513542635	human_h0_ntv2_500m	plant	nan	nan	nan	transfer_BC_w4096	0.095466	0.095627	0.982637	173317530	1780954681	0.46090576171875	1500.0	3.1760912590556813	0	2182075994	685	308452471	226353449	5	0.0	0.477492	1000000	9.338869871458623	2.835690571492425	8.354787116327433	8.489188253709083	0.2040939811147172	0.106620240001949	human_h0_ntv2_500m	human	0.004016064257028112	0.3218875824868201	0.004016064257028112	0.3218875824868201	baseline_plus_kmer	leave_species_out	0.5412037711549035	0.257704526541769	0.30652381980064	True
supp_h0_transfer	ntv2_500m_H0_w4096	mouse	0.937559801228433	human_h0_ntv2_500m	vertebrate	nan	nan	nan	transfer_BC_w4096	0.892472	0.903571	0.986424	1012599366	1105449631	0.4245689865689865	90.0	1.9542425094393248	0	2728222451	61	195154279	130530862	9	0.7530864197530864	0.386286	1000000	9.435879778485567	1.7853298350107671	8.115713206016725	8.290378078167688	0.3013870747975756	0.1905529139271684	human_h0_ntv2_500m	human	0.0	1.0	0.0	1.0	baseline_plus_kmer	leave_species_out	0.4128744265386125	0.23646432001594456	0.5246853746898205	True
final_errorbar	ntv2_250m_w4096	mouse	0.9180812946491188	human_h0_ntv2_250m	vertebrate	animal_fine	3.0	0.0328346949301695	nan	0.892472	0.903571	0.986424	1012599366	1105449631	0.4245689865689865	90.0	1.9542425094393248	0	2728222451	61	195154279	130530862	9	0.7530864197530864	0.386286	1000000	9.435879778485567	1.7853298350107671	8.115713206016725	8.290378078167688	0.3013870747975756	0.1905529139271684	human_h0_ntv2_250m	human	0.0	1.0	0.0	1.0	baseline_plus_kmer	leave_species_out	0.4064483114547387	0.23764075542056806	0.5116329831943801	True
final_errorbar	ntv3_100m_pre_w2048	mouse	0.7771925460040144	human_h0_ntv3_100m	vertebrate	animal_fine	3.0	0.0909697815563608	nan	0.892472	0.903571	0.986424	1012599366	1105449631	0.4245689865689865	90.0	1.9542425094393248	0	2728222451	61	195154279	130530862	9	0.7530864197530864	0.386286	1000000	9.435879778485567	1.7853298350107671	8.115713206016725	8.290378078167688	0.3013870747975756	0.1905529139271684	human_h0_ntv3_100m	human	0.0	1.0	0.0	1.0	baseline_plus_kmer	leave_species_out	0.4149347967806087	0.22892038923234254	0.36225774922340576	True
calib_anchor	TFREPAIR_invert_boost_animal_4096_seed42	opossum	0.8811419601553324	animal	vertebrate	nan	nan	nan	animal_invert_boost_to_cross_eval	0.387702	0.396173	0.947731	784870682	1877580601	nan	160.0	2.204119982655925	1	3605631728	11	748055161	527952102	3	0.0177926855021289	0.435701	1000000	9.556981366683372	1.041392685158225	8.72259452332798	8.873933623579223	0.1607102295887423	0.0512806903667795	animal	zebrafish	0.01035615054306643	0.25915535952251834	0.005919173183644179	0.4048484687282123	baseline_plus_kmer	leave_species_out	0.4740351156262024	0.2941334813556698	0.40710684452913004	True
calib_anchor	cross_supervised_4096	opossum	0.8799647530707007	cross	vertebrate	nan	nan	nan	cross_supervised_to_cross_eval	0.387702	0.396173	0.947731	784870682	1877580601	nan	160.0	2.204119982655925	0	3605631728	11	748055161	527952102	3	0.0177926855021289	0.435701	1000000	9.556981366683372	1.041392685158225	8.72259452332798	8.873933623579223	0.1586751820351534	0.0461873669021071	cross	zebrafish	0.01035615054306643	0.25915535952251834	0.005758870302232056	0.3796592720350531	baseline_plus_kmer	leave_species_out	0.43128008313726185	0.27568435322765916	0.4486846699334388	True
calib_anchor	insect_no_beetle_4096	opossum	0.3505344111723824	insect	vertebrate	nan	nan	nan	insect_no_beetle_to_cross_eval	0.387702	0.396173	0.947731	784870682	1877580601	nan	160.0	2.204119982655925	0	3605631728	11	748055161	527952102	3	0.0177926855021289	0.435701	1000000	9.556981366683372	1.041392685158225	8.72259452332798	8.873933623579223	0.2442594329957188	0.1031924297457334	insect	western_honey_bee	0.006795872136924239	0.28700437290251685	0.006289562922874994	0.2923491279050229	baseline_plus_kmer	leave_species_out	0.3851471423412924	0.2997929065257775	0.034612731168910005	True
calib_anchor	plant_supervised_4096	opossum	0.3131202191971405	plant	vertebrate	nan	nan	nan	plant_supervised_to_cross_eval	0.387702	0.396173	0.947731	784870682	1877580601	nan	160.0	2.204119982655925	0	3605631728	11	748055161	527952102	3	0.0177926855021289	0.435701	1000000	9.556981366683372	1.041392685158225	8.72259452332798	8.873933623579223	0.1664911752100362	0.0432563267938208	plant	rice	0.006542526421741319	0.28952039476804003	0.005733093291372909	0.2987077906933562	baseline_plus_kmer	leave_species_out	0.23987642987454674	0.18068460065478611	0.07324378932259376	True
calib_anchor	TFREPAIR_invert_boost_animal_4096_seed42	pig	0.8761131743803473	animal	vertebrate	nan	nan	nan	animal_invert_boost_to_cross_eval	0.582164	0.594998	0.964273	664295117	1076577590	nan	96.0	1.9822712330395684	1	274330532	1	274330532	274330532	1	0.0	0.530948	1000000	8.438274145705899	0.0	8.438274145705899	8.438274145705899	0.2077955972696367	0.1201355226055826	animal	chicken	0.006036217303822937	0.2948565752796091	0.004062053480986848	0.42517651498805437	baseline_plus_kmer	leave_species_out	0.8237743895942031	0.16762875872616198	0.05233878478614418	True
calib_anchor	cross_supervised_4096	pig	0.8761042913185231	cross	vertebrate	nan	nan	nan	cross_supervised_to_cross_eval	0.582164	0.594998	0.964273	664295117	1076577590	nan	96.0	1.9822712330395684	0	274330532	1	274330532	274330532	1	0.0	0.530948	1000000	8.438274145705899	0.0	8.438274145705899	8.438274145705899	0.2098828548461344	0.1185655744818539	cross	zebrafish	0.0057832537088257484	0.29769388290752885	0.003452096599401688	0.41023971230813205	baseline_plus_kmer	leave_species_out	0.8139585734322256	0.18158699988961935	0.062145717886297525	True
calib_anchor	insect_no_beetle_4096	pig	0.1493562637371058	insect	vertebrate	nan	nan	nan	insect_no_beetle_to_cross_eval	0.582164	0.594998	0.964273	664295117	1076577590	nan	96.0	1.9822712330395684	0	274330532	1	274330532	274330532	1	0.0	0.530948	1000000	8.438274145705899	0.0	8.438274145705899	8.438274145705899	0.2607430443062736	0.1731967686892715	insect	fruit_fly	0.004016064257028112	0.3218875824868201	0.0038900898449506934	0.3240388665247391	baseline_plus_kmer	leave_species_out	0.4223050776836785	0.23983912160684176	0.27294881394657267	True
calib_anchor	plant_supervised_4096	pig	0.0856805344147079	plant	vertebrate	nan	nan	nan	plant_supervised_to_cross_eval	0.582164	0.594998	0.964273	664295117	1076577590	nan	96.0	1.9822712330395684	0	274330532	1	274330532	274330532	1	0.0	0.530948	1000000	8.438274145705899	0.0	8.438274145705899	8.438274145705899	0.2025970561124229	0.105606010363931	plant	rice	0.004016064257028112	0.3218875824868201	0.0032107623454464725	0.33859434433918734	baseline_plus_kmer	leave_species_out	0.42443737102716245	0.30980171736679335	0.33875683661245454	True
calib_anchor	insect_no_beetle_4096	red_flour_beetle	0.0059299524368398	insect	insect	nan	nan	nan	insect_no_beetle_to_cross_eval	0.027167	0.29354	0.029068	1816066	179836	nan	820.0	2.9138138523837167	1	199682416	2211	32080666	13894384	6	0.0	0.330472	1000000	8.300339822655378	3.344588742578714	7.142839297329219	7.506243375731907	0.182358478678621	0.080736532281517	insect	western_honey_bee	0.011122345803842264	0.25444752170825474	0.0085792815538326	0.27465204849393193	baseline_plus_kmer	leave_species_out	0.16417896798816556	0.2614111410964119	0.15824901555132576	True
calib_anchor	insect_no_beetle_4096	red_flour_beetle	0.0059299524368398	insect	insect	nan	nan	nan	insect_no_beetle_to_stress_eval	0.027167	0.29354	0.029068	1816066	179836	nan	820.0	2.9138138523837167	1	199682416	2211	32080666	13894384	6	0.0	0.330472	1000000	8.300339822655378	3.344588742578714	7.142839297329219	7.506243375731907	0.182358478678621	0.080736532281517	insect	western_honey_bee	0.011122345803842264	0.25444752170825474	0.0085792815538326	0.27465204849393193	baseline_plus_kmer	leave_species_out	0.16417896798816556	0.2614111410964119	0.15824901555132576	True
anchor_anchor	insect_no_beetle_4096	red_flour_beetle	0.0059299524368398	insect	insect	nan	nan	nan	insect_no_beetle_to_insect_stress	0.027167	0.29354	0.029068	1816066	179836	nan	820.0	2.9138138523837167	1	199682416	2211	32080666	13894384	6	0.0	0.330472	1000000	8.300339822655378	3.344588742578714	7.142839297329219	7.506243375731907	0.182358478678621	0.080736532281517	insect	western_honey_bee	0.011122345803842264	0.25444752170825474	0.0085792815538326	0.27465204849393193	baseline_plus_kmer	leave_species_out	0.16417896798816556	0.2614111410964119	0.15824901555132576	True
anchor_anchor	insect_primary_4096	red_flour_beetle	0.0053634200258507	insect	insect	nan	nan	nan	insect_primary_to_insect_stress	0.027167	0.29354	0.029068	1816066	179836	nan	820.0	2.9138138523837167	1	199682416	2211	32080666	13894384	6	0.0	0.330472	1000000	8.300339822655378	3.344588742578714	7.142839297329219	7.506243375731907	0.182358478678621	0.080736532281517	insect	western_honey_bee	0.011122345803842264	0.25444752170825474	0.0085792815538326	0.27465204849393193	baseline_plus_kmer	leave_species_out	0.16417896798816556	0.2614111410964119	0.15881554796231487	True
calib_anchor	TFREPAIR_invert_boost_animal_4096_seed42	red_flour_beetle	0.0044488885799382	animal	insect	nan	nan	nan	animal_invert_boost_to_cross_eval	0.027167	0.29354	0.029068	1816066	179836	nan	820.0	2.9138138523837167	1	199682416	2211	32080666	13894384	6	0.0	0.330472	1000000	8.300339822655378	3.344588742578714	7.142839297329219	7.506243375731907	0.1716680913935699	0.0724491888367001	animal	c_elegans	0.015486164001015486	0.23266857302458474	0.007584523885984587	0.39905819788413927	baseline_plus_kmer	leave_species_out	0.16708291505528355	0.25908283767792817	0.16263402647534536	True
calib_anchor	TFREPAIR_invert_boost_animal_4096_seed42	red_flour_beetle	0.0044488885799382	animal	insect	nan	nan	nan	animal_invert_boost_to_stress_eval	0.027167	0.29354	0.029068	1816066	179836	nan	820.0	2.9138138523837167	1	199682416	2211	32080666	13894384	6	0.0	0.330472	1000000	8.300339822655378	3.344588742578714	7.142839297329219	7.506243375731907	0.1716680913935699	0.0724491888367001	animal	c_elegans	0.015486164001015486	0.23266857302458474	0.007584523885984587	0.39905819788413927	baseline_plus_kmer	leave_species_out	0.16708291505528355	0.25908283767792817	0.16263402647534536	True
anchor_anchor	TFREPAIR_invert_boost_animal_4096_seed42	red_flour_beetle	0.0044488885799382	animal	insect	nan	nan	nan	animal_invert_boost_to_insect_stress	0.027167	0.29354	0.029068	1816066	179836	nan	820.0	2.9138138523837167	1	199682416	2211	32080666	13894384	6	0.0	0.330472	1000000	8.300339822655378	3.344588742578714	7.142839297329219	7.506243375731907	0.1716680913935699	0.0724491888367001	animal	c_elegans	0.015486164001015486	0.23266857302458474	0.007584523885984587	0.39905819788413927	baseline_plus_kmer	leave_species_out	0.16708291505528355	0.25908283767792817	0.16263402647534536	True
calib_anchor	cross_supervised_4096	red_flour_beetle	0.0030871384254842	cross	insect	nan	nan	nan	cross_supervised_to_cross_eval	0.027167	0.29354	0.029068	1816066	179836	nan	820.0	2.9138138523837167	0	199682416	2211	32080666	13894384	6	0.0	0.330472	1000000	8.300339822655378	3.344588742578714	7.142839297329219	7.506243375731907	0.1770641784426884	0.0859070146414682	cross	c_elegans	0.015486164001015486	0.23266857302458474	0.007130218132851764	0.3701289443818736	baseline_plus_kmer	leave_species_out	0.1626973018054815	0.27596837535334295	0.1596101633799973	True
calib_anchor	cross_supervised_4096	red_flour_beetle	0.0030871384254842	cross	insect	nan	nan	nan	cross_supervised_to_stress_eval	0.027167	0.29354	0.029068	1816066	179836	nan	820.0	2.9138138523837167	0	199682416	2211	32080666	13894384	6	0.0	0.330472	1000000	8.300339822655378	3.344588742578714	7.142839297329219	7.506243375731907	0.1770641784426884	0.0859070146414682	cross	c_elegans	0.015486164001015486	0.23266857302458474	0.007130218132851764	0.3701289443818736	baseline_plus_kmer	leave_species_out	0.1626973018054815	0.27596837535334295	0.1596101633799973	True
anchor_anchor	cross_supervised_4096	red_flour_beetle	0.0030871384254842	cross	insect	nan	nan	nan	cross_supervised_to_insect_stress	0.027167	0.29354	0.029068	1816066	179836	nan	820.0	2.9138138523837167	0	199682416	2211	32080666	13894384	6	0.0	0.330472	1000000	8.300339822655378	3.344588742578714	7.142839297329219	7.506243375731907	0.1770641784426884	0.0859070146414682	cross	c_elegans	0.015486164001015486	0.23266857302458474	0.007130218132851764	0.3701289443818736	baseline_plus_kmer	leave_species_out	0.1626973018054815	0.27596837535334295	0.1596101633799973	True
calib_anchor	plant_supervised_4096	red_flour_beetle	0.0023709296255628	plant	insect	nan	nan	nan	plant_supervised_to_cross_eval	0.027167	0.29354	0.029068	1816066	179836	nan	820.0	2.9138138523837167	0	199682416	2211	32080666	13894384	6	0.0	0.330472	1000000	8.300339822655378	3.344588742578714	7.142839297329219	7.506243375731907	0.2062665763937115	0.1299963863429378	plant	maize	0.007556675062972292	0.2799803385253285	0.006391817070366698	0.2922710840261587	baseline_plus_kmer	leave_species_out	0.17221811915064492	0.2798379716725203	0.16984718952508213	True
calib_anchor	plant_supervised_4096	red_flour_beetle	0.0023709296255628	plant	insect	nan	nan	nan	plant_supervised_to_stress_eval	0.027167	0.29354	0.029068	1816066	179836	nan	820.0	2.9138138523837167	0	199682416	2211	32080666	13894384	6	0.0	0.330472	1000000	8.300339822655378	3.344588742578714	7.142839297329219	7.506243375731907	0.2062665763937115	0.1299963863429378	plant	maize	0.007556675062972292	0.2799803385253285	0.006391817070366698	0.2922710840261587	baseline_plus_kmer	leave_species_out	0.17221811915064492	0.2798379716725203	0.16984718952508213	True
calib_anchor	direct_red_flour_beetle_4096	red_flour_beetle	0.0	other_anchor	insect	nan	nan	nan	direct_beetle_to_cross_eval	0.027167	0.29354	0.029068	1816066	179836	nan	820.0	2.9138138523837167	0	199682416	2211	32080666	13894384	6	0.0	0.330472	1000000	8.300339822655378	3.344588742578714	7.142839297329219	7.506243375731907	0.387481875883399	0.3795499300235393	other_anchor	human	0.0035122930255895636	0.3307896753284549	0.0035122930255895636	0.3307896753284549	baseline_plus_kmer	leave_species_out	0.06935588383418158	0.1049425638995995	0.06935588383418158	True
calib_anchor	direct_red_flour_beetle_4096	red_flour_beetle	0.0	other_anchor	insect	nan	nan	nan	direct_beetle_to_stress_eval	0.027167	0.29354	0.029068	1816066	179836	nan	820.0	2.9138138523837167	0	199682416	2211	32080666	13894384	6	0.0	0.330472	1000000	8.300339822655378	3.344588742578714	7.142839297329219	7.506243375731907	0.387481875883399	0.3795499300235393	other_anchor	human	0.0035122930255895636	0.3307896753284549	0.0035122930255895636	0.3307896753284549	baseline_plus_kmer	leave_species_out	0.06935588383418158	0.1049425638995995	0.06935588383418158	True
calib_anchor	direct_western_honey_bee_4096	red_flour_beetle	0.0	other_anchor	insect	nan	nan	nan	direct_honeybee_to_cross_eval	0.027167	0.29354	0.029068	1816066	179836	nan	820.0	2.9138138523837167	0	199682416	2211	32080666	13894384	6	0.0	0.330472	1000000	8.300339822655378	3.344588742578714	7.142839297329219	7.506243375731907	0.387481875883399	0.3795499300235393	other_anchor	human	0.0035122930255895636	0.3307896753284549	0.0035122930255895636	0.3307896753284549	baseline_plus_kmer	leave_species_out	0.06935588383418158	0.1049425638995995	0.06935588383418158	True
calib_anchor	direct_western_honey_bee_4096	red_flour_beetle	0.0	other_anchor	insect	nan	nan	nan	direct_honeybee_to_stress_eval	0.027167	0.29354	0.029068	1816066	179836	nan	820.0	2.9138138523837167	0	199682416	2211	32080666	13894384	6	0.0	0.330472	1000000	8.300339822655378	3.344588742578714	7.142839297329219	7.506243375731907	0.387481875883399	0.3795499300235393	other_anchor	human	0.0035122930255895636	0.3307896753284549	0.0035122930255895636	0.3307896753284549	baseline_plus_kmer	leave_species_out	0.06935588383418158	0.1049425638995995	0.06935588383418158	True
calib_anchor	direct_red_flour_beetle_4096	red_flour_beetle	0.0	other_anchor	insect	nan	nan	nan	direct_beetle_own_holdout	0.027167	0.29354	0.029068	1816066	179836	nan	820.0	2.9138138523837167	0	199682416	2211	32080666	13894384	6	0.0	0.330472	1000000	8.300339822655378	3.344588742578714	7.142839297329219	7.506243375731907	0.387481875883399	0.3795499300235393	other_anchor	human	0.0035122930255895636	0.3307896753284549	0.0035122930255895636	0.3307896753284549	baseline_plus_kmer	leave_species_out	0.06935588383418158	0.1049425638995995	0.06935588383418158	True
calib_anchor	cross_supervised_4096	rice	0.8757886614942711	cross	plant	nan	nan	nan	cross_supervised_to_plant_fine	0.042709	0.042814	0.945597	6804792	150290274	0.4367724609375	1500.0	3.1760912590556813	0	375049285	63	43270923	29958434	6	0.0009990009990009	0.440543	1000000	8.574088341853379	1.7993405494535817	7.476519107994928	7.636196159112094	0.0509643028428826	0.0089788460254062	cross	rice	1.0	0.0	0.12975073397671608	0.3457527198120651	baseline_plus_kmer	leave_species_out	0.846820592193661	0.08322464996119414	0.028968069300610133	True
calib_anchor	plant_supervised_4096	rice	0.8707687905287769	plant	plant	nan	nan	nan	plant_supervised_to_plant_fine	0.042709	0.042814	0.945597	6804792	150290274	0.4367724609375	1500.0	3.1760912590556813	1	375049285	63	43270923	29958434	6	0.0009990009990009	0.440543	1000000	8.574088341853379	1.7993405494535817	7.476519107994928	7.636196159112094	0.0266445732235012	0.0019077973482301	plant	rice	1.0	0.0	0.20493186326624202	0.23656122869633292	baseline_plus_kmer	leave_species_out	0.8471890516436121	0.07546281481252139	0.023579738885164736	True
calib_anchor	TFREPAIR_invert_boost_animal_4096_seed42	rice	0.7436754544113025	animal	plant	nan	nan	nan	animal_invert_boost_to_plant_fine	0.042709	0.042814	0.945597	6804792	150290274	0.4367724609375	1500.0	3.1760912590556813	0	375049285	63	43270923	29958434	6	0.0009990009990009	0.440543	1000000	8.574088341853379	1.7993405494535817	7.476519107994928	7.636196159112094	0.0884855408342787	0.024015940484199	animal	western_honey_bee	0.008827238335435058	0.26970362653684454	0.005414294543385888	0.4127043451398356	baseline_plus_kmer	leave_species_out	0.821716067887216	0.09033129432014625	0.07804061347591351	True
calib_anchor	insect_no_beetle_4096	rice	0.6461381376419327	insect	plant	nan	nan	nan	insect_no_beetle_to_plant_fine	0.042709	0.042814	0.945597	6804792	150290274	0.4367724609375	1500.0	3.1760912590556813	0	375049285	63	43270923	29958434	6	0.0009990009990009	0.440543	1000000	8.574088341853379	1.7993405494535817	7.476519107994928	7.636196159112094	0.1297892289697576	0.0416255932528221	insect	western_honey_bee	0.008827238335435058	0.26970362653684454	0.00667378993617559	0.2918695033232862	baseline_plus_kmer	leave_species_out	0.5446285326507159	0.22652175072537298	0.10150960499121686	True
final_errorbar	ntv3_100m_pre_w2048	rice	0.4280118170164783	human_h0_ntv3_100m	plant	plant_fine	3.0	0.0089135891045139	nan	0.042709	0.042814	0.945597	6804792	150290274	0.4367724609375	1500.0	3.1760912590556813	0	375049285	63	43270923	29958434	6	0.0009990009990009	0.440543	1000000	8.574088341853379	1.7993405494535817	7.476519107994928	7.636196159112094	0.2387362365796297	0.1495374763496936	human_h0_ntv3_100m	human	0.004016064257028112	0.3218875824868201	0.004016064257028112	0.3218875824868201	baseline_plus_kmer	leave_species_out	0.34406262160798057	0.12932017864088177	0.08394919540849771	True
final_errorbar	ntv2_250m_w4096	rice	0.1180575922330197	human_h0_ntv2_250m	plant	plant_fine	3.0	0.0082940112619889	nan	0.042709	0.042814	0.945597	6804792	150290274	0.4367724609375	1500.0	3.1760912590556813	0	375049285	63	43270923	29958434	6	0.0009990009990009	0.440543	1000000	8.574088341853379	1.7993405494535817	7.476519107994928	7.636196159112094	0.2387362365796297	0.1495374763496936	human_h0_ntv2_250m	human	0.004016064257028112	0.3218875824868201	0.004016064257028112	0.3218875824868201	baseline_plus_kmer	leave_species_out	0.3056735073602303	0.12829099963526058	0.1876159151272106	True
supp_h0_transfer	ntv2_500m_H0_w4096	rice	0.115519977917328	human_h0_ntv2_500m	plant	nan	nan	nan	transfer_BC_w4096	0.042709	0.042814	0.945597	6804792	150290274	0.4367724609375	1500.0	3.1760912590556813	0	375049285	63	43270923	29958434	6	0.0009990009990009	0.440543	1000000	8.574088341853379	1.7993405494535817	7.476519107994928	7.636196159112094	0.2387362365796297	0.1495374763496936	human_h0_ntv2_500m	human	0.004016064257028112	0.3218875824868201	0.004016064257028112	0.3218875824868201	baseline_plus_kmer	leave_species_out	0.3162302246243643	0.13351118715423374	0.2007102467070363	True
calib_anchor	cross_supervised_4096	sorghum	0.9154621597006132	cross	plant	nan	nan	nan	cross_supervised_to_plant_fine	0.057919	0.05798	0.982235	24648380	417568699	0.43649658203125	1500.0	3.1760912590556813	0	709344700	869	80884392	68658214	5	0.0	0.442729	1000000	8.85085732817176	2.9390197764486663	7.836692501973025	7.907864725292852	0.0537853232039029	0.0104612611262495	cross	sorghum	1.0	0.0	0.13054480664342852	0.339168602296494	baseline_plus_kmer	leave_species_out	0.81364532022104	0.08553359236377613	0.1018168394795732	True
calib_anchor	plant_supervised_4096	sorghum	0.9087078620701828	plant	plant	nan	nan	nan	plant_supervised_to_plant_fine	0.057919	0.05798	0.982235	24648380	417568699	0.43649658203125	1500.0	3.1760912590556813	1	709344700	869	80884392	68658214	5	0.0	0.442729	1000000	8.85085732817176	2.9390197764486663	7.836692501973025	7.907864725292852	0.0273914249208693	0.0019576048399221	plant	sorghum	1.0	0.0	0.20533854626250186	0.23331293426089625	baseline_plus_kmer	leave_species_out	0.8145807215429358	0.08296791613368673	0.09412714052724702	True
calib_anchor	TFREPAIR_invert_boost_animal_4096_seed42	sorghum	0.8370785739861111	animal	plant	nan	nan	nan	animal_invert_boost_to_plant_fine	0.057919	0.05798	0.982235	24648380	417568699	0.43649658203125	1500.0	3.1760912590556813	0	709344700	869	80884392	68658214	5	0.0	0.442729	1000000	8.85085732817176	2.9390197764486663	7.836692501973025	7.907864725292852	0.0942512747889714	0.0278449023844741	animal	c_elegans	0.009845998485231003	0.26248938756082907	0.0057520796300652354	0.4081500510093965	baseline_plus_kmer	leave_species_out	0.7596596123516945	0.10897962521565478	0.07741896163441653	True
calib_anchor	insect_no_beetle_4096	sorghum	0.7395318366775196	insect	plant	nan	nan	nan	insect_no_beetle_to_plant_fine	0.057919	0.05798	0.982235	24648380	417568699	0.43649658203125	1500.0	3.1760912590556813	0	709344700	869	80884392	68658214	5	0.0	0.442729	1000000	8.85085732817176	2.9390197764486663	7.836692501973025	7.907864725292852	0.1395994473150001	0.0492361155990339	insect	western_honey_bee	0.006289308176100629	0.29213510897825873	0.005530989179735821	0.3012830038349841	baseline_plus_kmer	leave_species_out	0.5959198189101266	0.1618546217587889	0.14361201776739307	True
final_errorbar	ntv3_100m_pre_w2048	sorghum	0.4747462171975484	human_h0_ntv3_100m	plant	plant_fine	3.0	0.0156681636990695	nan	0.057919	0.05798	0.982235	24648380	417568699	0.43649658203125	1500.0	3.1760912590556813	0	709344700	869	80884392	68658214	5	0.0	0.442729	1000000	8.85085732817176	2.9390197764486663	7.836692501973025	7.907864725292852	0.2366280772731148	0.1465793330978378	human_h0_ntv3_100m	human	0.005025125628140704	0.3070113457325394	0.005025125628140704	0.3070113457325394	baseline_plus_kmer	leave_species_out	0.3062214187754184	0.12464601248864612	0.16852479842212997	True
supp_h0_transfer	ntv2_500m_H0_w4096	sorghum	0.1793904911276665	human_h0_ntv2_500m	plant	nan	nan	nan	transfer_BC_w4096	0.057919	0.05798	0.982235	24648380	417568699	0.43649658203125	1500.0	3.1760912590556813	0	709344700	869	80884392	68658214	5	0.0	0.442729	1000000	8.85085732817176	2.9390197764486663	7.836692501973025	7.907864725292852	0.2366280772731148	0.1465793330978378	human_h0_ntv2_500m	human	0.005025125628140704	0.3070113457325394	0.005025125628140704	0.3070113457325394	baseline_plus_kmer	leave_species_out	0.28340483263092026	0.12531819827277976	0.10401434150325375	True
final_errorbar	ntv2_250m_w4096	sorghum	0.1551588113564608	human_h0_ntv2_250m	plant	plant_fine	3.0	0.0342168256944894	nan	0.057919	0.05798	0.982235	24648380	417568699	0.43649658203125	1500.0	3.1760912590556813	0	709344700	869	80884392	68658214	5	0.0	0.442729	1000000	8.85085732817176	2.9390197764486663	7.836692501973025	7.907864725292852	0.2366280772731148	0.1465793330978378	human_h0_ntv2_250m	human	0.005025125628140704	0.3070113457325394	0.005025125628140704	0.3070113457325394	baseline_plus_kmer	leave_species_out	0.273737981287458	0.11855873024559928	0.11857916993099721	True
calib_anchor	TFREPAIR_invert_boost_animal_4096_seed42	soybean	0.5650860204945004	animal	plant	nan	nan	nan	animal_invert_boost_to_cross_eval	0.121572	0.122064	0.967888	51176368	405794558	nan	1550.0	3.1903316981702914	0	978491270	1190	58018742	48577505	10	0.0140867288186392	0.330132	1000000	8.990556955279926	3.0755469613925306	7.686435205146788	7.763568307914055	0.1721211082809056	0.0467496388777612	animal	c_elegans	0.015486164001015486	0.23266857302458474	0.008646221034963925	0.38898844540057326	baseline_plus_kmer	leave_species_out	0.5746710446786684	0.29377447421459085	0.009585024184167956	True
calib_anchor	TFREPAIR_invert_boost_animal_4096_seed42	soybean	0.5650854892493286	animal	plant	nan	nan	nan	animal_invert_boost_to_plant_eval	0.121572	0.122064	0.967888	51176368	405794558	nan	1550.0	3.1903316981702914	0	978491270	1190	58018742	48577505	10	0.0140867288186392	0.330132	1000000	8.990556955279926	3.0755469613925306	7.686435205146788	7.763568307914055	0.1721211082809056	0.0467496388777612	animal	c_elegans	0.015486164001015486	0.23266857302458474	0.008646221034963925	0.38898844540057326	baseline_plus_kmer	leave_species_out	0.5746710446786684	0.29377447421459085	0.00958555542933981	True
calib_anchor	insect_no_beetle_4096	soybean	0.4867824461937038	insect	plant	nan	nan	nan	insect_no_beetle_to_cross_eval	0.121572	0.122064	0.967888	51176368	405794558	nan	1550.0	3.1903316981702914	0	978491270	1190	58018742	48577505	10	0.0140867288186392	0.330132	1000000	8.990556955279926	3.0755469613925306	7.686435205146788	7.763568307914055	0.2213663352869438	0.0708915192575917	insect	western_honey_bee	0.014198782961460446	0.23837005125379554	0.010370654691600882	0.2639452230109178	baseline_plus_kmer	leave_species_out	0.3724665099442286	0.27576231012350044	0.11431593624947523	True
calib_anchor	insect_no_beetle_4096	soybean	0.4867824461937038	insect	plant	nan	nan	nan	insect_no_beetle_to_plant_eval	0.121572	0.122064	0.967888	51176368	405794558	nan	1550.0	3.1903316981702914	0	978491270	1190	58018742	48577505	10	0.0140867288186392	0.330132	1000000	8.990556955279926	3.0755469613925306	7.686435205146788	7.763568307914055	0.2213663352869438	0.0708915192575917	insect	western_honey_bee	0.014198782961460446	0.23837005125379554	0.010370654691600882	0.2639452230109178	baseline_plus_kmer	leave_species_out	0.3724665099442286	0.27576231012350044	0.11431593624947523	True
calib_anchor	cross_supervised_4096	soybean	0.4136761357660033	cross	plant	nan	nan	nan	cross_supervised_to_cross_eval	0.121572	0.122064	0.967888	51176368	405794558	nan	1550.0	3.1903316981702914	0	978491270	1190	58018742	48577505	10	0.0140867288186392	0.330132	1000000	8.990556955279926	3.0755469613925306	7.686435205146788	7.763568307914055	0.1689640981121739	0.0484850139947763	cross	c_elegans	0.015486164001015486	0.23266857302458474	0.007956602986319066	0.36343110874852025	baseline_plus_kmer	leave_species_out	0.63698839910911	0.2894906391616279	0.22331226334310667	True
calib_anchor	cross_supervised_4096	soybean	0.4136761357660033	cross	plant	nan	nan	nan	cross_supervised_to_plant_eval	0.121572	0.122064	0.967888	51176368	405794558	nan	1550.0	3.1903316981702914	0	978491270	1190	58018742	48577505	10	0.0140867288186392	0.330132	1000000	8.990556955279926	3.0755469613925306	7.686435205146788	7.763568307914055	0.1689640981121739	0.0484850139947763	cross	c_elegans	0.015486164001015486	0.23266857302458474	0.007956602986319066	0.36343110874852025	baseline_plus_kmer	leave_species_out	0.63698839910911	0.2894906391616279	0.22331226334310667	True
calib_anchor	plant_supervised_4096	soybean	0.4115535505913839	plant	plant	nan	nan	nan	plant_supervised_to_cross_eval	0.121572	0.122064	0.967888	51176368	405794558	nan	1550.0	3.1903316981702914	1	978491270	1190	58018742	48577505	10	0.0140867288186392	0.330132	1000000	8.990556955279926	3.0755469613925306	7.686435205146788	7.763568307914055	0.1946953499497931	0.0763255186024801	plant	thale_cress	0.014198782961460446	0.23837005125379554	0.008837825572143599	0.27442917651582677	baseline_plus_kmer	leave_species_out	0.5926181409850071	0.30332950121997054	0.18106459039362321	True
calib_anchor	plant_supervised_4096	soybean	0.4115535505913839	plant	plant	nan	nan	nan	plant_supervised_to_plant_eval	0.121572	0.122064	0.967888	51176368	405794558	nan	1550.0	3.1903316981702914	1	978491270	1190	58018742	48577505	10	0.0140867288186392	0.330132	1000000	8.990556955279926	3.0755469613925306	7.686435205146788	7.763568307914055	0.1946953499497931	0.0763255186024801	plant	thale_cress	0.014198782961460446	0.23837005125379554	0.008837825572143599	0.27442917651582677	baseline_plus_kmer	leave_species_out	0.5926181409850071	0.30332950121997054	0.18106459039362321	True
calib_anchor	plant_supervised_4096	teosinte	0.9308197551982428	plant	plant	nan	nan	nan	plant_supervised_to_cross_eval	0.086856	0.088019	0.868021	259955621	2563626352	nan	1500.0	3.1760912590556813	1	3290921811	8365	294039681	175094470	8	0.0	0.438516	1000000	9.517317564015846	3.922465945298413	8.243272429998866	8.468405942917126	0.2100077500333409	0.103231294898657	plant	maize	0.11950741673663588	0.10294122975423052	0.026661584705627107	0.288035154362955	baseline_plus_kmer	leave_species_out	0.3676272245162716	0.19404548091656032	0.5631925306819712	True
calib_anchor	plant_supervised_4096	teosinte	0.9308197551982428	plant	plant	nan	nan	nan	plant_supervised_to_plant_eval	0.086856	0.088019	0.868021	259955621	2563626352	nan	1500.0	3.1760912590556813	1	3290921811	8365	294039681	175094470	8	0.0	0.438516	1000000	9.517317564015846	3.922465945298413	8.243272429998866	8.468405942917126	0.2100077500333409	0.103231294898657	plant	maize	0.11950741673663588	0.10294122975423052	0.026661584705627107	0.288035154362955	baseline_plus_kmer	leave_species_out	0.3676272245162716	0.19404548091656032	0.5631925306819712	True
calib_anchor	cross_supervised_4096	teosinte	0.9299634062638152	cross	plant	nan	nan	nan	cross_supervised_to_cross_eval	0.086856	0.088019	0.868021	259955621	2563626352	nan	1500.0	3.1760912590556813	0	3290921811	8365	294039681	175094470	8	0.0	0.438516	1000000	9.517317564015846	3.922465945298413	8.243272429998866	8.468405942917126	0.2120411295082017	0.1047709646574465	cross	maize	0.11950741673663588	0.10294122975423052	0.017635981476163853	0.38584098565941843	baseline_plus_kmer	leave_species_out	0.4866856440870989	0.22343243732360227	0.44327776217671633	True
calib_anchor	cross_supervised_4096	teosinte	0.9299634062638152	cross	plant	nan	nan	nan	cross_supervised_to_plant_eval	0.086856	0.088019	0.868021	259955621	2563626352	nan	1500.0	3.1760912590556813	0	3290921811	8365	294039681	175094470	8	0.0	0.438516	1000000	9.517317564015846	3.922465945298413	8.243272429998866	8.468405942917126	0.2120411295082017	0.1047709646574465	cross	maize	0.11950741673663588	0.10294122975423052	0.017635981476163853	0.38584098565941843	baseline_plus_kmer	leave_species_out	0.4866856440870989	0.22343243732360227	0.44327776217671633	True
calib_anchor	TFREPAIR_invert_boost_animal_4096_seed42	teosinte	0.8886845637016639	animal	plant	nan	nan	nan	animal_invert_boost_to_cross_eval	0.086856	0.088019	0.868021	259955621	2563626352	nan	1500.0	3.1760912590556813	0	3290921811	8365	294039681	175094470	8	0.0	0.438516	1000000	9.517317564015846	3.922465945298413	8.243272429998866	8.468405942917126	0.2168178063542519	0.1112460410900726	animal	western_honey_bee	0.005025125628140704	0.3070113457325394	0.0026768548044381144	0.4546859763169415	baseline_plus_kmer	leave_species_out	0.48510333750980006	0.24482121099650428	0.4035812261918639	True
calib_anchor	TFREPAIR_invert_boost_animal_4096_seed42	teosinte	0.8886845637016639	animal	plant	nan	nan	nan	animal_invert_boost_to_plant_eval	0.086856	0.088019	0.868021	259955621	2563626352	nan	1500.0	3.1760912590556813	0	3290921811	8365	294039681	175094470	8	0.0	0.438516	1000000	9.517317564015846	3.922465945298413	8.243272429998866	8.468405942917126	0.2168178063542519	0.1112460410900726	animal	western_honey_bee	0.005025125628140704	0.3070113457325394	0.0026768548044381144	0.4546859763169415	baseline_plus_kmer	leave_species_out	0.48510333750980006	0.24482121099650428	0.4035812261918639	True
calib_anchor	insect_no_beetle_4096	teosinte	0.7928110204987012	insect	plant	nan	nan	nan	insect_no_beetle_to_cross_eval	0.086856	0.088019	0.868021	259955621	2563626352	nan	1500.0	3.1760912590556813	0	3290921811	8365	294039681	175094470	8	0.0	0.438516	1000000	9.517317564015846	3.922465945298413	8.243272429998866	8.468405942917126	0.24756711504357	0.1387104209292143	insect	western_honey_bee	0.005025125628140704	0.3070113457325394	0.004142861284097942	0.3213707762689546	baseline_plus_kmer	leave_species_out	0.2738963002998745	0.16346518596248127	0.5189147201988267	True
calib_anchor	insect_no_beetle_4096	teosinte	0.7928110204987012	insect	plant	nan	nan	nan	insect_no_beetle_to_plant_eval	0.086856	0.088019	0.868021	259955621	2563626352	nan	1500.0	3.1760912590556813	0	3290921811	8365	294039681	175094470	8	0.0	0.438516	1000000	9.517317564015846	3.922465945298413	8.243272429998866	8.468405942917126	0.24756711504357	0.1387104209292143	insect	western_honey_bee	0.005025125628140704	0.3070113457325394	0.004142861284097942	0.3213707762689546	baseline_plus_kmer	leave_species_out	0.2738963002998745	0.16346518596248127	0.5189147201988267	True
calib_anchor	cross_supervised_4096	thale_cress	0.7121875392581978	cross	plant	nan	nan	nan	cross_supervised_to_plant_fine	0.043011	0.043145	0.932855	1297325	28049979	0.37922119140625	1550.0	3.1903316981702914	0	119667750	7	30427671	23459830	3	0.0	0.372445	1000000	8.077977125476142	0.8450980400142568	7.370324860706645	7.48326871178776	0.1110569059282151	0.0213077580291249	cross	zebrafish	0.009591115598182737	0.26422108665437977	0.006171162289570814	0.3760555391738481	baseline_plus_kmer	leave_species_out	0.5883126996746948	0.22039891300299677	0.12387483958350298	True
calib_anchor	plant_supervised_4096	thale_cress	0.6974776069597389	plant	plant	nan	nan	nan	plant_supervised_to_plant_fine	0.043011	0.043145	0.932855	1297325	28049979	0.37922119140625	1550.0	3.1903316981702914	1	119667750	7	30427671	23459830	3	0.0	0.372445	1000000	8.077977125476142	0.8450980400142568	7.370324860706645	7.48326871178776	0.1249666485378415	0.0307960258984802	plant	thale_cress	1.0	0.0	0.2046275443404551	0.23908445535817996	baseline_plus_kmer	leave_species_out	0.5595846315125441	0.23291000070668894	0.1378929754471948	True
calib_anchor	TFREPAIR_invert_boost_animal_4096_seed42	thale_cress	0.2079073653834738	animal	plant	nan	nan	nan	animal_invert_boost_to_plant_fine	0.043011	0.043145	0.932855	1297325	28049979	0.37922119140625	1550.0	3.1903316981702914	0	119667750	7	30427671	23459830	3	0.0	0.372445	1000000	8.077977125476142	0.8450980400142568	7.370324860706645	7.48326871178776	0.1234742428456467	0.0279292546598651	animal	western_honey_bee	0.01035615054306643	0.25915535952251834	0.0066413873495687606	0.4013179338212955	baseline_plus_kmer	leave_species_out	0.5665273708412994	0.22619622881014706	0.3586200054578257	True
calib_anchor	insect_no_beetle_4096	thale_cress	0.1382559591838703	insect	plant	nan	nan	nan	insect_no_beetle_to_plant_fine	0.043011	0.043145	0.932855	1297325	28049979	0.37922119140625	1550.0	3.1903316981702914	0	119667750	7	30427671	23459830	3	0.0	0.372445	1000000	8.077977125476142	0.8450980400142568	7.370324860706645	7.48326871178776	0.1564172368424756	0.0430840989911306	insect	western_honey_bee	0.01035615054306643	0.25915535952251834	0.008702747980495954	0.2718676114068218	baseline_plus_kmer	leave_species_out	0.6184040271715187	0.1660995921822287	0.48014806798764836	True
final_errorbar	ntv3_100m_pre_w2048	thale_cress	0.1299511497000876	human_h0_ntv3_100m	plant	plant_fine	3.0	0.0173026332429277	nan	0.043011	0.043145	0.932855	1297325	28049979	0.37922119140625	1550.0	3.1903316981702914	0	119667750	7	30427671	23459830	3	0.0	0.372445	1000000	8.077977125476142	0.8450980400142568	7.370324860706645	7.48326871178776	0.3352596901322179	0.268016439460078	human_h0_ntv3_100m	human	0.004016064257028112	0.3218875824868201	0.004016064257028112	0.3218875824868201	baseline_plus_kmer	leave_species_out	0.44965915133502304	0.18651774843625193	0.31970800163493546	True
final_errorbar	ntv2_250m_w4096	thale_cress	0.059250325526733	human_h0_ntv2_250m	plant	plant_fine	3.0	0.0279221757123653	nan	0.043011	0.043145	0.932855	1297325	28049979	0.37922119140625	1550.0	3.1903316981702914	0	119667750	7	30427671	23459830	3	0.0	0.372445	1000000	8.077977125476142	0.8450980400142568	7.370324860706645	7.48326871178776	0.3352596901322179	0.268016439460078	human_h0_ntv2_250m	human	0.004016064257028112	0.3218875824868201	0.004016064257028112	0.3218875824868201	baseline_plus_kmer	leave_species_out	0.40369429112252897	0.2118095402266943	0.344443965595796	True
supp_h0_transfer	ntv2_500m_H0_w4096	thale_cress	0.0350888069185704	human_h0_ntv2_500m	plant	nan	nan	nan	transfer_BC_w4096	0.043011	0.043145	0.932855	1297325	28049979	0.37922119140625	1550.0	3.1903316981702914	0	119667750	7	30427671	23459830	3	0.0	0.372445	1000000	8.077977125476142	0.8450980400142568	7.370324860706645	7.48326871178776	0.3352596901322179	0.268016439460078	human_h0_ntv2_500m	human	0.004016064257028112	0.3218875824868201	0.004016064257028112	0.3218875824868201	baseline_plus_kmer	leave_species_out	0.4256433918239415	0.20701267226625808	0.3905545849053711	True
supp_h0_transfer	ntv2_500m_H0_w4096	western_clawed_frog	0.7676709570719781	human_h0_ntv2_500m	vertebrate	nan	nan	nan	transfer_BC_w4096	0.000179	0.000179	0.967076	84407	455592780	0.5371810538664581	360.0	2.556302500767288	0	1451301209	167	217471166	153961319	5	0.0029910269192422	0.505897	1000000	9.16175755704896	2.2227164711475837	8.18741162307706	8.337401683004607	0.1957973399316009	0.0911435831684164	human_h0_ntv2_500m	human	0.002506265664160401	0.35322115776986907	0.002506265664160401	0.35322115776986907	baseline_plus_kmer	leave_species_out	0.4769278825283631	0.2643546812335304	0.290743074543615	True
final_errorbar	ntv2_250m_w4096	western_clawed_frog	0.6476854010493278	human_h0_ntv2_250m	vertebrate	animal_fine	3.0	0.0436579387818896	nan	0.000179	0.000179	0.967076	84407	455592780	0.5371810538664581	360.0	2.556302500767288	0	1451301209	167	217471166	153961319	5	0.0029910269192422	0.505897	1000000	9.16175755704896	2.2227164711475837	8.18741162307706	8.337401683004607	0.1957973399316009	0.0911435831684164	human_h0_ntv2_250m	human	0.002506265664160401	0.35322115776986907	0.002506265664160401	0.35322115776986907	baseline_plus_kmer	leave_species_out	0.47240249022766106	0.26380997963819414	0.17528291082166675	True
final_errorbar	ntv3_100m_pre_w2048	western_clawed_frog	0.5191597065847986	human_h0_ntv3_100m	vertebrate	animal_fine	3.0	0.0896323044666213	nan	0.000179	0.000179	0.967076	84407	455592780	0.5371810538664581	360.0	2.556302500767288	0	1451301209	167	217471166	153961319	5	0.0029910269192422	0.505897	1000000	9.16175755704896	2.2227164711475837	8.18741162307706	8.337401683004607	0.1957973399316009	0.0911435831684164	human_h0_ntv3_100m	human	0.002506265664160401	0.35322115776986907	0.002506265664160401	0.35322115776986907	baseline_plus_kmer	leave_species_out	0.49724852016520266	0.24663735907131867	0.02191118641959594	True
anchor_anchor	insect_primary_4096	western_honey_bee	0.946524064171123	insect	insect	nan	nan	nan	insect_primary_to_insect_stress	0.020425	0.982865	0.020432	4337232	90164	nan	820.0	2.9138138523837167	1	51457486	3	25433307	14233499	2	0.0388635522641971	0.404665	1000000	7.71144856455995	0.4771212547196624	7.15331167517893	7.405402833572285	0.1030895049884773	0.0198094430108711	insect	western_honey_bee	1.0	0.0	0.5045408678102926	0.13391278403619908	baseline_plus_kmer	leave_species_out	0.3818386888539652	0.39119565138698137	0.5646853753171578	True
calib_anchor	insect_no_beetle_4096	western_honey_bee	0.7983193277310925	insect	insect	nan	nan	nan	insect_no_beetle_to_cross_eval	0.020425	0.982865	0.020432	4337232	90164	nan	820.0	2.9138138523837167	1	51457486	3	25433307	14233499	2	0.0388635522641971	0.404665	1000000	7.71144856455995	0.4771212547196624	7.15331167517893	7.405402833572285	0.1030895049884773	0.0198094430108711	insect	western_honey_bee	1.0	0.0	0.5045408678102926	0.13391278403619908	baseline_plus_kmer	leave_species_out	0.3818386888539652	0.39119565138698137	0.4164806388771273	True
calib_anchor	insect_no_beetle_4096	western_honey_bee	0.7983193277310925	insect	insect	nan	nan	nan	insect_no_beetle_to_stress_eval	0.020425	0.982865	0.020432	4337232	90164	nan	820.0	2.9138138523837167	1	51457486	3	25433307	14233499	2	0.0388635522641971	0.404665	1000000	7.71144856455995	0.4771212547196624	7.15331167517893	7.405402833572285	0.1030895049884773	0.0198094430108711	insect	western_honey_bee	1.0	0.0	0.5045408678102926	0.13391278403619908	baseline_plus_kmer	leave_species_out	0.3818386888539652	0.39119565138698137	0.4164806388771273	True
anchor_anchor	insect_no_beetle_4096	western_honey_bee	0.7983193277310925	insect	insect	nan	nan	nan	insect_no_beetle_to_insect_stress	0.020425	0.982865	0.020432	4337232	90164	nan	820.0	2.9138138523837167	1	51457486	3	25433307	14233499	2	0.0388635522641971	0.404665	1000000	7.71144856455995	0.4771212547196624	7.15331167517893	7.405402833572285	0.1030895049884773	0.0198094430108711	insect	western_honey_bee	1.0	0.0	0.5045408678102926	0.13391278403619908	baseline_plus_kmer	leave_species_out	0.3818386888539652	0.39119565138698137	0.4164806388771273	True
calib_anchor	TFREPAIR_invert_boost_animal_4096_seed42	western_honey_bee	0.05217988328184	animal	insect	nan	nan	nan	animal_invert_boost_to_cross_eval	0.020425	0.982865	0.020432	4337232	90164	nan	820.0	2.9138138523837167	1	51457486	3	25433307	14233499	2	0.0388635522641971	0.404665	1000000	7.71144856455995	0.4771212547196624	7.15331167517893	7.405402833572285	0.1975547081920625	0.0743872976560842	animal	western_honey_bee	1.0	0.0	0.17281984150581312	0.3534184362242991	baseline_plus_kmer	leave_species_out	0.026775276410980008	0.11526732835166378	0.02540460687085999	True
calib_anchor	TFREPAIR_invert_boost_animal_4096_seed42	western_honey_bee	0.05217988328184	animal	insect	nan	nan	nan	animal_invert_boost_to_stress_eval	0.020425	0.982865	0.020432	4337232	90164	nan	820.0	2.9138138523837167	1	51457486	3	25433307	14233499	2	0.0388635522641971	0.404665	1000000	7.71144856455995	0.4771212547196624	7.15331167517893	7.405402833572285	0.1975547081920625	0.0743872976560842	animal	western_honey_bee	1.0	0.0	0.17281984150581312	0.3534184362242991	baseline_plus_kmer	leave_species_out	0.026775276410980008	0.11526732835166378	0.02540460687085999	True
anchor_anchor	TFREPAIR_invert_boost_animal_4096_seed42	western_honey_bee	0.05217988328184	animal	insect	nan	nan	nan	animal_invert_boost_to_insect_stress	0.020425	0.982865	0.020432	4337232	90164	nan	820.0	2.9138138523837167	1	51457486	3	25433307	14233499	2	0.0388635522641971	0.404665	1000000	7.71144856455995	0.4771212547196624	7.15331167517893	7.405402833572285	0.1975547081920625	0.0743872976560842	animal	western_honey_bee	1.0	0.0	0.17281984150581312	0.3534184362242991	baseline_plus_kmer	leave_species_out	0.026775276410980008	0.11526732835166378	0.02540460687085999	True
calib_anchor	cross_supervised_4096	western_honey_bee	0.0052898014902451	cross	insect	nan	nan	nan	cross_supervised_to_cross_eval	0.020425	0.982865	0.020432	4337232	90164	nan	820.0	2.9138138523837167	0	51457486	3	25433307	14233499	2	0.0388635522641971	0.404665	1000000	7.71144856455995	0.4771212547196624	7.15331167517893	7.405402833572285	0.2119073798001238	0.0902008757309238	cross	c_elegans	0.014970819588936818	0.2348910010424242	0.007447289680201807	0.3674433006422611	baseline_plus_kmer	leave_species_out	0.058219616035962235	0.19767877248114238	0.05292981454571714	True
calib_anchor	cross_supervised_4096	western_honey_bee	0.0052898014902451	cross	insect	nan	nan	nan	cross_supervised_to_stress_eval	0.020425	0.982865	0.020432	4337232	90164	nan	820.0	2.9138138523837167	0	51457486	3	25433307	14233499	2	0.0388635522641971	0.404665	1000000	7.71144856455995	0.4771212547196624	7.15331167517893	7.405402833572285	0.2119073798001238	0.0902008757309238	cross	c_elegans	0.014970819588936818	0.2348910010424242	0.007447289680201807	0.3674433006422611	baseline_plus_kmer	leave_species_out	0.058219616035962235	0.19767877248114238	0.05292981454571714	True
anchor_anchor	cross_supervised_4096	western_honey_bee	0.0052898014902451	cross	insect	nan	nan	nan	cross_supervised_to_insect_stress	0.020425	0.982865	0.020432	4337232	90164	nan	820.0	2.9138138523837167	0	51457486	3	25433307	14233499	2	0.0388635522641971	0.404665	1000000	7.71144856455995	0.4771212547196624	7.15331167517893	7.405402833572285	0.2119073798001238	0.0902008757309238	cross	c_elegans	0.014970819588936818	0.2348910010424242	0.007447289680201807	0.3674433006422611	baseline_plus_kmer	leave_species_out	0.058219616035962235	0.19767877248114238	0.05292981454571714	True
calib_anchor	plant_supervised_4096	western_honey_bee	0.0003842421976866	plant	insect	nan	nan	nan	plant_supervised_to_cross_eval	0.020425	0.982865	0.020432	4337232	90164	nan	820.0	2.9138138523837167	0	51457486	3	25433307	14233499	2	0.0388635522641971	0.404665	1000000	7.71144856455995	0.4771212547196624	7.15331167517893	7.405402833572285	0.2144848278327983	0.1040586970085212	plant	thale_cress	0.01035615054306643	0.25915535952251834	0.007054098573222767	0.2876872678923741	baseline_plus_kmer	leave_species_out	0.03684949549551882	0.15149079614954664	0.03646525329783222	True
calib_anchor	plant_supervised_4096	western_honey_bee	0.0003842416254314	plant	insect	nan	nan	nan	plant_supervised_to_stress_eval	0.020425	0.982865	0.020432	4337232	90164	nan	820.0	2.9138138523837167	0	51457486	3	25433307	14233499	2	0.0388635522641971	0.404665	1000000	7.71144856455995	0.4771212547196624	7.15331167517893	7.405402833572285	0.2144848278327983	0.1040586970085212	plant	thale_cress	0.01035615054306643	0.25915535952251834	0.007054098573222767	0.2876872678923741	baseline_plus_kmer	leave_species_out	0.03684949549551882	0.15149079614954664	0.03646525387008742	True
calib_anchor	direct_red_flour_beetle_4096	western_honey_bee	0.0	other_anchor	insect	nan	nan	nan	direct_beetle_to_cross_eval	0.020425	0.982865	0.020432	4337232	90164	nan	820.0	2.9138138523837167	0	51457486	3	25433307	14233499	2	0.0388635522641971	0.404665	1000000	7.71144856455995	0.4771212547196624	7.15331167517893	7.405402833572285	0.3782434204252473	0.3304654870915913	other_anchor	human	0.005530417295123178	0.3006573337455844	0.005530417295123178	0.3006573337455844	baseline_plus_kmer	leave_species_out	0.07846276059327693	0.1107661679513952	0.07846276059327693	True
calib_anchor	direct_red_flour_beetle_4096	western_honey_bee	0.0	other_anchor	insect	nan	nan	nan	direct_beetle_to_stress_eval	0.020425	0.982865	0.020432	4337232	90164	nan	820.0	2.9138138523837167	0	51457486	3	25433307	14233499	2	0.0388635522641971	0.404665	1000000	7.71144856455995	0.4771212547196624	7.15331167517893	7.405402833572285	0.3782434204252473	0.3304654870915913	other_anchor	human	0.005530417295123178	0.3006573337455844	0.005530417295123178	0.3006573337455844	baseline_plus_kmer	leave_species_out	0.07846276059327693	0.1107661679513952	0.07846276059327693	True
calib_anchor	direct_western_honey_bee_4096	western_honey_bee	0.0	other_anchor	insect	nan	nan	nan	direct_honeybee_to_cross_eval	0.020425	0.982865	0.020432	4337232	90164	nan	820.0	2.9138138523837167	0	51457486	3	25433307	14233499	2	0.0388635522641971	0.404665	1000000	7.71144856455995	0.4771212547196624	7.15331167517893	7.405402833572285	0.3782434204252473	0.3304654870915913	other_anchor	human	0.005530417295123178	0.3006573337455844	0.005530417295123178	0.3006573337455844	baseline_plus_kmer	leave_species_out	0.07846276059327693	0.1107661679513952	0.07846276059327693	True
calib_anchor	direct_western_honey_bee_4096	western_honey_bee	0.0	other_anchor	insect	nan	nan	nan	direct_honeybee_to_stress_eval	0.020425	0.982865	0.020432	4337232	90164	nan	820.0	2.9138138523837167	0	51457486	3	25433307	14233499	2	0.0388635522641971	0.404665	1000000	7.71144856455995	0.4771212547196624	7.15331167517893	7.405402833572285	0.3782434204252473	0.3304654870915913	other_anchor	human	0.005530417295123178	0.3006573337455844	0.005530417295123178	0.3006573337455844	baseline_plus_kmer	leave_species_out	0.07846276059327693	0.1107661679513952	0.07846276059327693	True
calib_anchor	direct_western_honey_bee_4096	western_honey_bee	0.0	other_anchor	insect	nan	nan	nan	direct_honeybee_own_holdout	0.020425	0.982865	0.020432	4337232	90164	nan	820.0	2.9138138523837167	0	51457486	3	25433307	14233499	2	0.0388635522641971	0.404665	1000000	7.71144856455995	0.4771212547196624	7.15331167517893	7.405402833572285	0.3782434204252473	0.3304654870915913	other_anchor	human	0.005530417295123178	0.3006573337455844	0.005530417295123178	0.3006573337455844	baseline_plus_kmer	leave_species_out	0.07846276059327693	0.1107661679513952	0.07846276059327693	True
anchor_anchor	TFREPAIR_invert_boost_animal_4096_seed42	x_laevis	0.4013777654205557	animal	vertebrate	nan	nan	nan	animal_invert_boost_to_insect_stress	0.000194	0.000194	0.813401	56801	238590187	nan	370.0	2.568201724066995	1	2718433805	108033	219802468	136570856	9	0.1479724726946478	0.38498	1000000	9.434318762214229	5.033556436308993	8.13535803149204	8.34203256448767	0.1125183122375499	0.0175004510961257	animal	c_elegans	0.011378002528445006	0.25294933131811753	0.006090925421247965	0.40512387679275275	baseline_plus_kmer	leave_species_out	0.5680372526502248	0.2663138054702888	0.16665948722966906	True
calib_anchor	TFREPAIR_invert_boost_animal_4096_seed42	x_laevis	0.4013775981071781	animal	vertebrate	nan	nan	nan	animal_invert_boost_to_cross_eval	0.000194	0.000194	0.813401	56801	238590187	nan	370.0	2.568201724066995	1	2718433805	108033	219802468	136570856	9	0.1479724726946478	0.38498	1000000	9.434318762214229	5.033556436308993	8.13535803149204	8.34203256448767	0.1125183122375499	0.0175004510961257	animal	c_elegans	0.011378002528445006	0.25294933131811753	0.006090925421247965	0.40512387679275275	baseline_plus_kmer	leave_species_out	0.5680372526502248	0.2663138054702888	0.16665965454304665	True
calib_anchor	TFREPAIR_invert_boost_animal_4096_seed42	x_laevis	0.4013775981071781	animal	vertebrate	nan	nan	nan	animal_invert_boost_to_stress_eval	0.000194	0.000194	0.813401	56801	238590187	nan	370.0	2.568201724066995	1	2718433805	108033	219802468	136570856	9	0.1479724726946478	0.38498	1000000	9.434318762214229	5.033556436308993	8.13535803149204	8.34203256448767	0.1125183122375499	0.0175004510961257	animal	c_elegans	0.011378002528445006	0.25294933131811753	0.006090925421247965	0.40512387679275275	baseline_plus_kmer	leave_species_out	0.5680372526502248	0.2663138054702888	0.16665965454304665	True
calib_anchor	cross_supervised_4096	x_laevis	0.3945827783795458	cross	vertebrate	nan	nan	nan	cross_supervised_to_cross_eval	0.000194	0.000194	0.813401	56801	238590187	nan	370.0	2.568201724066995	0	2718433805	108033	219802468	136570856	9	0.1479724726946478	0.38498	1000000	9.434318762214229	5.033556436308993	8.13535803149204	8.34203256448767	0.1141902696107161	0.0184397446805083	cross	c_elegans	0.011378002528445006	0.25294933131811753	0.004592764215267164	0.39707863831119805	baseline_plus_kmer	leave_species_out	0.5030632748015176	0.27085006245206406	0.10848049642197177	True
calib_anchor	cross_supervised_4096	x_laevis	0.3945827783795458	cross	vertebrate	nan	nan	nan	cross_supervised_to_stress_eval	0.000194	0.000194	0.813401	56801	238590187	nan	370.0	2.568201724066995	0	2718433805	108033	219802468	136570856	9	0.1479724726946478	0.38498	1000000	9.434318762214229	5.033556436308993	8.13535803149204	8.34203256448767	0.1141902696107161	0.0184397446805083	cross	c_elegans	0.011378002528445006	0.25294933131811753	0.004592764215267164	0.39707863831119805	baseline_plus_kmer	leave_species_out	0.5030632748015176	0.27085006245206406	0.10848049642197177	True
anchor_anchor	cross_supervised_4096	x_laevis	0.3945827783795458	cross	vertebrate	nan	nan	nan	cross_supervised_to_insect_stress	0.000194	0.000194	0.813401	56801	238590187	nan	370.0	2.568201724066995	0	2718433805	108033	219802468	136570856	9	0.1479724726946478	0.38498	1000000	9.434318762214229	5.033556436308993	8.13535803149204	8.34203256448767	0.1141902696107161	0.0184397446805083	cross	c_elegans	0.011378002528445006	0.25294933131811753	0.004592764215267164	0.39707863831119805	baseline_plus_kmer	leave_species_out	0.5030632748015176	0.27085006245206406	0.10848049642197177	True
calib_anchor	plant_supervised_4096	x_laevis	0.2855543757586765	plant	vertebrate	nan	nan	nan	plant_supervised_to_cross_eval	0.000194	0.000194	0.813401	56801	238590187	nan	370.0	2.568201724066995	0	2718433805	108033	219802468	136570856	9	0.1479724726946478	0.38498	1000000	9.434318762214229	5.033556436308993	8.13535803149204	8.34203256448767	0.1445645708760781	0.0387081158013149	plant	thale_cress	0.0057832537088257484	0.29769388290752885	0.004168398493877862	0.32147019332278337	baseline_plus_kmer	leave_species_out	0.3847080952872707	0.24850077227765668	0.0991537195285942	True
calib_anchor	plant_supervised_4096	x_laevis	0.2855543757586765	plant	vertebrate	nan	nan	nan	plant_supervised_to_stress_eval	0.000194	0.000194	0.813401	56801	238590187	nan	370.0	2.568201724066995	0	2718433805	108033	219802468	136570856	9	0.1479724726946478	0.38498	1000000	9.434318762214229	5.033556436308993	8.13535803149204	8.34203256448767	0.1445645708760781	0.0387081158013149	plant	thale_cress	0.0057832537088257484	0.29769388290752885	0.004168398493877862	0.32147019332278337	baseline_plus_kmer	leave_species_out	0.3847080952872707	0.24850077227765668	0.0991537195285942	True
calib_anchor	insect_no_beetle_4096	x_laevis	0.2829600934257301	insect	vertebrate	nan	nan	nan	insect_no_beetle_to_cross_eval	0.000194	0.000194	0.813401	56801	238590187	nan	370.0	2.568201724066995	0	2718433805	108033	219802468	136570856	9	0.1479724726946478	0.38498	1000000	9.434318762214229	5.033556436308993	8.13535803149204	8.34203256448767	0.1983752948465877	0.0592704987046092	insect	western_honey_bee	0.008572869389813415	0.2716361289950614	0.006294466823420763	0.2967618557409407	baseline_plus_kmer	leave_species_out	0.5159725754562827	0.25771590877627026	0.23301248203055264	True
calib_anchor	insect_no_beetle_4096	x_laevis	0.2829600934257301	insect	vertebrate	nan	nan	nan	insect_no_beetle_to_stress_eval	0.000194	0.000194	0.813401	56801	238590187	nan	370.0	2.568201724066995	0	2718433805	108033	219802468	136570856	9	0.1479724726946478	0.38498	1000000	9.434318762214229	5.033556436308993	8.13535803149204	8.34203256448767	0.1983752948465877	0.0592704987046092	insect	western_honey_bee	0.008572869389813415	0.2716361289950614	0.006294466823420763	0.2967618557409407	baseline_plus_kmer	leave_species_out	0.5159725754562827	0.25771590877627026	0.23301248203055264	True
anchor_anchor	insect_no_beetle_4096	x_laevis	0.2829600934257301	insect	vertebrate	nan	nan	nan	insect_no_beetle_to_insect_stress	0.000194	0.000194	0.813401	56801	238590187	nan	370.0	2.568201724066995	0	2718433805	108033	219802468	136570856	9	0.1479724726946478	0.38498	1000000	9.434318762214229	5.033556436308993	8.13535803149204	8.34203256448767	0.1983752948465877	0.0592704987046092	insect	western_honey_bee	0.008572869389813415	0.2716361289950614	0.006294466823420763	0.2967618557409407	baseline_plus_kmer	leave_species_out	0.5159725754562827	0.25771590877627026	0.23301248203055264	True
anchor_anchor	insect_primary_4096	x_laevis	0.2268599691025123	insect	vertebrate	nan	nan	nan	insect_primary_to_insect_stress	0.000194	0.000194	0.813401	56801	238590187	nan	370.0	2.568201724066995	0	2718433805	108033	219802468	136570856	9	0.1479724726946478	0.38498	1000000	9.434318762214229	5.033556436308993	8.13535803149204	8.34203256448767	0.1983752948465877	0.0592704987046092	insect	western_honey_bee	0.008572869389813415	0.2716361289950614	0.006294466823420763	0.2967618557409407	baseline_plus_kmer	leave_species_out	0.5159725754562827	0.25771590877627026	0.28911260635377045	True
supp_h0_transfer	ntv2_500m_H0_w4096	zebrafish	0.8151318178516959	human_h0_ntv2_500m	vertebrate	nan	nan	nan	transfer_BC_w4096	0.837603	0.982602	0.850212	891480468	771367366	0.4137124131384462	430.0	2.633468455579586	0	1679203469	1923	78093715	52186027	14	0.0	0.359955	1000000	9.225103322767056	3.28397928423848	7.717554234627916	7.892616083164715	0.3272994079847048	0.2672352128115792	human_h0_ntv2_500m	human	0.0035122930255895636	0.3307896753284549	0.0035122930255895636	0.3307896753284549	baseline_plus_kmer	leave_species_out	0.27107583704386884	0.21264512992585585	0.544055980807827	True
final_errorbar	ntv2_250m_w4096	zebrafish	0.753453009276328	human_h0_ntv2_250m	vertebrate	animal_fine	3.0	0.0131433323203878	nan	0.837603	0.982602	0.850212	891480468	771367366	0.4137124131384462	430.0	2.633468455579586	0	1679203469	1923	78093715	52186027	14	0.0	0.359955	1000000	9.225103322767056	3.28397928423848	7.717554234627916	7.892616083164715	0.3272994079847048	0.2672352128115792	human_h0_ntv2_250m	human	0.0035122930255895636	0.3307896753284549	0.0035122930255895636	0.3307896753284549	baseline_plus_kmer	leave_species_out	0.2600963072554562	0.21509776653524124	0.4933567020208718	True
final_errorbar	ntv3_100m_pre_w2048	zebrafish	0.5214699959942013	human_h0_ntv3_100m	vertebrate	animal_fine	3.0	0.0175674395284055	nan	0.837603	0.982602	0.850212	891480468	771367366	0.4137124131384462	430.0	2.633468455579586	0	1679203469	1923	78093715	52186027	14	0.0	0.359955	1000000	9.225103322767056	3.28397928423848	7.717554234627916	7.892616083164715	0.3272994079847048	0.2672352128115792	human_h0_ntv3_100m	human	0.0035122930255895636	0.3307896753284549	0.0035122930255895636	0.3307896753284549	baseline_plus_kmer	leave_species_out	0.3041022408920138	0.20715516161026398	0.21736775510218748	True
calib_anchor	cross_supervised_4096	brachypodium	0.8175422271365038	cross	plant	nan	nan	nan	cross_supervised_to_plant_fine	0.101164	0.1029	0.857087	5277523	43958318	0.45561279296875	1500.0	3.1760912590556813	0	271298618	11	75071545	59130575	3	0.0	0.454488	1000000	8.433447581463392	1.041392685158225	7.771812102204127	7.875475353898488	0.0693259415010997	0.0175357229218507	cross	brachypodium	1.0	0.0	0.12915053475717714	0.3531042535064754	baseline_plus_kmer	leave_clade_out	0.8635966298036666	0.1264758440626319	0.046054402667162764	True
calib_anchor	plant_supervised_4096	brachypodium	0.7765195434514967	plant	plant	nan	nan	nan	plant_supervised_to_plant_fine	0.101164	0.1029	0.857087	5277523	43958318	0.45561279296875	1500.0	3.1760912590556813	1	271298618	11	75071545	59130575	3	0.0	0.454488	1000000	8.433447581463392	1.041392685158225	7.771812102204127	7.875475353898488	0.0392954852174674	0.0046023125549394	plant	brachypodium	1.0	0.0	0.20483241506249245	0.23881140827359948	baseline_plus_kmer	leave_clade_out	0.8577929788572162	0.14995240133468302	0.08127343540571952	True
calib_anchor	insect_no_beetle_4096	brachypodium	0.4502561696769175	insect	plant	nan	nan	nan	insect_no_beetle_to_plant_fine	0.101164	0.1029	0.857087	5277523	43958318	0.45561279296875	1500.0	3.1760912590556813	0	271298618	11	75071545	59130575	3	0.0	0.454488	1000000	8.433447581463392	1.041392685158225	7.771812102204127	7.875475353898488	0.142514717076787	0.0564627585782296	insect	western_honey_bee	0.0047726701833710125	0.3104308986917095	0.004142481604480288	0.3206102870100822	baseline_plus_kmer	leave_clade_out	0.8091712237799301	0.176260256372532	0.3589150541030126	True
calib_anchor	TFREPAIR_invert_boost_animal_4096_seed42	brachypodium	0.4333898332380484	animal	plant	nan	nan	nan	animal_invert_boost_to_plant_fine	0.101164	0.1029	0.857087	5277523	43958318	0.45561279296875	1500.0	3.1760912590556813	0	271298618	11	75071545	59130575	3	0.0	0.454488	1000000	8.433447581463392	1.041392685158225	7.771812102204127	7.875475353898488	0.1040889363124293	0.0363524838017522	animal	zebrafish	0.005025125628140704	0.3070113457325394	0.0036412512484719248	0.4310054901356164	baseline_plus_kmer	leave_clade_out	0.8606902654961733	0.1292530124699943	0.4273004322581249	True
supp_h0_transfer	ntv2_500m_H0_w4096	brachypodium	0.3212749242452583	human_h0_ntv2_500m	plant	nan	nan	nan	transfer_BC_w4096	0.101164	0.1029	0.857087	5277523	43958318	0.45561279296875	1500.0	3.1760912590556813	0	271298618	11	75071545	59130575	3	0.0	0.454488	1000000	8.433447581463392	1.041392685158225	7.771812102204127	7.875475353898488	0.2268185746895572	0.1337656475000112	human_h0_ntv2_500m	human	0.0035122930255895636	0.3307896753284549	0.0035122930255895636	0.3307896753284549	baseline_plus_kmer	leave_clade_out	0.5715703550531793	0.2864058905192262	0.25029543080792105	True
final_errorbar	ntv2_250m_w4096	brachypodium	0.2929663405760741	human_h0_ntv2_250m	plant	plant_fine	3.0	0.0156920332833043	nan	0.101164	0.1029	0.857087	5277523	43958318	0.45561279296875	1500.0	3.1760912590556813	0	271298618	11	75071545	59130575	3	0.0	0.454488	1000000	8.433447581463392	1.041392685158225	7.771812102204127	7.875475353898488	0.2268185746895572	0.1337656475000112	human_h0_ntv2_250m	human	0.0035122930255895636	0.3307896753284549	0.0035122930255895636	0.3307896753284549	baseline_plus_kmer	leave_clade_out	0.5548793208953176	0.27983753763662084	0.2619129803192434	True
final_errorbar	ntv3_100m_pre_w2048	brachypodium	0.2073934705084866	human_h0_ntv3_100m	plant	plant_fine	3.0	0.0683970400854424	nan	0.101164	0.1029	0.857087	5277523	43958318	0.45561279296875	1500.0	3.1760912590556813	0	271298618	11	75071545	59130575	3	0.0	0.454488	1000000	8.433447581463392	1.041392685158225	7.771812102204127	7.875475353898488	0.2268185746895572	0.1337656475000112	human_h0_ntv3_100m	human	0.0035122930255895636	0.3307896753284549	0.0035122930255895636	0.3307896753284549	baseline_plus_kmer	leave_clade_out	0.4987021498261379	0.24864612375363904	0.2913086793176513	True
anchor_anchor	TFREPAIR_invert_boost_animal_4096_seed42	c_elegans	0.9053972034713066	animal	other	nan	nan	nan	animal_invert_boost_to_insect_fine	0.833784	0.964483	0.860195	10289793	9177183	0.3579248046875	900.0	2.9542425094393248	0	100286401	7	20924180	17493829	3	0.0	0.371376	1000000	8.001242045970857	0.8450980400142568	7.242884877035624	7.320648447384384	0.1443799983785652	0.0775729844697248	animal	c_elegans	1.0	0.0	0.17218349693156687	0.35710228198302296	baseline_plus_kmer	leave_clade_out	0.5948565825749331	0.25525897052878815	0.31054062089637346	True
anchor_anchor	cross_supervised_4096	c_elegans	0.8952111633807284	cross	other	nan	nan	nan	cross_supervised_to_insect_fine	0.833784	0.964483	0.860195	10289793	9177183	0.3579248046875	900.0	2.9542425094393248	0	100286401	7	20924180	17493829	3	0.0	0.371376	1000000	8.001242045970857	0.8450980400142568	7.242884877035624	7.320648447384384	0.1533616551705707	0.0962183394831955	cross	c_elegans	1.0	0.0	0.13035380887994355	0.34022856824211656	baseline_plus_kmer	leave_clade_out	0.6831777850381159	0.2125605793130526	0.2120333783426125	True
anchor_anchor	insect_primary_4096	c_elegans	0.8945547202059512	insect	other	nan	nan	nan	insect_primary_to_insect_fine	0.833784	0.964483	0.860195	10289793	9177183	0.3579248046875	900.0	2.9542425094393248	0	100286401	7	20924180	17493829	3	0.0	0.371376	1000000	8.001242045970857	0.8450980400142568	7.242884877035624	7.320648447384384	0.1475085510847136	0.0895808950573151	insect	western_honey_bee	0.014970819588936818	0.2348910010424242	0.010503518446379877	0.26487378816101664	baseline_plus_kmer	leave_clade_out	0.5490187596534902	0.23684471116765773	0.34553596055246094	True
anchor_anchor	insect_no_beetle_4096	c_elegans	0.5383685302773058	insect	other	nan	nan	nan	insect_no_beetle_to_insect_fine	0.833784	0.964483	0.860195	10289793	9177183	0.3579248046875	900.0	2.9542425094393248	0	100286401	7	20924180	17493829	3	0.0	0.371376	1000000	8.001242045970857	0.8450980400142568	7.242884877035624	7.320648447384384	0.1475085510847136	0.0895808950573151	insect	western_honey_bee	0.014970819588936818	0.2348910010424242	0.010503518446379877	0.26487378816101664	baseline_plus_kmer	leave_clade_out	0.5490187596534902	0.23684471116765773	0.010650229376184428	True
supp_h0_transfer	ntv2_500m_H0_w4096	c_elegans	0.345012472034356	human_h0_ntv2_500m	other	nan	nan	nan	transfer_BC_w4096	0.833784	0.964483	0.860195	10289793	9177183	0.3579248046875	900.0	2.9542425094393248	0	100286401	7	20924180	17493829	3	0.0	0.371376	1000000	8.001242045970857	0.8450980400142568	7.242884877035624	7.320648447384384	0.3448736563265228	0.3498680780416765	human_h0_ntv2_500m	human	0.0047726701833710125	0.3104308986917095	0.0047726701833710125	0.3104308986917095	baseline_plus_kmer	leave_clade_out	0.3007462608143656	0.2545922584175751	0.04426621121999036	True
final_errorbar	ntv3_100m_pre_w2048	c_elegans	0.2604444021620859	human_h0_ntv3_100m	other	animal_fine	3.0	0.0215523139867919	nan	0.833784	0.964483	0.860195	10289793	9177183	0.3579248046875	900.0	2.9542425094393248	0	100286401	7	20924180	17493829	3	0.0	0.371376	1000000	8.001242045970857	0.8450980400142568	7.242884877035624	7.320648447384384	0.3448736563265228	0.3498680780416765	human_h0_ntv3_100m	human	0.0047726701833710125	0.3104308986917095	0.0047726701833710125	0.3104308986917095	baseline_plus_kmer	leave_clade_out	0.3247814520576161	0.2571678851794741	0.06433704989553019	True
final_errorbar	ntv2_250m_w4096	c_elegans	0.1426005332526109	human_h0_ntv2_250m	other	animal_fine	3.0	0.0303152737505588	nan	0.833784	0.964483	0.860195	10289793	9177183	0.3579248046875	900.0	2.9542425094393248	0	100286401	7	20924180	17493829	3	0.0	0.371376	1000000	8.001242045970857	0.8450980400142568	7.242884877035624	7.320648447384384	0.3448736563265228	0.3498680780416765	human_h0_ntv2_250m	human	0.0047726701833710125	0.3104308986917095	0.0047726701833710125	0.3104308986917095	baseline_plus_kmer	leave_clade_out	0.29896696724062805	0.25054033607035453	0.15636643398801714	True
calib_anchor	TFREPAIR_invert_boost_animal_4096_seed42	cattle	0.9216935615407684	animal	vertebrate	nan	nan	nan	animal_invert_boost_to_cross_eval	0.48001	0.488924	0.963405	641516843	1264081324	nan	96.0	1.9822712330395684	1	2715853792	2211	158534110	103308737	12	0.0	0.438283	1000000	9.43390638599257	3.344588742578714	8.014137052114325	8.200122718862955	0.1961603645512639	0.1045802654699864	animal	zebrafish	0.007556675062972292	0.2799803385253285	0.004779504320268857	0.41803209946722686	baseline_plus_kmer	leave_clade_out	0.23688524810853995	0.34547051179044325	0.6848083134322285	True
calib_anchor	cross_supervised_4096	cattle	0.9213113792693672	cross	vertebrate	nan	nan	nan	cross_supervised_to_cross_eval	0.48001	0.488924	0.963405	641516843	1264081324	nan	96.0	1.9822712330395684	0	2715853792	2211	158534110	103308737	12	0.0	0.438283	1000000	9.43390638599257	3.344588742578714	8.014137052114325	8.200122718862955	0.1898193400311859	0.0914288745666459	cross	zebrafish	0.007556675062972292	0.2799803385253285	0.004147083900805754	0.40059555601938857	baseline_plus_kmer	leave_clade_out	0.22516993908641264	0.3475377436445365	0.6961414401829547	True
calib_anchor	insect_no_beetle_4096	cattle	0.2681289424464008	insect	vertebrate	nan	nan	nan	insect_no_beetle_to_cross_eval	0.48001	0.488924	0.963405	641516843	1264081324	nan	96.0	1.9822712330395684	0	2715853792	2211	158534110	103308737	12	0.0	0.438283	1000000	9.43390638599257	3.344588742578714	8.014137052114325	8.200122718862955	0.2674695235796735	0.15873003482616	insect	western_honey_bee	0.006289308176100629	0.29213510897825873	0.00464916762867218	0.31660074814759875	baseline_plus_kmer	leave_clade_out	0.2578196091373287	0.3208601003430282	0.010309333309072077	True
calib_anchor	plant_supervised_4096	cattle	0.0858809770068545	plant	vertebrate	nan	nan	nan	plant_supervised_to_cross_eval	0.48001	0.488924	0.963405	641516843	1264081324	nan	96.0	1.9822712330395684	0	2715853792	2211	158534110	103308737	12	0.0	0.438283	1000000	9.43390638599257	3.344588742578714	8.014137052114325	8.200122718862955	0.1939129743058688	0.0844629259880961	plant	thale_cress	0.0057832537088257484	0.29769388290752885	0.004268975470626056	0.319366348385849	baseline_plus_kmer	leave_clade_out	0.19120199003157584	0.29540276479396116	0.10532101302472134	True
supp_h0_transfer	ntv2_500m_H0_w4096	chicken	0.8516226680157541	human_h0_ntv2_500m	vertebrate	nan	nan	nan	transfer_BC_w4096	0.391291	0.394479	0.979765	40667484	101005421	0.4113284493284493	310.0	2.4913616938342726	0	1065365425	464	197608386	91315245	4	0.0017070808916752	0.549823	1000000	9.027498598235026	2.6665179805548807	7.96054328866985	8.29580537100184	0.1448915707647146	0.0601428909585745	human_h0_ntv2_500m	human	0.0057832537088257484	0.29769388290752885	0.0057832537088257484	0.29769388290752885	baseline_plus_kmer	leave_clade_out	0.7428325658988516	0.14345930003145335	0.10879010211690254	True
final_errorbar	ntv2_250m_w4096	chicken	0.843436719033926	human_h0_ntv2_250m	vertebrate	animal_fine	3.0	0.0193628216675568	nan	0.391291	0.394479	0.979765	40667484	101005421	0.4113284493284493	310.0	2.4913616938342726	0	1065365425	464	197608386	91315245	4	0.0017070808916752	0.549823	1000000	9.027498598235026	2.6665179805548807	7.96054328866985	8.29580537100184	0.1448915707647146	0.0601428909585745	human_h0_ntv2_250m	human	0.0057832537088257484	0.29769388290752885	0.0057832537088257484	0.29769388290752885	baseline_plus_kmer	leave_clade_out	0.7446249391812991	0.14046760235859204	0.0988117798526269	True
final_errorbar	ntv3_100m_pre_w2048	chicken	0.6195493201860316	human_h0_ntv3_100m	vertebrate	animal_fine	3.0	0.0701786703401454	nan	0.391291	0.394479	0.979765	40667484	101005421	0.4113284493284493	310.0	2.4913616938342726	0	1065365425	464	197608386	91315245	4	0.0017070808916752	0.549823	1000000	9.027498598235026	2.6665179805548807	7.96054328866985	8.29580537100184	0.1448915707647146	0.0601428909585745	human_h0_ntv3_100m	human	0.0057832537088257484	0.29769388290752885	0.0057832537088257484	0.29769388290752885	baseline_plus_kmer	leave_clade_out	0.7446249391812991	0.14046760235859204	0.12507561899526753	True
anchor_anchor	insect_no_beetle_4096	fruit_fly	0.944818571090276	insect	insect	nan	nan	nan	insect_no_beetle_to_insect_fine	0.888725	0.993839	0.893648	26497161	23825911	0.494656395206652	780.0	2.8920946026904804	1	143726002	1870	32079331	25286936	3	0.0	0.441621	1000000	8.157535345055386	3.271841606536499	7.402896209379677	7.506225302690743	0.1001622488462802	0.0254297426578645	insect	fruit_fly	1.0	0.0	0.5045408678102926	0.13391278403619908	baseline_plus_kmer	leave_clade_out	0.7361188803904439	0.16906383560860416	0.20869969069983207	True
anchor_anchor	TFREPAIR_invert_boost_animal_4096_seed42	fruit_fly	0.9437257723304636	animal	insect	nan	nan	nan	animal_invert_boost_to_insect_fine	0.888725	0.993839	0.893648	26497161	23825911	0.494656395206652	780.0	2.8920946026904804	1	143726002	1870	32079331	25286936	3	0.0	0.441621	1000000	8.157535345055386	3.271841606536499	7.402896209379677	7.506225302690743	0.0783631596802407	0.0157474491106001	animal	fruit_fly	1.0	0.0	0.17107312390337562	0.361475438739999	baseline_plus_kmer	leave_clade_out	0.8214257377253285	0.11977762814029387	0.12230003460513517	True
anchor_anchor	cross_supervised_4096	fruit_fly	0.942393180917196	cross	insect	nan	nan	nan	cross_supervised_to_insect_fine	0.888725	0.993839	0.893648	26497161	23825911	0.494656395206652	780.0	2.8920946026904804	0	143726002	1870	32079331	25286936	3	0.0	0.441621	1000000	8.157535345055386	3.271841606536499	7.402896209379677	7.506225302690743	0.0698216548368194	0.0106775865530966	cross	fruit_fly	1.0	0.0	0.12870734925659089	0.35822788434252495	baseline_plus_kmer	leave_clade_out	0.8566408287968765	0.08924089623802794	0.08575235212031951	True
anchor_anchor	insect_primary_4096	fruit_fly	0.9413841255319276	insect	insect	nan	nan	nan	insect_primary_to_insect_fine	0.888725	0.993839	0.893648	26497161	23825911	0.494656395206652	780.0	2.8920946026904804	1	143726002	1870	32079331	25286936	3	0.0	0.441621	1000000	8.157535345055386	3.271841606536499	7.402896209379677	7.506225302690743	0.1001622488462802	0.0254297426578645	insect	fruit_fly	1.0	0.0	0.5045408678102926	0.13391278403619908	baseline_plus_kmer	leave_clade_out	0.7361188803904439	0.16906383560860416	0.2052652451414837	True
supp_h0_transfer	ntv2_500m_H0_w4096	fruit_fly	0.6577990369528225	human_h0_ntv2_500m	insect	nan	nan	nan	transfer_BC_w4096	0.888725	0.993839	0.893648	26497161	23825911	0.494656395206652	780.0	2.8920946026904804	0	143726002	1870	32079331	25286936	3	0.0	0.441621	1000000	8.157535345055386	3.271841606536499	7.402896209379677	7.506225302690743	0.2474985795480165	0.15855331987712	human_h0_ntv2_500m	human	0.003009027081243731	0.34106638731693883	0.003009027081243731	0.34106638731693883	baseline_plus_kmer	leave_clade_out	0.47098244298437275	0.2403391851728531	0.18681659396844974	True
final_errorbar	ntv2_250m_w4096	fruit_fly	0.5533233517822065	human_h0_ntv2_250m	insect	animal_fine	3.0	0.0128215769678409	nan	0.888725	0.993839	0.893648	26497161	23825911	0.494656395206652	780.0	2.8920946026904804	0	143726002	1870	32079331	25286936	3	0.0	0.441621	1000000	8.157535345055386	3.271841606536499	7.402896209379677	7.506225302690743	0.2474985795480165	0.15855331987712	human_h0_ntv2_250m	human	0.003009027081243731	0.34106638731693883	0.003009027081243731	0.34106638731693883	baseline_plus_kmer	leave_clade_out	0.4611475453924518	0.24144928072331046	0.0921758063897547	True
final_errorbar	ntv3_100m_pre_w2048	fruit_fly	0.4822229619104726	human_h0_ntv3_100m	insect	animal_fine	3.0	0.1825771233602698	nan	0.888725	0.993839	0.893648	26497161	23825911	0.494656395206652	780.0	2.8920946026904804	0	143726002	1870	32079331	25286936	3	0.0	0.441621	1000000	8.157535345055386	3.271841606536499	7.402896209379677	7.506225302690743	0.2474985795480165	0.15855331987712	human_h0_ntv3_100m	human	0.003009027081243731	0.34106638731693883	0.003009027081243731	0.34106638731693883	baseline_plus_kmer	leave_clade_out	0.49986754569075714	0.20792511684836323	0.01764458378028455	True
calib_anchor	cross_supervised_4096	horse	0.8925601404845789	cross	vertebrate	nan	nan	nan	cross_supervised_to_cross_eval	0.791397	0.812579	0.968112	892563554	1063406667	nan	96.0	1.9822712330395684	0	188260577	1	188260577	188260577	1	0.0010189606601266	0.517305	1000000	8.27475938542357	0.0	8.27475938542357	8.27475938542357	0.2072733615749962	0.1175416603257882	cross	zebrafish	0.008572869389813415	0.2716361289950614	0.00408447992382229	0.4019382172622498	baseline_plus_kmer	leave_clade_out	0.23506463619402784	0.35030137689899193	0.657495504290551	True
calib_anchor	TFREPAIR_invert_boost_animal_4096_seed42	horse	0.8913728851560259	animal	vertebrate	nan	nan	nan	animal_invert_boost_to_cross_eval	0.791397	0.812579	0.968112	892563554	1063406667	nan	96.0	1.9822712330395684	1	188260577	1	188260577	188260577	1	0.0010189606601266	0.517305	1000000	8.27475938542357	0.0	8.27475938542357	8.27475938542357	0.2056004978397222	0.1203089942757705	animal	zebrafish	0.008572869389813415	0.2716361289950614	0.004653618742653688	0.4197215175742321	baseline_plus_kmer	leave_clade_out	0.2391892049447733	0.34008591034130775	0.6521836802112526	True
calib_anchor	insect_no_beetle_4096	horse	0.1869044858967403	insect	vertebrate	nan	nan	nan	insect_no_beetle_to_cross_eval	0.791397	0.812579	0.968112	892563554	1063406667	nan	96.0	1.9822712330395684	0	188260577	1	188260577	188260577	1	0.0010189606601266	0.517305	1000000	8.27475938542357	0.0	8.27475938542357	8.27475938542357	0.2746396996501602	0.1850487156640525	insect	fruit_fly	0.0037641154328732747	0.32619015056265815	0.0036382042292314194	0.3284899129455565	baseline_plus_kmer	leave_clade_out	0.2578196091373287	0.3208601003430282	0.0709151232405884	True
calib_anchor	plant_supervised_4096	horse	0.1025602154105038	plant	vertebrate	nan	nan	nan	plant_supervised_to_cross_eval	0.791397	0.812579	0.968112	892563554	1063406667	nan	96.0	1.9822712330395684	0	188260577	1	188260577	188260577	1	0.0010189606601266	0.517305	1000000	8.27475938542357	0.0	8.27475938542357	8.27475938542357	0.2026925587860898	0.1042618889160033	plant	sorghum	0.0045203415369161224	0.31403538010972787	0.0035126468408247743	0.33171061801320795	baseline_plus_kmer	leave_clade_out	0.2300533038909409	0.3517745701386394	0.1274930884804371	True
supp_h0_transfer	ntv2_500m_H0_w4096	human	0.961411324419745	human_h0_ntv2_500m	vertebrate	nan	nan	nan	transfer_BC_w4096	0.948128	0.966802	0.980034	1410192187	1429492481	nan	6.0	0.7781512503836436	0	248387328	1	248387328	248387328	1	0.0	0.550911	1000000	8.395129435626702	0.0	8.395129435626702	8.395129435626702	0.0	-2.220446049250313e-16	human_h0_ntv2_500m	human	1.0	0.0	1.0	0.0	baseline_plus_kmer	leave_clade_out	0.8625300410775849	0.057287104180775095	0.09888128334216006	True
calib_anchor	TFREPAIR_invert_boost_animal_4096_seed42	human	0.904946115719272	animal	vertebrate	nan	nan	nan	animal_invert_boost_to_cross_eval	0.948128	0.966802	0.980034	1410192187	1429492481	nan	6.0	0.7781512503836436	1	248387328	1	248387328	248387328	1	0.0	0.550911	1000000	8.395129435626702	0.0	8.395129435626702	8.395129435626702	0.2473971321688795	0.1687976905989935	animal	chicken	0.0057832537088257484	0.29769388290752885	0.003767943549025539	0.4301063629983694	baseline_plus_kmer	leave_clade_out	0.263041873643757	0.31766160013301675	0.641904242075515	True
calib_anchor	cross_supervised_4096	human	0.9023446184329426	cross	vertebrate	nan	nan	nan	cross_supervised_to_cross_eval	0.948128	0.966802	0.980034	1410192187	1429492481	nan	6.0	0.7781512503836436	0	248387328	1	248387328	248387328	1	0.0	0.550911	1000000	8.395129435626702	0.0	8.395129435626702	8.395129435626702	0.249220227348776	0.1685880996034323	cross	sorghum	0.005025125628140704	0.3070113457325394	0.00348294218224885	0.4079828934214672	baseline_plus_kmer	leave_clade_out	0.2572184370917726	0.3220997653590767	0.64512618134117	True
calib_anchor	insect_no_beetle_4096	human	0.1477908337777611	insect	vertebrate	nan	nan	nan	insect_no_beetle_to_cross_eval	0.948128	0.966802	0.980034	1410192187	1429492481	nan	6.0	0.7781512503836436	0	248387328	1	248387328	248387328	1	0.0	0.550911	1000000	8.395129435626702	0.0	8.395129435626702	8.395129435626702	0.3042605063379114	0.2325830037417954	insect	western_honey_bee	0.005530417295123178	0.3006573337455844	0.004269722188183454	0.32086186053126164	baseline_plus_kmer	leave_clade_out	0.25262995141473976	0.31858625071282465	0.10483911763697867	True
calib_anchor	plant_supervised_4096	human	0.1214275571269181	plant	vertebrate	nan	nan	nan	plant_supervised_to_cross_eval	0.948128	0.966802	0.980034	1410192187	1429492481	nan	6.0	0.7781512503836436	0	248387328	1	248387328	248387328	1	0.0	0.550911	1000000	8.395129435626702	0.0	8.395129435626702	8.395129435626702	0.242491599474234	0.153922806418943	plant	sorghum	0.005025125628140704	0.3070113457325394	0.00411712228496292	0.3206927537042909	baseline_plus_kmer	leave_clade_out	0.25763797853694215	0.32180079843289167	0.13621042141002404	True
calib_anchor	TFREPAIR_invert_boost_animal_4096_seed42	lizard	0.2416400416987031	animal	vertebrate	nan	nan	nan	animal_invert_boost_to_cross_eval	0.038956	0.053715	0.12417	41691771	96375917	nan	320.0	2.505149978319906	1	1799143587	6457	263920458	150641573	5	0.1263239468490436	0.405226	1000000	9.25506582513172	3.81003078640584	8.177944841937268	8.42147305620014	0.1334641792289605	0.0269436863730062	animal	c_elegans	0.008318628686664987	0.2736263265383735	0.004694911189318436	0.41814562651379633	baseline_plus_kmer	leave_clade_out	0.7180273378218075	0.15450834493632845	0.4763872961231044	True
calib_anchor	TFREPAIR_invert_boost_animal_4096_seed42	lizard	0.2416400416987031	animal	vertebrate	nan	nan	nan	animal_invert_boost_to_stress_eval	0.038956	0.053715	0.12417	41691771	96375917	nan	320.0	2.505149978319906	1	1799143587	6457	263920458	150641573	5	0.1263239468490436	0.405226	1000000	9.25506582513172	3.81003078640584	8.177944841937268	8.42147305620014	0.1334641792289605	0.0269436863730062	animal	c_elegans	0.008318628686664987	0.2736263265383735	0.004694911189318436	0.41814562651379633	baseline_plus_kmer	leave_clade_out	0.7180273378218075	0.15450834493632845	0.4763872961231044	True
anchor_anchor	TFREPAIR_invert_boost_animal_4096_seed42	lizard	0.2416400416987031	animal	vertebrate	nan	nan	nan	animal_invert_boost_to_insect_stress	0.038956	0.053715	0.12417	41691771	96375917	nan	320.0	2.505149978319906	1	1799143587	6457	263920458	150641573	5	0.1263239468490436	0.405226	1000000	9.25506582513172	3.81003078640584	8.177944841937268	8.42147305620014	0.1334641792289605	0.0269436863730062	animal	c_elegans	0.008318628686664987	0.2736263265383735	0.004694911189318436	0.41814562651379633	baseline_plus_kmer	leave_clade_out	0.7180273378218075	0.15450834493632845	0.4763872961231044	True
calib_anchor	cross_supervised_4096	lizard	0.2400380045378313	cross	vertebrate	nan	nan	nan	cross_supervised_to_cross_eval	0.038956	0.053715	0.12417	41691771	96375917	nan	320.0	2.505149978319906	0	1799143587	6457	263920458	150641573	5	0.1263239468490436	0.405226	1000000	9.25506582513172	3.81003078640584	8.177944841937268	8.42147305620014	0.1250077775938211	0.0186955209400064	cross	c_elegans	0.008318628686664987	0.2736263265383735	0.004273013040277895	0.39799641993128543	baseline_plus_kmer	leave_clade_out	0.7499615359761976	0.15691492591752684	0.5099235314383663	True
anchor_anchor	cross_supervised_4096	lizard	0.2400380045378313	cross	vertebrate	nan	nan	nan	cross_supervised_to_insect_stress	0.038956	0.053715	0.12417	41691771	96375917	nan	320.0	2.505149978319906	0	1799143587	6457	263920458	150641573	5	0.1263239468490436	0.405226	1000000	9.25506582513172	3.81003078640584	8.177944841937268	8.42147305620014	0.1250077775938211	0.0186955209400064	cross	c_elegans	0.008318628686664987	0.2736263265383735	0.004273013040277895	0.39799641993128543	baseline_plus_kmer	leave_clade_out	0.7499615359761976	0.15691492591752684	0.5099235314383663	True
calib_anchor	cross_supervised_4096	lizard	0.2400378125654802	cross	vertebrate	nan	nan	nan	cross_supervised_to_stress_eval	0.038956	0.053715	0.12417	41691771	96375917	nan	320.0	2.505149978319906	0	1799143587	6457	263920458	150641573	5	0.1263239468490436	0.405226	1000000	9.25506582513172	3.81003078640584	8.177944841937268	8.42147305620014	0.1250077775938211	0.0186955209400064	cross	c_elegans	0.008318628686664987	0.2736263265383735	0.004273013040277895	0.39799641993128543	baseline_plus_kmer	leave_clade_out	0.7499615359761976	0.15691492591752684	0.5099237234107175	True
calib_anchor	plant_supervised_4096	lizard	0.1506094759615682	plant	vertebrate	nan	nan	nan	plant_supervised_to_cross_eval	0.038956	0.053715	0.12417	41691771	96375917	nan	320.0	2.505149978319906	0	1799143587	6457	263920458	150641573	5	0.1263239468490436	0.405226	1000000	9.25506582513172	3.81003078640584	8.177944841937268	8.42147305620014	0.1437007905780181	0.0244025014930751	plant	rice	0.0047726701833710125	0.3104308986917095	0.003814758202952461	0.3258662163901701	baseline_plus_kmer	leave_clade_out	0.7468355360189766	0.1526303780875179	0.5962260600574083	True
calib_anchor	plant_supervised_4096	lizard	0.1506082021187199	plant	vertebrate	nan	nan	nan	plant_supervised_to_stress_eval	0.038956	0.053715	0.12417	41691771	96375917	nan	320.0	2.505149978319906	0	1799143587	6457	263920458	150641573	5	0.1263239468490436	0.405226	1000000	9.25506582513172	3.81003078640584	8.177944841937268	8.42147305620014	0.1437007905780181	0.0244025014930751	plant	rice	0.0047726701833710125	0.3104308986917095	0.003814758202952461	0.3258662163901701	baseline_plus_kmer	leave_clade_out	0.7468355360189766	0.1526303780875179	0.5962273339002566	True
anchor_anchor	insect_no_beetle_4096	lizard	0.1418302477559669	insect	vertebrate	nan	nan	nan	insect_no_beetle_to_insect_stress	0.038956	0.053715	0.12417	41691771	96375917	nan	320.0	2.505149978319906	0	1799143587	6457	263920458	150641573	5	0.1263239468490436	0.405226	1000000	9.25506582513172	3.81003078640584	8.177944841937268	8.42147305620014	0.2227930854265778	0.0763356261809606	insect	western_honey_bee	0.005530417295123178	0.3006573337455844	0.0047732407760756445	0.31127245811620224	baseline_plus_kmer	leave_clade_out	0.20696745506674785	0.28737874881928527	0.06513720731078096	True
calib_anchor	insect_no_beetle_4096	lizard	0.1418301390195415	insect	vertebrate	nan	nan	nan	insect_no_beetle_to_cross_eval	0.038956	0.053715	0.12417	41691771	96375917	nan	320.0	2.505149978319906	0	1799143587	6457	263920458	150641573	5	0.1263239468490436	0.405226	1000000	9.25506582513172	3.81003078640584	8.177944841937268	8.42147305620014	0.2227930854265778	0.0763356261809606	insect	western_honey_bee	0.005530417295123178	0.3006573337455844	0.0047732407760756445	0.31127245811620224	baseline_plus_kmer	leave_clade_out	0.20696745506674785	0.28737874881928527	0.06513731604720635	True
calib_anchor	insect_no_beetle_4096	lizard	0.1418301390195415	insect	vertebrate	nan	nan	nan	insect_no_beetle_to_stress_eval	0.038956	0.053715	0.12417	41691771	96375917	nan	320.0	2.505149978319906	0	1799143587	6457	263920458	150641573	5	0.1263239468490436	0.405226	1000000	9.25506582513172	3.81003078640584	8.177944841937268	8.42147305620014	0.2227930854265778	0.0763356261809606	insect	western_honey_bee	0.005530417295123178	0.3006573337455844	0.0047732407760756445	0.31127245811620224	baseline_plus_kmer	leave_clade_out	0.20696745506674785	0.28737874881928527	0.06513731604720635	True
anchor_anchor	insect_primary_4096	lizard	0.1034366102674265	insect	vertebrate	nan	nan	nan	insect_primary_to_insect_stress	0.038956	0.053715	0.12417	41691771	96375917	nan	320.0	2.505149978319906	0	1799143587	6457	263920458	150641573	5	0.1263239468490436	0.405226	1000000	9.25506582513172	3.81003078640584	8.177944841937268	8.42147305620014	0.2227930854265778	0.0763356261809606	insect	western_honey_bee	0.005530417295123178	0.3006573337455844	0.0047732407760756445	0.31127245811620224	baseline_plus_kmer	leave_clade_out	0.20696745506674785	0.28737874881928527	0.10353084479932136	True
calib_anchor	cross_supervised_4096	maize	0.9629892479990332	cross	plant	nan	nan	nan	cross_supervised_to_plant_fine	0.095466	0.095627	0.982637	173317530	1780954681	0.46090576171875	1500.0	3.1760912590556813	0	2182075994	685	308452471	226353449	5	0.0	0.477492	1000000	9.338869871458623	2.835690571492425	8.354787116327433	8.489188253709083	0.1047342415691722	0.0352286667600957	cross	maize	1.0	0.0	0.12794917164912717	0.3677349264449531	baseline_plus_kmer	leave_clade_out	0.8573858729709952	0.13152327422297846	0.10560337502803796	True
calib_anchor	plant_supervised_4096	maize	0.9619894139220538	plant	plant	nan	nan	nan	plant_supervised_to_plant_fine	0.095466	0.095627	0.982637	173317530	1780954681	0.46090576171875	1500.0	3.1760912590556813	1	2182075994	685	308452471	226353449	5	0.0	0.477492	1000000	9.338869871458623	2.835690571492425	8.354787116327433	8.489188253709083	0.0750299551353519	0.0155648060873412	plant	maize	1.0	0.0	0.2033138841501831	0.25625584586893513	baseline_plus_kmer	leave_clade_out	0.8544885863320384	0.15185060273563628	0.10750082759001545	True
calib_anchor	TFREPAIR_invert_boost_animal_4096_seed42	maize	0.9051649037911726	animal	plant	nan	nan	nan	animal_invert_boost_to_plant_fine	0.095466	0.095627	0.982637	173317530	1780954681	0.46090576171875	1500.0	3.1760912590556813	0	2182075994	685	308452471	226353449	5	0.0	0.477492	1000000	9.338869871458623	2.835690571492425	8.354787116327433	8.489188253709083	0.1273374287069573	0.0533723910378969	animal	western_honey_bee	0.005025125628140704	0.3070113457325394	0.0032634115604239684	0.4379740052416496	baseline_plus_kmer	leave_clade_out	0.8110463231008971	0.16789204625063814	0.09411858069027557	True
calib_anchor	insect_no_beetle_4096	maize	0.8258861241547802	insect	plant	nan	nan	nan	insect_no_beetle_to_plant_fine	0.095466	0.095627	0.982637	173317530	1780954681	0.46090576171875	1500.0	3.1760912590556813	0	2182075994	685	308452471	226353449	5	0.0	0.477492	1000000	9.338869871458623	2.835690571492425	8.354787116327433	8.489188253709083	0.1559084305251094	0.0702371900678909	insect	western_honey_bee	0.005025125628140704	0.3070113457325394	0.004142861284097942	0.3213707762689546	baseline_plus_kmer	leave_clade_out	0.7521626521849734	0.17194363274686827	0.07372347196980689	True
final_errorbar	ntv3_100m_pre_w2048	maize	0.6762307311381123	human_h0_ntv3_100m	plant	plant_fine	3.0	0.0224912037604054	nan	0.095466	0.095627	0.982637	173317530	1780954681	0.46090576171875	1500.0	3.1760912590556813	0	2182075994	685	308452471	226353449	5	0.0	0.477492	1000000	9.338869871458623	2.835690571492425	8.354787116327433	8.489188253709083	0.2040939811147172	0.106620240001949	human_h0_ntv3_100m	human	0.004016064257028112	0.3218875824868201	0.004016064257028112	0.3218875824868201	baseline_plus_kmer	leave_clade_out	0.49965302734409245	0.24417811139971307	0.17657770379401982	True
final_errorbar	ntv2_250m_w4096	maize	0.2409539973278451	human_h0_ntv2_250m	plant	plant_fine	3.0	0.0067936566735462	nan	0.095466	0.095627	0.982637	173317530	1780954681	0.46090576171875	1500.0	3.1760912590556813	0	2182075994	685	308452471	226353449	5	0.0	0.477492	1000000	9.338869871458623	2.835690571492425	8.354787116327433	8.489188253709083	0.2040939811147172	0.106620240001949	human_h0_ntv2_250m	human	0.004016064257028112	0.3218875824868201	0.004016064257028112	0.3218875824868201	baseline_plus_kmer	leave_clade_out	0.5497133967855417	0.27112918366157795	0.3087593994576966	True
supp_h0_transfer	ntv2_500m_H0_w4096	maize	0.2346799513542635	human_h0_ntv2_500m	plant	nan	nan	nan	transfer_BC_w4096	0.095466	0.095627	0.982637	173317530	1780954681	0.46090576171875	1500.0	3.1760912590556813	0	2182075994	685	308452471	226353449	5	0.0	0.477492	1000000	9.338869871458623	2.835690571492425	8.354787116327433	8.489188253709083	0.2040939811147172	0.106620240001949	human_h0_ntv2_500m	human	0.004016064257028112	0.3218875824868201	0.004016064257028112	0.3218875824868201	baseline_plus_kmer	leave_clade_out	0.5657427726092318	0.2786226430573241	0.3310628212549683	True
supp_h0_transfer	ntv2_500m_H0_w4096	mouse	0.937559801228433	human_h0_ntv2_500m	vertebrate	nan	nan	nan	transfer_BC_w4096	0.892472	0.903571	0.986424	1012599366	1105449631	0.4245689865689865	90.0	1.9542425094393248	0	2728222451	61	195154279	130530862	9	0.7530864197530864	0.386286	1000000	9.435879778485567	1.7853298350107671	8.115713206016725	8.290378078167688	0.3013870747975756	0.1905529139271684	human_h0_ntv2_500m	human	0.0	1.0	0.0	1.0	baseline_plus_kmer	leave_clade_out	0.29659816269235667	0.16657587548430117	0.6409616385360764	True
final_errorbar	ntv2_250m_w4096	mouse	0.9180812946491188	human_h0_ntv2_250m	vertebrate	animal_fine	3.0	0.0328346949301695	nan	0.892472	0.903571	0.986424	1012599366	1105449631	0.4245689865689865	90.0	1.9542425094393248	0	2728222451	61	195154279	130530862	9	0.7530864197530864	0.386286	1000000	9.435879778485567	1.7853298350107671	8.115713206016725	8.290378078167688	0.3013870747975756	0.1905529139271684	human_h0_ntv2_250m	human	0.0	1.0	0.0	1.0	baseline_plus_kmer	leave_clade_out	0.2911113350171542	0.16964132225737474	0.6269699596319647	True
final_errorbar	ntv3_100m_pre_w2048	mouse	0.7771925460040144	human_h0_ntv3_100m	vertebrate	animal_fine	3.0	0.0909697815563608	nan	0.892472	0.903571	0.986424	1012599366	1105449631	0.4245689865689865	90.0	1.9542425094393248	0	2728222451	61	195154279	130530862	9	0.7530864197530864	0.386286	1000000	9.435879778485567	1.7853298350107671	8.115713206016725	8.290378078167688	0.3013870747975756	0.1905529139271684	human_h0_ntv3_100m	human	0.0	1.0	0.0	1.0	baseline_plus_kmer	leave_clade_out	0.314930432082432	0.16505280290752666	0.46226211392158245	True
calib_anchor	TFREPAIR_invert_boost_animal_4096_seed42	opossum	0.8811419601553324	animal	vertebrate	nan	nan	nan	animal_invert_boost_to_cross_eval	0.387702	0.396173	0.947731	784870682	1877580601	nan	160.0	2.204119982655925	1	3605631728	11	748055161	527952102	3	0.0177926855021289	0.435701	1000000	9.556981366683372	1.041392685158225	8.72259452332798	8.873933623579223	0.1607102295887423	0.0512806903667795	animal	zebrafish	0.01035615054306643	0.25915535952251834	0.005919173183644179	0.4048484687282123	baseline_plus_kmer	leave_clade_out	0.3989436991729489	0.3536674397952827	0.4821982609823835	True
calib_anchor	cross_supervised_4096	opossum	0.8799647530707007	cross	vertebrate	nan	nan	nan	cross_supervised_to_cross_eval	0.387702	0.396173	0.947731	784870682	1877580601	nan	160.0	2.204119982655925	0	3605631728	11	748055161	527952102	3	0.0177926855021289	0.435701	1000000	9.556981366683372	1.041392685158225	8.72259452332798	8.873933623579223	0.1586751820351534	0.0461873669021071	cross	zebrafish	0.01035615054306643	0.25915535952251834	0.005758870302232056	0.3796592720350531	baseline_plus_kmer	leave_clade_out	0.4064159114015239	0.3661437004711911	0.47354884166917677	True
calib_anchor	insect_no_beetle_4096	opossum	0.3505344111723824	insect	vertebrate	nan	nan	nan	insect_no_beetle_to_cross_eval	0.387702	0.396173	0.947731	784870682	1877580601	nan	160.0	2.204119982655925	0	3605631728	11	748055161	527952102	3	0.0177926855021289	0.435701	1000000	9.556981366683372	1.041392685158225	8.72259452332798	8.873933623579223	0.2442594329957188	0.1031924297457334	insect	western_honey_bee	0.006795872136924239	0.28700437290251685	0.006289562922874994	0.2923491279050229	baseline_plus_kmer	leave_clade_out	0.25031628126948824	0.34086018132667456	0.10021812990289414	True
calib_anchor	plant_supervised_4096	opossum	0.3131202191971405	plant	vertebrate	nan	nan	nan	plant_supervised_to_cross_eval	0.387702	0.396173	0.947731	784870682	1877580601	nan	160.0	2.204119982655925	0	3605631728	11	748055161	527952102	3	0.0177926855021289	0.435701	1000000	9.556981366683372	1.041392685158225	8.72259452332798	8.873933623579223	0.1664911752100362	0.0432563267938208	plant	rice	0.006542526421741319	0.28952039476804003	0.005733093291372909	0.2987077906933562	baseline_plus_kmer	leave_clade_out	0.20106267650802406	0.2956773607883177	0.11205754268911644	True
calib_anchor	TFREPAIR_invert_boost_animal_4096_seed42	pig	0.8761131743803473	animal	vertebrate	nan	nan	nan	animal_invert_boost_to_cross_eval	0.582164	0.594998	0.964273	664295117	1076577590	nan	96.0	1.9822712330395684	1	274330532	1	274330532	274330532	1	0.0	0.530948	1000000	8.438274145705899	0.0	8.438274145705899	8.438274145705899	0.2077955972696367	0.1201355226055826	animal	chicken	0.006036217303822937	0.2948565752796091	0.004062053480986848	0.42517651498805437	baseline_plus_kmer	leave_clade_out	0.24265994070046765	0.3443374453597271	0.6334532336798797	True
calib_anchor	cross_supervised_4096	pig	0.8761042913185231	cross	vertebrate	nan	nan	nan	cross_supervised_to_cross_eval	0.582164	0.594998	0.964273	664295117	1076577590	nan	96.0	1.9822712330395684	0	274330532	1	274330532	274330532	1	0.0	0.530948	1000000	8.438274145705899	0.0	8.438274145705899	8.438274145705899	0.2098828548461344	0.1185655744818539	cross	zebrafish	0.0057832537088257484	0.29769388290752885	0.003452096599401688	0.41023971230813205	baseline_plus_kmer	leave_clade_out	0.2377040971345929	0.3515826009591254	0.6384001941839301	True
calib_anchor	insect_no_beetle_4096	pig	0.1493562637371058	insect	vertebrate	nan	nan	nan	insect_no_beetle_to_cross_eval	0.582164	0.594998	0.964273	664295117	1076577590	nan	96.0	1.9822712330395684	0	274330532	1	274330532	274330532	1	0.0	0.530948	1000000	8.438274145705899	0.0	8.438274145705899	8.438274145705899	0.2607430443062736	0.1731967686892715	insect	fruit_fly	0.004016064257028112	0.3218875824868201	0.0038900898449506934	0.3240388665247391	baseline_plus_kmer	leave_clade_out	0.2578196091373287	0.3208601003430282	0.1084633454002229	True
calib_anchor	plant_supervised_4096	pig	0.0856805344147079	plant	vertebrate	nan	nan	nan	plant_supervised_to_cross_eval	0.582164	0.594998	0.964273	664295117	1076577590	nan	96.0	1.9822712330395684	0	274330532	1	274330532	274330532	1	0.0	0.530948	1000000	8.438274145705899	0.0	8.438274145705899	8.438274145705899	0.2025970561124229	0.105606010363931	plant	rice	0.004016064257028112	0.3218875824868201	0.0032107623454464725	0.33859434433918734	baseline_plus_kmer	leave_clade_out	0.2300533038909409	0.3517745701386394	0.144372769476233	True
calib_anchor	insect_no_beetle_4096	red_flour_beetle	0.0059299524368398	insect	insect	nan	nan	nan	insect_no_beetle_to_cross_eval	0.027167	0.29354	0.029068	1816066	179836	nan	820.0	2.9138138523837167	1	199682416	2211	32080666	13894384	6	0.0	0.330472	1000000	8.300339822655378	3.344588742578714	7.142839297329219	7.506243375731907	0.182358478678621	0.080736532281517	insect	western_honey_bee	0.011122345803842264	0.25444752170825474	0.0085792815538326	0.27465204849393193	baseline_plus_kmer	leave_clade_out	0.5830387541928237	0.2303609466077725	0.5771088017559839	True
calib_anchor	insect_no_beetle_4096	red_flour_beetle	0.0059299524368398	insect	insect	nan	nan	nan	insect_no_beetle_to_stress_eval	0.027167	0.29354	0.029068	1816066	179836	nan	820.0	2.9138138523837167	1	199682416	2211	32080666	13894384	6	0.0	0.330472	1000000	8.300339822655378	3.344588742578714	7.142839297329219	7.506243375731907	0.182358478678621	0.080736532281517	insect	western_honey_bee	0.011122345803842264	0.25444752170825474	0.0085792815538326	0.27465204849393193	baseline_plus_kmer	leave_clade_out	0.5830387541928237	0.2303609466077725	0.5771088017559839	True
anchor_anchor	insect_no_beetle_4096	red_flour_beetle	0.0059299524368398	insect	insect	nan	nan	nan	insect_no_beetle_to_insect_stress	0.027167	0.29354	0.029068	1816066	179836	nan	820.0	2.9138138523837167	1	199682416	2211	32080666	13894384	6	0.0	0.330472	1000000	8.300339822655378	3.344588742578714	7.142839297329219	7.506243375731907	0.182358478678621	0.080736532281517	insect	western_honey_bee	0.011122345803842264	0.25444752170825474	0.0085792815538326	0.27465204849393193	baseline_plus_kmer	leave_clade_out	0.5830387541928237	0.2303609466077725	0.5771088017559839	True
anchor_anchor	insect_primary_4096	red_flour_beetle	0.0053634200258507	insect	insect	nan	nan	nan	insect_primary_to_insect_stress	0.027167	0.29354	0.029068	1816066	179836	nan	820.0	2.9138138523837167	1	199682416	2211	32080666	13894384	6	0.0	0.330472	1000000	8.300339822655378	3.344588742578714	7.142839297329219	7.506243375731907	0.182358478678621	0.080736532281517	insect	western_honey_bee	0.011122345803842264	0.25444752170825474	0.0085792815538326	0.27465204849393193	baseline_plus_kmer	leave_clade_out	0.5830387541928237	0.2303609466077725	0.577675334166973	True
calib_anchor	TFREPAIR_invert_boost_animal_4096_seed42	red_flour_beetle	0.0044488885799382	animal	insect	nan	nan	nan	animal_invert_boost_to_cross_eval	0.027167	0.29354	0.029068	1816066	179836	nan	820.0	2.9138138523837167	1	199682416	2211	32080666	13894384	6	0.0	0.330472	1000000	8.300339822655378	3.344588742578714	7.142839297329219	7.506243375731907	0.1716680913935699	0.0724491888367001	animal	c_elegans	0.015486164001015486	0.23266857302458474	0.007584523885984587	0.39905819788413927	baseline_plus_kmer	leave_clade_out	0.6634646868069233	0.2140226053579142	0.6590157982269851	True
calib_anchor	TFREPAIR_invert_boost_animal_4096_seed42	red_flour_beetle	0.0044488885799382	animal	insect	nan	nan	nan	animal_invert_boost_to_stress_eval	0.027167	0.29354	0.029068	1816066	179836	nan	820.0	2.9138138523837167	1	199682416	2211	32080666	13894384	6	0.0	0.330472	1000000	8.300339822655378	3.344588742578714	7.142839297329219	7.506243375731907	0.1716680913935699	0.0724491888367001	animal	c_elegans	0.015486164001015486	0.23266857302458474	0.007584523885984587	0.39905819788413927	baseline_plus_kmer	leave_clade_out	0.6634646868069233	0.2140226053579142	0.6590157982269851	True
anchor_anchor	TFREPAIR_invert_boost_animal_4096_seed42	red_flour_beetle	0.0044488885799382	animal	insect	nan	nan	nan	animal_invert_boost_to_insect_stress	0.027167	0.29354	0.029068	1816066	179836	nan	820.0	2.9138138523837167	1	199682416	2211	32080666	13894384	6	0.0	0.330472	1000000	8.300339822655378	3.344588742578714	7.142839297329219	7.506243375731907	0.1716680913935699	0.0724491888367001	animal	c_elegans	0.015486164001015486	0.23266857302458474	0.007584523885984587	0.39905819788413927	baseline_plus_kmer	leave_clade_out	0.6634646868069233	0.2140226053579142	0.6590157982269851	True
calib_anchor	cross_supervised_4096	red_flour_beetle	0.0030871384254842	cross	insect	nan	nan	nan	cross_supervised_to_cross_eval	0.027167	0.29354	0.029068	1816066	179836	nan	820.0	2.9138138523837167	0	199682416	2211	32080666	13894384	6	0.0	0.330472	1000000	8.300339822655378	3.344588742578714	7.142839297329219	7.506243375731907	0.1770641784426884	0.0859070146414682	cross	c_elegans	0.015486164001015486	0.23266857302458474	0.007130218132851764	0.3701289443818736	baseline_plus_kmer	leave_clade_out	0.6946615882355177	0.23360415505365562	0.6915744498100335	True
calib_anchor	cross_supervised_4096	red_flour_beetle	0.0030871384254842	cross	insect	nan	nan	nan	cross_supervised_to_stress_eval	0.027167	0.29354	0.029068	1816066	179836	nan	820.0	2.9138138523837167	0	199682416	2211	32080666	13894384	6	0.0	0.330472	1000000	8.300339822655378	3.344588742578714	7.142839297329219	7.506243375731907	0.1770641784426884	0.0859070146414682	cross	c_elegans	0.015486164001015486	0.23266857302458474	0.007130218132851764	0.3701289443818736	baseline_plus_kmer	leave_clade_out	0.6946615882355177	0.23360415505365562	0.6915744498100335	True
anchor_anchor	cross_supervised_4096	red_flour_beetle	0.0030871384254842	cross	insect	nan	nan	nan	cross_supervised_to_insect_stress	0.027167	0.29354	0.029068	1816066	179836	nan	820.0	2.9138138523837167	0	199682416	2211	32080666	13894384	6	0.0	0.330472	1000000	8.300339822655378	3.344588742578714	7.142839297329219	7.506243375731907	0.1770641784426884	0.0859070146414682	cross	c_elegans	0.015486164001015486	0.23266857302458474	0.007130218132851764	0.3701289443818736	baseline_plus_kmer	leave_clade_out	0.6946615882355177	0.23360415505365562	0.6915744498100335	True
calib_anchor	plant_supervised_4096	red_flour_beetle	0.0023709296255628	plant	insect	nan	nan	nan	plant_supervised_to_cross_eval	0.027167	0.29354	0.029068	1816066	179836	nan	820.0	2.9138138523837167	0	199682416	2211	32080666	13894384	6	0.0	0.330472	1000000	8.300339822655378	3.344588742578714	7.142839297329219	7.506243375731907	0.2062665763937115	0.1299963863429378	plant	maize	0.007556675062972292	0.2799803385253285	0.006391817070366698	0.2922710840261587	baseline_plus_kmer	leave_clade_out	0.6255117692582989	0.2900735898276791	0.623140839632736	True
calib_anchor	plant_supervised_4096	red_flour_beetle	0.0023709296255628	plant	insect	nan	nan	nan	plant_supervised_to_stress_eval	0.027167	0.29354	0.029068	1816066	179836	nan	820.0	2.9138138523837167	0	199682416	2211	32080666	13894384	6	0.0	0.330472	1000000	8.300339822655378	3.344588742578714	7.142839297329219	7.506243375731907	0.2062665763937115	0.1299963863429378	plant	maize	0.007556675062972292	0.2799803385253285	0.006391817070366698	0.2922710840261587	baseline_plus_kmer	leave_clade_out	0.6255117692582989	0.2900735898276791	0.623140839632736	True
calib_anchor	direct_red_flour_beetle_4096	red_flour_beetle	0.0	other_anchor	insect	nan	nan	nan	direct_beetle_to_cross_eval	0.027167	0.29354	0.029068	1816066	179836	nan	820.0	2.9138138523837167	0	199682416	2211	32080666	13894384	6	0.0	0.330472	1000000	8.300339822655378	3.344588742578714	7.142839297329219	7.506243375731907	0.387481875883399	0.3795499300235393	other_anchor	human	0.0035122930255895636	0.3307896753284549	0.0035122930255895636	0.3307896753284549	baseline_plus_kmer	leave_clade_out	0.2521921922797501	0.18869967984273114	0.2521921922797501	True
calib_anchor	direct_red_flour_beetle_4096	red_flour_beetle	0.0	other_anchor	insect	nan	nan	nan	direct_beetle_to_stress_eval	0.027167	0.29354	0.029068	1816066	179836	nan	820.0	2.9138138523837167	0	199682416	2211	32080666	13894384	6	0.0	0.330472	1000000	8.300339822655378	3.344588742578714	7.142839297329219	7.506243375731907	0.387481875883399	0.3795499300235393	other_anchor	human	0.0035122930255895636	0.3307896753284549	0.0035122930255895636	0.3307896753284549	baseline_plus_kmer	leave_clade_out	0.2521921922797501	0.18869967984273114	0.2521921922797501	True
calib_anchor	direct_western_honey_bee_4096	red_flour_beetle	0.0	other_anchor	insect	nan	nan	nan	direct_honeybee_to_cross_eval	0.027167	0.29354	0.029068	1816066	179836	nan	820.0	2.9138138523837167	0	199682416	2211	32080666	13894384	6	0.0	0.330472	1000000	8.300339822655378	3.344588742578714	7.142839297329219	7.506243375731907	0.387481875883399	0.3795499300235393	other_anchor	human	0.0035122930255895636	0.3307896753284549	0.0035122930255895636	0.3307896753284549	baseline_plus_kmer	leave_clade_out	0.2521921922797501	0.18869967984273114	0.2521921922797501	True
calib_anchor	direct_western_honey_bee_4096	red_flour_beetle	0.0	other_anchor	insect	nan	nan	nan	direct_honeybee_to_stress_eval	0.027167	0.29354	0.029068	1816066	179836	nan	820.0	2.9138138523837167	0	199682416	2211	32080666	13894384	6	0.0	0.330472	1000000	8.300339822655378	3.344588742578714	7.142839297329219	7.506243375731907	0.387481875883399	0.3795499300235393	other_anchor	human	0.0035122930255895636	0.3307896753284549	0.0035122930255895636	0.3307896753284549	baseline_plus_kmer	leave_clade_out	0.2521921922797501	0.18869967984273114	0.2521921922797501	True
calib_anchor	direct_red_flour_beetle_4096	red_flour_beetle	0.0	other_anchor	insect	nan	nan	nan	direct_beetle_own_holdout	0.027167	0.29354	0.029068	1816066	179836	nan	820.0	2.9138138523837167	0	199682416	2211	32080666	13894384	6	0.0	0.330472	1000000	8.300339822655378	3.344588742578714	7.142839297329219	7.506243375731907	0.387481875883399	0.3795499300235393	other_anchor	human	0.0035122930255895636	0.3307896753284549	0.0035122930255895636	0.3307896753284549	baseline_plus_kmer	leave_clade_out	0.2521921922797501	0.18869967984273114	0.2521921922797501	True
calib_anchor	cross_supervised_4096	rice	0.8757886614942711	cross	plant	nan	nan	nan	cross_supervised_to_plant_fine	0.042709	0.042814	0.945597	6804792	150290274	0.4367724609375	1500.0	3.1760912590556813	0	375049285	63	43270923	29958434	6	0.0009990009990009	0.440543	1000000	8.574088341853379	1.7993405494535817	7.476519107994928	7.636196159112094	0.0509643028428826	0.0089788460254062	cross	rice	1.0	0.0	0.12975073397671608	0.3457527198120651	baseline_plus_kmer	leave_clade_out	0.8630965638590276	0.12561187088715828	0.012692097635243593	True
calib_anchor	plant_supervised_4096	rice	0.8707687905287769	plant	plant	nan	nan	nan	plant_supervised_to_plant_fine	0.042709	0.042814	0.945597	6804792	150290274	0.4367724609375	1500.0	3.1760912590556813	1	375049285	63	43270923	29958434	6	0.0009990009990009	0.440543	1000000	8.574088341853379	1.7993405494535817	7.476519107994928	7.636196159112094	0.0266445732235012	0.0019077973482301	plant	rice	1.0	0.0	0.20493186326624202	0.23656122869633292	baseline_plus_kmer	leave_clade_out	0.8572929129125773	0.1492049638117612	0.013475877616199616	True
calib_anchor	TFREPAIR_invert_boost_animal_4096_seed42	rice	0.7436754544113025	animal	plant	nan	nan	nan	animal_invert_boost_to_plant_fine	0.042709	0.042814	0.945597	6804792	150290274	0.4367724609375	1500.0	3.1760912590556813	0	375049285	63	43270923	29958434	6	0.0009990009990009	0.440543	1000000	8.574088341853379	1.7993405494535817	7.476519107994928	7.636196159112094	0.0884855408342787	0.024015940484199	animal	western_honey_bee	0.008827238335435058	0.26970362653684454	0.005414294543385888	0.4127043451398356	baseline_plus_kmer	leave_clade_out	0.8623216981984242	0.1302023953003703	0.11864624378712174	True
calib_anchor	insect_no_beetle_4096	rice	0.6461381376419327	insect	plant	nan	nan	nan	insect_no_beetle_to_plant_fine	0.042709	0.042814	0.945597	6804792	150290274	0.4367724609375	1500.0	3.1760912590556813	0	375049285	63	43270923	29958434	6	0.0009990009990009	0.440543	1000000	8.574088341853379	1.7993405494535817	7.476519107994928	7.636196159112094	0.1297892289697576	0.0416255932528221	insect	western_honey_bee	0.008827238335435058	0.26970362653684454	0.00667378993617559	0.2918695033232862	baseline_plus_kmer	leave_clade_out	0.8161089466106057	0.17792660216075581	0.169970808968673	True
final_errorbar	ntv3_100m_pre_w2048	rice	0.4280118170164783	human_h0_ntv3_100m	plant	plant_fine	3.0	0.0089135891045139	nan	0.042709	0.042814	0.945597	6804792	150290274	0.4367724609375	1500.0	3.1760912590556813	0	375049285	63	43270923	29958434	6	0.0009990009990009	0.440543	1000000	8.574088341853379	1.7993405494535817	7.476519107994928	7.636196159112094	0.2387362365796297	0.1495374763496936	human_h0_ntv3_100m	human	0.004016064257028112	0.3218875824868201	0.004016064257028112	0.3218875824868201	baseline_plus_kmer	leave_clade_out	0.4986543201775558	0.24898674960553338	0.07064250316107751	True
final_errorbar	ntv2_250m_w4096	rice	0.1180575922330197	human_h0_ntv2_250m	plant	plant_fine	3.0	0.0082940112619889	nan	0.042709	0.042814	0.945597	6804792	150290274	0.4367724609375	1500.0	3.1760912590556813	0	375049285	63	43270923	29958434	6	0.0009990009990009	0.440543	1000000	8.574088341853379	1.7993405494535817	7.476519107994928	7.636196159112094	0.2387362365796297	0.1495374763496936	human_h0_ntv2_250m	human	0.004016064257028112	0.3218875824868201	0.004016064257028112	0.3218875824868201	baseline_plus_kmer	leave_clade_out	0.5553223552317819	0.2804348483725486	0.43726476299876216	True
supp_h0_transfer	ntv2_500m_H0_w4096	rice	0.115519977917328	human_h0_ntv2_500m	plant	nan	nan	nan	transfer_BC_w4096	0.042709	0.042814	0.945597	6804792	150290274	0.4367724609375	1500.0	3.1760912590556813	0	375049285	63	43270923	29958434	6	0.0009990009990009	0.440543	1000000	8.574088341853379	1.7993405494535817	7.476519107994928	7.636196159112094	0.2387362365796297	0.1495374763496936	human_h0_ntv2_500m	human	0.004016064257028112	0.3218875824868201	0.004016064257028112	0.3218875824868201	baseline_plus_kmer	leave_clade_out	0.5720133893896437	0.28696376327479406	0.45649341147231576	True
calib_anchor	cross_supervised_4096	sorghum	0.9154621597006132	cross	plant	nan	nan	nan	cross_supervised_to_plant_fine	0.057919	0.05798	0.982235	24648380	417568699	0.43649658203125	1500.0	3.1760912590556813	0	709344700	869	80884392	68658214	5	0.0	0.442729	1000000	8.85085732817176	2.9390197764486663	7.836692501973025	7.907864725292852	0.0537853232039029	0.0104612611262495	cross	sorghum	1.0	0.0	0.13054480664342852	0.339168602296494	baseline_plus_kmer	leave_clade_out	0.8630965638590276	0.12561187088715828	0.05236559584158562	True
calib_anchor	plant_supervised_4096	sorghum	0.9087078620701828	plant	plant	nan	nan	nan	plant_supervised_to_plant_fine	0.057919	0.05798	0.982235	24648380	417568699	0.43649658203125	1500.0	3.1760912590556813	1	709344700	869	80884392	68658214	5	0.0	0.442729	1000000	8.85085732817176	2.9390197764486663	7.836692501973025	7.907864725292852	0.0273914249208693	0.0019576048399221	plant	sorghum	1.0	0.0	0.20533854626250186	0.23331293426089625	baseline_plus_kmer	leave_clade_out	0.8572929129125773	0.1492049638117612	0.05141494915760558	True
calib_anchor	TFREPAIR_invert_boost_animal_4096_seed42	sorghum	0.8370785739861111	animal	plant	nan	nan	nan	animal_invert_boost_to_plant_fine	0.057919	0.05798	0.982235	24648380	417568699	0.43649658203125	1500.0	3.1760912590556813	0	709344700	869	80884392	68658214	5	0.0	0.442729	1000000	8.85085732817176	2.9390197764486663	7.836692501973025	7.907864725292852	0.0942512747889714	0.0278449023844741	animal	c_elegans	0.009845998485231003	0.26248938756082907	0.0057520796300652354	0.4081500510093965	baseline_plus_kmer	leave_clade_out	0.8625649841566114	0.1290138084644645	0.02548641017050035	True
calib_anchor	insect_no_beetle_4096	sorghum	0.7395318366775196	insect	plant	nan	nan	nan	insect_no_beetle_to_plant_fine	0.057919	0.05798	0.982235	24648380	417568699	0.43649658203125	1500.0	3.1760912590556813	0	709344700	869	80884392	68658214	5	0.0	0.442729	1000000	8.85085732817176	2.9390197764486663	7.836692501973025	7.907864725292852	0.1395994473150001	0.0492361155990339	insect	western_honey_bee	0.006289308176100629	0.29213510897825873	0.005530989179735821	0.3012830038349841	baseline_plus_kmer	leave_clade_out	0.8103182071286746	0.17513708966576544	0.07078637045115499	True
final_errorbar	ntv3_100m_pre_w2048	sorghum	0.4747462171975484	human_h0_ntv3_100m	plant	plant_fine	3.0	0.0156681636990695	nan	0.057919	0.05798	0.982235	24648380	417568699	0.43649658203125	1500.0	3.1760912590556813	0	709344700	869	80884392	68658214	5	0.0	0.442729	1000000	8.85085732817176	2.9390197764486663	7.836692501973025	7.907864725292852	0.2366280772731148	0.1465793330978378	human_h0_ntv3_100m	human	0.005025125628140704	0.3070113457325394	0.005025125628140704	0.3070113457325394	baseline_plus_kmer	leave_clade_out	0.4986543201775558	0.24898674960553338	0.023908102980007395	True
supp_h0_transfer	ntv2_500m_H0_w4096	sorghum	0.1793904911276665	human_h0_ntv2_500m	plant	nan	nan	nan	transfer_BC_w4096	0.057919	0.05798	0.982235	24648380	417568699	0.43649658203125	1500.0	3.1760912590556813	0	709344700	869	80884392	68658214	5	0.0	0.442729	1000000	8.85085732817176	2.9390197764486663	7.836692501973025	7.907864725292852	0.2366280772731148	0.1465793330978378	human_h0_ntv2_500m	human	0.005025125628140704	0.3070113457325394	0.005025125628140704	0.3070113457325394	baseline_plus_kmer	leave_clade_out	0.5720133893896437	0.28696376327479406	0.39262289826197727	True
final_errorbar	ntv2_250m_w4096	sorghum	0.1551588113564608	human_h0_ntv2_250m	plant	plant_fine	3.0	0.0342168256944894	nan	0.057919	0.05798	0.982235	24648380	417568699	0.43649658203125	1500.0	3.1760912590556813	0	709344700	869	80884392	68658214	5	0.0	0.442729	1000000	8.85085732817176	2.9390197764486663	7.836692501973025	7.907864725292852	0.2366280772731148	0.1465793330978378	human_h0_ntv2_250m	human	0.005025125628140704	0.3070113457325394	0.005025125628140704	0.3070113457325394	baseline_plus_kmer	leave_clade_out	0.5553223552317819	0.2804348483725486	0.40016354387532105	True
calib_anchor	TFREPAIR_invert_boost_animal_4096_seed42	soybean	0.5650860204945004	animal	plant	nan	nan	nan	animal_invert_boost_to_cross_eval	0.121572	0.122064	0.967888	51176368	405794558	nan	1550.0	3.1903316981702914	0	978491270	1190	58018742	48577505	10	0.0140867288186392	0.330132	1000000	8.990556955279926	3.0755469613925306	7.686435205146788	7.763568307914055	0.1721211082809056	0.0467496388777612	animal	c_elegans	0.015486164001015486	0.23266857302458474	0.008646221034963925	0.38898844540057326	baseline_plus_kmer	leave_clade_out	0.2351523077273789	0.22849375502295324	0.32993371276712147	True
calib_anchor	TFREPAIR_invert_boost_animal_4096_seed42	soybean	0.5650854892493286	animal	plant	nan	nan	nan	animal_invert_boost_to_plant_eval	0.121572	0.122064	0.967888	51176368	405794558	nan	1550.0	3.1903316981702914	0	978491270	1190	58018742	48577505	10	0.0140867288186392	0.330132	1000000	8.990556955279926	3.0755469613925306	7.686435205146788	7.763568307914055	0.1721211082809056	0.0467496388777612	animal	c_elegans	0.015486164001015486	0.23266857302458474	0.008646221034963925	0.38898844540057326	baseline_plus_kmer	leave_clade_out	0.2351523077273789	0.22849375502295324	0.3299331815219496	True
calib_anchor	insect_no_beetle_4096	soybean	0.4867824461937038	insect	plant	nan	nan	nan	insect_no_beetle_to_cross_eval	0.121572	0.122064	0.967888	51176368	405794558	nan	1550.0	3.1903316981702914	0	978491270	1190	58018742	48577505	10	0.0140867288186392	0.330132	1000000	8.990556955279926	3.0755469613925306	7.686435205146788	7.763568307914055	0.2213663352869438	0.0708915192575917	insect	western_honey_bee	0.014198782961460446	0.23837005125379554	0.010370654691600882	0.2639452230109178	baseline_plus_kmer	leave_clade_out	0.10809774032147929	0.11684195576086188	0.3786847058722245	True
calib_anchor	insect_no_beetle_4096	soybean	0.4867824461937038	insect	plant	nan	nan	nan	insect_no_beetle_to_plant_eval	0.121572	0.122064	0.967888	51176368	405794558	nan	1550.0	3.1903316981702914	0	978491270	1190	58018742	48577505	10	0.0140867288186392	0.330132	1000000	8.990556955279926	3.0755469613925306	7.686435205146788	7.763568307914055	0.2213663352869438	0.0708915192575917	insect	western_honey_bee	0.014198782961460446	0.23837005125379554	0.010370654691600882	0.2639452230109178	baseline_plus_kmer	leave_clade_out	0.10809774032147929	0.11684195576086188	0.3786847058722245	True
calib_anchor	cross_supervised_4096	soybean	0.4136761357660033	cross	plant	nan	nan	nan	cross_supervised_to_cross_eval	0.121572	0.122064	0.967888	51176368	405794558	nan	1550.0	3.1903316981702914	0	978491270	1190	58018742	48577505	10	0.0140867288186392	0.330132	1000000	8.990556955279926	3.0755469613925306	7.686435205146788	7.763568307914055	0.1689640981121739	0.0484850139947763	cross	c_elegans	0.015486164001015486	0.23266857302458474	0.007956602986319066	0.36343110874852025	baseline_plus_kmer	leave_clade_out	0.24506843818068733	0.24394989814470475	0.168607697585316	True
calib_anchor	cross_supervised_4096	soybean	0.4136761357660033	cross	plant	nan	nan	nan	cross_supervised_to_plant_eval	0.121572	0.122064	0.967888	51176368	405794558	nan	1550.0	3.1903316981702914	0	978491270	1190	58018742	48577505	10	0.0140867288186392	0.330132	1000000	8.990556955279926	3.0755469613925306	7.686435205146788	7.763568307914055	0.1689640981121739	0.0484850139947763	cross	c_elegans	0.015486164001015486	0.23266857302458474	0.007956602986319066	0.36343110874852025	baseline_plus_kmer	leave_clade_out	0.24506843818068733	0.24394989814470475	0.168607697585316	True
calib_anchor	plant_supervised_4096	soybean	0.4115535505913839	plant	plant	nan	nan	nan	plant_supervised_to_cross_eval	0.121572	0.122064	0.967888	51176368	405794558	nan	1550.0	3.1903316981702914	1	978491270	1190	58018742	48577505	10	0.0140867288186392	0.330132	1000000	8.990556955279926	3.0755469613925306	7.686435205146788	7.763568307914055	0.1946953499497931	0.0763255186024801	plant	thale_cress	0.014198782961460446	0.23837005125379554	0.008837825572143599	0.27442917651582677	baseline_plus_kmer	leave_clade_out	0.1232072295072063	0.1661726114434692	0.28834632108417757	True
calib_anchor	plant_supervised_4096	soybean	0.4115535505913839	plant	plant	nan	nan	nan	plant_supervised_to_plant_eval	0.121572	0.122064	0.967888	51176368	405794558	nan	1550.0	3.1903316981702914	1	978491270	1190	58018742	48577505	10	0.0140867288186392	0.330132	1000000	8.990556955279926	3.0755469613925306	7.686435205146788	7.763568307914055	0.1946953499497931	0.0763255186024801	plant	thale_cress	0.014198782961460446	0.23837005125379554	0.008837825572143599	0.27442917651582677	baseline_plus_kmer	leave_clade_out	0.1232072295072063	0.1661726114434692	0.28834632108417757	True
calib_anchor	plant_supervised_4096	teosinte	0.9308197551982428	plant	plant	nan	nan	nan	plant_supervised_to_cross_eval	0.086856	0.088019	0.868021	259955621	2563626352	nan	1500.0	3.1760912590556813	1	3290921811	8365	294039681	175094470	8	0.0	0.438516	1000000	9.517317564015846	3.922465945298413	8.243272429998866	8.468405942917126	0.2100077500333409	0.103231294898657	plant	maize	0.11950741673663588	0.10294122975423052	0.026661584705627107	0.288035154362955	baseline_plus_kmer	leave_clade_out	0.11007435278303647	0.1726939240428544	0.8207454024152063	True
calib_anchor	plant_supervised_4096	teosinte	0.9308197551982428	plant	plant	nan	nan	nan	plant_supervised_to_plant_eval	0.086856	0.088019	0.868021	259955621	2563626352	nan	1500.0	3.1760912590556813	1	3290921811	8365	294039681	175094470	8	0.0	0.438516	1000000	9.517317564015846	3.922465945298413	8.243272429998866	8.468405942917126	0.2100077500333409	0.103231294898657	plant	maize	0.11950741673663588	0.10294122975423052	0.026661584705627107	0.288035154362955	baseline_plus_kmer	leave_clade_out	0.11007435278303647	0.1726939240428544	0.8207454024152063	True
calib_anchor	cross_supervised_4096	teosinte	0.9299634062638152	cross	plant	nan	nan	nan	cross_supervised_to_cross_eval	0.086856	0.088019	0.868021	259955621	2563626352	nan	1500.0	3.1760912590556813	0	3290921811	8365	294039681	175094470	8	0.0	0.438516	1000000	9.517317564015846	3.922465945298413	8.243272429998866	8.468405942917126	0.2120411295082017	0.1047709646574465	cross	maize	0.11950741673663588	0.10294122975423052	0.017635981476163853	0.38584098565941843	baseline_plus_kmer	leave_clade_out	0.17989038490890788	0.2823309209036048	0.7500730213549074	True
calib_anchor	cross_supervised_4096	teosinte	0.9299634062638152	cross	plant	nan	nan	nan	cross_supervised_to_plant_eval	0.086856	0.088019	0.868021	259955621	2563626352	nan	1500.0	3.1760912590556813	0	3290921811	8365	294039681	175094470	8	0.0	0.438516	1000000	9.517317564015846	3.922465945298413	8.243272429998866	8.468405942917126	0.2120411295082017	0.1047709646574465	cross	maize	0.11950741673663588	0.10294122975423052	0.017635981476163853	0.38584098565941843	baseline_plus_kmer	leave_clade_out	0.17989038490890788	0.2823309209036048	0.7500730213549074	True
calib_anchor	TFREPAIR_invert_boost_animal_4096_seed42	teosinte	0.8886845637016639	animal	plant	nan	nan	nan	animal_invert_boost_to_cross_eval	0.086856	0.088019	0.868021	259955621	2563626352	nan	1500.0	3.1760912590556813	0	3290921811	8365	294039681	175094470	8	0.0	0.438516	1000000	9.517317564015846	3.922465945298413	8.243272429998866	8.468405942917126	0.2168178063542519	0.1112460410900726	animal	western_honey_bee	0.005025125628140704	0.3070113457325394	0.0026768548044381144	0.4546859763169415	baseline_plus_kmer	leave_clade_out	0.16801130596157393	0.2630797372812219	0.7206732577400901	True
calib_anchor	TFREPAIR_invert_boost_animal_4096_seed42	teosinte	0.8886845637016639	animal	plant	nan	nan	nan	animal_invert_boost_to_plant_eval	0.086856	0.088019	0.868021	259955621	2563626352	nan	1500.0	3.1760912590556813	0	3290921811	8365	294039681	175094470	8	0.0	0.438516	1000000	9.517317564015846	3.922465945298413	8.243272429998866	8.468405942917126	0.2168178063542519	0.1112460410900726	animal	western_honey_bee	0.005025125628140704	0.3070113457325394	0.0026768548044381144	0.4546859763169415	baseline_plus_kmer	leave_clade_out	0.16801130596157393	0.2630797372812219	0.7206732577400901	True
calib_anchor	insect_no_beetle_4096	teosinte	0.7928110204987012	insect	plant	nan	nan	nan	insect_no_beetle_to_cross_eval	0.086856	0.088019	0.868021	259955621	2563626352	nan	1500.0	3.1760912590556813	0	3290921811	8365	294039681	175094470	8	0.0	0.438516	1000000	9.517317564015846	3.922465945298413	8.243272429998866	8.468405942917126	0.24756711504357	0.1387104209292143	insect	western_honey_bee	0.005025125628140704	0.3070113457325394	0.004142861284097942	0.3213707762689546	baseline_plus_kmer	leave_clade_out	0.11703430207388912	0.16604405071405026	0.6757767184248121	True
calib_anchor	insect_no_beetle_4096	teosinte	0.7928110204987012	insect	plant	nan	nan	nan	insect_no_beetle_to_plant_eval	0.086856	0.088019	0.868021	259955621	2563626352	nan	1500.0	3.1760912590556813	0	3290921811	8365	294039681	175094470	8	0.0	0.438516	1000000	9.517317564015846	3.922465945298413	8.243272429998866	8.468405942917126	0.24756711504357	0.1387104209292143	insect	western_honey_bee	0.005025125628140704	0.3070113457325394	0.004142861284097942	0.3213707762689546	baseline_plus_kmer	leave_clade_out	0.11703430207388912	0.16604405071405026	0.6757767184248121	True
calib_anchor	cross_supervised_4096	thale_cress	0.7121875392581978	cross	plant	nan	nan	nan	cross_supervised_to_plant_fine	0.043011	0.043145	0.932855	1297325	28049979	0.37922119140625	1550.0	3.1903316981702914	0	119667750	7	30427671	23459830	3	0.0	0.372445	1000000	8.077977125476142	0.8450980400142568	7.370324860706645	7.48326871178776	0.1110569059282151	0.0213077580291249	cross	zebrafish	0.009591115598182737	0.26422108665437977	0.006171162289570814	0.3760555391738481	baseline_plus_kmer	leave_clade_out	0.7755628989396528	0.21467768166760312	0.06337535968145502	True
calib_anchor	plant_supervised_4096	thale_cress	0.6974776069597389	plant	plant	nan	nan	nan	plant_supervised_to_plant_fine	0.043011	0.043145	0.932855	1297325	28049979	0.37922119140625	1550.0	3.1903316981702914	1	119667750	7	30427671	23459830	3	0.0	0.372445	1000000	8.077977125476142	0.8450980400142568	7.370324860706645	7.48326871178776	0.1249666485378415	0.0307960258984802	plant	thale_cress	1.0	0.0	0.2046275443404551	0.23908445535817996	baseline_plus_kmer	leave_clade_out	0.7527773144912933	0.24131403314213434	0.05529970753155433	True
calib_anchor	TFREPAIR_invert_boost_animal_4096_seed42	thale_cress	0.2079073653834738	animal	plant	nan	nan	nan	animal_invert_boost_to_plant_fine	0.043011	0.043145	0.932855	1297325	28049979	0.37922119140625	1550.0	3.1903316981702914	0	119667750	7	30427671	23459830	3	0.0	0.372445	1000000	8.077977125476142	0.8450980400142568	7.370324860706645	7.48326871178776	0.1234742428456467	0.0279292546598651	animal	western_honey_bee	0.01035615054306643	0.25915535952251834	0.0066413873495687606	0.4013179338212955	baseline_plus_kmer	leave_clade_out	0.7671450521435542	0.22062375108253227	0.5592376867600805	True
calib_anchor	insect_no_beetle_4096	thale_cress	0.1382559591838703	insect	plant	nan	nan	nan	insect_no_beetle_to_plant_fine	0.043011	0.043145	0.932855	1297325	28049979	0.37922119140625	1550.0	3.1903316981702914	0	119667750	7	30427671	23459830	3	0.0	0.372445	1000000	8.077977125476142	0.8450980400142568	7.370324860706645	7.48326871178776	0.1564172368424756	0.0430840989911306	insect	western_honey_bee	0.01035615054306643	0.25915535952251834	0.008702747980495954	0.2718676114068218	baseline_plus_kmer	leave_clade_out	0.7214755024682931	0.20138861246030548	0.5832195432844227	True
final_errorbar	ntv3_100m_pre_w2048	thale_cress	0.1299511497000876	human_h0_ntv3_100m	plant	plant_fine	3.0	0.0173026332429277	nan	0.043011	0.043145	0.932855	1297325	28049979	0.37922119140625	1550.0	3.1903316981702914	0	119667750	7	30427671	23459830	3	0.0	0.372445	1000000	8.077977125476142	0.8450980400142568	7.370324860706645	7.48326871178776	0.3352596901322179	0.268016439460078	human_h0_ntv3_100m	human	0.004016064257028112	0.3218875824868201	0.004016064257028112	0.3218875824868201	baseline_plus_kmer	leave_clade_out	0.3950327816447783	0.216729697005408	0.2650816319446907	True
final_errorbar	ntv2_250m_w4096	thale_cress	0.059250325526733	human_h0_ntv2_250m	plant	plant_fine	3.0	0.0279221757123653	nan	0.043011	0.043145	0.932855	1297325	28049979	0.37922119140625	1550.0	3.1903316981702914	0	119667750	7	30427671	23459830	3	0.0	0.372445	1000000	8.077977125476142	0.8450980400142568	7.370324860706645	7.48326871178776	0.3352596901322179	0.268016439460078	human_h0_ntv2_250m	human	0.004016064257028112	0.3218875824868201	0.004016064257028112	0.3218875824868201	baseline_plus_kmer	leave_clade_out	0.42726200245588825	0.24962024257140558	0.36801167692915526	True
supp_h0_transfer	ntv2_500m_H0_w4096	thale_cress	0.0350888069185704	human_h0_ntv2_500m	plant	nan	nan	nan	transfer_BC_w4096	0.043011	0.043145	0.932855	1297325	28049979	0.37922119140625	1550.0	3.1903316981702914	0	119667750	7	30427671	23459830	3	0.0	0.372445	1000000	8.077977125476142	0.8450980400142568	7.370324860706645	7.48326871178776	0.3352596901322179	0.268016439460078	human_h0_ntv2_500m	human	0.004016064257028112	0.3218875824868201	0.004016064257028112	0.3218875824868201	baseline_plus_kmer	leave_clade_out	0.44026027586888766	0.26068134541899557	0.40517146895031725	True
supp_h0_transfer	ntv2_500m_H0_w4096	western_clawed_frog	0.7676709570719781	human_h0_ntv2_500m	vertebrate	nan	nan	nan	transfer_BC_w4096	0.000179	0.000179	0.967076	84407	455592780	0.5371810538664581	360.0	2.556302500767288	0	1451301209	167	217471166	153961319	5	0.0029910269192422	0.505897	1000000	9.16175755704896	2.2227164711475837	8.18741162307706	8.337401683004607	0.1957973399316009	0.0911435831684164	human_h0_ntv2_500m	human	0.002506265664160401	0.35322115776986907	0.002506265664160401	0.35322115776986907	baseline_plus_kmer	leave_clade_out	0.3038208544761352	0.21362372781748556	0.46385010259584286	True
final_errorbar	ntv2_250m_w4096	western_clawed_frog	0.6476854010493278	human_h0_ntv2_250m	vertebrate	animal_fine	3.0	0.0436579387818896	nan	0.000179	0.000179	0.967076	84407	455592780	0.5371810538664581	360.0	2.556302500767288	0	1451301209	167	217471166	153961319	5	0.0029910269192422	0.505897	1000000	9.16175755704896	2.2227164711475837	8.18741162307706	8.337401683004607	0.1957973399316009	0.0911435831684164	human_h0_ntv2_250m	human	0.002506265664160401	0.35322115776986907	0.002506265664160401	0.35322115776986907	baseline_plus_kmer	leave_clade_out	0.30136045654477933	0.2149722684552068	0.3463249445045485	True
final_errorbar	ntv3_100m_pre_w2048	western_clawed_frog	0.5191597065847986	human_h0_ntv3_100m	vertebrate	animal_fine	3.0	0.0896323044666213	nan	0.000179	0.000179	0.967076	84407	455592780	0.5371810538664581	360.0	2.556302500767288	0	1451301209	167	217471166	153961319	5	0.0029910269192422	0.505897	1000000	9.16175755704896	2.2227164711475837	8.18741162307706	8.337401683004607	0.1957973399316009	0.0911435831684164	human_h0_ntv3_100m	human	0.002506265664160401	0.35322115776986907	0.002506265664160401	0.35322115776986907	baseline_plus_kmer	leave_clade_out	0.31934399148424025	0.2150706364842858	0.19981571510055834	True
anchor_anchor	insect_primary_4096	western_honey_bee	0.946524064171123	insect	insect	nan	nan	nan	insect_primary_to_insect_stress	0.020425	0.982865	0.020432	4337232	90164	nan	820.0	2.9138138523837167	1	51457486	3	25433307	14233499	2	0.0388635522641971	0.404665	1000000	7.71144856455995	0.4771212547196624	7.15331167517893	7.405402833572285	0.1030895049884773	0.0198094430108711	insect	western_honey_bee	1.0	0.0	0.5045408678102926	0.13391278403619908	baseline_plus_kmer	leave_clade_out	0.6277782905301794	0.21718490303885155	0.3187457736409436	True
calib_anchor	insect_no_beetle_4096	western_honey_bee	0.7983193277310925	insect	insect	nan	nan	nan	insect_no_beetle_to_cross_eval	0.020425	0.982865	0.020432	4337232	90164	nan	820.0	2.9138138523837167	1	51457486	3	25433307	14233499	2	0.0388635522641971	0.404665	1000000	7.71144856455995	0.4771212547196624	7.15331167517893	7.405402833572285	0.1030895049884773	0.0198094430108711	insect	western_honey_bee	1.0	0.0	0.5045408678102926	0.13391278403619908	baseline_plus_kmer	leave_clade_out	0.6277782905301794	0.21718490303885155	0.17054103720091307	True
calib_anchor	insect_no_beetle_4096	western_honey_bee	0.7983193277310925	insect	insect	nan	nan	nan	insect_no_beetle_to_stress_eval	0.020425	0.982865	0.020432	4337232	90164	nan	820.0	2.9138138523837167	1	51457486	3	25433307	14233499	2	0.0388635522641971	0.404665	1000000	7.71144856455995	0.4771212547196624	7.15331167517893	7.405402833572285	0.1030895049884773	0.0198094430108711	insect	western_honey_bee	1.0	0.0	0.5045408678102926	0.13391278403619908	baseline_plus_kmer	leave_clade_out	0.6277782905301794	0.21718490303885155	0.17054103720091307	True
anchor_anchor	insect_no_beetle_4096	western_honey_bee	0.7983193277310925	insect	insect	nan	nan	nan	insect_no_beetle_to_insect_stress	0.020425	0.982865	0.020432	4337232	90164	nan	820.0	2.9138138523837167	1	51457486	3	25433307	14233499	2	0.0388635522641971	0.404665	1000000	7.71144856455995	0.4771212547196624	7.15331167517893	7.405402833572285	0.1030895049884773	0.0198094430108711	insect	western_honey_bee	1.0	0.0	0.5045408678102926	0.13391278403619908	baseline_plus_kmer	leave_clade_out	0.6277782905301794	0.21718490303885155	0.17054103720091307	True
calib_anchor	TFREPAIR_invert_boost_animal_4096_seed42	western_honey_bee	0.05217988328184	animal	insect	nan	nan	nan	animal_invert_boost_to_cross_eval	0.020425	0.982865	0.020432	4337232	90164	nan	820.0	2.9138138523837167	1	51457486	3	25433307	14233499	2	0.0388635522641971	0.404665	1000000	7.71144856455995	0.4771212547196624	7.15331167517893	7.405402833572285	0.1975547081920625	0.0743872976560842	animal	western_honey_bee	1.0	0.0	0.17281984150581312	0.3534184362242991	baseline_plus_kmer	leave_clade_out	0.6213661295548758	0.2514478253439565	0.5691862462730358	True
calib_anchor	TFREPAIR_invert_boost_animal_4096_seed42	western_honey_bee	0.05217988328184	animal	insect	nan	nan	nan	animal_invert_boost_to_stress_eval	0.020425	0.982865	0.020432	4337232	90164	nan	820.0	2.9138138523837167	1	51457486	3	25433307	14233499	2	0.0388635522641971	0.404665	1000000	7.71144856455995	0.4771212547196624	7.15331167517893	7.405402833572285	0.1975547081920625	0.0743872976560842	animal	western_honey_bee	1.0	0.0	0.17281984150581312	0.3534184362242991	baseline_plus_kmer	leave_clade_out	0.6213661295548758	0.2514478253439565	0.5691862462730358	True
anchor_anchor	TFREPAIR_invert_boost_animal_4096_seed42	western_honey_bee	0.05217988328184	animal	insect	nan	nan	nan	animal_invert_boost_to_insect_stress	0.020425	0.982865	0.020432	4337232	90164	nan	820.0	2.9138138523837167	1	51457486	3	25433307	14233499	2	0.0388635522641971	0.404665	1000000	7.71144856455995	0.4771212547196624	7.15331167517893	7.405402833572285	0.1975547081920625	0.0743872976560842	animal	western_honey_bee	1.0	0.0	0.17281984150581312	0.3534184362242991	baseline_plus_kmer	leave_clade_out	0.6213661295548758	0.2514478253439565	0.5691862462730358	True
calib_anchor	cross_supervised_4096	western_honey_bee	0.0052898014902451	cross	insect	nan	nan	nan	cross_supervised_to_cross_eval	0.020425	0.982865	0.020432	4337232	90164	nan	820.0	2.9138138523837167	0	51457486	3	25433307	14233499	2	0.0388635522641971	0.404665	1000000	7.71144856455995	0.4771212547196624	7.15331167517893	7.405402833572285	0.2119073798001238	0.0902008757309238	cross	c_elegans	0.014970819588936818	0.2348910010424242	0.007447289680201807	0.3674433006422611	baseline_plus_kmer	leave_clade_out	0.8245163394610412	0.1667370341388707	0.8192265379707961	True
calib_anchor	cross_supervised_4096	western_honey_bee	0.0052898014902451	cross	insect	nan	nan	nan	cross_supervised_to_stress_eval	0.020425	0.982865	0.020432	4337232	90164	nan	820.0	2.9138138523837167	0	51457486	3	25433307	14233499	2	0.0388635522641971	0.404665	1000000	7.71144856455995	0.4771212547196624	7.15331167517893	7.405402833572285	0.2119073798001238	0.0902008757309238	cross	c_elegans	0.014970819588936818	0.2348910010424242	0.007447289680201807	0.3674433006422611	baseline_plus_kmer	leave_clade_out	0.8245163394610412	0.1667370341388707	0.8192265379707961	True
anchor_anchor	cross_supervised_4096	western_honey_bee	0.0052898014902451	cross	insect	nan	nan	nan	cross_supervised_to_insect_stress	0.020425	0.982865	0.020432	4337232	90164	nan	820.0	2.9138138523837167	0	51457486	3	25433307	14233499	2	0.0388635522641971	0.404665	1000000	7.71144856455995	0.4771212547196624	7.15331167517893	7.405402833572285	0.2119073798001238	0.0902008757309238	cross	c_elegans	0.014970819588936818	0.2348910010424242	0.007447289680201807	0.3674433006422611	baseline_plus_kmer	leave_clade_out	0.8245163394610412	0.1667370341388707	0.8192265379707961	True
calib_anchor	plant_supervised_4096	western_honey_bee	0.0003842421976866	plant	insect	nan	nan	nan	plant_supervised_to_cross_eval	0.020425	0.982865	0.020432	4337232	90164	nan	820.0	2.9138138523837167	0	51457486	3	25433307	14233499	2	0.0388635522641971	0.404665	1000000	7.71144856455995	0.4771212547196624	7.15331167517893	7.405402833572285	0.2144848278327983	0.1040586970085212	plant	thale_cress	0.01035615054306643	0.25915535952251834	0.007054098573222767	0.2876872678923741	baseline_plus_kmer	leave_clade_out	0.6599608495579627	0.28447549737134004	0.6595766073602761	True
calib_anchor	plant_supervised_4096	western_honey_bee	0.0003842416254314	plant	insect	nan	nan	nan	plant_supervised_to_stress_eval	0.020425	0.982865	0.020432	4337232	90164	nan	820.0	2.9138138523837167	0	51457486	3	25433307	14233499	2	0.0388635522641971	0.404665	1000000	7.71144856455995	0.4771212547196624	7.15331167517893	7.405402833572285	0.2144848278327983	0.1040586970085212	plant	thale_cress	0.01035615054306643	0.25915535952251834	0.007054098573222767	0.2876872678923741	baseline_plus_kmer	leave_clade_out	0.6599608495579627	0.28447549737134004	0.6595766079325314	True
calib_anchor	direct_red_flour_beetle_4096	western_honey_bee	0.0	other_anchor	insect	nan	nan	nan	direct_beetle_to_cross_eval	0.020425	0.982865	0.020432	4337232	90164	nan	820.0	2.9138138523837167	0	51457486	3	25433307	14233499	2	0.0388635522641971	0.404665	1000000	7.71144856455995	0.4771212547196624	7.15331167517893	7.405402833572285	0.3782434204252473	0.3304654870915913	other_anchor	human	0.005530417295123178	0.3006573337455844	0.005530417295123178	0.3006573337455844	baseline_plus_kmer	leave_clade_out	0.2521921922797501	0.18869967984273114	0.2521921922797501	True
calib_anchor	direct_red_flour_beetle_4096	western_honey_bee	0.0	other_anchor	insect	nan	nan	nan	direct_beetle_to_stress_eval	0.020425	0.982865	0.020432	4337232	90164	nan	820.0	2.9138138523837167	0	51457486	3	25433307	14233499	2	0.0388635522641971	0.404665	1000000	7.71144856455995	0.4771212547196624	7.15331167517893	7.405402833572285	0.3782434204252473	0.3304654870915913	other_anchor	human	0.005530417295123178	0.3006573337455844	0.005530417295123178	0.3006573337455844	baseline_plus_kmer	leave_clade_out	0.2521921922797501	0.18869967984273114	0.2521921922797501	True
calib_anchor	direct_western_honey_bee_4096	western_honey_bee	0.0	other_anchor	insect	nan	nan	nan	direct_honeybee_to_cross_eval	0.020425	0.982865	0.020432	4337232	90164	nan	820.0	2.9138138523837167	0	51457486	3	25433307	14233499	2	0.0388635522641971	0.404665	1000000	7.71144856455995	0.4771212547196624	7.15331167517893	7.405402833572285	0.3782434204252473	0.3304654870915913	other_anchor	human	0.005530417295123178	0.3006573337455844	0.005530417295123178	0.3006573337455844	baseline_plus_kmer	leave_clade_out	0.2521921922797501	0.18869967984273114	0.2521921922797501	True
calib_anchor	direct_western_honey_bee_4096	western_honey_bee	0.0	other_anchor	insect	nan	nan	nan	direct_honeybee_to_stress_eval	0.020425	0.982865	0.020432	4337232	90164	nan	820.0	2.9138138523837167	0	51457486	3	25433307	14233499	2	0.0388635522641971	0.404665	1000000	7.71144856455995	0.4771212547196624	7.15331167517893	7.405402833572285	0.3782434204252473	0.3304654870915913	other_anchor	human	0.005530417295123178	0.3006573337455844	0.005530417295123178	0.3006573337455844	baseline_plus_kmer	leave_clade_out	0.2521921922797501	0.18869967984273114	0.2521921922797501	True
calib_anchor	direct_western_honey_bee_4096	western_honey_bee	0.0	other_anchor	insect	nan	nan	nan	direct_honeybee_own_holdout	0.020425	0.982865	0.020432	4337232	90164	nan	820.0	2.9138138523837167	0	51457486	3	25433307	14233499	2	0.0388635522641971	0.404665	1000000	7.71144856455995	0.4771212547196624	7.15331167517893	7.405402833572285	0.3782434204252473	0.3304654870915913	other_anchor	human	0.005530417295123178	0.3006573337455844	0.005530417295123178	0.3006573337455844	baseline_plus_kmer	leave_clade_out	0.2521921922797501	0.18869967984273114	0.2521921922797501	True
anchor_anchor	TFREPAIR_invert_boost_animal_4096_seed42	x_laevis	0.4013777654205557	animal	vertebrate	nan	nan	nan	animal_invert_boost_to_insect_stress	0.000194	0.000194	0.813401	56801	238590187	nan	370.0	2.568201724066995	1	2718433805	108033	219802468	136570856	9	0.1479724726946478	0.38498	1000000	9.434318762214229	5.033556436308993	8.13535803149204	8.34203256448767	0.1125183122375499	0.0175004510961257	animal	c_elegans	0.011378002528445006	0.25294933131811753	0.006090925421247965	0.40512387679275275	baseline_plus_kmer	leave_clade_out	0.7323914855462338	0.15722288324158712	0.3310137201256781	True
calib_anchor	TFREPAIR_invert_boost_animal_4096_seed42	x_laevis	0.4013775981071781	animal	vertebrate	nan	nan	nan	animal_invert_boost_to_cross_eval	0.000194	0.000194	0.813401	56801	238590187	nan	370.0	2.568201724066995	1	2718433805	108033	219802468	136570856	9	0.1479724726946478	0.38498	1000000	9.434318762214229	5.033556436308993	8.13535803149204	8.34203256448767	0.1125183122375499	0.0175004510961257	animal	c_elegans	0.011378002528445006	0.25294933131811753	0.006090925421247965	0.40512387679275275	baseline_plus_kmer	leave_clade_out	0.7323914855462338	0.15722288324158712	0.3310138874390557	True
calib_anchor	TFREPAIR_invert_boost_animal_4096_seed42	x_laevis	0.4013775981071781	animal	vertebrate	nan	nan	nan	animal_invert_boost_to_stress_eval	0.000194	0.000194	0.813401	56801	238590187	nan	370.0	2.568201724066995	1	2718433805	108033	219802468	136570856	9	0.1479724726946478	0.38498	1000000	9.434318762214229	5.033556436308993	8.13535803149204	8.34203256448767	0.1125183122375499	0.0175004510961257	animal	c_elegans	0.011378002528445006	0.25294933131811753	0.006090925421247965	0.40512387679275275	baseline_plus_kmer	leave_clade_out	0.7323914855462338	0.15722288324158712	0.3310138874390557	True
calib_anchor	cross_supervised_4096	x_laevis	0.3945827783795458	cross	vertebrate	nan	nan	nan	cross_supervised_to_cross_eval	0.000194	0.000194	0.813401	56801	238590187	nan	370.0	2.568201724066995	0	2718433805	108033	219802468	136570856	9	0.1479724726946478	0.38498	1000000	9.434318762214229	5.033556436308993	8.13535803149204	8.34203256448767	0.1141902696107161	0.0184397446805083	cross	c_elegans	0.011378002528445006	0.25294933131811753	0.004592764215267164	0.39707863831119805	baseline_plus_kmer	leave_clade_out	0.7477468304369641	0.1569344988078047	0.3531640520574183	True
calib_anchor	cross_supervised_4096	x_laevis	0.3945827783795458	cross	vertebrate	nan	nan	nan	cross_supervised_to_stress_eval	0.000194	0.000194	0.813401	56801	238590187	nan	370.0	2.568201724066995	0	2718433805	108033	219802468	136570856	9	0.1479724726946478	0.38498	1000000	9.434318762214229	5.033556436308993	8.13535803149204	8.34203256448767	0.1141902696107161	0.0184397446805083	cross	c_elegans	0.011378002528445006	0.25294933131811753	0.004592764215267164	0.39707863831119805	baseline_plus_kmer	leave_clade_out	0.7477468304369641	0.1569344988078047	0.3531640520574183	True
anchor_anchor	cross_supervised_4096	x_laevis	0.3945827783795458	cross	vertebrate	nan	nan	nan	cross_supervised_to_insect_stress	0.000194	0.000194	0.813401	56801	238590187	nan	370.0	2.568201724066995	0	2718433805	108033	219802468	136570856	9	0.1479724726946478	0.38498	1000000	9.434318762214229	5.033556436308993	8.13535803149204	8.34203256448767	0.1141902696107161	0.0184397446805083	cross	c_elegans	0.011378002528445006	0.25294933131811753	0.004592764215267164	0.39707863831119805	baseline_plus_kmer	leave_clade_out	0.7477468304369641	0.1569344988078047	0.3531640520574183	True
calib_anchor	plant_supervised_4096	x_laevis	0.2855543757586765	plant	vertebrate	nan	nan	nan	plant_supervised_to_cross_eval	0.000194	0.000194	0.813401	56801	238590187	nan	370.0	2.568201724066995	0	2718433805	108033	219802468	136570856	9	0.1479724726946478	0.38498	1000000	9.434318762214229	5.033556436308993	8.13535803149204	8.34203256448767	0.1445645708760781	0.0387081158013149	plant	thale_cress	0.0057832537088257484	0.29769388290752885	0.004168398493877862	0.32147019332278337	baseline_plus_kmer	leave_clade_out	0.7213105996728193	0.15943449895195125	0.4357562239141428	True
calib_anchor	plant_supervised_4096	x_laevis	0.2855543757586765	plant	vertebrate	nan	nan	nan	plant_supervised_to_stress_eval	0.000194	0.000194	0.813401	56801	238590187	nan	370.0	2.568201724066995	0	2718433805	108033	219802468	136570856	9	0.1479724726946478	0.38498	1000000	9.434318762214229	5.033556436308993	8.13535803149204	8.34203256448767	0.1445645708760781	0.0387081158013149	plant	thale_cress	0.0057832537088257484	0.29769388290752885	0.004168398493877862	0.32147019332278337	baseline_plus_kmer	leave_clade_out	0.7213105996728193	0.15943449895195125	0.4357562239141428	True
calib_anchor	insect_no_beetle_4096	x_laevis	0.2829600934257301	insect	vertebrate	nan	nan	nan	insect_no_beetle_to_cross_eval	0.000194	0.000194	0.813401	56801	238590187	nan	370.0	2.568201724066995	0	2718433805	108033	219802468	136570856	9	0.1479724726946478	0.38498	1000000	9.434318762214229	5.033556436308993	8.13535803149204	8.34203256448767	0.1983752948465877	0.0592704987046092	insect	western_honey_bee	0.008572869389813415	0.2716361289950614	0.006294466823420763	0.2967618557409407	baseline_plus_kmer	leave_clade_out	0.19619341215666805	0.28542781763851593	0.08676668126906203	True
calib_anchor	insect_no_beetle_4096	x_laevis	0.2829600934257301	insect	vertebrate	nan	nan	nan	insect_no_beetle_to_stress_eval	0.000194	0.000194	0.813401	56801	238590187	nan	370.0	2.568201724066995	0	2718433805	108033	219802468	136570856	9	0.1479724726946478	0.38498	1000000	9.434318762214229	5.033556436308993	8.13535803149204	8.34203256448767	0.1983752948465877	0.0592704987046092	insect	western_honey_bee	0.008572869389813415	0.2716361289950614	0.006294466823420763	0.2967618557409407	baseline_plus_kmer	leave_clade_out	0.19619341215666805	0.28542781763851593	0.08676668126906203	True
anchor_anchor	insect_no_beetle_4096	x_laevis	0.2829600934257301	insect	vertebrate	nan	nan	nan	insect_no_beetle_to_insect_stress	0.000194	0.000194	0.813401	56801	238590187	nan	370.0	2.568201724066995	0	2718433805	108033	219802468	136570856	9	0.1479724726946478	0.38498	1000000	9.434318762214229	5.033556436308993	8.13535803149204	8.34203256448767	0.1983752948465877	0.0592704987046092	insect	western_honey_bee	0.008572869389813415	0.2716361289950614	0.006294466823420763	0.2967618557409407	baseline_plus_kmer	leave_clade_out	0.19619341215666805	0.28542781763851593	0.08676668126906203	True
anchor_anchor	insect_primary_4096	x_laevis	0.2268599691025123	insect	vertebrate	nan	nan	nan	insect_primary_to_insect_stress	0.000194	0.000194	0.813401	56801	238590187	nan	370.0	2.568201724066995	0	2718433805	108033	219802468	136570856	9	0.1479724726946478	0.38498	1000000	9.434318762214229	5.033556436308993	8.13535803149204	8.34203256448767	0.1983752948465877	0.0592704987046092	insect	western_honey_bee	0.008572869389813415	0.2716361289950614	0.006294466823420763	0.2967618557409407	baseline_plus_kmer	leave_clade_out	0.19619341215666805	0.28542781763851593	0.030666556945844248	True
supp_h0_transfer	ntv2_500m_H0_w4096	zebrafish	0.8151318178516959	human_h0_ntv2_500m	vertebrate	nan	nan	nan	transfer_BC_w4096	0.837603	0.982602	0.850212	891480468	771367366	0.4137124131384462	430.0	2.633468455579586	0	1679203469	1923	78093715	52186027	14	0.0	0.359955	1000000	9.225103322767056	3.28397928423848	7.717554234627916	7.892616083164715	0.3272994079847048	0.2672352128115792	human_h0_ntv2_500m	human	0.0035122930255895636	0.3307896753284549	0.0035122930255895636	0.3307896753284549	baseline_plus_kmer	leave_clade_out	0.28552528014776163	0.1722573972529377	0.5296065377039343	True
final_errorbar	ntv2_250m_w4096	zebrafish	0.753453009276328	human_h0_ntv2_250m	vertebrate	animal_fine	3.0	0.0131433323203878	nan	0.837603	0.982602	0.850212	891480468	771367366	0.4137124131384462	430.0	2.633468455579586	0	1679203469	1923	78093715	52186027	14	0.0	0.359955	1000000	9.225103322767056	3.28397928423848	7.717554234627916	7.892616083164715	0.3272994079847048	0.2672352128115792	human_h0_ntv2_250m	human	0.0035122930255895636	0.3307896753284549	0.0035122930255895636	0.3307896753284549	baseline_plus_kmer	leave_clade_out	0.2800384524725591	0.17487640445596309	0.47341455680376887	True
final_errorbar	ntv3_100m_pre_w2048	zebrafish	0.5214699959942013	human_h0_ntv3_100m	vertebrate	animal_fine	3.0	0.0175674395284055	nan	0.837603	0.982602	0.850212	891480468	771367366	0.4137124131384462	430.0	2.633468455579586	0	1679203469	1923	78093715	52186027	14	0.0	0.359955	1000000	9.225103322767056	3.28397928423848	7.717554234627916	7.892616083164715	0.3272994079847048	0.2672352128115792	human_h0_ntv3_100m	human	0.0035122930255895636	0.3307896753284549	0.0035122930255895636	0.3307896753284549	baseline_plus_kmer	leave_clade_out	0.3038575495378369	0.17196946965694268	0.2176124464563644	True
calib_anchor	cross_supervised_4096	brachypodium	0.8175422271365038	cross	plant	nan	nan	nan	cross_supervised_to_plant_fine	0.101164	0.1029	0.857087	5277523	43958318	0.45561279296875	1500.0	3.1760912590556813	0	271298618	11	75071545	59130575	3	0.0	0.454488	1000000	8.433447581463392	1.041392685158225	7.771812102204127	7.875475353898488	0.0693259415010997	0.0175357229218507	cross	brachypodium	1.0	0.0	0.12915053475717714	0.3531042535064754	baseline_plus_kmer_minhash	leave_species_out	0.916513216279299	0.07165672695500636	0.09897098914279523	True
calib_anchor	plant_supervised_4096	brachypodium	0.7765195434514967	plant	plant	nan	nan	nan	plant_supervised_to_plant_fine	0.101164	0.1029	0.857087	5277523	43958318	0.45561279296875	1500.0	3.1760912590556813	1	271298618	11	75071545	59130575	3	0.0	0.454488	1000000	8.433447581463392	1.041392685158225	7.771812102204127	7.875475353898488	0.0392954852174674	0.0046023125549394	plant	brachypodium	1.0	0.0	0.20483241506249245	0.23881140827359948	baseline_plus_kmer_minhash	leave_species_out	0.9039356038178687	0.06258572947974161	0.1274160603663721	True
calib_anchor	insect_no_beetle_4096	brachypodium	0.4502561696769175	insect	plant	nan	nan	nan	insect_no_beetle_to_plant_fine	0.101164	0.1029	0.857087	5277523	43958318	0.45561279296875	1500.0	3.1760912590556813	0	271298618	11	75071545	59130575	3	0.0	0.454488	1000000	8.433447581463392	1.041392685158225	7.771812102204127	7.875475353898488	0.142514717076787	0.0564627585782296	insect	western_honey_bee	0.0047726701833710125	0.3104308986917095	0.004142481604480288	0.3206102870100822	baseline_plus_kmer_minhash	leave_species_out	0.6162732741561905	0.19838667771802376	0.16601710447927298	True
calib_anchor	TFREPAIR_invert_boost_animal_4096_seed42	brachypodium	0.4333898332380484	animal	plant	nan	nan	nan	animal_invert_boost_to_plant_fine	0.101164	0.1029	0.857087	5277523	43958318	0.45561279296875	1500.0	3.1760912590556813	0	271298618	11	75071545	59130575	3	0.0	0.454488	1000000	8.433447581463392	1.041392685158225	7.771812102204127	7.875475353898488	0.1040889363124293	0.0363524838017522	animal	zebrafish	0.005025125628140704	0.3070113457325394	0.0036412512484719248	0.4310054901356164	baseline_plus_kmer_minhash	leave_species_out	0.7473148072955116	0.20608466867918632	0.31392497405746317	True
supp_h0_transfer	ntv2_500m_H0_w4096	brachypodium	0.3212749242452583	human_h0_ntv2_500m	plant	nan	nan	nan	transfer_BC_w4096	0.101164	0.1029	0.857087	5277523	43958318	0.45561279296875	1500.0	3.1760912590556813	0	271298618	11	75071545	59130575	3	0.0	0.454488	1000000	8.433447581463392	1.041392685158225	7.771812102204127	7.875475353898488	0.2268185746895572	0.1337656475000112	human_h0_ntv2_500m	human	0.0035122930255895636	0.3307896753284549	0.0035122930255895636	0.3307896753284549	baseline_plus_kmer_minhash	leave_species_out	0.49741911464405825	0.21196292445744777	0.17614419039879997	True
final_errorbar	ntv2_250m_w4096	brachypodium	0.2929663405760741	human_h0_ntv2_250m	plant	plant_fine	3.0	0.0156920332833043	nan	0.101164	0.1029	0.857087	5277523	43958318	0.45561279296875	1500.0	3.1760912590556813	0	271298618	11	75071545	59130575	3	0.0	0.454488	1000000	8.433447581463392	1.041392685158225	7.771812102204127	7.875475353898488	0.2268185746895572	0.1337656475000112	human_h0_ntv2_250m	human	0.0035122930255895636	0.3307896753284549	0.0035122930255895636	0.3307896753284549	baseline_plus_kmer_minhash	leave_species_out	0.4891570763342113	0.21170042094833239	0.19619073575813717	True
final_errorbar	ntv3_100m_pre_w2048	brachypodium	0.2073934705084866	human_h0_ntv3_100m	plant	plant_fine	3.0	0.0683970400854424	nan	0.101164	0.1029	0.857087	5277523	43958318	0.45561279296875	1500.0	3.1760912590556813	0	271298618	11	75071545	59130575	3	0.0	0.454488	1000000	8.433447581463392	1.041392685158225	7.771812102204127	7.875475353898488	0.2268185746895572	0.1337656475000112	human_h0_ntv3_100m	human	0.0035122930255895636	0.3307896753284549	0.0035122930255895636	0.3307896753284549	baseline_plus_kmer_minhash	leave_species_out	0.5196290970115797	0.17705413520237534	0.31223562650309306	True
anchor_anchor	TFREPAIR_invert_boost_animal_4096_seed42	c_elegans	0.9053972034713066	animal	other	nan	nan	nan	animal_invert_boost_to_insect_fine	0.833784	0.964483	0.860195	10289793	9177183	0.3579248046875	900.0	2.9542425094393248	0	100286401	7	20924180	17493829	3	0.0	0.371376	1000000	8.001242045970857	0.8450980400142568	7.242884877035624	7.320648447384384	0.1443799983785652	0.0775729844697248	animal	c_elegans	1.0	0.0	0.17218349693156687	0.35710228198302296	baseline_plus_kmer_minhash	leave_species_out	0.7102660536649253	0.21451630506332894	0.19513114980638124	True
anchor_anchor	cross_supervised_4096	c_elegans	0.8952111633807284	cross	other	nan	nan	nan	cross_supervised_to_insect_fine	0.833784	0.964483	0.860195	10289793	9177183	0.3579248046875	900.0	2.9542425094393248	0	100286401	7	20924180	17493829	3	0.0	0.371376	1000000	8.001242045970857	0.8450980400142568	7.242884877035624	7.320648447384384	0.1533616551705707	0.0962183394831955	cross	c_elegans	1.0	0.0	0.13035380887994355	0.34022856824211656	baseline_plus_kmer_minhash	leave_species_out	0.7749765729157906	0.1903811414889576	0.12023459046493779	True
anchor_anchor	insect_primary_4096	c_elegans	0.8945547202059512	insect	other	nan	nan	nan	insect_primary_to_insect_fine	0.833784	0.964483	0.860195	10289793	9177183	0.3579248046875	900.0	2.9542425094393248	0	100286401	7	20924180	17493829	3	0.0	0.371376	1000000	8.001242045970857	0.8450980400142568	7.242884877035624	7.320648447384384	0.1475085510847136	0.0895808950573151	insect	western_honey_bee	0.014970819588936818	0.2348910010424242	0.010503518446379877	0.26487378816101664	baseline_plus_kmer_minhash	leave_species_out	0.5235888731280842	0.20490122194709207	0.37096584707786695	True
anchor_anchor	insect_no_beetle_4096	c_elegans	0.5383685302773058	insect	other	nan	nan	nan	insect_no_beetle_to_insect_fine	0.833784	0.964483	0.860195	10289793	9177183	0.3579248046875	900.0	2.9542425094393248	0	100286401	7	20924180	17493829	3	0.0	0.371376	1000000	8.001242045970857	0.8450980400142568	7.242884877035624	7.320648447384384	0.1475085510847136	0.0895808950573151	insect	western_honey_bee	0.014970819588936818	0.2348910010424242	0.010503518446379877	0.26487378816101664	baseline_plus_kmer_minhash	leave_species_out	0.5235888731280842	0.20490122194709207	0.014779657149221581	True
supp_h0_transfer	ntv2_500m_H0_w4096	c_elegans	0.345012472034356	human_h0_ntv2_500m	other	nan	nan	nan	transfer_BC_w4096	0.833784	0.964483	0.860195	10289793	9177183	0.3579248046875	900.0	2.9542425094393248	0	100286401	7	20924180	17493829	3	0.0	0.371376	1000000	8.001242045970857	0.8450980400142568	7.242884877035624	7.320648447384384	0.3448736563265228	0.3498680780416765	human_h0_ntv2_500m	human	0.0047726701833710125	0.3104308986917095	0.0047726701833710125	0.3104308986917095	baseline_plus_kmer_minhash	leave_species_out	0.26890847193928935	0.22090911366485477	0.07610400009506663	True
final_errorbar	ntv3_100m_pre_w2048	c_elegans	0.2604444021620859	human_h0_ntv3_100m	other	animal_fine	3.0	0.0215523139867919	nan	0.833784	0.964483	0.860195	10289793	9177183	0.3579248046875	900.0	2.9542425094393248	0	100286401	7	20924180	17493829	3	0.0	0.371376	1000000	8.001242045970857	0.8450980400142568	7.242884877035624	7.320648447384384	0.3448736563265228	0.3498680780416765	human_h0_ntv3_100m	human	0.0047726701833710125	0.3104308986917095	0.0047726701833710125	0.3104308986917095	baseline_plus_kmer_minhash	leave_species_out	0.29090683235945863	0.22395177422155882	0.030462430197372714	True
final_errorbar	ntv2_250m_w4096	c_elegans	0.1426005332526109	human_h0_ntv2_250m	other	animal_fine	3.0	0.0303152737505588	nan	0.833784	0.964483	0.860195	10289793	9177183	0.3579248046875	900.0	2.9542425094393248	0	100286401	7	20924180	17493829	3	0.0	0.371376	1000000	8.001242045970857	0.8450980400142568	7.242884877035624	7.320648447384384	0.3448736563265228	0.3498680780416765	human_h0_ntv2_250m	human	0.0047726701833710125	0.3104308986917095	0.0047726701833710125	0.3104308986917095	baseline_plus_kmer_minhash	leave_species_out	0.2693576632267288	0.22383735023140086	0.12675712997411792	True
calib_anchor	TFREPAIR_invert_boost_animal_4096_seed42	cattle	0.9216935615407684	animal	vertebrate	nan	nan	nan	animal_invert_boost_to_cross_eval	0.48001	0.488924	0.963405	641516843	1264081324	nan	96.0	1.9822712330395684	1	2715853792	2211	158534110	103308737	12	0.0	0.438283	1000000	9.43390638599257	3.344588742578714	8.014137052114325	8.200122718862955	0.1961603645512639	0.1045802654699864	animal	zebrafish	0.007556675062972292	0.2799803385253285	0.004779504320268857	0.41803209946722686	baseline_plus_kmer_minhash	leave_species_out	0.6925742322318946	0.27604799660402596	0.2291193293088738	True
calib_anchor	cross_supervised_4096	cattle	0.9213113792693672	cross	vertebrate	nan	nan	nan	cross_supervised_to_cross_eval	0.48001	0.488924	0.963405	641516843	1264081324	nan	96.0	1.9822712330395684	0	2715853792	2211	158534110	103308737	12	0.0	0.438283	1000000	9.43390638599257	3.344588742578714	8.014137052114325	8.200122718862955	0.1898193400311859	0.0914288745666459	cross	zebrafish	0.007556675062972292	0.2799803385253285	0.004147083900805754	0.40059555601938857	baseline_plus_kmer_minhash	leave_species_out	0.600035999415665	0.28979490838167205	0.32127537985370225	True
calib_anchor	insect_no_beetle_4096	cattle	0.2681289424464008	insect	vertebrate	nan	nan	nan	insect_no_beetle_to_cross_eval	0.48001	0.488924	0.963405	641516843	1264081324	nan	96.0	1.9822712330395684	0	2715853792	2211	158534110	103308737	12	0.0	0.438283	1000000	9.43390638599257	3.344588742578714	8.014137052114325	8.200122718862955	0.2674695235796735	0.15873003482616	insect	western_honey_bee	0.006289308176100629	0.29213510897825873	0.00464916762867218	0.31660074814759875	baseline_plus_kmer_minhash	leave_species_out	0.286046880427262	0.18453194992321018	0.01791793798086122	True
calib_anchor	plant_supervised_4096	cattle	0.0858809770068545	plant	vertebrate	nan	nan	nan	plant_supervised_to_cross_eval	0.48001	0.488924	0.963405	641516843	1264081324	nan	96.0	1.9822712330395684	0	2715853792	2211	158534110	103308737	12	0.0	0.438283	1000000	9.43390638599257	3.344588742578714	8.014137052114325	8.200122718862955	0.1939129743058688	0.0844629259880961	plant	thale_cress	0.0057832537088257484	0.29769388290752885	0.004268975470626056	0.319366348385849	baseline_plus_kmer_minhash	leave_species_out	0.2829631423324476	0.18401309963290916	0.19708216532559314	True
supp_h0_transfer	ntv2_500m_H0_w4096	chicken	0.8516226680157541	human_h0_ntv2_500m	vertebrate	nan	nan	nan	transfer_BC_w4096	0.391291	0.394479	0.979765	40667484	101005421	0.4113284493284493	310.0	2.4913616938342726	0	1065365425	464	197608386	91315245	4	0.0017070808916752	0.549823	1000000	9.027498598235026	2.6665179805548807	7.96054328866985	8.29580537100184	0.1448915707647146	0.0601428909585745	human_h0_ntv2_500m	human	0.0057832537088257484	0.29769388290752885	0.0057832537088257484	0.29769388290752885	baseline_plus_kmer_minhash	leave_species_out	0.38167136043102157	0.23539339128967451	0.4699513075847326	True
final_errorbar	ntv2_250m_w4096	chicken	0.843436719033926	human_h0_ntv2_250m	vertebrate	animal_fine	3.0	0.0193628216675568	nan	0.391291	0.394479	0.979765	40667484	101005421	0.4113284493284493	310.0	2.4913616938342726	0	1065365425	464	197608386	91315245	4	0.0017070808916752	0.549823	1000000	9.027498598235026	2.6665179805548807	7.96054328866985	8.29580537100184	0.1448915707647146	0.0601428909585745	human_h0_ntv2_250m	human	0.0057832537088257484	0.29769388290752885	0.0057832537088257484	0.29769388290752885	baseline_plus_kmer_minhash	leave_species_out	0.3777103186212069	0.23221447682650204	0.4657264004127191	True
final_errorbar	ntv3_100m_pre_w2048	chicken	0.6195493201860316	human_h0_ntv3_100m	vertebrate	animal_fine	3.0	0.0701786703401454	nan	0.391291	0.394479	0.979765	40667484	101005421	0.4113284493284493	310.0	2.4913616938342726	0	1065365425	464	197608386	91315245	4	0.0017070808916752	0.549823	1000000	9.027498598235026	2.6665179805548807	7.96054328866985	8.29580537100184	0.1448915707647146	0.0601428909585745	human_h0_ntv3_100m	human	0.0057832537088257484	0.29769388290752885	0.0057832537088257484	0.29769388290752885	baseline_plus_kmer_minhash	leave_species_out	0.38408727423388617	0.22512200512693592	0.23546204595214543	True
anchor_anchor	insect_no_beetle_4096	fruit_fly	0.944818571090276	insect	insect	nan	nan	nan	insect_no_beetle_to_insect_fine	0.888725	0.993839	0.893648	26497161	23825911	0.494656395206652	780.0	2.8920946026904804	1	143726002	1870	32079331	25286936	3	0.0	0.441621	1000000	8.157535345055386	3.271841606536499	7.402896209379677	7.506225302690743	0.1001622488462802	0.0254297426578645	insect	fruit_fly	1.0	0.0	0.5045408678102926	0.13391278403619908	baseline_plus_kmer_minhash	leave_species_out	0.6698613523376177	0.21676223050331386	0.27495721875265833	True
anchor_anchor	TFREPAIR_invert_boost_animal_4096_seed42	fruit_fly	0.9437257723304636	animal	insect	nan	nan	nan	animal_invert_boost_to_insect_fine	0.888725	0.993839	0.893648	26497161	23825911	0.494656395206652	780.0	2.8920946026904804	1	143726002	1870	32079331	25286936	3	0.0	0.441621	1000000	8.157535345055386	3.271841606536499	7.402896209379677	7.506225302690743	0.0783631596802407	0.0157474491106001	animal	fruit_fly	1.0	0.0	0.17107312390337562	0.361475438739999	baseline_plus_kmer_minhash	leave_species_out	0.46546983023112076	0.3258639137106425	0.47825594209934286	True
anchor_anchor	cross_supervised_4096	fruit_fly	0.942393180917196	cross	insect	nan	nan	nan	cross_supervised_to_insect_fine	0.888725	0.993839	0.893648	26497161	23825911	0.494656395206652	780.0	2.8920946026904804	0	143726002	1870	32079331	25286936	3	0.0	0.441621	1000000	8.157535345055386	3.271841606536499	7.402896209379677	7.506225302690743	0.0698216548368194	0.0106775865530966	cross	fruit_fly	1.0	0.0	0.12870734925659089	0.35822788434252495	baseline_plus_kmer_minhash	leave_species_out	0.5167203519416728	0.34392346232009874	0.4256728289755233	True
anchor_anchor	insect_primary_4096	fruit_fly	0.9413841255319276	insect	insect	nan	nan	nan	insect_primary_to_insect_fine	0.888725	0.993839	0.893648	26497161	23825911	0.494656395206652	780.0	2.8920946026904804	1	143726002	1870	32079331	25286936	3	0.0	0.441621	1000000	8.157535345055386	3.271841606536499	7.402896209379677	7.506225302690743	0.1001622488462802	0.0254297426578645	insect	fruit_fly	1.0	0.0	0.5045408678102926	0.13391278403619908	baseline_plus_kmer_minhash	leave_species_out	0.6698613523376177	0.21676223050331386	0.27152277319430995	True
supp_h0_transfer	ntv2_500m_H0_w4096	fruit_fly	0.6577990369528225	human_h0_ntv2_500m	insect	nan	nan	nan	transfer_BC_w4096	0.888725	0.993839	0.893648	26497161	23825911	0.494656395206652	780.0	2.8920946026904804	0	143726002	1870	32079331	25286936	3	0.0	0.441621	1000000	8.157535345055386	3.271841606536499	7.402896209379677	7.506225302690743	0.2474985795480165	0.15855331987712	human_h0_ntv2_500m	human	0.003009027081243731	0.34106638731693883	0.003009027081243731	0.34106638731693883	baseline_plus_kmer_minhash	leave_species_out	0.013816392976250891	0.09142201400618759	0.6439826439765716	True
final_errorbar	ntv2_250m_w4096	fruit_fly	0.5533233517822065	human_h0_ntv2_250m	insect	animal_fine	3.0	0.0128215769678409	nan	0.888725	0.993839	0.893648	26497161	23825911	0.494656395206652	780.0	2.8920946026904804	0	143726002	1870	32079331	25286936	3	0.0	0.441621	1000000	8.157535345055386	3.271841606536499	7.402896209379677	7.506225302690743	0.2474985795480165	0.15855331987712	human_h0_ntv2_250m	human	0.003009027081243731	0.34106638731693883	0.003009027081243731	0.34106638731693883	baseline_plus_kmer_minhash	leave_species_out	0.014505444126238136	0.09391028583868674	0.5388179076559684	True
final_errorbar	ntv3_100m_pre_w2048	fruit_fly	0.4822229619104726	human_h0_ntv3_100m	insect	animal_fine	3.0	0.1825771233602698	nan	0.888725	0.993839	0.893648	26497161	23825911	0.494656395206652	780.0	2.8920946026904804	0	143726002	1870	32079331	25286936	3	0.0	0.441621	1000000	8.157535345055386	3.271841606536499	7.402896209379677	7.506225302690743	0.2474985795480165	0.15855331987712	human_h0_ntv3_100m	human	0.003009027081243731	0.34106638731693883	0.003009027081243731	0.34106638731693883	baseline_plus_kmer_minhash	leave_species_out	0.01495011582723198	0.09541073580076957	0.4672728460832406	True
calib_anchor	cross_supervised_4096	horse	0.8925601404845789	cross	vertebrate	nan	nan	nan	cross_supervised_to_cross_eval	0.791397	0.812579	0.968112	892563554	1063406667	nan	96.0	1.9822712330395684	0	188260577	1	188260577	188260577	1	0.0010189606601266	0.517305	1000000	8.27475938542357	0.0	8.27475938542357	8.27475938542357	0.2072733615749962	0.1175416603257882	cross	zebrafish	0.008572869389813415	0.2716361289950614	0.00408447992382229	0.4019382172622498	baseline_plus_kmer_minhash	leave_species_out	0.6772853647784575	0.30051965482737575	0.2152747757061214	True
calib_anchor	TFREPAIR_invert_boost_animal_4096_seed42	horse	0.8913728851560259	animal	vertebrate	nan	nan	nan	animal_invert_boost_to_cross_eval	0.791397	0.812579	0.968112	892563554	1063406667	nan	96.0	1.9822712330395684	1	188260577	1	188260577	188260577	1	0.0010189606601266	0.517305	1000000	8.27475938542357	0.0	8.27475938542357	8.27475938542357	0.2056004978397222	0.1203089942757705	animal	zebrafish	0.008572869389813415	0.2716361289950614	0.004653618742653688	0.4197215175742321	baseline_plus_kmer_minhash	leave_species_out	0.7610858746364483	0.24778225543956675	0.13028701051957758	True
calib_anchor	insect_no_beetle_4096	horse	0.1869044858967403	insect	vertebrate	nan	nan	nan	insect_no_beetle_to_cross_eval	0.791397	0.812579	0.968112	892563554	1063406667	nan	96.0	1.9822712330395684	0	188260577	1	188260577	188260577	1	0.0010189606601266	0.517305	1000000	8.27475938542357	0.0	8.27475938542357	8.27475938542357	0.2746396996501602	0.1850487156640525	insect	fruit_fly	0.0037641154328732747	0.32619015056265815	0.0036382042292314194	0.3284899129455565	baseline_plus_kmer_minhash	leave_species_out	0.29215436546011037	0.24661209881785717	0.10524987956337006	True
calib_anchor	plant_supervised_4096	horse	0.1025602154105038	plant	vertebrate	nan	nan	nan	plant_supervised_to_cross_eval	0.791397	0.812579	0.968112	892563554	1063406667	nan	96.0	1.9822712330395684	0	188260577	1	188260577	188260577	1	0.0010189606601266	0.517305	1000000	8.27475938542357	0.0	8.27475938542357	8.27475938542357	0.2026925587860898	0.1042618889160033	plant	sorghum	0.0045203415369161224	0.31403538010972787	0.0035126468408247743	0.33171061801320795	baseline_plus_kmer_minhash	leave_species_out	0.2567749086074407	0.23540284983723933	0.15421469319693687	True
supp_h0_transfer	ntv2_500m_H0_w4096	human	0.961411324419745	human_h0_ntv2_500m	vertebrate	nan	nan	nan	transfer_BC_w4096	0.948128	0.966802	0.980034	1410192187	1429492481	nan	6.0	0.7781512503836436	0	248387328	1	248387328	248387328	1	0.0	0.550911	1000000	8.395129435626702	0.0	8.395129435626702	8.395129435626702	0.0	-2.220446049250313e-16	human_h0_ntv2_500m	human	1.0	0.0	1.0	0.0	baseline_plus_kmer_minhash	leave_species_out	0.8190654690313754	0.1202671162229371	0.14234585538836952	True
calib_anchor	TFREPAIR_invert_boost_animal_4096_seed42	human	0.904946115719272	animal	vertebrate	nan	nan	nan	animal_invert_boost_to_cross_eval	0.948128	0.966802	0.980034	1410192187	1429492481	nan	6.0	0.7781512503836436	1	248387328	1	248387328	248387328	1	0.0	0.550911	1000000	8.395129435626702	0.0	8.395129435626702	8.395129435626702	0.2473971321688795	0.1687976905989935	animal	chicken	0.0057832537088257484	0.29769388290752885	0.003767943549025539	0.4301063629983694	baseline_plus_kmer_minhash	leave_species_out	0.829501024643731	0.1641767681793866	0.07544509107554098	True
calib_anchor	cross_supervised_4096	human	0.9023446184329426	cross	vertebrate	nan	nan	nan	cross_supervised_to_cross_eval	0.948128	0.966802	0.980034	1410192187	1429492481	nan	6.0	0.7781512503836436	0	248387328	1	248387328	248387328	1	0.0	0.550911	1000000	8.395129435626702	0.0	8.395129435626702	8.395129435626702	0.249220227348776	0.1685880996034323	cross	sorghum	0.005025125628140704	0.3070113457325394	0.00348294218224885	0.4079828934214672	baseline_plus_kmer_minhash	leave_species_out	0.7754182559874564	0.23308596900451534	0.12692636244548616	True
calib_anchor	insect_no_beetle_4096	human	0.1477908337777611	insect	vertebrate	nan	nan	nan	insect_no_beetle_to_cross_eval	0.948128	0.966802	0.980034	1410192187	1429492481	nan	6.0	0.7781512503836436	0	248387328	1	248387328	248387328	1	0.0	0.550911	1000000	8.395129435626702	0.0	8.395129435626702	8.395129435626702	0.3042605063379114	0.2325830037417954	insect	western_honey_bee	0.005530417295123178	0.3006573337455844	0.004269722188183454	0.32086186053126164	baseline_plus_kmer_minhash	leave_species_out	0.2783160806338391	0.19953405612437766	0.13052524685607803	True
calib_anchor	plant_supervised_4096	human	0.1214275571269181	plant	vertebrate	nan	nan	nan	plant_supervised_to_cross_eval	0.948128	0.966802	0.980034	1410192187	1429492481	nan	6.0	0.7781512503836436	0	248387328	1	248387328	248387328	1	0.0	0.550911	1000000	8.395129435626702	0.0	8.395129435626702	8.395129435626702	0.242491599474234	0.153922806418943	plant	sorghum	0.005025125628140704	0.3070113457325394	0.00411712228496292	0.3206927537042909	baseline_plus_kmer_minhash	leave_species_out	0.29670918470855967	0.2341295376762465	0.17528162758164156	True
calib_anchor	TFREPAIR_invert_boost_animal_4096_seed42	lizard	0.2416400416987031	animal	vertebrate	nan	nan	nan	animal_invert_boost_to_cross_eval	0.038956	0.053715	0.12417	41691771	96375917	nan	320.0	2.505149978319906	1	1799143587	6457	263920458	150641573	5	0.1263239468490436	0.405226	1000000	9.25506582513172	3.81003078640584	8.177944841937268	8.42147305620014	0.1334641792289605	0.0269436863730062	animal	c_elegans	0.008318628686664987	0.2736263265383735	0.004694911189318436	0.41814562651379633	baseline_plus_kmer_minhash	leave_species_out	0.6009255102620201	0.23127946561944843	0.359285468563317	True
calib_anchor	TFREPAIR_invert_boost_animal_4096_seed42	lizard	0.2416400416987031	animal	vertebrate	nan	nan	nan	animal_invert_boost_to_stress_eval	0.038956	0.053715	0.12417	41691771	96375917	nan	320.0	2.505149978319906	1	1799143587	6457	263920458	150641573	5	0.1263239468490436	0.405226	1000000	9.25506582513172	3.81003078640584	8.177944841937268	8.42147305620014	0.1334641792289605	0.0269436863730062	animal	c_elegans	0.008318628686664987	0.2736263265383735	0.004694911189318436	0.41814562651379633	baseline_plus_kmer_minhash	leave_species_out	0.6009255102620201	0.23127946561944843	0.359285468563317	True
anchor_anchor	TFREPAIR_invert_boost_animal_4096_seed42	lizard	0.2416400416987031	animal	vertebrate	nan	nan	nan	animal_invert_boost_to_insect_stress	0.038956	0.053715	0.12417	41691771	96375917	nan	320.0	2.505149978319906	1	1799143587	6457	263920458	150641573	5	0.1263239468490436	0.405226	1000000	9.25506582513172	3.81003078640584	8.177944841937268	8.42147305620014	0.1334641792289605	0.0269436863730062	animal	c_elegans	0.008318628686664987	0.2736263265383735	0.004694911189318436	0.41814562651379633	baseline_plus_kmer_minhash	leave_species_out	0.6009255102620201	0.23127946561944843	0.359285468563317	True
calib_anchor	cross_supervised_4096	lizard	0.2400380045378313	cross	vertebrate	nan	nan	nan	cross_supervised_to_cross_eval	0.038956	0.053715	0.12417	41691771	96375917	nan	320.0	2.505149978319906	0	1799143587	6457	263920458	150641573	5	0.1263239468490436	0.405226	1000000	9.25506582513172	3.81003078640584	8.177944841937268	8.42147305620014	0.1250077775938211	0.0186955209400064	cross	c_elegans	0.008318628686664987	0.2736263265383735	0.004273013040277895	0.39799641993128543	baseline_plus_kmer_minhash	leave_species_out	0.4833686699020725	0.20435253056276986	0.2433306653642412	True
anchor_anchor	cross_supervised_4096	lizard	0.2400380045378313	cross	vertebrate	nan	nan	nan	cross_supervised_to_insect_stress	0.038956	0.053715	0.12417	41691771	96375917	nan	320.0	2.505149978319906	0	1799143587	6457	263920458	150641573	5	0.1263239468490436	0.405226	1000000	9.25506582513172	3.81003078640584	8.177944841937268	8.42147305620014	0.1250077775938211	0.0186955209400064	cross	c_elegans	0.008318628686664987	0.2736263265383735	0.004273013040277895	0.39799641993128543	baseline_plus_kmer_minhash	leave_species_out	0.4833686699020725	0.20435253056276986	0.2433306653642412	True
calib_anchor	cross_supervised_4096	lizard	0.2400378125654802	cross	vertebrate	nan	nan	nan	cross_supervised_to_stress_eval	0.038956	0.053715	0.12417	41691771	96375917	nan	320.0	2.505149978319906	0	1799143587	6457	263920458	150641573	5	0.1263239468490436	0.405226	1000000	9.25506582513172	3.81003078640584	8.177944841937268	8.42147305620014	0.1250077775938211	0.0186955209400064	cross	c_elegans	0.008318628686664987	0.2736263265383735	0.004273013040277895	0.39799641993128543	baseline_plus_kmer_minhash	leave_species_out	0.4833686699020725	0.20435253056276986	0.2433308573365923	True
calib_anchor	plant_supervised_4096	lizard	0.1506094759615682	plant	vertebrate	nan	nan	nan	plant_supervised_to_cross_eval	0.038956	0.053715	0.12417	41691771	96375917	nan	320.0	2.505149978319906	0	1799143587	6457	263920458	150641573	5	0.1263239468490436	0.405226	1000000	9.25506582513172	3.81003078640584	8.177944841937268	8.42147305620014	0.1437007905780181	0.0244025014930751	plant	rice	0.0047726701833710125	0.3104308986917095	0.003814758202952461	0.3258662163901701	baseline_plus_kmer_minhash	leave_species_out	0.39185029356830625	0.19120578969641597	0.24124081760673804	True
calib_anchor	plant_supervised_4096	lizard	0.1506082021187199	plant	vertebrate	nan	nan	nan	plant_supervised_to_stress_eval	0.038956	0.053715	0.12417	41691771	96375917	nan	320.0	2.505149978319906	0	1799143587	6457	263920458	150641573	5	0.1263239468490436	0.405226	1000000	9.25506582513172	3.81003078640584	8.177944841937268	8.42147305620014	0.1437007905780181	0.0244025014930751	plant	rice	0.0047726701833710125	0.3104308986917095	0.003814758202952461	0.3258662163901701	baseline_plus_kmer_minhash	leave_species_out	0.39185029356830625	0.19120578969641597	0.24124209144958636	True
anchor_anchor	insect_no_beetle_4096	lizard	0.1418302477559669	insect	vertebrate	nan	nan	nan	insect_no_beetle_to_insect_stress	0.038956	0.053715	0.12417	41691771	96375917	nan	320.0	2.505149978319906	0	1799143587	6457	263920458	150641573	5	0.1263239468490436	0.405226	1000000	9.25506582513172	3.81003078640584	8.177944841937268	8.42147305620014	0.2227930854265778	0.0763356261809606	insect	western_honey_bee	0.005530417295123178	0.3006573337455844	0.0047732407760756445	0.31127245811620224	baseline_plus_kmer_minhash	leave_species_out	0.3702015791502686	0.1910479163506808	0.22837133139430169	True
calib_anchor	insect_no_beetle_4096	lizard	0.1418301390195415	insect	vertebrate	nan	nan	nan	insect_no_beetle_to_cross_eval	0.038956	0.053715	0.12417	41691771	96375917	nan	320.0	2.505149978319906	0	1799143587	6457	263920458	150641573	5	0.1263239468490436	0.405226	1000000	9.25506582513172	3.81003078640584	8.177944841937268	8.42147305620014	0.2227930854265778	0.0763356261809606	insect	western_honey_bee	0.005530417295123178	0.3006573337455844	0.0047732407760756445	0.31127245811620224	baseline_plus_kmer_minhash	leave_species_out	0.3702015791502686	0.1910479163506808	0.22837144013072708	True
calib_anchor	insect_no_beetle_4096	lizard	0.1418301390195415	insect	vertebrate	nan	nan	nan	insect_no_beetle_to_stress_eval	0.038956	0.053715	0.12417	41691771	96375917	nan	320.0	2.505149978319906	0	1799143587	6457	263920458	150641573	5	0.1263239468490436	0.405226	1000000	9.25506582513172	3.81003078640584	8.177944841937268	8.42147305620014	0.2227930854265778	0.0763356261809606	insect	western_honey_bee	0.005530417295123178	0.3006573337455844	0.0047732407760756445	0.31127245811620224	baseline_plus_kmer_minhash	leave_species_out	0.3702015791502686	0.1910479163506808	0.22837144013072708	True
anchor_anchor	insect_primary_4096	lizard	0.1034366102674265	insect	vertebrate	nan	nan	nan	insect_primary_to_insect_stress	0.038956	0.053715	0.12417	41691771	96375917	nan	320.0	2.505149978319906	0	1799143587	6457	263920458	150641573	5	0.1263239468490436	0.405226	1000000	9.25506582513172	3.81003078640584	8.177944841937268	8.42147305620014	0.2227930854265778	0.0763356261809606	insect	western_honey_bee	0.005530417295123178	0.3006573337455844	0.0047732407760756445	0.31127245811620224	baseline_plus_kmer_minhash	leave_species_out	0.3702015791502686	0.1910479163506808	0.26676496888284207	True
calib_anchor	cross_supervised_4096	maize	0.9629892479990332	cross	plant	nan	nan	nan	cross_supervised_to_plant_fine	0.095466	0.095627	0.982637	173317530	1780954681	0.46090576171875	1500.0	3.1760912590556813	0	2182075994	685	308452471	226353449	5	0.0	0.477492	1000000	9.338869871458623	2.835690571492425	8.354787116327433	8.489188253709083	0.1047342415691722	0.0352286667600957	cross	maize	1.0	0.0	0.12794917164912717	0.3677349264449531	baseline_plus_kmer_minhash	leave_species_out	0.8206639097646883	0.12463987075070151	0.1423253382343449	True
calib_anchor	plant_supervised_4096	maize	0.9619894139220538	plant	plant	nan	nan	nan	plant_supervised_to_plant_fine	0.095466	0.095627	0.982637	173317530	1780954681	0.46090576171875	1500.0	3.1760912590556813	1	2182075994	685	308452471	226353449	5	0.0	0.477492	1000000	9.338869871458623	2.835690571492425	8.354787116327433	8.489188253709083	0.0750299551353519	0.0155648060873412	plant	maize	1.0	0.0	0.2033138841501831	0.25625584586893513	baseline_plus_kmer_minhash	leave_species_out	0.819797132871221	0.08229049828128022	0.14219228105083281	True
calib_anchor	TFREPAIR_invert_boost_animal_4096_seed42	maize	0.9051649037911726	animal	plant	nan	nan	nan	animal_invert_boost_to_plant_fine	0.095466	0.095627	0.982637	173317530	1780954681	0.46090576171875	1500.0	3.1760912590556813	0	2182075994	685	308452471	226353449	5	0.0	0.477492	1000000	9.338869871458623	2.835690571492425	8.354787116327433	8.489188253709083	0.1273374287069573	0.0533723910378969	animal	western_honey_bee	0.005025125628140704	0.3070113457325394	0.0032634115604239684	0.4379740052416496	baseline_plus_kmer_minhash	leave_species_out	0.6354457110809153	0.24341657158681218	0.26971919271025735	True
calib_anchor	insect_no_beetle_4096	maize	0.8258861241547802	insect	plant	nan	nan	nan	insect_no_beetle_to_plant_fine	0.095466	0.095627	0.982637	173317530	1780954681	0.46090576171875	1500.0	3.1760912590556813	0	2182075994	685	308452471	226353449	5	0.0	0.477492	1000000	9.338869871458623	2.835690571492425	8.354787116327433	8.489188253709083	0.1559084305251094	0.0702371900678909	insect	western_honey_bee	0.005025125628140704	0.3070113457325394	0.004142861284097942	0.3213707762689546	baseline_plus_kmer_minhash	leave_species_out	0.44406258804100673	0.18017242182914756	0.3818235361137735	True
final_errorbar	ntv3_100m_pre_w2048	maize	0.6762307311381123	human_h0_ntv3_100m	plant	plant_fine	3.0	0.0224912037604054	nan	0.095466	0.095627	0.982637	173317530	1780954681	0.46090576171875	1500.0	3.1760912590556813	0	2182075994	685	308452471	226353449	5	0.0	0.477492	1000000	9.338869871458623	2.835690571492425	8.354787116327433	8.489188253709083	0.2040939811147172	0.106620240001949	human_h0_ntv3_100m	human	0.004016064257028112	0.3218875824868201	0.004016064257028112	0.3218875824868201	baseline_plus_kmer_minhash	leave_species_out	0.33143051912469934	0.1544723101228075	0.34480021201341293	True
final_errorbar	ntv2_250m_w4096	maize	0.2409539973278451	human_h0_ntv2_250m	plant	plant_fine	3.0	0.0067936566735462	nan	0.095466	0.095627	0.982637	173317530	1780954681	0.46090576171875	1500.0	3.1760912590556813	0	2182075994	685	308452471	226353449	5	0.0	0.477492	1000000	9.338869871458623	2.835690571492425	8.354787116327433	8.489188253709083	0.2040939811147172	0.106620240001949	human_h0_ntv2_250m	human	0.004016064257028112	0.3218875824868201	0.004016064257028112	0.3218875824868201	baseline_plus_kmer_minhash	leave_species_out	0.29503709584138005	0.16609237538743032	0.05408309851353496	True
supp_h0_transfer	ntv2_500m_H0_w4096	maize	0.2346799513542635	human_h0_ntv2_500m	plant	nan	nan	nan	transfer_BC_w4096	0.095466	0.095627	0.982637	173317530	1780954681	0.46090576171875	1500.0	3.1760912590556813	0	2182075994	685	308452471	226353449	5	0.0	0.477492	1000000	9.338869871458623	2.835690571492425	8.354787116327433	8.489188253709083	0.2040939811147172	0.106620240001949	human_h0_ntv2_500m	human	0.004016064257028112	0.3218875824868201	0.004016064257028112	0.3218875824868201	baseline_plus_kmer_minhash	leave_species_out	0.3056417664038289	0.16484634943565885	0.07096181504956539	True
supp_h0_transfer	ntv2_500m_H0_w4096	mouse	0.937559801228433	human_h0_ntv2_500m	vertebrate	nan	nan	nan	transfer_BC_w4096	0.892472	0.903571	0.986424	1012599366	1105449631	0.4245689865689865	90.0	1.9542425094393248	0	2728222451	61	195154279	130530862	9	0.7530864197530864	0.386286	1000000	9.435879778485567	1.7853298350107671	8.115713206016725	8.290378078167688	0.3013870747975756	0.1905529139271684	human_h0_ntv2_500m	human	0.0	1.0	0.0	1.0	baseline_plus_kmer_minhash	leave_species_out	0.8316415076553091	0.14050166955072135	0.10591829357312388	True
final_errorbar	ntv2_250m_w4096	mouse	0.9180812946491188	human_h0_ntv2_250m	vertebrate	animal_fine	3.0	0.0328346949301695	nan	0.892472	0.903571	0.986424	1012599366	1105449631	0.4245689865689865	90.0	1.9542425094393248	0	2728222451	61	195154279	130530862	9	0.7530864197530864	0.386286	1000000	9.435879778485567	1.7853298350107671	8.115713206016725	8.290378078167688	0.3013870747975756	0.1905529139271684	human_h0_ntv2_250m	human	0.0	1.0	0.0	1.0	baseline_plus_kmer_minhash	leave_species_out	0.8302202839064834	0.1435613478673368	0.08786101074263541	True
final_errorbar	ntv3_100m_pre_w2048	mouse	0.7771925460040144	human_h0_ntv3_100m	vertebrate	animal_fine	3.0	0.0909697815563608	nan	0.892472	0.903571	0.986424	1012599366	1105449631	0.4245689865689865	90.0	1.9542425094393248	0	2728222451	61	195154279	130530862	9	0.7530864197530864	0.386286	1000000	9.435879778485567	1.7853298350107671	8.115713206016725	8.290378078167688	0.3013870747975756	0.1905529139271684	human_h0_ntv3_100m	human	0.0	1.0	0.0	1.0	baseline_plus_kmer_minhash	leave_species_out	0.8279537082886966	0.1460204886741364	0.05076116228468219	True
calib_anchor	TFREPAIR_invert_boost_animal_4096_seed42	opossum	0.8811419601553324	animal	vertebrate	nan	nan	nan	animal_invert_boost_to_cross_eval	0.387702	0.396173	0.947731	784870682	1877580601	nan	160.0	2.204119982655925	1	3605631728	11	748055161	527952102	3	0.0177926855021289	0.435701	1000000	9.556981366683372	1.041392685158225	8.72259452332798	8.873933623579223	0.1607102295887423	0.0512806903667795	animal	zebrafish	0.01035615054306643	0.25915535952251834	0.005919173183644179	0.4048484687282123	baseline_plus_kmer_minhash	leave_species_out	0.5523442714419053	0.2890343321091046	0.32879768871342707	True
calib_anchor	cross_supervised_4096	opossum	0.8799647530707007	cross	vertebrate	nan	nan	nan	cross_supervised_to_cross_eval	0.387702	0.396173	0.947731	784870682	1877580601	nan	160.0	2.204119982655925	0	3605631728	11	748055161	527952102	3	0.0177926855021289	0.435701	1000000	9.556981366683372	1.041392685158225	8.72259452332798	8.873933623579223	0.1586751820351534	0.0461873669021071	cross	zebrafish	0.01035615054306643	0.25915535952251834	0.005758870302232056	0.3796592720350531	baseline_plus_kmer_minhash	leave_species_out	0.40711563299909437	0.23303051571667988	0.4728491200716063	True
calib_anchor	insect_no_beetle_4096	opossum	0.3505344111723824	insect	vertebrate	nan	nan	nan	insect_no_beetle_to_cross_eval	0.387702	0.396173	0.947731	784870682	1877580601	nan	160.0	2.204119982655925	0	3605631728	11	748055161	527952102	3	0.0177926855021289	0.435701	1000000	9.556981366683372	1.041392685158225	8.72259452332798	8.873933623579223	0.2442594329957188	0.1031924297457334	insect	western_honey_bee	0.006795872136924239	0.28700437290251685	0.006289562922874994	0.2923491279050229	baseline_plus_kmer_minhash	leave_species_out	0.29936116807706165	0.21602428713827707	0.05117324309532073	True
calib_anchor	plant_supervised_4096	opossum	0.3131202191971405	plant	vertebrate	nan	nan	nan	plant_supervised_to_cross_eval	0.387702	0.396173	0.947731	784870682	1877580601	nan	160.0	2.204119982655925	0	3605631728	11	748055161	527952102	3	0.0177926855021289	0.435701	1000000	9.556981366683372	1.041392685158225	8.72259452332798	8.873933623579223	0.1664911752100362	0.0432563267938208	plant	rice	0.006542526421741319	0.28952039476804003	0.005733093291372909	0.2987077906933562	baseline_plus_kmer_minhash	leave_species_out	0.2963278243732825	0.20091151404652913	0.016792394823858026	True
calib_anchor	TFREPAIR_invert_boost_animal_4096_seed42	pig	0.8761131743803473	animal	vertebrate	nan	nan	nan	animal_invert_boost_to_cross_eval	0.582164	0.594998	0.964273	664295117	1076577590	nan	96.0	1.9822712330395684	1	274330532	1	274330532	274330532	1	0.0	0.530948	1000000	8.438274145705899	0.0	8.438274145705899	8.438274145705899	0.2077955972696367	0.1201355226055826	animal	chicken	0.006036217303822937	0.2948565752796091	0.004062053480986848	0.42517651498805437	baseline_plus_kmer_minhash	leave_species_out	0.8418029081274766	0.17694932660989882	0.0343102662528707	True
calib_anchor	cross_supervised_4096	pig	0.8761042913185231	cross	vertebrate	nan	nan	nan	cross_supervised_to_cross_eval	0.582164	0.594998	0.964273	664295117	1076577590	nan	96.0	1.9822712330395684	0	274330532	1	274330532	274330532	1	0.0	0.530948	1000000	8.438274145705899	0.0	8.438274145705899	8.438274145705899	0.2098828548461344	0.1185655744818539	cross	zebrafish	0.0057832537088257484	0.29769388290752885	0.003452096599401688	0.41023971230813205	baseline_plus_kmer_minhash	leave_species_out	0.8310507941797918	0.1838627006137719	0.0450534971387313	True
calib_anchor	insect_no_beetle_4096	pig	0.1493562637371058	insect	vertebrate	nan	nan	nan	insect_no_beetle_to_cross_eval	0.582164	0.594998	0.964273	664295117	1076577590	nan	96.0	1.9822712330395684	0	274330532	1	274330532	274330532	1	0.0	0.530948	1000000	8.438274145705899	0.0	8.438274145705899	8.438274145705899	0.2607430443062736	0.1731967686892715	insect	fruit_fly	0.004016064257028112	0.3218875824868201	0.0038900898449506934	0.3240388665247391	baseline_plus_kmer_minhash	leave_species_out	0.22501464264600848	0.17821640832982844	0.07565837890890267	True
calib_anchor	plant_supervised_4096	pig	0.0856805344147079	plant	vertebrate	nan	nan	nan	plant_supervised_to_cross_eval	0.582164	0.594998	0.964273	664295117	1076577590	nan	96.0	1.9822712330395684	0	274330532	1	274330532	274330532	1	0.0	0.530948	1000000	8.438274145705899	0.0	8.438274145705899	8.438274145705899	0.2025970561124229	0.105606010363931	plant	rice	0.004016064257028112	0.3218875824868201	0.0032107623454464725	0.33859434433918734	baseline_plus_kmer_minhash	leave_species_out	0.36469869662032195	0.29943104277756993	0.27901816220561404	True
calib_anchor	insect_no_beetle_4096	red_flour_beetle	0.0059299524368398	insect	insect	nan	nan	nan	insect_no_beetle_to_cross_eval	0.027167	0.29354	0.029068	1816066	179836	nan	820.0	2.9138138523837167	1	199682416	2211	32080666	13894384	6	0.0	0.330472	1000000	8.300339822655378	3.344588742578714	7.142839297329219	7.506243375731907	0.182358478678621	0.080736532281517	insect	western_honey_bee	0.011122345803842264	0.25444752170825474	0.0085792815538326	0.27465204849393193	baseline_plus_kmer_minhash	leave_species_out	0.14288741912554945	0.2272282848335577	0.13695746668870964	True
calib_anchor	insect_no_beetle_4096	red_flour_beetle	0.0059299524368398	insect	insect	nan	nan	nan	insect_no_beetle_to_stress_eval	0.027167	0.29354	0.029068	1816066	179836	nan	820.0	2.9138138523837167	1	199682416	2211	32080666	13894384	6	0.0	0.330472	1000000	8.300339822655378	3.344588742578714	7.142839297329219	7.506243375731907	0.182358478678621	0.080736532281517	insect	western_honey_bee	0.011122345803842264	0.25444752170825474	0.0085792815538326	0.27465204849393193	baseline_plus_kmer_minhash	leave_species_out	0.14288741912554945	0.2272282848335577	0.13695746668870964	True
anchor_anchor	insect_no_beetle_4096	red_flour_beetle	0.0059299524368398	insect	insect	nan	nan	nan	insect_no_beetle_to_insect_stress	0.027167	0.29354	0.029068	1816066	179836	nan	820.0	2.9138138523837167	1	199682416	2211	32080666	13894384	6	0.0	0.330472	1000000	8.300339822655378	3.344588742578714	7.142839297329219	7.506243375731907	0.182358478678621	0.080736532281517	insect	western_honey_bee	0.011122345803842264	0.25444752170825474	0.0085792815538326	0.27465204849393193	baseline_plus_kmer_minhash	leave_species_out	0.14288741912554945	0.2272282848335577	0.13695746668870964	True
anchor_anchor	insect_primary_4096	red_flour_beetle	0.0053634200258507	insect	insect	nan	nan	nan	insect_primary_to_insect_stress	0.027167	0.29354	0.029068	1816066	179836	nan	820.0	2.9138138523837167	1	199682416	2211	32080666	13894384	6	0.0	0.330472	1000000	8.300339822655378	3.344588742578714	7.142839297329219	7.506243375731907	0.182358478678621	0.080736532281517	insect	western_honey_bee	0.011122345803842264	0.25444752170825474	0.0085792815538326	0.27465204849393193	baseline_plus_kmer_minhash	leave_species_out	0.14288741912554945	0.2272282848335577	0.13752399909969876	True
calib_anchor	TFREPAIR_invert_boost_animal_4096_seed42	red_flour_beetle	0.0044488885799382	animal	insect	nan	nan	nan	animal_invert_boost_to_cross_eval	0.027167	0.29354	0.029068	1816066	179836	nan	820.0	2.9138138523837167	1	199682416	2211	32080666	13894384	6	0.0	0.330472	1000000	8.300339822655378	3.344588742578714	7.142839297329219	7.506243375731907	0.1716680913935699	0.0724491888367001	animal	c_elegans	0.015486164001015486	0.23266857302458474	0.007584523885984587	0.39905819788413927	baseline_plus_kmer_minhash	leave_species_out	0.33750358331000985	0.33089093620776633	0.33305469473007165	True
calib_anchor	TFREPAIR_invert_boost_animal_4096_seed42	red_flour_beetle	0.0044488885799382	animal	insect	nan	nan	nan	animal_invert_boost_to_stress_eval	0.027167	0.29354	0.029068	1816066	179836	nan	820.0	2.9138138523837167	1	199682416	2211	32080666	13894384	6	0.0	0.330472	1000000	8.300339822655378	3.344588742578714	7.142839297329219	7.506243375731907	0.1716680913935699	0.0724491888367001	animal	c_elegans	0.015486164001015486	0.23266857302458474	0.007584523885984587	0.39905819788413927	baseline_plus_kmer_minhash	leave_species_out	0.33750358331000985	0.33089093620776633	0.33305469473007165	True
anchor_anchor	TFREPAIR_invert_boost_animal_4096_seed42	red_flour_beetle	0.0044488885799382	animal	insect	nan	nan	nan	animal_invert_boost_to_insect_stress	0.027167	0.29354	0.029068	1816066	179836	nan	820.0	2.9138138523837167	1	199682416	2211	32080666	13894384	6	0.0	0.330472	1000000	8.300339822655378	3.344588742578714	7.142839297329219	7.506243375731907	0.1716680913935699	0.0724491888367001	animal	c_elegans	0.015486164001015486	0.23266857302458474	0.007584523885984587	0.39905819788413927	baseline_plus_kmer_minhash	leave_species_out	0.33750358331000985	0.33089093620776633	0.33305469473007165	True
calib_anchor	cross_supervised_4096	red_flour_beetle	0.0030871384254842	cross	insect	nan	nan	nan	cross_supervised_to_cross_eval	0.027167	0.29354	0.029068	1816066	179836	nan	820.0	2.9138138523837167	0	199682416	2211	32080666	13894384	6	0.0	0.330472	1000000	8.300339822655378	3.344588742578714	7.142839297329219	7.506243375731907	0.1770641784426884	0.0859070146414682	cross	c_elegans	0.015486164001015486	0.23266857302458474	0.007130218132851764	0.3701289443818736	baseline_plus_kmer_minhash	leave_species_out	0.17411224486913837	0.2587444784103808	0.17102510644365418	True
calib_anchor	cross_supervised_4096	red_flour_beetle	0.0030871384254842	cross	insect	nan	nan	nan	cross_supervised_to_stress_eval	0.027167	0.29354	0.029068	1816066	179836	nan	820.0	2.9138138523837167	0	199682416	2211	32080666	13894384	6	0.0	0.330472	1000000	8.300339822655378	3.344588742578714	7.142839297329219	7.506243375731907	0.1770641784426884	0.0859070146414682	cross	c_elegans	0.015486164001015486	0.23266857302458474	0.007130218132851764	0.3701289443818736	baseline_plus_kmer_minhash	leave_species_out	0.17411224486913837	0.2587444784103808	0.17102510644365418	True
anchor_anchor	cross_supervised_4096	red_flour_beetle	0.0030871384254842	cross	insect	nan	nan	nan	cross_supervised_to_insect_stress	0.027167	0.29354	0.029068	1816066	179836	nan	820.0	2.9138138523837167	0	199682416	2211	32080666	13894384	6	0.0	0.330472	1000000	8.300339822655378	3.344588742578714	7.142839297329219	7.506243375731907	0.1770641784426884	0.0859070146414682	cross	c_elegans	0.015486164001015486	0.23266857302458474	0.007130218132851764	0.3701289443818736	baseline_plus_kmer_minhash	leave_species_out	0.17411224486913837	0.2587444784103808	0.17102510644365418	True
calib_anchor	plant_supervised_4096	red_flour_beetle	0.0023709296255628	plant	insect	nan	nan	nan	plant_supervised_to_cross_eval	0.027167	0.29354	0.029068	1816066	179836	nan	820.0	2.9138138523837167	0	199682416	2211	32080666	13894384	6	0.0	0.330472	1000000	8.300339822655378	3.344588742578714	7.142839297329219	7.506243375731907	0.2062665763937115	0.1299963863429378	plant	maize	0.007556675062972292	0.2799803385253285	0.006391817070366698	0.2922710840261587	baseline_plus_kmer_minhash	leave_species_out	0.06487654796283726	0.17344410528597884	0.06250561833727446	True
calib_anchor	plant_supervised_4096	red_flour_beetle	0.0023709296255628	plant	insect	nan	nan	nan	plant_supervised_to_stress_eval	0.027167	0.29354	0.029068	1816066	179836	nan	820.0	2.9138138523837167	0	199682416	2211	32080666	13894384	6	0.0	0.330472	1000000	8.300339822655378	3.344588742578714	7.142839297329219	7.506243375731907	0.2062665763937115	0.1299963863429378	plant	maize	0.007556675062972292	0.2799803385253285	0.006391817070366698	0.2922710840261587	baseline_plus_kmer_minhash	leave_species_out	0.06487654796283726	0.17344410528597884	0.06250561833727446	True
calib_anchor	direct_red_flour_beetle_4096	red_flour_beetle	0.0	other_anchor	insect	nan	nan	nan	direct_beetle_to_cross_eval	0.027167	0.29354	0.029068	1816066	179836	nan	820.0	2.9138138523837167	0	199682416	2211	32080666	13894384	6	0.0	0.330472	1000000	8.300339822655378	3.344588742578714	7.142839297329219	7.506243375731907	0.387481875883399	0.3795499300235393	other_anchor	human	0.0035122930255895636	0.3307896753284549	0.0035122930255895636	0.3307896753284549	baseline_plus_kmer_minhash	leave_species_out	0.16803470565298778	0.24361208204952273	0.16803470565298778	True
calib_anchor	direct_red_flour_beetle_4096	red_flour_beetle	0.0	other_anchor	insect	nan	nan	nan	direct_beetle_to_stress_eval	0.027167	0.29354	0.029068	1816066	179836	nan	820.0	2.9138138523837167	0	199682416	2211	32080666	13894384	6	0.0	0.330472	1000000	8.300339822655378	3.344588742578714	7.142839297329219	7.506243375731907	0.387481875883399	0.3795499300235393	other_anchor	human	0.0035122930255895636	0.3307896753284549	0.0035122930255895636	0.3307896753284549	baseline_plus_kmer_minhash	leave_species_out	0.16803470565298778	0.24361208204952273	0.16803470565298778	True
calib_anchor	direct_western_honey_bee_4096	red_flour_beetle	0.0	other_anchor	insect	nan	nan	nan	direct_honeybee_to_cross_eval	0.027167	0.29354	0.029068	1816066	179836	nan	820.0	2.9138138523837167	0	199682416	2211	32080666	13894384	6	0.0	0.330472	1000000	8.300339822655378	3.344588742578714	7.142839297329219	7.506243375731907	0.387481875883399	0.3795499300235393	other_anchor	human	0.0035122930255895636	0.3307896753284549	0.0035122930255895636	0.3307896753284549	baseline_plus_kmer_minhash	leave_species_out	0.16803470565298778	0.24361208204952273	0.16803470565298778	True
calib_anchor	direct_western_honey_bee_4096	red_flour_beetle	0.0	other_anchor	insect	nan	nan	nan	direct_honeybee_to_stress_eval	0.027167	0.29354	0.029068	1816066	179836	nan	820.0	2.9138138523837167	0	199682416	2211	32080666	13894384	6	0.0	0.330472	1000000	8.300339822655378	3.344588742578714	7.142839297329219	7.506243375731907	0.387481875883399	0.3795499300235393	other_anchor	human	0.0035122930255895636	0.3307896753284549	0.0035122930255895636	0.3307896753284549	baseline_plus_kmer_minhash	leave_species_out	0.16803470565298778	0.24361208204952273	0.16803470565298778	True
calib_anchor	direct_red_flour_beetle_4096	red_flour_beetle	0.0	other_anchor	insect	nan	nan	nan	direct_beetle_own_holdout	0.027167	0.29354	0.029068	1816066	179836	nan	820.0	2.9138138523837167	0	199682416	2211	32080666	13894384	6	0.0	0.330472	1000000	8.300339822655378	3.344588742578714	7.142839297329219	7.506243375731907	0.387481875883399	0.3795499300235393	other_anchor	human	0.0035122930255895636	0.3307896753284549	0.0035122930255895636	0.3307896753284549	baseline_plus_kmer_minhash	leave_species_out	0.16803470565298778	0.24361208204952273	0.16803470565298778	True
calib_anchor	cross_supervised_4096	rice	0.8757886614942711	cross	plant	nan	nan	nan	cross_supervised_to_plant_fine	0.042709	0.042814	0.945597	6804792	150290274	0.4367724609375	1500.0	3.1760912590556813	0	375049285	63	43270923	29958434	6	0.0009990009990009	0.440543	1000000	8.574088341853379	1.7993405494535817	7.476519107994928	7.636196159112094	0.0509643028428826	0.0089788460254062	cross	rice	1.0	0.0	0.12975073397671608	0.3457527198120651	baseline_plus_kmer_minhash	leave_species_out	0.8678628963296148	0.07080156751841347	0.007925765164656373	True
calib_anchor	plant_supervised_4096	rice	0.8707687905287769	plant	plant	nan	nan	nan	plant_supervised_to_plant_fine	0.042709	0.042814	0.945597	6804792	150290274	0.4367724609375	1500.0	3.1760912590556813	1	375049285	63	43270923	29958434	6	0.0009990009990009	0.440543	1000000	8.574088341853379	1.7993405494535817	7.476519107994928	7.636196159112094	0.0266445732235012	0.0019077973482301	plant	rice	1.0	0.0	0.20493186326624202	0.23656122869633292	baseline_plus_kmer_minhash	leave_species_out	0.8431001195037491	0.06946302031316426	0.02766867102502779	True
calib_anchor	TFREPAIR_invert_boost_animal_4096_seed42	rice	0.7436754544113025	animal	plant	nan	nan	nan	animal_invert_boost_to_plant_fine	0.042709	0.042814	0.945597	6804792	150290274	0.4367724609375	1500.0	3.1760912590556813	0	375049285	63	43270923	29958434	6	0.0009990009990009	0.440543	1000000	8.574088341853379	1.7993405494535817	7.476519107994928	7.636196159112094	0.0884855408342787	0.024015940484199	animal	western_honey_bee	0.008827238335435058	0.26970362653684454	0.005414294543385888	0.4127043451398356	baseline_plus_kmer_minhash	leave_species_out	0.5825278021676454	0.21637285202595366	0.161147652243657	True
calib_anchor	insect_no_beetle_4096	rice	0.6461381376419327	insect	plant	nan	nan	nan	insect_no_beetle_to_plant_fine	0.042709	0.042814	0.945597	6804792	150290274	0.4367724609375	1500.0	3.1760912590556813	0	375049285	63	43270923	29958434	6	0.0009990009990009	0.440543	1000000	8.574088341853379	1.7993405494535817	7.476519107994928	7.636196159112094	0.1297892289697576	0.0416255932528221	insect	western_honey_bee	0.008827238335435058	0.26970362653684454	0.00667378993617559	0.2918695033232862	baseline_plus_kmer_minhash	leave_species_out	0.5656068177123926	0.21778228206449707	0.0805313199295401	True
final_errorbar	ntv3_100m_pre_w2048	rice	0.4280118170164783	human_h0_ntv3_100m	plant	plant_fine	3.0	0.0089135891045139	nan	0.042709	0.042814	0.945597	6804792	150290274	0.4367724609375	1500.0	3.1760912590556813	0	375049285	63	43270923	29958434	6	0.0009990009990009	0.440543	1000000	8.574088341853379	1.7993405494535817	7.476519107994928	7.636196159112094	0.2387362365796297	0.1495374763496936	human_h0_ntv3_100m	human	0.004016064257028112	0.3218875824868201	0.004016064257028112	0.3218875824868201	baseline_plus_kmer_minhash	leave_species_out	0.35250494523994436	0.15501884330034432	0.07550687177653392	True
final_errorbar	ntv2_250m_w4096	rice	0.1180575922330197	human_h0_ntv2_250m	plant	plant_fine	3.0	0.0082940112619889	nan	0.042709	0.042814	0.945597	6804792	150290274	0.4367724609375	1500.0	3.1760912590556813	0	375049285	63	43270923	29958434	6	0.0009990009990009	0.440543	1000000	8.574088341853379	1.7993405494535817	7.476519107994928	7.636196159112094	0.2387362365796297	0.1495374763496936	human_h0_ntv2_250m	human	0.004016064257028112	0.3218875824868201	0.004016064257028112	0.3218875824868201	baseline_plus_kmer_minhash	leave_species_out	0.3080384567321563	0.14590665397997926	0.1899808644991366	True
supp_h0_transfer	ntv2_500m_H0_w4096	rice	0.115519977917328	human_h0_ntv2_500m	plant	nan	nan	nan	transfer_BC_w4096	0.042709	0.042814	0.945597	6804792	150290274	0.4367724609375	1500.0	3.1760912590556813	0	375049285	63	43270923	29958434	6	0.0009990009990009	0.440543	1000000	8.574088341853379	1.7993405494535817	7.476519107994928	7.636196159112094	0.2387362365796297	0.1495374763496936	human_h0_ntv2_500m	human	0.004016064257028112	0.3218875824868201	0.004016064257028112	0.3218875824868201	baseline_plus_kmer_minhash	leave_species_out	0.31946824543684765	0.15382577204363865	0.20394826751951967	True
calib_anchor	cross_supervised_4096	sorghum	0.9154621597006132	cross	plant	nan	nan	nan	cross_supervised_to_plant_fine	0.057919	0.05798	0.982235	24648380	417568699	0.43649658203125	1500.0	3.1760912590556813	0	709344700	869	80884392	68658214	5	0.0	0.442729	1000000	8.85085732817176	2.9390197764486663	7.836692501973025	7.907864725292852	0.0537853232039029	0.0104612611262495	cross	sorghum	1.0	0.0	0.13054480664342852	0.339168602296494	baseline_plus_kmer_minhash	leave_species_out	0.853791325243675	0.06494811677475092	0.06167083445693822	True
calib_anchor	plant_supervised_4096	sorghum	0.9087078620701828	plant	plant	nan	nan	nan	plant_supervised_to_plant_fine	0.057919	0.05798	0.982235	24648380	417568699	0.43649658203125	1500.0	3.1760912590556813	1	709344700	869	80884392	68658214	5	0.0	0.442729	1000000	8.85085732817176	2.9390197764486663	7.836692501973025	7.907864725292852	0.0273914249208693	0.0019576048399221	plant	sorghum	1.0	0.0	0.20533854626250186	0.23331293426089625	baseline_plus_kmer_minhash	leave_species_out	0.8318701423291369	0.06321235124430061	0.07683771974104592	True
calib_anchor	TFREPAIR_invert_boost_animal_4096_seed42	sorghum	0.8370785739861111	animal	plant	nan	nan	nan	animal_invert_boost_to_plant_fine	0.057919	0.05798	0.982235	24648380	417568699	0.43649658203125	1500.0	3.1760912590556813	0	709344700	869	80884392	68658214	5	0.0	0.442729	1000000	8.85085732817176	2.9390197764486663	7.836692501973025	7.907864725292852	0.0942512747889714	0.0278449023844741	animal	c_elegans	0.009845998485231003	0.26248938756082907	0.0057520796300652354	0.4081500510093965	baseline_plus_kmer_minhash	leave_species_out	0.578805410273114	0.18082551374251518	0.258273163712997	True
calib_anchor	insect_no_beetle_4096	sorghum	0.7395318366775196	insect	plant	nan	nan	nan	insect_no_beetle_to_plant_fine	0.057919	0.05798	0.982235	24648380	417568699	0.43649658203125	1500.0	3.1760912590556813	0	709344700	869	80884392	68658214	5	0.0	0.442729	1000000	8.85085732817176	2.9390197764486663	7.836692501973025	7.907864725292852	0.1395994473150001	0.0492361155990339	insect	western_honey_bee	0.006289308176100629	0.29213510897825873	0.005530989179735821	0.3012830038349841	baseline_plus_kmer_minhash	leave_species_out	0.5719770698803531	0.19423818045156377	0.16755476679716652	True
final_errorbar	ntv3_100m_pre_w2048	sorghum	0.4747462171975484	human_h0_ntv3_100m	plant	plant_fine	3.0	0.0156681636990695	nan	0.057919	0.05798	0.982235	24648380	417568699	0.43649658203125	1500.0	3.1760912590556813	0	709344700	869	80884392	68658214	5	0.0	0.442729	1000000	8.85085732817176	2.9390197764486663	7.836692501973025	7.907864725292852	0.2366280772731148	0.1465793330978378	human_h0_ntv3_100m	human	0.005025125628140704	0.3070113457325394	0.005025125628140704	0.3070113457325394	baseline_plus_kmer_minhash	leave_species_out	0.42036562628536595	0.22141755603504423	0.05438059091218245	True
supp_h0_transfer	ntv2_500m_H0_w4096	sorghum	0.1793904911276665	human_h0_ntv2_500m	plant	nan	nan	nan	transfer_BC_w4096	0.057919	0.05798	0.982235	24648380	417568699	0.43649658203125	1500.0	3.1760912590556813	0	709344700	869	80884392	68658214	5	0.0	0.442729	1000000	8.85085732817176	2.9390197764486663	7.836692501973025	7.907864725292852	0.2366280772731148	0.1465793330978378	human_h0_ntv2_500m	human	0.005025125628140704	0.3070113457325394	0.005025125628140704	0.3070113457325394	baseline_plus_kmer_minhash	leave_species_out	0.3929664087097787	0.2333385062371628	0.21357591758211222	True
final_errorbar	ntv2_250m_w4096	sorghum	0.1551588113564608	human_h0_ntv2_250m	plant	plant_fine	3.0	0.0342168256944894	nan	0.057919	0.05798	0.982235	24648380	417568699	0.43649658203125	1500.0	3.1760912590556813	0	709344700	869	80884392	68658214	5	0.0	0.442729	1000000	8.85085732817176	2.9390197764486663	7.836692501973025	7.907864725292852	0.2366280772731148	0.1465793330978378	human_h0_ntv2_250m	human	0.005025125628140704	0.3070113457325394	0.005025125628140704	0.3070113457325394	baseline_plus_kmer_minhash	leave_species_out	0.3850385068853439	0.236013006556069	0.2298796955288831	True
calib_anchor	TFREPAIR_invert_boost_animal_4096_seed42	soybean	0.5650860204945004	animal	plant	nan	nan	nan	animal_invert_boost_to_cross_eval	0.121572	0.122064	0.967888	51176368	405794558	nan	1550.0	3.1903316981702914	0	978491270	1190	58018742	48577505	10	0.0140867288186392	0.330132	1000000	8.990556955279926	3.0755469613925306	7.686435205146788	7.763568307914055	0.1721211082809056	0.0467496388777612	animal	c_elegans	0.015486164001015486	0.23266857302458474	0.008646221034963925	0.38898844540057326	baseline_plus_kmer_minhash	leave_species_out	0.5671266718651793	0.26639606534463584	0.002040651370678881	True
calib_anchor	TFREPAIR_invert_boost_animal_4096_seed42	soybean	0.5650854892493286	animal	plant	nan	nan	nan	animal_invert_boost_to_plant_eval	0.121572	0.122064	0.967888	51176368	405794558	nan	1550.0	3.1903316981702914	0	978491270	1190	58018742	48577505	10	0.0140867288186392	0.330132	1000000	8.990556955279926	3.0755469613925306	7.686435205146788	7.763568307914055	0.1721211082809056	0.0467496388777612	animal	c_elegans	0.015486164001015486	0.23266857302458474	0.008646221034963925	0.38898844540057326	baseline_plus_kmer_minhash	leave_species_out	0.5671266718651793	0.26639606534463584	0.002041182615850734	True
calib_anchor	insect_no_beetle_4096	soybean	0.4867824461937038	insect	plant	nan	nan	nan	insect_no_beetle_to_cross_eval	0.121572	0.122064	0.967888	51176368	405794558	nan	1550.0	3.1903316981702914	0	978491270	1190	58018742	48577505	10	0.0140867288186392	0.330132	1000000	8.990556955279926	3.0755469613925306	7.686435205146788	7.763568307914055	0.2213663352869438	0.0708915192575917	insect	western_honey_bee	0.014198782961460446	0.23837005125379554	0.010370654691600882	0.2639452230109178	baseline_plus_kmer_minhash	leave_species_out	0.635929972035083	0.25316137600690725	0.14914752584137914	True
calib_anchor	insect_no_beetle_4096	soybean	0.4867824461937038	insect	plant	nan	nan	nan	insect_no_beetle_to_plant_eval	0.121572	0.122064	0.967888	51176368	405794558	nan	1550.0	3.1903316981702914	0	978491270	1190	58018742	48577505	10	0.0140867288186392	0.330132	1000000	8.990556955279926	3.0755469613925306	7.686435205146788	7.763568307914055	0.2213663352869438	0.0708915192575917	insect	western_honey_bee	0.014198782961460446	0.23837005125379554	0.010370654691600882	0.2639452230109178	baseline_plus_kmer_minhash	leave_species_out	0.635929972035083	0.25316137600690725	0.14914752584137914	True
calib_anchor	cross_supervised_4096	soybean	0.4136761357660033	cross	plant	nan	nan	nan	cross_supervised_to_cross_eval	0.121572	0.122064	0.967888	51176368	405794558	nan	1550.0	3.1903316981702914	0	978491270	1190	58018742	48577505	10	0.0140867288186392	0.330132	1000000	8.990556955279926	3.0755469613925306	7.686435205146788	7.763568307914055	0.1689640981121739	0.0484850139947763	cross	c_elegans	0.015486164001015486	0.23266857302458474	0.007956602986319066	0.36343110874852025	baseline_plus_kmer_minhash	leave_species_out	0.566818313332675	0.25661668846201835	0.15314217756667164	True
calib_anchor	cross_supervised_4096	soybean	0.4136761357660033	cross	plant	nan	nan	nan	cross_supervised_to_plant_eval	0.121572	0.122064	0.967888	51176368	405794558	nan	1550.0	3.1903316981702914	0	978491270	1190	58018742	48577505	10	0.0140867288186392	0.330132	1000000	8.990556955279926	3.0755469613925306	7.686435205146788	7.763568307914055	0.1689640981121739	0.0484850139947763	cross	c_elegans	0.015486164001015486	0.23266857302458474	0.007956602986319066	0.36343110874852025	baseline_plus_kmer_minhash	leave_species_out	0.566818313332675	0.25661668846201835	0.15314217756667164	True
calib_anchor	plant_supervised_4096	soybean	0.4115535505913839	plant	plant	nan	nan	nan	plant_supervised_to_cross_eval	0.121572	0.122064	0.967888	51176368	405794558	nan	1550.0	3.1903316981702914	1	978491270	1190	58018742	48577505	10	0.0140867288186392	0.330132	1000000	8.990556955279926	3.0755469613925306	7.686435205146788	7.763568307914055	0.1946953499497931	0.0763255186024801	plant	thale_cress	0.014198782961460446	0.23837005125379554	0.008837825572143599	0.27442917651582677	baseline_plus_kmer_minhash	leave_species_out	0.46711161629977416	0.2493425743957728	0.05555806570839028	True
calib_anchor	plant_supervised_4096	soybean	0.4115535505913839	plant	plant	nan	nan	nan	plant_supervised_to_plant_eval	0.121572	0.122064	0.967888	51176368	405794558	nan	1550.0	3.1903316981702914	1	978491270	1190	58018742	48577505	10	0.0140867288186392	0.330132	1000000	8.990556955279926	3.0755469613925306	7.686435205146788	7.763568307914055	0.1946953499497931	0.0763255186024801	plant	thale_cress	0.014198782961460446	0.23837005125379554	0.008837825572143599	0.27442917651582677	baseline_plus_kmer_minhash	leave_species_out	0.46711161629977416	0.2493425743957728	0.05555806570839028	True
calib_anchor	plant_supervised_4096	teosinte	0.9308197551982428	plant	plant	nan	nan	nan	plant_supervised_to_cross_eval	0.086856	0.088019	0.868021	259955621	2563626352	nan	1500.0	3.1760912590556813	1	3290921811	8365	294039681	175094470	8	0.0	0.438516	1000000	9.517317564015846	3.922465945298413	8.243272429998866	8.468405942917126	0.2100077500333409	0.103231294898657	plant	maize	0.11950741673663588	0.10294122975423052	0.026661584705627107	0.288035154362955	baseline_plus_kmer_minhash	leave_species_out	0.48426385776106	0.17053825068132145	0.44655589743718277	True
calib_anchor	plant_supervised_4096	teosinte	0.9308197551982428	plant	plant	nan	nan	nan	plant_supervised_to_plant_eval	0.086856	0.088019	0.868021	259955621	2563626352	nan	1500.0	3.1760912590556813	1	3290921811	8365	294039681	175094470	8	0.0	0.438516	1000000	9.517317564015846	3.922465945298413	8.243272429998866	8.468405942917126	0.2100077500333409	0.103231294898657	plant	maize	0.11950741673663588	0.10294122975423052	0.026661584705627107	0.288035154362955	baseline_plus_kmer_minhash	leave_species_out	0.48426385776106	0.17053825068132145	0.44655589743718277	True
calib_anchor	cross_supervised_4096	teosinte	0.9299634062638152	cross	plant	nan	nan	nan	cross_supervised_to_cross_eval	0.086856	0.088019	0.868021	259955621	2563626352	nan	1500.0	3.1760912590556813	0	3290921811	8365	294039681	175094470	8	0.0	0.438516	1000000	9.517317564015846	3.922465945298413	8.243272429998866	8.468405942917126	0.2120411295082017	0.1047709646574465	cross	maize	0.11950741673663588	0.10294122975423052	0.017635981476163853	0.38584098565941843	baseline_plus_kmer_minhash	leave_species_out	0.5606047652385913	0.2231626856181451	0.369358641025224	True
calib_anchor	cross_supervised_4096	teosinte	0.9299634062638152	cross	plant	nan	nan	nan	cross_supervised_to_plant_eval	0.086856	0.088019	0.868021	259955621	2563626352	nan	1500.0	3.1760912590556813	0	3290921811	8365	294039681	175094470	8	0.0	0.438516	1000000	9.517317564015846	3.922465945298413	8.243272429998866	8.468405942917126	0.2120411295082017	0.1047709646574465	cross	maize	0.11950741673663588	0.10294122975423052	0.017635981476163853	0.38584098565941843	baseline_plus_kmer_minhash	leave_species_out	0.5606047652385913	0.2231626856181451	0.369358641025224	True
calib_anchor	TFREPAIR_invert_boost_animal_4096_seed42	teosinte	0.8886845637016639	animal	plant	nan	nan	nan	animal_invert_boost_to_cross_eval	0.086856	0.088019	0.868021	259955621	2563626352	nan	1500.0	3.1760912590556813	0	3290921811	8365	294039681	175094470	8	0.0	0.438516	1000000	9.517317564015846	3.922465945298413	8.243272429998866	8.468405942917126	0.2168178063542519	0.1112460410900726	animal	western_honey_bee	0.005025125628140704	0.3070113457325394	0.0026768548044381144	0.4546859763169415	baseline_plus_kmer_minhash	leave_species_out	0.727805193021367	0.2707068717714375	0.1608793706802969	True
calib_anchor	TFREPAIR_invert_boost_animal_4096_seed42	teosinte	0.8886845637016639	animal	plant	nan	nan	nan	animal_invert_boost_to_plant_eval	0.086856	0.088019	0.868021	259955621	2563626352	nan	1500.0	3.1760912590556813	0	3290921811	8365	294039681	175094470	8	0.0	0.438516	1000000	9.517317564015846	3.922465945298413	8.243272429998866	8.468405942917126	0.2168178063542519	0.1112460410900726	animal	western_honey_bee	0.005025125628140704	0.3070113457325394	0.0026768548044381144	0.4546859763169415	baseline_plus_kmer_minhash	leave_species_out	0.727805193021367	0.2707068717714375	0.1608793706802969	True
calib_anchor	insect_no_beetle_4096	teosinte	0.7928110204987012	insect	plant	nan	nan	nan	insect_no_beetle_to_cross_eval	0.086856	0.088019	0.868021	259955621	2563626352	nan	1500.0	3.1760912590556813	0	3290921811	8365	294039681	175094470	8	0.0	0.438516	1000000	9.517317564015846	3.922465945298413	8.243272429998866	8.468405942917126	0.24756711504357	0.1387104209292143	insect	western_honey_bee	0.005025125628140704	0.3070113457325394	0.004142861284097942	0.3213707762689546	baseline_plus_kmer_minhash	leave_species_out	0.16939373612586026	0.09456954850005872	0.6234172843728409	True
calib_anchor	insect_no_beetle_4096	teosinte	0.7928110204987012	insect	plant	nan	nan	nan	insect_no_beetle_to_plant_eval	0.086856	0.088019	0.868021	259955621	2563626352	nan	1500.0	3.1760912590556813	0	3290921811	8365	294039681	175094470	8	0.0	0.438516	1000000	9.517317564015846	3.922465945298413	8.243272429998866	8.468405942917126	0.24756711504357	0.1387104209292143	insect	western_honey_bee	0.005025125628140704	0.3070113457325394	0.004142861284097942	0.3213707762689546	baseline_plus_kmer_minhash	leave_species_out	0.16939373612586026	0.09456954850005872	0.6234172843728409	True
calib_anchor	cross_supervised_4096	thale_cress	0.7121875392581978	cross	plant	nan	nan	nan	cross_supervised_to_plant_fine	0.043011	0.043145	0.932855	1297325	28049979	0.37922119140625	1550.0	3.1903316981702914	0	119667750	7	30427671	23459830	3	0.0	0.372445	1000000	8.077977125476142	0.8450980400142568	7.370324860706645	7.48326871178776	0.1110569059282151	0.0213077580291249	cross	zebrafish	0.009591115598182737	0.26422108665437977	0.006171162289570814	0.3760555391738481	baseline_plus_kmer_minhash	leave_species_out	0.547690363645933	0.18858548440231587	0.16449717561226473	True
calib_anchor	plant_supervised_4096	thale_cress	0.6974776069597389	plant	plant	nan	nan	nan	plant_supervised_to_plant_fine	0.043011	0.043145	0.932855	1297325	28049979	0.37922119140625	1550.0	3.1903316981702914	1	119667750	7	30427671	23459830	3	0.0	0.372445	1000000	8.077977125476142	0.8450980400142568	7.370324860706645	7.48326871178776	0.1249666485378415	0.0307960258984802	plant	thale_cress	1.0	0.0	0.2046275443404551	0.23908445535817996	baseline_plus_kmer_minhash	leave_species_out	0.8354560984947375	0.14350638271892854	0.13797849153499853	True
calib_anchor	TFREPAIR_invert_boost_animal_4096_seed42	thale_cress	0.2079073653834738	animal	plant	nan	nan	nan	animal_invert_boost_to_plant_fine	0.043011	0.043145	0.932855	1297325	28049979	0.37922119140625	1550.0	3.1903316981702914	0	119667750	7	30427671	23459830	3	0.0	0.372445	1000000	8.077977125476142	0.8450980400142568	7.370324860706645	7.48326871178776	0.1234742428456467	0.0279292546598651	animal	western_honey_bee	0.01035615054306643	0.25915535952251834	0.0066413873495687606	0.4013179338212955	baseline_plus_kmer_minhash	leave_species_out	0.5608516401393837	0.19591010125497085	0.35294427475590995	True
calib_anchor	insect_no_beetle_4096	thale_cress	0.1382559591838703	insect	plant	nan	nan	nan	insect_no_beetle_to_plant_fine	0.043011	0.043145	0.932855	1297325	28049979	0.37922119140625	1550.0	3.1903316981702914	0	119667750	7	30427671	23459830	3	0.0	0.372445	1000000	8.077977125476142	0.8450980400142568	7.370324860706645	7.48326871178776	0.1564172368424756	0.0430840989911306	insect	western_honey_bee	0.01035615054306643	0.25915535952251834	0.008702747980495954	0.2718676114068218	baseline_plus_kmer_minhash	leave_species_out	0.6024997376924076	0.1426982628585539	0.4642437785085373	True
final_errorbar	ntv3_100m_pre_w2048	thale_cress	0.1299511497000876	human_h0_ntv3_100m	plant	plant_fine	3.0	0.0173026332429277	nan	0.043011	0.043145	0.932855	1297325	28049979	0.37922119140625	1550.0	3.1903316981702914	0	119667750	7	30427671	23459830	3	0.0	0.372445	1000000	8.077977125476142	0.8450980400142568	7.370324860706645	7.48326871178776	0.3352596901322179	0.268016439460078	human_h0_ntv3_100m	human	0.004016064257028112	0.3218875824868201	0.004016064257028112	0.3218875824868201	baseline_plus_kmer_minhash	leave_species_out	0.4641671777117728	0.17988892531166803	0.3342160280116852	True
final_errorbar	ntv2_250m_w4096	thale_cress	0.059250325526733	human_h0_ntv2_250m	plant	plant_fine	3.0	0.0279221757123653	nan	0.043011	0.043145	0.932855	1297325	28049979	0.37922119140625	1550.0	3.1903316981702914	0	119667750	7	30427671	23459830	3	0.0	0.372445	1000000	8.077977125476142	0.8450980400142568	7.370324860706645	7.48326871178776	0.3352596901322179	0.268016439460078	human_h0_ntv2_250m	human	0.004016064257028112	0.3218875824868201	0.004016064257028112	0.3218875824868201	baseline_plus_kmer_minhash	leave_species_out	0.39594873218522786	0.2177542214724592	0.3366984066584949	True
supp_h0_transfer	ntv2_500m_H0_w4096	thale_cress	0.0350888069185704	human_h0_ntv2_500m	plant	nan	nan	nan	transfer_BC_w4096	0.043011	0.043145	0.932855	1297325	28049979	0.37922119140625	1550.0	3.1903316981702914	0	119667750	7	30427671	23459830	3	0.0	0.372445	1000000	8.077977125476142	0.8450980400142568	7.370324860706645	7.48326871178776	0.3352596901322179	0.268016439460078	human_h0_ntv2_500m	human	0.004016064257028112	0.3218875824868201	0.004016064257028112	0.3218875824868201	baseline_plus_kmer_minhash	leave_species_out	0.4157130449390733	0.20803517271436692	0.3806242380205029	True
supp_h0_transfer	ntv2_500m_H0_w4096	western_clawed_frog	0.7676709570719781	human_h0_ntv2_500m	vertebrate	nan	nan	nan	transfer_BC_w4096	0.000179	0.000179	0.967076	84407	455592780	0.5371810538664581	360.0	2.556302500767288	0	1451301209	167	217471166	153961319	5	0.0029910269192422	0.505897	1000000	9.16175755704896	2.2227164711475837	8.18741162307706	8.337401683004607	0.1957973399316009	0.0911435831684164	human_h0_ntv2_500m	human	0.002506265664160401	0.35322115776986907	0.002506265664160401	0.35322115776986907	baseline_plus_kmer_minhash	leave_species_out	0.5051871821885653	0.24174460335160952	0.2624837748834128	True
final_errorbar	ntv2_250m_w4096	western_clawed_frog	0.6476854010493278	human_h0_ntv2_250m	vertebrate	animal_fine	3.0	0.0436579387818896	nan	0.000179	0.000179	0.967076	84407	455592780	0.5371810538664581	360.0	2.556302500767288	0	1451301209	167	217471166	153961319	5	0.0029910269192422	0.505897	1000000	9.16175755704896	2.2227164711475837	8.18741162307706	8.337401683004607	0.1957973399316009	0.0911435831684164	human_h0_ntv2_250m	human	0.002506265664160401	0.35322115776986907	0.002506265664160401	0.35322115776986907	baseline_plus_kmer_minhash	leave_species_out	0.4971948725593121	0.24421777773230977	0.1504905284900157	True
final_errorbar	ntv3_100m_pre_w2048	western_clawed_frog	0.5191597065847986	human_h0_ntv3_100m	vertebrate	animal_fine	3.0	0.0896323044666213	nan	0.000179	0.000179	0.967076	84407	455592780	0.5371810538664581	360.0	2.556302500767288	0	1451301209	167	217471166	153961319	5	0.0029910269192422	0.505897	1000000	9.16175755704896	2.2227164711475837	8.18741162307706	8.337401683004607	0.1957973399316009	0.0911435831684164	human_h0_ntv3_100m	human	0.002506265664160401	0.35322115776986907	0.002506265664160401	0.35322115776986907	baseline_plus_kmer_minhash	leave_species_out	0.5267284242698298	0.2199839125466051	0.007568717685031201	True
anchor_anchor	insect_primary_4096	western_honey_bee	0.946524064171123	insect	insect	nan	nan	nan	insect_primary_to_insect_stress	0.020425	0.982865	0.020432	4337232	90164	nan	820.0	2.9138138523837167	1	51457486	3	25433307	14233499	2	0.0388635522641971	0.404665	1000000	7.71144856455995	0.4771212547196624	7.15331167517893	7.405402833572285	0.1030895049884773	0.0198094430108711	insect	western_honey_bee	1.0	0.0	0.5045408678102926	0.13391278403619908	baseline_plus_kmer_minhash	leave_species_out	0.8497529321512974	0.21121958169544666	0.09677113201982557	True
calib_anchor	insect_no_beetle_4096	western_honey_bee	0.7983193277310925	insect	insect	nan	nan	nan	insect_no_beetle_to_cross_eval	0.020425	0.982865	0.020432	4337232	90164	nan	820.0	2.9138138523837167	1	51457486	3	25433307	14233499	2	0.0388635522641971	0.404665	1000000	7.71144856455995	0.4771212547196624	7.15331167517893	7.405402833572285	0.1030895049884773	0.0198094430108711	insect	western_honey_bee	1.0	0.0	0.5045408678102926	0.13391278403619908	baseline_plus_kmer_minhash	leave_species_out	0.8497529321512974	0.21121958169544666	0.05143360442020495	True
calib_anchor	insect_no_beetle_4096	western_honey_bee	0.7983193277310925	insect	insect	nan	nan	nan	insect_no_beetle_to_stress_eval	0.020425	0.982865	0.020432	4337232	90164	nan	820.0	2.9138138523837167	1	51457486	3	25433307	14233499	2	0.0388635522641971	0.404665	1000000	7.71144856455995	0.4771212547196624	7.15331167517893	7.405402833572285	0.1030895049884773	0.0198094430108711	insect	western_honey_bee	1.0	0.0	0.5045408678102926	0.13391278403619908	baseline_plus_kmer_minhash	leave_species_out	0.8497529321512974	0.21121958169544666	0.05143360442020495	True
anchor_anchor	insect_no_beetle_4096	western_honey_bee	0.7983193277310925	insect	insect	nan	nan	nan	insect_no_beetle_to_insect_stress	0.020425	0.982865	0.020432	4337232	90164	nan	820.0	2.9138138523837167	1	51457486	3	25433307	14233499	2	0.0388635522641971	0.404665	1000000	7.71144856455995	0.4771212547196624	7.15331167517893	7.405402833572285	0.1030895049884773	0.0198094430108711	insect	western_honey_bee	1.0	0.0	0.5045408678102926	0.13391278403619908	baseline_plus_kmer_minhash	leave_species_out	0.8497529321512974	0.21121958169544666	0.05143360442020495	True
calib_anchor	TFREPAIR_invert_boost_animal_4096_seed42	western_honey_bee	0.05217988328184	animal	insect	nan	nan	nan	animal_invert_boost_to_cross_eval	0.020425	0.982865	0.020432	4337232	90164	nan	820.0	2.9138138523837167	1	51457486	3	25433307	14233499	2	0.0388635522641971	0.404665	1000000	7.71144856455995	0.4771212547196624	7.15331167517893	7.405402833572285	0.1975547081920625	0.0743872976560842	animal	western_honey_bee	1.0	0.0	0.17281984150581312	0.3534184362242991	baseline_plus_kmer_minhash	leave_species_out	0.8592994476170085	0.2216850724534086	0.8071195643351685	True
calib_anchor	TFREPAIR_invert_boost_animal_4096_seed42	western_honey_bee	0.05217988328184	animal	insect	nan	nan	nan	animal_invert_boost_to_stress_eval	0.020425	0.982865	0.020432	4337232	90164	nan	820.0	2.9138138523837167	1	51457486	3	25433307	14233499	2	0.0388635522641971	0.404665	1000000	7.71144856455995	0.4771212547196624	7.15331167517893	7.405402833572285	0.1975547081920625	0.0743872976560842	animal	western_honey_bee	1.0	0.0	0.17281984150581312	0.3534184362242991	baseline_plus_kmer_minhash	leave_species_out	0.8592994476170085	0.2216850724534086	0.8071195643351685	True
anchor_anchor	TFREPAIR_invert_boost_animal_4096_seed42	western_honey_bee	0.05217988328184	animal	insect	nan	nan	nan	animal_invert_boost_to_insect_stress	0.020425	0.982865	0.020432	4337232	90164	nan	820.0	2.9138138523837167	1	51457486	3	25433307	14233499	2	0.0388635522641971	0.404665	1000000	7.71144856455995	0.4771212547196624	7.15331167517893	7.405402833572285	0.1975547081920625	0.0743872976560842	animal	western_honey_bee	1.0	0.0	0.17281984150581312	0.3534184362242991	baseline_plus_kmer_minhash	leave_species_out	0.8592994476170085	0.2216850724534086	0.8071195643351685	True
calib_anchor	cross_supervised_4096	western_honey_bee	0.0052898014902451	cross	insect	nan	nan	nan	cross_supervised_to_cross_eval	0.020425	0.982865	0.020432	4337232	90164	nan	820.0	2.9138138523837167	0	51457486	3	25433307	14233499	2	0.0388635522641971	0.404665	1000000	7.71144856455995	0.4771212547196624	7.15331167517893	7.405402833572285	0.2119073798001238	0.0902008757309238	cross	c_elegans	0.014970819588936818	0.2348910010424242	0.007447289680201807	0.3674433006422611	baseline_plus_kmer_minhash	leave_species_out	0.033658639036584025	0.10864113297891853	0.028368837546338926	True
calib_anchor	cross_supervised_4096	western_honey_bee	0.0052898014902451	cross	insect	nan	nan	nan	cross_supervised_to_stress_eval	0.020425	0.982865	0.020432	4337232	90164	nan	820.0	2.9138138523837167	0	51457486	3	25433307	14233499	2	0.0388635522641971	0.404665	1000000	7.71144856455995	0.4771212547196624	7.15331167517893	7.405402833572285	0.2119073798001238	0.0902008757309238	cross	c_elegans	0.014970819588936818	0.2348910010424242	0.007447289680201807	0.3674433006422611	baseline_plus_kmer_minhash	leave_species_out	0.033658639036584025	0.10864113297891853	0.028368837546338926	True
anchor_anchor	cross_supervised_4096	western_honey_bee	0.0052898014902451	cross	insect	nan	nan	nan	cross_supervised_to_insect_stress	0.020425	0.982865	0.020432	4337232	90164	nan	820.0	2.9138138523837167	0	51457486	3	25433307	14233499	2	0.0388635522641971	0.404665	1000000	7.71144856455995	0.4771212547196624	7.15331167517893	7.405402833572285	0.2119073798001238	0.0902008757309238	cross	c_elegans	0.014970819588936818	0.2348910010424242	0.007447289680201807	0.3674433006422611	baseline_plus_kmer_minhash	leave_species_out	0.033658639036584025	0.10864113297891853	0.028368837546338926	True
calib_anchor	plant_supervised_4096	western_honey_bee	0.0003842421976866	plant	insect	nan	nan	nan	plant_supervised_to_cross_eval	0.020425	0.982865	0.020432	4337232	90164	nan	820.0	2.9138138523837167	0	51457486	3	25433307	14233499	2	0.0388635522641971	0.404665	1000000	7.71144856455995	0.4771212547196624	7.15331167517893	7.405402833572285	0.2144848278327983	0.1040586970085212	plant	thale_cress	0.01035615054306643	0.25915535952251834	0.007054098573222767	0.2876872678923741	baseline_plus_kmer_minhash	leave_species_out	0.005631452553221466	0.02616385977457521	0.005247210355534867	True
calib_anchor	plant_supervised_4096	western_honey_bee	0.0003842416254314	plant	insect	nan	nan	nan	plant_supervised_to_stress_eval	0.020425	0.982865	0.020432	4337232	90164	nan	820.0	2.9138138523837167	0	51457486	3	25433307	14233499	2	0.0388635522641971	0.404665	1000000	7.71144856455995	0.4771212547196624	7.15331167517893	7.405402833572285	0.2144848278327983	0.1040586970085212	plant	thale_cress	0.01035615054306643	0.25915535952251834	0.007054098573222767	0.2876872678923741	baseline_plus_kmer_minhash	leave_species_out	0.005631452553221466	0.02616385977457521	0.0052472109277900665	True
calib_anchor	direct_red_flour_beetle_4096	western_honey_bee	0.0	other_anchor	insect	nan	nan	nan	direct_beetle_to_cross_eval	0.020425	0.982865	0.020432	4337232	90164	nan	820.0	2.9138138523837167	0	51457486	3	25433307	14233499	2	0.0388635522641971	0.404665	1000000	7.71144856455995	0.4771212547196624	7.15331167517893	7.405402833572285	0.3782434204252473	0.3304654870915913	other_anchor	human	0.005530417295123178	0.3006573337455844	0.005530417295123178	0.3006573337455844	baseline_plus_kmer_minhash	leave_species_out	0.022570669057312583	0.06498206617048484	0.022570669057312583	True
calib_anchor	direct_red_flour_beetle_4096	western_honey_bee	0.0	other_anchor	insect	nan	nan	nan	direct_beetle_to_stress_eval	0.020425	0.982865	0.020432	4337232	90164	nan	820.0	2.9138138523837167	0	51457486	3	25433307	14233499	2	0.0388635522641971	0.404665	1000000	7.71144856455995	0.4771212547196624	7.15331167517893	7.405402833572285	0.3782434204252473	0.3304654870915913	other_anchor	human	0.005530417295123178	0.3006573337455844	0.005530417295123178	0.3006573337455844	baseline_plus_kmer_minhash	leave_species_out	0.022570669057312583	0.06498206617048484	0.022570669057312583	True
calib_anchor	direct_western_honey_bee_4096	western_honey_bee	0.0	other_anchor	insect	nan	nan	nan	direct_honeybee_to_cross_eval	0.020425	0.982865	0.020432	4337232	90164	nan	820.0	2.9138138523837167	0	51457486	3	25433307	14233499	2	0.0388635522641971	0.404665	1000000	7.71144856455995	0.4771212547196624	7.15331167517893	7.405402833572285	0.3782434204252473	0.3304654870915913	other_anchor	human	0.005530417295123178	0.3006573337455844	0.005530417295123178	0.3006573337455844	baseline_plus_kmer_minhash	leave_species_out	0.022570669057312583	0.06498206617048484	0.022570669057312583	True
calib_anchor	direct_western_honey_bee_4096	western_honey_bee	0.0	other_anchor	insect	nan	nan	nan	direct_honeybee_to_stress_eval	0.020425	0.982865	0.020432	4337232	90164	nan	820.0	2.9138138523837167	0	51457486	3	25433307	14233499	2	0.0388635522641971	0.404665	1000000	7.71144856455995	0.4771212547196624	7.15331167517893	7.405402833572285	0.3782434204252473	0.3304654870915913	other_anchor	human	0.005530417295123178	0.3006573337455844	0.005530417295123178	0.3006573337455844	baseline_plus_kmer_minhash	leave_species_out	0.022570669057312583	0.06498206617048484	0.022570669057312583	True
calib_anchor	direct_western_honey_bee_4096	western_honey_bee	0.0	other_anchor	insect	nan	nan	nan	direct_honeybee_own_holdout	0.020425	0.982865	0.020432	4337232	90164	nan	820.0	2.9138138523837167	0	51457486	3	25433307	14233499	2	0.0388635522641971	0.404665	1000000	7.71144856455995	0.4771212547196624	7.15331167517893	7.405402833572285	0.3782434204252473	0.3304654870915913	other_anchor	human	0.005530417295123178	0.3006573337455844	0.005530417295123178	0.3006573337455844	baseline_plus_kmer_minhash	leave_species_out	0.022570669057312583	0.06498206617048484	0.022570669057312583	True
anchor_anchor	TFREPAIR_invert_boost_animal_4096_seed42	x_laevis	0.4013777654205557	animal	vertebrate	nan	nan	nan	animal_invert_boost_to_insect_stress	0.000194	0.000194	0.813401	56801	238590187	nan	370.0	2.568201724066995	1	2718433805	108033	219802468	136570856	9	0.1479724726946478	0.38498	1000000	9.434318762214229	5.033556436308993	8.13535803149204	8.34203256448767	0.1125183122375499	0.0175004510961257	animal	c_elegans	0.011378002528445006	0.25294933131811753	0.006090925421247965	0.40512387679275275	baseline_plus_kmer_minhash	leave_species_out	0.55761270173822	0.24060736510262482	0.15623493631766427	True
calib_anchor	TFREPAIR_invert_boost_animal_4096_seed42	x_laevis	0.4013775981071781	animal	vertebrate	nan	nan	nan	animal_invert_boost_to_cross_eval	0.000194	0.000194	0.813401	56801	238590187	nan	370.0	2.568201724066995	1	2718433805	108033	219802468	136570856	9	0.1479724726946478	0.38498	1000000	9.434318762214229	5.033556436308993	8.13535803149204	8.34203256448767	0.1125183122375499	0.0175004510961257	animal	c_elegans	0.011378002528445006	0.25294933131811753	0.006090925421247965	0.40512387679275275	baseline_plus_kmer_minhash	leave_species_out	0.55761270173822	0.24060736510262482	0.15623510363104187	True
calib_anchor	TFREPAIR_invert_boost_animal_4096_seed42	x_laevis	0.4013775981071781	animal	vertebrate	nan	nan	nan	animal_invert_boost_to_stress_eval	0.000194	0.000194	0.813401	56801	238590187	nan	370.0	2.568201724066995	1	2718433805	108033	219802468	136570856	9	0.1479724726946478	0.38498	1000000	9.434318762214229	5.033556436308993	8.13535803149204	8.34203256448767	0.1125183122375499	0.0175004510961257	animal	c_elegans	0.011378002528445006	0.25294933131811753	0.006090925421247965	0.40512387679275275	baseline_plus_kmer_minhash	leave_species_out	0.55761270173822	0.24060736510262482	0.15623510363104187	True
calib_anchor	cross_supervised_4096	x_laevis	0.3945827783795458	cross	vertebrate	nan	nan	nan	cross_supervised_to_cross_eval	0.000194	0.000194	0.813401	56801	238590187	nan	370.0	2.568201724066995	0	2718433805	108033	219802468	136570856	9	0.1479724726946478	0.38498	1000000	9.434318762214229	5.033556436308993	8.13535803149204	8.34203256448767	0.1141902696107161	0.0184397446805083	cross	c_elegans	0.011378002528445006	0.25294933131811753	0.004592764215267164	0.39707863831119805	baseline_plus_kmer_minhash	leave_species_out	0.4175111307916544	0.23558852789600013	0.02292835241210861	True
calib_anchor	cross_supervised_4096	x_laevis	0.3945827783795458	cross	vertebrate	nan	nan	nan	cross_supervised_to_stress_eval	0.000194	0.000194	0.813401	56801	238590187	nan	370.0	2.568201724066995	0	2718433805	108033	219802468	136570856	9	0.1479724726946478	0.38498	1000000	9.434318762214229	5.033556436308993	8.13535803149204	8.34203256448767	0.1141902696107161	0.0184397446805083	cross	c_elegans	0.011378002528445006	0.25294933131811753	0.004592764215267164	0.39707863831119805	baseline_plus_kmer_minhash	leave_species_out	0.4175111307916544	0.23558852789600013	0.02292835241210861	True
anchor_anchor	cross_supervised_4096	x_laevis	0.3945827783795458	cross	vertebrate	nan	nan	nan	cross_supervised_to_insect_stress	0.000194	0.000194	0.813401	56801	238590187	nan	370.0	2.568201724066995	0	2718433805	108033	219802468	136570856	9	0.1479724726946478	0.38498	1000000	9.434318762214229	5.033556436308993	8.13535803149204	8.34203256448767	0.1141902696107161	0.0184397446805083	cross	c_elegans	0.011378002528445006	0.25294933131811753	0.004592764215267164	0.39707863831119805	baseline_plus_kmer_minhash	leave_species_out	0.4175111307916544	0.23558852789600013	0.02292835241210861	True
calib_anchor	plant_supervised_4096	x_laevis	0.2855543757586765	plant	vertebrate	nan	nan	nan	plant_supervised_to_cross_eval	0.000194	0.000194	0.813401	56801	238590187	nan	370.0	2.568201724066995	0	2718433805	108033	219802468	136570856	9	0.1479724726946478	0.38498	1000000	9.434318762214229	5.033556436308993	8.13535803149204	8.34203256448767	0.1445645708760781	0.0387081158013149	plant	thale_cress	0.0057832537088257484	0.29769388290752885	0.004168398493877862	0.32147019332278337	baseline_plus_kmer_minhash	leave_species_out	0.3361840455729054	0.23914377603334883	0.050629669814228895	True
calib_anchor	plant_supervised_4096	x_laevis	0.2855543757586765	plant	vertebrate	nan	nan	nan	plant_supervised_to_stress_eval	0.000194	0.000194	0.813401	56801	238590187	nan	370.0	2.568201724066995	0	2718433805	108033	219802468	136570856	9	0.1479724726946478	0.38498	1000000	9.434318762214229	5.033556436308993	8.13535803149204	8.34203256448767	0.1445645708760781	0.0387081158013149	plant	thale_cress	0.0057832537088257484	0.29769388290752885	0.004168398493877862	0.32147019332278337	baseline_plus_kmer_minhash	leave_species_out	0.3361840455729054	0.23914377603334883	0.050629669814228895	True
calib_anchor	insect_no_beetle_4096	x_laevis	0.2829600934257301	insect	vertebrate	nan	nan	nan	insect_no_beetle_to_cross_eval	0.000194	0.000194	0.813401	56801	238590187	nan	370.0	2.568201724066995	0	2718433805	108033	219802468	136570856	9	0.1479724726946478	0.38498	1000000	9.434318762214229	5.033556436308993	8.13535803149204	8.34203256448767	0.1983752948465877	0.0592704987046092	insect	western_honey_bee	0.008572869389813415	0.2716361289950614	0.006294466823420763	0.2967618557409407	baseline_plus_kmer_minhash	leave_species_out	0.4212463052498532	0.22075961378311676	0.1382862118241231	True
calib_anchor	insect_no_beetle_4096	x_laevis	0.2829600934257301	insect	vertebrate	nan	nan	nan	insect_no_beetle_to_stress_eval	0.000194	0.000194	0.813401	56801	238590187	nan	370.0	2.568201724066995	0	2718433805	108033	219802468	136570856	9	0.1479724726946478	0.38498	1000000	9.434318762214229	5.033556436308993	8.13535803149204	8.34203256448767	0.1983752948465877	0.0592704987046092	insect	western_honey_bee	0.008572869389813415	0.2716361289950614	0.006294466823420763	0.2967618557409407	baseline_plus_kmer_minhash	leave_species_out	0.4212463052498532	0.22075961378311676	0.1382862118241231	True
anchor_anchor	insect_no_beetle_4096	x_laevis	0.2829600934257301	insect	vertebrate	nan	nan	nan	insect_no_beetle_to_insect_stress	0.000194	0.000194	0.813401	56801	238590187	nan	370.0	2.568201724066995	0	2718433805	108033	219802468	136570856	9	0.1479724726946478	0.38498	1000000	9.434318762214229	5.033556436308993	8.13535803149204	8.34203256448767	0.1983752948465877	0.0592704987046092	insect	western_honey_bee	0.008572869389813415	0.2716361289950614	0.006294466823420763	0.2967618557409407	baseline_plus_kmer_minhash	leave_species_out	0.4212463052498532	0.22075961378311676	0.1382862118241231	True
anchor_anchor	insect_primary_4096	x_laevis	0.2268599691025123	insect	vertebrate	nan	nan	nan	insect_primary_to_insect_stress	0.000194	0.000194	0.813401	56801	238590187	nan	370.0	2.568201724066995	0	2718433805	108033	219802468	136570856	9	0.1479724726946478	0.38498	1000000	9.434318762214229	5.033556436308993	8.13535803149204	8.34203256448767	0.1983752948465877	0.0592704987046092	insect	western_honey_bee	0.008572869389813415	0.2716361289950614	0.006294466823420763	0.2967618557409407	baseline_plus_kmer_minhash	leave_species_out	0.4212463052498532	0.22075961378311676	0.19438633614734088	True
supp_h0_transfer	ntv2_500m_H0_w4096	zebrafish	0.8151318178516959	human_h0_ntv2_500m	vertebrate	nan	nan	nan	transfer_BC_w4096	0.837603	0.982602	0.850212	891480468	771367366	0.4137124131384462	430.0	2.633468455579586	0	1679203469	1923	78093715	52186027	14	0.0	0.359955	1000000	9.225103322767056	3.28397928423848	7.717554234627916	7.892616083164715	0.3272994079847048	0.2672352128115792	human_h0_ntv2_500m	human	0.0035122930255895636	0.3307896753284549	0.0035122930255895636	0.3307896753284549	baseline_plus_kmer_minhash	leave_species_out	0.21705855835328922	0.14687304050057734	0.5980732594984066	True
final_errorbar	ntv2_250m_w4096	zebrafish	0.753453009276328	human_h0_ntv2_250m	vertebrate	animal_fine	3.0	0.0131433323203878	nan	0.837603	0.982602	0.850212	891480468	771367366	0.4137124131384462	430.0	2.633468455579586	0	1679203469	1923	78093715	52186027	14	0.0	0.359955	1000000	9.225103322767056	3.28397928423848	7.717554234627916	7.892616083164715	0.3272994079847048	0.2672352128115792	human_h0_ntv2_250m	human	0.0035122930255895636	0.3307896753284549	0.0035122930255895636	0.3307896753284549	baseline_plus_kmer_minhash	leave_species_out	0.20975755579225813	0.14526195704499903	0.5436954534840699	True
final_errorbar	ntv3_100m_pre_w2048	zebrafish	0.5214699959942013	human_h0_ntv3_100m	vertebrate	animal_fine	3.0	0.0175674395284055	nan	0.837603	0.982602	0.850212	891480468	771367366	0.4137124131384462	430.0	2.633468455579586	0	1679203469	1923	78093715	52186027	14	0.0	0.359955	1000000	9.225103322767056	3.28397928423848	7.717554234627916	7.892616083164715	0.3272994079847048	0.2672352128115792	human_h0_ntv3_100m	human	0.0035122930255895636	0.3307896753284549	0.0035122930255895636	0.3307896753284549	baseline_plus_kmer_minhash	leave_species_out	0.26410186626612536	0.1559198836625968	0.25736812972807593	True
calib_anchor	cross_supervised_4096	brachypodium	0.8175422271365038	cross	plant	nan	nan	nan	cross_supervised_to_plant_fine	0.101164	0.1029	0.857087	5277523	43958318	0.45561279296875	1500.0	3.1760912590556813	0	271298618	11	75071545	59130575	3	0.0	0.454488	1000000	8.433447581463392	1.041392685158225	7.771812102204127	7.875475353898488	0.0693259415010997	0.0175357229218507	cross	brachypodium	1.0	0.0	0.12915053475717714	0.3531042535064754	baseline_plus_kmer_minhash	leave_clade_out	0.8371883997963175	0.17331918657774337	0.01964617265981372	True
calib_anchor	plant_supervised_4096	brachypodium	0.7765195434514967	plant	plant	nan	nan	nan	plant_supervised_to_plant_fine	0.101164	0.1029	0.857087	5277523	43958318	0.45561279296875	1500.0	3.1760912590556813	1	271298618	11	75071545	59130575	3	0.0	0.454488	1000000	8.433447581463392	1.041392685158225	7.771812102204127	7.875475353898488	0.0392954852174674	0.0046023125549394	plant	brachypodium	1.0	0.0	0.20483241506249245	0.23881140827359948	baseline_plus_kmer_minhash	leave_clade_out	0.8649255515798815	0.11268901747526018	0.08840600812838484	True
calib_anchor	insect_no_beetle_4096	brachypodium	0.4502561696769175	insect	plant	nan	nan	nan	insect_no_beetle_to_plant_fine	0.101164	0.1029	0.857087	5277523	43958318	0.45561279296875	1500.0	3.1760912590556813	0	271298618	11	75071545	59130575	3	0.0	0.454488	1000000	8.433447581463392	1.041392685158225	7.771812102204127	7.875475353898488	0.142514717076787	0.0564627585782296	insect	western_honey_bee	0.0047726701833710125	0.3104308986917095	0.004142481604480288	0.3206102870100822	baseline_plus_kmer_minhash	leave_clade_out	0.6340914823703832	0.2446481039384907	0.18383531269346565	True
calib_anchor	TFREPAIR_invert_boost_animal_4096_seed42	brachypodium	0.4333898332380484	animal	plant	nan	nan	nan	animal_invert_boost_to_plant_fine	0.101164	0.1029	0.857087	5277523	43958318	0.45561279296875	1500.0	3.1760912590556813	0	271298618	11	75071545	59130575	3	0.0	0.454488	1000000	8.433447581463392	1.041392685158225	7.771812102204127	7.875475353898488	0.1040889363124293	0.0363524838017522	animal	zebrafish	0.005025125628140704	0.3070113457325394	0.0036412512484719248	0.4310054901356164	baseline_plus_kmer_minhash	leave_clade_out	0.658297621990095	0.26676523520836715	0.2249077887520466	True
supp_h0_transfer	ntv2_500m_H0_w4096	brachypodium	0.3212749242452583	human_h0_ntv2_500m	plant	nan	nan	nan	transfer_BC_w4096	0.101164	0.1029	0.857087	5277523	43958318	0.45561279296875	1500.0	3.1760912590556813	0	271298618	11	75071545	59130575	3	0.0	0.454488	1000000	8.433447581463392	1.041392685158225	7.771812102204127	7.875475353898488	0.2268185746895572	0.1337656475000112	human_h0_ntv2_500m	human	0.0035122930255895636	0.3307896753284549	0.0035122930255895636	0.3307896753284549	baseline_plus_kmer_minhash	leave_clade_out	0.5663703878829982	0.25318939211625974	0.24509546363773993	True
final_errorbar	ntv2_250m_w4096	brachypodium	0.2929663405760741	human_h0_ntv2_250m	plant	plant_fine	3.0	0.0156920332833043	nan	0.101164	0.1029	0.857087	5277523	43958318	0.45561279296875	1500.0	3.1760912590556813	0	271298618	11	75071545	59130575	3	0.0	0.454488	1000000	8.433447581463392	1.041392685158225	7.771812102204127	7.875475353898488	0.2268185746895572	0.1337656475000112	human_h0_ntv2_250m	human	0.0035122930255895636	0.3307896753284549	0.0035122930255895636	0.3307896753284549	baseline_plus_kmer_minhash	leave_clade_out	0.5490953027696986	0.24880462920622404	0.2561289621936245	True
final_errorbar	ntv3_100m_pre_w2048	brachypodium	0.2073934705084866	human_h0_ntv3_100m	plant	plant_fine	3.0	0.0683970400854424	nan	0.101164	0.1029	0.857087	5277523	43958318	0.45561279296875	1500.0	3.1760912590556813	0	271298618	11	75071545	59130575	3	0.0	0.454488	1000000	8.433447581463392	1.041392685158225	7.771812102204127	7.875475353898488	0.2268185746895572	0.1337656475000112	human_h0_ntv3_100m	human	0.0035122930255895636	0.3307896753284549	0.0035122930255895636	0.3307896753284549	baseline_plus_kmer_minhash	leave_clade_out	0.49598852586185455	0.21884453286997382	0.28859505535336794	True
anchor_anchor	TFREPAIR_invert_boost_animal_4096_seed42	c_elegans	0.9053972034713066	animal	other	nan	nan	nan	animal_invert_boost_to_insect_fine	0.833784	0.964483	0.860195	10289793	9177183	0.3579248046875	900.0	2.9542425094393248	0	100286401	7	20924180	17493829	3	0.0	0.371376	1000000	8.001242045970857	0.8450980400142568	7.242884877035624	7.320648447384384	0.1443799983785652	0.0775729844697248	animal	c_elegans	1.0	0.0	0.17218349693156687	0.35710228198302296	baseline_plus_kmer_minhash	leave_clade_out	0.7102660536649253	0.21451630506332894	0.19513114980638124	True
anchor_anchor	cross_supervised_4096	c_elegans	0.8952111633807284	cross	other	nan	nan	nan	cross_supervised_to_insect_fine	0.833784	0.964483	0.860195	10289793	9177183	0.3579248046875	900.0	2.9542425094393248	0	100286401	7	20924180	17493829	3	0.0	0.371376	1000000	8.001242045970857	0.8450980400142568	7.242884877035624	7.320648447384384	0.1533616551705707	0.0962183394831955	cross	c_elegans	1.0	0.0	0.13035380887994355	0.34022856824211656	baseline_plus_kmer_minhash	leave_clade_out	0.7749765729157906	0.1903811414889576	0.12023459046493779	True
anchor_anchor	insect_primary_4096	c_elegans	0.8945547202059512	insect	other	nan	nan	nan	insect_primary_to_insect_fine	0.833784	0.964483	0.860195	10289793	9177183	0.3579248046875	900.0	2.9542425094393248	0	100286401	7	20924180	17493829	3	0.0	0.371376	1000000	8.001242045970857	0.8450980400142568	7.242884877035624	7.320648447384384	0.1475085510847136	0.0895808950573151	insect	western_honey_bee	0.014970819588936818	0.2348910010424242	0.010503518446379877	0.26487378816101664	baseline_plus_kmer_minhash	leave_clade_out	0.5235888731280842	0.20490122194709207	0.37096584707786695	True
anchor_anchor	insect_no_beetle_4096	c_elegans	0.5383685302773058	insect	other	nan	nan	nan	insect_no_beetle_to_insect_fine	0.833784	0.964483	0.860195	10289793	9177183	0.3579248046875	900.0	2.9542425094393248	0	100286401	7	20924180	17493829	3	0.0	0.371376	1000000	8.001242045970857	0.8450980400142568	7.242884877035624	7.320648447384384	0.1475085510847136	0.0895808950573151	insect	western_honey_bee	0.014970819588936818	0.2348910010424242	0.010503518446379877	0.26487378816101664	baseline_plus_kmer_minhash	leave_clade_out	0.5235888731280842	0.20490122194709207	0.014779657149221581	True
supp_h0_transfer	ntv2_500m_H0_w4096	c_elegans	0.345012472034356	human_h0_ntv2_500m	other	nan	nan	nan	transfer_BC_w4096	0.833784	0.964483	0.860195	10289793	9177183	0.3579248046875	900.0	2.9542425094393248	0	100286401	7	20924180	17493829	3	0.0	0.371376	1000000	8.001242045970857	0.8450980400142568	7.242884877035624	7.320648447384384	0.3448736563265228	0.3498680780416765	human_h0_ntv2_500m	human	0.0047726701833710125	0.3104308986917095	0.0047726701833710125	0.3104308986917095	baseline_plus_kmer_minhash	leave_clade_out	0.26890847193928935	0.22090911366485477	0.07610400009506663	True
final_errorbar	ntv3_100m_pre_w2048	c_elegans	0.2604444021620859	human_h0_ntv3_100m	other	animal_fine	3.0	0.0215523139867919	nan	0.833784	0.964483	0.860195	10289793	9177183	0.3579248046875	900.0	2.9542425094393248	0	100286401	7	20924180	17493829	3	0.0	0.371376	1000000	8.001242045970857	0.8450980400142568	7.242884877035624	7.320648447384384	0.3448736563265228	0.3498680780416765	human_h0_ntv3_100m	human	0.0047726701833710125	0.3104308986917095	0.0047726701833710125	0.3104308986917095	baseline_plus_kmer_minhash	leave_clade_out	0.29090683235945863	0.22395177422155882	0.030462430197372714	True
final_errorbar	ntv2_250m_w4096	c_elegans	0.1426005332526109	human_h0_ntv2_250m	other	animal_fine	3.0	0.0303152737505588	nan	0.833784	0.964483	0.860195	10289793	9177183	0.3579248046875	900.0	2.9542425094393248	0	100286401	7	20924180	17493829	3	0.0	0.371376	1000000	8.001242045970857	0.8450980400142568	7.242884877035624	7.320648447384384	0.3448736563265228	0.3498680780416765	human_h0_ntv2_250m	human	0.0047726701833710125	0.3104308986917095	0.0047726701833710125	0.3104308986917095	baseline_plus_kmer_minhash	leave_clade_out	0.2693576632267288	0.22383735023140086	0.12675712997411792	True
calib_anchor	TFREPAIR_invert_boost_animal_4096_seed42	cattle	0.9216935615407684	animal	vertebrate	nan	nan	nan	animal_invert_boost_to_cross_eval	0.48001	0.488924	0.963405	641516843	1264081324	nan	96.0	1.9822712330395684	1	2715853792	2211	158534110	103308737	12	0.0	0.438283	1000000	9.43390638599257	3.344588742578714	8.014137052114325	8.200122718862955	0.1961603645512639	0.1045802654699864	animal	zebrafish	0.007556675062972292	0.2799803385253285	0.004779504320268857	0.41803209946722686	baseline_plus_kmer_minhash	leave_clade_out	0.2112907858918441	0.33426012942850264	0.7104027756489243	True
calib_anchor	cross_supervised_4096	cattle	0.9213113792693672	cross	vertebrate	nan	nan	nan	cross_supervised_to_cross_eval	0.48001	0.488924	0.963405	641516843	1264081324	nan	96.0	1.9822712330395684	0	2715853792	2211	158534110	103308737	12	0.0	0.438283	1000000	9.43390638599257	3.344588742578714	8.014137052114325	8.200122718862955	0.1898193400311859	0.0914288745666459	cross	zebrafish	0.007556675062972292	0.2799803385253285	0.004147083900805754	0.40059555601938857	baseline_plus_kmer_minhash	leave_clade_out	0.21207052638012217	0.32091086996504103	0.7092408528892451	True
calib_anchor	insect_no_beetle_4096	cattle	0.2681289424464008	insect	vertebrate	nan	nan	nan	insect_no_beetle_to_cross_eval	0.48001	0.488924	0.963405	641516843	1264081324	nan	96.0	1.9822712330395684	0	2715853792	2211	158534110	103308737	12	0.0	0.438283	1000000	9.43390638599257	3.344588742578714	8.014137052114325	8.200122718862955	0.2674695235796735	0.15873003482616	insect	western_honey_bee	0.006289308176100629	0.29213510897825873	0.00464916762867218	0.31660074814759875	baseline_plus_kmer_minhash	leave_clade_out	0.16625911644084437	0.3035553162263414	0.10186982600555641	True
calib_anchor	plant_supervised_4096	cattle	0.0858809770068545	plant	vertebrate	nan	nan	nan	plant_supervised_to_cross_eval	0.48001	0.488924	0.963405	641516843	1264081324	nan	96.0	1.9822712330395684	0	2715853792	2211	158534110	103308737	12	0.0	0.438283	1000000	9.43390638599257	3.344588742578714	8.014137052114325	8.200122718862955	0.1939129743058688	0.0844629259880961	plant	thale_cress	0.0057832537088257484	0.29769388290752885	0.004268975470626056	0.319366348385849	baseline_plus_kmer_minhash	leave_clade_out	0.16776512172547123	0.26882471490918386	0.08188414471861673	True
supp_h0_transfer	ntv2_500m_H0_w4096	chicken	0.8516226680157541	human_h0_ntv2_500m	vertebrate	nan	nan	nan	transfer_BC_w4096	0.391291	0.394479	0.979765	40667484	101005421	0.4113284493284493	310.0	2.4913616938342726	0	1065365425	464	197608386	91315245	4	0.0017070808916752	0.549823	1000000	9.027498598235026	2.6665179805548807	7.96054328866985	8.29580537100184	0.1448915707647146	0.0601428909585745	human_h0_ntv2_500m	human	0.0057832537088257484	0.29769388290752885	0.0057832537088257484	0.29769388290752885	baseline_plus_kmer_minhash	leave_clade_out	0.5908764095215198	0.2302828887343464	0.2607462584942344	True
final_errorbar	ntv2_250m_w4096	chicken	0.843436719033926	human_h0_ntv2_250m	vertebrate	animal_fine	3.0	0.0193628216675568	nan	0.391291	0.394479	0.979765	40667484	101005421	0.4113284493284493	310.0	2.4913616938342726	0	1065365425	464	197608386	91315245	4	0.0017070808916752	0.549823	1000000	9.027498598235026	2.6665179805548807	7.96054328866985	8.29580537100184	0.1448915707647146	0.0601428909585745	human_h0_ntv2_250m	human	0.0057832537088257484	0.29769388290752885	0.0057832537088257484	0.29769388290752885	baseline_plus_kmer_minhash	leave_clade_out	0.5896442079118576	0.23130774272355	0.25379251112206846	True
final_errorbar	ntv3_100m_pre_w2048	chicken	0.6195493201860316	human_h0_ntv3_100m	vertebrate	animal_fine	3.0	0.0701786703401454	nan	0.391291	0.394479	0.979765	40667484	101005421	0.4113284493284493	310.0	2.4913616938342726	0	1065365425	464	197608386	91315245	4	0.0017070808916752	0.549823	1000000	9.027498598235026	2.6665179805548807	7.96054328866985	8.29580537100184	0.1448915707647146	0.0601428909585745	human_h0_ntv3_100m	human	0.0057832537088257484	0.29769388290752885	0.0057832537088257484	0.29769388290752885	baseline_plus_kmer_minhash	leave_clade_out	0.5907597885061784	0.2299423008173725	0.02878953167985321	True
anchor_anchor	insect_no_beetle_4096	fruit_fly	0.944818571090276	insect	insect	nan	nan	nan	insect_no_beetle_to_insect_fine	0.888725	0.993839	0.893648	26497161	23825911	0.494656395206652	780.0	2.8920946026904804	1	143726002	1870	32079331	25286936	3	0.0	0.441621	1000000	8.157535345055386	3.271841606536499	7.402896209379677	7.506225302690743	0.1001622488462802	0.0254297426578645	insect	fruit_fly	1.0	0.0	0.5045408678102926	0.13391278403619908	baseline_plus_kmer_minhash	leave_clade_out	0.8313164613295961	0.07517054809428561	0.11350210976067987	True
anchor_anchor	TFREPAIR_invert_boost_animal_4096_seed42	fruit_fly	0.9437257723304636	animal	insect	nan	nan	nan	animal_invert_boost_to_insect_fine	0.888725	0.993839	0.893648	26497161	23825911	0.494656395206652	780.0	2.8920946026904804	1	143726002	1870	32079331	25286936	3	0.0	0.441621	1000000	8.157535345055386	3.271841606536499	7.402896209379677	7.506225302690743	0.0783631596802407	0.0157474491106001	animal	fruit_fly	1.0	0.0	0.17107312390337562	0.361475438739999	baseline_plus_kmer_minhash	leave_clade_out	0.8725825238496091	0.07066171437688269	0.07114324848085452	True
anchor_anchor	cross_supervised_4096	fruit_fly	0.942393180917196	cross	insect	nan	nan	nan	cross_supervised_to_insect_fine	0.888725	0.993839	0.893648	26497161	23825911	0.494656395206652	780.0	2.8920946026904804	0	143726002	1870	32079331	25286936	3	0.0	0.441621	1000000	8.157535345055386	3.271841606536499	7.402896209379677	7.506225302690743	0.0698216548368194	0.0106775865530966	cross	fruit_fly	1.0	0.0	0.12870734925659089	0.35822788434252495	baseline_plus_kmer_minhash	leave_clade_out	0.8669903470004043	0.06607003432709699	0.0754028339167917	True
anchor_anchor	insect_primary_4096	fruit_fly	0.9413841255319276	insect	insect	nan	nan	nan	insect_primary_to_insect_fine	0.888725	0.993839	0.893648	26497161	23825911	0.494656395206652	780.0	2.8920946026904804	1	143726002	1870	32079331	25286936	3	0.0	0.441621	1000000	8.157535345055386	3.271841606536499	7.402896209379677	7.506225302690743	0.1001622488462802	0.0254297426578645	insect	fruit_fly	1.0	0.0	0.5045408678102926	0.13391278403619908	baseline_plus_kmer_minhash	leave_clade_out	0.8313164613295961	0.07517054809428561	0.1100676642023315	True
supp_h0_transfer	ntv2_500m_H0_w4096	fruit_fly	0.6577990369528225	human_h0_ntv2_500m	insect	nan	nan	nan	transfer_BC_w4096	0.888725	0.993839	0.893648	26497161	23825911	0.494656395206652	780.0	2.8920946026904804	0	143726002	1870	32079331	25286936	3	0.0	0.441621	1000000	8.157535345055386	3.271841606536499	7.402896209379677	7.506225302690743	0.2474985795480165	0.15855331987712	human_h0_ntv2_500m	human	0.003009027081243731	0.34106638731693883	0.003009027081243731	0.34106638731693883	baseline_plus_kmer_minhash	leave_clade_out	0.5665750484297197	0.22352406025840393	0.09122398852310276	True
final_errorbar	ntv2_250m_w4096	fruit_fly	0.5533233517822065	human_h0_ntv2_250m	insect	animal_fine	3.0	0.0128215769678409	nan	0.888725	0.993839	0.893648	26497161	23825911	0.494656395206652	780.0	2.8920946026904804	0	143726002	1870	32079331	25286936	3	0.0	0.441621	1000000	8.157535345055386	3.271841606536499	7.402896209379677	7.506225302690743	0.2474985795480165	0.15855331987712	human_h0_ntv2_250m	human	0.003009027081243731	0.34106638731693883	0.003009027081243731	0.34106638731693883	baseline_plus_kmer_minhash	leave_clade_out	0.5605546859683834	0.2249672864293038	0.007231334186176941	True
final_errorbar	ntv3_100m_pre_w2048	fruit_fly	0.4822229619104726	human_h0_ntv3_100m	insect	animal_fine	3.0	0.1825771233602698	nan	0.888725	0.993839	0.893648	26497161	23825911	0.494656395206652	780.0	2.8920946026904804	0	143726002	1870	32079331	25286936	3	0.0	0.441621	1000000	8.157535345055386	3.271841606536499	7.402896209379677	7.506225302690743	0.2474985795480165	0.15855331987712	human_h0_ntv3_100m	human	0.003009027081243731	0.34106638731693883	0.003009027081243731	0.34106638731693883	baseline_plus_kmer_minhash	leave_clade_out	0.5760535065302925	0.19606773795357793	0.09383054461981993	True
calib_anchor	cross_supervised_4096	horse	0.8925601404845789	cross	vertebrate	nan	nan	nan	cross_supervised_to_cross_eval	0.791397	0.812579	0.968112	892563554	1063406667	nan	96.0	1.9822712330395684	0	188260577	1	188260577	188260577	1	0.0010189606601266	0.517305	1000000	8.27475938542357	0.0	8.27475938542357	8.27475938542357	0.2072733615749962	0.1175416603257882	cross	zebrafish	0.008572869389813415	0.2716361289950614	0.00408447992382229	0.4019382172622498	baseline_plus_kmer_minhash	leave_clade_out	0.21926772040886058	0.3289579912114441	0.6732924200757183	True
calib_anchor	TFREPAIR_invert_boost_animal_4096_seed42	horse	0.8913728851560259	animal	vertebrate	nan	nan	nan	animal_invert_boost_to_cross_eval	0.791397	0.812579	0.968112	892563554	1063406667	nan	96.0	1.9822712330395684	1	188260577	1	188260577	188260577	1	0.0010189606601266	0.517305	1000000	8.27475938542357	0.0	8.27475938542357	8.27475938542357	0.2056004978397222	0.1203089942757705	animal	zebrafish	0.008572869389813415	0.2716361289950614	0.004653618742653688	0.4197215175742321	baseline_plus_kmer_minhash	leave_clade_out	0.2150150906457005	0.33713193662802365	0.6763577945103254	True
calib_anchor	insect_no_beetle_4096	horse	0.1869044858967403	insect	vertebrate	nan	nan	nan	insect_no_beetle_to_cross_eval	0.791397	0.812579	0.968112	892563554	1063406667	nan	96.0	1.9822712330395684	0	188260577	1	188260577	188260577	1	0.0010189606601266	0.517305	1000000	8.27475938542357	0.0	8.27475938542357	8.27475938542357	0.2746396996501602	0.1850487156640525	insect	fruit_fly	0.0037641154328732747	0.32619015056265815	0.0036382042292314194	0.3284899129455565	baseline_plus_kmer_minhash	leave_clade_out	0.1958825507325836	0.28337624134115025	0.008978064835843291	True
calib_anchor	plant_supervised_4096	horse	0.1025602154105038	plant	vertebrate	nan	nan	nan	plant_supervised_to_cross_eval	0.791397	0.812579	0.968112	892563554	1063406667	nan	96.0	1.9822712330395684	0	188260577	1	188260577	188260577	1	0.0010189606601266	0.517305	1000000	8.27475938542357	0.0	8.27475938542357	8.27475938542357	0.2026925587860898	0.1042618889160033	plant	sorghum	0.0045203415369161224	0.31403538010972787	0.0035126468408247743	0.33171061801320795	baseline_plus_kmer_minhash	leave_clade_out	0.1974020700569283	0.29717555180326377	0.09484185464642451	True
supp_h0_transfer	ntv2_500m_H0_w4096	human	0.961411324419745	human_h0_ntv2_500m	vertebrate	nan	nan	nan	transfer_BC_w4096	0.948128	0.966802	0.980034	1410192187	1429492481	nan	6.0	0.7781512503836436	0	248387328	1	248387328	248387328	1	0.0	0.550911	1000000	8.395129435626702	0.0	8.395129435626702	8.395129435626702	0.0	-2.220446049250313e-16	human_h0_ntv2_500m	human	1.0	0.0	1.0	0.0	baseline_plus_kmer_minhash	leave_clade_out	0.8515897330291139	0.057730547801157925	0.10982159139063108	True
calib_anchor	TFREPAIR_invert_boost_animal_4096_seed42	human	0.904946115719272	animal	vertebrate	nan	nan	nan	animal_invert_boost_to_cross_eval	0.948128	0.966802	0.980034	1410192187	1429492481	nan	6.0	0.7781512503836436	1	248387328	1	248387328	248387328	1	0.0	0.550911	1000000	8.395129435626702	0.0	8.395129435626702	8.395129435626702	0.2473971321688795	0.1687976905989935	animal	chicken	0.0057832537088257484	0.29769388290752885	0.003767943549025539	0.4301063629983694	baseline_plus_kmer_minhash	leave_clade_out	0.21683251350450972	0.3266027003480544	0.6881136022147623	True
calib_anchor	cross_supervised_4096	human	0.9023446184329426	cross	vertebrate	nan	nan	nan	cross_supervised_to_cross_eval	0.948128	0.966802	0.980034	1410192187	1429492481	nan	6.0	0.7781512503836436	0	248387328	1	248387328	248387328	1	0.0	0.550911	1000000	8.395129435626702	0.0	8.395129435626702	8.395129435626702	0.249220227348776	0.1685880996034323	cross	sorghum	0.005025125628140704	0.3070113457325394	0.00348294218224885	0.4079828934214672	baseline_plus_kmer_minhash	leave_clade_out	0.2196445147772831	0.3243319703632781	0.6827001036556595	True
calib_anchor	insect_no_beetle_4096	human	0.1477908337777611	insect	vertebrate	nan	nan	nan	insect_no_beetle_to_cross_eval	0.948128	0.966802	0.980034	1410192187	1429492481	nan	6.0	0.7781512503836436	0	248387328	1	248387328	248387328	1	0.0	0.550911	1000000	8.395129435626702	0.0	8.395129435626702	8.395129435626702	0.3042605063379114	0.2325830037417954	insect	western_honey_bee	0.005530417295123178	0.3006573337455844	0.004269722188183454	0.32086186053126164	baseline_plus_kmer_minhash	leave_clade_out	0.1746899024844809	0.3005106749134659	0.02689906870671982	True
calib_anchor	plant_supervised_4096	human	0.1214275571269181	plant	vertebrate	nan	nan	nan	plant_supervised_to_cross_eval	0.948128	0.966802	0.980034	1410192187	1429492481	nan	6.0	0.7781512503836436	0	248387328	1	248387328	248387328	1	0.0	0.550911	1000000	8.395129435626702	0.0	8.395129435626702	8.395129435626702	0.242491599474234	0.153922806418943	plant	sorghum	0.005025125628140704	0.3070113457325394	0.00411712228496292	0.3206927537042909	baseline_plus_kmer_minhash	leave_clade_out	0.18434518244980994	0.30039547756620877	0.06291762532289183	True
calib_anchor	TFREPAIR_invert_boost_animal_4096_seed42	lizard	0.2416400416987031	animal	vertebrate	nan	nan	nan	animal_invert_boost_to_cross_eval	0.038956	0.053715	0.12417	41691771	96375917	nan	320.0	2.505149978319906	1	1799143587	6457	263920458	150641573	5	0.1263239468490436	0.405226	1000000	9.25506582513172	3.81003078640584	8.177944841937268	8.42147305620014	0.1334641792289605	0.0269436863730062	animal	c_elegans	0.008318628686664987	0.2736263265383735	0.004694911189318436	0.41814562651379633	baseline_plus_kmer_minhash	leave_clade_out	0.5811993509259568	0.2708525147125826	0.33955930922725364	True
calib_anchor	TFREPAIR_invert_boost_animal_4096_seed42	lizard	0.2416400416987031	animal	vertebrate	nan	nan	nan	animal_invert_boost_to_stress_eval	0.038956	0.053715	0.12417	41691771	96375917	nan	320.0	2.505149978319906	1	1799143587	6457	263920458	150641573	5	0.1263239468490436	0.405226	1000000	9.25506582513172	3.81003078640584	8.177944841937268	8.42147305620014	0.1334641792289605	0.0269436863730062	animal	c_elegans	0.008318628686664987	0.2736263265383735	0.004694911189318436	0.41814562651379633	baseline_plus_kmer_minhash	leave_clade_out	0.5811993509259568	0.2708525147125826	0.33955930922725364	True
anchor_anchor	TFREPAIR_invert_boost_animal_4096_seed42	lizard	0.2416400416987031	animal	vertebrate	nan	nan	nan	animal_invert_boost_to_insect_stress	0.038956	0.053715	0.12417	41691771	96375917	nan	320.0	2.505149978319906	1	1799143587	6457	263920458	150641573	5	0.1263239468490436	0.405226	1000000	9.25506582513172	3.81003078640584	8.177944841937268	8.42147305620014	0.1334641792289605	0.0269436863730062	animal	c_elegans	0.008318628686664987	0.2736263265383735	0.004694911189318436	0.41814562651379633	baseline_plus_kmer_minhash	leave_clade_out	0.5811993509259568	0.2708525147125826	0.33955930922725364	True
calib_anchor	cross_supervised_4096	lizard	0.2400380045378313	cross	vertebrate	nan	nan	nan	cross_supervised_to_cross_eval	0.038956	0.053715	0.12417	41691771	96375917	nan	320.0	2.505149978319906	0	1799143587	6457	263920458	150641573	5	0.1263239468490436	0.405226	1000000	9.25506582513172	3.81003078640584	8.177944841937268	8.42147305620014	0.1250077775938211	0.0186955209400064	cross	c_elegans	0.008318628686664987	0.2736263265383735	0.004273013040277895	0.39799641993128543	baseline_plus_kmer_minhash	leave_clade_out	0.5680418764849641	0.26515078352580695	0.32800387194713276	True
anchor_anchor	cross_supervised_4096	lizard	0.2400380045378313	cross	vertebrate	nan	nan	nan	cross_supervised_to_insect_stress	0.038956	0.053715	0.12417	41691771	96375917	nan	320.0	2.505149978319906	0	1799143587	6457	263920458	150641573	5	0.1263239468490436	0.405226	1000000	9.25506582513172	3.81003078640584	8.177944841937268	8.42147305620014	0.1250077775938211	0.0186955209400064	cross	c_elegans	0.008318628686664987	0.2736263265383735	0.004273013040277895	0.39799641993128543	baseline_plus_kmer_minhash	leave_clade_out	0.5680418764849641	0.26515078352580695	0.32800387194713276	True
calib_anchor	cross_supervised_4096	lizard	0.2400378125654802	cross	vertebrate	nan	nan	nan	cross_supervised_to_stress_eval	0.038956	0.053715	0.12417	41691771	96375917	nan	320.0	2.505149978319906	0	1799143587	6457	263920458	150641573	5	0.1263239468490436	0.405226	1000000	9.25506582513172	3.81003078640584	8.177944841937268	8.42147305620014	0.1250077775938211	0.0186955209400064	cross	c_elegans	0.008318628686664987	0.2736263265383735	0.004273013040277895	0.39799641993128543	baseline_plus_kmer_minhash	leave_clade_out	0.5680418764849641	0.26515078352580695	0.3280040639194839	True
calib_anchor	plant_supervised_4096	lizard	0.1506094759615682	plant	vertebrate	nan	nan	nan	plant_supervised_to_cross_eval	0.038956	0.053715	0.12417	41691771	96375917	nan	320.0	2.505149978319906	0	1799143587	6457	263920458	150641573	5	0.1263239468490436	0.405226	1000000	9.25506582513172	3.81003078640584	8.177944841937268	8.42147305620014	0.1437007905780181	0.0244025014930751	plant	rice	0.0047726701833710125	0.3104308986917095	0.003814758202952461	0.3258662163901701	baseline_plus_kmer_minhash	leave_clade_out	0.5514669989177978	0.27031868823492117	0.4008575229562296	True
calib_anchor	plant_supervised_4096	lizard	0.1506082021187199	plant	vertebrate	nan	nan	nan	plant_supervised_to_stress_eval	0.038956	0.053715	0.12417	41691771	96375917	nan	320.0	2.505149978319906	0	1799143587	6457	263920458	150641573	5	0.1263239468490436	0.405226	1000000	9.25506582513172	3.81003078640584	8.177944841937268	8.42147305620014	0.1437007905780181	0.0244025014930751	plant	rice	0.0047726701833710125	0.3104308986917095	0.003814758202952461	0.3258662163901701	baseline_plus_kmer_minhash	leave_clade_out	0.5514669989177978	0.27031868823492117	0.40085879679907793	True
anchor_anchor	insect_no_beetle_4096	lizard	0.1418302477559669	insect	vertebrate	nan	nan	nan	insect_no_beetle_to_insect_stress	0.038956	0.053715	0.12417	41691771	96375917	nan	320.0	2.505149978319906	0	1799143587	6457	263920458	150641573	5	0.1263239468490436	0.405226	1000000	9.25506582513172	3.81003078640584	8.177944841937268	8.42147305620014	0.2227930854265778	0.0763356261809606	insect	western_honey_bee	0.005530417295123178	0.3006573337455844	0.0047732407760756445	0.31127245811620224	baseline_plus_kmer_minhash	leave_clade_out	0.15842067275236765	0.26967210162280436	0.01659042499640076	True
calib_anchor	insect_no_beetle_4096	lizard	0.1418301390195415	insect	vertebrate	nan	nan	nan	insect_no_beetle_to_cross_eval	0.038956	0.053715	0.12417	41691771	96375917	nan	320.0	2.505149978319906	0	1799143587	6457	263920458	150641573	5	0.1263239468490436	0.405226	1000000	9.25506582513172	3.81003078640584	8.177944841937268	8.42147305620014	0.2227930854265778	0.0763356261809606	insect	western_honey_bee	0.005530417295123178	0.3006573337455844	0.0047732407760756445	0.31127245811620224	baseline_plus_kmer_minhash	leave_clade_out	0.15842067275236765	0.26967210162280436	0.01659053373282615	True
calib_anchor	insect_no_beetle_4096	lizard	0.1418301390195415	insect	vertebrate	nan	nan	nan	insect_no_beetle_to_stress_eval	0.038956	0.053715	0.12417	41691771	96375917	nan	320.0	2.505149978319906	0	1799143587	6457	263920458	150641573	5	0.1263239468490436	0.405226	1000000	9.25506582513172	3.81003078640584	8.177944841937268	8.42147305620014	0.2227930854265778	0.0763356261809606	insect	western_honey_bee	0.005530417295123178	0.3006573337455844	0.0047732407760756445	0.31127245811620224	baseline_plus_kmer_minhash	leave_clade_out	0.15842067275236765	0.26967210162280436	0.01659053373282615	True
anchor_anchor	insect_primary_4096	lizard	0.1034366102674265	insect	vertebrate	nan	nan	nan	insect_primary_to_insect_stress	0.038956	0.053715	0.12417	41691771	96375917	nan	320.0	2.505149978319906	0	1799143587	6457	263920458	150641573	5	0.1263239468490436	0.405226	1000000	9.25506582513172	3.81003078640584	8.177944841937268	8.42147305620014	0.2227930854265778	0.0763356261809606	insect	western_honey_bee	0.005530417295123178	0.3006573337455844	0.0047732407760756445	0.31127245811620224	baseline_plus_kmer_minhash	leave_clade_out	0.15842067275236765	0.26967210162280436	0.05498406248494116	True
calib_anchor	cross_supervised_4096	maize	0.9629892479990332	cross	plant	nan	nan	nan	cross_supervised_to_plant_fine	0.095466	0.095627	0.982637	173317530	1780954681	0.46090576171875	1500.0	3.1760912590556813	0	2182075994	685	308452471	226353449	5	0.0	0.477492	1000000	9.338869871458623	2.835690571492425	8.354787116327433	8.489188253709083	0.1047342415691722	0.0352286667600957	cross	maize	1.0	0.0	0.12794917164912717	0.3677349264449531	baseline_plus_kmer_minhash	leave_clade_out	0.847226745522913	0.170601854269938	0.11576250247612019	True
calib_anchor	plant_supervised_4096	maize	0.9619894139220538	plant	plant	nan	nan	nan	plant_supervised_to_plant_fine	0.095466	0.095627	0.982637	173317530	1780954681	0.46090576171875	1500.0	3.1760912590556813	1	2182075994	685	308452471	226353449	5	0.0	0.477492	1000000	9.338869871458623	2.835690571492425	8.354787116327433	8.489188253709083	0.0750299551353519	0.0155648060873412	plant	maize	1.0	0.0	0.2033138841501831	0.25625584586893513	baseline_plus_kmer_minhash	leave_clade_out	0.8633043955714603	0.11406631456437513	0.09868501835059351	True
calib_anchor	TFREPAIR_invert_boost_animal_4096_seed42	maize	0.9051649037911726	animal	plant	nan	nan	nan	animal_invert_boost_to_plant_fine	0.095466	0.095627	0.982637	173317530	1780954681	0.46090576171875	1500.0	3.1760912590556813	0	2182075994	685	308452471	226353449	5	0.0	0.477492	1000000	9.338869871458623	2.835690571492425	8.354787116327433	8.489188253709083	0.1273374287069573	0.0533723910378969	animal	western_honey_bee	0.005025125628140704	0.3070113457325394	0.0032634115604239684	0.4379740052416496	baseline_plus_kmer_minhash	leave_clade_out	0.6458153587914381	0.26092364189303613	0.2593495449997345	True
calib_anchor	insect_no_beetle_4096	maize	0.8258861241547802	insect	plant	nan	nan	nan	insect_no_beetle_to_plant_fine	0.095466	0.095627	0.982637	173317530	1780954681	0.46090576171875	1500.0	3.1760912590556813	0	2182075994	685	308452471	226353449	5	0.0	0.477492	1000000	9.338869871458623	2.835690571492425	8.354787116327433	8.489188253709083	0.1559084305251094	0.0702371900678909	insect	western_honey_bee	0.005025125628140704	0.3070113457325394	0.004142861284097942	0.3213707762689546	baseline_plus_kmer_minhash	leave_clade_out	0.6226660202113196	0.23642204076129006	0.20322010394346068	True
final_errorbar	ntv3_100m_pre_w2048	maize	0.6762307311381123	human_h0_ntv3_100m	plant	plant_fine	3.0	0.0224912037604054	nan	0.095466	0.095627	0.982637	173317530	1780954681	0.46090576171875	1500.0	3.1760912590556813	0	2182075994	685	308452471	226353449	5	0.0	0.477492	1000000	9.338869871458623	2.835690571492425	8.354787116327433	8.489188253709083	0.2040939811147172	0.106620240001949	human_h0_ntv3_100m	human	0.004016064257028112	0.3218875824868201	0.004016064257028112	0.3218875824868201	baseline_plus_kmer_minhash	leave_clade_out	0.49591219215019056	0.2176492371634893	0.18031853898792172	True
final_errorbar	ntv2_250m_w4096	maize	0.2409539973278451	human_h0_ntv2_250m	plant	plant_fine	3.0	0.0067936566735462	nan	0.095466	0.095627	0.982637	173317530	1780954681	0.46090576171875	1500.0	3.1760912590556813	0	2182075994	685	308452471	226353449	5	0.0	0.477492	1000000	9.338869871458623	2.835690571492425	8.354787116327433	8.489188253709083	0.2040939811147172	0.106620240001949	human_h0_ntv2_250m	human	0.004016064257028112	0.3218875824868201	0.004016064257028112	0.3218875824868201	baseline_plus_kmer_minhash	leave_clade_out	0.5452087514540112	0.24452962061312639	0.3042547541261661	True
supp_h0_transfer	ntv2_500m_H0_w4096	maize	0.2346799513542635	human_h0_ntv2_500m	plant	nan	nan	nan	transfer_BC_w4096	0.095466	0.095627	0.982637	173317530	1780954681	0.46090576171875	1500.0	3.1760912590556813	0	2182075994	685	308452471	226353449	5	0.0	0.477492	1000000	9.338869871458623	2.835690571492425	8.354787116327433	8.489188253709083	0.2040939811147172	0.106620240001949	human_h0_ntv2_500m	human	0.004016064257028112	0.3218875824868201	0.004016064257028112	0.3218875824868201	baseline_plus_kmer_minhash	leave_clade_out	0.5609274098330852	0.24931730872192348	0.3262474584788217	True
supp_h0_transfer	ntv2_500m_H0_w4096	mouse	0.937559801228433	human_h0_ntv2_500m	vertebrate	nan	nan	nan	transfer_BC_w4096	0.892472	0.903571	0.986424	1012599366	1105449631	0.4245689865689865	90.0	1.9542425094393248	0	2728222451	61	195154279	130530862	9	0.7530864197530864	0.386286	1000000	9.435879778485567	1.7853298350107671	8.115713206016725	8.290378078167688	0.3013870747975756	0.1905529139271684	human_h0_ntv2_500m	human	0.0	1.0	0.0	1.0	baseline_plus_kmer_minhash	leave_clade_out	0.3441757125016763	0.20790957335043309	0.5933840887267567	True
final_errorbar	ntv2_250m_w4096	mouse	0.9180812946491188	human_h0_ntv2_250m	vertebrate	animal_fine	3.0	0.0328346949301695	nan	0.892472	0.903571	0.986424	1012599366	1105449631	0.4245689865689865	90.0	1.9542425094393248	0	2728222451	61	195154279	130530862	9	0.7530864197530864	0.386286	1000000	9.435879778485567	1.7853298350107671	8.115713206016725	8.290378078167688	0.3013870747975756	0.1905529139271684	human_h0_ntv2_250m	human	0.0	1.0	0.0	1.0	baseline_plus_kmer_minhash	leave_clade_out	0.3411137154906755	0.20947216711361097	0.5769675791584433	True
final_errorbar	ntv3_100m_pre_w2048	mouse	0.7771925460040144	human_h0_ntv3_100m	vertebrate	animal_fine	3.0	0.0909697815563608	nan	0.892472	0.903571	0.986424	1012599366	1105449631	0.4245689865689865	90.0	1.9542425094393248	0	2728222451	61	195154279	130530862	9	0.7530864197530864	0.386286	1000000	9.435879778485567	1.7853298350107671	8.115713206016725	8.290378078167688	0.3013870747975756	0.1905529139271684	human_h0_ntv3_100m	human	0.0	1.0	0.0	1.0	baseline_plus_kmer_minhash	leave_clade_out	0.35865275014711284	0.2021602852722558	0.4185397958569016	True
calib_anchor	TFREPAIR_invert_boost_animal_4096_seed42	opossum	0.8811419601553324	animal	vertebrate	nan	nan	nan	animal_invert_boost_to_cross_eval	0.387702	0.396173	0.947731	784870682	1877580601	nan	160.0	2.204119982655925	1	3605631728	11	748055161	527952102	3	0.0177926855021289	0.435701	1000000	9.556981366683372	1.041392685158225	8.72259452332798	8.873933623579223	0.1607102295887423	0.0512806903667795	animal	zebrafish	0.01035615054306643	0.25915535952251834	0.005919173183644179	0.4048484687282123	baseline_plus_kmer_minhash	leave_clade_out	0.3109702008461483	0.34483641349613686	0.5701717593091842	True
calib_anchor	cross_supervised_4096	opossum	0.8799647530707007	cross	vertebrate	nan	nan	nan	cross_supervised_to_cross_eval	0.387702	0.396173	0.947731	784870682	1877580601	nan	160.0	2.204119982655925	0	3605631728	11	748055161	527952102	3	0.0177926855021289	0.435701	1000000	9.556981366683372	1.041392685158225	8.72259452332798	8.873933623579223	0.1586751820351534	0.0461873669021071	cross	zebrafish	0.01035615054306643	0.25915535952251834	0.005758870302232056	0.3796592720350531	baseline_plus_kmer_minhash	leave_clade_out	0.3053991436914516	0.3416628882699909	0.574565609379249	True
calib_anchor	insect_no_beetle_4096	opossum	0.3505344111723824	insect	vertebrate	nan	nan	nan	insect_no_beetle_to_cross_eval	0.387702	0.396173	0.947731	784870682	1877580601	nan	160.0	2.204119982655925	0	3605631728	11	748055161	527952102	3	0.0177926855021289	0.435701	1000000	9.556981366683372	1.041392685158225	8.72259452332798	8.873933623579223	0.2442594329957188	0.1031924297457334	insect	western_honey_bee	0.006795872136924239	0.28700437290251685	0.006289562922874994	0.2923491279050229	baseline_plus_kmer_minhash	leave_clade_out	0.1756553890272921	0.3157764601947788	0.17487902214509027	True
calib_anchor	plant_supervised_4096	opossum	0.3131202191971405	plant	vertebrate	nan	nan	nan	plant_supervised_to_cross_eval	0.387702	0.396173	0.947731	784870682	1877580601	nan	160.0	2.204119982655925	0	3605631728	11	748055161	527952102	3	0.0177926855021289	0.435701	1000000	9.556981366683372	1.041392685158225	8.72259452332798	8.873933623579223	0.1664911752100362	0.0432563267938208	plant	rice	0.006542526421741319	0.28952039476804003	0.005733093291372909	0.2987077906933562	baseline_plus_kmer_minhash	leave_clade_out	0.15856670084902344	0.2685976819157755	0.15455351834811706	True
calib_anchor	TFREPAIR_invert_boost_animal_4096_seed42	pig	0.8761131743803473	animal	vertebrate	nan	nan	nan	animal_invert_boost_to_cross_eval	0.582164	0.594998	0.964273	664295117	1076577590	nan	96.0	1.9822712330395684	1	274330532	1	274330532	274330532	1	0.0	0.530948	1000000	8.438274145705899	0.0	8.438274145705899	8.438274145705899	0.2077955972696367	0.1201355226055826	animal	chicken	0.006036217303822937	0.2948565752796091	0.004062053480986848	0.42517651498805437	baseline_plus_kmer_minhash	leave_clade_out	0.23061702238831588	0.3370796491037799	0.6454961519920315	True
calib_anchor	cross_supervised_4096	pig	0.8761042913185231	cross	vertebrate	nan	nan	nan	cross_supervised_to_cross_eval	0.582164	0.594998	0.964273	664295117	1076577590	nan	96.0	1.9822712330395684	0	274330532	1	274330532	274330532	1	0.0	0.530948	1000000	8.438274145705899	0.0	8.438274145705899	8.438274145705899	0.2098828548461344	0.1185655744818539	cross	zebrafish	0.0057832537088257484	0.29769388290752885	0.003452096599401688	0.41023971230813205	baseline_plus_kmer_minhash	leave_clade_out	0.23002429942711256	0.3397600049692413	0.6460799918914105	True
calib_anchor	insect_no_beetle_4096	pig	0.1493562637371058	insect	vertebrate	nan	nan	nan	insect_no_beetle_to_cross_eval	0.582164	0.594998	0.964273	664295117	1076577590	nan	96.0	1.9822712330395684	0	274330532	1	274330532	274330532	1	0.0	0.530948	1000000	8.438274145705899	0.0	8.438274145705899	8.438274145705899	0.2607430443062736	0.1731967686892715	insect	fruit_fly	0.004016064257028112	0.3218875824868201	0.0038900898449506934	0.3240388665247391	baseline_plus_kmer_minhash	leave_clade_out	0.19575458281630936	0.2833533064065379	0.046398319079203554	True
calib_anchor	plant_supervised_4096	pig	0.0856805344147079	plant	vertebrate	nan	nan	nan	plant_supervised_to_cross_eval	0.582164	0.594998	0.964273	664295117	1076577590	nan	96.0	1.9822712330395684	0	274330532	1	274330532	274330532	1	0.0	0.530948	1000000	8.438274145705899	0.0	8.438274145705899	8.438274145705899	0.2025970561124229	0.105606010363931	plant	rice	0.004016064257028112	0.3218875824868201	0.0032107623454464725	0.33859434433918734	baseline_plus_kmer_minhash	leave_clade_out	0.2542418246940382	0.3023462880119845	0.1685612902793303	True
calib_anchor	insect_no_beetle_4096	red_flour_beetle	0.0059299524368398	insect	insect	nan	nan	nan	insect_no_beetle_to_cross_eval	0.027167	0.29354	0.029068	1816066	179836	nan	820.0	2.9138138523837167	1	199682416	2211	32080666	13894384	6	0.0	0.330472	1000000	8.300339822655378	3.344588742578714	7.142839297329219	7.506243375731907	0.182358478678621	0.080736532281517	insect	western_honey_bee	0.011122345803842264	0.25444752170825474	0.0085792815538326	0.27465204849393193	baseline_plus_kmer_minhash	leave_clade_out	0.40779014521839857	0.14503392978445803	0.40186019278155877	True
calib_anchor	insect_no_beetle_4096	red_flour_beetle	0.0059299524368398	insect	insect	nan	nan	nan	insect_no_beetle_to_stress_eval	0.027167	0.29354	0.029068	1816066	179836	nan	820.0	2.9138138523837167	1	199682416	2211	32080666	13894384	6	0.0	0.330472	1000000	8.300339822655378	3.344588742578714	7.142839297329219	7.506243375731907	0.182358478678621	0.080736532281517	insect	western_honey_bee	0.011122345803842264	0.25444752170825474	0.0085792815538326	0.27465204849393193	baseline_plus_kmer_minhash	leave_clade_out	0.40779014521839857	0.14503392978445803	0.40186019278155877	True
anchor_anchor	insect_no_beetle_4096	red_flour_beetle	0.0059299524368398	insect	insect	nan	nan	nan	insect_no_beetle_to_insect_stress	0.027167	0.29354	0.029068	1816066	179836	nan	820.0	2.9138138523837167	1	199682416	2211	32080666	13894384	6	0.0	0.330472	1000000	8.300339822655378	3.344588742578714	7.142839297329219	7.506243375731907	0.182358478678621	0.080736532281517	insect	western_honey_bee	0.011122345803842264	0.25444752170825474	0.0085792815538326	0.27465204849393193	baseline_plus_kmer_minhash	leave_clade_out	0.40779014521839857	0.14503392978445803	0.40186019278155877	True
anchor_anchor	insect_primary_4096	red_flour_beetle	0.0053634200258507	insect	insect	nan	nan	nan	insect_primary_to_insect_stress	0.027167	0.29354	0.029068	1816066	179836	nan	820.0	2.9138138523837167	1	199682416	2211	32080666	13894384	6	0.0	0.330472	1000000	8.300339822655378	3.344588742578714	7.142839297329219	7.506243375731907	0.182358478678621	0.080736532281517	insect	western_honey_bee	0.011122345803842264	0.25444752170825474	0.0085792815538326	0.27465204849393193	baseline_plus_kmer_minhash	leave_clade_out	0.40779014521839857	0.14503392978445803	0.40242672519254785	True
calib_anchor	TFREPAIR_invert_boost_animal_4096_seed42	red_flour_beetle	0.0044488885799382	animal	insect	nan	nan	nan	animal_invert_boost_to_cross_eval	0.027167	0.29354	0.029068	1816066	179836	nan	820.0	2.9138138523837167	1	199682416	2211	32080666	13894384	6	0.0	0.330472	1000000	8.300339822655378	3.344588742578714	7.142839297329219	7.506243375731907	0.1716680913935699	0.0724491888367001	animal	c_elegans	0.015486164001015486	0.23266857302458474	0.007584523885984587	0.39905819788413927	baseline_plus_kmer_minhash	leave_clade_out	0.5972900248807494	0.2105775534396277	0.5928411363008113	True
calib_anchor	TFREPAIR_invert_boost_animal_4096_seed42	red_flour_beetle	0.0044488885799382	animal	insect	nan	nan	nan	animal_invert_boost_to_stress_eval	0.027167	0.29354	0.029068	1816066	179836	nan	820.0	2.9138138523837167	1	199682416	2211	32080666	13894384	6	0.0	0.330472	1000000	8.300339822655378	3.344588742578714	7.142839297329219	7.506243375731907	0.1716680913935699	0.0724491888367001	animal	c_elegans	0.015486164001015486	0.23266857302458474	0.007584523885984587	0.39905819788413927	baseline_plus_kmer_minhash	leave_clade_out	0.5972900248807494	0.2105775534396277	0.5928411363008113	True
anchor_anchor	TFREPAIR_invert_boost_animal_4096_seed42	red_flour_beetle	0.0044488885799382	animal	insect	nan	nan	nan	animal_invert_boost_to_insect_stress	0.027167	0.29354	0.029068	1816066	179836	nan	820.0	2.9138138523837167	1	199682416	2211	32080666	13894384	6	0.0	0.330472	1000000	8.300339822655378	3.344588742578714	7.142839297329219	7.506243375731907	0.1716680913935699	0.0724491888367001	animal	c_elegans	0.015486164001015486	0.23266857302458474	0.007584523885984587	0.39905819788413927	baseline_plus_kmer_minhash	leave_clade_out	0.5972900248807494	0.2105775534396277	0.5928411363008113	True
calib_anchor	cross_supervised_4096	red_flour_beetle	0.0030871384254842	cross	insect	nan	nan	nan	cross_supervised_to_cross_eval	0.027167	0.29354	0.029068	1816066	179836	nan	820.0	2.9138138523837167	0	199682416	2211	32080666	13894384	6	0.0	0.330472	1000000	8.300339822655378	3.344588742578714	7.142839297329219	7.506243375731907	0.1770641784426884	0.0859070146414682	cross	c_elegans	0.015486164001015486	0.23266857302458474	0.007130218132851764	0.3701289443818736	baseline_plus_kmer_minhash	leave_clade_out	0.5898944909037692	0.19336985629308723	0.586807352478285	True
calib_anchor	cross_supervised_4096	red_flour_beetle	0.0030871384254842	cross	insect	nan	nan	nan	cross_supervised_to_stress_eval	0.027167	0.29354	0.029068	1816066	179836	nan	820.0	2.9138138523837167	0	199682416	2211	32080666	13894384	6	0.0	0.330472	1000000	8.300339822655378	3.344588742578714	7.142839297329219	7.506243375731907	0.1770641784426884	0.0859070146414682	cross	c_elegans	0.015486164001015486	0.23266857302458474	0.007130218132851764	0.3701289443818736	baseline_plus_kmer_minhash	leave_clade_out	0.5898944909037692	0.19336985629308723	0.586807352478285	True
anchor_anchor	cross_supervised_4096	red_flour_beetle	0.0030871384254842	cross	insect	nan	nan	nan	cross_supervised_to_insect_stress	0.027167	0.29354	0.029068	1816066	179836	nan	820.0	2.9138138523837167	0	199682416	2211	32080666	13894384	6	0.0	0.330472	1000000	8.300339822655378	3.344588742578714	7.142839297329219	7.506243375731907	0.1770641784426884	0.0859070146414682	cross	c_elegans	0.015486164001015486	0.23266857302458474	0.007130218132851764	0.3701289443818736	baseline_plus_kmer_minhash	leave_clade_out	0.5898944909037692	0.19336985629308723	0.586807352478285	True
calib_anchor	plant_supervised_4096	red_flour_beetle	0.0023709296255628	plant	insect	nan	nan	nan	plant_supervised_to_cross_eval	0.027167	0.29354	0.029068	1816066	179836	nan	820.0	2.9138138523837167	0	199682416	2211	32080666	13894384	6	0.0	0.330472	1000000	8.300339822655378	3.344588742578714	7.142839297329219	7.506243375731907	0.2062665763937115	0.1299963863429378	plant	maize	0.007556675062972292	0.2799803385253285	0.006391817070366698	0.2922710840261587	baseline_plus_kmer_minhash	leave_clade_out	0.34319992266977073	0.1403842108274888	0.34082899304420794	True
calib_anchor	plant_supervised_4096	red_flour_beetle	0.0023709296255628	plant	insect	nan	nan	nan	plant_supervised_to_stress_eval	0.027167	0.29354	0.029068	1816066	179836	nan	820.0	2.9138138523837167	0	199682416	2211	32080666	13894384	6	0.0	0.330472	1000000	8.300339822655378	3.344588742578714	7.142839297329219	7.506243375731907	0.2062665763937115	0.1299963863429378	plant	maize	0.007556675062972292	0.2799803385253285	0.006391817070366698	0.2922710840261587	baseline_plus_kmer_minhash	leave_clade_out	0.34319992266977073	0.1403842108274888	0.34082899304420794	True
calib_anchor	direct_red_flour_beetle_4096	red_flour_beetle	0.0	other_anchor	insect	nan	nan	nan	direct_beetle_to_cross_eval	0.027167	0.29354	0.029068	1816066	179836	nan	820.0	2.9138138523837167	0	199682416	2211	32080666	13894384	6	0.0	0.330472	1000000	8.300339822655378	3.344588742578714	7.142839297329219	7.506243375731907	0.387481875883399	0.3795499300235393	other_anchor	human	0.0035122930255895636	0.3307896753284549	0.0035122930255895636	0.3307896753284549	baseline_plus_kmer_minhash	leave_clade_out	0.3310294750173733	0.22728696939092477	0.3310294750173733	True
calib_anchor	direct_red_flour_beetle_4096	red_flour_beetle	0.0	other_anchor	insect	nan	nan	nan	direct_beetle_to_stress_eval	0.027167	0.29354	0.029068	1816066	179836	nan	820.0	2.9138138523837167	0	199682416	2211	32080666	13894384	6	0.0	0.330472	1000000	8.300339822655378	3.344588742578714	7.142839297329219	7.506243375731907	0.387481875883399	0.3795499300235393	other_anchor	human	0.0035122930255895636	0.3307896753284549	0.0035122930255895636	0.3307896753284549	baseline_plus_kmer_minhash	leave_clade_out	0.3310294750173733	0.22728696939092477	0.3310294750173733	True
calib_anchor	direct_western_honey_bee_4096	red_flour_beetle	0.0	other_anchor	insect	nan	nan	nan	direct_honeybee_to_cross_eval	0.027167	0.29354	0.029068	1816066	179836	nan	820.0	2.9138138523837167	0	199682416	2211	32080666	13894384	6	0.0	0.330472	1000000	8.300339822655378	3.344588742578714	7.142839297329219	7.506243375731907	0.387481875883399	0.3795499300235393	other_anchor	human	0.0035122930255895636	0.3307896753284549	0.0035122930255895636	0.3307896753284549	baseline_plus_kmer_minhash	leave_clade_out	0.3310294750173733	0.22728696939092477	0.3310294750173733	True
calib_anchor	direct_western_honey_bee_4096	red_flour_beetle	0.0	other_anchor	insect	nan	nan	nan	direct_honeybee_to_stress_eval	0.027167	0.29354	0.029068	1816066	179836	nan	820.0	2.9138138523837167	0	199682416	2211	32080666	13894384	6	0.0	0.330472	1000000	8.300339822655378	3.344588742578714	7.142839297329219	7.506243375731907	0.387481875883399	0.3795499300235393	other_anchor	human	0.0035122930255895636	0.3307896753284549	0.0035122930255895636	0.3307896753284549	baseline_plus_kmer_minhash	leave_clade_out	0.3310294750173733	0.22728696939092477	0.3310294750173733	True
calib_anchor	direct_red_flour_beetle_4096	red_flour_beetle	0.0	other_anchor	insect	nan	nan	nan	direct_beetle_own_holdout	0.027167	0.29354	0.029068	1816066	179836	nan	820.0	2.9138138523837167	0	199682416	2211	32080666	13894384	6	0.0	0.330472	1000000	8.300339822655378	3.344588742578714	7.142839297329219	7.506243375731907	0.387481875883399	0.3795499300235393	other_anchor	human	0.0035122930255895636	0.3307896753284549	0.0035122930255895636	0.3307896753284549	baseline_plus_kmer_minhash	leave_clade_out	0.3310294750173733	0.22728696939092477	0.3310294750173733	True
calib_anchor	cross_supervised_4096	rice	0.8757886614942711	cross	plant	nan	nan	nan	cross_supervised_to_plant_fine	0.042709	0.042814	0.945597	6804792	150290274	0.4367724609375	1500.0	3.1760912590556813	0	375049285	63	43270923	29958434	6	0.0009990009990009	0.440543	1000000	8.574088341853379	1.7993405494535817	7.476519107994928	7.636196159112094	0.0509643028428826	0.0089788460254062	cross	rice	1.0	0.0	0.12975073397671608	0.3457527198120651	baseline_plus_kmer_minhash	leave_clade_out	0.8369220161127671	0.16933875936640613	0.038866645381504084	True
calib_anchor	plant_supervised_4096	rice	0.8707687905287769	plant	plant	nan	nan	nan	plant_supervised_to_plant_fine	0.042709	0.042814	0.945597	6804792	150290274	0.4367724609375	1500.0	3.1760912590556813	1	375049285	63	43270923	29958434	6	0.0009990009990009	0.440543	1000000	8.574088341853379	1.7993405494535817	7.476519107994928	7.636196159112094	0.0266445732235012	0.0019077973482301	plant	rice	1.0	0.0	0.20493186326624202	0.23656122869633292	baseline_plus_kmer_minhash	leave_clade_out	0.863972057217397	0.11251826032069383	0.006796733311379866	True
calib_anchor	TFREPAIR_invert_boost_animal_4096_seed42	rice	0.7436754544113025	animal	plant	nan	nan	nan	animal_invert_boost_to_plant_fine	0.042709	0.042814	0.945597	6804792	150290274	0.4367724609375	1500.0	3.1760912590556813	0	375049285	63	43270923	29958434	6	0.0009990009990009	0.440543	1000000	8.574088341853379	1.7993405494535817	7.476519107994928	7.636196159112094	0.0884855408342787	0.024015940484199	animal	western_honey_bee	0.008827238335435058	0.26970362653684454	0.005414294543385888	0.4127043451398356	baseline_plus_kmer_minhash	leave_clade_out	0.6819309672556488	0.26503212977708535	0.061744487155653616	True
calib_anchor	insect_no_beetle_4096	rice	0.6461381376419327	insect	plant	nan	nan	nan	insect_no_beetle_to_plant_fine	0.042709	0.042814	0.945597	6804792	150290274	0.4367724609375	1500.0	3.1760912590556813	0	375049285	63	43270923	29958434	6	0.0009990009990009	0.440543	1000000	8.574088341853379	1.7993405494535817	7.476519107994928	7.636196159112094	0.1297892289697576	0.0416255932528221	insect	western_honey_bee	0.008827238335435058	0.26970362653684454	0.00667378993617559	0.2918695033232862	baseline_plus_kmer_minhash	leave_clade_out	0.6893126993544604	0.23818886152247554	0.04317456171252765	True
final_errorbar	ntv3_100m_pre_w2048	rice	0.4280118170164783	human_h0_ntv3_100m	plant	plant_fine	3.0	0.0089135891045139	nan	0.042709	0.042814	0.945597	6804792	150290274	0.4367724609375	1500.0	3.1760912590556813	0	375049285	63	43270923	29958434	6	0.0009990009990009	0.440543	1000000	8.574088341853379	1.7993405494535817	7.476519107994928	7.636196159112094	0.2387362365796297	0.1495374763496936	human_h0_ntv3_100m	human	0.004016064257028112	0.3218875824868201	0.004016064257028112	0.3218875824868201	baseline_plus_kmer_minhash	leave_clade_out	0.49320186436867886	0.2207464019817894	0.06519004735220058	True
final_errorbar	ntv2_250m_w4096	rice	0.1180575922330197	human_h0_ntv2_250m	plant	plant_fine	3.0	0.0082940112619889	nan	0.042709	0.042814	0.945597	6804792	150290274	0.4367724609375	1500.0	3.1760912590556813	0	375049285	63	43270923	29958434	6	0.0009990009990009	0.440543	1000000	8.574088341853379	1.7993405494535817	7.476519107994928	7.636196159112094	0.2387362365796297	0.1495374763496936	human_h0_ntv2_250m	human	0.004016064257028112	0.3218875824868201	0.004016064257028112	0.3218875824868201	baseline_plus_kmer_minhash	leave_clade_out	0.5455185554867018	0.25062973907982744	0.4274609632536821	True
supp_h0_transfer	ntv2_500m_H0_w4096	rice	0.115519977917328	human_h0_ntv2_500m	plant	nan	nan	nan	transfer_BC_w4096	0.042709	0.042814	0.945597	6804792	150290274	0.4367724609375	1500.0	3.1760912590556813	0	375049285	63	43270923	29958434	6	0.0009990009990009	0.440543	1000000	8.574088341853379	1.7993405494535817	7.476519107994928	7.636196159112094	0.2387362365796297	0.1495374763496936	human_h0_ntv2_500m	human	0.004016064257028112	0.3218875824868201	0.004016064257028112	0.3218875824868201	baseline_plus_kmer_minhash	leave_clade_out	0.5627936406000014	0.2552253281013893	0.4472736626826734	True
calib_anchor	cross_supervised_4096	sorghum	0.9154621597006132	cross	plant	nan	nan	nan	cross_supervised_to_plant_fine	0.057919	0.05798	0.982235	24648380	417568699	0.43649658203125	1500.0	3.1760912590556813	0	709344700	869	80884392	68658214	5	0.0	0.442729	1000000	8.85085732817176	2.9390197764486663	7.836692501973025	7.907864725292852	0.0537853232039029	0.0104612611262495	cross	sorghum	1.0	0.0	0.13054480664342852	0.339168602296494	baseline_plus_kmer_minhash	leave_clade_out	0.8401653062003466	0.16528252825895517	0.0752968535002666	True
calib_anchor	plant_supervised_4096	sorghum	0.9087078620701828	plant	plant	nan	nan	nan	plant_supervised_to_plant_fine	0.057919	0.05798	0.982235	24648380	417568699	0.43649658203125	1500.0	3.1760912590556813	1	709344700	869	80884392	68658214	5	0.0	0.442729	1000000	8.85085732817176	2.9390197764486663	7.836692501973025	7.907864725292852	0.0273914249208693	0.0019576048399221	plant	sorghum	1.0	0.0	0.20533854626250186	0.23331293426089625	baseline_plus_kmer_minhash	leave_clade_out	0.863972057217397	0.11251826032069383	0.04473580485278583	True
calib_anchor	TFREPAIR_invert_boost_animal_4096_seed42	sorghum	0.8370785739861111	animal	plant	nan	nan	nan	animal_invert_boost_to_plant_fine	0.057919	0.05798	0.982235	24648380	417568699	0.43649658203125	1500.0	3.1760912590556813	0	709344700	869	80884392	68658214	5	0.0	0.442729	1000000	8.85085732817176	2.9390197764486663	7.836692501973025	7.907864725292852	0.0942512747889714	0.0278449023844741	animal	c_elegans	0.009845998485231003	0.26248938756082907	0.0057520796300652354	0.4081500510093965	baseline_plus_kmer_minhash	leave_clade_out	0.6914163036563535	0.26278971736334183	0.14566227032975754	True
calib_anchor	insect_no_beetle_4096	sorghum	0.7395318366775196	insect	plant	nan	nan	nan	insect_no_beetle_to_plant_fine	0.057919	0.05798	0.982235	24648380	417568699	0.43649658203125	1500.0	3.1760912590556813	0	709344700	869	80884392	68658214	5	0.0	0.442729	1000000	8.85085732817176	2.9390197764486663	7.836692501973025	7.907864725292852	0.1395994473150001	0.0492361155990339	insect	western_honey_bee	0.006289308176100629	0.29213510897825873	0.005530989179735821	0.3012830038349841	baseline_plus_kmer_minhash	leave_clade_out	0.6869074853860847	0.2356962542925381	0.052624351291434945	True
final_errorbar	ntv3_100m_pre_w2048	sorghum	0.4747462171975484	human_h0_ntv3_100m	plant	plant_fine	3.0	0.0156681636990695	nan	0.057919	0.05798	0.982235	24648380	417568699	0.43649658203125	1500.0	3.1760912590556813	0	709344700	869	80884392	68658214	5	0.0	0.442729	1000000	8.85085732817176	2.9390197764486663	7.836692501973025	7.907864725292852	0.2366280772731148	0.1465793330978378	human_h0_ntv3_100m	human	0.005025125628140704	0.3070113457325394	0.005025125628140704	0.3070113457325394	baseline_plus_kmer_minhash	leave_clade_out	0.49538259310649463	0.22855640927372803	0.020636375908946236	True
supp_h0_transfer	ntv2_500m_H0_w4096	sorghum	0.1793904911276665	human_h0_ntv2_500m	plant	nan	nan	nan	transfer_BC_w4096	0.057919	0.05798	0.982235	24648380	417568699	0.43649658203125	1500.0	3.1760912590556813	0	709344700	869	80884392	68658214	5	0.0	0.442729	1000000	8.85085732817176	2.9390197764486663	7.836692501973025	7.907864725292852	0.2366280772731148	0.1465793330978378	human_h0_ntv2_500m	human	0.005025125628140704	0.3070113457325394	0.005025125628140704	0.3070113457325394	baseline_plus_kmer_minhash	leave_clade_out	0.5650996474921659	0.26285845593362783	0.38570915636449943	True
final_errorbar	ntv2_250m_w4096	sorghum	0.1551588113564608	human_h0_ntv2_250m	plant	plant_fine	3.0	0.0342168256944894	nan	0.057919	0.05798	0.982235	24648380	417568699	0.43649658203125	1500.0	3.1760912590556813	0	709344700	869	80884392	68658214	5	0.0	0.442729	1000000	8.85085732817176	2.9390197764486663	7.836692501973025	7.907864725292852	0.2366280772731148	0.1465793330978378	human_h0_ntv2_250m	human	0.005025125628140704	0.3070113457325394	0.005025125628140704	0.3070113457325394	baseline_plus_kmer_minhash	leave_clade_out	0.5494980670796816	0.2596056154395214	0.3943392557232208	True
calib_anchor	TFREPAIR_invert_boost_animal_4096_seed42	soybean	0.5650860204945004	animal	plant	nan	nan	nan	animal_invert_boost_to_cross_eval	0.121572	0.122064	0.967888	51176368	405794558	nan	1550.0	3.1903316981702914	0	978491270	1190	58018742	48577505	10	0.0140867288186392	0.330132	1000000	8.990556955279926	3.0755469613925306	7.686435205146788	7.763568307914055	0.1721211082809056	0.0467496388777612	animal	c_elegans	0.015486164001015486	0.23266857302458474	0.008646221034963925	0.38898844540057326	baseline_plus_kmer_minhash	leave_clade_out	0.2713869673039919	0.2516159800187048	0.2936990531905085	True
calib_anchor	TFREPAIR_invert_boost_animal_4096_seed42	soybean	0.5650854892493286	animal	plant	nan	nan	nan	animal_invert_boost_to_plant_eval	0.121572	0.122064	0.967888	51176368	405794558	nan	1550.0	3.1903316981702914	0	978491270	1190	58018742	48577505	10	0.0140867288186392	0.330132	1000000	8.990556955279926	3.0755469613925306	7.686435205146788	7.763568307914055	0.1721211082809056	0.0467496388777612	animal	c_elegans	0.015486164001015486	0.23266857302458474	0.008646221034963925	0.38898844540057326	baseline_plus_kmer_minhash	leave_clade_out	0.2713869673039919	0.2516159800187048	0.29369852194533663	True
calib_anchor	insect_no_beetle_4096	soybean	0.4867824461937038	insect	plant	nan	nan	nan	insect_no_beetle_to_cross_eval	0.121572	0.122064	0.967888	51176368	405794558	nan	1550.0	3.1903316981702914	0	978491270	1190	58018742	48577505	10	0.0140867288186392	0.330132	1000000	8.990556955279926	3.0755469613925306	7.686435205146788	7.763568307914055	0.2213663352869438	0.0708915192575917	insect	western_honey_bee	0.014198782961460446	0.23837005125379554	0.010370654691600882	0.2639452230109178	baseline_plus_kmer_minhash	leave_clade_out	0.22869394654810177	0.2770020591221085	0.25808849964560204	True
calib_anchor	insect_no_beetle_4096	soybean	0.4867824461937038	insect	plant	nan	nan	nan	insect_no_beetle_to_plant_eval	0.121572	0.122064	0.967888	51176368	405794558	nan	1550.0	3.1903316981702914	0	978491270	1190	58018742	48577505	10	0.0140867288186392	0.330132	1000000	8.990556955279926	3.0755469613925306	7.686435205146788	7.763568307914055	0.2213663352869438	0.0708915192575917	insect	western_honey_bee	0.014198782961460446	0.23837005125379554	0.010370654691600882	0.2639452230109178	baseline_plus_kmer_minhash	leave_clade_out	0.22869394654810177	0.2770020591221085	0.25808849964560204	True
calib_anchor	cross_supervised_4096	soybean	0.4136761357660033	cross	plant	nan	nan	nan	cross_supervised_to_cross_eval	0.121572	0.122064	0.967888	51176368	405794558	nan	1550.0	3.1903316981702914	0	978491270	1190	58018742	48577505	10	0.0140867288186392	0.330132	1000000	8.990556955279926	3.0755469613925306	7.686435205146788	7.763568307914055	0.1689640981121739	0.0484850139947763	cross	c_elegans	0.015486164001015486	0.23266857302458474	0.007956602986319066	0.36343110874852025	baseline_plus_kmer_minhash	leave_clade_out	0.26979084219987554	0.2562889598113874	0.14388529356612778	True
calib_anchor	cross_supervised_4096	soybean	0.4136761357660033	cross	plant	nan	nan	nan	cross_supervised_to_plant_eval	0.121572	0.122064	0.967888	51176368	405794558	nan	1550.0	3.1903316981702914	0	978491270	1190	58018742	48577505	10	0.0140867288186392	0.330132	1000000	8.990556955279926	3.0755469613925306	7.686435205146788	7.763568307914055	0.1689640981121739	0.0484850139947763	cross	c_elegans	0.015486164001015486	0.23266857302458474	0.007956602986319066	0.36343110874852025	baseline_plus_kmer_minhash	leave_clade_out	0.26979084219987554	0.2562889598113874	0.14388529356612778	True
calib_anchor	plant_supervised_4096	soybean	0.4115535505913839	plant	plant	nan	nan	nan	plant_supervised_to_cross_eval	0.121572	0.122064	0.967888	51176368	405794558	nan	1550.0	3.1903316981702914	1	978491270	1190	58018742	48577505	10	0.0140867288186392	0.330132	1000000	8.990556955279926	3.0755469613925306	7.686435205146788	7.763568307914055	0.1946953499497931	0.0763255186024801	plant	thale_cress	0.014198782961460446	0.23837005125379554	0.008837825572143599	0.27442917651582677	baseline_plus_kmer_minhash	leave_clade_out	0.1508263062913757	0.1798127787389401	0.26072724430000815	True
calib_anchor	plant_supervised_4096	soybean	0.4115535505913839	plant	plant	nan	nan	nan	plant_supervised_to_plant_eval	0.121572	0.122064	0.967888	51176368	405794558	nan	1550.0	3.1903316981702914	1	978491270	1190	58018742	48577505	10	0.0140867288186392	0.330132	1000000	8.990556955279926	3.0755469613925306	7.686435205146788	7.763568307914055	0.1946953499497931	0.0763255186024801	plant	thale_cress	0.014198782961460446	0.23837005125379554	0.008837825572143599	0.27442917651582677	baseline_plus_kmer_minhash	leave_clade_out	0.1508263062913757	0.1798127787389401	0.26072724430000815	True
calib_anchor	plant_supervised_4096	teosinte	0.9308197551982428	plant	plant	nan	nan	nan	plant_supervised_to_cross_eval	0.086856	0.088019	0.868021	259955621	2563626352	nan	1500.0	3.1760912590556813	1	3290921811	8365	294039681	175094470	8	0.0	0.438516	1000000	9.517317564015846	3.922465945298413	8.243272429998866	8.468405942917126	0.2100077500333409	0.103231294898657	plant	maize	0.11950741673663588	0.10294122975423052	0.026661584705627107	0.288035154362955	baseline_plus_kmer_minhash	leave_clade_out	0.1850828677624525	0.22826082095460176	0.7457368874357903	True
calib_anchor	plant_supervised_4096	teosinte	0.9308197551982428	plant	plant	nan	nan	nan	plant_supervised_to_plant_eval	0.086856	0.088019	0.868021	259955621	2563626352	nan	1500.0	3.1760912590556813	1	3290921811	8365	294039681	175094470	8	0.0	0.438516	1000000	9.517317564015846	3.922465945298413	8.243272429998866	8.468405942917126	0.2100077500333409	0.103231294898657	plant	maize	0.11950741673663588	0.10294122975423052	0.026661584705627107	0.288035154362955	baseline_plus_kmer_minhash	leave_clade_out	0.1850828677624525	0.22826082095460176	0.7457368874357903	True
calib_anchor	cross_supervised_4096	teosinte	0.9299634062638152	cross	plant	nan	nan	nan	cross_supervised_to_cross_eval	0.086856	0.088019	0.868021	259955621	2563626352	nan	1500.0	3.1760912590556813	0	3290921811	8365	294039681	175094470	8	0.0	0.438516	1000000	9.517317564015846	3.922465945298413	8.243272429998866	8.468405942917126	0.2120411295082017	0.1047709646574465	cross	maize	0.11950741673663588	0.10294122975423052	0.017635981476163853	0.38584098565941843	baseline_plus_kmer_minhash	leave_clade_out	0.2084505516099725	0.2636842940892988	0.7215128546538427	True
calib_anchor	cross_supervised_4096	teosinte	0.9299634062638152	cross	plant	nan	nan	nan	cross_supervised_to_plant_eval	0.086856	0.088019	0.868021	259955621	2563626352	nan	1500.0	3.1760912590556813	0	3290921811	8365	294039681	175094470	8	0.0	0.438516	1000000	9.517317564015846	3.922465945298413	8.243272429998866	8.468405942917126	0.2120411295082017	0.1047709646574465	cross	maize	0.11950741673663588	0.10294122975423052	0.017635981476163853	0.38584098565941843	baseline_plus_kmer_minhash	leave_clade_out	0.2084505516099725	0.2636842940892988	0.7215128546538427	True
calib_anchor	TFREPAIR_invert_boost_animal_4096_seed42	teosinte	0.8886845637016639	animal	plant	nan	nan	nan	animal_invert_boost_to_cross_eval	0.086856	0.088019	0.868021	259955621	2563626352	nan	1500.0	3.1760912590556813	0	3290921811	8365	294039681	175094470	8	0.0	0.438516	1000000	9.517317564015846	3.922465945298413	8.243272429998866	8.468405942917126	0.2168178063542519	0.1112460410900726	animal	western_honey_bee	0.005025125628140704	0.3070113457325394	0.0026768548044381144	0.4546859763169415	baseline_plus_kmer_minhash	leave_clade_out	0.4972604706264014	0.3695812631190404	0.39142409307526255	True
calib_anchor	TFREPAIR_invert_boost_animal_4096_seed42	teosinte	0.8886845637016639	animal	plant	nan	nan	nan	animal_invert_boost_to_plant_eval	0.086856	0.088019	0.868021	259955621	2563626352	nan	1500.0	3.1760912590556813	0	3290921811	8365	294039681	175094470	8	0.0	0.438516	1000000	9.517317564015846	3.922465945298413	8.243272429998866	8.468405942917126	0.2168178063542519	0.1112460410900726	animal	western_honey_bee	0.005025125628140704	0.3070113457325394	0.0026768548044381144	0.4546859763169415	baseline_plus_kmer_minhash	leave_clade_out	0.4972604706264014	0.3695812631190404	0.39142409307526255	True
calib_anchor	insect_no_beetle_4096	teosinte	0.7928110204987012	insect	plant	nan	nan	nan	insect_no_beetle_to_cross_eval	0.086856	0.088019	0.868021	259955621	2563626352	nan	1500.0	3.1760912590556813	0	3290921811	8365	294039681	175094470	8	0.0	0.438516	1000000	9.517317564015846	3.922465945298413	8.243272429998866	8.468405942917126	0.24756711504357	0.1387104209292143	insect	western_honey_bee	0.005025125628140704	0.3070113457325394	0.004142861284097942	0.3213707762689546	baseline_plus_kmer_minhash	leave_clade_out	0.08591346002850953	0.09382211812803282	0.7068975604701917	True
calib_anchor	insect_no_beetle_4096	teosinte	0.7928110204987012	insect	plant	nan	nan	nan	insect_no_beetle_to_plant_eval	0.086856	0.088019	0.868021	259955621	2563626352	nan	1500.0	3.1760912590556813	0	3290921811	8365	294039681	175094470	8	0.0	0.438516	1000000	9.517317564015846	3.922465945298413	8.243272429998866	8.468405942917126	0.24756711504357	0.1387104209292143	insect	western_honey_bee	0.005025125628140704	0.3070113457325394	0.004142861284097942	0.3213707762689546	baseline_plus_kmer_minhash	leave_clade_out	0.08591346002850953	0.09382211812803282	0.7068975604701917	True
calib_anchor	cross_supervised_4096	thale_cress	0.7121875392581978	cross	plant	nan	nan	nan	cross_supervised_to_plant_fine	0.043011	0.043145	0.932855	1297325	28049979	0.37922119140625	1550.0	3.1903316981702914	0	119667750	7	30427671	23459830	3	0.0	0.372445	1000000	8.077977125476142	0.8450980400142568	7.370324860706645	7.48326871178776	0.1110569059282151	0.0213077580291249	cross	zebrafish	0.009591115598182737	0.26422108665437977	0.006171162289570814	0.3760555391738481	baseline_plus_kmer_minhash	leave_clade_out	0.6486369378464155	0.27429021435469786	0.06355060141178226	True
calib_anchor	plant_supervised_4096	thale_cress	0.6974776069597389	plant	plant	nan	nan	nan	plant_supervised_to_plant_fine	0.043011	0.043145	0.932855	1297325	28049979	0.37922119140625	1550.0	3.1903316981702914	1	119667750	7	30427671	23459830	3	0.0	0.372445	1000000	8.077977125476142	0.8450980400142568	7.370324860706645	7.48326871178776	0.1249666485378415	0.0307960258984802	plant	thale_cress	1.0	0.0	0.2046275443404551	0.23908445535817996	baseline_plus_kmer_minhash	leave_clade_out	0.8292346680150375	0.1402739028311443	0.1317570610552986	True
calib_anchor	TFREPAIR_invert_boost_animal_4096_seed42	thale_cress	0.2079073653834738	animal	plant	nan	nan	nan	animal_invert_boost_to_plant_fine	0.043011	0.043145	0.932855	1297325	28049979	0.37922119140625	1550.0	3.1903316981702914	0	119667750	7	30427671	23459830	3	0.0	0.372445	1000000	8.077977125476142	0.8450980400142568	7.370324860706645	7.48326871178776	0.1234742428456467	0.0279292546598651	animal	western_honey_bee	0.01035615054306643	0.25915535952251834	0.0066413873495687606	0.4013179338212955	baseline_plus_kmer_minhash	leave_clade_out	0.6146414155939264	0.27466148557269465	0.4067340502104526	True
calib_anchor	insect_no_beetle_4096	thale_cress	0.1382559591838703	insect	plant	nan	nan	nan	insect_no_beetle_to_plant_fine	0.043011	0.043145	0.932855	1297325	28049979	0.37922119140625	1550.0	3.1903316981702914	0	119667750	7	30427671	23459830	3	0.0	0.372445	1000000	8.077977125476142	0.8450980400142568	7.370324860706645	7.48326871178776	0.1564172368424756	0.0430840989911306	insect	western_honey_bee	0.01035615054306643	0.25915535952251834	0.008702747980495954	0.2718676114068218	baseline_plus_kmer_minhash	leave_clade_out	0.6425828913095117	0.2523447689181126	0.5043269321256414	True
final_errorbar	ntv3_100m_pre_w2048	thale_cress	0.1299511497000876	human_h0_ntv3_100m	plant	plant_fine	3.0	0.0173026332429277	nan	0.043011	0.043145	0.932855	1297325	28049979	0.37922119140625	1550.0	3.1903316981702914	0	119667750	7	30427671	23459830	3	0.0	0.372445	1000000	8.077977125476142	0.8450980400142568	7.370324860706645	7.48326871178776	0.3352596901322179	0.268016439460078	human_h0_ntv3_100m	human	0.004016064257028112	0.3218875824868201	0.004016064257028112	0.3218875824868201	baseline_plus_kmer_minhash	leave_clade_out	0.3718358536881761	0.2111354864802649	0.24188470398808853	True
final_errorbar	ntv2_250m_w4096	thale_cress	0.059250325526733	human_h0_ntv2_250m	plant	plant_fine	3.0	0.0279221757123653	nan	0.043011	0.043145	0.932855	1297325	28049979	0.37922119140625	1550.0	3.1903316981702914	0	119667750	7	30427671	23459830	3	0.0	0.372445	1000000	8.077977125476142	0.8450980400142568	7.370324860706645	7.48326871178776	0.3352596901322179	0.268016439460078	human_h0_ntv2_250m	human	0.004016064257028112	0.3218875824868201	0.004016064257028112	0.3218875824868201	baseline_plus_kmer_minhash	leave_clade_out	0.39993162020777623	0.24190081897118318	0.34068129468104325	True
supp_h0_transfer	ntv2_500m_H0_w4096	thale_cress	0.0350888069185704	human_h0_ntv2_500m	plant	nan	nan	nan	transfer_BC_w4096	0.043011	0.043145	0.932855	1297325	28049979	0.37922119140625	1550.0	3.1903316981702914	0	119667750	7	30427671	23459830	3	0.0	0.372445	1000000	8.077977125476142	0.8450980400142568	7.370324860706645	7.48326871178776	0.3352596901322179	0.268016439460078	human_h0_ntv2_500m	human	0.004016064257028112	0.3218875824868201	0.004016064257028112	0.3218875824868201	baseline_plus_kmer_minhash	leave_clade_out	0.4137708084183082	0.2528695940663296	0.3786820014997378	True
supp_h0_transfer	ntv2_500m_H0_w4096	western_clawed_frog	0.7676709570719781	human_h0_ntv2_500m	vertebrate	nan	nan	nan	transfer_BC_w4096	0.000179	0.000179	0.967076	84407	455592780	0.5371810538664581	360.0	2.556302500767288	0	1451301209	167	217471166	153961319	5	0.0029910269192422	0.505897	1000000	9.16175755704896	2.2227164711475837	8.18741162307706	8.337401683004607	0.1957973399316009	0.0911435831684164	human_h0_ntv2_500m	human	0.002506265664160401	0.35322115776986907	0.002506265664160401	0.35322115776986907	baseline_plus_kmer_minhash	leave_clade_out	0.35927999180980685	0.1742212051548616	0.4083909652621712	True
final_errorbar	ntv2_250m_w4096	western_clawed_frog	0.6476854010493278	human_h0_ntv2_250m	vertebrate	animal_fine	3.0	0.0436579387818896	nan	0.000179	0.000179	0.967076	84407	455592780	0.5371810538664581	360.0	2.556302500767288	0	1451301209	167	217471166	153961319	5	0.0029910269192422	0.505897	1000000	9.16175755704896	2.2227164711475837	8.18741162307706	8.337401683004607	0.1957973399316009	0.0911435831684164	human_h0_ntv2_250m	human	0.002506265664160401	0.35322115776986907	0.002506265664160401	0.35322115776986907	baseline_plus_kmer_minhash	leave_clade_out	0.35591886619638236	0.17584041726052135	0.29176653485294546	True
final_errorbar	ntv3_100m_pre_w2048	western_clawed_frog	0.5191597065847986	human_h0_ntv3_100m	vertebrate	animal_fine	3.0	0.0896323044666213	nan	0.000179	0.000179	0.967076	84407	455592780	0.5371810538664581	360.0	2.556302500767288	0	1451301209	167	217471166	153961319	5	0.0029910269192422	0.505897	1000000	9.16175755704896	2.2227164711475837	8.18741162307706	8.337401683004607	0.1957973399316009	0.0911435831684164	human_h0_ntv3_100m	human	0.002506265664160401	0.35322115776986907	0.002506265664160401	0.35322115776986907	baseline_plus_kmer_minhash	leave_clade_out	0.369744483364384	0.17194076516404316	0.14941522322041462	True
anchor_anchor	insect_primary_4096	western_honey_bee	0.946524064171123	insect	insect	nan	nan	nan	insect_primary_to_insect_stress	0.020425	0.982865	0.020432	4337232	90164	nan	820.0	2.9138138523837167	1	51457486	3	25433307	14233499	2	0.0388635522641971	0.404665	1000000	7.71144856455995	0.4771212547196624	7.15331167517893	7.405402833572285	0.1030895049884773	0.0198094430108711	insect	western_honey_bee	1.0	0.0	0.5045408678102926	0.13391278403619908	baseline_plus_kmer_minhash	leave_clade_out	0.8486682568349833	0.10867887829890284	0.09785580733613974	True
calib_anchor	insect_no_beetle_4096	western_honey_bee	0.7983193277310925	insect	insect	nan	nan	nan	insect_no_beetle_to_cross_eval	0.020425	0.982865	0.020432	4337232	90164	nan	820.0	2.9138138523837167	1	51457486	3	25433307	14233499	2	0.0388635522641971	0.404665	1000000	7.71144856455995	0.4771212547196624	7.15331167517893	7.405402833572285	0.1030895049884773	0.0198094430108711	insect	western_honey_bee	1.0	0.0	0.5045408678102926	0.13391278403619908	baseline_plus_kmer_minhash	leave_clade_out	0.8486682568349833	0.10867887829890284	0.05034892910389077	True
calib_anchor	insect_no_beetle_4096	western_honey_bee	0.7983193277310925	insect	insect	nan	nan	nan	insect_no_beetle_to_stress_eval	0.020425	0.982865	0.020432	4337232	90164	nan	820.0	2.9138138523837167	1	51457486	3	25433307	14233499	2	0.0388635522641971	0.404665	1000000	7.71144856455995	0.4771212547196624	7.15331167517893	7.405402833572285	0.1030895049884773	0.0198094430108711	insect	western_honey_bee	1.0	0.0	0.5045408678102926	0.13391278403619908	baseline_plus_kmer_minhash	leave_clade_out	0.8486682568349833	0.10867887829890284	0.05034892910389077	True
anchor_anchor	insect_no_beetle_4096	western_honey_bee	0.7983193277310925	insect	insect	nan	nan	nan	insect_no_beetle_to_insect_stress	0.020425	0.982865	0.020432	4337232	90164	nan	820.0	2.9138138523837167	1	51457486	3	25433307	14233499	2	0.0388635522641971	0.404665	1000000	7.71144856455995	0.4771212547196624	7.15331167517893	7.405402833572285	0.1030895049884773	0.0198094430108711	insect	western_honey_bee	1.0	0.0	0.5045408678102926	0.13391278403619908	baseline_plus_kmer_minhash	leave_clade_out	0.8486682568349833	0.10867887829890284	0.05034892910389077	True
calib_anchor	TFREPAIR_invert_boost_animal_4096_seed42	western_honey_bee	0.05217988328184	animal	insect	nan	nan	nan	animal_invert_boost_to_cross_eval	0.020425	0.982865	0.020432	4337232	90164	nan	820.0	2.9138138523837167	1	51457486	3	25433307	14233499	2	0.0388635522641971	0.404665	1000000	7.71144856455995	0.4771212547196624	7.15331167517893	7.405402833572285	0.1975547081920625	0.0743872976560842	animal	western_honey_bee	1.0	0.0	0.17281984150581312	0.3534184362242991	baseline_plus_kmer_minhash	leave_clade_out	0.8841275030701046	0.09486391658684942	0.8319476197882646	True
calib_anchor	TFREPAIR_invert_boost_animal_4096_seed42	western_honey_bee	0.05217988328184	animal	insect	nan	nan	nan	animal_invert_boost_to_stress_eval	0.020425	0.982865	0.020432	4337232	90164	nan	820.0	2.9138138523837167	1	51457486	3	25433307	14233499	2	0.0388635522641971	0.404665	1000000	7.71144856455995	0.4771212547196624	7.15331167517893	7.405402833572285	0.1975547081920625	0.0743872976560842	animal	western_honey_bee	1.0	0.0	0.17281984150581312	0.3534184362242991	baseline_plus_kmer_minhash	leave_clade_out	0.8841275030701046	0.09486391658684942	0.8319476197882646	True
anchor_anchor	TFREPAIR_invert_boost_animal_4096_seed42	western_honey_bee	0.05217988328184	animal	insect	nan	nan	nan	animal_invert_boost_to_insect_stress	0.020425	0.982865	0.020432	4337232	90164	nan	820.0	2.9138138523837167	1	51457486	3	25433307	14233499	2	0.0388635522641971	0.404665	1000000	7.71144856455995	0.4771212547196624	7.15331167517893	7.405402833572285	0.1975547081920625	0.0743872976560842	animal	western_honey_bee	1.0	0.0	0.17281984150581312	0.3534184362242991	baseline_plus_kmer_minhash	leave_clade_out	0.8841275030701046	0.09486391658684942	0.8319476197882646	True
calib_anchor	cross_supervised_4096	western_honey_bee	0.0052898014902451	cross	insect	nan	nan	nan	cross_supervised_to_cross_eval	0.020425	0.982865	0.020432	4337232	90164	nan	820.0	2.9138138523837167	0	51457486	3	25433307	14233499	2	0.0388635522641971	0.404665	1000000	7.71144856455995	0.4771212547196624	7.15331167517893	7.405402833572285	0.2119073798001238	0.0902008757309238	cross	c_elegans	0.014970819588936818	0.2348910010424242	0.007447289680201807	0.3674433006422611	baseline_plus_kmer_minhash	leave_clade_out	0.5649584690283662	0.20738303290947668	0.5596686675381212	True
calib_anchor	cross_supervised_4096	western_honey_bee	0.0052898014902451	cross	insect	nan	nan	nan	cross_supervised_to_stress_eval	0.020425	0.982865	0.020432	4337232	90164	nan	820.0	2.9138138523837167	0	51457486	3	25433307	14233499	2	0.0388635522641971	0.404665	1000000	7.71144856455995	0.4771212547196624	7.15331167517893	7.405402833572285	0.2119073798001238	0.0902008757309238	cross	c_elegans	0.014970819588936818	0.2348910010424242	0.007447289680201807	0.3674433006422611	baseline_plus_kmer_minhash	leave_clade_out	0.5649584690283662	0.20738303290947668	0.5596686675381212	True
anchor_anchor	cross_supervised_4096	western_honey_bee	0.0052898014902451	cross	insect	nan	nan	nan	cross_supervised_to_insect_stress	0.020425	0.982865	0.020432	4337232	90164	nan	820.0	2.9138138523837167	0	51457486	3	25433307	14233499	2	0.0388635522641971	0.404665	1000000	7.71144856455995	0.4771212547196624	7.15331167517893	7.405402833572285	0.2119073798001238	0.0902008757309238	cross	c_elegans	0.014970819588936818	0.2348910010424242	0.007447289680201807	0.3674433006422611	baseline_plus_kmer_minhash	leave_clade_out	0.5649584690283662	0.20738303290947668	0.5596686675381212	True
calib_anchor	plant_supervised_4096	western_honey_bee	0.0003842421976866	plant	insect	nan	nan	nan	plant_supervised_to_cross_eval	0.020425	0.982865	0.020432	4337232	90164	nan	820.0	2.9138138523837167	0	51457486	3	25433307	14233499	2	0.0388635522641971	0.404665	1000000	7.71144856455995	0.4771212547196624	7.15331167517893	7.405402833572285	0.2144848278327983	0.1040586970085212	plant	thale_cress	0.01035615054306643	0.25915535952251834	0.007054098573222767	0.2876872678923741	baseline_plus_kmer_minhash	leave_clade_out	0.38515470148018577	0.1522139818078196	0.38477045928249914	True
calib_anchor	plant_supervised_4096	western_honey_bee	0.0003842416254314	plant	insect	nan	nan	nan	plant_supervised_to_stress_eval	0.020425	0.982865	0.020432	4337232	90164	nan	820.0	2.9138138523837167	0	51457486	3	25433307	14233499	2	0.0388635522641971	0.404665	1000000	7.71144856455995	0.4771212547196624	7.15331167517893	7.405402833572285	0.2144848278327983	0.1040586970085212	plant	thale_cress	0.01035615054306643	0.25915535952251834	0.007054098573222767	0.2876872678923741	baseline_plus_kmer_minhash	leave_clade_out	0.38515470148018577	0.1522139818078196	0.3847704598547544	True
calib_anchor	direct_red_flour_beetle_4096	western_honey_bee	0.0	other_anchor	insect	nan	nan	nan	direct_beetle_to_cross_eval	0.020425	0.982865	0.020432	4337232	90164	nan	820.0	2.9138138523837167	0	51457486	3	25433307	14233499	2	0.0388635522641971	0.404665	1000000	7.71144856455995	0.4771212547196624	7.15331167517893	7.405402833572285	0.3782434204252473	0.3304654870915913	other_anchor	human	0.005530417295123178	0.3006573337455844	0.005530417295123178	0.3006573337455844	baseline_plus_kmer_minhash	leave_clade_out	0.31361071657033723	0.1897994936195004	0.31361071657033723	True
calib_anchor	direct_red_flour_beetle_4096	western_honey_bee	0.0	other_anchor	insect	nan	nan	nan	direct_beetle_to_stress_eval	0.020425	0.982865	0.020432	4337232	90164	nan	820.0	2.9138138523837167	0	51457486	3	25433307	14233499	2	0.0388635522641971	0.404665	1000000	7.71144856455995	0.4771212547196624	7.15331167517893	7.405402833572285	0.3782434204252473	0.3304654870915913	other_anchor	human	0.005530417295123178	0.3006573337455844	0.005530417295123178	0.3006573337455844	baseline_plus_kmer_minhash	leave_clade_out	0.31361071657033723	0.1897994936195004	0.31361071657033723	True
calib_anchor	direct_western_honey_bee_4096	western_honey_bee	0.0	other_anchor	insect	nan	nan	nan	direct_honeybee_to_cross_eval	0.020425	0.982865	0.020432	4337232	90164	nan	820.0	2.9138138523837167	0	51457486	3	25433307	14233499	2	0.0388635522641971	0.404665	1000000	7.71144856455995	0.4771212547196624	7.15331167517893	7.405402833572285	0.3782434204252473	0.3304654870915913	other_anchor	human	0.005530417295123178	0.3006573337455844	0.005530417295123178	0.3006573337455844	baseline_plus_kmer_minhash	leave_clade_out	0.31361071657033723	0.1897994936195004	0.31361071657033723	True
calib_anchor	direct_western_honey_bee_4096	western_honey_bee	0.0	other_anchor	insect	nan	nan	nan	direct_honeybee_to_stress_eval	0.020425	0.982865	0.020432	4337232	90164	nan	820.0	2.9138138523837167	0	51457486	3	25433307	14233499	2	0.0388635522641971	0.404665	1000000	7.71144856455995	0.4771212547196624	7.15331167517893	7.405402833572285	0.3782434204252473	0.3304654870915913	other_anchor	human	0.005530417295123178	0.3006573337455844	0.005530417295123178	0.3006573337455844	baseline_plus_kmer_minhash	leave_clade_out	0.31361071657033723	0.1897994936195004	0.31361071657033723	True
calib_anchor	direct_western_honey_bee_4096	western_honey_bee	0.0	other_anchor	insect	nan	nan	nan	direct_honeybee_own_holdout	0.020425	0.982865	0.020432	4337232	90164	nan	820.0	2.9138138523837167	0	51457486	3	25433307	14233499	2	0.0388635522641971	0.404665	1000000	7.71144856455995	0.4771212547196624	7.15331167517893	7.405402833572285	0.3782434204252473	0.3304654870915913	other_anchor	human	0.005530417295123178	0.3006573337455844	0.005530417295123178	0.3006573337455844	baseline_plus_kmer_minhash	leave_clade_out	0.31361071657033723	0.1897994936195004	0.31361071657033723	True
anchor_anchor	TFREPAIR_invert_boost_animal_4096_seed42	x_laevis	0.4013777654205557	animal	vertebrate	nan	nan	nan	animal_invert_boost_to_insect_stress	0.000194	0.000194	0.813401	56801	238590187	nan	370.0	2.568201724066995	1	2718433805	108033	219802468	136570856	9	0.1479724726946478	0.38498	1000000	9.434318762214229	5.033556436308993	8.13535803149204	8.34203256448767	0.1125183122375499	0.0175004510961257	animal	c_elegans	0.011378002528445006	0.25294933131811753	0.006090925421247965	0.40512387679275275	baseline_plus_kmer_minhash	leave_clade_out	0.580618404730894	0.2824394462864736	0.1792406393103383	True
calib_anchor	TFREPAIR_invert_boost_animal_4096_seed42	x_laevis	0.4013775981071781	animal	vertebrate	nan	nan	nan	animal_invert_boost_to_cross_eval	0.000194	0.000194	0.813401	56801	238590187	nan	370.0	2.568201724066995	1	2718433805	108033	219802468	136570856	9	0.1479724726946478	0.38498	1000000	9.434318762214229	5.033556436308993	8.13535803149204	8.34203256448767	0.1125183122375499	0.0175004510961257	animal	c_elegans	0.011378002528445006	0.25294933131811753	0.006090925421247965	0.40512387679275275	baseline_plus_kmer_minhash	leave_clade_out	0.580618404730894	0.2824394462864736	0.1792408066237159	True
calib_anchor	TFREPAIR_invert_boost_animal_4096_seed42	x_laevis	0.4013775981071781	animal	vertebrate	nan	nan	nan	animal_invert_boost_to_stress_eval	0.000194	0.000194	0.813401	56801	238590187	nan	370.0	2.568201724066995	1	2718433805	108033	219802468	136570856	9	0.1479724726946478	0.38498	1000000	9.434318762214229	5.033556436308993	8.13535803149204	8.34203256448767	0.1125183122375499	0.0175004510961257	animal	c_elegans	0.011378002528445006	0.25294933131811753	0.006090925421247965	0.40512387679275275	baseline_plus_kmer_minhash	leave_clade_out	0.580618404730894	0.2824394462864736	0.1792408066237159	True
calib_anchor	cross_supervised_4096	x_laevis	0.3945827783795458	cross	vertebrate	nan	nan	nan	cross_supervised_to_cross_eval	0.000194	0.000194	0.813401	56801	238590187	nan	370.0	2.568201724066995	0	2718433805	108033	219802468	136570856	9	0.1479724726946478	0.38498	1000000	9.434318762214229	5.033556436308993	8.13535803149204	8.34203256448767	0.1141902696107161	0.0184397446805083	cross	c_elegans	0.011378002528445006	0.25294933131811753	0.004592764215267164	0.39707863831119805	baseline_plus_kmer_minhash	leave_clade_out	0.5692173098137404	0.2809255417307467	0.1746345314341946	True
calib_anchor	cross_supervised_4096	x_laevis	0.3945827783795458	cross	vertebrate	nan	nan	nan	cross_supervised_to_stress_eval	0.000194	0.000194	0.813401	56801	238590187	nan	370.0	2.568201724066995	0	2718433805	108033	219802468	136570856	9	0.1479724726946478	0.38498	1000000	9.434318762214229	5.033556436308993	8.13535803149204	8.34203256448767	0.1141902696107161	0.0184397446805083	cross	c_elegans	0.011378002528445006	0.25294933131811753	0.004592764215267164	0.39707863831119805	baseline_plus_kmer_minhash	leave_clade_out	0.5692173098137404	0.2809255417307467	0.1746345314341946	True
anchor_anchor	cross_supervised_4096	x_laevis	0.3945827783795458	cross	vertebrate	nan	nan	nan	cross_supervised_to_insect_stress	0.000194	0.000194	0.813401	56801	238590187	nan	370.0	2.568201724066995	0	2718433805	108033	219802468	136570856	9	0.1479724726946478	0.38498	1000000	9.434318762214229	5.033556436308993	8.13535803149204	8.34203256448767	0.1141902696107161	0.0184397446805083	cross	c_elegans	0.011378002528445006	0.25294933131811753	0.004592764215267164	0.39707863831119805	baseline_plus_kmer_minhash	leave_clade_out	0.5692173098137404	0.2809255417307467	0.1746345314341946	True
calib_anchor	plant_supervised_4096	x_laevis	0.2855543757586765	plant	vertebrate	nan	nan	nan	plant_supervised_to_cross_eval	0.000194	0.000194	0.813401	56801	238590187	nan	370.0	2.568201724066995	0	2718433805	108033	219802468	136570856	9	0.1479724726946478	0.38498	1000000	9.434318762214229	5.033556436308993	8.13535803149204	8.34203256448767	0.1445645708760781	0.0387081158013149	plant	thale_cress	0.0057832537088257484	0.29769388290752885	0.004168398493877862	0.32147019332278337	baseline_plus_kmer_minhash	leave_clade_out	0.5643209810252549	0.2712833628431631	0.27876660526657837	True
calib_anchor	plant_supervised_4096	x_laevis	0.2855543757586765	plant	vertebrate	nan	nan	nan	plant_supervised_to_stress_eval	0.000194	0.000194	0.813401	56801	238590187	nan	370.0	2.568201724066995	0	2718433805	108033	219802468	136570856	9	0.1479724726946478	0.38498	1000000	9.434318762214229	5.033556436308993	8.13535803149204	8.34203256448767	0.1445645708760781	0.0387081158013149	plant	thale_cress	0.0057832537088257484	0.29769388290752885	0.004168398493877862	0.32147019332278337	baseline_plus_kmer_minhash	leave_clade_out	0.5643209810252549	0.2712833628431631	0.27876660526657837	True
calib_anchor	insect_no_beetle_4096	x_laevis	0.2829600934257301	insect	vertebrate	nan	nan	nan	insect_no_beetle_to_cross_eval	0.000194	0.000194	0.813401	56801	238590187	nan	370.0	2.568201724066995	0	2718433805	108033	219802468	136570856	9	0.1479724726946478	0.38498	1000000	9.434318762214229	5.033556436308993	8.13535803149204	8.34203256448767	0.1983752948465877	0.0592704987046092	insect	western_honey_bee	0.008572869389813415	0.2716361289950614	0.006294466823420763	0.2967618557409407	baseline_plus_kmer_minhash	leave_clade_out	0.15420754942385445	0.26459837026941535	0.12875254400187564	True
calib_anchor	insect_no_beetle_4096	x_laevis	0.2829600934257301	insect	vertebrate	nan	nan	nan	insect_no_beetle_to_stress_eval	0.000194	0.000194	0.813401	56801	238590187	nan	370.0	2.568201724066995	0	2718433805	108033	219802468	136570856	9	0.1479724726946478	0.38498	1000000	9.434318762214229	5.033556436308993	8.13535803149204	8.34203256448767	0.1983752948465877	0.0592704987046092	insect	western_honey_bee	0.008572869389813415	0.2716361289950614	0.006294466823420763	0.2967618557409407	baseline_plus_kmer_minhash	leave_clade_out	0.15420754942385445	0.26459837026941535	0.12875254400187564	True
anchor_anchor	insect_no_beetle_4096	x_laevis	0.2829600934257301	insect	vertebrate	nan	nan	nan	insect_no_beetle_to_insect_stress	0.000194	0.000194	0.813401	56801	238590187	nan	370.0	2.568201724066995	0	2718433805	108033	219802468	136570856	9	0.1479724726946478	0.38498	1000000	9.434318762214229	5.033556436308993	8.13535803149204	8.34203256448767	0.1983752948465877	0.0592704987046092	insect	western_honey_bee	0.008572869389813415	0.2716361289950614	0.006294466823420763	0.2967618557409407	baseline_plus_kmer_minhash	leave_clade_out	0.15420754942385445	0.26459837026941535	0.12875254400187564	True
anchor_anchor	insect_primary_4096	x_laevis	0.2268599691025123	insect	vertebrate	nan	nan	nan	insect_primary_to_insect_stress	0.000194	0.000194	0.813401	56801	238590187	nan	370.0	2.568201724066995	0	2718433805	108033	219802468	136570856	9	0.1479724726946478	0.38498	1000000	9.434318762214229	5.033556436308993	8.13535803149204	8.34203256448767	0.1983752948465877	0.0592704987046092	insect	western_honey_bee	0.008572869389813415	0.2716361289950614	0.006294466823420763	0.2967618557409407	baseline_plus_kmer_minhash	leave_clade_out	0.15420754942385445	0.26459837026941535	0.07265241967865785	True
supp_h0_transfer	ntv2_500m_H0_w4096	zebrafish	0.8151318178516959	human_h0_ntv2_500m	vertebrate	nan	nan	nan	transfer_BC_w4096	0.837603	0.982602	0.850212	891480468	771367366	0.4137124131384462	430.0	2.633468455579586	0	1679203469	1923	78093715	52186027	14	0.0	0.359955	1000000	9.225103322767056	3.28397928423848	7.717554234627916	7.892616083164715	0.3272994079847048	0.2672352128115792	human_h0_ntv2_500m	human	0.0035122930255895636	0.3307896753284549	0.0035122930255895636	0.3307896753284549	baseline_plus_kmer_minhash	leave_clade_out	0.22554940541291024	0.16097315589034575	0.5895824124387856	True
final_errorbar	ntv2_250m_w4096	zebrafish	0.753453009276328	human_h0_ntv2_250m	vertebrate	animal_fine	3.0	0.0131433323203878	nan	0.837603	0.982602	0.850212	891480468	771367366	0.4137124131384462	430.0	2.633468455579586	0	1679203469	1923	78093715	52186027	14	0.0	0.359955	1000000	9.225103322767056	3.28397928423848	7.717554234627916	7.892616083164715	0.3272994079847048	0.2672352128115792	human_h0_ntv2_250m	human	0.0035122930255895636	0.3307896753284549	0.0035122930255895636	0.3307896753284549	baseline_plus_kmer_minhash	leave_clade_out	0.22044950002477423	0.1608561178263062	0.5330035092515537	True
final_errorbar	ntv3_100m_pre_w2048	zebrafish	0.5214699959942013	human_h0_ntv3_100m	vertebrate	animal_fine	3.0	0.0175674395284055	nan	0.837603	0.982602	0.850212	891480468	771367366	0.4137124131384462	430.0	2.633468455579586	0	1679203469	1923	78093715	52186027	14	0.0	0.359955	1000000	9.225103322767056	3.28397928423848	7.717554234627916	7.892616083164715	0.3272994079847048	0.2672352128115792	human_h0_ntv3_100m	human	0.0035122930255895636	0.3307896753284549	0.0035122930255895636	0.3307896753284549	baseline_plus_kmer_minhash	leave_clade_out	0.24398089379690782	0.16544872876301045	0.2774891021972935	True
calib_anchor	cross_supervised_4096	brachypodium	0.8175422271365038	cross	plant	nan	nan	nan	cross_supervised_to_plant_fine	0.101164	0.1029	0.857087	5277523	43958318	0.45561279296875	1500.0	3.1760912590556813	0	271298618	11	75071545	59130575	3	0.0	0.454488	1000000	8.433447581463392	1.041392685158225	7.771812102204127	7.875475353898488	0.0693259415010997	0.0175357229218507	cross	brachypodium	1.0	0.0	0.12915053475717714	0.3531042535064754	minhash_only_router	leave_species_out	0.8982806761659019	0.09079101543445271	0.08073844902939808	True
calib_anchor	plant_supervised_4096	brachypodium	0.7765195434514967	plant	plant	nan	nan	nan	plant_supervised_to_plant_fine	0.101164	0.1029	0.857087	5277523	43958318	0.45561279296875	1500.0	3.1760912590556813	1	271298618	11	75071545	59130575	3	0.0	0.454488	1000000	8.433447581463392	1.041392685158225	7.771812102204127	7.875475353898488	0.0392954852174674	0.0046023125549394	plant	brachypodium	1.0	0.0	0.20483241506249245	0.23881140827359948	minhash_only_router	leave_species_out	0.8498675857770503	0.08287925583649408	0.0733480423255537	True
calib_anchor	insect_no_beetle_4096	brachypodium	0.4502561696769175	insect	plant	nan	nan	nan	insect_no_beetle_to_plant_fine	0.101164	0.1029	0.857087	5277523	43958318	0.45561279296875	1500.0	3.1760912590556813	0	271298618	11	75071545	59130575	3	0.0	0.454488	1000000	8.433447581463392	1.041392685158225	7.771812102204127	7.875475353898488	0.142514717076787	0.0564627585782296	insect	western_honey_bee	0.0047726701833710125	0.3104308986917095	0.004142481604480288	0.3206102870100822	minhash_only_router	leave_species_out	0.4564700419393555	0.25194688093999884	0.006213872262437969	True
calib_anchor	TFREPAIR_invert_boost_animal_4096_seed42	brachypodium	0.4333898332380484	animal	plant	nan	nan	nan	animal_invert_boost_to_plant_fine	0.101164	0.1029	0.857087	5277523	43958318	0.45561279296875	1500.0	3.1760912590556813	0	271298618	11	75071545	59130575	3	0.0	0.454488	1000000	8.433447581463392	1.041392685158225	7.771812102204127	7.875475353898488	0.1040889363124293	0.0363524838017522	animal	zebrafish	0.005025125628140704	0.3070113457325394	0.0036412512484719248	0.4310054901356164	minhash_only_router	leave_species_out	0.8606489940605967	0.13462855269597665	0.4272591608225483	True
supp_h0_transfer	ntv2_500m_H0_w4096	brachypodium	0.3212749242452583	human_h0_ntv2_500m	plant	nan	nan	nan	transfer_BC_w4096	0.101164	0.1029	0.857087	5277523	43958318	0.45561279296875	1500.0	3.1760912590556813	0	271298618	11	75071545	59130575	3	0.0	0.454488	1000000	8.433447581463392	1.041392685158225	7.771812102204127	7.875475353898488	0.2268185746895572	0.1337656475000112	human_h0_ntv2_500m	human	0.0035122930255895636	0.3307896753284549	0.0035122930255895636	0.3307896753284549	minhash_only_router	leave_species_out	0.5857900187026048	0.18987324233498518	0.26451509445734656	True
final_errorbar	ntv2_250m_w4096	brachypodium	0.2929663405760741	human_h0_ntv2_250m	plant	plant_fine	3.0	0.0156920332833043	nan	0.101164	0.1029	0.857087	5277523	43958318	0.45561279296875	1500.0	3.1760912590556813	0	271298618	11	75071545	59130575	3	0.0	0.454488	1000000	8.433447581463392	1.041392685158225	7.771812102204127	7.875475353898488	0.2268185746895572	0.1337656475000112	human_h0_ntv2_250m	human	0.0035122930255895636	0.3307896753284549	0.0035122930255895636	0.3307896753284549	minhash_only_router	leave_species_out	0.5843198819691193	0.1828975554502053	0.2913535413930452	True
final_errorbar	ntv3_100m_pre_w2048	brachypodium	0.2073934705084866	human_h0_ntv3_100m	plant	plant_fine	3.0	0.0683970400854424	nan	0.101164	0.1029	0.857087	5277523	43958318	0.45561279296875	1500.0	3.1760912590556813	0	271298618	11	75071545	59130575	3	0.0	0.454488	1000000	8.433447581463392	1.041392685158225	7.771812102204127	7.875475353898488	0.2268185746895572	0.1337656475000112	human_h0_ntv3_100m	human	0.0035122930255895636	0.3307896753284549	0.0035122930255895636	0.3307896753284549	minhash_only_router	leave_species_out	0.6072279439192433	0.13795327106078084	0.3998344734107567	True
anchor_anchor	TFREPAIR_invert_boost_animal_4096_seed42	c_elegans	0.9053972034713066	animal	other	nan	nan	nan	animal_invert_boost_to_insect_fine	0.833784	0.964483	0.860195	10289793	9177183	0.3579248046875	900.0	2.9542425094393248	0	100286401	7	20924180	17493829	3	0.0	0.371376	1000000	8.001242045970857	0.8450980400142568	7.242884877035624	7.320648447384384	0.1443799983785652	0.0775729844697248	animal	c_elegans	1.0	0.0	0.17218349693156687	0.35710228198302296	minhash_only_router	leave_species_out	0.5800188177075322	0.27459242981154974	0.3253783857637744	True
anchor_anchor	cross_supervised_4096	c_elegans	0.8952111633807284	cross	other	nan	nan	nan	cross_supervised_to_insect_fine	0.833784	0.964483	0.860195	10289793	9177183	0.3579248046875	900.0	2.9542425094393248	0	100286401	7	20924180	17493829	3	0.0	0.371376	1000000	8.001242045970857	0.8450980400142568	7.242884877035624	7.320648447384384	0.1533616551705707	0.0962183394831955	cross	c_elegans	1.0	0.0	0.13035380887994355	0.34022856824211656	minhash_only_router	leave_species_out	0.8785066764633654	0.1048268985612814	0.016704486917362926	True
anchor_anchor	insect_primary_4096	c_elegans	0.8945547202059512	insect	other	nan	nan	nan	insect_primary_to_insect_fine	0.833784	0.964483	0.860195	10289793	9177183	0.3579248046875	900.0	2.9542425094393248	0	100286401	7	20924180	17493829	3	0.0	0.371376	1000000	8.001242045970857	0.8450980400142568	7.242884877035624	7.320648447384384	0.1475085510847136	0.0895808950573151	insect	western_honey_bee	0.014970819588936818	0.2348910010424242	0.010503518446379877	0.26487378816101664	minhash_only_router	leave_species_out	0.4225229142159471	0.09700458093010747	0.47203180599000405	True
anchor_anchor	insect_no_beetle_4096	c_elegans	0.5383685302773058	insect	other	nan	nan	nan	insect_no_beetle_to_insect_fine	0.833784	0.964483	0.860195	10289793	9177183	0.3579248046875	900.0	2.9542425094393248	0	100286401	7	20924180	17493829	3	0.0	0.371376	1000000	8.001242045970857	0.8450980400142568	7.242884877035624	7.320648447384384	0.1475085510847136	0.0895808950573151	insect	western_honey_bee	0.014970819588936818	0.2348910010424242	0.010503518446379877	0.26487378816101664	minhash_only_router	leave_species_out	0.4225229142159471	0.09700458093010747	0.11584561606135868	True
supp_h0_transfer	ntv2_500m_H0_w4096	c_elegans	0.345012472034356	human_h0_ntv2_500m	other	nan	nan	nan	transfer_BC_w4096	0.833784	0.964483	0.860195	10289793	9177183	0.3579248046875	900.0	2.9542425094393248	0	100286401	7	20924180	17493829	3	0.0	0.371376	1000000	8.001242045970857	0.8450980400142568	7.242884877035624	7.320648447384384	0.3448736563265228	0.3498680780416765	human_h0_ntv2_500m	human	0.0047726701833710125	0.3104308986917095	0.0047726701833710125	0.3104308986917095	minhash_only_router	leave_species_out	0.22996074565918825	0.15086651118146138	0.11505172637516772	True
final_errorbar	ntv3_100m_pre_w2048	c_elegans	0.2604444021620859	human_h0_ntv3_100m	other	animal_fine	3.0	0.0215523139867919	nan	0.833784	0.964483	0.860195	10289793	9177183	0.3579248046875	900.0	2.9542425094393248	0	100286401	7	20924180	17493829	3	0.0	0.371376	1000000	8.001242045970857	0.8450980400142568	7.242884877035624	7.320648447384384	0.3448736563265228	0.3498680780416765	human_h0_ntv3_100m	human	0.0047726701833710125	0.3104308986917095	0.0047726701833710125	0.3104308986917095	minhash_only_router	leave_species_out	0.28976458398128224	0.16702767560294157	0.029320181819196323	True
final_errorbar	ntv2_250m_w4096	c_elegans	0.1426005332526109	human_h0_ntv2_250m	other	animal_fine	3.0	0.0303152737505588	nan	0.833784	0.964483	0.860195	10289793	9177183	0.3579248046875	900.0	2.9542425094393248	0	100286401	7	20924180	17493829	3	0.0	0.371376	1000000	8.001242045970857	0.8450980400142568	7.242884877035624	7.320648447384384	0.3448736563265228	0.3498680780416765	human_h0_ntv2_250m	human	0.0047726701833710125	0.3104308986917095	0.0047726701833710125	0.3104308986917095	minhash_only_router	leave_species_out	0.22915387134518433	0.14837724195983518	0.08655333809257343	True
calib_anchor	TFREPAIR_invert_boost_animal_4096_seed42	cattle	0.9216935615407684	animal	vertebrate	nan	nan	nan	animal_invert_boost_to_cross_eval	0.48001	0.488924	0.963405	641516843	1264081324	nan	96.0	1.9822712330395684	1	2715853792	2211	158534110	103308737	12	0.0	0.438283	1000000	9.43390638599257	3.344588742578714	8.014137052114325	8.200122718862955	0.1961603645512639	0.1045802654699864	animal	zebrafish	0.007556675062972292	0.2799803385253285	0.004779504320268857	0.41803209946722686	minhash_only_router	leave_species_out	0.3945793619839937	0.17998486208752515	0.5271141995567747	True
calib_anchor	cross_supervised_4096	cattle	0.9213113792693672	cross	vertebrate	nan	nan	nan	cross_supervised_to_cross_eval	0.48001	0.488924	0.963405	641516843	1264081324	nan	96.0	1.9822712330395684	0	2715853792	2211	158534110	103308737	12	0.0	0.438283	1000000	9.43390638599257	3.344588742578714	8.014137052114325	8.200122718862955	0.1898193400311859	0.0914288745666459	cross	zebrafish	0.007556675062972292	0.2799803385253285	0.004147083900805754	0.40059555601938857	minhash_only_router	leave_species_out	0.5443170856153045	0.25820100902747267	0.3769942936540628	True
calib_anchor	insect_no_beetle_4096	cattle	0.2681289424464008	insect	vertebrate	nan	nan	nan	insect_no_beetle_to_cross_eval	0.48001	0.488924	0.963405	641516843	1264081324	nan	96.0	1.9822712330395684	0	2715853792	2211	158534110	103308737	12	0.0	0.438283	1000000	9.43390638599257	3.344588742578714	8.014137052114325	8.200122718862955	0.2674695235796735	0.15873003482616	insect	western_honey_bee	0.006289308176100629	0.29213510897825873	0.00464916762867218	0.31660074814759875	minhash_only_router	leave_species_out	0.26513961373552297	0.15654524075913767	0.0029893287108778144	True
calib_anchor	plant_supervised_4096	cattle	0.0858809770068545	plant	vertebrate	nan	nan	nan	plant_supervised_to_cross_eval	0.48001	0.488924	0.963405	641516843	1264081324	nan	96.0	1.9822712330395684	0	2715853792	2211	158534110	103308737	12	0.0	0.438283	1000000	9.43390638599257	3.344588742578714	8.014137052114325	8.200122718862955	0.1939129743058688	0.0844629259880961	plant	thale_cress	0.0057832537088257484	0.29769388290752885	0.004268975470626056	0.319366348385849	minhash_only_router	leave_species_out	0.2898300776482323	0.13268423757325767	0.20394910064137783	True
supp_h0_transfer	ntv2_500m_H0_w4096	chicken	0.8516226680157541	human_h0_ntv2_500m	vertebrate	nan	nan	nan	transfer_BC_w4096	0.391291	0.394479	0.979765	40667484	101005421	0.4113284493284493	310.0	2.4913616938342726	0	1065365425	464	197608386	91315245	4	0.0017070808916752	0.549823	1000000	9.027498598235026	2.6665179805548807	7.96054328866985	8.29580537100184	0.1448915707647146	0.0601428909585745	human_h0_ntv2_500m	human	0.0057832537088257484	0.29769388290752885	0.0057832537088257484	0.29769388290752885	minhash_only_router	leave_species_out	0.2851913460715237	0.1372358799317847	0.5664313219442305	True
final_errorbar	ntv2_250m_w4096	chicken	0.843436719033926	human_h0_ntv2_250m	vertebrate	animal_fine	3.0	0.0193628216675568	nan	0.391291	0.394479	0.979765	40667484	101005421	0.4113284493284493	310.0	2.4913616938342726	0	1065365425	464	197608386	91315245	4	0.0017070808916752	0.549823	1000000	9.027498598235026	2.6665179805548807	7.96054328866985	8.29580537100184	0.1448915707647146	0.0601428909585745	human_h0_ntv2_250m	human	0.0057832537088257484	0.29769388290752885	0.0057832537088257484	0.29769388290752885	minhash_only_router	leave_species_out	0.28032227411692273	0.13393385398569727	0.5631144449170034	True
final_errorbar	ntv3_100m_pre_w2048	chicken	0.6195493201860316	human_h0_ntv3_100m	vertebrate	animal_fine	3.0	0.0701786703401454	nan	0.391291	0.394479	0.979765	40667484	101005421	0.4113284493284493	310.0	2.4913616938342726	0	1065365425	464	197608386	91315245	4	0.0017070808916752	0.549823	1000000	9.027498598235026	2.6665179805548807	7.96054328866985	8.29580537100184	0.1448915707647146	0.0601428909585745	human_h0_ntv3_100m	human	0.0057832537088257484	0.29769388290752885	0.0057832537088257484	0.29769388290752885	minhash_only_router	leave_species_out	0.3065922233979459	0.13986615903752006	0.3129570967880857	True
anchor_anchor	insect_no_beetle_4096	fruit_fly	0.944818571090276	insect	insect	nan	nan	nan	insect_no_beetle_to_insect_fine	0.888725	0.993839	0.893648	26497161	23825911	0.494656395206652	780.0	2.8920946026904804	1	143726002	1870	32079331	25286936	3	0.0	0.441621	1000000	8.157535345055386	3.271841606536499	7.402896209379677	7.506225302690743	0.1001622488462802	0.0254297426578645	insect	fruit_fly	1.0	0.0	0.5045408678102926	0.13391278403619908	minhash_only_router	leave_species_out	0.6516492963943286	0.23009870479523648	0.29316927469594745	True
anchor_anchor	TFREPAIR_invert_boost_animal_4096_seed42	fruit_fly	0.9437257723304636	animal	insect	nan	nan	nan	animal_invert_boost_to_insect_fine	0.888725	0.993839	0.893648	26497161	23825911	0.494656395206652	780.0	2.8920946026904804	1	143726002	1870	32079331	25286936	3	0.0	0.441621	1000000	8.157535345055386	3.271841606536499	7.402896209379677	7.506225302690743	0.0783631596802407	0.0157474491106001	animal	fruit_fly	1.0	0.0	0.17107312390337562	0.361475438739999	minhash_only_router	leave_species_out	0.284894614433548	0.256728308603626	0.6588311578969156	True
anchor_anchor	cross_supervised_4096	fruit_fly	0.942393180917196	cross	insect	nan	nan	nan	cross_supervised_to_insect_fine	0.888725	0.993839	0.893648	26497161	23825911	0.494656395206652	780.0	2.8920946026904804	0	143726002	1870	32079331	25286936	3	0.0	0.441621	1000000	8.157535345055386	3.271841606536499	7.402896209379677	7.506225302690743	0.0698216548368194	0.0106775865530966	cross	fruit_fly	1.0	0.0	0.12870734925659089	0.35822788434252495	minhash_only_router	leave_species_out	0.36245803803826293	0.3349938274092743	0.5799351428789331	True
anchor_anchor	insect_primary_4096	fruit_fly	0.9413841255319276	insect	insect	nan	nan	nan	insect_primary_to_insect_fine	0.888725	0.993839	0.893648	26497161	23825911	0.494656395206652	780.0	2.8920946026904804	1	143726002	1870	32079331	25286936	3	0.0	0.441621	1000000	8.157535345055386	3.271841606536499	7.402896209379677	7.506225302690743	0.1001622488462802	0.0254297426578645	insect	fruit_fly	1.0	0.0	0.5045408678102926	0.13391278403619908	minhash_only_router	leave_species_out	0.6516492963943286	0.23009870479523648	0.28973482913759907	True
supp_h0_transfer	ntv2_500m_H0_w4096	fruit_fly	0.6577990369528225	human_h0_ntv2_500m	insect	nan	nan	nan	transfer_BC_w4096	0.888725	0.993839	0.893648	26497161	23825911	0.494656395206652	780.0	2.8920946026904804	0	143726002	1870	32079331	25286936	3	0.0	0.441621	1000000	8.157535345055386	3.271841606536499	7.402896209379677	7.506225302690743	0.2474985795480165	0.15855331987712	human_h0_ntv2_500m	human	0.003009027081243731	0.34106638731693883	0.003009027081243731	0.34106638731693883	minhash_only_router	leave_species_out	0.004752077188283243	0.05853870808517885	0.6530469597645393	True
final_errorbar	ntv2_250m_w4096	fruit_fly	0.5533233517822065	human_h0_ntv2_250m	insect	animal_fine	3.0	0.0128215769678409	nan	0.888725	0.993839	0.893648	26497161	23825911	0.494656395206652	780.0	2.8920946026904804	0	143726002	1870	32079331	25286936	3	0.0	0.441621	1000000	8.157535345055386	3.271841606536499	7.402896209379677	7.506225302690743	0.2474985795480165	0.15855331987712	human_h0_ntv2_250m	human	0.003009027081243731	0.34106638731693883	0.003009027081243731	0.34106638731693883	minhash_only_router	leave_species_out	0.004752077188283243	0.05853870808517885	0.5485712745939233	True
final_errorbar	ntv3_100m_pre_w2048	fruit_fly	0.4822229619104726	human_h0_ntv3_100m	insect	animal_fine	3.0	0.1825771233602698	nan	0.888725	0.993839	0.893648	26497161	23825911	0.494656395206652	780.0	2.8920946026904804	0	143726002	1870	32079331	25286936	3	0.0	0.441621	1000000	8.157535345055386	3.271841606536499	7.402896209379677	7.506225302690743	0.2474985795480165	0.15855331987712	human_h0_ntv3_100m	human	0.003009027081243731	0.34106638731693883	0.003009027081243731	0.34106638731693883	minhash_only_router	leave_species_out	0.004752077188283243	0.05853870808517885	0.47747088472218935	True
calib_anchor	cross_supervised_4096	horse	0.8925601404845789	cross	vertebrate	nan	nan	nan	cross_supervised_to_cross_eval	0.791397	0.812579	0.968112	892563554	1063406667	nan	96.0	1.9822712330395684	0	188260577	1	188260577	188260577	1	0.0010189606601266	0.517305	1000000	8.27475938542357	0.0	8.27475938542357	8.27475938542357	0.2072733615749962	0.1175416603257882	cross	zebrafish	0.008572869389813415	0.2716361289950614	0.00408447992382229	0.4019382172622498	minhash_only_router	leave_species_out	0.47454713127769016	0.23647996528896292	0.4180130092068887	True
calib_anchor	TFREPAIR_invert_boost_animal_4096_seed42	horse	0.8913728851560259	animal	vertebrate	nan	nan	nan	animal_invert_boost_to_cross_eval	0.791397	0.812579	0.968112	892563554	1063406667	nan	96.0	1.9822712330395684	1	188260577	1	188260577	188260577	1	0.0010189606601266	0.517305	1000000	8.27475938542357	0.0	8.27475938542357	8.27475938542357	0.2056004978397222	0.1203089942757705	animal	zebrafish	0.008572869389813415	0.2716361289950614	0.004653618742653688	0.4197215175742321	minhash_only_router	leave_species_out	0.4127549497791083	0.17879863784513234	0.47861793537691755	True
calib_anchor	insect_no_beetle_4096	horse	0.1869044858967403	insect	vertebrate	nan	nan	nan	insect_no_beetle_to_cross_eval	0.791397	0.812579	0.968112	892563554	1063406667	nan	96.0	1.9822712330395684	0	188260577	1	188260577	188260577	1	0.0010189606601266	0.517305	1000000	8.27475938542357	0.0	8.27475938542357	8.27475938542357	0.2746396996501602	0.1850487156640525	insect	fruit_fly	0.0037641154328732747	0.32619015056265815	0.0036382042292314194	0.3284899129455565	minhash_only_router	leave_species_out	0.4428888627728126	0.22252849486324816	0.2559843768760723	True
calib_anchor	plant_supervised_4096	horse	0.1025602154105038	plant	vertebrate	nan	nan	nan	plant_supervised_to_cross_eval	0.791397	0.812579	0.968112	892563554	1063406667	nan	96.0	1.9822712330395684	0	188260577	1	188260577	188260577	1	0.0010189606601266	0.517305	1000000	8.27475938542357	0.0	8.27475938542357	8.27475938542357	0.2026925587860898	0.1042618889160033	plant	sorghum	0.0045203415369161224	0.31403538010972787	0.0035126468408247743	0.33171061801320795	minhash_only_router	leave_species_out	0.3021531336346365	0.2230291466031921	0.19959291822413266	True
supp_h0_transfer	ntv2_500m_H0_w4096	human	0.961411324419745	human_h0_ntv2_500m	vertebrate	nan	nan	nan	transfer_BC_w4096	0.948128	0.966802	0.980034	1410192187	1429492481	nan	6.0	0.7781512503836436	0	248387328	1	248387328	248387328	1	0.0	0.550911	1000000	8.395129435626702	0.0	8.395129435626702	8.395129435626702	0.0	-2.220446049250313e-16	human_h0_ntv2_500m	human	1.0	0.0	1.0	0.0	minhash_only_router	leave_species_out	0.8528118535798286	0.06336482754136766	0.10859947083991639	True
calib_anchor	TFREPAIR_invert_boost_animal_4096_seed42	human	0.904946115719272	animal	vertebrate	nan	nan	nan	animal_invert_boost_to_cross_eval	0.948128	0.966802	0.980034	1410192187	1429492481	nan	6.0	0.7781512503836436	1	248387328	1	248387328	248387328	1	0.0	0.550911	1000000	8.395129435626702	0.0	8.395129435626702	8.395129435626702	0.2473971321688795	0.1687976905989935	animal	chicken	0.0057832537088257484	0.29769388290752885	0.003767943549025539	0.4301063629983694	minhash_only_router	leave_species_out	0.7663593669372485	0.182058827249199	0.13858674878202348	True
calib_anchor	cross_supervised_4096	human	0.9023446184329426	cross	vertebrate	nan	nan	nan	cross_supervised_to_cross_eval	0.948128	0.966802	0.980034	1410192187	1429492481	nan	6.0	0.7781512503836436	0	248387328	1	248387328	248387328	1	0.0	0.550911	1000000	8.395129435626702	0.0	8.395129435626702	8.395129435626702	0.249220227348776	0.1685880996034323	cross	sorghum	0.005025125628140704	0.3070113457325394	0.00348294218224885	0.4079828934214672	minhash_only_router	leave_species_out	0.7848973201659114	0.1901174711491764	0.11744729826703115	True
calib_anchor	insect_no_beetle_4096	human	0.1477908337777611	insect	vertebrate	nan	nan	nan	insect_no_beetle_to_cross_eval	0.948128	0.966802	0.980034	1410192187	1429492481	nan	6.0	0.7781512503836436	0	248387328	1	248387328	248387328	1	0.0	0.550911	1000000	8.395129435626702	0.0	8.395129435626702	8.395129435626702	0.3042605063379114	0.2325830037417954	insect	western_honey_bee	0.005530417295123178	0.3006573337455844	0.004269722188183454	0.32086186053126164	minhash_only_router	leave_species_out	0.27645943139514884	0.18713367851811866	0.12866859761738775	True
calib_anchor	plant_supervised_4096	human	0.1214275571269181	plant	vertebrate	nan	nan	nan	plant_supervised_to_cross_eval	0.948128	0.966802	0.980034	1410192187	1429492481	nan	6.0	0.7781512503836436	0	248387328	1	248387328	248387328	1	0.0	0.550911	1000000	8.395129435626702	0.0	8.395129435626702	8.395129435626702	0.242491599474234	0.153922806418943	plant	sorghum	0.005025125628140704	0.3070113457325394	0.00411712228496292	0.3206927537042909	minhash_only_router	leave_species_out	0.40541179017899087	0.26887207753111814	0.28398423305207277	True
calib_anchor	TFREPAIR_invert_boost_animal_4096_seed42	lizard	0.2416400416987031	animal	vertebrate	nan	nan	nan	animal_invert_boost_to_cross_eval	0.038956	0.053715	0.12417	41691771	96375917	nan	320.0	2.505149978319906	1	1799143587	6457	263920458	150641573	5	0.1263239468490436	0.405226	1000000	9.25506582513172	3.81003078640584	8.177944841937268	8.42147305620014	0.1334641792289605	0.0269436863730062	animal	c_elegans	0.008318628686664987	0.2736263265383735	0.004694911189318436	0.41814562651379633	minhash_only_router	leave_species_out	0.8636918005870556	0.07825767659304624	0.6220517588883525	True
calib_anchor	TFREPAIR_invert_boost_animal_4096_seed42	lizard	0.2416400416987031	animal	vertebrate	nan	nan	nan	animal_invert_boost_to_stress_eval	0.038956	0.053715	0.12417	41691771	96375917	nan	320.0	2.505149978319906	1	1799143587	6457	263920458	150641573	5	0.1263239468490436	0.405226	1000000	9.25506582513172	3.81003078640584	8.177944841937268	8.42147305620014	0.1334641792289605	0.0269436863730062	animal	c_elegans	0.008318628686664987	0.2736263265383735	0.004694911189318436	0.41814562651379633	minhash_only_router	leave_species_out	0.8636918005870556	0.07825767659304624	0.6220517588883525	True
anchor_anchor	TFREPAIR_invert_boost_animal_4096_seed42	lizard	0.2416400416987031	animal	vertebrate	nan	nan	nan	animal_invert_boost_to_insect_stress	0.038956	0.053715	0.12417	41691771	96375917	nan	320.0	2.505149978319906	1	1799143587	6457	263920458	150641573	5	0.1263239468490436	0.405226	1000000	9.25506582513172	3.81003078640584	8.177944841937268	8.42147305620014	0.1334641792289605	0.0269436863730062	animal	c_elegans	0.008318628686664987	0.2736263265383735	0.004694911189318436	0.41814562651379633	minhash_only_router	leave_species_out	0.8636918005870556	0.07825767659304624	0.6220517588883525	True
calib_anchor	cross_supervised_4096	lizard	0.2400380045378313	cross	vertebrate	nan	nan	nan	cross_supervised_to_cross_eval	0.038956	0.053715	0.12417	41691771	96375917	nan	320.0	2.505149978319906	0	1799143587	6457	263920458	150641573	5	0.1263239468490436	0.405226	1000000	9.25506582513172	3.81003078640584	8.177944841937268	8.42147305620014	0.1250077775938211	0.0186955209400064	cross	c_elegans	0.008318628686664987	0.2736263265383735	0.004273013040277895	0.39799641993128543	minhash_only_router	leave_species_out	0.6003639687305556	0.2451537285414734	0.36032596419272434	True
anchor_anchor	cross_supervised_4096	lizard	0.2400380045378313	cross	vertebrate	nan	nan	nan	cross_supervised_to_insect_stress	0.038956	0.053715	0.12417	41691771	96375917	nan	320.0	2.505149978319906	0	1799143587	6457	263920458	150641573	5	0.1263239468490436	0.405226	1000000	9.25506582513172	3.81003078640584	8.177944841937268	8.42147305620014	0.1250077775938211	0.0186955209400064	cross	c_elegans	0.008318628686664987	0.2736263265383735	0.004273013040277895	0.39799641993128543	minhash_only_router	leave_species_out	0.6003639687305556	0.2451537285414734	0.36032596419272434	True
calib_anchor	cross_supervised_4096	lizard	0.2400378125654802	cross	vertebrate	nan	nan	nan	cross_supervised_to_stress_eval	0.038956	0.053715	0.12417	41691771	96375917	nan	320.0	2.505149978319906	0	1799143587	6457	263920458	150641573	5	0.1263239468490436	0.405226	1000000	9.25506582513172	3.81003078640584	8.177944841937268	8.42147305620014	0.1250077775938211	0.0186955209400064	cross	c_elegans	0.008318628686664987	0.2736263265383735	0.004273013040277895	0.39799641993128543	minhash_only_router	leave_species_out	0.6003639687305556	0.2451537285414734	0.36032615616507546	True
calib_anchor	plant_supervised_4096	lizard	0.1506094759615682	plant	vertebrate	nan	nan	nan	plant_supervised_to_cross_eval	0.038956	0.053715	0.12417	41691771	96375917	nan	320.0	2.505149978319906	0	1799143587	6457	263920458	150641573	5	0.1263239468490436	0.405226	1000000	9.25506582513172	3.81003078640584	8.177944841937268	8.42147305620014	0.1437007905780181	0.0244025014930751	plant	rice	0.0047726701833710125	0.3104308986917095	0.003814758202952461	0.3258662163901701	minhash_only_router	leave_species_out	0.17923591511609707	0.10978449978720094	0.028626439154528865	True
calib_anchor	plant_supervised_4096	lizard	0.1506082021187199	plant	vertebrate	nan	nan	nan	plant_supervised_to_stress_eval	0.038956	0.053715	0.12417	41691771	96375917	nan	320.0	2.505149978319906	0	1799143587	6457	263920458	150641573	5	0.1263239468490436	0.405226	1000000	9.25506582513172	3.81003078640584	8.177944841937268	8.42147305620014	0.1437007905780181	0.0244025014930751	plant	rice	0.0047726701833710125	0.3104308986917095	0.003814758202952461	0.3258662163901701	minhash_only_router	leave_species_out	0.17923591511609707	0.10978449978720094	0.02862771299737718	True
anchor_anchor	insect_no_beetle_4096	lizard	0.1418302477559669	insect	vertebrate	nan	nan	nan	insect_no_beetle_to_insect_stress	0.038956	0.053715	0.12417	41691771	96375917	nan	320.0	2.505149978319906	0	1799143587	6457	263920458	150641573	5	0.1263239468490436	0.405226	1000000	9.25506582513172	3.81003078640584	8.177944841937268	8.42147305620014	0.2227930854265778	0.0763356261809606	insect	western_honey_bee	0.005530417295123178	0.3006573337455844	0.0047732407760756445	0.31127245811620224	minhash_only_router	leave_species_out	0.3166666757464127	0.1641570980549778	0.17483642799044583	True
calib_anchor	insect_no_beetle_4096	lizard	0.1418301390195415	insect	vertebrate	nan	nan	nan	insect_no_beetle_to_cross_eval	0.038956	0.053715	0.12417	41691771	96375917	nan	320.0	2.505149978319906	0	1799143587	6457	263920458	150641573	5	0.1263239468490436	0.405226	1000000	9.25506582513172	3.81003078640584	8.177944841937268	8.42147305620014	0.2227930854265778	0.0763356261809606	insect	western_honey_bee	0.005530417295123178	0.3006573337455844	0.0047732407760756445	0.31127245811620224	minhash_only_router	leave_species_out	0.3166666757464127	0.1641570980549778	0.17483653672687122	True
calib_anchor	insect_no_beetle_4096	lizard	0.1418301390195415	insect	vertebrate	nan	nan	nan	insect_no_beetle_to_stress_eval	0.038956	0.053715	0.12417	41691771	96375917	nan	320.0	2.505149978319906	0	1799143587	6457	263920458	150641573	5	0.1263239468490436	0.405226	1000000	9.25506582513172	3.81003078640584	8.177944841937268	8.42147305620014	0.2227930854265778	0.0763356261809606	insect	western_honey_bee	0.005530417295123178	0.3006573337455844	0.0047732407760756445	0.31127245811620224	minhash_only_router	leave_species_out	0.3166666757464127	0.1641570980549778	0.17483653672687122	True
anchor_anchor	insect_primary_4096	lizard	0.1034366102674265	insect	vertebrate	nan	nan	nan	insect_primary_to_insect_stress	0.038956	0.053715	0.12417	41691771	96375917	nan	320.0	2.505149978319906	0	1799143587	6457	263920458	150641573	5	0.1263239468490436	0.405226	1000000	9.25506582513172	3.81003078640584	8.177944841937268	8.42147305620014	0.2227930854265778	0.0763356261809606	insect	western_honey_bee	0.005530417295123178	0.3006573337455844	0.0047732407760756445	0.31127245811620224	minhash_only_router	leave_species_out	0.3166666757464127	0.1641570980549778	0.2132300654789862	True
calib_anchor	cross_supervised_4096	maize	0.9629892479990332	cross	plant	nan	nan	nan	cross_supervised_to_plant_fine	0.095466	0.095627	0.982637	173317530	1780954681	0.46090576171875	1500.0	3.1760912590556813	0	2182075994	685	308452471	226353449	5	0.0	0.477492	1000000	9.338869871458623	2.835690571492425	8.354787116327433	8.489188253709083	0.1047342415691722	0.0352286667600957	cross	maize	1.0	0.0	0.12794917164912717	0.3677349264449531	minhash_only_router	leave_species_out	0.8682288189442187	0.11664975016887873	0.09476042905481452	True
calib_anchor	plant_supervised_4096	maize	0.9619894139220538	plant	plant	nan	nan	nan	plant_supervised_to_plant_fine	0.095466	0.095627	0.982637	173317530	1780954681	0.46090576171875	1500.0	3.1760912590556813	1	2182075994	685	308452471	226353449	5	0.0	0.477492	1000000	9.338869871458623	2.835690571492425	8.354787116327433	8.489188253709083	0.0750299551353519	0.0155648060873412	plant	maize	1.0	0.0	0.2033138841501831	0.25625584586893513	minhash_only_router	leave_species_out	0.7935504527204066	0.10474618430722853	0.16843896120164725	True
calib_anchor	TFREPAIR_invert_boost_animal_4096_seed42	maize	0.9051649037911726	animal	plant	nan	nan	nan	animal_invert_boost_to_plant_fine	0.095466	0.095627	0.982637	173317530	1780954681	0.46090576171875	1500.0	3.1760912590556813	0	2182075994	685	308452471	226353449	5	0.0	0.477492	1000000	9.338869871458623	2.835690571492425	8.354787116327433	8.489188253709083	0.1273374287069573	0.0533723910378969	animal	western_honey_bee	0.005025125628140704	0.3070113457325394	0.0032634115604239684	0.4379740052416496	minhash_only_router	leave_species_out	0.8042380528714552	0.11244528702942981	0.10092685091971743	True
calib_anchor	insect_no_beetle_4096	maize	0.8258861241547802	insect	plant	nan	nan	nan	insect_no_beetle_to_plant_fine	0.095466	0.095627	0.982637	173317530	1780954681	0.46090576171875	1500.0	3.1760912590556813	0	2182075994	685	308452471	226353449	5	0.0	0.477492	1000000	9.338869871458623	2.835690571492425	8.354787116327433	8.489188253709083	0.1559084305251094	0.0702371900678909	insect	western_honey_bee	0.005025125628140704	0.3070113457325394	0.004142861284097942	0.3213707762689546	minhash_only_router	leave_species_out	0.5265078969502381	0.1715091644969081	0.2993782272045421	True
final_errorbar	ntv3_100m_pre_w2048	maize	0.6762307311381123	human_h0_ntv3_100m	plant	plant_fine	3.0	0.0224912037604054	nan	0.095466	0.095627	0.982637	173317530	1780954681	0.46090576171875	1500.0	3.1760912590556813	0	2182075994	685	308452471	226353449	5	0.0	0.477492	1000000	9.338869871458623	2.835690571492425	8.354787116327433	8.489188253709083	0.2040939811147172	0.106620240001949	human_h0_ntv3_100m	human	0.004016064257028112	0.3218875824868201	0.004016064257028112	0.3218875824868201	minhash_only_router	leave_species_out	0.19013145566205472	0.10741666064494657	0.4860992754760576	True
final_errorbar	ntv2_250m_w4096	maize	0.2409539973278451	human_h0_ntv2_250m	plant	plant_fine	3.0	0.0067936566735462	nan	0.095466	0.095627	0.982637	173317530	1780954681	0.46090576171875	1500.0	3.1760912590556813	0	2182075994	685	308452471	226353449	5	0.0	0.477492	1000000	9.338869871458623	2.835690571492425	8.354787116327433	8.489188253709083	0.2040939811147172	0.106620240001949	human_h0_ntv2_250m	human	0.004016064257028112	0.3218875824868201	0.004016064257028112	0.3218875824868201	minhash_only_router	leave_species_out	0.15696359218918876	0.09427089496100274	0.08399040513865633	True
supp_h0_transfer	ntv2_500m_H0_w4096	maize	0.2346799513542635	human_h0_ntv2_500m	plant	nan	nan	nan	transfer_BC_w4096	0.095466	0.095627	0.982637	173317530	1780954681	0.46090576171875	1500.0	3.1760912590556813	0	2182075994	685	308452471	226353449	5	0.0	0.477492	1000000	9.338869871458623	2.835690571492425	8.354787116327433	8.489188253709083	0.2040939811147172	0.106620240001949	human_h0_ntv2_500m	human	0.004016064257028112	0.3218875824868201	0.004016064257028112	0.3218875824868201	minhash_only_router	leave_species_out	0.16212885762363344	0.10102383918158368	0.07255109373063007	True
supp_h0_transfer	ntv2_500m_H0_w4096	mouse	0.937559801228433	human_h0_ntv2_500m	vertebrate	nan	nan	nan	transfer_BC_w4096	0.892472	0.903571	0.986424	1012599366	1105449631	0.4245689865689865	90.0	1.9542425094393248	0	2728222451	61	195154279	130530862	9	0.7530864197530864	0.386286	1000000	9.435879778485567	1.7853298350107671	8.115713206016725	8.290378078167688	0.3013870747975756	0.1905529139271684	human_h0_ntv2_500m	human	0.0	1.0	0.0	1.0	minhash_only_router	leave_species_out	0.8095283232999891	0.11236600742364602	0.12803147792844383	True
final_errorbar	ntv2_250m_w4096	mouse	0.9180812946491188	human_h0_ntv2_250m	vertebrate	animal_fine	3.0	0.0328346949301695	nan	0.892472	0.903571	0.986424	1012599366	1105449631	0.4245689865689865	90.0	1.9542425094393248	0	2728222451	61	195154279	130530862	9	0.7530864197530864	0.386286	1000000	9.435879778485567	1.7853298350107671	8.115713206016725	8.290378078167688	0.3013870747975756	0.1905529139271684	human_h0_ntv2_250m	human	0.0	1.0	0.0	1.0	minhash_only_router	leave_species_out	0.8098573155145325	0.11255526630305421	0.10822397913458626	True
final_errorbar	ntv3_100m_pre_w2048	mouse	0.7771925460040144	human_h0_ntv3_100m	vertebrate	animal_fine	3.0	0.0909697815563608	nan	0.892472	0.903571	0.986424	1012599366	1105449631	0.4245689865689865	90.0	1.9542425094393248	0	2728222451	61	195154279	130530862	9	0.7530864197530864	0.386286	1000000	9.435879778485567	1.7853298350107671	8.115713206016725	8.290378078167688	0.3013870747975756	0.1905529139271684	human_h0_ntv3_100m	human	0.0	1.0	0.0	1.0	minhash_only_router	leave_species_out	0.8080652209971729	0.1157529068542915	0.03087267499315849	True
calib_anchor	TFREPAIR_invert_boost_animal_4096_seed42	opossum	0.8811419601553324	animal	vertebrate	nan	nan	nan	animal_invert_boost_to_cross_eval	0.387702	0.396173	0.947731	784870682	1877580601	nan	160.0	2.204119982655925	1	3605631728	11	748055161	527952102	3	0.0177926855021289	0.435701	1000000	9.556981366683372	1.041392685158225	8.72259452332798	8.873933623579223	0.1607102295887423	0.0512806903667795	animal	zebrafish	0.01035615054306643	0.25915535952251834	0.005919173183644179	0.4048484687282123	minhash_only_router	leave_species_out	0.5117799444001269	0.17817417030075786	0.36936201575520555	True
calib_anchor	cross_supervised_4096	opossum	0.8799647530707007	cross	vertebrate	nan	nan	nan	cross_supervised_to_cross_eval	0.387702	0.396173	0.947731	784870682	1877580601	nan	160.0	2.204119982655925	0	3605631728	11	748055161	527952102	3	0.0177926855021289	0.435701	1000000	9.556981366683372	1.041392685158225	8.72259452332798	8.873933623579223	0.1586751820351534	0.0461873669021071	cross	zebrafish	0.01035615054306643	0.25915535952251834	0.005758870302232056	0.3796592720350531	minhash_only_router	leave_species_out	0.5418183573770501	0.19274139489677625	0.33814639569365057	True
calib_anchor	insect_no_beetle_4096	opossum	0.3505344111723824	insect	vertebrate	nan	nan	nan	insect_no_beetle_to_cross_eval	0.387702	0.396173	0.947731	784870682	1877580601	nan	160.0	2.204119982655925	0	3605631728	11	748055161	527952102	3	0.0177926855021289	0.435701	1000000	9.556981366683372	1.041392685158225	8.72259452332798	8.873933623579223	0.2442594329957188	0.1031924297457334	insect	western_honey_bee	0.006795872136924239	0.28700437290251685	0.006289562922874994	0.2923491279050229	minhash_only_router	leave_species_out	0.42415822865997344	0.2064722682240173	0.07362381748759106	True
calib_anchor	plant_supervised_4096	opossum	0.3131202191971405	plant	vertebrate	nan	nan	nan	plant_supervised_to_cross_eval	0.387702	0.396173	0.947731	784870682	1877580601	nan	160.0	2.204119982655925	0	3605631728	11	748055161	527952102	3	0.0177926855021289	0.435701	1000000	9.556981366683372	1.041392685158225	8.72259452332798	8.873933623579223	0.1664911752100362	0.0432563267938208	plant	rice	0.006542526421741319	0.28952039476804003	0.005733093291372909	0.2987077906933562	minhash_only_router	leave_species_out	0.5926824506035149	0.2114432057697536	0.2795622314063744	True
calib_anchor	TFREPAIR_invert_boost_animal_4096_seed42	pig	0.8761131743803473	animal	vertebrate	nan	nan	nan	animal_invert_boost_to_cross_eval	0.582164	0.594998	0.964273	664295117	1076577590	nan	96.0	1.9822712330395684	1	274330532	1	274330532	274330532	1	0.0	0.530948	1000000	8.438274145705899	0.0	8.438274145705899	8.438274145705899	0.2077955972696367	0.1201355226055826	animal	chicken	0.006036217303822937	0.2948565752796091	0.004062053480986848	0.42517651498805437	minhash_only_router	leave_species_out	0.7655919784773819	0.19703221817604896	0.11052119590296539	True
calib_anchor	cross_supervised_4096	pig	0.8761042913185231	cross	vertebrate	nan	nan	nan	cross_supervised_to_cross_eval	0.582164	0.594998	0.964273	664295117	1076577590	nan	96.0	1.9822712330395684	0	274330532	1	274330532	274330532	1	0.0	0.530948	1000000	8.438274145705899	0.0	8.438274145705899	8.438274145705899	0.2098828548461344	0.1185655744818539	cross	zebrafish	0.0057832537088257484	0.29769388290752885	0.003452096599401688	0.41023971230813205	minhash_only_router	leave_species_out	0.8280590539612774	0.15202654065990487	0.04804523735724564	True
calib_anchor	insect_no_beetle_4096	pig	0.1493562637371058	insect	vertebrate	nan	nan	nan	insect_no_beetle_to_cross_eval	0.582164	0.594998	0.964273	664295117	1076577590	nan	96.0	1.9822712330395684	0	274330532	1	274330532	274330532	1	0.0	0.530948	1000000	8.438274145705899	0.0	8.438274145705899	8.438274145705899	0.2607430443062736	0.1731967686892715	insect	fruit_fly	0.004016064257028112	0.3218875824868201	0.0038900898449506934	0.3240388665247391	minhash_only_router	leave_species_out	0.26223466685833263	0.18428003721968028	0.11287840312122682	True
calib_anchor	plant_supervised_4096	pig	0.0856805344147079	plant	vertebrate	nan	nan	nan	plant_supervised_to_cross_eval	0.582164	0.594998	0.964273	664295117	1076577590	nan	96.0	1.9822712330395684	0	274330532	1	274330532	274330532	1	0.0	0.530948	1000000	8.438274145705899	0.0	8.438274145705899	8.438274145705899	0.2025970561124229	0.105606010363931	plant	rice	0.004016064257028112	0.3218875824868201	0.0032107623454464725	0.33859434433918734	minhash_only_router	leave_species_out	0.43140240748494857	0.26494828220674815	0.34572187307024066	True
calib_anchor	insect_no_beetle_4096	red_flour_beetle	0.0059299524368398	insect	insect	nan	nan	nan	insect_no_beetle_to_cross_eval	0.027167	0.29354	0.029068	1816066	179836	nan	820.0	2.9138138523837167	1	199682416	2211	32080666	13894384	6	0.0	0.330472	1000000	8.300339822655378	3.344588742578714	7.142839297329219	7.506243375731907	0.182358478678621	0.080736532281517	insect	western_honey_bee	0.011122345803842264	0.25444752170825474	0.0085792815538326	0.27465204849393193	minhash_only_router	leave_species_out	0.08291998818157996	0.16526682275746654	0.07699003574474016	True
calib_anchor	insect_no_beetle_4096	red_flour_beetle	0.0059299524368398	insect	insect	nan	nan	nan	insect_no_beetle_to_stress_eval	0.027167	0.29354	0.029068	1816066	179836	nan	820.0	2.9138138523837167	1	199682416	2211	32080666	13894384	6	0.0	0.330472	1000000	8.300339822655378	3.344588742578714	7.142839297329219	7.506243375731907	0.182358478678621	0.080736532281517	insect	western_honey_bee	0.011122345803842264	0.25444752170825474	0.0085792815538326	0.27465204849393193	minhash_only_router	leave_species_out	0.08291998818157996	0.16526682275746654	0.07699003574474016	True
anchor_anchor	insect_no_beetle_4096	red_flour_beetle	0.0059299524368398	insect	insect	nan	nan	nan	insect_no_beetle_to_insect_stress	0.027167	0.29354	0.029068	1816066	179836	nan	820.0	2.9138138523837167	1	199682416	2211	32080666	13894384	6	0.0	0.330472	1000000	8.300339822655378	3.344588742578714	7.142839297329219	7.506243375731907	0.182358478678621	0.080736532281517	insect	western_honey_bee	0.011122345803842264	0.25444752170825474	0.0085792815538326	0.27465204849393193	minhash_only_router	leave_species_out	0.08291998818157996	0.16526682275746654	0.07699003574474016	True
anchor_anchor	insect_primary_4096	red_flour_beetle	0.0053634200258507	insect	insect	nan	nan	nan	insect_primary_to_insect_stress	0.027167	0.29354	0.029068	1816066	179836	nan	820.0	2.9138138523837167	1	199682416	2211	32080666	13894384	6	0.0	0.330472	1000000	8.300339822655378	3.344588742578714	7.142839297329219	7.506243375731907	0.182358478678621	0.080736532281517	insect	western_honey_bee	0.011122345803842264	0.25444752170825474	0.0085792815538326	0.27465204849393193	minhash_only_router	leave_species_out	0.08291998818157996	0.16526682275746654	0.07755656815572926	True
calib_anchor	TFREPAIR_invert_boost_animal_4096_seed42	red_flour_beetle	0.0044488885799382	animal	insect	nan	nan	nan	animal_invert_boost_to_cross_eval	0.027167	0.29354	0.029068	1816066	179836	nan	820.0	2.9138138523837167	1	199682416	2211	32080666	13894384	6	0.0	0.330472	1000000	8.300339822655378	3.344588742578714	7.142839297329219	7.506243375731907	0.1716680913935699	0.0724491888367001	animal	c_elegans	0.015486164001015486	0.23266857302458474	0.007584523885984587	0.39905819788413927	minhash_only_router	leave_species_out	0.20587125804263443	0.20610505990367875	0.20142236946269623	True
calib_anchor	TFREPAIR_invert_boost_animal_4096_seed42	red_flour_beetle	0.0044488885799382	animal	insect	nan	nan	nan	animal_invert_boost_to_stress_eval	0.027167	0.29354	0.029068	1816066	179836	nan	820.0	2.9138138523837167	1	199682416	2211	32080666	13894384	6	0.0	0.330472	1000000	8.300339822655378	3.344588742578714	7.142839297329219	7.506243375731907	0.1716680913935699	0.0724491888367001	animal	c_elegans	0.015486164001015486	0.23266857302458474	0.007584523885984587	0.39905819788413927	minhash_only_router	leave_species_out	0.20587125804263443	0.20610505990367875	0.20142236946269623	True
anchor_anchor	TFREPAIR_invert_boost_animal_4096_seed42	red_flour_beetle	0.0044488885799382	animal	insect	nan	nan	nan	animal_invert_boost_to_insect_stress	0.027167	0.29354	0.029068	1816066	179836	nan	820.0	2.9138138523837167	1	199682416	2211	32080666	13894384	6	0.0	0.330472	1000000	8.300339822655378	3.344588742578714	7.142839297329219	7.506243375731907	0.1716680913935699	0.0724491888367001	animal	c_elegans	0.015486164001015486	0.23266857302458474	0.007584523885984587	0.39905819788413927	minhash_only_router	leave_species_out	0.20587125804263443	0.20610505990367875	0.20142236946269623	True
calib_anchor	cross_supervised_4096	red_flour_beetle	0.0030871384254842	cross	insect	nan	nan	nan	cross_supervised_to_cross_eval	0.027167	0.29354	0.029068	1816066	179836	nan	820.0	2.9138138523837167	0	199682416	2211	32080666	13894384	6	0.0	0.330472	1000000	8.300339822655378	3.344588742578714	7.142839297329219	7.506243375731907	0.1770641784426884	0.0859070146414682	cross	c_elegans	0.015486164001015486	0.23266857302458474	0.007130218132851764	0.3701289443818736	minhash_only_router	leave_species_out	0.15507694480470424	0.20198600826965699	0.15198980637922005	True
calib_anchor	cross_supervised_4096	red_flour_beetle	0.0030871384254842	cross	insect	nan	nan	nan	cross_supervised_to_stress_eval	0.027167	0.29354	0.029068	1816066	179836	nan	820.0	2.9138138523837167	0	199682416	2211	32080666	13894384	6	0.0	0.330472	1000000	8.300339822655378	3.344588742578714	7.142839297329219	7.506243375731907	0.1770641784426884	0.0859070146414682	cross	c_elegans	0.015486164001015486	0.23266857302458474	0.007130218132851764	0.3701289443818736	minhash_only_router	leave_species_out	0.15507694480470424	0.20198600826965699	0.15198980637922005	True
anchor_anchor	cross_supervised_4096	red_flour_beetle	0.0030871384254842	cross	insect	nan	nan	nan	cross_supervised_to_insect_stress	0.027167	0.29354	0.029068	1816066	179836	nan	820.0	2.9138138523837167	0	199682416	2211	32080666	13894384	6	0.0	0.330472	1000000	8.300339822655378	3.344588742578714	7.142839297329219	7.506243375731907	0.1770641784426884	0.0859070146414682	cross	c_elegans	0.015486164001015486	0.23266857302458474	0.007130218132851764	0.3701289443818736	minhash_only_router	leave_species_out	0.15507694480470424	0.20198600826965699	0.15198980637922005	True
calib_anchor	plant_supervised_4096	red_flour_beetle	0.0023709296255628	plant	insect	nan	nan	nan	plant_supervised_to_cross_eval	0.027167	0.29354	0.029068	1816066	179836	nan	820.0	2.9138138523837167	0	199682416	2211	32080666	13894384	6	0.0	0.330472	1000000	8.300339822655378	3.344588742578714	7.142839297329219	7.506243375731907	0.2062665763937115	0.1299963863429378	plant	maize	0.007556675062972292	0.2799803385253285	0.006391817070366698	0.2922710840261587	minhash_only_router	leave_species_out	0.0762378771831793	0.15265918197429382	0.0738669475576165	True
calib_anchor	plant_supervised_4096	red_flour_beetle	0.0023709296255628	plant	insect	nan	nan	nan	plant_supervised_to_stress_eval	0.027167	0.29354	0.029068	1816066	179836	nan	820.0	2.9138138523837167	0	199682416	2211	32080666	13894384	6	0.0	0.330472	1000000	8.300339822655378	3.344588742578714	7.142839297329219	7.506243375731907	0.2062665763937115	0.1299963863429378	plant	maize	0.007556675062972292	0.2799803385253285	0.006391817070366698	0.2922710840261587	minhash_only_router	leave_species_out	0.0762378771831793	0.15265918197429382	0.0738669475576165	True
calib_anchor	direct_red_flour_beetle_4096	red_flour_beetle	0.0	other_anchor	insect	nan	nan	nan	direct_beetle_to_cross_eval	0.027167	0.29354	0.029068	1816066	179836	nan	820.0	2.9138138523837167	0	199682416	2211	32080666	13894384	6	0.0	0.330472	1000000	8.300339822655378	3.344588742578714	7.142839297329219	7.506243375731907	0.387481875883399	0.3795499300235393	other_anchor	human	0.0035122930255895636	0.3307896753284549	0.0035122930255895636	0.3307896753284549	minhash_only_router	leave_species_out	0.27754371956748963	0.24576298584886233	0.27754371956748963	True
calib_anchor	direct_red_flour_beetle_4096	red_flour_beetle	0.0	other_anchor	insect	nan	nan	nan	direct_beetle_to_stress_eval	0.027167	0.29354	0.029068	1816066	179836	nan	820.0	2.9138138523837167	0	199682416	2211	32080666	13894384	6	0.0	0.330472	1000000	8.300339822655378	3.344588742578714	7.142839297329219	7.506243375731907	0.387481875883399	0.3795499300235393	other_anchor	human	0.0035122930255895636	0.3307896753284549	0.0035122930255895636	0.3307896753284549	minhash_only_router	leave_species_out	0.27754371956748963	0.24576298584886233	0.27754371956748963	True
calib_anchor	direct_western_honey_bee_4096	red_flour_beetle	0.0	other_anchor	insect	nan	nan	nan	direct_honeybee_to_cross_eval	0.027167	0.29354	0.029068	1816066	179836	nan	820.0	2.9138138523837167	0	199682416	2211	32080666	13894384	6	0.0	0.330472	1000000	8.300339822655378	3.344588742578714	7.142839297329219	7.506243375731907	0.387481875883399	0.3795499300235393	other_anchor	human	0.0035122930255895636	0.3307896753284549	0.0035122930255895636	0.3307896753284549	minhash_only_router	leave_species_out	0.27754371956748963	0.24576298584886233	0.27754371956748963	True
calib_anchor	direct_western_honey_bee_4096	red_flour_beetle	0.0	other_anchor	insect	nan	nan	nan	direct_honeybee_to_stress_eval	0.027167	0.29354	0.029068	1816066	179836	nan	820.0	2.9138138523837167	0	199682416	2211	32080666	13894384	6	0.0	0.330472	1000000	8.300339822655378	3.344588742578714	7.142839297329219	7.506243375731907	0.387481875883399	0.3795499300235393	other_anchor	human	0.0035122930255895636	0.3307896753284549	0.0035122930255895636	0.3307896753284549	minhash_only_router	leave_species_out	0.27754371956748963	0.24576298584886233	0.27754371956748963	True
calib_anchor	direct_red_flour_beetle_4096	red_flour_beetle	0.0	other_anchor	insect	nan	nan	nan	direct_beetle_own_holdout	0.027167	0.29354	0.029068	1816066	179836	nan	820.0	2.9138138523837167	0	199682416	2211	32080666	13894384	6	0.0	0.330472	1000000	8.300339822655378	3.344588742578714	7.142839297329219	7.506243375731907	0.387481875883399	0.3795499300235393	other_anchor	human	0.0035122930255895636	0.3307896753284549	0.0035122930255895636	0.3307896753284549	minhash_only_router	leave_species_out	0.27754371956748963	0.24576298584886233	0.27754371956748963	True
calib_anchor	cross_supervised_4096	rice	0.8757886614942711	cross	plant	nan	nan	nan	cross_supervised_to_plant_fine	0.042709	0.042814	0.945597	6804792	150290274	0.4367724609375	1500.0	3.1760912590556813	0	375049285	63	43270923	29958434	6	0.0009990009990009	0.440543	1000000	8.574088341853379	1.7993405494535817	7.476519107994928	7.636196159112094	0.0509643028428826	0.0089788460254062	cross	rice	1.0	0.0	0.12975073397671608	0.3457527198120651	minhash_only_router	leave_species_out	0.8837753294425208	0.07953368064292766	0.007986667948249648	True
calib_anchor	plant_supervised_4096	rice	0.8707687905287769	plant	plant	nan	nan	nan	plant_supervised_to_plant_fine	0.042709	0.042814	0.945597	6804792	150290274	0.4367724609375	1500.0	3.1760912590556813	1	375049285	63	43270923	29958434	6	0.0009990009990009	0.440543	1000000	8.574088341853379	1.7993405494535817	7.476519107994928	7.636196159112094	0.0266445732235012	0.0019077973482301	plant	rice	1.0	0.0	0.20493186326624202	0.23656122869633292	minhash_only_router	leave_species_out	0.8212473556227919	0.08392396906654896	0.04952143490598493	True
calib_anchor	TFREPAIR_invert_boost_animal_4096_seed42	rice	0.7436754544113025	animal	plant	nan	nan	nan	animal_invert_boost_to_plant_fine	0.042709	0.042814	0.945597	6804792	150290274	0.4367724609375	1500.0	3.1760912590556813	0	375049285	63	43270923	29958434	6	0.0009990009990009	0.440543	1000000	8.574088341853379	1.7993405494535817	7.476519107994928	7.636196159112094	0.0884855408342787	0.024015940484199	animal	western_honey_bee	0.008827238335435058	0.26970362653684454	0.005414294543385888	0.4127043451398356	minhash_only_router	leave_species_out	0.6355038727287033	0.1862448698269833	0.1081715816825991	True
calib_anchor	insect_no_beetle_4096	rice	0.6461381376419327	insect	plant	nan	nan	nan	insect_no_beetle_to_plant_fine	0.042709	0.042814	0.945597	6804792	150290274	0.4367724609375	1500.0	3.1760912590556813	0	375049285	63	43270923	29958434	6	0.0009990009990009	0.440543	1000000	8.574088341853379	1.7993405494535817	7.476519107994928	7.636196159112094	0.1297892289697576	0.0416255932528221	insect	western_honey_bee	0.008827238335435058	0.26970362653684454	0.00667378993617559	0.2918695033232862	minhash_only_router	leave_species_out	0.3463083255689838	0.1324983131613386	0.29982981207294895	True
final_errorbar	ntv3_100m_pre_w2048	rice	0.4280118170164783	human_h0_ntv3_100m	plant	plant_fine	3.0	0.0089135891045139	nan	0.042709	0.042814	0.945597	6804792	150290274	0.4367724609375	1500.0	3.1760912590556813	0	375049285	63	43270923	29958434	6	0.0009990009990009	0.440543	1000000	8.574088341853379	1.7993405494535817	7.476519107994928	7.636196159112094	0.2387362365796297	0.1495374763496936	human_h0_ntv3_100m	human	0.004016064257028112	0.3218875824868201	0.004016064257028112	0.3218875824868201	minhash_only_router	leave_species_out	0.2849327098653806	0.1380798191874729	0.14307910715109767	True
final_errorbar	ntv2_250m_w4096	rice	0.1180575922330197	human_h0_ntv2_250m	plant	plant_fine	3.0	0.0082940112619889	nan	0.042709	0.042814	0.945597	6804792	150290274	0.4367724609375	1500.0	3.1760912590556813	0	375049285	63	43270923	29958434	6	0.0009990009990009	0.440543	1000000	8.574088341853379	1.7993405494535817	7.476519107994928	7.636196159112094	0.2387362365796297	0.1495374763496936	human_h0_ntv2_250m	human	0.004016064257028112	0.3218875824868201	0.004016064257028112	0.3218875824868201	minhash_only_router	leave_species_out	0.2221294968440168	0.11754618043247451	0.1040719046109971	True
supp_h0_transfer	ntv2_500m_H0_w4096	rice	0.115519977917328	human_h0_ntv2_500m	plant	nan	nan	nan	transfer_BC_w4096	0.042709	0.042814	0.945597	6804792	150290274	0.4367724609375	1500.0	3.1760912590556813	0	375049285	63	43270923	29958434	6	0.0009990009990009	0.440543	1000000	8.574088341853379	1.7993405494535817	7.476519107994928	7.636196159112094	0.2387362365796297	0.1495374763496936	human_h0_ntv2_500m	human	0.004016064257028112	0.3218875824868201	0.004016064257028112	0.3218875824868201	minhash_only_router	leave_species_out	0.23284770516006037	0.12921767908307874	0.11732772724273237	True
calib_anchor	cross_supervised_4096	sorghum	0.9154621597006132	cross	plant	nan	nan	nan	cross_supervised_to_plant_fine	0.057919	0.05798	0.982235	24648380	417568699	0.43649658203125	1500.0	3.1760912590556813	0	709344700	869	80884392	68658214	5	0.0	0.442729	1000000	8.85085732817176	2.9390197764486663	7.836692501973025	7.907864725292852	0.0537853232039029	0.0104612611262495	cross	sorghum	1.0	0.0	0.13054480664342852	0.339168602296494	minhash_only_router	leave_species_out	0.8727868978492335	0.08115150920396036	0.04267526185137971	True
calib_anchor	plant_supervised_4096	sorghum	0.9087078620701828	plant	plant	nan	nan	nan	plant_supervised_to_plant_fine	0.057919	0.05798	0.982235	24648380	417568699	0.43649658203125	1500.0	3.1760912590556813	1	709344700	869	80884392	68658214	5	0.0	0.442729	1000000	8.85085732817176	2.9390197764486663	7.836692501973025	7.907864725292852	0.0273914249208693	0.0019576048399221	plant	sorghum	1.0	0.0	0.20533854626250186	0.23331293426089625	minhash_only_router	leave_species_out	0.8295300819324454	0.07107448157097054	0.07917778013773746	True
calib_anchor	TFREPAIR_invert_boost_animal_4096_seed42	sorghum	0.8370785739861111	animal	plant	nan	nan	nan	animal_invert_boost_to_plant_fine	0.057919	0.05798	0.982235	24648380	417568699	0.43649658203125	1500.0	3.1760912590556813	0	709344700	869	80884392	68658214	5	0.0	0.442729	1000000	8.85085732817176	2.9390197764486663	7.836692501973025	7.907864725292852	0.0942512747889714	0.0278449023844741	animal	c_elegans	0.009845998485231003	0.26248938756082907	0.0057520796300652354	0.4081500510093965	minhash_only_router	leave_species_out	0.6416030006334783	0.16261385101771603	0.19547557335263277	True
calib_anchor	insect_no_beetle_4096	sorghum	0.7395318366775196	insect	plant	nan	nan	nan	insect_no_beetle_to_plant_fine	0.057919	0.05798	0.982235	24648380	417568699	0.43649658203125	1500.0	3.1760912590556813	0	709344700	869	80884392	68658214	5	0.0	0.442729	1000000	8.85085732817176	2.9390197764486663	7.836692501973025	7.907864725292852	0.1395994473150001	0.0492361155990339	insect	western_honey_bee	0.006289308176100629	0.29213510897825873	0.005530989179735821	0.3012830038349841	minhash_only_router	leave_species_out	0.5268088373717672	0.22162329941034573	0.21272299930575245	True
final_errorbar	ntv3_100m_pre_w2048	sorghum	0.4747462171975484	human_h0_ntv3_100m	plant	plant_fine	3.0	0.0156681636990695	nan	0.057919	0.05798	0.982235	24648380	417568699	0.43649658203125	1500.0	3.1760912590556813	0	709344700	869	80884392	68658214	5	0.0	0.442729	1000000	8.85085732817176	2.9390197764486663	7.836692501973025	7.907864725292852	0.2366280772731148	0.1465793330978378	human_h0_ntv3_100m	human	0.005025125628140704	0.3070113457325394	0.005025125628140704	0.3070113457325394	minhash_only_router	leave_species_out	0.44707401545103287	0.22070296086830193	0.027672201746515523	True
supp_h0_transfer	ntv2_500m_H0_w4096	sorghum	0.1793904911276665	human_h0_ntv2_500m	plant	nan	nan	nan	transfer_BC_w4096	0.057919	0.05798	0.982235	24648380	417568699	0.43649658203125	1500.0	3.1760912590556813	0	709344700	869	80884392	68658214	5	0.0	0.442729	1000000	8.85085732817176	2.9390197764486663	7.836692501973025	7.907864725292852	0.2366280772731148	0.1465793330978378	human_h0_ntv2_500m	human	0.005025125628140704	0.3070113457325394	0.005025125628140704	0.3070113457325394	minhash_only_router	leave_species_out	0.4172956652931105	0.23994816919330098	0.23790517416544402	True
final_errorbar	ntv2_250m_w4096	sorghum	0.1551588113564608	human_h0_ntv2_250m	plant	plant_fine	3.0	0.0342168256944894	nan	0.057919	0.05798	0.982235	24648380	417568699	0.43649658203125	1500.0	3.1760912590556813	0	709344700	869	80884392	68658214	5	0.0	0.442729	1000000	8.85085732817176	2.9390197764486663	7.836692501973025	7.907864725292852	0.2366280772731148	0.1465793330978378	human_h0_ntv2_250m	human	0.005025125628140704	0.3070113457325394	0.005025125628140704	0.3070113457325394	minhash_only_router	leave_species_out	0.4107200359177594	0.23939046649499426	0.2555612245612986	True
calib_anchor	TFREPAIR_invert_boost_animal_4096_seed42	soybean	0.5650860204945004	animal	plant	nan	nan	nan	animal_invert_boost_to_cross_eval	0.121572	0.122064	0.967888	51176368	405794558	nan	1550.0	3.1903316981702914	0	978491270	1190	58018742	48577505	10	0.0140867288186392	0.330132	1000000	8.990556955279926	3.0755469613925306	7.686435205146788	7.763568307914055	0.1721211082809056	0.0467496388777612	animal	c_elegans	0.015486164001015486	0.23266857302458474	0.008646221034963925	0.38898844540057326	minhash_only_router	leave_species_out	0.43214962867291074	0.23000677919555781	0.13293639182158967	True
calib_anchor	TFREPAIR_invert_boost_animal_4096_seed42	soybean	0.5650854892493286	animal	plant	nan	nan	nan	animal_invert_boost_to_plant_eval	0.121572	0.122064	0.967888	51176368	405794558	nan	1550.0	3.1903316981702914	0	978491270	1190	58018742	48577505	10	0.0140867288186392	0.330132	1000000	8.990556955279926	3.0755469613925306	7.686435205146788	7.763568307914055	0.1721211082809056	0.0467496388777612	animal	c_elegans	0.015486164001015486	0.23266857302458474	0.008646221034963925	0.38898844540057326	minhash_only_router	leave_species_out	0.43214962867291074	0.23000677919555781	0.13293586057641782	True
calib_anchor	insect_no_beetle_4096	soybean	0.4867824461937038	insect	plant	nan	nan	nan	insect_no_beetle_to_cross_eval	0.121572	0.122064	0.967888	51176368	405794558	nan	1550.0	3.1903316981702914	0	978491270	1190	58018742	48577505	10	0.0140867288186392	0.330132	1000000	8.990556955279926	3.0755469613925306	7.686435205146788	7.763568307914055	0.2213663352869438	0.0708915192575917	insect	western_honey_bee	0.014198782961460446	0.23837005125379554	0.010370654691600882	0.2639452230109178	minhash_only_router	leave_species_out	0.6826467200601373	0.23420858980154102	0.19586427386643346	True
calib_anchor	insect_no_beetle_4096	soybean	0.4867824461937038	insect	plant	nan	nan	nan	insect_no_beetle_to_plant_eval	0.121572	0.122064	0.967888	51176368	405794558	nan	1550.0	3.1903316981702914	0	978491270	1190	58018742	48577505	10	0.0140867288186392	0.330132	1000000	8.990556955279926	3.0755469613925306	7.686435205146788	7.763568307914055	0.2213663352869438	0.0708915192575917	insect	western_honey_bee	0.014198782961460446	0.23837005125379554	0.010370654691600882	0.2639452230109178	minhash_only_router	leave_species_out	0.6826467200601373	0.23420858980154102	0.19586427386643346	True
calib_anchor	cross_supervised_4096	soybean	0.4136761357660033	cross	plant	nan	nan	nan	cross_supervised_to_cross_eval	0.121572	0.122064	0.967888	51176368	405794558	nan	1550.0	3.1903316981702914	0	978491270	1190	58018742	48577505	10	0.0140867288186392	0.330132	1000000	8.990556955279926	3.0755469613925306	7.686435205146788	7.763568307914055	0.1689640981121739	0.0484850139947763	cross	c_elegans	0.015486164001015486	0.23266857302458474	0.007956602986319066	0.36343110874852025	minhash_only_router	leave_species_out	0.4556435788783467	0.23734934584611408	0.041967443112343406	True
calib_anchor	cross_supervised_4096	soybean	0.4136761357660033	cross	plant	nan	nan	nan	cross_supervised_to_plant_eval	0.121572	0.122064	0.967888	51176368	405794558	nan	1550.0	3.1903316981702914	0	978491270	1190	58018742	48577505	10	0.0140867288186392	0.330132	1000000	8.990556955279926	3.0755469613925306	7.686435205146788	7.763568307914055	0.1689640981121739	0.0484850139947763	cross	c_elegans	0.015486164001015486	0.23266857302458474	0.007956602986319066	0.36343110874852025	minhash_only_router	leave_species_out	0.4556435788783467	0.23734934584611408	0.041967443112343406	True
calib_anchor	plant_supervised_4096	soybean	0.4115535505913839	plant	plant	nan	nan	nan	plant_supervised_to_cross_eval	0.121572	0.122064	0.967888	51176368	405794558	nan	1550.0	3.1903316981702914	1	978491270	1190	58018742	48577505	10	0.0140867288186392	0.330132	1000000	8.990556955279926	3.0755469613925306	7.686435205146788	7.763568307914055	0.1946953499497931	0.0763255186024801	plant	thale_cress	0.014198782961460446	0.23837005125379554	0.008837825572143599	0.27442917651582677	minhash_only_router	leave_species_out	0.38186082098479296	0.21160938233626922	0.029692729606590917	True
calib_anchor	plant_supervised_4096	soybean	0.4115535505913839	plant	plant	nan	nan	nan	plant_supervised_to_plant_eval	0.121572	0.122064	0.967888	51176368	405794558	nan	1550.0	3.1903316981702914	1	978491270	1190	58018742	48577505	10	0.0140867288186392	0.330132	1000000	8.990556955279926	3.0755469613925306	7.686435205146788	7.763568307914055	0.1946953499497931	0.0763255186024801	plant	thale_cress	0.014198782961460446	0.23837005125379554	0.008837825572143599	0.27442917651582677	minhash_only_router	leave_species_out	0.38186082098479296	0.21160938233626922	0.029692729606590917	True
calib_anchor	plant_supervised_4096	teosinte	0.9308197551982428	plant	plant	nan	nan	nan	plant_supervised_to_cross_eval	0.086856	0.088019	0.868021	259955621	2563626352	nan	1500.0	3.1760912590556813	1	3290921811	8365	294039681	175094470	8	0.0	0.438516	1000000	9.517317564015846	3.922465945298413	8.243272429998866	8.468405942917126	0.2100077500333409	0.103231294898657	plant	maize	0.11950741673663588	0.10294122975423052	0.026661584705627107	0.288035154362955	minhash_only_router	leave_species_out	0.7052158989272717	0.19580940796257218	0.22560385627097113	True
calib_anchor	plant_supervised_4096	teosinte	0.9308197551982428	plant	plant	nan	nan	nan	plant_supervised_to_plant_eval	0.086856	0.088019	0.868021	259955621	2563626352	nan	1500.0	3.1760912590556813	1	3290921811	8365	294039681	175094470	8	0.0	0.438516	1000000	9.517317564015846	3.922465945298413	8.243272429998866	8.468405942917126	0.2100077500333409	0.103231294898657	plant	maize	0.11950741673663588	0.10294122975423052	0.026661584705627107	0.288035154362955	minhash_only_router	leave_species_out	0.7052158989272717	0.19580940796257218	0.22560385627097113	True
calib_anchor	cross_supervised_4096	teosinte	0.9299634062638152	cross	plant	nan	nan	nan	cross_supervised_to_cross_eval	0.086856	0.088019	0.868021	259955621	2563626352	nan	1500.0	3.1760912590556813	0	3290921811	8365	294039681	175094470	8	0.0	0.438516	1000000	9.517317564015846	3.922465945298413	8.243272429998866	8.468405942917126	0.2120411295082017	0.1047709646574465	cross	maize	0.11950741673663588	0.10294122975423052	0.017635981476163853	0.38584098565941843	minhash_only_router	leave_species_out	0.742024766639854	0.19682837339892117	0.1879386396239613	True
calib_anchor	cross_supervised_4096	teosinte	0.9299634062638152	cross	plant	nan	nan	nan	cross_supervised_to_plant_eval	0.086856	0.088019	0.868021	259955621	2563626352	nan	1500.0	3.1760912590556813	0	3290921811	8365	294039681	175094470	8	0.0	0.438516	1000000	9.517317564015846	3.922465945298413	8.243272429998866	8.468405942917126	0.2120411295082017	0.1047709646574465	cross	maize	0.11950741673663588	0.10294122975423052	0.017635981476163853	0.38584098565941843	minhash_only_router	leave_species_out	0.742024766639854	0.19682837339892117	0.1879386396239613	True
calib_anchor	TFREPAIR_invert_boost_animal_4096_seed42	teosinte	0.8886845637016639	animal	plant	nan	nan	nan	animal_invert_boost_to_cross_eval	0.086856	0.088019	0.868021	259955621	2563626352	nan	1500.0	3.1760912590556813	0	3290921811	8365	294039681	175094470	8	0.0	0.438516	1000000	9.517317564015846	3.922465945298413	8.243272429998866	8.468405942917126	0.2168178063542519	0.1112460410900726	animal	western_honey_bee	0.005025125628140704	0.3070113457325394	0.0026768548044381144	0.4546859763169415	minhash_only_router	leave_species_out	0.8107707235735987	0.11780051438577238	0.07791384012806524	True
calib_anchor	TFREPAIR_invert_boost_animal_4096_seed42	teosinte	0.8886845637016639	animal	plant	nan	nan	nan	animal_invert_boost_to_plant_eval	0.086856	0.088019	0.868021	259955621	2563626352	nan	1500.0	3.1760912590556813	0	3290921811	8365	294039681	175094470	8	0.0	0.438516	1000000	9.517317564015846	3.922465945298413	8.243272429998866	8.468405942917126	0.2168178063542519	0.1112460410900726	animal	western_honey_bee	0.005025125628140704	0.3070113457325394	0.0026768548044381144	0.4546859763169415	minhash_only_router	leave_species_out	0.8107707235735987	0.11780051438577238	0.07791384012806524	True
calib_anchor	insect_no_beetle_4096	teosinte	0.7928110204987012	insect	plant	nan	nan	nan	insect_no_beetle_to_cross_eval	0.086856	0.088019	0.868021	259955621	2563626352	nan	1500.0	3.1760912590556813	0	3290921811	8365	294039681	175094470	8	0.0	0.438516	1000000	9.517317564015846	3.922465945298413	8.243272429998866	8.468405942917126	0.24756711504357	0.1387104209292143	insect	western_honey_bee	0.005025125628140704	0.3070113457325394	0.004142861284097942	0.3213707762689546	minhash_only_router	leave_species_out	0.3998576079231146	0.15801433007091245	0.39295341257558664	True
calib_anchor	insect_no_beetle_4096	teosinte	0.7928110204987012	insect	plant	nan	nan	nan	insect_no_beetle_to_plant_eval	0.086856	0.088019	0.868021	259955621	2563626352	nan	1500.0	3.1760912590556813	0	3290921811	8365	294039681	175094470	8	0.0	0.438516	1000000	9.517317564015846	3.922465945298413	8.243272429998866	8.468405942917126	0.24756711504357	0.1387104209292143	insect	western_honey_bee	0.005025125628140704	0.3070113457325394	0.004142861284097942	0.3213707762689546	minhash_only_router	leave_species_out	0.3998576079231146	0.15801433007091245	0.39295341257558664	True
calib_anchor	cross_supervised_4096	thale_cress	0.7121875392581978	cross	plant	nan	nan	nan	cross_supervised_to_plant_fine	0.043011	0.043145	0.932855	1297325	28049979	0.37922119140625	1550.0	3.1903316981702914	0	119667750	7	30427671	23459830	3	0.0	0.372445	1000000	8.077977125476142	0.8450980400142568	7.370324860706645	7.48326871178776	0.1110569059282151	0.0213077580291249	cross	zebrafish	0.009591115598182737	0.26422108665437977	0.006171162289570814	0.3760555391738481	minhash_only_router	leave_species_out	0.5154046439148716	0.17938627332782797	0.19678289534332616	True
calib_anchor	plant_supervised_4096	thale_cress	0.6974776069597389	plant	plant	nan	nan	nan	plant_supervised_to_plant_fine	0.043011	0.043145	0.932855	1297325	28049979	0.37922119140625	1550.0	3.1903316981702914	1	119667750	7	30427671	23459830	3	0.0	0.372445	1000000	8.077977125476142	0.8450980400142568	7.370324860706645	7.48326871178776	0.1249666485378415	0.0307960258984802	plant	thale_cress	1.0	0.0	0.2046275443404551	0.23908445535817996	minhash_only_router	leave_species_out	0.8678124703259928	0.06466438574230905	0.17033486336625392	True
calib_anchor	TFREPAIR_invert_boost_animal_4096_seed42	thale_cress	0.2079073653834738	animal	plant	nan	nan	nan	animal_invert_boost_to_plant_fine	0.043011	0.043145	0.932855	1297325	28049979	0.37922119140625	1550.0	3.1903316981702914	0	119667750	7	30427671	23459830	3	0.0	0.372445	1000000	8.077977125476142	0.8450980400142568	7.370324860706645	7.48326871178776	0.1234742428456467	0.0279292546598651	animal	western_honey_bee	0.01035615054306643	0.25915535952251834	0.0066413873495687606	0.4013179338212955	minhash_only_router	leave_species_out	0.6177800281427893	0.15966661641347651	0.40987266275931555	True
calib_anchor	insect_no_beetle_4096	thale_cress	0.1382559591838703	insect	plant	nan	nan	nan	insect_no_beetle_to_plant_fine	0.043011	0.043145	0.932855	1297325	28049979	0.37922119140625	1550.0	3.1903316981702914	0	119667750	7	30427671	23459830	3	0.0	0.372445	1000000	8.077977125476142	0.8450980400142568	7.370324860706645	7.48326871178776	0.1564172368424756	0.0430840989911306	insect	western_honey_bee	0.01035615054306643	0.25915535952251834	0.008702747980495954	0.2718676114068218	minhash_only_router	leave_species_out	0.5120147859567483	0.09896868545088677	0.37375882677287803	True
final_errorbar	ntv3_100m_pre_w2048	thale_cress	0.1299511497000876	human_h0_ntv3_100m	plant	plant_fine	3.0	0.0173026332429277	nan	0.043011	0.043145	0.932855	1297325	28049979	0.37922119140625	1550.0	3.1903316981702914	0	119667750	7	30427671	23459830	3	0.0	0.372445	1000000	8.077977125476142	0.8450980400142568	7.370324860706645	7.48326871178776	0.3352596901322179	0.268016439460078	human_h0_ntv3_100m	human	0.004016064257028112	0.3218875824868201	0.004016064257028112	0.3218875824868201	minhash_only_router	leave_species_out	0.3788692801381166	0.12558021799821942	0.24891813043802902	True
final_errorbar	ntv2_250m_w4096	thale_cress	0.059250325526733	human_h0_ntv2_250m	plant	plant_fine	3.0	0.0279221757123653	nan	0.043011	0.043145	0.932855	1297325	28049979	0.37922119140625	1550.0	3.1903316981702914	0	119667750	7	30427671	23459830	3	0.0	0.372445	1000000	8.077977125476142	0.8450980400142568	7.370324860706645	7.48326871178776	0.3352596901322179	0.268016439460078	human_h0_ntv2_250m	human	0.004016064257028112	0.3218875824868201	0.004016064257028112	0.3218875824868201	minhash_only_router	leave_species_out	0.27828620974525436	0.12351158668524796	0.21903588421852138	True
supp_h0_transfer	ntv2_500m_H0_w4096	thale_cress	0.0350888069185704	human_h0_ntv2_500m	plant	nan	nan	nan	transfer_BC_w4096	0.043011	0.043145	0.932855	1297325	28049979	0.37922119140625	1550.0	3.1903316981702914	0	119667750	7	30427671	23459830	3	0.0	0.372445	1000000	8.077977125476142	0.8450980400142568	7.370324860706645	7.48326871178776	0.3352596901322179	0.268016439460078	human_h0_ntv2_500m	human	0.004016064257028112	0.3218875824868201	0.004016064257028112	0.3218875824868201	minhash_only_router	leave_species_out	0.28884210266359733	0.13097676379964254	0.2537532957450269	True
supp_h0_transfer	ntv2_500m_H0_w4096	western_clawed_frog	0.7676709570719781	human_h0_ntv2_500m	vertebrate	nan	nan	nan	transfer_BC_w4096	0.000179	0.000179	0.967076	84407	455592780	0.5371810538664581	360.0	2.556302500767288	0	1451301209	167	217471166	153961319	5	0.0029910269192422	0.505897	1000000	9.16175755704896	2.2227164711475837	8.18741162307706	8.337401683004607	0.1957973399316009	0.0911435831684164	human_h0_ntv2_500m	human	0.002506265664160401	0.35322115776986907	0.002506265664160401	0.35322115776986907	minhash_only_router	leave_species_out	0.5000953761394697	0.19035256148768043	0.26757558093250833	True
final_errorbar	ntv2_250m_w4096	western_clawed_frog	0.6476854010493278	human_h0_ntv2_250m	vertebrate	animal_fine	3.0	0.0436579387818896	nan	0.000179	0.000179	0.967076	84407	455592780	0.5371810538664581	360.0	2.556302500767288	0	1451301209	167	217471166	153961319	5	0.0029910269192422	0.505897	1000000	9.16175755704896	2.2227164711475837	8.18741162307706	8.337401683004607	0.1957973399316009	0.0911435831684164	human_h0_ntv2_250m	human	0.002506265664160401	0.35322115776986907	0.002506265664160401	0.35322115776986907	minhash_only_router	leave_species_out	0.4910439252396033	0.1914815717764496	0.15664147580972454	True
final_errorbar	ntv3_100m_pre_w2048	western_clawed_frog	0.5191597065847986	human_h0_ntv3_100m	vertebrate	animal_fine	3.0	0.0896323044666213	nan	0.000179	0.000179	0.967076	84407	455592780	0.5371810538664581	360.0	2.556302500767288	0	1451301209	167	217471166	153961319	5	0.0029910269192422	0.505897	1000000	9.16175755704896	2.2227164711475837	8.18741162307706	8.337401683004607	0.1957973399316009	0.0911435831684164	human_h0_ntv3_100m	human	0.002506265664160401	0.35322115776986907	0.002506265664160401	0.35322115776986907	minhash_only_router	leave_species_out	0.5157483259632937	0.16184399837475041	0.0034113806215049225	True
anchor_anchor	insect_primary_4096	western_honey_bee	0.946524064171123	insect	insect	nan	nan	nan	insect_primary_to_insect_stress	0.020425	0.982865	0.020432	4337232	90164	nan	820.0	2.9138138523837167	1	51457486	3	25433307	14233499	2	0.0388635522641971	0.404665	1000000	7.71144856455995	0.4771212547196624	7.15331167517893	7.405402833572285	0.1030895049884773	0.0198094430108711	insect	western_honey_bee	1.0	0.0	0.5045408678102926	0.13391278403619908	minhash_only_router	leave_species_out	0.8946185394837354	0.11830742403958622	0.05190552468738763	True
calib_anchor	insect_no_beetle_4096	western_honey_bee	0.7983193277310925	insect	insect	nan	nan	nan	insect_no_beetle_to_cross_eval	0.020425	0.982865	0.020432	4337232	90164	nan	820.0	2.9138138523837167	1	51457486	3	25433307	14233499	2	0.0388635522641971	0.404665	1000000	7.71144856455995	0.4771212547196624	7.15331167517893	7.405402833572285	0.1030895049884773	0.0198094430108711	insect	western_honey_bee	1.0	0.0	0.5045408678102926	0.13391278403619908	minhash_only_router	leave_species_out	0.8946185394837354	0.11830742403958622	0.09629921175264289	True
calib_anchor	insect_no_beetle_4096	western_honey_bee	0.7983193277310925	insect	insect	nan	nan	nan	insect_no_beetle_to_stress_eval	0.020425	0.982865	0.020432	4337232	90164	nan	820.0	2.9138138523837167	1	51457486	3	25433307	14233499	2	0.0388635522641971	0.404665	1000000	7.71144856455995	0.4771212547196624	7.15331167517893	7.405402833572285	0.1030895049884773	0.0198094430108711	insect	western_honey_bee	1.0	0.0	0.5045408678102926	0.13391278403619908	minhash_only_router	leave_species_out	0.8946185394837354	0.11830742403958622	0.09629921175264289	True
anchor_anchor	insect_no_beetle_4096	western_honey_bee	0.7983193277310925	insect	insect	nan	nan	nan	insect_no_beetle_to_insect_stress	0.020425	0.982865	0.020432	4337232	90164	nan	820.0	2.9138138523837167	1	51457486	3	25433307	14233499	2	0.0388635522641971	0.404665	1000000	7.71144856455995	0.4771212547196624	7.15331167517893	7.405402833572285	0.1030895049884773	0.0198094430108711	insect	western_honey_bee	1.0	0.0	0.5045408678102926	0.13391278403619908	minhash_only_router	leave_species_out	0.8946185394837354	0.11830742403958622	0.09629921175264289	True
calib_anchor	TFREPAIR_invert_boost_animal_4096_seed42	western_honey_bee	0.05217988328184	animal	insect	nan	nan	nan	animal_invert_boost_to_cross_eval	0.020425	0.982865	0.020432	4337232	90164	nan	820.0	2.9138138523837167	1	51457486	3	25433307	14233499	2	0.0388635522641971	0.404665	1000000	7.71144856455995	0.4771212547196624	7.15331167517893	7.405402833572285	0.1975547081920625	0.0743872976560842	animal	western_honey_bee	1.0	0.0	0.17281984150581312	0.3534184362242991	minhash_only_router	leave_species_out	0.9048466420154504	0.09978492705759874	0.8526667587336104	True
calib_anchor	TFREPAIR_invert_boost_animal_4096_seed42	western_honey_bee	0.05217988328184	animal	insect	nan	nan	nan	animal_invert_boost_to_stress_eval	0.020425	0.982865	0.020432	4337232	90164	nan	820.0	2.9138138523837167	1	51457486	3	25433307	14233499	2	0.0388635522641971	0.404665	1000000	7.71144856455995	0.4771212547196624	7.15331167517893	7.405402833572285	0.1975547081920625	0.0743872976560842	animal	western_honey_bee	1.0	0.0	0.17281984150581312	0.3534184362242991	minhash_only_router	leave_species_out	0.9048466420154504	0.09978492705759874	0.8526667587336104	True
anchor_anchor	TFREPAIR_invert_boost_animal_4096_seed42	western_honey_bee	0.05217988328184	animal	insect	nan	nan	nan	animal_invert_boost_to_insect_stress	0.020425	0.982865	0.020432	4337232	90164	nan	820.0	2.9138138523837167	1	51457486	3	25433307	14233499	2	0.0388635522641971	0.404665	1000000	7.71144856455995	0.4771212547196624	7.15331167517893	7.405402833572285	0.1975547081920625	0.0743872976560842	animal	western_honey_bee	1.0	0.0	0.17281984150581312	0.3534184362242991	minhash_only_router	leave_species_out	0.9048466420154504	0.09978492705759874	0.8526667587336104	True
calib_anchor	cross_supervised_4096	western_honey_bee	0.0052898014902451	cross	insect	nan	nan	nan	cross_supervised_to_cross_eval	0.020425	0.982865	0.020432	4337232	90164	nan	820.0	2.9138138523837167	0	51457486	3	25433307	14233499	2	0.0388635522641971	0.404665	1000000	7.71144856455995	0.4771212547196624	7.15331167517893	7.405402833572285	0.2119073798001238	0.0902008757309238	cross	c_elegans	0.014970819588936818	0.2348910010424242	0.007447289680201807	0.3674433006422611	minhash_only_router	leave_species_out	0.0585690719832822	0.11046157094032283	0.0532792704930371	True
calib_anchor	cross_supervised_4096	western_honey_bee	0.0052898014902451	cross	insect	nan	nan	nan	cross_supervised_to_stress_eval	0.020425	0.982865	0.020432	4337232	90164	nan	820.0	2.9138138523837167	0	51457486	3	25433307	14233499	2	0.0388635522641971	0.404665	1000000	7.71144856455995	0.4771212547196624	7.15331167517893	7.405402833572285	0.2119073798001238	0.0902008757309238	cross	c_elegans	0.014970819588936818	0.2348910010424242	0.007447289680201807	0.3674433006422611	minhash_only_router	leave_species_out	0.0585690719832822	0.11046157094032283	0.0532792704930371	True
anchor_anchor	cross_supervised_4096	western_honey_bee	0.0052898014902451	cross	insect	nan	nan	nan	cross_supervised_to_insect_stress	0.020425	0.982865	0.020432	4337232	90164	nan	820.0	2.9138138523837167	0	51457486	3	25433307	14233499	2	0.0388635522641971	0.404665	1000000	7.71144856455995	0.4771212547196624	7.15331167517893	7.405402833572285	0.2119073798001238	0.0902008757309238	cross	c_elegans	0.014970819588936818	0.2348910010424242	0.007447289680201807	0.3674433006422611	minhash_only_router	leave_species_out	0.0585690719832822	0.11046157094032283	0.0532792704930371	True
calib_anchor	plant_supervised_4096	western_honey_bee	0.0003842421976866	plant	insect	nan	nan	nan	plant_supervised_to_cross_eval	0.020425	0.982865	0.020432	4337232	90164	nan	820.0	2.9138138523837167	0	51457486	3	25433307	14233499	2	0.0388635522641971	0.404665	1000000	7.71144856455995	0.4771212547196624	7.15331167517893	7.405402833572285	0.2144848278327983	0.1040586970085212	plant	thale_cress	0.01035615054306643	0.25915535952251834	0.007054098573222767	0.2876872678923741	minhash_only_router	leave_species_out	0.007687229918255498	0.031285508404211314	0.007302987720568898	True
calib_anchor	plant_supervised_4096	western_honey_bee	0.0003842416254314	plant	insect	nan	nan	nan	plant_supervised_to_stress_eval	0.020425	0.982865	0.020432	4337232	90164	nan	820.0	2.9138138523837167	0	51457486	3	25433307	14233499	2	0.0388635522641971	0.404665	1000000	7.71144856455995	0.4771212547196624	7.15331167517893	7.405402833572285	0.2144848278327983	0.1040586970085212	plant	thale_cress	0.01035615054306643	0.25915535952251834	0.007054098573222767	0.2876872678923741	minhash_only_router	leave_species_out	0.007687229918255498	0.031285508404211314	0.007302988292824098	True
calib_anchor	direct_red_flour_beetle_4096	western_honey_bee	0.0	other_anchor	insect	nan	nan	nan	direct_beetle_to_cross_eval	0.020425	0.982865	0.020432	4337232	90164	nan	820.0	2.9138138523837167	0	51457486	3	25433307	14233499	2	0.0388635522641971	0.404665	1000000	7.71144856455995	0.4771212547196624	7.15331167517893	7.405402833572285	0.3782434204252473	0.3304654870915913	other_anchor	human	0.005530417295123178	0.3006573337455844	0.005530417295123178	0.3006573337455844	minhash_only_router	leave_species_out	0.04163459546496691	0.12028331755640115	0.04163459546496691	True
calib_anchor	direct_red_flour_beetle_4096	western_honey_bee	0.0	other_anchor	insect	nan	nan	nan	direct_beetle_to_stress_eval	0.020425	0.982865	0.020432	4337232	90164	nan	820.0	2.9138138523837167	0	51457486	3	25433307	14233499	2	0.0388635522641971	0.404665	1000000	7.71144856455995	0.4771212547196624	7.15331167517893	7.405402833572285	0.3782434204252473	0.3304654870915913	other_anchor	human	0.005530417295123178	0.3006573337455844	0.005530417295123178	0.3006573337455844	minhash_only_router	leave_species_out	0.04163459546496691	0.12028331755640115	0.04163459546496691	True
calib_anchor	direct_western_honey_bee_4096	western_honey_bee	0.0	other_anchor	insect	nan	nan	nan	direct_honeybee_to_cross_eval	0.020425	0.982865	0.020432	4337232	90164	nan	820.0	2.9138138523837167	0	51457486	3	25433307	14233499	2	0.0388635522641971	0.404665	1000000	7.71144856455995	0.4771212547196624	7.15331167517893	7.405402833572285	0.3782434204252473	0.3304654870915913	other_anchor	human	0.005530417295123178	0.3006573337455844	0.005530417295123178	0.3006573337455844	minhash_only_router	leave_species_out	0.04163459546496691	0.12028331755640115	0.04163459546496691	True
calib_anchor	direct_western_honey_bee_4096	western_honey_bee	0.0	other_anchor	insect	nan	nan	nan	direct_honeybee_to_stress_eval	0.020425	0.982865	0.020432	4337232	90164	nan	820.0	2.9138138523837167	0	51457486	3	25433307	14233499	2	0.0388635522641971	0.404665	1000000	7.71144856455995	0.4771212547196624	7.15331167517893	7.405402833572285	0.3782434204252473	0.3304654870915913	other_anchor	human	0.005530417295123178	0.3006573337455844	0.005530417295123178	0.3006573337455844	minhash_only_router	leave_species_out	0.04163459546496691	0.12028331755640115	0.04163459546496691	True
calib_anchor	direct_western_honey_bee_4096	western_honey_bee	0.0	other_anchor	insect	nan	nan	nan	direct_honeybee_own_holdout	0.020425	0.982865	0.020432	4337232	90164	nan	820.0	2.9138138523837167	0	51457486	3	25433307	14233499	2	0.0388635522641971	0.404665	1000000	7.71144856455995	0.4771212547196624	7.15331167517893	7.405402833572285	0.3782434204252473	0.3304654870915913	other_anchor	human	0.005530417295123178	0.3006573337455844	0.005530417295123178	0.3006573337455844	minhash_only_router	leave_species_out	0.04163459546496691	0.12028331755640115	0.04163459546496691	True
anchor_anchor	TFREPAIR_invert_boost_animal_4096_seed42	x_laevis	0.4013777654205557	animal	vertebrate	nan	nan	nan	animal_invert_boost_to_insect_stress	0.000194	0.000194	0.813401	56801	238590187	nan	370.0	2.568201724066995	1	2718433805	108033	219802468	136570856	9	0.1479724726946478	0.38498	1000000	9.434318762214229	5.033556436308993	8.13535803149204	8.34203256448767	0.1125183122375499	0.0175004510961257	animal	c_elegans	0.011378002528445006	0.25294933131811753	0.006090925421247965	0.40512387679275275	minhash_only_router	leave_species_out	0.6971556066306386	0.16824254132267044	0.2957778412100829	True
calib_anchor	TFREPAIR_invert_boost_animal_4096_seed42	x_laevis	0.4013775981071781	animal	vertebrate	nan	nan	nan	animal_invert_boost_to_cross_eval	0.000194	0.000194	0.813401	56801	238590187	nan	370.0	2.568201724066995	1	2718433805	108033	219802468	136570856	9	0.1479724726946478	0.38498	1000000	9.434318762214229	5.033556436308993	8.13535803149204	8.34203256448767	0.1125183122375499	0.0175004510961257	animal	c_elegans	0.011378002528445006	0.25294933131811753	0.006090925421247965	0.40512387679275275	minhash_only_router	leave_species_out	0.6971556066306386	0.16824254132267044	0.2957780085234605	True
calib_anchor	TFREPAIR_invert_boost_animal_4096_seed42	x_laevis	0.4013775981071781	animal	vertebrate	nan	nan	nan	animal_invert_boost_to_stress_eval	0.000194	0.000194	0.813401	56801	238590187	nan	370.0	2.568201724066995	1	2718433805	108033	219802468	136570856	9	0.1479724726946478	0.38498	1000000	9.434318762214229	5.033556436308993	8.13535803149204	8.34203256448767	0.1125183122375499	0.0175004510961257	animal	c_elegans	0.011378002528445006	0.25294933131811753	0.006090925421247965	0.40512387679275275	minhash_only_router	leave_species_out	0.6971556066306386	0.16824254132267044	0.2957780085234605	True
calib_anchor	cross_supervised_4096	x_laevis	0.3945827783795458	cross	vertebrate	nan	nan	nan	cross_supervised_to_cross_eval	0.000194	0.000194	0.813401	56801	238590187	nan	370.0	2.568201724066995	0	2718433805	108033	219802468	136570856	9	0.1479724726946478	0.38498	1000000	9.434318762214229	5.033556436308993	8.13535803149204	8.34203256448767	0.1141902696107161	0.0184397446805083	cross	c_elegans	0.011378002528445006	0.25294933131811753	0.004592764215267164	0.39707863831119805	minhash_only_router	leave_species_out	0.3845214731491437	0.2344368865797616	0.010061305230402107	True
calib_anchor	cross_supervised_4096	x_laevis	0.3945827783795458	cross	vertebrate	nan	nan	nan	cross_supervised_to_stress_eval	0.000194	0.000194	0.813401	56801	238590187	nan	370.0	2.568201724066995	0	2718433805	108033	219802468	136570856	9	0.1479724726946478	0.38498	1000000	9.434318762214229	5.033556436308993	8.13535803149204	8.34203256448767	0.1141902696107161	0.0184397446805083	cross	c_elegans	0.011378002528445006	0.25294933131811753	0.004592764215267164	0.39707863831119805	minhash_only_router	leave_species_out	0.3845214731491437	0.2344368865797616	0.010061305230402107	True
anchor_anchor	cross_supervised_4096	x_laevis	0.3945827783795458	cross	vertebrate	nan	nan	nan	cross_supervised_to_insect_stress	0.000194	0.000194	0.813401	56801	238590187	nan	370.0	2.568201724066995	0	2718433805	108033	219802468	136570856	9	0.1479724726946478	0.38498	1000000	9.434318762214229	5.033556436308993	8.13535803149204	8.34203256448767	0.1141902696107161	0.0184397446805083	cross	c_elegans	0.011378002528445006	0.25294933131811753	0.004592764215267164	0.39707863831119805	minhash_only_router	leave_species_out	0.3845214731491437	0.2344368865797616	0.010061305230402107	True
calib_anchor	plant_supervised_4096	x_laevis	0.2855543757586765	plant	vertebrate	nan	nan	nan	plant_supervised_to_cross_eval	0.000194	0.000194	0.813401	56801	238590187	nan	370.0	2.568201724066995	0	2718433805	108033	219802468	136570856	9	0.1479724726946478	0.38498	1000000	9.434318762214229	5.033556436308993	8.13535803149204	8.34203256448767	0.1445645708760781	0.0387081158013149	plant	thale_cress	0.0057832537088257484	0.29769388290752885	0.004168398493877862	0.32147019332278337	minhash_only_router	leave_species_out	0.32124624449728395	0.2739374369677758	0.03569186873860747	True
calib_anchor	plant_supervised_4096	x_laevis	0.2855543757586765	plant	vertebrate	nan	nan	nan	plant_supervised_to_stress_eval	0.000194	0.000194	0.813401	56801	238590187	nan	370.0	2.568201724066995	0	2718433805	108033	219802468	136570856	9	0.1479724726946478	0.38498	1000000	9.434318762214229	5.033556436308993	8.13535803149204	8.34203256448767	0.1445645708760781	0.0387081158013149	plant	thale_cress	0.0057832537088257484	0.29769388290752885	0.004168398493877862	0.32147019332278337	minhash_only_router	leave_species_out	0.32124624449728395	0.2739374369677758	0.03569186873860747	True
calib_anchor	insect_no_beetle_4096	x_laevis	0.2829600934257301	insect	vertebrate	nan	nan	nan	insect_no_beetle_to_cross_eval	0.000194	0.000194	0.813401	56801	238590187	nan	370.0	2.568201724066995	0	2718433805	108033	219802468	136570856	9	0.1479724726946478	0.38498	1000000	9.434318762214229	5.033556436308993	8.13535803149204	8.34203256448767	0.1983752948465877	0.0592704987046092	insect	western_honey_bee	0.008572869389813415	0.2716361289950614	0.006294466823420763	0.2967618557409407	minhash_only_router	leave_species_out	0.5182697079703712	0.18314436406471393	0.2353096145446411	True
calib_anchor	insect_no_beetle_4096	x_laevis	0.2829600934257301	insect	vertebrate	nan	nan	nan	insect_no_beetle_to_stress_eval	0.000194	0.000194	0.813401	56801	238590187	nan	370.0	2.568201724066995	0	2718433805	108033	219802468	136570856	9	0.1479724726946478	0.38498	1000000	9.434318762214229	5.033556436308993	8.13535803149204	8.34203256448767	0.1983752948465877	0.0592704987046092	insect	western_honey_bee	0.008572869389813415	0.2716361289950614	0.006294466823420763	0.2967618557409407	minhash_only_router	leave_species_out	0.5182697079703712	0.18314436406471393	0.2353096145446411	True
anchor_anchor	insect_no_beetle_4096	x_laevis	0.2829600934257301	insect	vertebrate	nan	nan	nan	insect_no_beetle_to_insect_stress	0.000194	0.000194	0.813401	56801	238590187	nan	370.0	2.568201724066995	0	2718433805	108033	219802468	136570856	9	0.1479724726946478	0.38498	1000000	9.434318762214229	5.033556436308993	8.13535803149204	8.34203256448767	0.1983752948465877	0.0592704987046092	insect	western_honey_bee	0.008572869389813415	0.2716361289950614	0.006294466823420763	0.2967618557409407	minhash_only_router	leave_species_out	0.5182697079703712	0.18314436406471393	0.2353096145446411	True
anchor_anchor	insect_primary_4096	x_laevis	0.2268599691025123	insect	vertebrate	nan	nan	nan	insect_primary_to_insect_stress	0.000194	0.000194	0.813401	56801	238590187	nan	370.0	2.568201724066995	0	2718433805	108033	219802468	136570856	9	0.1479724726946478	0.38498	1000000	9.434318762214229	5.033556436308993	8.13535803149204	8.34203256448767	0.1983752948465877	0.0592704987046092	insect	western_honey_bee	0.008572869389813415	0.2716361289950614	0.006294466823420763	0.2967618557409407	minhash_only_router	leave_species_out	0.5182697079703712	0.18314436406471393	0.2914097388678589	True
supp_h0_transfer	ntv2_500m_H0_w4096	zebrafish	0.8151318178516959	human_h0_ntv2_500m	vertebrate	nan	nan	nan	transfer_BC_w4096	0.837603	0.982602	0.850212	891480468	771367366	0.4137124131384462	430.0	2.633468455579586	0	1679203469	1923	78093715	52186027	14	0.0	0.359955	1000000	9.225103322767056	3.28397928423848	7.717554234627916	7.892616083164715	0.3272994079847048	0.2672352128115792	human_h0_ntv2_500m	human	0.0035122930255895636	0.3307896753284549	0.0035122930255895636	0.3307896753284549	minhash_only_router	leave_species_out	0.24249560193195427	0.13495727261944673	0.5726362159197416	True
final_errorbar	ntv2_250m_w4096	zebrafish	0.753453009276328	human_h0_ntv2_250m	vertebrate	animal_fine	3.0	0.0131433323203878	nan	0.837603	0.982602	0.850212	891480468	771367366	0.4137124131384462	430.0	2.633468455579586	0	1679203469	1923	78093715	52186027	14	0.0	0.359955	1000000	9.225103322767056	3.28397928423848	7.717554234627916	7.892616083164715	0.3272994079847048	0.2672352128115792	human_h0_ntv2_250m	human	0.0035122930255895636	0.3307896753284549	0.0035122930255895636	0.3307896753284549	minhash_only_router	leave_species_out	0.23867463596372634	0.1280468109020383	0.5147783733126017	True
final_errorbar	ntv3_100m_pre_w2048	zebrafish	0.5214699959942013	human_h0_ntv3_100m	vertebrate	animal_fine	3.0	0.0175674395284055	nan	0.837603	0.982602	0.850212	891480468	771367366	0.4137124131384462	430.0	2.633468455579586	0	1679203469	1923	78093715	52186027	14	0.0	0.359955	1000000	9.225103322767056	3.28397928423848	7.717554234627916	7.892616083164715	0.3272994079847048	0.2672352128115792	human_h0_ntv3_100m	human	0.0035122930255895636	0.3307896753284549	0.0035122930255895636	0.3307896753284549	minhash_only_router	leave_species_out	0.29881021945341363	0.14053041274421804	0.22265977654078767	True
calib_anchor	cross_supervised_4096	brachypodium	0.8175422271365038	cross	plant	nan	nan	nan	cross_supervised_to_plant_fine	0.101164	0.1029	0.857087	5277523	43958318	0.45561279296875	1500.0	3.1760912590556813	0	271298618	11	75071545	59130575	3	0.0	0.454488	1000000	8.433447581463392	1.041392685158225	7.771812102204127	7.875475353898488	0.0693259415010997	0.0175357229218507	cross	brachypodium	1.0	0.0	0.12915053475717714	0.3531042535064754	minhash_only_router	leave_clade_out	0.7376565158225722	0.19985394295512515	0.07988571131393163	True
calib_anchor	plant_supervised_4096	brachypodium	0.7765195434514967	plant	plant	nan	nan	nan	plant_supervised_to_plant_fine	0.101164	0.1029	0.857087	5277523	43958318	0.45561279296875	1500.0	3.1760912590556813	1	271298618	11	75071545	59130575	3	0.0	0.454488	1000000	8.433447581463392	1.041392685158225	7.771812102204127	7.875475353898488	0.0392954852174674	0.0046023125549394	plant	brachypodium	1.0	0.0	0.20483241506249245	0.23881140827359948	minhash_only_router	leave_clade_out	0.7512658283419785	0.1998930935901675	0.025253715109518127	True
calib_anchor	insect_no_beetle_4096	brachypodium	0.4502561696769175	insect	plant	nan	nan	nan	insect_no_beetle_to_plant_fine	0.101164	0.1029	0.857087	5277523	43958318	0.45561279296875	1500.0	3.1760912590556813	0	271298618	11	75071545	59130575	3	0.0	0.454488	1000000	8.433447581463392	1.041392685158225	7.771812102204127	7.875475353898488	0.142514717076787	0.0564627585782296	insect	western_honey_bee	0.0047726701833710125	0.3104308986917095	0.004142481604480288	0.3206102870100822	minhash_only_router	leave_clade_out	0.1692467147517708	0.09221867426015283	0.28100945492514673	True
calib_anchor	TFREPAIR_invert_boost_animal_4096_seed42	brachypodium	0.4333898332380484	animal	plant	nan	nan	nan	animal_invert_boost_to_plant_fine	0.101164	0.1029	0.857087	5277523	43958318	0.45561279296875	1500.0	3.1760912590556813	0	271298618	11	75071545	59130575	3	0.0	0.454488	1000000	8.433447581463392	1.041392685158225	7.771812102204127	7.875475353898488	0.1040889363124293	0.0363524838017522	animal	zebrafish	0.005025125628140704	0.3070113457325394	0.0036412512484719248	0.4310054901356164	minhash_only_router	leave_clade_out	0.8022872853035327	0.23208650470209588	0.36889745206548424	True
supp_h0_transfer	ntv2_500m_H0_w4096	brachypodium	0.3212749242452583	human_h0_ntv2_500m	plant	nan	nan	nan	transfer_BC_w4096	0.101164	0.1029	0.857087	5277523	43958318	0.45561279296875	1500.0	3.1760912590556813	0	271298618	11	75071545	59130575	3	0.0	0.454488	1000000	8.433447581463392	1.041392685158225	7.771812102204127	7.875475353898488	0.2268185746895572	0.1337656475000112	human_h0_ntv2_500m	human	0.0035122930255895636	0.3307896753284549	0.0035122930255895636	0.3307896753284549	minhash_only_router	leave_clade_out	0.5654915430354093	0.20882463333036846	0.244216618790151	True
final_errorbar	ntv2_250m_w4096	brachypodium	0.2929663405760741	human_h0_ntv2_250m	plant	plant_fine	3.0	0.0156920332833043	nan	0.101164	0.1029	0.857087	5277523	43958318	0.45561279296875	1500.0	3.1760912590556813	0	271298618	11	75071545	59130575	3	0.0	0.454488	1000000	8.433447581463392	1.041392685158225	7.771812102204127	7.875475353898488	0.2268185746895572	0.1337656475000112	human_h0_ntv2_250m	human	0.0035122930255895636	0.3307896753284549	0.0035122930255895636	0.3307896753284549	minhash_only_router	leave_clade_out	0.5083323616227338	0.2189314474888276	0.21536602104665964	True
final_errorbar	ntv3_100m_pre_w2048	brachypodium	0.2073934705084866	human_h0_ntv3_100m	plant	plant_fine	3.0	0.0683970400854424	nan	0.101164	0.1029	0.857087	5277523	43958318	0.45561279296875	1500.0	3.1760912590556813	0	271298618	11	75071545	59130575	3	0.0	0.454488	1000000	8.433447581463392	1.041392685158225	7.771812102204127	7.875475353898488	0.2268185746895572	0.1337656475000112	human_h0_ntv3_100m	human	0.0035122930255895636	0.3307896753284549	0.0035122930255895636	0.3307896753284549	minhash_only_router	leave_clade_out	0.4894443652979199	0.2133343823695996	0.2820508947894333	True
anchor_anchor	TFREPAIR_invert_boost_animal_4096_seed42	c_elegans	0.9053972034713066	animal	other	nan	nan	nan	animal_invert_boost_to_insect_fine	0.833784	0.964483	0.860195	10289793	9177183	0.3579248046875	900.0	2.9542425094393248	0	100286401	7	20924180	17493829	3	0.0	0.371376	1000000	8.001242045970857	0.8450980400142568	7.242884877035624	7.320648447384384	0.1443799983785652	0.0775729844697248	animal	c_elegans	1.0	0.0	0.17218349693156687	0.35710228198302296	minhash_only_router	leave_clade_out	0.5800188177075322	0.27459242981154974	0.3253783857637744	True
anchor_anchor	cross_supervised_4096	c_elegans	0.8952111633807284	cross	other	nan	nan	nan	cross_supervised_to_insect_fine	0.833784	0.964483	0.860195	10289793	9177183	0.3579248046875	900.0	2.9542425094393248	0	100286401	7	20924180	17493829	3	0.0	0.371376	1000000	8.001242045970857	0.8450980400142568	7.242884877035624	7.320648447384384	0.1533616551705707	0.0962183394831955	cross	c_elegans	1.0	0.0	0.13035380887994355	0.34022856824211656	minhash_only_router	leave_clade_out	0.8785066764633654	0.1048268985612814	0.016704486917362926	True
anchor_anchor	insect_primary_4096	c_elegans	0.8945547202059512	insect	other	nan	nan	nan	insect_primary_to_insect_fine	0.833784	0.964483	0.860195	10289793	9177183	0.3579248046875	900.0	2.9542425094393248	0	100286401	7	20924180	17493829	3	0.0	0.371376	1000000	8.001242045970857	0.8450980400142568	7.242884877035624	7.320648447384384	0.1475085510847136	0.0895808950573151	insect	western_honey_bee	0.014970819588936818	0.2348910010424242	0.010503518446379877	0.26487378816101664	minhash_only_router	leave_clade_out	0.4225229142159471	0.09700458093010747	0.47203180599000405	True
anchor_anchor	insect_no_beetle_4096	c_elegans	0.5383685302773058	insect	other	nan	nan	nan	insect_no_beetle_to_insect_fine	0.833784	0.964483	0.860195	10289793	9177183	0.3579248046875	900.0	2.9542425094393248	0	100286401	7	20924180	17493829	3	0.0	0.371376	1000000	8.001242045970857	0.8450980400142568	7.242884877035624	7.320648447384384	0.1475085510847136	0.0895808950573151	insect	western_honey_bee	0.014970819588936818	0.2348910010424242	0.010503518446379877	0.26487378816101664	minhash_only_router	leave_clade_out	0.4225229142159471	0.09700458093010747	0.11584561606135868	True
supp_h0_transfer	ntv2_500m_H0_w4096	c_elegans	0.345012472034356	human_h0_ntv2_500m	other	nan	nan	nan	transfer_BC_w4096	0.833784	0.964483	0.860195	10289793	9177183	0.3579248046875	900.0	2.9542425094393248	0	100286401	7	20924180	17493829	3	0.0	0.371376	1000000	8.001242045970857	0.8450980400142568	7.242884877035624	7.320648447384384	0.3448736563265228	0.3498680780416765	human_h0_ntv2_500m	human	0.0047726701833710125	0.3104308986917095	0.0047726701833710125	0.3104308986917095	minhash_only_router	leave_clade_out	0.22996074565918825	0.15086651118146138	0.11505172637516772	True
final_errorbar	ntv3_100m_pre_w2048	c_elegans	0.2604444021620859	human_h0_ntv3_100m	other	animal_fine	3.0	0.0215523139867919	nan	0.833784	0.964483	0.860195	10289793	9177183	0.3579248046875	900.0	2.9542425094393248	0	100286401	7	20924180	17493829	3	0.0	0.371376	1000000	8.001242045970857	0.8450980400142568	7.242884877035624	7.320648447384384	0.3448736563265228	0.3498680780416765	human_h0_ntv3_100m	human	0.0047726701833710125	0.3104308986917095	0.0047726701833710125	0.3104308986917095	minhash_only_router	leave_clade_out	0.28976458398128224	0.16702767560294157	0.029320181819196323	True
final_errorbar	ntv2_250m_w4096	c_elegans	0.1426005332526109	human_h0_ntv2_250m	other	animal_fine	3.0	0.0303152737505588	nan	0.833784	0.964483	0.860195	10289793	9177183	0.3579248046875	900.0	2.9542425094393248	0	100286401	7	20924180	17493829	3	0.0	0.371376	1000000	8.001242045970857	0.8450980400142568	7.242884877035624	7.320648447384384	0.3448736563265228	0.3498680780416765	human_h0_ntv2_250m	human	0.0047726701833710125	0.3104308986917095	0.0047726701833710125	0.3104308986917095	minhash_only_router	leave_clade_out	0.22915387134518433	0.14837724195983518	0.08655333809257343	True
calib_anchor	TFREPAIR_invert_boost_animal_4096_seed42	cattle	0.9216935615407684	animal	vertebrate	nan	nan	nan	animal_invert_boost_to_cross_eval	0.48001	0.488924	0.963405	641516843	1264081324	nan	96.0	1.9822712330395684	1	2715853792	2211	158534110	103308737	12	0.0	0.438283	1000000	9.43390638599257	3.344588742578714	8.014137052114325	8.200122718862955	0.1961603645512639	0.1045802654699864	animal	zebrafish	0.007556675062972292	0.2799803385253285	0.004779504320268857	0.41803209946722686	minhash_only_router	leave_clade_out	0.46393227120893843	0.3374948949292265	0.45776129033183	True
calib_anchor	cross_supervised_4096	cattle	0.9213113792693672	cross	vertebrate	nan	nan	nan	cross_supervised_to_cross_eval	0.48001	0.488924	0.963405	641516843	1264081324	nan	96.0	1.9822712330395684	0	2715853792	2211	158534110	103308737	12	0.0	0.438283	1000000	9.43390638599257	3.344588742578714	8.014137052114325	8.200122718862955	0.1898193400311859	0.0914288745666459	cross	zebrafish	0.007556675062972292	0.2799803385253285	0.004147083900805754	0.40059555601938857	minhash_only_router	leave_clade_out	0.411032859477403	0.32818783006899027	0.5102785197919643	True
calib_anchor	insect_no_beetle_4096	cattle	0.2681289424464008	insect	vertebrate	nan	nan	nan	insect_no_beetle_to_cross_eval	0.48001	0.488924	0.963405	641516843	1264081324	nan	96.0	1.9822712330395684	0	2715853792	2211	158534110	103308737	12	0.0	0.438283	1000000	9.43390638599257	3.344588742578714	8.014137052114325	8.200122718862955	0.2674695235796735	0.15873003482616	insect	western_honey_bee	0.006289308176100629	0.29213510897825873	0.00464916762867218	0.31660074814759875	minhash_only_router	leave_clade_out	0.4066698319898174	0.31412510851997294	0.1385408895434166	True
calib_anchor	plant_supervised_4096	cattle	0.0858809770068545	plant	vertebrate	nan	nan	nan	plant_supervised_to_cross_eval	0.48001	0.488924	0.963405	641516843	1264081324	nan	96.0	1.9822712330395684	0	2715853792	2211	158534110	103308737	12	0.0	0.438283	1000000	9.43390638599257	3.344588742578714	8.014137052114325	8.200122718862955	0.1939129743058688	0.0844629259880961	plant	thale_cress	0.0057832537088257484	0.29769388290752885	0.004268975470626056	0.319366348385849	minhash_only_router	leave_clade_out	0.37077259139114505	0.31375327049626617	0.28489161438429056	True
supp_h0_transfer	ntv2_500m_H0_w4096	chicken	0.8516226680157541	human_h0_ntv2_500m	vertebrate	nan	nan	nan	transfer_BC_w4096	0.391291	0.394479	0.979765	40667484	101005421	0.4113284493284493	310.0	2.4913616938342726	0	1065365425	464	197608386	91315245	4	0.0017070808916752	0.549823	1000000	9.027498598235026	2.6665179805548807	7.96054328866985	8.29580537100184	0.1448915707647146	0.0601428909585745	human_h0_ntv2_500m	human	0.0057832537088257484	0.29769388290752885	0.0057832537088257484	0.29769388290752885	minhash_only_router	leave_clade_out	0.24330193740840317	0.2367597547352944	0.608320730607351	True
final_errorbar	ntv2_250m_w4096	chicken	0.843436719033926	human_h0_ntv2_250m	vertebrate	animal_fine	3.0	0.0193628216675568	nan	0.391291	0.394479	0.979765	40667484	101005421	0.4113284493284493	310.0	2.4913616938342726	0	1065365425	464	197608386	91315245	4	0.0017070808916752	0.549823	1000000	9.027498598235026	2.6665179805548807	7.96054328866985	8.29580537100184	0.1448915707647146	0.0601428909585745	human_h0_ntv2_250m	human	0.0057832537088257484	0.29769388290752885	0.0057832537088257484	0.29769388290752885	minhash_only_router	leave_clade_out	0.2312445410756258	0.23598393068004997	0.6121921779583002	True
final_errorbar	ntv3_100m_pre_w2048	chicken	0.6195493201860316	human_h0_ntv3_100m	vertebrate	animal_fine	3.0	0.0701786703401454	nan	0.391291	0.394479	0.979765	40667484	101005421	0.4113284493284493	310.0	2.4913616938342726	0	1065365425	464	197608386	91315245	4	0.0017070808916752	0.549823	1000000	9.027498598235026	2.6665179805548807	7.96054328866985	8.29580537100184	0.1448915707647146	0.0601428909585745	human_h0_ntv3_100m	human	0.0057832537088257484	0.29769388290752885	0.0057832537088257484	0.29769388290752885	minhash_only_router	leave_clade_out	0.28070727960190905	0.25295181031680153	0.33884204058412254	True
anchor_anchor	insect_no_beetle_4096	fruit_fly	0.944818571090276	insect	insect	nan	nan	nan	insect_no_beetle_to_insect_fine	0.888725	0.993839	0.893648	26497161	23825911	0.494656395206652	780.0	2.8920946026904804	1	143726002	1870	32079331	25286936	3	0.0	0.441621	1000000	8.157535345055386	3.271841606536499	7.402896209379677	7.506225302690743	0.1001622488462802	0.0254297426578645	insect	fruit_fly	1.0	0.0	0.5045408678102926	0.13391278403619908	minhash_only_router	leave_clade_out	0.8513589017181559	0.0684826143830922	0.09345966937212014	True
anchor_anchor	TFREPAIR_invert_boost_animal_4096_seed42	fruit_fly	0.9437257723304636	animal	insect	nan	nan	nan	animal_invert_boost_to_insect_fine	0.888725	0.993839	0.893648	26497161	23825911	0.494656395206652	780.0	2.8920946026904804	1	143726002	1870	32079331	25286936	3	0.0	0.441621	1000000	8.157535345055386	3.271841606536499	7.402896209379677	7.506225302690743	0.0783631596802407	0.0157474491106001	animal	fruit_fly	1.0	0.0	0.17107312390337562	0.361475438739999	minhash_only_router	leave_clade_out	0.8926098023246	0.05182200750713653	0.05111597000586365	True
anchor_anchor	cross_supervised_4096	fruit_fly	0.942393180917196	cross	insect	nan	nan	nan	cross_supervised_to_insect_fine	0.888725	0.993839	0.893648	26497161	23825911	0.494656395206652	780.0	2.8920946026904804	0	143726002	1870	32079331	25286936	3	0.0	0.441621	1000000	8.157535345055386	3.271841606536499	7.402896209379677	7.506225302690743	0.0698216548368194	0.0106775865530966	cross	fruit_fly	1.0	0.0	0.12870734925659089	0.35822788434252495	minhash_only_router	leave_clade_out	0.8977446960623459	0.036657744436862046	0.04464848485485018	True
anchor_anchor	insect_primary_4096	fruit_fly	0.9413841255319276	insect	insect	nan	nan	nan	insect_primary_to_insect_fine	0.888725	0.993839	0.893648	26497161	23825911	0.494656395206652	780.0	2.8920946026904804	1	143726002	1870	32079331	25286936	3	0.0	0.441621	1000000	8.157535345055386	3.271841606536499	7.402896209379677	7.506225302690743	0.1001622488462802	0.0254297426578645	insect	fruit_fly	1.0	0.0	0.5045408678102926	0.13391278403619908	minhash_only_router	leave_clade_out	0.8513589017181559	0.0684826143830922	0.09002522381377176	True
supp_h0_transfer	ntv2_500m_H0_w4096	fruit_fly	0.6577990369528225	human_h0_ntv2_500m	insect	nan	nan	nan	transfer_BC_w4096	0.888725	0.993839	0.893648	26497161	23825911	0.494656395206652	780.0	2.8920946026904804	0	143726002	1870	32079331	25286936	3	0.0	0.441621	1000000	8.157535345055386	3.271841606536499	7.402896209379677	7.506225302690743	0.2474985795480165	0.15855331987712	human_h0_ntv2_500m	human	0.003009027081243731	0.34106638731693883	0.003009027081243731	0.34106638731693883	minhash_only_router	leave_clade_out	0.5483600863660075	0.16932249217755305	0.10943895058681496	True
final_errorbar	ntv2_250m_w4096	fruit_fly	0.5533233517822065	human_h0_ntv2_250m	insect	animal_fine	3.0	0.0128215769678409	nan	0.888725	0.993839	0.893648	26497161	23825911	0.494656395206652	780.0	2.8920946026904804	0	143726002	1870	32079331	25286936	3	0.0	0.441621	1000000	8.157535345055386	3.271841606536499	7.402896209379677	7.506225302690743	0.2474985795480165	0.15855331987712	human_h0_ntv2_250m	human	0.003009027081243731	0.34106638731693883	0.003009027081243731	0.34106638731693883	minhash_only_router	leave_clade_out	0.5421132788800314	0.1697684169011265	0.011210072902175128	True
final_errorbar	ntv3_100m_pre_w2048	fruit_fly	0.4822229619104726	human_h0_ntv3_100m	insect	animal_fine	3.0	0.1825771233602698	nan	0.888725	0.993839	0.893648	26497161	23825911	0.494656395206652	780.0	2.8920946026904804	0	143726002	1870	32079331	25286936	3	0.0	0.441621	1000000	8.157535345055386	3.271841606536499	7.402896209379677	7.506225302690743	0.2474985795480165	0.15855331987712	human_h0_ntv3_100m	human	0.003009027081243731	0.34106638731693883	0.003009027081243731	0.34106638731693883	minhash_only_router	leave_clade_out	0.5395257082903198	0.14850236968161973	0.05730274637984717	True
calib_anchor	cross_supervised_4096	horse	0.8925601404845789	cross	vertebrate	nan	nan	nan	cross_supervised_to_cross_eval	0.791397	0.812579	0.968112	892563554	1063406667	nan	96.0	1.9822712330395684	0	188260577	1	188260577	188260577	1	0.0010189606601266	0.517305	1000000	8.27475938542357	0.0	8.27475938542357	8.27475938542357	0.2072733615749962	0.1175416603257882	cross	zebrafish	0.008572869389813415	0.2716361289950614	0.00408447992382229	0.4019382172622498	minhash_only_router	leave_clade_out	0.40887828528036635	0.3262782366600404	0.48368185520421253	True
calib_anchor	TFREPAIR_invert_boost_animal_4096_seed42	horse	0.8913728851560259	animal	vertebrate	nan	nan	nan	animal_invert_boost_to_cross_eval	0.791397	0.812579	0.968112	892563554	1063406667	nan	96.0	1.9822712330395684	1	188260577	1	188260577	188260577	1	0.0010189606601266	0.517305	1000000	8.27475938542357	0.0	8.27475938542357	8.27475938542357	0.2056004978397222	0.1203089942757705	animal	zebrafish	0.008572869389813415	0.2716361289950614	0.004653618742653688	0.4197215175742321	minhash_only_router	leave_clade_out	0.4660373319691936	0.33874492982715526	0.42533555318683225	True
calib_anchor	insect_no_beetle_4096	horse	0.1869044858967403	insect	vertebrate	nan	nan	nan	insect_no_beetle_to_cross_eval	0.791397	0.812579	0.968112	892563554	1063406667	nan	96.0	1.9822712330395684	0	188260577	1	188260577	188260577	1	0.0010189606601266	0.517305	1000000	8.27475938542357	0.0	8.27475938542357	8.27475938542357	0.2746396996501602	0.1850487156640525	insect	fruit_fly	0.0037641154328732747	0.32619015056265815	0.0036382042292314194	0.3284899129455565	minhash_only_router	leave_clade_out	0.3207345488289	0.19956340148088006	0.1338300629321597	True
calib_anchor	plant_supervised_4096	horse	0.1025602154105038	plant	vertebrate	nan	nan	nan	plant_supervised_to_cross_eval	0.791397	0.812579	0.968112	892563554	1063406667	nan	96.0	1.9822712330395684	0	188260577	1	188260577	188260577	1	0.0010189606601266	0.517305	1000000	8.27475938542357	0.0	8.27475938542357	8.27475938542357	0.2026925587860898	0.1042618889160033	plant	sorghum	0.0045203415369161224	0.31403538010972787	0.0035126468408247743	0.33171061801320795	minhash_only_router	leave_clade_out	0.2773974108274473	0.14891200213349734	0.17483719541694348	True
supp_h0_transfer	ntv2_500m_H0_w4096	human	0.961411324419745	human_h0_ntv2_500m	vertebrate	nan	nan	nan	transfer_BC_w4096	0.948128	0.966802	0.980034	1410192187	1429492481	nan	6.0	0.7781512503836436	0	248387328	1	248387328	248387328	1	0.0	0.550911	1000000	8.395129435626702	0.0	8.395129435626702	8.395129435626702	0.0	-2.220446049250313e-16	human_h0_ntv2_500m	human	1.0	0.0	1.0	0.0	minhash_only_router	leave_clade_out	0.8539440171461108	0.06629756087917367	0.10746730727363418	True
calib_anchor	TFREPAIR_invert_boost_animal_4096_seed42	human	0.904946115719272	animal	vertebrate	nan	nan	nan	animal_invert_boost_to_cross_eval	0.948128	0.966802	0.980034	1410192187	1429492481	nan	6.0	0.7781512503836436	1	248387328	1	248387328	248387328	1	0.0	0.550911	1000000	8.395129435626702	0.0	8.395129435626702	8.395129435626702	0.2473971321688795	0.1687976905989935	animal	chicken	0.0057832537088257484	0.29769388290752885	0.003767943549025539	0.4301063629983694	minhash_only_router	leave_clade_out	0.4886923201948964	0.3495488488782268	0.4162537955243756	True
calib_anchor	cross_supervised_4096	human	0.9023446184329426	cross	vertebrate	nan	nan	nan	cross_supervised_to_cross_eval	0.948128	0.966802	0.980034	1410192187	1429492481	nan	6.0	0.7781512503836436	0	248387328	1	248387328	248387328	1	0.0	0.550911	1000000	8.395129435626702	0.0	8.395129435626702	8.395129435626702	0.249220227348776	0.1685880996034323	cross	sorghum	0.005025125628140704	0.3070113457325394	0.00348294218224885	0.4079828934214672	minhash_only_router	leave_clade_out	0.5413949622353037	0.2854005212044213	0.36094965619763886	True
calib_anchor	insect_no_beetle_4096	human	0.1477908337777611	insect	vertebrate	nan	nan	nan	insect_no_beetle_to_cross_eval	0.948128	0.966802	0.980034	1410192187	1429492481	nan	6.0	0.7781512503836436	0	248387328	1	248387328	248387328	1	0.0	0.550911	1000000	8.395129435626702	0.0	8.395129435626702	8.395129435626702	0.3042605063379114	0.2325830037417954	insect	western_honey_bee	0.005530417295123178	0.3006573337455844	0.004269722188183454	0.32086186053126164	minhash_only_router	leave_clade_out	0.4387110334004164	0.33168272960363565	0.2909201996226553	True
calib_anchor	plant_supervised_4096	human	0.1214275571269181	plant	vertebrate	nan	nan	nan	plant_supervised_to_cross_eval	0.948128	0.966802	0.980034	1410192187	1429492481	nan	6.0	0.7781512503836436	0	248387328	1	248387328	248387328	1	0.0	0.550911	1000000	8.395129435626702	0.0	8.395129435626702	8.395129435626702	0.242491599474234	0.153922806418943	plant	sorghum	0.005025125628140704	0.3070113457325394	0.00411712228496292	0.3206927537042909	minhash_only_router	leave_clade_out	0.4254285009026414	0.26133809750037335	0.3040009437757233	True
calib_anchor	TFREPAIR_invert_boost_animal_4096_seed42	lizard	0.2416400416987031	animal	vertebrate	nan	nan	nan	animal_invert_boost_to_cross_eval	0.038956	0.053715	0.12417	41691771	96375917	nan	320.0	2.505149978319906	1	1799143587	6457	263920458	150641573	5	0.1263239468490436	0.405226	1000000	9.25506582513172	3.81003078640584	8.177944841937268	8.42147305620014	0.1334641792289605	0.0269436863730062	animal	c_elegans	0.008318628686664987	0.2736263265383735	0.004694911189318436	0.41814562651379633	minhash_only_router	leave_clade_out	0.4653327035588022	0.33873753286492236	0.2236926618600991	True
calib_anchor	TFREPAIR_invert_boost_animal_4096_seed42	lizard	0.2416400416987031	animal	vertebrate	nan	nan	nan	animal_invert_boost_to_stress_eval	0.038956	0.053715	0.12417	41691771	96375917	nan	320.0	2.505149978319906	1	1799143587	6457	263920458	150641573	5	0.1263239468490436	0.405226	1000000	9.25506582513172	3.81003078640584	8.177944841937268	8.42147305620014	0.1334641792289605	0.0269436863730062	animal	c_elegans	0.008318628686664987	0.2736263265383735	0.004694911189318436	0.41814562651379633	minhash_only_router	leave_clade_out	0.4653327035588022	0.33873753286492236	0.2236926618600991	True
anchor_anchor	TFREPAIR_invert_boost_animal_4096_seed42	lizard	0.2416400416987031	animal	vertebrate	nan	nan	nan	animal_invert_boost_to_insect_stress	0.038956	0.053715	0.12417	41691771	96375917	nan	320.0	2.505149978319906	1	1799143587	6457	263920458	150641573	5	0.1263239468490436	0.405226	1000000	9.25506582513172	3.81003078640584	8.177944841937268	8.42147305620014	0.1334641792289605	0.0269436863730062	animal	c_elegans	0.008318628686664987	0.2736263265383735	0.004694911189318436	0.41814562651379633	minhash_only_router	leave_clade_out	0.4653327035588022	0.33873753286492236	0.2236926618600991	True
calib_anchor	cross_supervised_4096	lizard	0.2400380045378313	cross	vertebrate	nan	nan	nan	cross_supervised_to_cross_eval	0.038956	0.053715	0.12417	41691771	96375917	nan	320.0	2.505149978319906	0	1799143587	6457	263920458	150641573	5	0.1263239468490436	0.405226	1000000	9.25506582513172	3.81003078640584	8.177944841937268	8.42147305620014	0.1250077775938211	0.0186955209400064	cross	c_elegans	0.008318628686664987	0.2736263265383735	0.004273013040277895	0.39799641993128543	minhash_only_router	leave_clade_out	0.405822365386551	0.32449815494218703	0.16578436084871967	True
anchor_anchor	cross_supervised_4096	lizard	0.2400380045378313	cross	vertebrate	nan	nan	nan	cross_supervised_to_insect_stress	0.038956	0.053715	0.12417	41691771	96375917	nan	320.0	2.505149978319906	0	1799143587	6457	263920458	150641573	5	0.1263239468490436	0.405226	1000000	9.25506582513172	3.81003078640584	8.177944841937268	8.42147305620014	0.1250077775938211	0.0186955209400064	cross	c_elegans	0.008318628686664987	0.2736263265383735	0.004273013040277895	0.39799641993128543	minhash_only_router	leave_clade_out	0.405822365386551	0.32449815494218703	0.16578436084871967	True
calib_anchor	cross_supervised_4096	lizard	0.2400378125654802	cross	vertebrate	nan	nan	nan	cross_supervised_to_stress_eval	0.038956	0.053715	0.12417	41691771	96375917	nan	320.0	2.505149978319906	0	1799143587	6457	263920458	150641573	5	0.1263239468490436	0.405226	1000000	9.25506582513172	3.81003078640584	8.177944841937268	8.42147305620014	0.1250077775938211	0.0186955209400064	cross	c_elegans	0.008318628686664987	0.2736263265383735	0.004273013040277895	0.39799641993128543	minhash_only_router	leave_clade_out	0.405822365386551	0.32449815494218703	0.16578455282107077	True
calib_anchor	plant_supervised_4096	lizard	0.1506094759615682	plant	vertebrate	nan	nan	nan	plant_supervised_to_cross_eval	0.038956	0.053715	0.12417	41691771	96375917	nan	320.0	2.505149978319906	0	1799143587	6457	263920458	150641573	5	0.1263239468490436	0.405226	1000000	9.25506582513172	3.81003078640584	8.177944841937268	8.42147305620014	0.1437007905780181	0.0244025014930751	plant	rice	0.0047726701833710125	0.3104308986917095	0.003814758202952461	0.3258662163901701	minhash_only_router	leave_clade_out	0.2779226736340373	0.15866072242030588	0.12731319767246907	True
calib_anchor	plant_supervised_4096	lizard	0.1506082021187199	plant	vertebrate	nan	nan	nan	plant_supervised_to_stress_eval	0.038956	0.053715	0.12417	41691771	96375917	nan	320.0	2.505149978319906	0	1799143587	6457	263920458	150641573	5	0.1263239468490436	0.405226	1000000	9.25506582513172	3.81003078640584	8.177944841937268	8.42147305620014	0.1437007905780181	0.0244025014930751	plant	rice	0.0047726701833710125	0.3104308986917095	0.003814758202952461	0.3258662163901701	minhash_only_router	leave_clade_out	0.2779226736340373	0.15866072242030588	0.12731447151531738	True
anchor_anchor	insect_no_beetle_4096	lizard	0.1418302477559669	insect	vertebrate	nan	nan	nan	insect_no_beetle_to_insect_stress	0.038956	0.053715	0.12417	41691771	96375917	nan	320.0	2.505149978319906	0	1799143587	6457	263920458	150641573	5	0.1263239468490436	0.405226	1000000	9.25506582513172	3.81003078640584	8.177944841937268	8.42147305620014	0.2227930854265778	0.0763356261809606	insect	western_honey_bee	0.005530417295123178	0.3006573337455844	0.0047732407760756445	0.31127245811620224	minhash_only_router	leave_clade_out	0.35346247444404766	0.28222110502606934	0.21163222668808077	True
calib_anchor	insect_no_beetle_4096	lizard	0.1418301390195415	insect	vertebrate	nan	nan	nan	insect_no_beetle_to_cross_eval	0.038956	0.053715	0.12417	41691771	96375917	nan	320.0	2.505149978319906	0	1799143587	6457	263920458	150641573	5	0.1263239468490436	0.405226	1000000	9.25506582513172	3.81003078640584	8.177944841937268	8.42147305620014	0.2227930854265778	0.0763356261809606	insect	western_honey_bee	0.005530417295123178	0.3006573337455844	0.0047732407760756445	0.31127245811620224	minhash_only_router	leave_clade_out	0.35346247444404766	0.28222110502606934	0.21163233542450616	True
calib_anchor	insect_no_beetle_4096	lizard	0.1418301390195415	insect	vertebrate	nan	nan	nan	insect_no_beetle_to_stress_eval	0.038956	0.053715	0.12417	41691771	96375917	nan	320.0	2.505149978319906	0	1799143587	6457	263920458	150641573	5	0.1263239468490436	0.405226	1000000	9.25506582513172	3.81003078640584	8.177944841937268	8.42147305620014	0.2227930854265778	0.0763356261809606	insect	western_honey_bee	0.005530417295123178	0.3006573337455844	0.0047732407760756445	0.31127245811620224	minhash_only_router	leave_clade_out	0.35346247444404766	0.28222110502606934	0.21163233542450616	True
anchor_anchor	insect_primary_4096	lizard	0.1034366102674265	insect	vertebrate	nan	nan	nan	insect_primary_to_insect_stress	0.038956	0.053715	0.12417	41691771	96375917	nan	320.0	2.505149978319906	0	1799143587	6457	263920458	150641573	5	0.1263239468490436	0.405226	1000000	9.25506582513172	3.81003078640584	8.177944841937268	8.42147305620014	0.2227930854265778	0.0763356261809606	insect	western_honey_bee	0.005530417295123178	0.3006573337455844	0.0047732407760756445	0.31127245811620224	minhash_only_router	leave_clade_out	0.35346247444404766	0.28222110502606934	0.25002586417662115	True
calib_anchor	cross_supervised_4096	maize	0.9629892479990332	cross	plant	nan	nan	nan	cross_supervised_to_plant_fine	0.095466	0.095627	0.982637	173317530	1780954681	0.46090576171875	1500.0	3.1760912590556813	0	2182075994	685	308452471	226353449	5	0.0	0.477492	1000000	9.338869871458623	2.835690571492425	8.354787116327433	8.489188253709083	0.1047342415691722	0.0352286667600957	cross	maize	1.0	0.0	0.12794917164912717	0.3677349264449531	minhash_only_router	leave_clade_out	0.7482625841607593	0.19918736685060587	0.21472666383827388	True
calib_anchor	plant_supervised_4096	maize	0.9619894139220538	plant	plant	nan	nan	nan	plant_supervised_to_plant_fine	0.095466	0.095627	0.982637	173317530	1780954681	0.46090576171875	1500.0	3.1760912590556813	1	2182075994	685	308452471	226353449	5	0.0	0.477492	1000000	9.338869871458623	2.835690571492425	8.354787116327433	8.489188253709083	0.0750299551353519	0.0155648060873412	plant	maize	1.0	0.0	0.2033138841501831	0.25625584586893513	minhash_only_router	leave_clade_out	0.7470310171578516	0.20549725575337907	0.21495839676420225	True
calib_anchor	TFREPAIR_invert_boost_animal_4096_seed42	maize	0.9051649037911726	animal	plant	nan	nan	nan	animal_invert_boost_to_plant_fine	0.095466	0.095627	0.982637	173317530	1780954681	0.46090576171875	1500.0	3.1760912590556813	0	2182075994	685	308452471	226353449	5	0.0	0.477492	1000000	9.338869871458623	2.835690571492425	8.354787116327433	8.489188253709083	0.1273374287069573	0.0533723910378969	animal	western_honey_bee	0.005025125628140704	0.3070113457325394	0.0032634115604239684	0.4379740052416496	minhash_only_router	leave_clade_out	0.8182340863020693	0.20018718611410402	0.08693081748910336	True
calib_anchor	insect_no_beetle_4096	maize	0.8258861241547802	insect	plant	nan	nan	nan	insect_no_beetle_to_plant_fine	0.095466	0.095627	0.982637	173317530	1780954681	0.46090576171875	1500.0	3.1760912590556813	0	2182075994	685	308452471	226353449	5	0.0	0.477492	1000000	9.338869871458623	2.835690571492425	8.354787116327433	8.489188253709083	0.1559084305251094	0.0702371900678909	insect	western_honey_bee	0.005025125628140704	0.3070113457325394	0.004142861284097942	0.3213707762689546	minhash_only_router	leave_clade_out	0.1760119674301597	0.0936881854351896	0.6498741567246206	True
final_errorbar	ntv3_100m_pre_w2048	maize	0.6762307311381123	human_h0_ntv3_100m	plant	plant_fine	3.0	0.0224912037604054	nan	0.095466	0.095627	0.982637	173317530	1780954681	0.46090576171875	1500.0	3.1760912590556813	0	2182075994	685	308452471	226353449	5	0.0	0.477492	1000000	9.338869871458623	2.835690571492425	8.354787116327433	8.489188253709083	0.2040939811147172	0.106620240001949	human_h0_ntv3_100m	human	0.004016064257028112	0.3218875824868201	0.004016064257028112	0.3218875824868201	minhash_only_router	leave_clade_out	0.24012584477277388	0.16280992737607855	0.4361048863653384	True
final_errorbar	ntv2_250m_w4096	maize	0.2409539973278451	human_h0_ntv2_250m	plant	plant_fine	3.0	0.0067936566735462	nan	0.095466	0.095627	0.982637	173317530	1780954681	0.46090576171875	1500.0	3.1760912590556813	0	2182075994	685	308452471	226353449	5	0.0	0.477492	1000000	9.338869871458623	2.835690571492425	8.354787116327433	8.489188253709083	0.2040939811147172	0.106620240001949	human_h0_ntv2_250m	human	0.004016064257028112	0.3218875824868201	0.004016064257028112	0.3218875824868201	minhash_only_router	leave_clade_out	0.2619002871304807	0.19419917245044582	0.020946289802635604	True
supp_h0_transfer	ntv2_500m_H0_w4096	maize	0.2346799513542635	human_h0_ntv2_500m	plant	nan	nan	nan	transfer_BC_w4096	0.095466	0.095627	0.982637	173317530	1780954681	0.46090576171875	1500.0	3.1760912590556813	0	2182075994	685	308452471	226353449	5	0.0	0.477492	1000000	9.338869871458623	2.835690571492425	8.354787116327433	8.489188253709083	0.2040939811147172	0.106620240001949	human_h0_ntv2_500m	human	0.004016064257028112	0.3218875824868201	0.004016064257028112	0.3218875824868201	minhash_only_router	leave_clade_out	0.3341611486480777	0.25030051290611477	0.09948119729381422	True
supp_h0_transfer	ntv2_500m_H0_w4096	mouse	0.937559801228433	human_h0_ntv2_500m	vertebrate	nan	nan	nan	transfer_BC_w4096	0.892472	0.903571	0.986424	1012599366	1105449631	0.4245689865689865	90.0	1.9542425094393248	0	2728222451	61	195154279	130530862	9	0.7530864197530864	0.386286	1000000	9.435879778485567	1.7853298350107671	8.115713206016725	8.290378078167688	0.3013870747975756	0.1905529139271684	human_h0_ntv2_500m	human	0.0	1.0	0.0	1.0	minhash_only_router	leave_clade_out	0.4357179107846802	0.2600277389527515	0.5018418904437527	True
final_errorbar	ntv2_250m_w4096	mouse	0.9180812946491188	human_h0_ntv2_250m	vertebrate	animal_fine	3.0	0.0328346949301695	nan	0.892472	0.903571	0.986424	1012599366	1105449631	0.4245689865689865	90.0	1.9542425094393248	0	2728222451	61	195154279	130530862	9	0.7530864197530864	0.386286	1000000	9.435879778485567	1.7853298350107671	8.115713206016725	8.290378078167688	0.3013870747975756	0.1905529139271684	human_h0_ntv2_250m	human	0.0	1.0	0.0	1.0	minhash_only_router	leave_clade_out	0.42969561510021853	0.26503042713105446	0.4883856795489003	True
final_errorbar	ntv3_100m_pre_w2048	mouse	0.7771925460040144	human_h0_ntv3_100m	vertebrate	animal_fine	3.0	0.0909697815563608	nan	0.892472	0.903571	0.986424	1012599366	1105449631	0.4245689865689865	90.0	1.9542425094393248	0	2728222451	61	195154279	130530862	9	0.7530864197530864	0.386286	1000000	9.435879778485567	1.7853298350107671	8.115713206016725	8.290378078167688	0.3013870747975756	0.1905529139271684	human_h0_ntv3_100m	human	0.0	1.0	0.0	1.0	minhash_only_router	leave_clade_out	0.47490131790320295	0.23695219160508962	0.3022912281008115	True
calib_anchor	TFREPAIR_invert_boost_animal_4096_seed42	opossum	0.8811419601553324	animal	vertebrate	nan	nan	nan	animal_invert_boost_to_cross_eval	0.387702	0.396173	0.947731	784870682	1877580601	nan	160.0	2.204119982655925	1	3605631728	11	748055161	527952102	3	0.0177926855021289	0.435701	1000000	9.556981366683372	1.041392685158225	8.72259452332798	8.873933623579223	0.1607102295887423	0.0512806903667795	animal	zebrafish	0.01035615054306643	0.25915535952251834	0.005919173183644179	0.4048484687282123	minhash_only_router	leave_clade_out	0.3801507648649678	0.3315337219409937	0.5009911952903646	True
calib_anchor	cross_supervised_4096	opossum	0.8799647530707007	cross	vertebrate	nan	nan	nan	cross_supervised_to_cross_eval	0.387702	0.396173	0.947731	784870682	1877580601	nan	160.0	2.204119982655925	0	3605631728	11	748055161	527952102	3	0.0177926855021289	0.435701	1000000	9.556981366683372	1.041392685158225	8.72259452332798	8.873933623579223	0.1586751820351534	0.0461873669021071	cross	zebrafish	0.01035615054306643	0.25915535952251834	0.005758870302232056	0.3796592720350531	minhash_only_router	leave_clade_out	0.2992472713913985	0.27377584357915163	0.5807174816793021	True
calib_anchor	insect_no_beetle_4096	opossum	0.3505344111723824	insect	vertebrate	nan	nan	nan	insect_no_beetle_to_cross_eval	0.387702	0.396173	0.947731	784870682	1877580601	nan	160.0	2.204119982655925	0	3605631728	11	748055161	527952102	3	0.0177926855021289	0.435701	1000000	9.556981366683372	1.041392685158225	8.72259452332798	8.873933623579223	0.2442594329957188	0.1031924297457334	insect	western_honey_bee	0.006795872136924239	0.28700437290251685	0.006289562922874994	0.2923491279050229	minhash_only_router	leave_clade_out	0.3454710620913266	0.30089877541611487	0.005063349081055768	True
calib_anchor	plant_supervised_4096	opossum	0.3131202191971405	plant	vertebrate	nan	nan	nan	plant_supervised_to_cross_eval	0.387702	0.396173	0.947731	784870682	1877580601	nan	160.0	2.204119982655925	0	3605631728	11	748055161	527952102	3	0.0177926855021289	0.435701	1000000	9.556981366683372	1.041392685158225	8.72259452332798	8.873933623579223	0.1664911752100362	0.0432563267938208	plant	rice	0.006542526421741319	0.28952039476804003	0.005733093291372909	0.2987077906933562	minhash_only_router	leave_clade_out	0.27038596787057023	0.2532505275182534	0.04273425132657027	True
calib_anchor	TFREPAIR_invert_boost_animal_4096_seed42	pig	0.8761131743803473	animal	vertebrate	nan	nan	nan	animal_invert_boost_to_cross_eval	0.582164	0.594998	0.964273	664295117	1076577590	nan	96.0	1.9822712330395684	1	274330532	1	274330532	274330532	1	0.0	0.530948	1000000	8.438274145705899	0.0	8.438274145705899	8.438274145705899	0.2077955972696367	0.1201355226055826	animal	chicken	0.006036217303822937	0.2948565752796091	0.004062053480986848	0.42517651498805437	minhash_only_router	leave_clade_out	0.48880709478054785	0.34940324181425314	0.38730607959979946	True
calib_anchor	cross_supervised_4096	pig	0.8761042913185231	cross	vertebrate	nan	nan	nan	cross_supervised_to_cross_eval	0.582164	0.594998	0.964273	664295117	1076577590	nan	96.0	1.9822712330395684	0	274330532	1	274330532	274330532	1	0.0	0.530948	1000000	8.438274145705899	0.0	8.438274145705899	8.438274145705899	0.2098828548461344	0.1185655744818539	cross	zebrafish	0.0057832537088257484	0.29769388290752885	0.003452096599401688	0.41023971230813205	minhash_only_router	leave_clade_out	0.49420026306447323	0.3566073882010262	0.38190402825404984	True
calib_anchor	insect_no_beetle_4096	pig	0.1493562637371058	insect	vertebrate	nan	nan	nan	insect_no_beetle_to_cross_eval	0.582164	0.594998	0.964273	664295117	1076577590	nan	96.0	1.9822712330395684	0	274330532	1	274330532	274330532	1	0.0	0.530948	1000000	8.438274145705899	0.0	8.438274145705899	8.438274145705899	0.2607430443062736	0.1731967686892715	insect	fruit_fly	0.004016064257028112	0.3218875824868201	0.0038900898449506934	0.3240388665247391	minhash_only_router	leave_clade_out	0.31674386259082465	0.20244844917168353	0.16738759885371884	True
calib_anchor	plant_supervised_4096	pig	0.0856805344147079	plant	vertebrate	nan	nan	nan	plant_supervised_to_cross_eval	0.582164	0.594998	0.964273	664295117	1076577590	nan	96.0	1.9822712330395684	0	274330532	1	274330532	274330532	1	0.0	0.530948	1000000	8.438274145705899	0.0	8.438274145705899	8.438274145705899	0.2025970561124229	0.105606010363931	plant	rice	0.004016064257028112	0.3218875824868201	0.0032107623454464725	0.33859434433918734	minhash_only_router	leave_clade_out	0.30219408806320364	0.1639950617895884	0.21651355364849573	True
calib_anchor	insect_no_beetle_4096	red_flour_beetle	0.0059299524368398	insect	insect	nan	nan	nan	insect_no_beetle_to_cross_eval	0.027167	0.29354	0.029068	1816066	179836	nan	820.0	2.9138138523837167	1	199682416	2211	32080666	13894384	6	0.0	0.330472	1000000	8.300339822655378	3.344588742578714	7.142839297329219	7.506243375731907	0.182358478678621	0.080736532281517	insect	western_honey_bee	0.011122345803842264	0.25444752170825474	0.0085792815538326	0.27465204849393193	minhash_only_router	leave_clade_out	0.39953858896866434	0.10842784626857778	0.39360863653182454	True
calib_anchor	insect_no_beetle_4096	red_flour_beetle	0.0059299524368398	insect	insect	nan	nan	nan	insect_no_beetle_to_stress_eval	0.027167	0.29354	0.029068	1816066	179836	nan	820.0	2.9138138523837167	1	199682416	2211	32080666	13894384	6	0.0	0.330472	1000000	8.300339822655378	3.344588742578714	7.142839297329219	7.506243375731907	0.182358478678621	0.080736532281517	insect	western_honey_bee	0.011122345803842264	0.25444752170825474	0.0085792815538326	0.27465204849393193	minhash_only_router	leave_clade_out	0.39953858896866434	0.10842784626857778	0.39360863653182454	True
anchor_anchor	insect_no_beetle_4096	red_flour_beetle	0.0059299524368398	insect	insect	nan	nan	nan	insect_no_beetle_to_insect_stress	0.027167	0.29354	0.029068	1816066	179836	nan	820.0	2.9138138523837167	1	199682416	2211	32080666	13894384	6	0.0	0.330472	1000000	8.300339822655378	3.344588742578714	7.142839297329219	7.506243375731907	0.182358478678621	0.080736532281517	insect	western_honey_bee	0.011122345803842264	0.25444752170825474	0.0085792815538326	0.27465204849393193	minhash_only_router	leave_clade_out	0.39953858896866434	0.10842784626857778	0.39360863653182454	True
anchor_anchor	insect_primary_4096	red_flour_beetle	0.0053634200258507	insect	insect	nan	nan	nan	insect_primary_to_insect_stress	0.027167	0.29354	0.029068	1816066	179836	nan	820.0	2.9138138523837167	1	199682416	2211	32080666	13894384	6	0.0	0.330472	1000000	8.300339822655378	3.344588742578714	7.142839297329219	7.506243375731907	0.182358478678621	0.080736532281517	insect	western_honey_bee	0.011122345803842264	0.25444752170825474	0.0085792815538326	0.27465204849393193	minhash_only_router	leave_clade_out	0.39953858896866434	0.10842784626857778	0.3941751689428136	True
calib_anchor	TFREPAIR_invert_boost_animal_4096_seed42	red_flour_beetle	0.0044488885799382	animal	insect	nan	nan	nan	animal_invert_boost_to_cross_eval	0.027167	0.29354	0.029068	1816066	179836	nan	820.0	2.9138138523837167	1	199682416	2211	32080666	13894384	6	0.0	0.330472	1000000	8.300339822655378	3.344588742578714	7.142839297329219	7.506243375731907	0.1716680913935699	0.0724491888367001	animal	c_elegans	0.015486164001015486	0.23266857302458474	0.007584523885984587	0.39905819788413927	minhash_only_router	leave_clade_out	0.45363014836951043	0.10170938527258173	0.44918125978957224	True
calib_anchor	TFREPAIR_invert_boost_animal_4096_seed42	red_flour_beetle	0.0044488885799382	animal	insect	nan	nan	nan	animal_invert_boost_to_stress_eval	0.027167	0.29354	0.029068	1816066	179836	nan	820.0	2.9138138523837167	1	199682416	2211	32080666	13894384	6	0.0	0.330472	1000000	8.300339822655378	3.344588742578714	7.142839297329219	7.506243375731907	0.1716680913935699	0.0724491888367001	animal	c_elegans	0.015486164001015486	0.23266857302458474	0.007584523885984587	0.39905819788413927	minhash_only_router	leave_clade_out	0.45363014836951043	0.10170938527258173	0.44918125978957224	True
anchor_anchor	TFREPAIR_invert_boost_animal_4096_seed42	red_flour_beetle	0.0044488885799382	animal	insect	nan	nan	nan	animal_invert_boost_to_insect_stress	0.027167	0.29354	0.029068	1816066	179836	nan	820.0	2.9138138523837167	1	199682416	2211	32080666	13894384	6	0.0	0.330472	1000000	8.300339822655378	3.344588742578714	7.142839297329219	7.506243375731907	0.1716680913935699	0.0724491888367001	animal	c_elegans	0.015486164001015486	0.23266857302458474	0.007584523885984587	0.39905819788413927	minhash_only_router	leave_clade_out	0.45363014836951043	0.10170938527258173	0.44918125978957224	True
calib_anchor	cross_supervised_4096	red_flour_beetle	0.0030871384254842	cross	insect	nan	nan	nan	cross_supervised_to_cross_eval	0.027167	0.29354	0.029068	1816066	179836	nan	820.0	2.9138138523837167	0	199682416	2211	32080666	13894384	6	0.0	0.330472	1000000	8.300339822655378	3.344588742578714	7.142839297329219	7.506243375731907	0.1770641784426884	0.0859070146414682	cross	c_elegans	0.015486164001015486	0.23266857302458474	0.007130218132851764	0.3701289443818736	minhash_only_router	leave_clade_out	0.5003740609719841	0.1094857123616065	0.4972869225464999	True
calib_anchor	cross_supervised_4096	red_flour_beetle	0.0030871384254842	cross	insect	nan	nan	nan	cross_supervised_to_stress_eval	0.027167	0.29354	0.029068	1816066	179836	nan	820.0	2.9138138523837167	0	199682416	2211	32080666	13894384	6	0.0	0.330472	1000000	8.300339822655378	3.344588742578714	7.142839297329219	7.506243375731907	0.1770641784426884	0.0859070146414682	cross	c_elegans	0.015486164001015486	0.23266857302458474	0.007130218132851764	0.3701289443818736	minhash_only_router	leave_clade_out	0.5003740609719841	0.1094857123616065	0.4972869225464999	True
anchor_anchor	cross_supervised_4096	red_flour_beetle	0.0030871384254842	cross	insect	nan	nan	nan	cross_supervised_to_insect_stress	0.027167	0.29354	0.029068	1816066	179836	nan	820.0	2.9138138523837167	0	199682416	2211	32080666	13894384	6	0.0	0.330472	1000000	8.300339822655378	3.344588742578714	7.142839297329219	7.506243375731907	0.1770641784426884	0.0859070146414682	cross	c_elegans	0.015486164001015486	0.23266857302458474	0.007130218132851764	0.3701289443818736	minhash_only_router	leave_clade_out	0.5003740609719841	0.1094857123616065	0.4972869225464999	True
calib_anchor	plant_supervised_4096	red_flour_beetle	0.0023709296255628	plant	insect	nan	nan	nan	plant_supervised_to_cross_eval	0.027167	0.29354	0.029068	1816066	179836	nan	820.0	2.9138138523837167	0	199682416	2211	32080666	13894384	6	0.0	0.330472	1000000	8.300339822655378	3.344588742578714	7.142839297329219	7.506243375731907	0.2062665763937115	0.1299963863429378	plant	maize	0.007556675062972292	0.2799803385253285	0.006391817070366698	0.2922710840261587	minhash_only_router	leave_clade_out	0.35188961958797105	0.13243363633570351	0.34951868996240826	True
calib_anchor	plant_supervised_4096	red_flour_beetle	0.0023709296255628	plant	insect	nan	nan	nan	plant_supervised_to_stress_eval	0.027167	0.29354	0.029068	1816066	179836	nan	820.0	2.9138138523837167	0	199682416	2211	32080666	13894384	6	0.0	0.330472	1000000	8.300339822655378	3.344588742578714	7.142839297329219	7.506243375731907	0.2062665763937115	0.1299963863429378	plant	maize	0.007556675062972292	0.2799803385253285	0.006391817070366698	0.2922710840261587	minhash_only_router	leave_clade_out	0.35188961958797105	0.13243363633570351	0.34951868996240826	True
calib_anchor	direct_red_flour_beetle_4096	red_flour_beetle	0.0	other_anchor	insect	nan	nan	nan	direct_beetle_to_cross_eval	0.027167	0.29354	0.029068	1816066	179836	nan	820.0	2.9138138523837167	0	199682416	2211	32080666	13894384	6	0.0	0.330472	1000000	8.300339822655378	3.344588742578714	7.142839297329219	7.506243375731907	0.387481875883399	0.3795499300235393	other_anchor	human	0.0035122930255895636	0.3307896753284549	0.0035122930255895636	0.3307896753284549	minhash_only_router	leave_clade_out	0.4815405704671705	0.1487669811526529	0.4815405704671705	True
calib_anchor	direct_red_flour_beetle_4096	red_flour_beetle	0.0	other_anchor	insect	nan	nan	nan	direct_beetle_to_stress_eval	0.027167	0.29354	0.029068	1816066	179836	nan	820.0	2.9138138523837167	0	199682416	2211	32080666	13894384	6	0.0	0.330472	1000000	8.300339822655378	3.344588742578714	7.142839297329219	7.506243375731907	0.387481875883399	0.3795499300235393	other_anchor	human	0.0035122930255895636	0.3307896753284549	0.0035122930255895636	0.3307896753284549	minhash_only_router	leave_clade_out	0.4815405704671705	0.1487669811526529	0.4815405704671705	True
calib_anchor	direct_western_honey_bee_4096	red_flour_beetle	0.0	other_anchor	insect	nan	nan	nan	direct_honeybee_to_cross_eval	0.027167	0.29354	0.029068	1816066	179836	nan	820.0	2.9138138523837167	0	199682416	2211	32080666	13894384	6	0.0	0.330472	1000000	8.300339822655378	3.344588742578714	7.142839297329219	7.506243375731907	0.387481875883399	0.3795499300235393	other_anchor	human	0.0035122930255895636	0.3307896753284549	0.0035122930255895636	0.3307896753284549	minhash_only_router	leave_clade_out	0.4815405704671705	0.1487669811526529	0.4815405704671705	True
calib_anchor	direct_western_honey_bee_4096	red_flour_beetle	0.0	other_anchor	insect	nan	nan	nan	direct_honeybee_to_stress_eval	0.027167	0.29354	0.029068	1816066	179836	nan	820.0	2.9138138523837167	0	199682416	2211	32080666	13894384	6	0.0	0.330472	1000000	8.300339822655378	3.344588742578714	7.142839297329219	7.506243375731907	0.387481875883399	0.3795499300235393	other_anchor	human	0.0035122930255895636	0.3307896753284549	0.0035122930255895636	0.3307896753284549	minhash_only_router	leave_clade_out	0.4815405704671705	0.1487669811526529	0.4815405704671705	True
calib_anchor	direct_red_flour_beetle_4096	red_flour_beetle	0.0	other_anchor	insect	nan	nan	nan	direct_beetle_own_holdout	0.027167	0.29354	0.029068	1816066	179836	nan	820.0	2.9138138523837167	0	199682416	2211	32080666	13894384	6	0.0	0.330472	1000000	8.300339822655378	3.344588742578714	7.142839297329219	7.506243375731907	0.387481875883399	0.3795499300235393	other_anchor	human	0.0035122930255895636	0.3307896753284549	0.0035122930255895636	0.3307896753284549	minhash_only_router	leave_clade_out	0.4815405704671705	0.1487669811526529	0.4815405704671705	True
calib_anchor	cross_supervised_4096	rice	0.8757886614942711	cross	plant	nan	nan	nan	cross_supervised_to_plant_fine	0.042709	0.042814	0.945597	6804792	150290274	0.4367724609375	1500.0	3.1760912590556813	0	375049285	63	43270923	29958434	6	0.0009990009990009	0.440543	1000000	8.574088341853379	1.7993405494535817	7.476519107994928	7.636196159112094	0.0509643028428826	0.0089788460254062	cross	rice	1.0	0.0	0.12975073397671608	0.3457527198120651	minhash_only_router	leave_clade_out	0.7564935596234932	0.19415466601916787	0.11929510187077796	True
calib_anchor	plant_supervised_4096	rice	0.8707687905287769	plant	plant	nan	nan	nan	plant_supervised_to_plant_fine	0.042709	0.042814	0.945597	6804792	150290274	0.4367724609375	1500.0	3.1760912590556813	1	375049285	63	43270923	29958434	6	0.0009990009990009	0.440543	1000000	8.574088341853379	1.7993405494535817	7.476519107994928	7.636196159112094	0.0266445732235012	0.0019077973482301	plant	rice	1.0	0.0	0.20493186326624202	0.23656122869633292	minhash_only_router	leave_clade_out	0.7512658283419785	0.1998930935901675	0.11950296218679834	True
calib_anchor	TFREPAIR_invert_boost_animal_4096_seed42	rice	0.7436754544113025	animal	plant	nan	nan	nan	animal_invert_boost_to_plant_fine	0.042709	0.042814	0.945597	6804792	150290274	0.4367724609375	1500.0	3.1760912590556813	0	375049285	63	43270923	29958434	6	0.0009990009990009	0.440543	1000000	8.574088341853379	1.7993405494535817	7.476519107994928	7.636196159112094	0.0884855408342787	0.024015940484199	animal	western_honey_bee	0.008827238335435058	0.26970362653684454	0.005414294543385888	0.4127043451398356	minhash_only_router	leave_clade_out	0.5228705456536922	0.24148028164210794	0.22080490875761027	True
calib_anchor	insect_no_beetle_4096	rice	0.6461381376419327	insect	plant	nan	nan	nan	insect_no_beetle_to_plant_fine	0.042709	0.042814	0.945597	6804792	150290274	0.4367724609375	1500.0	3.1760912590556813	0	375049285	63	43270923	29958434	6	0.0009990009990009	0.440543	1000000	8.574088341853379	1.7993405494535817	7.476519107994928	7.636196159112094	0.1297892289697576	0.0416255932528221	insect	western_honey_bee	0.008827238335435058	0.26970362653684454	0.00667378993617559	0.2918695033232862	minhash_only_router	leave_clade_out	0.29282586243889613	0.1774365259234587	0.3533122752030366	True
final_errorbar	ntv3_100m_pre_w2048	rice	0.4280118170164783	human_h0_ntv3_100m	plant	plant_fine	3.0	0.0089135891045139	nan	0.042709	0.042814	0.945597	6804792	150290274	0.4367724609375	1500.0	3.1760912590556813	0	375049285	63	43270923	29958434	6	0.0009990009990009	0.440543	1000000	8.574088341853379	1.7993405494535817	7.476519107994928	7.636196159112094	0.2387362365796297	0.1495374763496936	human_h0_ntv3_100m	human	0.004016064257028112	0.3218875824868201	0.004016064257028112	0.3218875824868201	minhash_only_router	leave_clade_out	0.24012584477277388	0.16280992737607855	0.1878859722437044	True
final_errorbar	ntv2_250m_w4096	rice	0.1180575922330197	human_h0_ntv2_250m	plant	plant_fine	3.0	0.0082940112619889	nan	0.042709	0.042814	0.945597	6804792	150290274	0.4367724609375	1500.0	3.1760912590556813	0	375049285	63	43270923	29958434	6	0.0009990009990009	0.440543	1000000	8.574088341853379	1.7993405494535817	7.476519107994928	7.636196159112094	0.2387362365796297	0.1495374763496936	human_h0_ntv2_250m	human	0.004016064257028112	0.3218875824868201	0.004016064257028112	0.3218875824868201	minhash_only_router	leave_clade_out	0.2619002871304807	0.19419917245044582	0.143842694897461	True
supp_h0_transfer	ntv2_500m_H0_w4096	rice	0.115519977917328	human_h0_ntv2_500m	plant	nan	nan	nan	transfer_BC_w4096	0.042709	0.042814	0.945597	6804792	150290274	0.4367724609375	1500.0	3.1760912590556813	0	375049285	63	43270923	29958434	6	0.0009990009990009	0.440543	1000000	8.574088341853379	1.7993405494535817	7.476519107994928	7.636196159112094	0.2387362365796297	0.1495374763496936	human_h0_ntv2_500m	human	0.004016064257028112	0.3218875824868201	0.004016064257028112	0.3218875824868201	minhash_only_router	leave_clade_out	0.3341611486480777	0.25030051290611477	0.21864117073074973	True
calib_anchor	cross_supervised_4096	sorghum	0.9154621597006132	cross	plant	nan	nan	nan	cross_supervised_to_plant_fine	0.057919	0.05798	0.982235	24648380	417568699	0.43649658203125	1500.0	3.1760912590556813	0	709344700	869	80884392	68658214	5	0.0	0.442729	1000000	8.85085732817176	2.9390197764486663	7.836692501973025	7.907864725292852	0.0537853232039029	0.0104612611262495	cross	sorghum	1.0	0.0	0.13054480664342852	0.339168602296494	minhash_only_router	leave_clade_out	0.735554145260742	0.21377682109990526	0.17990801443987114	True
calib_anchor	plant_supervised_4096	sorghum	0.9087078620701828	plant	plant	nan	nan	nan	plant_supervised_to_plant_fine	0.057919	0.05798	0.982235	24648380	417568699	0.43649658203125	1500.0	3.1760912590556813	1	709344700	869	80884392	68658214	5	0.0	0.442729	1000000	8.85085732817176	2.9390197764486663	7.836692501973025	7.907864725292852	0.0273914249208693	0.0019576048399221	plant	sorghum	1.0	0.0	0.20533854626250186	0.23331293426089625	minhash_only_router	leave_clade_out	0.7512658283419785	0.1998930935901675	0.1574420337282043	True
calib_anchor	TFREPAIR_invert_boost_animal_4096_seed42	sorghum	0.8370785739861111	animal	plant	nan	nan	nan	animal_invert_boost_to_plant_fine	0.057919	0.05798	0.982235	24648380	417568699	0.43649658203125	1500.0	3.1760912590556813	0	709344700	869	80884392	68658214	5	0.0	0.442729	1000000	8.85085732817176	2.9390197764486663	7.836692501973025	7.907864725292852	0.0942512747889714	0.0278449023844741	animal	c_elegans	0.009845998485231003	0.26248938756082907	0.0057520796300652354	0.4081500510093965	minhash_only_router	leave_clade_out	0.53832895165462	0.2337726762851961	0.29874962233149105	True
calib_anchor	insect_no_beetle_4096	sorghum	0.7395318366775196	insect	plant	nan	nan	nan	insect_no_beetle_to_plant_fine	0.057919	0.05798	0.982235	24648380	417568699	0.43649658203125	1500.0	3.1760912590556813	0	709344700	869	80884392	68658214	5	0.0	0.442729	1000000	8.85085732817176	2.9390197764486663	7.836692501973025	7.907864725292852	0.1395994473150001	0.0492361155990339	insect	western_honey_bee	0.006289308176100629	0.29213510897825873	0.005530989179735821	0.3012830038349841	minhash_only_router	leave_clade_out	0.3251729687488181	0.20021084213680118	0.4143588679287015	True
final_errorbar	ntv3_100m_pre_w2048	sorghum	0.4747462171975484	human_h0_ntv3_100m	plant	plant_fine	3.0	0.0156681636990695	nan	0.057919	0.05798	0.982235	24648380	417568699	0.43649658203125	1500.0	3.1760912590556813	0	709344700	869	80884392	68658214	5	0.0	0.442729	1000000	8.85085732817176	2.9390197764486663	7.836692501973025	7.907864725292852	0.2366280772731148	0.1465793330978378	human_h0_ntv3_100m	human	0.005025125628140704	0.3070113457325394	0.005025125628140704	0.3070113457325394	minhash_only_router	leave_clade_out	0.2709782583907849	0.1805994859621429	0.20376795880676352	True
supp_h0_transfer	ntv2_500m_H0_w4096	sorghum	0.1793904911276665	human_h0_ntv2_500m	plant	nan	nan	nan	transfer_BC_w4096	0.057919	0.05798	0.982235	24648380	417568699	0.43649658203125	1500.0	3.1760912590556813	0	709344700	869	80884392	68658214	5	0.0	0.442729	1000000	8.85085732817176	2.9390197764486663	7.836692501973025	7.907864725292852	0.2366280772731148	0.1465793330978378	human_h0_ntv2_500m	human	0.005025125628140704	0.3070113457325394	0.005025125628140704	0.3070113457325394	minhash_only_router	leave_clade_out	0.36860784603883956	0.24793846115952992	0.18921735491117306	True
final_errorbar	ntv2_250m_w4096	sorghum	0.1551588113564608	human_h0_ntv2_250m	plant	plant_fine	3.0	0.0342168256944894	nan	0.057919	0.05798	0.982235	24648380	417568699	0.43649658203125	1500.0	3.1760912590556813	0	709344700	869	80884392	68658214	5	0.0	0.442729	1000000	8.85085732817176	2.9390197764486663	7.836692501973025	7.907864725292852	0.2366280772731148	0.1465793330978378	human_h0_ntv2_250m	human	0.005025125628140704	0.3070113457325394	0.005025125628140704	0.3070113457325394	minhash_only_router	leave_clade_out	0.290913539306101	0.20694355937627304	0.13575472794964016	True
calib_anchor	TFREPAIR_invert_boost_animal_4096_seed42	soybean	0.5650860204945004	animal	plant	nan	nan	nan	animal_invert_boost_to_cross_eval	0.121572	0.122064	0.967888	51176368	405794558	nan	1550.0	3.1903316981702914	0	978491270	1190	58018742	48577505	10	0.0140867288186392	0.330132	1000000	8.990556955279926	3.0755469613925306	7.686435205146788	7.763568307914055	0.1721211082809056	0.0467496388777612	animal	c_elegans	0.015486164001015486	0.23266857302458474	0.008646221034963925	0.38898844540057326	minhash_only_router	leave_clade_out	0.4576258048003002	0.2839244732594092	0.10746021569420022	True
calib_anchor	TFREPAIR_invert_boost_animal_4096_seed42	soybean	0.5650854892493286	animal	plant	nan	nan	nan	animal_invert_boost_to_plant_eval	0.121572	0.122064	0.967888	51176368	405794558	nan	1550.0	3.1903316981702914	0	978491270	1190	58018742	48577505	10	0.0140867288186392	0.330132	1000000	8.990556955279926	3.0755469613925306	7.686435205146788	7.763568307914055	0.1721211082809056	0.0467496388777612	animal	c_elegans	0.015486164001015486	0.23266857302458474	0.008646221034963925	0.38898844540057326	minhash_only_router	leave_clade_out	0.4576258048003002	0.2839244732594092	0.10745968444902837	True
calib_anchor	insect_no_beetle_4096	soybean	0.4867824461937038	insect	plant	nan	nan	nan	insect_no_beetle_to_cross_eval	0.121572	0.122064	0.967888	51176368	405794558	nan	1550.0	3.1903316981702914	0	978491270	1190	58018742	48577505	10	0.0140867288186392	0.330132	1000000	8.990556955279926	3.0755469613925306	7.686435205146788	7.763568307914055	0.2213663352869438	0.0708915192575917	insect	western_honey_bee	0.014198782961460446	0.23837005125379554	0.010370654691600882	0.2639452230109178	minhash_only_router	leave_clade_out	0.6971418785650135	0.23789715280601287	0.21035943237130972	True
calib_anchor	insect_no_beetle_4096	soybean	0.4867824461937038	insect	plant	nan	nan	nan	insect_no_beetle_to_plant_eval	0.121572	0.122064	0.967888	51176368	405794558	nan	1550.0	3.1903316981702914	0	978491270	1190	58018742	48577505	10	0.0140867288186392	0.330132	1000000	8.990556955279926	3.0755469613925306	7.686435205146788	7.763568307914055	0.2213663352869438	0.0708915192575917	insect	western_honey_bee	0.014198782961460446	0.23837005125379554	0.010370654691600882	0.2639452230109178	minhash_only_router	leave_clade_out	0.6971418785650135	0.23789715280601287	0.21035943237130972	True
calib_anchor	cross_supervised_4096	soybean	0.4136761357660033	cross	plant	nan	nan	nan	cross_supervised_to_cross_eval	0.121572	0.122064	0.967888	51176368	405794558	nan	1550.0	3.1903316981702914	0	978491270	1190	58018742	48577505	10	0.0140867288186392	0.330132	1000000	8.990556955279926	3.0755469613925306	7.686435205146788	7.763568307914055	0.1689640981121739	0.0484850139947763	cross	c_elegans	0.015486164001015486	0.23266857302458474	0.007956602986319066	0.36343110874852025	minhash_only_router	leave_clade_out	0.48267622081110956	0.2923363496742966	0.06900008504510624	True
calib_anchor	cross_supervised_4096	soybean	0.4136761357660033	cross	plant	nan	nan	nan	cross_supervised_to_plant_eval	0.121572	0.122064	0.967888	51176368	405794558	nan	1550.0	3.1903316981702914	0	978491270	1190	58018742	48577505	10	0.0140867288186392	0.330132	1000000	8.990556955279926	3.0755469613925306	7.686435205146788	7.763568307914055	0.1689640981121739	0.0484850139947763	cross	c_elegans	0.015486164001015486	0.23266857302458474	0.007956602986319066	0.36343110874852025	minhash_only_router	leave_clade_out	0.48267622081110956	0.2923363496742966	0.06900008504510624	True
calib_anchor	plant_supervised_4096	soybean	0.4115535505913839	plant	plant	nan	nan	nan	plant_supervised_to_cross_eval	0.121572	0.122064	0.967888	51176368	405794558	nan	1550.0	3.1903316981702914	1	978491270	1190	58018742	48577505	10	0.0140867288186392	0.330132	1000000	8.990556955279926	3.0755469613925306	7.686435205146788	7.763568307914055	0.1946953499497931	0.0763255186024801	plant	thale_cress	0.014198782961460446	0.23837005125379554	0.008837825572143599	0.27442917651582677	minhash_only_router	leave_clade_out	0.3782374519911553	0.258611914534206	0.03331609860022855	True
calib_anchor	plant_supervised_4096	soybean	0.4115535505913839	plant	plant	nan	nan	nan	plant_supervised_to_plant_eval	0.121572	0.122064	0.967888	51176368	405794558	nan	1550.0	3.1903316981702914	1	978491270	1190	58018742	48577505	10	0.0140867288186392	0.330132	1000000	8.990556955279926	3.0755469613925306	7.686435205146788	7.763568307914055	0.1946953499497931	0.0763255186024801	plant	thale_cress	0.014198782961460446	0.23837005125379554	0.008837825572143599	0.27442917651582677	minhash_only_router	leave_clade_out	0.3782374519911553	0.258611914534206	0.03331609860022855	True
calib_anchor	plant_supervised_4096	teosinte	0.9308197551982428	plant	plant	nan	nan	nan	plant_supervised_to_cross_eval	0.086856	0.088019	0.868021	259955621	2563626352	nan	1500.0	3.1760912590556813	1	3290921811	8365	294039681	175094470	8	0.0	0.438516	1000000	9.517317564015846	3.922465945298413	8.243272429998866	8.468405942917126	0.2100077500333409	0.103231294898657	plant	maize	0.11950741673663588	0.10294122975423052	0.026661584705627107	0.288035154362955	minhash_only_router	leave_clade_out	0.6254379427969392	0.27435597722288807	0.3053818124013036	True
calib_anchor	plant_supervised_4096	teosinte	0.9308197551982428	plant	plant	nan	nan	nan	plant_supervised_to_plant_eval	0.086856	0.088019	0.868021	259955621	2563626352	nan	1500.0	3.1760912590556813	1	3290921811	8365	294039681	175094470	8	0.0	0.438516	1000000	9.517317564015846	3.922465945298413	8.243272429998866	8.468405942917126	0.2100077500333409	0.103231294898657	plant	maize	0.11950741673663588	0.10294122975423052	0.026661584705627107	0.288035154362955	minhash_only_router	leave_clade_out	0.6254379427969392	0.27435597722288807	0.3053818124013036	True
calib_anchor	cross_supervised_4096	teosinte	0.9299634062638152	cross	plant	nan	nan	nan	cross_supervised_to_cross_eval	0.086856	0.088019	0.868021	259955621	2563626352	nan	1500.0	3.1760912590556813	0	3290921811	8365	294039681	175094470	8	0.0	0.438516	1000000	9.517317564015846	3.922465945298413	8.243272429998866	8.468405942917126	0.2120411295082017	0.1047709646574465	cross	maize	0.11950741673663588	0.10294122975423052	0.017635981476163853	0.38584098565941843	minhash_only_router	leave_clade_out	0.7066401373868773	0.2385046236519046	0.22332326887693799	True
calib_anchor	cross_supervised_4096	teosinte	0.9299634062638152	cross	plant	nan	nan	nan	cross_supervised_to_plant_eval	0.086856	0.088019	0.868021	259955621	2563626352	nan	1500.0	3.1760912590556813	0	3290921811	8365	294039681	175094470	8	0.0	0.438516	1000000	9.517317564015846	3.922465945298413	8.243272429998866	8.468405942917126	0.2120411295082017	0.1047709646574465	cross	maize	0.11950741673663588	0.10294122975423052	0.017635981476163853	0.38584098565941843	minhash_only_router	leave_clade_out	0.7066401373868773	0.2385046236519046	0.22332326887693799	True
calib_anchor	TFREPAIR_invert_boost_animal_4096_seed42	teosinte	0.8886845637016639	animal	plant	nan	nan	nan	animal_invert_boost_to_cross_eval	0.086856	0.088019	0.868021	259955621	2563626352	nan	1500.0	3.1760912590556813	0	3290921811	8365	294039681	175094470	8	0.0	0.438516	1000000	9.517317564015846	3.922465945298413	8.243272429998866	8.468405942917126	0.2168178063542519	0.1112460410900726	animal	western_honey_bee	0.005025125628140704	0.3070113457325394	0.0026768548044381144	0.4546859763169415	minhash_only_router	leave_clade_out	0.8176703574091668	0.20015322003105201	0.0710142062924971	True
calib_anchor	TFREPAIR_invert_boost_animal_4096_seed42	teosinte	0.8886845637016639	animal	plant	nan	nan	nan	animal_invert_boost_to_plant_eval	0.086856	0.088019	0.868021	259955621	2563626352	nan	1500.0	3.1760912590556813	0	3290921811	8365	294039681	175094470	8	0.0	0.438516	1000000	9.517317564015846	3.922465945298413	8.243272429998866	8.468405942917126	0.2168178063542519	0.1112460410900726	animal	western_honey_bee	0.005025125628140704	0.3070113457325394	0.0026768548044381144	0.4546859763169415	minhash_only_router	leave_clade_out	0.8176703574091668	0.20015322003105201	0.0710142062924971	True
calib_anchor	insect_no_beetle_4096	teosinte	0.7928110204987012	insect	plant	nan	nan	nan	insect_no_beetle_to_cross_eval	0.086856	0.088019	0.868021	259955621	2563626352	nan	1500.0	3.1760912590556813	0	3290921811	8365	294039681	175094470	8	0.0	0.438516	1000000	9.517317564015846	3.922465945298413	8.243272429998866	8.468405942917126	0.24756711504357	0.1387104209292143	insect	western_honey_bee	0.005025125628140704	0.3070113457325394	0.004142861284097942	0.3213707762689546	minhash_only_router	leave_clade_out	0.1760119674301597	0.0936881854351896	0.6167990530685415	True
calib_anchor	insect_no_beetle_4096	teosinte	0.7928110204987012	insect	plant	nan	nan	nan	insect_no_beetle_to_plant_eval	0.086856	0.088019	0.868021	259955621	2563626352	nan	1500.0	3.1760912590556813	0	3290921811	8365	294039681	175094470	8	0.0	0.438516	1000000	9.517317564015846	3.922465945298413	8.243272429998866	8.468405942917126	0.24756711504357	0.1387104209292143	insect	western_honey_bee	0.005025125628140704	0.3070113457325394	0.004142861284097942	0.3213707762689546	minhash_only_router	leave_clade_out	0.1760119674301597	0.0936881854351896	0.6167990530685415	True
calib_anchor	cross_supervised_4096	thale_cress	0.7121875392581978	cross	plant	nan	nan	nan	cross_supervised_to_plant_fine	0.043011	0.043145	0.932855	1297325	28049979	0.37922119140625	1550.0	3.1903316981702914	0	119667750	7	30427671	23459830	3	0.0	0.372445	1000000	8.077977125476142	0.8450980400142568	7.370324860706645	7.48326871178776	0.1110569059282151	0.0213077580291249	cross	zebrafish	0.009591115598182737	0.26422108665437977	0.006171162289570814	0.3760555391738481	minhash_only_router	leave_clade_out	0.5137451391448656	0.2831511883164746	0.19844240011333214	True
calib_anchor	plant_supervised_4096	thale_cress	0.6974776069597389	plant	plant	nan	nan	nan	plant_supervised_to_plant_fine	0.043011	0.043145	0.932855	1297325	28049979	0.37922119140625	1550.0	3.1903316981702914	1	119667750	7	30427671	23459830	3	0.0	0.372445	1000000	8.077977125476142	0.8450980400142568	7.370324860706645	7.48326871178776	0.1249666485378415	0.0307960258984802	plant	thale_cress	1.0	0.0	0.2046275443404551	0.23908445535817996	minhash_only_router	leave_clade_out	0.7512658283419785	0.1998930935901675	0.0537882213822396	True
calib_anchor	TFREPAIR_invert_boost_animal_4096_seed42	thale_cress	0.2079073653834738	animal	plant	nan	nan	nan	animal_invert_boost_to_plant_fine	0.043011	0.043145	0.932855	1297325	28049979	0.37922119140625	1550.0	3.1903316981702914	0	119667750	7	30427671	23459830	3	0.0	0.372445	1000000	8.077977125476142	0.8450980400142568	7.370324860706645	7.48326871178776	0.1234742428456467	0.0279292546598651	animal	western_honey_bee	0.01035615054306643	0.25915535952251834	0.0066413873495687606	0.4013179338212955	minhash_only_router	leave_clade_out	0.5052218536026232	0.24191767182488022	0.2973144882191494	True
calib_anchor	insect_no_beetle_4096	thale_cress	0.1382559591838703	insect	plant	nan	nan	nan	insect_no_beetle_to_plant_fine	0.043011	0.043145	0.932855	1297325	28049979	0.37922119140625	1550.0	3.1903316981702914	0	119667750	7	30427671	23459830	3	0.0	0.372445	1000000	8.077977125476142	0.8450980400142568	7.370324860706645	7.48326871178776	0.1564172368424756	0.0430840989911306	insect	western_honey_bee	0.01035615054306643	0.25915535952251834	0.008702747980495954	0.2718676114068218	minhash_only_router	leave_clade_out	0.33377134500621825	0.2137592763714869	0.19551538582234795	True
final_errorbar	ntv3_100m_pre_w2048	thale_cress	0.1299511497000876	human_h0_ntv3_100m	plant	plant_fine	3.0	0.0173026332429277	nan	0.043011	0.043145	0.932855	1297325	28049979	0.37922119140625	1550.0	3.1903316981702914	0	119667750	7	30427671	23459830	3	0.0	0.372445	1000000	8.077977125476142	0.8450980400142568	7.370324860706645	7.48326871178776	0.3352596901322179	0.268016439460078	human_h0_ntv3_100m	human	0.004016064257028112	0.3218875824868201	0.004016064257028112	0.3218875824868201	minhash_only_router	leave_clade_out	0.24012584477277388	0.16280992737607855	0.11017469507268629	True
final_errorbar	ntv2_250m_w4096	thale_cress	0.059250325526733	human_h0_ntv2_250m	plant	plant_fine	3.0	0.0279221757123653	nan	0.043011	0.043145	0.932855	1297325	28049979	0.37922119140625	1550.0	3.1903316981702914	0	119667750	7	30427671	23459830	3	0.0	0.372445	1000000	8.077977125476142	0.8450980400142568	7.370324860706645	7.48326871178776	0.3352596901322179	0.268016439460078	human_h0_ntv2_250m	human	0.004016064257028112	0.3218875824868201	0.004016064257028112	0.3218875824868201	minhash_only_router	leave_clade_out	0.2619002871304807	0.19419917245044582	0.2026499616037477	True
supp_h0_transfer	ntv2_500m_H0_w4096	thale_cress	0.0350888069185704	human_h0_ntv2_500m	plant	nan	nan	nan	transfer_BC_w4096	0.043011	0.043145	0.932855	1297325	28049979	0.37922119140625	1550.0	3.1903316981702914	0	119667750	7	30427671	23459830	3	0.0	0.372445	1000000	8.077977125476142	0.8450980400142568	7.370324860706645	7.48326871178776	0.3352596901322179	0.268016439460078	human_h0_ntv2_500m	human	0.004016064257028112	0.3218875824868201	0.004016064257028112	0.3218875824868201	minhash_only_router	leave_clade_out	0.3341611486480777	0.25030051290611477	0.2990723417295073	True
supp_h0_transfer	ntv2_500m_H0_w4096	western_clawed_frog	0.7676709570719781	human_h0_ntv2_500m	vertebrate	nan	nan	nan	transfer_BC_w4096	0.000179	0.000179	0.967076	84407	455592780	0.5371810538664581	360.0	2.556302500767288	0	1451301209	167	217471166	153961319	5	0.0029910269192422	0.505897	1000000	9.16175755704896	2.2227164711475837	8.18741162307706	8.337401683004607	0.1957973399316009	0.0911435831684164	human_h0_ntv2_500m	human	0.002506265664160401	0.35322115776986907	0.002506265664160401	0.35322115776986907	minhash_only_router	leave_clade_out	0.30465911921111466	0.15931905107592229	0.4630118378608634	True
final_errorbar	ntv2_250m_w4096	western_clawed_frog	0.6476854010493278	human_h0_ntv2_250m	vertebrate	animal_fine	3.0	0.0436579387818896	nan	0.000179	0.000179	0.967076	84407	455592780	0.5371810538664581	360.0	2.556302500767288	0	1451301209	167	217471166	153961319	5	0.0029910269192422	0.505897	1000000	9.16175755704896	2.2227164711475837	8.18741162307706	8.337401683004607	0.1957973399316009	0.0911435831684164	human_h0_ntv2_250m	human	0.002506265664160401	0.35322115776986907	0.002506265664160401	0.35322115776986907	minhash_only_router	leave_clade_out	0.29359747628125826	0.1677840765747879	0.35408792476806955	True
final_errorbar	ntv3_100m_pre_w2048	western_clawed_frog	0.5191597065847986	human_h0_ntv3_100m	vertebrate	animal_fine	3.0	0.0896323044666213	nan	0.000179	0.000179	0.967076	84407	455592780	0.5371810538664581	360.0	2.556302500767288	0	1451301209	167	217471166	153961319	5	0.0029910269192422	0.505897	1000000	9.16175755704896	2.2227164711475837	8.18741162307706	8.337401683004607	0.1957973399316009	0.0911435831684164	human_h0_ntv3_100m	human	0.002506265664160401	0.35322115776986907	0.002506265664160401	0.35322115776986907	minhash_only_router	leave_clade_out	0.3661777890837162	0.14542030925276245	0.15298191750108242	True
anchor_anchor	insect_primary_4096	western_honey_bee	0.946524064171123	insect	insect	nan	nan	nan	insect_primary_to_insect_stress	0.020425	0.982865	0.020432	4337232	90164	nan	820.0	2.9138138523837167	1	51457486	3	25433307	14233499	2	0.0388635522641971	0.404665	1000000	7.71144856455995	0.4771212547196624	7.15331167517893	7.405402833572285	0.1030895049884773	0.0198094430108711	insect	western_honey_bee	1.0	0.0	0.5045408678102926	0.13391278403619908	minhash_only_router	leave_clade_out	0.8513589017181559	0.0684826143830922	0.09516516245296713	True
calib_anchor	insect_no_beetle_4096	western_honey_bee	0.7983193277310925	insect	insect	nan	nan	nan	insect_no_beetle_to_cross_eval	0.020425	0.982865	0.020432	4337232	90164	nan	820.0	2.9138138523837167	1	51457486	3	25433307	14233499	2	0.0388635522641971	0.404665	1000000	7.71144856455995	0.4771212547196624	7.15331167517893	7.405402833572285	0.1030895049884773	0.0198094430108711	insect	western_honey_bee	1.0	0.0	0.5045408678102926	0.13391278403619908	minhash_only_router	leave_clade_out	0.8513589017181559	0.0684826143830922	0.05303957398706338	True
calib_anchor	insect_no_beetle_4096	western_honey_bee	0.7983193277310925	insect	insect	nan	nan	nan	insect_no_beetle_to_stress_eval	0.020425	0.982865	0.020432	4337232	90164	nan	820.0	2.9138138523837167	1	51457486	3	25433307	14233499	2	0.0388635522641971	0.404665	1000000	7.71144856455995	0.4771212547196624	7.15331167517893	7.405402833572285	0.1030895049884773	0.0198094430108711	insect	western_honey_bee	1.0	0.0	0.5045408678102926	0.13391278403619908	minhash_only_router	leave_clade_out	0.8513589017181559	0.0684826143830922	0.05303957398706338	True
anchor_anchor	insect_no_beetle_4096	western_honey_bee	0.7983193277310925	insect	insect	nan	nan	nan	insect_no_beetle_to_insect_stress	0.020425	0.982865	0.020432	4337232	90164	nan	820.0	2.9138138523837167	1	51457486	3	25433307	14233499	2	0.0388635522641971	0.404665	1000000	7.71144856455995	0.4771212547196624	7.15331167517893	7.405402833572285	0.1030895049884773	0.0198094430108711	insect	western_honey_bee	1.0	0.0	0.5045408678102926	0.13391278403619908	minhash_only_router	leave_clade_out	0.8513589017181559	0.0684826143830922	0.05303957398706338	True
calib_anchor	TFREPAIR_invert_boost_animal_4096_seed42	western_honey_bee	0.05217988328184	animal	insect	nan	nan	nan	animal_invert_boost_to_cross_eval	0.020425	0.982865	0.020432	4337232	90164	nan	820.0	2.9138138523837167	1	51457486	3	25433307	14233499	2	0.0388635522641971	0.404665	1000000	7.71144856455995	0.4771212547196624	7.15331167517893	7.405402833572285	0.1975547081920625	0.0743872976560842	animal	western_honey_bee	1.0	0.0	0.17281984150581312	0.3534184362242991	minhash_only_router	leave_clade_out	0.8882786223774705	0.05122528699038868	0.8360987390956305	True
calib_anchor	TFREPAIR_invert_boost_animal_4096_seed42	western_honey_bee	0.05217988328184	animal	insect	nan	nan	nan	animal_invert_boost_to_stress_eval	0.020425	0.982865	0.020432	4337232	90164	nan	820.0	2.9138138523837167	1	51457486	3	25433307	14233499	2	0.0388635522641971	0.404665	1000000	7.71144856455995	0.4771212547196624	7.15331167517893	7.405402833572285	0.1975547081920625	0.0743872976560842	animal	western_honey_bee	1.0	0.0	0.17281984150581312	0.3534184362242991	minhash_only_router	leave_clade_out	0.8882786223774705	0.05122528699038868	0.8360987390956305	True
anchor_anchor	TFREPAIR_invert_boost_animal_4096_seed42	western_honey_bee	0.05217988328184	animal	insect	nan	nan	nan	animal_invert_boost_to_insect_stress	0.020425	0.982865	0.020432	4337232	90164	nan	820.0	2.9138138523837167	1	51457486	3	25433307	14233499	2	0.0388635522641971	0.404665	1000000	7.71144856455995	0.4771212547196624	7.15331167517893	7.405402833572285	0.1975547081920625	0.0743872976560842	animal	western_honey_bee	1.0	0.0	0.17281984150581312	0.3534184362242991	minhash_only_router	leave_clade_out	0.8882786223774705	0.05122528699038868	0.8360987390956305	True
calib_anchor	cross_supervised_4096	western_honey_bee	0.0052898014902451	cross	insect	nan	nan	nan	cross_supervised_to_cross_eval	0.020425	0.982865	0.020432	4337232	90164	nan	820.0	2.9138138523837167	0	51457486	3	25433307	14233499	2	0.0388635522641971	0.404665	1000000	7.71144856455995	0.4771212547196624	7.15331167517893	7.405402833572285	0.2119073798001238	0.0902008757309238	cross	c_elegans	0.014970819588936818	0.2348910010424242	0.007447289680201807	0.3674433006422611	minhash_only_router	leave_clade_out	0.4955152156697487	0.10852824663976623	0.4902254141795036	True
calib_anchor	cross_supervised_4096	western_honey_bee	0.0052898014902451	cross	insect	nan	nan	nan	cross_supervised_to_stress_eval	0.020425	0.982865	0.020432	4337232	90164	nan	820.0	2.9138138523837167	0	51457486	3	25433307	14233499	2	0.0388635522641971	0.404665	1000000	7.71144856455995	0.4771212547196624	7.15331167517893	7.405402833572285	0.2119073798001238	0.0902008757309238	cross	c_elegans	0.014970819588936818	0.2348910010424242	0.007447289680201807	0.3674433006422611	minhash_only_router	leave_clade_out	0.4955152156697487	0.10852824663976623	0.4902254141795036	True
anchor_anchor	cross_supervised_4096	western_honey_bee	0.0052898014902451	cross	insect	nan	nan	nan	cross_supervised_to_insect_stress	0.020425	0.982865	0.020432	4337232	90164	nan	820.0	2.9138138523837167	0	51457486	3	25433307	14233499	2	0.0388635522641971	0.404665	1000000	7.71144856455995	0.4771212547196624	7.15331167517893	7.405402833572285	0.2119073798001238	0.0902008757309238	cross	c_elegans	0.014970819588936818	0.2348910010424242	0.007447289680201807	0.3674433006422611	minhash_only_router	leave_clade_out	0.4955152156697487	0.10852824663976623	0.4902254141795036	True
calib_anchor	plant_supervised_4096	western_honey_bee	0.0003842421976866	plant	insect	nan	nan	nan	plant_supervised_to_cross_eval	0.020425	0.982865	0.020432	4337232	90164	nan	820.0	2.9138138523837167	0	51457486	3	25433307	14233499	2	0.0388635522641971	0.404665	1000000	7.71144856455995	0.4771212547196624	7.15331167517893	7.405402833572285	0.2144848278327983	0.1040586970085212	plant	thale_cress	0.01035615054306643	0.25915535952251834	0.007054098573222767	0.2876872678923741	minhash_only_router	leave_clade_out	0.3969953344250004	0.1383232948547258	0.3966110922273138	True
calib_anchor	plant_supervised_4096	western_honey_bee	0.0003842416254314	plant	insect	nan	nan	nan	plant_supervised_to_stress_eval	0.020425	0.982865	0.020432	4337232	90164	nan	820.0	2.9138138523837167	0	51457486	3	25433307	14233499	2	0.0388635522641971	0.404665	1000000	7.71144856455995	0.4771212547196624	7.15331167517893	7.405402833572285	0.2144848278327983	0.1040586970085212	plant	thale_cress	0.01035615054306643	0.25915535952251834	0.007054098573222767	0.2876872678923741	minhash_only_router	leave_clade_out	0.3969953344250004	0.1383232948547258	0.396611092799569	True
calib_anchor	direct_red_flour_beetle_4096	western_honey_bee	0.0	other_anchor	insect	nan	nan	nan	direct_beetle_to_cross_eval	0.020425	0.982865	0.020432	4337232	90164	nan	820.0	2.9138138523837167	0	51457486	3	25433307	14233499	2	0.0388635522641971	0.404665	1000000	7.71144856455995	0.4771212547196624	7.15331167517893	7.405402833572285	0.3782434204252473	0.3304654870915913	other_anchor	human	0.005530417295123178	0.3006573337455844	0.005530417295123178	0.3006573337455844	minhash_only_router	leave_clade_out	0.5447143332999036	0.23002704753655637	0.5447143332999036	True
calib_anchor	direct_red_flour_beetle_4096	western_honey_bee	0.0	other_anchor	insect	nan	nan	nan	direct_beetle_to_stress_eval	0.020425	0.982865	0.020432	4337232	90164	nan	820.0	2.9138138523837167	0	51457486	3	25433307	14233499	2	0.0388635522641971	0.404665	1000000	7.71144856455995	0.4771212547196624	7.15331167517893	7.405402833572285	0.3782434204252473	0.3304654870915913	other_anchor	human	0.005530417295123178	0.3006573337455844	0.005530417295123178	0.3006573337455844	minhash_only_router	leave_clade_out	0.5447143332999036	0.23002704753655637	0.5447143332999036	True
calib_anchor	direct_western_honey_bee_4096	western_honey_bee	0.0	other_anchor	insect	nan	nan	nan	direct_honeybee_to_cross_eval	0.020425	0.982865	0.020432	4337232	90164	nan	820.0	2.9138138523837167	0	51457486	3	25433307	14233499	2	0.0388635522641971	0.404665	1000000	7.71144856455995	0.4771212547196624	7.15331167517893	7.405402833572285	0.3782434204252473	0.3304654870915913	other_anchor	human	0.005530417295123178	0.3006573337455844	0.005530417295123178	0.3006573337455844	minhash_only_router	leave_clade_out	0.5447143332999036	0.23002704753655637	0.5447143332999036	True
calib_anchor	direct_western_honey_bee_4096	western_honey_bee	0.0	other_anchor	insect	nan	nan	nan	direct_honeybee_to_stress_eval	0.020425	0.982865	0.020432	4337232	90164	nan	820.0	2.9138138523837167	0	51457486	3	25433307	14233499	2	0.0388635522641971	0.404665	1000000	7.71144856455995	0.4771212547196624	7.15331167517893	7.405402833572285	0.3782434204252473	0.3304654870915913	other_anchor	human	0.005530417295123178	0.3006573337455844	0.005530417295123178	0.3006573337455844	minhash_only_router	leave_clade_out	0.5447143332999036	0.23002704753655637	0.5447143332999036	True
calib_anchor	direct_western_honey_bee_4096	western_honey_bee	0.0	other_anchor	insect	nan	nan	nan	direct_honeybee_own_holdout	0.020425	0.982865	0.020432	4337232	90164	nan	820.0	2.9138138523837167	0	51457486	3	25433307	14233499	2	0.0388635522641971	0.404665	1000000	7.71144856455995	0.4771212547196624	7.15331167517893	7.405402833572285	0.3782434204252473	0.3304654870915913	other_anchor	human	0.005530417295123178	0.3006573337455844	0.005530417295123178	0.3006573337455844	minhash_only_router	leave_clade_out	0.5447143332999036	0.23002704753655637	0.5447143332999036	True
anchor_anchor	TFREPAIR_invert_boost_animal_4096_seed42	x_laevis	0.4013777654205557	animal	vertebrate	nan	nan	nan	animal_invert_boost_to_insect_stress	0.000194	0.000194	0.813401	56801	238590187	nan	370.0	2.568201724066995	1	2718433805	108033	219802468	136570856	9	0.1479724726946478	0.38498	1000000	9.434318762214229	5.033556436308993	8.13535803149204	8.34203256448767	0.1125183122375499	0.0175004510961257	animal	c_elegans	0.011378002528445006	0.25294933131811753	0.006090925421247965	0.40512387679275275	minhash_only_router	leave_clade_out	0.37235911865851523	0.3248824199452861	0.029018646762040468	True
calib_anchor	TFREPAIR_invert_boost_animal_4096_seed42	x_laevis	0.4013775981071781	animal	vertebrate	nan	nan	nan	animal_invert_boost_to_cross_eval	0.000194	0.000194	0.813401	56801	238590187	nan	370.0	2.568201724066995	1	2718433805	108033	219802468	136570856	9	0.1479724726946478	0.38498	1000000	9.434318762214229	5.033556436308993	8.13535803149204	8.34203256448767	0.1125183122375499	0.0175004510961257	animal	c_elegans	0.011378002528445006	0.25294933131811753	0.006090925421247965	0.40512387679275275	minhash_only_router	leave_clade_out	0.37235911865851523	0.3248824199452861	0.02901847944866287	True
calib_anchor	TFREPAIR_invert_boost_animal_4096_seed42	x_laevis	0.4013775981071781	animal	vertebrate	nan	nan	nan	animal_invert_boost_to_stress_eval	0.000194	0.000194	0.813401	56801	238590187	nan	370.0	2.568201724066995	1	2718433805	108033	219802468	136570856	9	0.1479724726946478	0.38498	1000000	9.434318762214229	5.033556436308993	8.13535803149204	8.34203256448767	0.1125183122375499	0.0175004510961257	animal	c_elegans	0.011378002528445006	0.25294933131811753	0.006090925421247965	0.40512387679275275	minhash_only_router	leave_clade_out	0.37235911865851523	0.3248824199452861	0.02901847944866287	True
calib_anchor	cross_supervised_4096	x_laevis	0.3945827783795458	cross	vertebrate	nan	nan	nan	cross_supervised_to_cross_eval	0.000194	0.000194	0.813401	56801	238590187	nan	370.0	2.568201724066995	0	2718433805	108033	219802468	136570856	9	0.1479724726946478	0.38498	1000000	9.434318762214229	5.033556436308993	8.13535803149204	8.34203256448767	0.1141902696107161	0.0184397446805083	cross	c_elegans	0.011378002528445006	0.25294933131811753	0.004592764215267164	0.39707863831119805	minhash_only_router	leave_clade_out	0.3206170641207664	0.26406547052405643	0.0739657142587794	True
calib_anchor	cross_supervised_4096	x_laevis	0.3945827783795458	cross	vertebrate	nan	nan	nan	cross_supervised_to_stress_eval	0.000194	0.000194	0.813401	56801	238590187	nan	370.0	2.568201724066995	0	2718433805	108033	219802468	136570856	9	0.1479724726946478	0.38498	1000000	9.434318762214229	5.033556436308993	8.13535803149204	8.34203256448767	0.1141902696107161	0.0184397446805083	cross	c_elegans	0.011378002528445006	0.25294933131811753	0.004592764215267164	0.39707863831119805	minhash_only_router	leave_clade_out	0.3206170641207664	0.26406547052405643	0.0739657142587794	True
anchor_anchor	cross_supervised_4096	x_laevis	0.3945827783795458	cross	vertebrate	nan	nan	nan	cross_supervised_to_insect_stress	0.000194	0.000194	0.813401	56801	238590187	nan	370.0	2.568201724066995	0	2718433805	108033	219802468	136570856	9	0.1479724726946478	0.38498	1000000	9.434318762214229	5.033556436308993	8.13535803149204	8.34203256448767	0.1141902696107161	0.0184397446805083	cross	c_elegans	0.011378002528445006	0.25294933131811753	0.004592764215267164	0.39707863831119805	minhash_only_router	leave_clade_out	0.3206170641207664	0.26406547052405643	0.0739657142587794	True
calib_anchor	plant_supervised_4096	x_laevis	0.2855543757586765	plant	vertebrate	nan	nan	nan	plant_supervised_to_cross_eval	0.000194	0.000194	0.813401	56801	238590187	nan	370.0	2.568201724066995	0	2718433805	108033	219802468	136570856	9	0.1479724726946478	0.38498	1000000	9.434318762214229	5.033556436308993	8.13535803149204	8.34203256448767	0.1445645708760781	0.0387081158013149	plant	thale_cress	0.0057832537088257484	0.29769388290752885	0.004168398493877862	0.32147019332278337	minhash_only_router	leave_clade_out	0.3749517594521935	0.31668822404972635	0.08939738369351702	True
calib_anchor	plant_supervised_4096	x_laevis	0.2855543757586765	plant	vertebrate	nan	nan	nan	plant_supervised_to_stress_eval	0.000194	0.000194	0.813401	56801	238590187	nan	370.0	2.568201724066995	0	2718433805	108033	219802468	136570856	9	0.1479724726946478	0.38498	1000000	9.434318762214229	5.033556436308993	8.13535803149204	8.34203256448767	0.1445645708760781	0.0387081158013149	plant	thale_cress	0.0057832537088257484	0.29769388290752885	0.004168398493877862	0.32147019332278337	minhash_only_router	leave_clade_out	0.3749517594521935	0.31668822404972635	0.08939738369351702	True
calib_anchor	insect_no_beetle_4096	x_laevis	0.2829600934257301	insect	vertebrate	nan	nan	nan	insect_no_beetle_to_cross_eval	0.000194	0.000194	0.813401	56801	238590187	nan	370.0	2.568201724066995	0	2718433805	108033	219802468	136570856	9	0.1479724726946478	0.38498	1000000	9.434318762214229	5.033556436308993	8.13535803149204	8.34203256448767	0.1983752948465877	0.0592704987046092	insect	western_honey_bee	0.008572869389813415	0.2716361289950614	0.006294466823420763	0.2967618557409407	minhash_only_router	leave_clade_out	0.3425363172705122	0.2987292459802444	0.05957622384478212	True
calib_anchor	insect_no_beetle_4096	x_laevis	0.2829600934257301	insect	vertebrate	nan	nan	nan	insect_no_beetle_to_stress_eval	0.000194	0.000194	0.813401	56801	238590187	nan	370.0	2.568201724066995	0	2718433805	108033	219802468	136570856	9	0.1479724726946478	0.38498	1000000	9.434318762214229	5.033556436308993	8.13535803149204	8.34203256448767	0.1983752948465877	0.0592704987046092	insect	western_honey_bee	0.008572869389813415	0.2716361289950614	0.006294466823420763	0.2967618557409407	minhash_only_router	leave_clade_out	0.3425363172705122	0.2987292459802444	0.05957622384478212	True
anchor_anchor	insect_no_beetle_4096	x_laevis	0.2829600934257301	insect	vertebrate	nan	nan	nan	insect_no_beetle_to_insect_stress	0.000194	0.000194	0.813401	56801	238590187	nan	370.0	2.568201724066995	0	2718433805	108033	219802468	136570856	9	0.1479724726946478	0.38498	1000000	9.434318762214229	5.033556436308993	8.13535803149204	8.34203256448767	0.1983752948465877	0.0592704987046092	insect	western_honey_bee	0.008572869389813415	0.2716361289950614	0.006294466823420763	0.2967618557409407	minhash_only_router	leave_clade_out	0.3425363172705122	0.2987292459802444	0.05957622384478212	True
anchor_anchor	insect_primary_4096	x_laevis	0.2268599691025123	insect	vertebrate	nan	nan	nan	insect_primary_to_insect_stress	0.000194	0.000194	0.813401	56801	238590187	nan	370.0	2.568201724066995	0	2718433805	108033	219802468	136570856	9	0.1479724726946478	0.38498	1000000	9.434318762214229	5.033556436308993	8.13535803149204	8.34203256448767	0.1983752948465877	0.0592704987046092	insect	western_honey_bee	0.008572869389813415	0.2716361289950614	0.006294466823420763	0.2967618557409407	minhash_only_router	leave_clade_out	0.3425363172705122	0.2987292459802444	0.1156763481679999	True
supp_h0_transfer	ntv2_500m_H0_w4096	zebrafish	0.8151318178516959	human_h0_ntv2_500m	vertebrate	nan	nan	nan	transfer_BC_w4096	0.837603	0.982602	0.850212	891480468	771367366	0.4137124131384462	430.0	2.633468455579586	0	1679203469	1923	78093715	52186027	14	0.0	0.359955	1000000	9.225103322767056	3.28397928423848	7.717554234627916	7.892616083164715	0.3272994079847048	0.2672352128115792	human_h0_ntv2_500m	human	0.0035122930255895636	0.3307896753284549	0.0035122930255895636	0.3307896753284549	minhash_only_router	leave_clade_out	0.22867767555975263	0.11124270394184387	0.5864541422919433	True
final_errorbar	ntv2_250m_w4096	zebrafish	0.753453009276328	human_h0_ntv2_250m	vertebrate	animal_fine	3.0	0.0131433323203878	nan	0.837603	0.982602	0.850212	891480468	771367366	0.4137124131384462	430.0	2.633468455579586	0	1679203469	1923	78093715	52186027	14	0.0	0.359955	1000000	9.225103322767056	3.28397928423848	7.717554234627916	7.892616083164715	0.3272994079847048	0.2672352128115792	human_h0_ntv2_250m	human	0.0035122930255895636	0.3307896753284549	0.0035122930255895636	0.3307896753284549	minhash_only_router	leave_clade_out	0.21461461621383593	0.11601260138333991	0.538838393062492	True
final_errorbar	ntv3_100m_pre_w2048	zebrafish	0.5214699959942013	human_h0_ntv3_100m	vertebrate	animal_fine	3.0	0.0175674395284055	nan	0.837603	0.982602	0.850212	891480468	771367366	0.4137124131384462	430.0	2.633468455579586	0	1679203469	1923	78093715	52186027	14	0.0	0.359955	1000000	9.225103322767056	3.28397928423848	7.717554234627916	7.892616083164715	0.3272994079847048	0.2672352128115792	human_h0_ntv3_100m	human	0.0035122930255895636	0.3307896753284549	0.0035122930255895636	0.3307896753284549	minhash_only_router	leave_clade_out	0.2959307954249677	0.13259751329264033	0.2255392005692336	True
