species_code	chunk_index	chunk_id	records	chunk_bases	complete_marker	out_present	gff_present	tbl_present	masked_present	final_outputs_complete	missing_final_outputs	output_dir
human	1	human_chunk_00001_chr1	chr1	248387328	1	1	1	1	1	1		/srv/beegfs/scratch/shares/ds4dh/common/ab-initio-TE/software_outputs/repeatmasker_dfam/RMDFAM_SPECIES_ANIMALS_CHR_20260615/human/chunks/human_chunk_00001_chr1
human	2	human_chunk_00002_chr2	chr2	242696752	1	1	1	1	1	1		/srv/beegfs/scratch/shares/ds4dh/common/ab-initio-TE/software_outputs/repeatmasker_dfam/RMDFAM_SPECIES_ANIMALS_CHR_20260615/human/chunks/human_chunk_00002_chr2
human	3	human_chunk_00003_chr3	chr3	201105948	1	1	1	1	1	1		/srv/beegfs/scratch/shares/ds4dh/common/ab-initio-TE/software_outputs/repeatmasker_dfam/RMDFAM_SPECIES_ANIMALS_CHR_20260615/human/chunks/human_chunk_00003_chr3
human	4	human_chunk_00004_chr4	chr4	193574945	1	1	1	1	1	1		/srv/beegfs/scratch/shares/ds4dh/common/ab-initio-TE/software_outputs/repeatmasker_dfam/RMDFAM_SPECIES_ANIMALS_CHR_20260615/human/chunks/human_chunk_00004_chr4
human	5	human_chunk_00005_chr5	chr5	182045439	1	1	1	1	1	1		/srv/beegfs/scratch/shares/ds4dh/common/ab-initio-TE/software_outputs/repeatmasker_dfam/RMDFAM_SPECIES_ANIMALS_CHR_20260615/human/chunks/human_chunk_00005_chr5
human	6	human_chunk_00006_chr6	chr6	172126628	1	1	1	1	1	1		/srv/beegfs/scratch/shares/ds4dh/common/ab-initio-TE/software_outputs/repeatmasker_dfam/RMDFAM_SPECIES_ANIMALS_CHR_20260615/human/chunks/human_chunk_00006_chr6
human	7	human_chunk_00007_chr7	chr7	160567428	1	1	1	1	1	1		/srv/beegfs/scratch/shares/ds4dh/common/ab-initio-TE/software_outputs/repeatmasker_dfam/RMDFAM_SPECIES_ANIMALS_CHR_20260615/human/chunks/human_chunk_00007_chr7
human	8	human_chunk_00008_chrX	chrX	154259566	1	1	1	1	1	1		/srv/beegfs/scratch/shares/ds4dh/common/ab-initio-TE/software_outputs/repeatmasker_dfam/RMDFAM_SPECIES_ANIMALS_CHR_20260615/human/chunks/human_chunk_00008_chrX
human	9	human_chunk_00009_chr9	chr9	150617247	1	1	1	1	1	1		/srv/beegfs/scratch/shares/ds4dh/common/ab-initio-TE/software_outputs/repeatmasker_dfam/RMDFAM_SPECIES_ANIMALS_CHR_20260615/human/chunks/human_chunk_00009_chr9
human	10	human_chunk_00010_chr8	chr8	146259331	1	1	1	1	1	1		/srv/beegfs/scratch/shares/ds4dh/common/ab-initio-TE/software_outputs/repeatmasker_dfam/RMDFAM_SPECIES_ANIMALS_CHR_20260615/human/chunks/human_chunk_00010_chr8
human	11	human_chunk_00011_chr11	chr11	135127769	1	1	1	1	1	1		/srv/beegfs/scratch/shares/ds4dh/common/ab-initio-TE/software_outputs/repeatmasker_dfam/RMDFAM_SPECIES_ANIMALS_CHR_20260615/human/chunks/human_chunk_00011_chr11
human	12	human_chunk_00012_chr10	chr10	134758134	1	1	1	1	1	1		/srv/beegfs/scratch/shares/ds4dh/common/ab-initio-TE/software_outputs/repeatmasker_dfam/RMDFAM_SPECIES_ANIMALS_CHR_20260615/human/chunks/human_chunk_00012_chr10
human	13	human_chunk_00013_chr12	chr12	133324548	1	0	0	0	0	0	out,gff,tbl,masked	/srv/beegfs/scratch/shares/ds4dh/common/ab-initio-TE/software_outputs/repeatmasker_dfam/RMDFAM_SPECIES_ANIMALS_CHR_20260615/human/chunks/human_chunk_00013_chr12
human	14	human_chunk_00014_chr13	chr13	113566686	1	1	1	1	1	1		/srv/beegfs/scratch/shares/ds4dh/common/ab-initio-TE/software_outputs/repeatmasker_dfam/RMDFAM_SPECIES_ANIMALS_CHR_20260615/human/chunks/human_chunk_00014_chr13
human	15	human_chunk_00015_chr14	chr14	101161492	1	1	1	1	1	1		/srv/beegfs/scratch/shares/ds4dh/common/ab-initio-TE/software_outputs/repeatmasker_dfam/RMDFAM_SPECIES_ANIMALS_CHR_20260615/human/chunks/human_chunk_00015_chr14
human	16	human_chunk_00016_chr15	chr15	99753195	1	1	1	1	1	1		/srv/beegfs/scratch/shares/ds4dh/common/ab-initio-TE/software_outputs/repeatmasker_dfam/RMDFAM_SPECIES_ANIMALS_CHR_20260615/human/chunks/human_chunk_00016_chr15
human	17	human_chunk_00017_chr16	chr16	96330374	1	1	1	1	1	1		/srv/beegfs/scratch/shares/ds4dh/common/ab-initio-TE/software_outputs/repeatmasker_dfam/RMDFAM_SPECIES_ANIMALS_CHR_20260615/human/chunks/human_chunk_00017_chr16
human	18	human_chunk_00018_chr17	chr17	84276897	1	1	1	1	1	1		/srv/beegfs/scratch/shares/ds4dh/common/ab-initio-TE/software_outputs/repeatmasker_dfam/RMDFAM_SPECIES_ANIMALS_CHR_20260615/human/chunks/human_chunk_00018_chr17
human	19	human_chunk_00019_chr18	chr18	80542538	1	1	1	1	1	1		/srv/beegfs/scratch/shares/ds4dh/common/ab-initio-TE/software_outputs/repeatmasker_dfam/RMDFAM_SPECIES_ANIMALS_CHR_20260615/human/chunks/human_chunk_00019_chr18
human	20	human_chunk_00020_chr20	chr20	66210255	1	1	1	1	1	1		/srv/beegfs/scratch/shares/ds4dh/common/ab-initio-TE/software_outputs/repeatmasker_dfam/RMDFAM_SPECIES_ANIMALS_CHR_20260615/human/chunks/human_chunk_00020_chr20
human	21	human_chunk_00021_chrY	chrY	62460029	1	1	1	1	1	1		/srv/beegfs/scratch/shares/ds4dh/common/ab-initio-TE/software_outputs/repeatmasker_dfam/RMDFAM_SPECIES_ANIMALS_CHR_20260615/human/chunks/human_chunk_00021_chrY
human	22	human_chunk_00022_chr19	chr19	61707364	1	0	0	0	0	0	out,gff,tbl,masked	/srv/beegfs/scratch/shares/ds4dh/common/ab-initio-TE/software_outputs/repeatmasker_dfam/RMDFAM_SPECIES_ANIMALS_CHR_20260615/human/chunks/human_chunk_00022_chr19
human	23	human_chunk_00023_chr22	chr22	51324926	1	1	1	1	1	1		/srv/beegfs/scratch/shares/ds4dh/common/ab-initio-TE/software_outputs/repeatmasker_dfam/RMDFAM_SPECIES_ANIMALS_CHR_20260615/human/chunks/human_chunk_00023_chr22
human	24	human_chunk_00024_bundle	chr21,chrM	45107251	1	1	1	1	1	1		/srv/beegfs/scratch/shares/ds4dh/common/ab-initio-TE/software_outputs/repeatmasker_dfam/RMDFAM_SPECIES_ANIMALS_CHR_20260615/human/chunks/human_chunk_00024_bundle
rat	25	rat_chunk_00001_chr1	chr1	260522016	1	1	1	1	1	1		/srv/beegfs/scratch/shares/ds4dh/common/ab-initio-TE/software_outputs/repeatmasker_dfam/RMDFAM_SPECIES_ANIMALS_CHR_20260615/rat/chunks/rat_chunk_00001_chr1
rat	26	rat_chunk_00002_chr10	chr10	107211142	1	1	1	1	1	1		/srv/beegfs/scratch/shares/ds4dh/common/ab-initio-TE/software_outputs/repeatmasker_dfam/RMDFAM_SPECIES_ANIMALS_CHR_20260615/rat/chunks/rat_chunk_00002_chr10
rat	27	rat_chunk_00003_chr11	chr11	86241447	1	1	1	1	1	1		/srv/beegfs/scratch/shares/ds4dh/common/ab-initio-TE/software_outputs/repeatmasker_dfam/RMDFAM_SPECIES_ANIMALS_CHR_20260615/rat/chunks/rat_chunk_00003_chr11
rat	28	rat_chunk_00004_bundle	chr12,chr12_NW_023637711v1_random,chr12_NW_023637712v1_random	48281722	1	1	1	1	1	1		/srv/beegfs/scratch/shares/ds4dh/common/ab-initio-TE/software_outputs/repeatmasker_dfam/RMDFAM_SPECIES_ANIMALS_CHR_20260615/rat/chunks/rat_chunk_00004_bundle
rat	29	rat_chunk_00005_chr13	chr13	106807694	1	1	1	1	1	1		/srv/beegfs/scratch/shares/ds4dh/common/ab-initio-TE/software_outputs/repeatmasker_dfam/RMDFAM_SPECIES_ANIMALS_CHR_20260615/rat/chunks/rat_chunk_00005_chr13
rat	30	rat_chunk_00006_chr14	chr14	104886043	1	1	1	1	1	1		/srv/beegfs/scratch/shares/ds4dh/common/ab-initio-TE/software_outputs/repeatmasker_dfam/RMDFAM_SPECIES_ANIMALS_CHR_20260615/rat/chunks/rat_chunk_00006_chr14
rat	31	rat_chunk_00007_chr15	chr15	101769107	1	1	1	1	1	1		/srv/beegfs/scratch/shares/ds4dh/common/ab-initio-TE/software_outputs/repeatmasker_dfam/RMDFAM_SPECIES_ANIMALS_CHR_20260615/rat/chunks/rat_chunk_00007_chr15
rat	32	rat_chunk_00008_chr16	chr16	84729064	1	1	1	1	1	1		/srv/beegfs/scratch/shares/ds4dh/common/ab-initio-TE/software_outputs/repeatmasker_dfam/RMDFAM_SPECIES_ANIMALS_CHR_20260615/rat/chunks/rat_chunk_00008_chr16
rat	33	rat_chunk_00009_chr17	chr17	86533673	1	1	1	1	1	1		/srv/beegfs/scratch/shares/ds4dh/common/ab-initio-TE/software_outputs/repeatmasker_dfam/RMDFAM_SPECIES_ANIMALS_CHR_20260615/rat/chunks/rat_chunk_00009_chr17
rat	34	rat_chunk_00010_chr18	chr18	83828827	1	1	1	1	1	1		/srv/beegfs/scratch/shares/ds4dh/common/ab-initio-TE/software_outputs/repeatmasker_dfam/RMDFAM_SPECIES_ANIMALS_CHR_20260615/rat/chunks/rat_chunk_00010_chr18
rat	35	rat_chunk_00011_chr19	chr19	57337602	1	1	1	1	1	1		/srv/beegfs/scratch/shares/ds4dh/common/ab-initio-TE/software_outputs/repeatmasker_dfam/RMDFAM_SPECIES_ANIMALS_CHR_20260615/rat/chunks/rat_chunk_00011_chr19
rat	36	rat_chunk_00012_bundle	chr19_NW_023637713v1_random,chr19_NW_023637714v1_random,chr19_NW_023637715v1_random,chr19_NW_023637716v1_random,chr19_NW_023637717v1_random	284091	1	1	1	1	1	1		/srv/beegfs/scratch/shares/ds4dh/common/ab-initio-TE/software_outputs/repeatmasker_dfam/RMDFAM_SPECIES_ANIMALS_CHR_20260615/rat/chunks/rat_chunk_00012_bundle
rat	37	rat_chunk_00013_chr2	chr2	249053267	1	1	1	1	1	1		/srv/beegfs/scratch/shares/ds4dh/common/ab-initio-TE/software_outputs/repeatmasker_dfam/RMDFAM_SPECIES_ANIMALS_CHR_20260615/rat/chunks/rat_chunk_00013_chr2
rat	38	rat_chunk_00014_chr20	chr20	54435887	1	1	1	1	1	1		/srv/beegfs/scratch/shares/ds4dh/common/ab-initio-TE/software_outputs/repeatmasker_dfam/RMDFAM_SPECIES_ANIMALS_CHR_20260615/rat/chunks/rat_chunk_00014_chr20
rat	39	rat_chunk_00015_chr3	chr3	169034231	1	1	1	1	1	1		/srv/beegfs/scratch/shares/ds4dh/common/ab-initio-TE/software_outputs/repeatmasker_dfam/RMDFAM_SPECIES_ANIMALS_CHR_20260615/rat/chunks/rat_chunk_00015_chr3
rat	40	rat_chunk_00016_chr4	chr4	182687754	1	1	1	1	1	1		/srv/beegfs/scratch/shares/ds4dh/common/ab-initio-TE/software_outputs/repeatmasker_dfam/RMDFAM_SPECIES_ANIMALS_CHR_20260615/rat/chunks/rat_chunk_00016_chr4
rat	41	rat_chunk_00017_chr5	chr5	166875058	1	1	1	1	1	1		/srv/beegfs/scratch/shares/ds4dh/common/ab-initio-TE/software_outputs/repeatmasker_dfam/RMDFAM_SPECIES_ANIMALS_CHR_20260615/rat/chunks/rat_chunk_00017_chr5
rat	42	rat_chunk_00018_chr6	chr6	140994061	1	1	1	1	1	1		/srv/beegfs/scratch/shares/ds4dh/common/ab-initio-TE/software_outputs/repeatmasker_dfam/RMDFAM_SPECIES_ANIMALS_CHR_20260615/rat/chunks/rat_chunk_00018_chr6
rat	43	rat_chunk_00019_chr7	chr7	135012528	1	1	1	1	1	1		/srv/beegfs/scratch/shares/ds4dh/common/ab-initio-TE/software_outputs/repeatmasker_dfam/RMDFAM_SPECIES_ANIMALS_CHR_20260615/rat/chunks/rat_chunk_00019_chr7
rat	44	rat_chunk_00020_chr8	chr8	123900184	1	1	1	1	1	1		/srv/beegfs/scratch/shares/ds4dh/common/ab-initio-TE/software_outputs/repeatmasker_dfam/RMDFAM_SPECIES_ANIMALS_CHR_20260615/rat/chunks/rat_chunk_00020_chr8
rat	45	rat_chunk_00021_chr9	chr9	114175309	1	1	1	1	1	1		/srv/beegfs/scratch/shares/ds4dh/common/ab-initio-TE/software_outputs/repeatmasker_dfam/RMDFAM_SPECIES_ANIMALS_CHR_20260615/rat/chunks/rat_chunk_00021_chr9
rat	46	rat_chunk_00022_bundle	chrM,chrUn_NW_023637723v1,chrUn_NW_023637724v1,chrUn_NW_023637725v1,chrUn_NW_023637726v1,chrUn_NW_023637727v1,chrUn_NW_023637728v1,chrUn_NW_023637729v1,chrUn_NW_023637730v1,chrUn_NW_023637731v1,chrUn_NW_023637732v1,chrUn_NW_023637733v1,chrUn_NW_023637734v1,chrUn_NW_023637735v1,chrUn_NW_023637736v1,chrUn_NW_023637737v1,chrUn_NW_023637738v1,chrUn_NW_023637739v1,chrUn_NW_023637740v1,chrUn_NW_023637741v1,chrUn_NW_023637742v1,chrUn_NW_023637743v1,chrUn_NW_023637744v1,chrUn_NW_023637745v1,chrUn_NW_023637746v1,chrUn_NW_023637747v1,chrUn_NW_023637748v1,chrUn_NW_023637749v1,chrUn_NW_023637750v1,chrUn_NW_023637751v1,chrUn_NW_023637752v1,chrUn_NW_023637753v1,chrUn_NW_023637754v1,chrUn_NW_023637755v1,chrUn_NW_023637756v1,chrUn_NW_023637757v1,chrUn_NW_023637758v1,chrUn_NW_023637759v1,chrUn_NW_023637760v1,chrUn_NW_023637761v1,chrUn_NW_023637762v1,chrUn_NW_023637763v1,chrUn_NW_023637764v1,chrUn_NW_023637765v1,chrUn_NW_023637766v1,chrUn_NW_023637767v1,chrUn_NW_023637768v1,chrUn_NW_023637769v1,chrUn_NW_023637770v1,chrUn_NW_023637771v1,chrUn_NW_023637772v1,chrUn_NW_023637773v1,chrUn_NW_023637774v1,chrUn_NW_023637775v1,chrUn_NW_023637776v1,chrUn_NW_023637777v1,chrUn_NW_023637778v1,chrUn_NW_023637779v1,chrUn_NW_023637780v1,chrUn_NW_023637781v1,chrUn_NW_023637782v1,chrUn_NW_023637783v1,chrUn_NW_023637784v1,chrUn_NW_023637785v1,chrUn_NW_023637786v1,chrUn_NW_023637787v1,chrUn_NW_023637788v1,chrUn_NW_023637789v1,chrUn_NW_023637790v1,chrUn_NW_023637791v1,chrUn_NW_023637792v1,chrUn_NW_023637793v1,chrUn_NW_023637794v1,chrUn_NW_023637795v1,chrUn_NW_023637796v1,chrUn_NW_023637797v1,chrUn_NW_023637798v1,chrUn_NW_023637799v1,chrUn_NW_023637800v1,chrUn_NW_023637801v1,chrUn_NW_023637802v1,chrUn_NW_023637803v1,chrUn_NW_023637804v1,chrUn_NW_023637805v1,chrUn_NW_023637806v1,chrUn_NW_023637807v1,chrUn_NW_023637808v1,chrUn_NW_023637809v1,chrUn_NW_023637810v1,chrUn_NW_023637811v1,chrUn_NW_023637812v1,chrUn_NW_023637813v1,chrUn_NW_023637814v1,chrUn_NW_023637815v1,chrUn_NW_023637816v1,chrUn_NW_023637817v1,chrUn_NW_023637818v1,chrUn_NW_023637819v1,chrUn_NW_023637820v1,chrUn_NW_023637821v1,chrUn_NW_023637822v1,chrUn_NW_023637823v1,chrUn_NW_023637824v1,chrUn_NW_023637825v1,chrUn_NW_023637826v1,chrUn_NW_023637827v1,chrUn_NW_023637828v1,chrUn_NW_023637829v1,chrUn_NW_023637830v1,chrUn_NW_023637831v1,chrUn_NW_023637832v1,chrUn_NW_023637833v1,chrUn_NW_023637834v1,chrUn_NW_023637835v1,chrUn_NW_023637836v1,chrUn_NW_023637837v1,chrUn_NW_023637838v1,chrUn_NW_023637839v1,chrUn_NW_023637840v1,chrUn_NW_023637841v1,chrUn_NW_023637842v1,chrUn_NW_023637843v1,chrUn_NW_023637844v1,chrUn_NW_023637845v1,chrUn_NW_023637846v1,chrUn_NW_023637847v1,chrUn_NW_023637848v1,chrUn_NW_023637849v1,chrUn_NW_023637850v1,chrUn_NW_023637851v1,chrUn_NW_023637852v1,chrUn_NW_023637853v1,chrUn_NW_023637854v1,chrUn_NW_023637855v1,chrUn_NW_023637856v1,chrUn_NW_023637857v1,chrUn_NW_023637858v1,chrUn_NW_023637859v1,chrUn_NW_023637860v1,chrUn_NW_023637861v1,chrUn_NW_023637862v1,chrUn_NW_023637863v1	9075692	1	1	1	1	1	1		/srv/beegfs/scratch/shares/ds4dh/common/ab-initio-TE/software_outputs/repeatmasker_dfam/RMDFAM_SPECIES_ANIMALS_CHR_20260615/rat/chunks/rat_chunk_00022_bundle
rat	47	rat_chunk_00023_chrX	chrX	152453651	1	1	1	1	1	1		/srv/beegfs/scratch/shares/ds4dh/common/ab-initio-TE/software_outputs/repeatmasker_dfam/RMDFAM_SPECIES_ANIMALS_CHR_20260615/rat/chunks/rat_chunk_00023_chrX
rat	48	rat_chunk_00024_bundle	chrY,chrY_NW_023637718v1_random,chrY_NW_023637719v1_random,chrY_NW_023637720v1_random,chrY_NW_023637721v1_random,chrY_NW_023637722v1_random	21785678	1	1	1	1	1	1		/srv/beegfs/scratch/shares/ds4dh/common/ab-initio-TE/software_outputs/repeatmasker_dfam/RMDFAM_SPECIES_ANIMALS_CHR_20260615/rat/chunks/rat_chunk_00024_bundle
dog	49	dog_chunk_00001_chr1	chr1	122014068	1	1	1	1	1	1		/srv/beegfs/scratch/shares/ds4dh/common/ab-initio-TE/software_outputs/repeatmasker_dfam/RMDFAM_SPECIES_ANIMALS_CHR_20260615/dog/chunks/dog_chunk_00001_chr1
dog	50	dog_chunk_00002_chr10	chr10	69219345	1	1	1	1	1	1		/srv/beegfs/scratch/shares/ds4dh/common/ab-initio-TE/software_outputs/repeatmasker_dfam/RMDFAM_SPECIES_ANIMALS_CHR_20260615/dog/chunks/dog_chunk_00002_chr10
dog	51	dog_chunk_00003_chr11	chr11	72832428	1	1	1	1	1	1		/srv/beegfs/scratch/shares/ds4dh/common/ab-initio-TE/software_outputs/repeatmasker_dfam/RMDFAM_SPECIES_ANIMALS_CHR_20260615/dog/chunks/dog_chunk_00003_chr11
dog	52	dog_chunk_00004_chr12	chr12	72300020	1	1	1	1	1	1		/srv/beegfs/scratch/shares/ds4dh/common/ab-initio-TE/software_outputs/repeatmasker_dfam/RMDFAM_SPECIES_ANIMALS_CHR_20260615/dog/chunks/dog_chunk_00004_chr12
dog	53	dog_chunk_00005_chr13	chr13	62895387	1	1	1	1	1	1		/srv/beegfs/scratch/shares/ds4dh/common/ab-initio-TE/software_outputs/repeatmasker_dfam/RMDFAM_SPECIES_ANIMALS_CHR_20260615/dog/chunks/dog_chunk_00005_chr13
dog	54	dog_chunk_00006_chr14	chr14	60430354	1	1	1	1	1	1		/srv/beegfs/scratch/shares/ds4dh/common/ab-initio-TE/software_outputs/repeatmasker_dfam/RMDFAM_SPECIES_ANIMALS_CHR_20260615/dog/chunks/dog_chunk_00006_chr14
dog	55	dog_chunk_00007_chr15	chr15	64389122	1	1	1	1	1	1		/srv/beegfs/scratch/shares/ds4dh/common/ab-initio-TE/software_outputs/repeatmasker_dfam/RMDFAM_SPECIES_ANIMALS_CHR_20260615/dog/chunks/dog_chunk_00007_chr15
dog	56	dog_chunk_00008_chr16	chr16	54556944	1	1	1	1	1	1		/srv/beegfs/scratch/shares/ds4dh/common/ab-initio-TE/software_outputs/repeatmasker_dfam/RMDFAM_SPECIES_ANIMALS_CHR_20260615/dog/chunks/dog_chunk_00008_chr16
dog	57	dog_chunk_00009_chr17	chr17	63738581	1	1	1	1	1	1		/srv/beegfs/scratch/shares/ds4dh/common/ab-initio-TE/software_outputs/repeatmasker_dfam/RMDFAM_SPECIES_ANIMALS_CHR_20260615/dog/chunks/dog_chunk_00009_chr17
dog	58	dog_chunk_00010_chr18	chr18	54357284	1	1	1	1	1	1		/srv/beegfs/scratch/shares/ds4dh/common/ab-initio-TE/software_outputs/repeatmasker_dfam/RMDFAM_SPECIES_ANIMALS_CHR_20260615/dog/chunks/dog_chunk_00010_chr18
dog	59	dog_chunk_00011_chr19	chr19	52989165	1	1	1	1	1	1		/srv/beegfs/scratch/shares/ds4dh/common/ab-initio-TE/software_outputs/repeatmasker_dfam/RMDFAM_SPECIES_ANIMALS_CHR_20260615/dog/chunks/dog_chunk_00011_chr19
dog	60	dog_chunk_00012_chr2	chr2	82037489	1	1	1	1	1	1		/srv/beegfs/scratch/shares/ds4dh/common/ab-initio-TE/software_outputs/repeatmasker_dfam/RMDFAM_SPECIES_ANIMALS_CHR_20260615/dog/chunks/dog_chunk_00012_chr2
dog	61	dog_chunk_00013_chr20	chr20	57984708	1	1	1	1	1	1		/srv/beegfs/scratch/shares/ds4dh/common/ab-initio-TE/software_outputs/repeatmasker_dfam/RMDFAM_SPECIES_ANIMALS_CHR_20260615/dog/chunks/dog_chunk_00013_chr20
dog	62	dog_chunk_00014_chr21	chr21	50232922	1	1	1	1	1	1		/srv/beegfs/scratch/shares/ds4dh/common/ab-initio-TE/software_outputs/repeatmasker_dfam/RMDFAM_SPECIES_ANIMALS_CHR_20260615/dog/chunks/dog_chunk_00014_chr21
dog	63	dog_chunk_00015_chr22	chr22	61822301	1	1	1	1	1	1		/srv/beegfs/scratch/shares/ds4dh/common/ab-initio-TE/software_outputs/repeatmasker_dfam/RMDFAM_SPECIES_ANIMALS_CHR_20260615/dog/chunks/dog_chunk_00015_chr22
dog	64	dog_chunk_00016_chr23	chr23	52413914	1	1	1	1	1	1		/srv/beegfs/scratch/shares/ds4dh/common/ab-initio-TE/software_outputs/repeatmasker_dfam/RMDFAM_SPECIES_ANIMALS_CHR_20260615/dog/chunks/dog_chunk_00016_chr23
dog	65	dog_chunk_00017_bundle	chr24	46832179	1	1	1	1	1	1		/srv/beegfs/scratch/shares/ds4dh/common/ab-initio-TE/software_outputs/repeatmasker_dfam/RMDFAM_SPECIES_ANIMALS_CHR_20260615/dog/chunks/dog_chunk_00017_bundle
dog	66	dog_chunk_00018_chr25	chr25	51908704	1	1	1	1	1	1		/srv/beegfs/scratch/shares/ds4dh/common/ab-initio-TE/software_outputs/repeatmasker_dfam/RMDFAM_SPECIES_ANIMALS_CHR_20260615/dog/chunks/dog_chunk_00018_chr25
dog	67	dog_chunk_00019_bundle	chr26	38725074	1	1	1	1	1	1		/srv/beegfs/scratch/shares/ds4dh/common/ab-initio-TE/software_outputs/repeatmasker_dfam/RMDFAM_SPECIES_ANIMALS_CHR_20260615/dog/chunks/dog_chunk_00019_bundle
dog	68	dog_chunk_00020_bundle	chr27	46280981	1	1	1	1	1	1		/srv/beegfs/scratch/shares/ds4dh/common/ab-initio-TE/software_outputs/repeatmasker_dfam/RMDFAM_SPECIES_ANIMALS_CHR_20260615/dog/chunks/dog_chunk_00020_bundle
dog	69	dog_chunk_00021_bundle	chr28	41264955	1	1	1	1	1	1		/srv/beegfs/scratch/shares/ds4dh/common/ab-initio-TE/software_outputs/repeatmasker_dfam/RMDFAM_SPECIES_ANIMALS_CHR_20260615/dog/chunks/dog_chunk_00021_bundle
dog	70	dog_chunk_00022_bundle	chr29	40893792	1	1	1	1	1	1		/srv/beegfs/scratch/shares/ds4dh/common/ab-initio-TE/software_outputs/repeatmasker_dfam/RMDFAM_SPECIES_ANIMALS_CHR_20260615/dog/chunks/dog_chunk_00022_bundle
dog	71	dog_chunk_00023_chr3	chr3	94329250	1	1	1	1	1	1		/srv/beegfs/scratch/shares/ds4dh/common/ab-initio-TE/software_outputs/repeatmasker_dfam/RMDFAM_SPECIES_ANIMALS_CHR_20260615/dog/chunks/dog_chunk_00023_chr3
dog	72	dog_chunk_00024_bundle	chr30	40067686	1	1	1	1	1	1		/srv/beegfs/scratch/shares/ds4dh/common/ab-initio-TE/software_outputs/repeatmasker_dfam/RMDFAM_SPECIES_ANIMALS_CHR_20260615/dog/chunks/dog_chunk_00024_bundle
dog	73	dog_chunk_00025_bundle	chr31	39086971	1	1	1	1	1	1		/srv/beegfs/scratch/shares/ds4dh/common/ab-initio-TE/software_outputs/repeatmasker_dfam/RMDFAM_SPECIES_ANIMALS_CHR_20260615/dog/chunks/dog_chunk_00025_bundle
dog	74	dog_chunk_00026_bundle	chr32	41857359	1	1	1	1	1	1		/srv/beegfs/scratch/shares/ds4dh/common/ab-initio-TE/software_outputs/repeatmasker_dfam/RMDFAM_SPECIES_ANIMALS_CHR_20260615/dog/chunks/dog_chunk_00026_bundle
dog	75	dog_chunk_00027_bundle	chr33	31422675	1	1	1	1	1	1		/srv/beegfs/scratch/shares/ds4dh/common/ab-initio-TE/software_outputs/repeatmasker_dfam/RMDFAM_SPECIES_ANIMALS_CHR_20260615/dog/chunks/dog_chunk_00027_bundle
dog	76	dog_chunk_00028_chr34	chr34	51113282	1	1	1	1	1	1		/srv/beegfs/scratch/shares/ds4dh/common/ab-initio-TE/software_outputs/repeatmasker_dfam/RMDFAM_SPECIES_ANIMALS_CHR_20260615/dog/chunks/dog_chunk_00028_chr34
dog	77	dog_chunk_00029_bundle	chr35	26040529	1	1	1	1	1	1		/srv/beegfs/scratch/shares/ds4dh/common/ab-initio-TE/software_outputs/repeatmasker_dfam/RMDFAM_SPECIES_ANIMALS_CHR_20260615/dog/chunks/dog_chunk_00029_bundle
dog	78	dog_chunk_00030_bundle	chr36	30723464	1	1	1	1	1	1		/srv/beegfs/scratch/shares/ds4dh/common/ab-initio-TE/software_outputs/repeatmasker_dfam/RMDFAM_SPECIES_ANIMALS_CHR_20260615/dog/chunks/dog_chunk_00030_bundle
dog	79	dog_chunk_00031_bundle	chr37	31754289	1	1	1	1	1	1		/srv/beegfs/scratch/shares/ds4dh/common/ab-initio-TE/software_outputs/repeatmasker_dfam/RMDFAM_SPECIES_ANIMALS_CHR_20260615/dog/chunks/dog_chunk_00031_bundle
dog	80	dog_chunk_00032_bundle	chr38	23973277	1	1	1	1	1	1		/srv/beegfs/scratch/shares/ds4dh/common/ab-initio-TE/software_outputs/repeatmasker_dfam/RMDFAM_SPECIES_ANIMALS_CHR_20260615/dog/chunks/dog_chunk_00032_bundle
dog	81	dog_chunk_00033_chr4	chr4	87912527	1	1	1	1	1	1		/srv/beegfs/scratch/shares/ds4dh/common/ab-initio-TE/software_outputs/repeatmasker_dfam/RMDFAM_SPECIES_ANIMALS_CHR_20260615/dog/chunks/dog_chunk_00033_chr4
dog	82	dog_chunk_00034_chr5	chr5	88913986	1	1	1	1	1	1		/srv/beegfs/scratch/shares/ds4dh/common/ab-initio-TE/software_outputs/repeatmasker_dfam/RMDFAM_SPECIES_ANIMALS_CHR_20260615/dog/chunks/dog_chunk_00034_chr5
dog	83	dog_chunk_00035_chr6	chr6	80213190	1	1	1	1	1	1		/srv/beegfs/scratch/shares/ds4dh/common/ab-initio-TE/software_outputs/repeatmasker_dfam/RMDFAM_SPECIES_ANIMALS_CHR_20260615/dog/chunks/dog_chunk_00035_chr6
dog	84	dog_chunk_00036_chr7	chr7	80419774	1	1	1	1	1	1		/srv/beegfs/scratch/shares/ds4dh/common/ab-initio-TE/software_outputs/repeatmasker_dfam/RMDFAM_SPECIES_ANIMALS_CHR_20260615/dog/chunks/dog_chunk_00036_chr7
dog	85	dog_chunk_00037_chr8	chr8	73585679	1	1	1	1	1	1		/srv/beegfs/scratch/shares/ds4dh/common/ab-initio-TE/software_outputs/repeatmasker_dfam/RMDFAM_SPECIES_ANIMALS_CHR_20260615/dog/chunks/dog_chunk_00037_chr8
dog	86	dog_chunk_00038_chr9	chr9	60315500	1	1	1	1	1	1		/srv/beegfs/scratch/shares/ds4dh/common/ab-initio-TE/software_outputs/repeatmasker_dfam/RMDFAM_SPECIES_ANIMALS_CHR_20260615/dog/chunks/dog_chunk_00038_chr9
dog	87	dog_chunk_00039_bundle	chrM,chrUn_NW_023329667v1,chrUn_NW_023329668v1,chrUn_NW_023329669v1,chrUn_NW_023329670v1,chrUn_NW_023329671v1,chrUn_NW_023329672v1,chrUn_NW_023329673v1,chrUn_NW_023329674v1,chrUn_NW_023329675v1,chrUn_NW_023329676v1,chrUn_NW_023329677v1,chrUn_NW_023329678v1,chrUn_NW_023329679v1,chrUn_NW_023329680v1,chrUn_NW_023329681v1,chrUn_NW_023329682v1,chrUn_NW_023329683v1,chrUn_NW_023329684v1,chrUn_NW_023329685v1,chrUn_NW_023329686v1,chrUn_NW_023329687v1,chrUn_NW_023329688v1,chrUn_NW_023329689v1,chrUn_NW_023329690v1,chrUn_NW_023329691v1,chrUn_NW_023329692v1,chrUn_NW_023329693v1,chrUn_NW_023329694v1,chrUn_NW_023329695v1,chrUn_NW_023329696v1,chrUn_NW_023329697v1,chrUn_NW_023329698v1,chrUn_NW_023329699v1,chrUn_NW_023329700v1,chrUn_NW_023329701v1,chrUn_NW_023329702v1,chrUn_NW_023329703v1,chrUn_NW_023329704v1,chrUn_NW_023329705v1,chrUn_NW_023329706v1,chrUn_NW_023329707v1,chrUn_NW_023329708v1,chrUn_NW_023329709v1,chrUn_NW_023329710v1,chrUn_NW_023329711v1,chrUn_NW_023329712v1,chrUn_NW_023329713v1,chrUn_NW_023329714v1,chrUn_NW_023329715v1,chrUn_NW_023329716v1,chrUn_NW_023329717v1,chrUn_NW_023329718v1,chrUn_NW_023329719v1,chrUn_NW_023329720v1,chrUn_NW_023329721v1,chrUn_NW_023329722v1,chrUn_NW_023329723v1,chrUn_NW_023329724v1,chrUn_NW_023329725v1,chrUn_NW_023329726v1,chrUn_NW_023329727v1,chrUn_NW_023329728v1,chrUn_NW_023329729v1,chrUn_NW_023329730v1,chrUn_NW_023329731v1,chrUn_NW_023329732v1,chrUn_NW_023329733v1,chrUn_NW_023329734v1,chrUn_NW_023329735v1,chrUn_NW_023329736v1,chrUn_NW_023329737v1,chrUn_NW_023329738v1,chrUn_NW_023329739v1,chrUn_NW_023329740v1,chrUn_NW_023329741v1,chrUn_NW_023329742v1,chrUn_NW_023329743v1,chrUn_NW_023329744v1,chrUn_NW_023329745v1,chrUn_NW_023329746v1,chrUn_NW_023329747v1,chrUn_NW_023329748v1,chrUn_NW_023329749v1,chrUn_NW_023329750v1,chrUn_NW_023329751v1,chrUn_NW_023329752v1,chrUn_NW_023329753v1,chrUn_NW_023329754v1,chrUn_NW_023329755v1,chrUn_NW_023329756v1,chrUn_NW_023329757v1,chrUn_NW_023329758v1,chrUn_NW_023329759v1,chrUn_NW_023329760v1,chrUn_NW_023329761v1,chrUn_NW_023329762v1,chrUn_NW_023329763v1,chrUn_NW_023329764v1,chrUn_NW_023329765v1,chrUn_NW_023329766v1,chrUn_NW_023329767v1,chrUn_NW_023329768v1,chrUn_NW_023329769v1,chrUn_NW_023329770v1,chrUn_NW_023329771v1,chrUn_NW_023329772v1,chrUn_NW_023329773v1	2144678	1	1	1	1	1	1		/srv/beegfs/scratch/shares/ds4dh/common/ab-initio-TE/software_outputs/repeatmasker_dfam/RMDFAM_SPECIES_ANIMALS_CHR_20260615/dog/chunks/dog_chunk_00039_bundle
dog	88	dog_chunk_00040_chrX	chrX	108808365	1	1	1	1	1	1		/srv/beegfs/scratch/shares/ds4dh/common/ab-initio-TE/software_outputs/repeatmasker_dfam/RMDFAM_SPECIES_ANIMALS_CHR_20260615/dog/chunks/dog_chunk_00040_chrX
pig	89	pig_chunk_00001_chr1	chr1	274330532	1	1	1	1	1	1		/srv/beegfs/scratch/shares/ds4dh/common/ab-initio-TE/software_outputs/repeatmasker_dfam/RMDFAM_SPECIES_ANIMALS_CHR_20260615/pig/chunks/pig_chunk_00001_chr1
pig	90	pig_chunk_00002_chr10	chr10	69359453	1	1	1	1	1	1		/srv/beegfs/scratch/shares/ds4dh/common/ab-initio-TE/software_outputs/repeatmasker_dfam/RMDFAM_SPECIES_ANIMALS_CHR_20260615/pig/chunks/pig_chunk_00002_chr10
pig	91	pig_chunk_00003_chr11	chr11	79169978	1	1	1	1	1	1		/srv/beegfs/scratch/shares/ds4dh/common/ab-initio-TE/software_outputs/repeatmasker_dfam/RMDFAM_SPECIES_ANIMALS_CHR_20260615/pig/chunks/pig_chunk_00003_chr11
pig	92	pig_chunk_00004_chr12	chr12	61602749	1	1	1	1	1	1		/srv/beegfs/scratch/shares/ds4dh/common/ab-initio-TE/software_outputs/repeatmasker_dfam/RMDFAM_SPECIES_ANIMALS_CHR_20260615/pig/chunks/pig_chunk_00004_chr12
pig	93	pig_chunk_00005_chr13	chr13	208334590	1	1	1	1	1	1		/srv/beegfs/scratch/shares/ds4dh/common/ab-initio-TE/software_outputs/repeatmasker_dfam/RMDFAM_SPECIES_ANIMALS_CHR_20260615/pig/chunks/pig_chunk_00005_chr13
pig	94	pig_chunk_00006_chr14	chr14	141755446	1	1	1	1	1	1		/srv/beegfs/scratch/shares/ds4dh/common/ab-initio-TE/software_outputs/repeatmasker_dfam/RMDFAM_SPECIES_ANIMALS_CHR_20260615/pig/chunks/pig_chunk_00006_chr14
pig	95	pig_chunk_00007_chr15	chr15	140412725	1	1	1	1	1	1		/srv/beegfs/scratch/shares/ds4dh/common/ab-initio-TE/software_outputs/repeatmasker_dfam/RMDFAM_SPECIES_ANIMALS_CHR_20260615/pig/chunks/pig_chunk_00007_chr15
pig	96	pig_chunk_00008_chr16	chr16	79944280	1	1	1	1	1	1		/srv/beegfs/scratch/shares/ds4dh/common/ab-initio-TE/software_outputs/repeatmasker_dfam/RMDFAM_SPECIES_ANIMALS_CHR_20260615/pig/chunks/pig_chunk_00008_chr16
pig	97	pig_chunk_00009_chr17	chr17	63494081	1	1	1	1	1	1		/srv/beegfs/scratch/shares/ds4dh/common/ab-initio-TE/software_outputs/repeatmasker_dfam/RMDFAM_SPECIES_ANIMALS_CHR_20260615/pig/chunks/pig_chunk_00009_chr17
pig	98	pig_chunk_00010_chr18	chr18	55982971	1	1	1	1	1	1		/srv/beegfs/scratch/shares/ds4dh/common/ab-initio-TE/software_outputs/repeatmasker_dfam/RMDFAM_SPECIES_ANIMALS_CHR_20260615/pig/chunks/pig_chunk_00010_chr18
pig	99	pig_chunk_00011_chr2	chr2	151935994	1	1	1	1	1	1		/srv/beegfs/scratch/shares/ds4dh/common/ab-initio-TE/software_outputs/repeatmasker_dfam/RMDFAM_SPECIES_ANIMALS_CHR_20260615/pig/chunks/pig_chunk_00011_chr2
pig	100	pig_chunk_00012_chr3	chr3	132848913	1	1	1	1	1	1		/srv/beegfs/scratch/shares/ds4dh/common/ab-initio-TE/software_outputs/repeatmasker_dfam/RMDFAM_SPECIES_ANIMALS_CHR_20260615/pig/chunks/pig_chunk_00012_chr3
pig	101	pig_chunk_00013_chr4	chr4	130910915	1	1	1	1	1	1		/srv/beegfs/scratch/shares/ds4dh/common/ab-initio-TE/software_outputs/repeatmasker_dfam/RMDFAM_SPECIES_ANIMALS_CHR_20260615/pig/chunks/pig_chunk_00013_chr4
pig	102	pig_chunk_00014_chr5	chr5	104526007	1	1	1	1	1	1		/srv/beegfs/scratch/shares/ds4dh/common/ab-initio-TE/software_outputs/repeatmasker_dfam/RMDFAM_SPECIES_ANIMALS_CHR_20260615/pig/chunks/pig_chunk_00014_chr5
pig	103	pig_chunk_00015_chr6	chr6	170843587	1	1	1	1	1	1		/srv/beegfs/scratch/shares/ds4dh/common/ab-initio-TE/software_outputs/repeatmasker_dfam/RMDFAM_SPECIES_ANIMALS_CHR_20260615/pig/chunks/pig_chunk_00015_chr6
pig	104	pig_chunk_00016_chr7	chr7	121844099	1	1	1	1	1	1		/srv/beegfs/scratch/shares/ds4dh/common/ab-initio-TE/software_outputs/repeatmasker_dfam/RMDFAM_SPECIES_ANIMALS_CHR_20260615/pig/chunks/pig_chunk_00016_chr7
pig	105	pig_chunk_00017_chr8	chr8	138966237	1	1	1	1	1	1		/srv/beegfs/scratch/shares/ds4dh/common/ab-initio-TE/software_outputs/repeatmasker_dfam/RMDFAM_SPECIES_ANIMALS_CHR_20260615/pig/chunks/pig_chunk_00017_chr8
pig	106	pig_chunk_00018_chr9	chr9	139512083	1	1	1	1	1	1		/srv/beegfs/scratch/shares/ds4dh/common/ab-initio-TE/software_outputs/repeatmasker_dfam/RMDFAM_SPECIES_ANIMALS_CHR_20260615/pig/chunks/pig_chunk_00018_chr9
pig	107	pig_chunk_00019_bundle	chrM,chrUn_NW_018084786v1,chrUn_NW_018084787v1,chrUn_NW_018084788v1,chrUn_NW_018084789v1,chrUn_NW_018084790v1,chrUn_NW_018084791v1,chrUn_NW_018084792v1,chrUn_NW_018084793v1,chrUn_NW_018084794v1,chrUn_NW_018084795v1,chrUn_NW_018084796v1,chrUn_NW_018084797v1,chrUn_NW_018084798v1,chrUn_NW_018084799v1,chrUn_NW_018084800v1,chrUn_NW_018084801v1,chrUn_NW_018084802v1,chrUn_NW_018084803v1,chrUn_NW_018084804v1,chrUn_NW_018084805v1,chrUn_NW_018084806v1,chrUn_NW_018084807v1,chrUn_NW_018084808v1,chrUn_NW_018084809v1,chrUn_NW_018084810v1,chrUn_NW_018084811v1,chrUn_NW_018084812v1,chrUn_NW_018084813v1,chrUn_NW_018084814v1,chrUn_NW_018084815v1,chrUn_NW_018084816v1,chrUn_NW_018084817v1,chrUn_NW_018084818v1,chrUn_NW_018084819v1,chrUn_NW_018084820v1,chrUn_NW_018084821v1,chrUn_NW_018084822v1,chrUn_NW_018084823v1,chrUn_NW_018084824v1,chrUn_NW_018084825v1,chrUn_NW_018084826v1,chrUn_NW_018084827v1,chrUn_NW_018084828v1,chrUn_NW_018084829v1,chrUn_NW_018084830v1,chrUn_NW_018084831v1,chrUn_NW_018084832v1,chrUn_NW_018084833v1,chrUn_NW_018084834v1,chrUn_NW_018084835v1,chrUn_NW_018084836v1,chrUn_NW_018084837v1,chrUn_NW_018084838v1,chrUn_NW_018084839v1,chrUn_NW_018084840v1,chrUn_NW_018084841v1,chrUn_NW_018084842v1,chrUn_NW_018084843v1,chrUn_NW_018084844v1,chrUn_NW_018084845v1,chrUn_NW_018084846v1,chrUn_NW_018084847v1,chrUn_NW_018084848v1,chrUn_NW_018084849v1,chrUn_NW_018084850v1,chrUn_NW_018084851v1,chrUn_NW_018084852v1,chrUn_NW_018084853v1,chrUn_NW_018084854v1,chrUn_NW_018084855v1,chrUn_NW_018084856v1,chrUn_NW_018084857v1,chrUn_NW_018084858v1,chrUn_NW_018084859v1,chrUn_NW_018084860v1,chrUn_NW_018084861v1,chrUn_NW_018084862v1,chrUn_NW_018084863v1,chrUn_NW_018084864v1,chrUn_NW_018084865v1,chrUn_NW_018084866v1,chrUn_NW_018084867v1,chrUn_NW_018084868v1,chrUn_NW_018084869v1,chrUn_NW_018084870v1,chrUn_NW_018084871v1,chrUn_NW_018084872v1,chrUn_NW_018084873v1,chrUn_NW_018084874v1,chrUn_NW_018084875v1,chrUn_NW_018084876v1,chrUn_NW_018084877v1,chrUn_NW_018084878v1,chrUn_NW_018084879v1,chrUn_NW_018084880v1,chrUn_NW_018084881v1,chrUn_NW_018084882v1,chrUn_NW_018084883v1,chrUn_NW_018084884v1,chrUn_NW_018084885v1,chrUn_NW_018084886v1,chrUn_NW_018084887v1,chrUn_NW_018084888v1,chrUn_NW_018084889v1,chrUn_NW_018084890v1,chrUn_NW_018084891v1,chrUn_NW_018084892v1,chrUn_NW_018084893v1,chrUn_NW_018084894v1,chrUn_NW_018084895v1,chrUn_NW_018084896v1,chrUn_NW_018084897v1,chrUn_NW_018084898v1,chrUn_NW_018084899v1,chrUn_NW_018084900v1,chrUn_NW_018084901v1,chrUn_NW_018084902v1,chrUn_NW_018084903v1,chrUn_NW_018084904v1,chrUn_NW_018084905v1,chrUn_NW_018084906v1,chrUn_NW_018084907v1,chrUn_NW_018084908v1,chrUn_NW_018084909v1,chrUn_NW_018084910v1,chrUn_NW_018084911v1,chrUn_NW_018084912v1,chrUn_NW_018084913v1,chrUn_NW_018084914v1,chrUn_NW_018084915v1,chrUn_NW_018084916v1,chrUn_NW_018084917v1,chrUn_NW_018084918v1,chrUn_NW_018084919v1,chrUn_NW_018084920v1,chrUn_NW_018084921v1,chrUn_NW_018084922v1,chrUn_NW_018084923v1,chrUn_NW_018084924v1,chrUn_NW_018084925v1,chrUn_NW_018084926v1,chrUn_NW_018084927v1,chrUn_NW_018084928v1,chrUn_NW_018084929v1,chrUn_NW_018084930v1,chrUn_NW_018084931v1,chrUn_NW_018084932v1,chrUn_NW_018084933v1,chrUn_NW_018084934v1,chrUn_NW_018084935v1,chrUn_NW_018084936v1,chrUn_NW_018084937v1,chrUn_NW_018084938v1,chrUn_NW_018084939v1,chrUn_NW_018084940v1,chrUn_NW_018084941v1,chrUn_NW_018084942v1,chrUn_NW_018084943v1,chrUn_NW_018084944v1,chrUn_NW_018084945v1,chrUn_NW_018084946v1,chrUn_NW_018084947v1,chrUn_NW_018084948v1,chrUn_NW_018084949v1,chrUn_NW_018084950v1,chrUn_NW_018084951v1,chrUn_NW_018084952v1,chrUn_NW_018084953v1,chrUn_NW_018084954v1,chrUn_NW_018084955v1,chrUn_NW_018084956v1,chrUn_NW_018084957v1,chrUn_NW_018084958v1,chrUn_NW_018084959v1,chrUn_NW_018084960v1,chrUn_NW_018084961v1,chrUn_NW_018084962v1,chrUn_NW_018084963v1,chrUn_NW_018084964v1,chrUn_NW_018084965v1,chrUn_NW_018084966v1,chrUn_NW_018084967v1,chrUn_NW_018084968v1,chrUn_NW_018084969v1,chrUn_NW_018084970v1,chrUn_NW_018084971v1,chrUn_NW_018084972v1,chrUn_NW_018084973v1,chrUn_NW_018084974v1,chrUn_NW_018084975v1,chrUn_NW_018084976v1,chrUn_NW_018084977v1,chrUn_NW_018084978v1,chrUn_NW_018084979v1,chrUn_NW_018084980v1,chrUn_NW_018084981v1,chrUn_NW_018084982v1,chrUn_NW_018084983v1,chrUn_NW_018084984v1,chrUn_NW_018084985v1,chrUn_NW_018084986v1,chrUn_NW_018084987v1,chrUn_NW_018084988v1,chrUn_NW_018084989v1,chrUn_NW_018084990v1,chrUn_NW_018084991v1,chrUn_NW_018084992v1,chrUn_NW_018084993v1,chrUn_NW_018084994v1,chrUn_NW_018084995v1,chrUn_NW_018084996v1,chrUn_NW_018084997v1,chrUn_NW_018084998v1,chrUn_NW_018084999v1,chrUn_NW_018085000v1,chrUn_NW_018085001v1,chrUn_NW_018085002v1,chrUn_NW_018085003v1,chrUn_NW_018085004v1,chrUn_NW_018085005v1,chrUn_NW_018085006v1,chrUn_NW_018085007v1,chrUn_NW_018085008v1,chrUn_NW_018085009v1,chrUn_NW_018085010v1,chrUn_NW_018085011v1,chrUn_NW_018085012v1,chrUn_NW_018085013v1,chrUn_NW_018085014v1,chrUn_NW_018085015v1,chrUn_NW_018085016v1,chrUn_NW_018085017v1,chrUn_NW_018085018v1,chrUn_NW_018085019v1,chrUn_NW_018085020v1,chrUn_NW_018085021v1,chrUn_NW_018085022v1,chrUn_NW_018085023v1,chrUn_NW_018085024v1,chrUn_NW_018085025v1,chrUn_NW_018085026v1,chrUn_NW_018085027v1,chrUn_NW_018085028v1,chrUn_NW_018085029v1,chrUn_NW_018085030v1,chrUn_NW_018085031v1,chrUn_NW_018085032v1,chrUn_NW_018085033v1,chrUn_NW_018085034v1,chrUn_NW_018085035v1,chrUn_NW_018085036v1,chrUn_NW_018085037v1,chrUn_NW_018085038v1,chrUn_NW_018085039v1,chrUn_NW_018085040v1,chrUn_NW_018085041v1,chrUn_NW_018085042v1,chrUn_NW_018085043v1,chrUn_NW_018085044v1,chrUn_NW_018085045v1,chrUn_NW_018085046v1,chrUn_NW_018085047v1,chrUn_NW_018085048v1,chrUn_NW_018085049v1,chrUn_NW_018085050v1,chrUn_NW_018085051v1,chrUn_NW_018085052v1,chrUn_NW_018085053v1,chrUn_NW_018085054v1,chrUn_NW_018085055v1,chrUn_NW_018085056v1,chrUn_NW_018085057v1,chrUn_NW_018085058v1,chrUn_NW_018085059v1,chrUn_NW_018085060v1,chrUn_NW_018085061v1,chrUn_NW_018085062v1,chrUn_NW_018085063v1,chrUn_NW_018085064v1,chrUn_NW_018085065v1,chrUn_NW_018085066v1,chrUn_NW_018085067v1,chrUn_NW_018085068v1,chrUn_NW_018085069v1,chrUn_NW_018085070v1,chrUn_NW_018085071v1,chrUn_NW_018085072v1,chrUn_NW_018085073v1,chrUn_NW_018085074v1,chrUn_NW_018085075v1,chrUn_NW_018085076v1,chrUn_NW_018085077v1,chrUn_NW_018085078v1,chrUn_NW_018085079v1,chrUn_NW_018085080v1,chrUn_NW_018085081v1,chrUn_NW_018085082v1,chrUn_NW_018085083v1,chrUn_NW_018085084v1,chrUn_NW_018085085v1,chrUn_NW_018085086v1,chrUn_NW_018085087v1,chrUn_NW_018085088v1,chrUn_NW_018085089v1,chrUn_NW_018085090v1,chrUn_NW_018085091v1,chrUn_NW_018085092v1,chrUn_NW_018085093v1,chrUn_NW_018085094v1,chrUn_NW_018085095v1,chrUn_NW_018085096v1,chrUn_NW_018085097v1,chrUn_NW_018085098v1,chrUn_NW_018085099v1,chrUn_NW_018085100v1,chrUn_NW_018085101v1,chrUn_NW_018085102v1,chrUn_NW_018085103v1,chrUn_NW_018085104v1,chrUn_NW_018085105v1,chrUn_NW_018085106v1,chrUn_NW_018085107v1,chrUn_NW_018085108v1,chrUn_NW_018085109v1,chrUn_NW_018085110v1,chrUn_NW_018085111v1,chrUn_NW_018085112v1,chrUn_NW_018085113v1,chrUn_NW_018085114v1,chrUn_NW_018085115v1,chrUn_NW_018085116v1,chrUn_NW_018085117v1,chrUn_NW_018085118v1,chrUn_NW_018085119v1,chrUn_NW_018085120v1,chrUn_NW_018085121v1,chrUn_NW_018085122v1,chrUn_NW_018085123v1,chrUn_NW_018085124v1,chrUn_NW_018085125v1,chrUn_NW_018085126v1,chrUn_NW_018085127v1,chrUn_NW_018085128v1,chrUn_NW_018085129v1,chrUn_NW_018085130v1,chrUn_NW_018085131v1,chrUn_NW_018085132v1,chrUn_NW_018085133v1,chrUn_NW_018085134v1,chrUn_NW_018085135v1,chrUn_NW_018085136v1,chrUn_NW_018085137v1,chrUn_NW_018085138v1,chrUn_NW_018085139v1,chrUn_NW_018085140v1,chrUn_NW_018085141v1,chrUn_NW_018085142v1,chrUn_NW_018085143v1,chrUn_NW_018085144v1,chrUn_NW_018085145v1,chrUn_NW_018085146v1,chrUn_NW_018085147v1,chrUn_NW_018085148v1,chrUn_NW_018085149v1,chrUn_NW_018085150v1,chrUn_NW_018085151v1,chrUn_NW_018085152v1,chrUn_NW_018085153v1,chrUn_NW_018085154v1,chrUn_NW_018085155v1,chrUn_NW_018085156v1,chrUn_NW_018085157v1,chrUn_NW_018085158v1,chrUn_NW_018085159v1,chrUn_NW_018085160v1,chrUn_NW_018085161v1,chrUn_NW_018085162v1,chrUn_NW_018085163v1,chrUn_NW_018085164v1,chrUn_NW_018085165v1,chrUn_NW_018085166v1,chrUn_NW_018085167v1,chrUn_NW_018085168v1,chrUn_NW_018085169v1,chrUn_NW_018085170v1,chrUn_NW_018085171v1,chrUn_NW_018085172v1,chrUn_NW_018085173v1,chrUn_NW_018085174v1,chrUn_NW_018085175v1,chrUn_NW_018085176v1,chrUn_NW_018085177v1,chrUn_NW_018085178v1,chrUn_NW_018085179v1,chrUn_NW_018085180v1,chrUn_NW_018085181v1,chrUn_NW_018085182v1,chrUn_NW_018085183v1,chrUn_NW_018085184v1,chrUn_NW_018085185v1,chrUn_NW_018085186v1,chrUn_NW_018085187v1,chrUn_NW_018085188v1,chrUn_NW_018085189v1,chrUn_NW_018085190v1,chrUn_NW_018085191v1,chrUn_NW_018085192v1,chrUn_NW_018085193v1,chrUn_NW_018085194v1,chrUn_NW_018085195v1,chrUn_NW_018085196v1,chrUn_NW_018085197v1,chrUn_NW_018085198v1,chrUn_NW_018085199v1,chrUn_NW_018085200v1,chrUn_NW_018085201v1,chrUn_NW_018085202v1,chrUn_NW_018085203v1,chrUn_NW_018085204v1,chrUn_NW_018085205v1,chrUn_NW_018085206v1,chrUn_NW_018085207v1,chrUn_NW_018085208v1,chrUn_NW_018085209v1,chrUn_NW_018085210v1,chrUn_NW_018085211v1,chrUn_NW_018085212v1,chrUn_NW_018085213v1,chrUn_NW_018085214v1,chrUn_NW_018085215v1,chrUn_NW_018085216v1,chrUn_NW_018085217v1,chrUn_NW_018085218v1,chrUn_NW_018085219v1,chrUn_NW_018085220v1,chrUn_NW_018085221v1,chrUn_NW_018085222v1,chrUn_NW_018085223v1,chrUn_NW_018085224v1,chrUn_NW_018085225v1,chrUn_NW_018085226v1,chrUn_NW_018085227v1,chrUn_NW_018085228v1,chrUn_NW_018085229v1,chrUn_NW_018085230v1,chrUn_NW_018085231v1,chrUn_NW_018085232v1,chrUn_NW_018085233v1,chrUn_NW_018085234v1,chrUn_NW_018085235v1,chrUn_NW_018085236v1,chrUn_NW_018085237v1,chrUn_NW_018085238v1,chrUn_NW_018085239v1,chrUn_NW_018085240v1,chrUn_NW_018085241v1,chrUn_NW_018085242v1	49807077	1	1	1	1	1	1		/srv/beegfs/scratch/shares/ds4dh/common/ab-initio-TE/software_outputs/repeatmasker_dfam/RMDFAM_SPECIES_ANIMALS_CHR_20260615/pig/chunks/pig_chunk_00019_bundle
pig	108	pig_chunk_00020_bundle	chrUn_NW_018085243v1,chrUn_NW_018085244v1,chrUn_NW_018085245v1,chrUn_NW_018085246v1,chrUn_NW_018085247v1,chrUn_NW_018085248v1,chrUn_NW_018085249v1,chrUn_NW_018085250v1,chrUn_NW_018085251v1,chrUn_NW_018085252v1,chrUn_NW_018085253v1,chrUn_NW_018085254v1,chrUn_NW_018085255v1,chrUn_NW_018085256v1,chrUn_NW_018085257v1,chrUn_NW_018085258v1,chrUn_NW_018085259v1,chrUn_NW_018085260v1,chrUn_NW_018085261v1,chrUn_NW_018085262v1,chrUn_NW_018085263v1,chrUn_NW_018085264v1,chrUn_NW_018085265v1,chrUn_NW_018085266v1,chrUn_NW_018085267v1,chrUn_NW_018085268v1,chrUn_NW_018085269v1,chrUn_NW_018085270v1,chrUn_NW_018085271v1,chrUn_NW_018085272v1,chrUn_NW_018085273v1,chrUn_NW_018085274v1,chrUn_NW_018085275v1,chrUn_NW_018085276v1,chrUn_NW_018085277v1,chrUn_NW_018085278v1,chrUn_NW_018085279v1,chrUn_NW_018085280v1,chrUn_NW_018085281v1,chrUn_NW_018085282v1,chrUn_NW_018085283v1,chrUn_NW_018085284v1,chrUn_NW_018085285v1,chrUn_NW_018085286v1,chrUn_NW_018085287v1,chrUn_NW_018085288v1,chrUn_NW_018085289v1,chrUn_NW_018085290v1,chrUn_NW_018085291v1,chrUn_NW_018085292v1,chrUn_NW_018085293v1,chrUn_NW_018085294v1,chrUn_NW_018085295v1,chrUn_NW_018085296v1,chrUn_NW_018085297v1,chrUn_NW_018085298v1,chrUn_NW_018085299v1,chrUn_NW_018085300v1,chrUn_NW_018085301v1,chrUn_NW_018085302v1,chrUn_NW_018085303v1,chrUn_NW_018085304v1,chrUn_NW_018085305v1,chrUn_NW_018085306v1,chrUn_NW_018085307v1,chrUn_NW_018085308v1,chrUn_NW_018085309v1,chrUn_NW_018085310v1,chrUn_NW_018085311v1,chrUn_NW_018085312v1,chrUn_NW_018085313v1,chrUn_NW_018085314v1,chrUn_NW_018085315v1,chrUn_NW_018085316v1,chrUn_NW_018085317v1,chrUn_NW_018085318v1,chrUn_NW_018085319v1,chrUn_NW_018085320v1,chrUn_NW_018085321v1,chrUn_NW_018085322v1,chrUn_NW_018085323v1,chrUn_NW_018085324v1,chrUn_NW_018085325v1,chrUn_NW_018085326v1,chrUn_NW_018085327v1,chrUn_NW_018085328v1,chrUn_NW_018085329v1,chrUn_NW_018085330v1,chrUn_NW_018085331v1,chrUn_NW_018085332v1,chrUn_NW_018085333v1,chrUn_NW_018085334v1,chrUn_NW_018085335v1,chrUn_NW_018085336v1,chrUn_NW_018085337v1,chrUn_NW_018085338v1,chrUn_NW_018085339v1,chrUn_NW_018085340v1,chrUn_NW_018085341v1,chrUn_NW_018085342v1,chrUn_NW_018085343v1,chrUn_NW_018085344v1,chrUn_NW_018085345v1,chrUn_NW_018085346v1,chrUn_NW_018085347v1,chrUn_NW_018085348v1,chrUn_NW_018085349v1,chrUn_NW_018085350v1,chrUn_NW_018085351v1,chrUn_NW_018085352v1,chrUn_NW_018085353v1,chrUn_NW_018085354v1,chrUn_NW_018085355v1,chrUn_NW_018085356v1,chrUn_NW_018085357v1,chrUn_NW_018085358v1,chrUn_NW_018085359v1,chrUn_NW_018085360v1,chrUn_NW_018085361v1,chrUn_NW_018085362v1,chrUn_NW_018085363v1,chrUn_NW_018085364v1,chrUn_NW_018085365v1,chrUn_NW_018085366v1,chrUn_NW_018085367v1,chrUn_NW_018085368v1	15263746	1	1	1	1	1	1		/srv/beegfs/scratch/shares/ds4dh/common/ab-initio-TE/software_outputs/repeatmasker_dfam/RMDFAM_SPECIES_ANIMALS_CHR_20260615/pig/chunks/pig_chunk_00020_bundle
pig	109	pig_chunk_00021_chrX	chrX	125939595	1	1	1	1	1	1		/srv/beegfs/scratch/shares/ds4dh/common/ab-initio-TE/software_outputs/repeatmasker_dfam/RMDFAM_SPECIES_ANIMALS_CHR_20260615/pig/chunks/pig_chunk_00021_chrX
pig	110	pig_chunk_00022_bundle	chrY,chrY_NW_018084777v1_random,chrY_NW_018084778v1_random,chrY_NW_018084779v1_random,chrY_NW_018084780v1_random,chrY_NW_018084781v1_random,chrY_NW_018084782v1_random,chrY_NW_018084783v1_random,chrY_NW_018084784v1_random,chrY_NW_018084785v1_random	45127330	1	1	1	1	1	1		/srv/beegfs/scratch/shares/ds4dh/common/ab-initio-TE/software_outputs/repeatmasker_dfam/RMDFAM_SPECIES_ANIMALS_CHR_20260615/pig/chunks/pig_chunk_00022_bundle
cattle	111	cattle_chunk_00001_chr1	chr1	158534110	1	1	1	1	1	1		/srv/beegfs/scratch/shares/ds4dh/common/ab-initio-TE/software_outputs/repeatmasker_dfam/RMDFAM_SPECIES_ANIMALS_CHR_20260615/cattle/chunks/cattle_chunk_00001_chr1
cattle	112	cattle_chunk_00002_chr10	chr10	103308737	1	1	1	1	1	1		/srv/beegfs/scratch/shares/ds4dh/common/ab-initio-TE/software_outputs/repeatmasker_dfam/RMDFAM_SPECIES_ANIMALS_CHR_20260615/cattle/chunks/cattle_chunk_00002_chr10
cattle	113	cattle_chunk_00003_chr11	chr11	106982474	1	1	1	1	1	1		/srv/beegfs/scratch/shares/ds4dh/common/ab-initio-TE/software_outputs/repeatmasker_dfam/RMDFAM_SPECIES_ANIMALS_CHR_20260615/cattle/chunks/cattle_chunk_00003_chr11
cattle	114	cattle_chunk_00004_chr12	chr12	87216183	1	1	1	1	1	1		/srv/beegfs/scratch/shares/ds4dh/common/ab-initio-TE/software_outputs/repeatmasker_dfam/RMDFAM_SPECIES_ANIMALS_CHR_20260615/cattle/chunks/cattle_chunk_00004_chr12
cattle	115	cattle_chunk_00005_chr13	chr13	83472345	1	1	1	1	1	1		/srv/beegfs/scratch/shares/ds4dh/common/ab-initio-TE/software_outputs/repeatmasker_dfam/RMDFAM_SPECIES_ANIMALS_CHR_20260615/cattle/chunks/cattle_chunk_00005_chr13
cattle	116	cattle_chunk_00006_chr14	chr14	82403003	1	1	1	1	1	1		/srv/beegfs/scratch/shares/ds4dh/common/ab-initio-TE/software_outputs/repeatmasker_dfam/RMDFAM_SPECIES_ANIMALS_CHR_20260615/cattle/chunks/cattle_chunk_00006_chr14
cattle	117	cattle_chunk_00007_chr15	chr15	85007780	1	1	1	1	1	1		/srv/beegfs/scratch/shares/ds4dh/common/ab-initio-TE/software_outputs/repeatmasker_dfam/RMDFAM_SPECIES_ANIMALS_CHR_20260615/cattle/chunks/cattle_chunk_00007_chr15
cattle	118	cattle_chunk_00008_chr16	chr16	81013979	1	1	1	1	1	1		/srv/beegfs/scratch/shares/ds4dh/common/ab-initio-TE/software_outputs/repeatmasker_dfam/RMDFAM_SPECIES_ANIMALS_CHR_20260615/cattle/chunks/cattle_chunk_00008_chr16
cattle	119	cattle_chunk_00009_chr17	chr17	73167244	1	1	1	1	1	1		/srv/beegfs/scratch/shares/ds4dh/common/ab-initio-TE/software_outputs/repeatmasker_dfam/RMDFAM_SPECIES_ANIMALS_CHR_20260615/cattle/chunks/cattle_chunk_00009_chr17
cattle	120	cattle_chunk_00010_chr18	chr18	65820629	1	1	1	1	1	1		/srv/beegfs/scratch/shares/ds4dh/common/ab-initio-TE/software_outputs/repeatmasker_dfam/RMDFAM_SPECIES_ANIMALS_CHR_20260615/cattle/chunks/cattle_chunk_00010_chr18
cattle	121	cattle_chunk_00011_chr19	chr19	63449741	1	1	1	1	1	1		/srv/beegfs/scratch/shares/ds4dh/common/ab-initio-TE/software_outputs/repeatmasker_dfam/RMDFAM_SPECIES_ANIMALS_CHR_20260615/cattle/chunks/cattle_chunk_00011_chr19
cattle	122	cattle_chunk_00012_chr2	chr2	136231102	1	1	1	1	1	1		/srv/beegfs/scratch/shares/ds4dh/common/ab-initio-TE/software_outputs/repeatmasker_dfam/RMDFAM_SPECIES_ANIMALS_CHR_20260615/cattle/chunks/cattle_chunk_00012_chr2
cattle	123	cattle_chunk_00013_chr20	chr20	71974595	1	1	1	1	1	1		/srv/beegfs/scratch/shares/ds4dh/common/ab-initio-TE/software_outputs/repeatmasker_dfam/RMDFAM_SPECIES_ANIMALS_CHR_20260615/cattle/chunks/cattle_chunk_00013_chr20
cattle	124	cattle_chunk_00014_chr21	chr21	69862954	1	1	1	1	1	1		/srv/beegfs/scratch/shares/ds4dh/common/ab-initio-TE/software_outputs/repeatmasker_dfam/RMDFAM_SPECIES_ANIMALS_CHR_20260615/cattle/chunks/cattle_chunk_00014_chr21
cattle	125	cattle_chunk_00015_chr22	chr22	60773035	1	1	1	1	1	1		/srv/beegfs/scratch/shares/ds4dh/common/ab-initio-TE/software_outputs/repeatmasker_dfam/RMDFAM_SPECIES_ANIMALS_CHR_20260615/cattle/chunks/cattle_chunk_00015_chr22
cattle	126	cattle_chunk_00016_chr23	chr23	52498615	1	1	1	1	1	1		/srv/beegfs/scratch/shares/ds4dh/common/ab-initio-TE/software_outputs/repeatmasker_dfam/RMDFAM_SPECIES_ANIMALS_CHR_20260615/cattle/chunks/cattle_chunk_00016_chr23
cattle	127	cattle_chunk_00017_chr24	chr24	62317253	1	1	1	1	1	1		/srv/beegfs/scratch/shares/ds4dh/common/ab-initio-TE/software_outputs/repeatmasker_dfam/RMDFAM_SPECIES_ANIMALS_CHR_20260615/cattle/chunks/cattle_chunk_00017_chr24
cattle	128	cattle_chunk_00018_bundle	chr25	42350435	1	1	1	1	1	1		/srv/beegfs/scratch/shares/ds4dh/common/ab-initio-TE/software_outputs/repeatmasker_dfam/RMDFAM_SPECIES_ANIMALS_CHR_20260615/cattle/chunks/cattle_chunk_00018_bundle
cattle	129	cattle_chunk_00019_chr26	chr26	51992305	1	1	1	1	1	1		/srv/beegfs/scratch/shares/ds4dh/common/ab-initio-TE/software_outputs/repeatmasker_dfam/RMDFAM_SPECIES_ANIMALS_CHR_20260615/cattle/chunks/cattle_chunk_00019_chr26
cattle	130	cattle_chunk_00020_bundle	chr27	45612108	1	1	1	1	1	1		/srv/beegfs/scratch/shares/ds4dh/common/ab-initio-TE/software_outputs/repeatmasker_dfam/RMDFAM_SPECIES_ANIMALS_CHR_20260615/cattle/chunks/cattle_chunk_00020_bundle
cattle	131	cattle_chunk_00021_bundle	chr28	45940150	1	1	1	1	1	1		/srv/beegfs/scratch/shares/ds4dh/common/ab-initio-TE/software_outputs/repeatmasker_dfam/RMDFAM_SPECIES_ANIMALS_CHR_20260615/cattle/chunks/cattle_chunk_00021_bundle
cattle	132	cattle_chunk_00022_chr29	chr29	51098607	1	1	1	1	1	1		/srv/beegfs/scratch/shares/ds4dh/common/ab-initio-TE/software_outputs/repeatmasker_dfam/RMDFAM_SPECIES_ANIMALS_CHR_20260615/cattle/chunks/cattle_chunk_00022_chr29
cattle	133	cattle_chunk_00023_chr3	chr3	121005158	1	1	1	1	1	1		/srv/beegfs/scratch/shares/ds4dh/common/ab-initio-TE/software_outputs/repeatmasker_dfam/RMDFAM_SPECIES_ANIMALS_CHR_20260615/cattle/chunks/cattle_chunk_00023_chr3
cattle	134	cattle_chunk_00024_chr4	chr4	120000601	1	1	1	1	1	1		/srv/beegfs/scratch/shares/ds4dh/common/ab-initio-TE/software_outputs/repeatmasker_dfam/RMDFAM_SPECIES_ANIMALS_CHR_20260615/cattle/chunks/cattle_chunk_00024_chr4
cattle	135	cattle_chunk_00025_chr5	chr5	120089316	1	1	1	1	1	1		/srv/beegfs/scratch/shares/ds4dh/common/ab-initio-TE/software_outputs/repeatmasker_dfam/RMDFAM_SPECIES_ANIMALS_CHR_20260615/cattle/chunks/cattle_chunk_00025_chr5
cattle	136	cattle_chunk_00026_chr6	chr6	117806340	1	1	1	1	1	1		/srv/beegfs/scratch/shares/ds4dh/common/ab-initio-TE/software_outputs/repeatmasker_dfam/RMDFAM_SPECIES_ANIMALS_CHR_20260615/cattle/chunks/cattle_chunk_00026_chr6
cattle	137	cattle_chunk_00027_chr7	chr7	110682743	1	1	1	1	1	1		/srv/beegfs/scratch/shares/ds4dh/common/ab-initio-TE/software_outputs/repeatmasker_dfam/RMDFAM_SPECIES_ANIMALS_CHR_20260615/cattle/chunks/cattle_chunk_00027_chr7
cattle	138	cattle_chunk_00028_chr8	chr8	113319770	1	1	1	1	1	1		/srv/beegfs/scratch/shares/ds4dh/common/ab-initio-TE/software_outputs/repeatmasker_dfam/RMDFAM_SPECIES_ANIMALS_CHR_20260615/cattle/chunks/cattle_chunk_00028_chr8
cattle	139	cattle_chunk_00029_chr9	chr9	105454467	1	1	1	1	1	1		/srv/beegfs/scratch/shares/ds4dh/common/ab-initio-TE/software_outputs/repeatmasker_dfam/RMDFAM_SPECIES_ANIMALS_CHR_20260615/cattle/chunks/cattle_chunk_00029_chr9
cattle	140	cattle_chunk_00030_bundle	chrM,chrUn_NW_020190115v1,chrUn_NW_020190116v1,chrUn_NW_020190117v1,chrUn_NW_020190118v1,chrUn_NW_020190119v1,chrUn_NW_020190120v1,chrUn_NW_020190121v1,chrUn_NW_020190122v1,chrUn_NW_020190123v1,chrUn_NW_020190124v1,chrUn_NW_020190125v1,chrUn_NW_020190126v1,chrUn_NW_020190127v1,chrUn_NW_020190128v1,chrUn_NW_020190129v1,chrUn_NW_020190130v1,chrUn_NW_020190131v1,chrUn_NW_020190132v1,chrUn_NW_020190133v1,chrUn_NW_020190134v1,chrUn_NW_020190135v1,chrUn_NW_020190136v1,chrUn_NW_020190137v1,chrUn_NW_020190138v1,chrUn_NW_020190139v1,chrUn_NW_020190140v1,chrUn_NW_020190141v1,chrUn_NW_020190142v1,chrUn_NW_020190143v1,chrUn_NW_020190144v1,chrUn_NW_020190145v1,chrUn_NW_020190146v1,chrUn_NW_020190147v1,chrUn_NW_020190148v1,chrUn_NW_020190149v1,chrUn_NW_020190150v1,chrUn_NW_020190151v1,chrUn_NW_020190152v1,chrUn_NW_020190153v1,chrUn_NW_020190154v1,chrUn_NW_020190155v1,chrUn_NW_020190156v1,chrUn_NW_020190157v1,chrUn_NW_020190158v1,chrUn_NW_020190159v1,chrUn_NW_020190160v1,chrUn_NW_020190161v1,chrUn_NW_020190162v1,chrUn_NW_020190163v1,chrUn_NW_020190164v1,chrUn_NW_020190165v1,chrUn_NW_020190166v1,chrUn_NW_020190167v1,chrUn_NW_020190168v1,chrUn_NW_020190169v1,chrUn_NW_020190170v1,chrUn_NW_020190171v1,chrUn_NW_020190172v1,chrUn_NW_020190173v1,chrUn_NW_020190174v1,chrUn_NW_020190175v1,chrUn_NW_020190176v1,chrUn_NW_020190177v1,chrUn_NW_020190178v1,chrUn_NW_020190179v1,chrUn_NW_020190180v1,chrUn_NW_020190181v1,chrUn_NW_020190182v1,chrUn_NW_020190183v1,chrUn_NW_020190184v1,chrUn_NW_020190185v1,chrUn_NW_020190186v1,chrUn_NW_020190187v1,chrUn_NW_020190188v1,chrUn_NW_020190189v1,chrUn_NW_020190190v1,chrUn_NW_020190191v1,chrUn_NW_020190192v1,chrUn_NW_020190193v1,chrUn_NW_020190194v1,chrUn_NW_020190195v1,chrUn_NW_020190196v1,chrUn_NW_020190197v1,chrUn_NW_020190198v1,chrUn_NW_020190199v1,chrUn_NW_020190200v1,chrUn_NW_020190201v1,chrUn_NW_020190202v1,chrUn_NW_020190203v1,chrUn_NW_020190204v1,chrUn_NW_020190205v1,chrUn_NW_020190206v1,chrUn_NW_020190207v1,chrUn_NW_020190208v1,chrUn_NW_020190209v1,chrUn_NW_020190210v1,chrUn_NW_020190211v1,chrUn_NW_020190212v1,chrUn_NW_020190213v1,chrUn_NW_020190214v1,chrUn_NW_020190215v1,chrUn_NW_020190216v1,chrUn_NW_020190217v1,chrUn_NW_020190218v1,chrUn_NW_020190219v1,chrUn_NW_020190220v1,chrUn_NW_020190221v1,chrUn_NW_020190222v1,chrUn_NW_020190223v1,chrUn_NW_020190224v1,chrUn_NW_020190225v1,chrUn_NW_020190226v1,chrUn_NW_020190227v1,chrUn_NW_020190228v1,chrUn_NW_020190229v1,chrUn_NW_020190230v1,chrUn_NW_020190231v1,chrUn_NW_020190232v1,chrUn_NW_020190233v1,chrUn_NW_020190234v1,chrUn_NW_020190235v1,chrUn_NW_020190236v1,chrUn_NW_020190237v1,chrUn_NW_020190238v1,chrUn_NW_020190239v1,chrUn_NW_020190240v1,chrUn_NW_020190241v1,chrUn_NW_020190242v1,chrUn_NW_020190243v1,chrUn_NW_020190244v1,chrUn_NW_020190245v1,chrUn_NW_020190246v1,chrUn_NW_020190247v1,chrUn_NW_020190248v1,chrUn_NW_020190249v1,chrUn_NW_020190250v1,chrUn_NW_020190251v1,chrUn_NW_020190252v1,chrUn_NW_020190253v1,chrUn_NW_020190254v1,chrUn_NW_020190255v1,chrUn_NW_020190256v1,chrUn_NW_020190257v1,chrUn_NW_020190258v1,chrUn_NW_020190259v1,chrUn_NW_020190260v1,chrUn_NW_020190261v1,chrUn_NW_020190262v1,chrUn_NW_020190263v1,chrUn_NW_020190264v1,chrUn_NW_020190265v1,chrUn_NW_020190266v1,chrUn_NW_020190267v1,chrUn_NW_020190268v1,chrUn_NW_020190269v1,chrUn_NW_020190270v1,chrUn_NW_020190271v1,chrUn_NW_020190272v1,chrUn_NW_020190273v1,chrUn_NW_020190274v1,chrUn_NW_020190275v1,chrUn_NW_020190276v1,chrUn_NW_020190277v1,chrUn_NW_020190278v1,chrUn_NW_020190279v1,chrUn_NW_020190280v1,chrUn_NW_020190281v1,chrUn_NW_020190282v1,chrUn_NW_020190283v1,chrUn_NW_020190284v1,chrUn_NW_020190285v1,chrUn_NW_020190286v1,chrUn_NW_020190287v1,chrUn_NW_020190288v1,chrUn_NW_020190289v1,chrUn_NW_020190290v1,chrUn_NW_020190291v1,chrUn_NW_020190292v1,chrUn_NW_020190293v1,chrUn_NW_020190294v1,chrUn_NW_020190295v1,chrUn_NW_020190296v1,chrUn_NW_020190297v1,chrUn_NW_020190298v1,chrUn_NW_020190299v1,chrUn_NW_020190300v1,chrUn_NW_020190301v1,chrUn_NW_020190302v1,chrUn_NW_020190303v1,chrUn_NW_020190304v1,chrUn_NW_020190305v1,chrUn_NW_020190306v1,chrUn_NW_020190307v1,chrUn_NW_020190308v1,chrUn_NW_020190309v1,chrUn_NW_020190310v1,chrUn_NW_020190311v1,chrUn_NW_020190312v1,chrUn_NW_020190313v1,chrUn_NW_020190314v1,chrUn_NW_020190315v1,chrUn_NW_020190316v1,chrUn_NW_020190317v1,chrUn_NW_020190318v1,chrUn_NW_020190319v1,chrUn_NW_020190320v1,chrUn_NW_020190321v1,chrUn_NW_020190322v1,chrUn_NW_020190323v1,chrUn_NW_020190324v1,chrUn_NW_020190325v1,chrUn_NW_020190326v1,chrUn_NW_020190327v1,chrUn_NW_020190328v1,chrUn_NW_020190329v1,chrUn_NW_020190330v1,chrUn_NW_020190331v1,chrUn_NW_020190332v1,chrUn_NW_020190333v1,chrUn_NW_020190334v1,chrUn_NW_020190335v1,chrUn_NW_020190336v1,chrUn_NW_020190337v1,chrUn_NW_020190338v1,chrUn_NW_020190339v1,chrUn_NW_020190340v1,chrUn_NW_020190341v1,chrUn_NW_020190342v1,chrUn_NW_020190343v1,chrUn_NW_020190344v1,chrUn_NW_020190345v1,chrUn_NW_020190346v1,chrUn_NW_020190347v1,chrUn_NW_020190348v1,chrUn_NW_020190349v1,chrUn_NW_020190350v1,chrUn_NW_020190351v1,chrUn_NW_020190352v1,chrUn_NW_020190353v1,chrUn_NW_020190354v1,chrUn_NW_020190355v1,chrUn_NW_020190356v1,chrUn_NW_020190357v1,chrUn_NW_020190358v1,chrUn_NW_020190359v1,chrUn_NW_020190360v1,chrUn_NW_020190361v1,chrUn_NW_020190362v1,chrUn_NW_020190363v1,chrUn_NW_020190364v1,chrUn_NW_020190365v1,chrUn_NW_020190366v1,chrUn_NW_020190367v1,chrUn_NW_020190368v1,chrUn_NW_020190369v1,chrUn_NW_020190370v1,chrUn_NW_020190371v1,chrUn_NW_020190372v1,chrUn_NW_020190373v1,chrUn_NW_020190374v1,chrUn_NW_020190375v1,chrUn_NW_020190376v1,chrUn_NW_020190377v1,chrUn_NW_020190378v1,chrUn_NW_020190379v1,chrUn_NW_020190380v1,chrUn_NW_020190381v1,chrUn_NW_020190382v1,chrUn_NW_020190383v1,chrUn_NW_020190384v1,chrUn_NW_020190385v1,chrUn_NW_020190386v1,chrUn_NW_020190387v1,chrUn_NW_020190388v1,chrUn_NW_020190389v1,chrUn_NW_020190390v1,chrUn_NW_020190391v1,chrUn_NW_020190392v1,chrUn_NW_020190393v1,chrUn_NW_020190394v1,chrUn_NW_020190395v1,chrUn_NW_020190396v1,chrUn_NW_020190397v1,chrUn_NW_020190398v1,chrUn_NW_020190399v1,chrUn_NW_020190400v1,chrUn_NW_020190401v1,chrUn_NW_020190402v1,chrUn_NW_020190403v1,chrUn_NW_020190404v1,chrUn_NW_020190405v1,chrUn_NW_020190406v1,chrUn_NW_020190407v1,chrUn_NW_020190408v1,chrUn_NW_020190409v1,chrUn_NW_020190410v1,chrUn_NW_020190411v1,chrUn_NW_020190412v1,chrUn_NW_020190413v1,chrUn_NW_020190414v1,chrUn_NW_020190415v1,chrUn_NW_020190416v1,chrUn_NW_020190417v1,chrUn_NW_020190418v1,chrUn_NW_020190419v1,chrUn_NW_020190420v1,chrUn_NW_020190421v1,chrUn_NW_020190422v1,chrUn_NW_020190423v1,chrUn_NW_020190424v1,chrUn_NW_020190425v1,chrUn_NW_020190426v1,chrUn_NW_020190427v1,chrUn_NW_020190428v1,chrUn_NW_020190429v1,chrUn_NW_020190430v1,chrUn_NW_020190431v1,chrUn_NW_020190432v1,chrUn_NW_020190433v1,chrUn_NW_020190434v1,chrUn_NW_020190435v1,chrUn_NW_020190436v1,chrUn_NW_020190437v1,chrUn_NW_020190438v1,chrUn_NW_020190439v1,chrUn_NW_020190440v1,chrUn_NW_020190441v1,chrUn_NW_020190442v1,chrUn_NW_020190443v1,chrUn_NW_020190444v1,chrUn_NW_020190445v1,chrUn_NW_020190446v1,chrUn_NW_020190447v1,chrUn_NW_020190448v1,chrUn_NW_020190449v1,chrUn_NW_020190450v1,chrUn_NW_020190451v1,chrUn_NW_020190452v1,chrUn_NW_020190453v1,chrUn_NW_020190454v1,chrUn_NW_020190455v1,chrUn_NW_020190456v1,chrUn_NW_020190457v1,chrUn_NW_020190458v1,chrUn_NW_020190459v1,chrUn_NW_020190460v1,chrUn_NW_020190461v1,chrUn_NW_020190462v1,chrUn_NW_020190463v1,chrUn_NW_020190464v1,chrUn_NW_020190465v1,chrUn_NW_020190466v1,chrUn_NW_020190467v1,chrUn_NW_020190468v1,chrUn_NW_020190469v1,chrUn_NW_020190470v1,chrUn_NW_020190471v1,chrUn_NW_020190472v1,chrUn_NW_020190473v1,chrUn_NW_020190474v1,chrUn_NW_020190475v1,chrUn_NW_020190476v1,chrUn_NW_020190477v1,chrUn_NW_020190478v1,chrUn_NW_020190479v1,chrUn_NW_020190480v1,chrUn_NW_020190481v1,chrUn_NW_020190482v1,chrUn_NW_020190483v1,chrUn_NW_020190484v1,chrUn_NW_020190485v1,chrUn_NW_020190486v1,chrUn_NW_020190487v1,chrUn_NW_020190488v1,chrUn_NW_020190489v1,chrUn_NW_020190490v1,chrUn_NW_020190491v1,chrUn_NW_020190492v1,chrUn_NW_020190493v1,chrUn_NW_020190494v1,chrUn_NW_020190495v1,chrUn_NW_020190496v1,chrUn_NW_020190497v1,chrUn_NW_020190498v1,chrUn_NW_020190499v1,chrUn_NW_020190500v1,chrUn_NW_020190501v1,chrUn_NW_020190502v1,chrUn_NW_020190503v1,chrUn_NW_020190504v1,chrUn_NW_020190505v1,chrUn_NW_020190506v1,chrUn_NW_020190507v1,chrUn_NW_020190508v1,chrUn_NW_020190509v1,chrUn_NW_020190510v1,chrUn_NW_020190511v1,chrUn_NW_020190512v1,chrUn_NW_020190513v1,chrUn_NW_020190514v1,chrUn_NW_020190515v1,chrUn_NW_020190516v1,chrUn_NW_020190517v1,chrUn_NW_020190518v1,chrUn_NW_020190519v1,chrUn_NW_020190520v1,chrUn_NW_020190521v1,chrUn_NW_020190522v1,chrUn_NW_020190523v1,chrUn_NW_020190524v1,chrUn_NW_020190525v1,chrUn_NW_020190526v1,chrUn_NW_020190527v1,chrUn_NW_020190528v1,chrUn_NW_020190529v1,chrUn_NW_020190530v1,chrUn_NW_020190531v1,chrUn_NW_020190532v1,chrUn_NW_020190533v1,chrUn_NW_020190534v1,chrUn_NW_020190535v1,chrUn_NW_020190536v1,chrUn_NW_020190537v1,chrUn_NW_020190538v1,chrUn_NW_020190539v1,chrUn_NW_020190540v1,chrUn_NW_020190541v1,chrUn_NW_020190542v1,chrUn_NW_020190543v1,chrUn_NW_020190544v1,chrUn_NW_020190545v1,chrUn_NW_020190546v1,chrUn_NW_020190547v1,chrUn_NW_020190548v1,chrUn_NW_020190549v1,chrUn_NW_020190550v1,chrUn_NW_020190551v1,chrUn_NW_020190552v1,chrUn_NW_020190553v1,chrUn_NW_020190554v1,chrUn_NW_020190555v1,chrUn_NW_020190556v1,chrUn_NW_020190557v1,chrUn_NW_020190558v1,chrUn_NW_020190559v1,chrUn_NW_020190560v1,chrUn_NW_020190561v1,chrUn_NW_020190562v1,chrUn_NW_020190563v1,chrUn_NW_020190564v1,chrUn_NW_020190565v1,chrUn_NW_020190566v1,chrUn_NW_020190567v1,chrUn_NW_020190568v1,chrUn_NW_020190569v1,chrUn_NW_020190570v1,chrUn_NW_020190571v1,chrUn_NW_020190572v1,chrUn_NW_020190573v1,chrUn_NW_020190574v1,chrUn_NW_020190575v1,chrUn_NW_020190576v1,chrUn_NW_020190577v1,chrUn_NW_020190578v1,chrUn_NW_020190579v1,chrUn_NW_020190580v1,chrUn_NW_020190581v1,chrUn_NW_020190582v1,chrUn_NW_020190583v1,chrUn_NW_020190584v1,chrUn_NW_020190585v1,chrUn_NW_020190586v1,chrUn_NW_020190587v1,chrUn_NW_020190588v1,chrUn_NW_020190589v1,chrUn_NW_020190590v1,chrUn_NW_020190591v1,chrUn_NW_020190592v1,chrUn_NW_020190593v1,chrUn_NW_020190594v1,chrUn_NW_020190595v1,chrUn_NW_020190596v1,chrUn_NW_020190597v1,chrUn_NW_020190598v1,chrUn_NW_020190599v1,chrUn_NW_020190600v1,chrUn_NW_020190601v1,chrUn_NW_020190602v1,chrUn_NW_020190603v1,chrUn_NW_020190604v1,chrUn_NW_020190605v1,chrUn_NW_020190606v1,chrUn_NW_020190607v1,chrUn_NW_020190608v1,chrUn_NW_020190609v1,chrUn_NW_020190610v1,chrUn_NW_020190611v1,chrUn_NW_020190612v1,chrUn_NW_020190613v1,chrUn_NW_020190614v1,chrUn_NW_020190615v1,chrUn_NW_020190616v1,chrUn_NW_020190617v1,chrUn_NW_020190618v1,chrUn_NW_020190619v1,chrUn_NW_020190620v1,chrUn_NW_020190621v1,chrUn_NW_020190622v1,chrUn_NW_020190623v1,chrUn_NW_020190624v1,chrUn_NW_020190625v1,chrUn_NW_020190626v1,chrUn_NW_020190627v1,chrUn_NW_020190628v1,chrUn_NW_020190629v1,chrUn_NW_020190630v1,chrUn_NW_020190631v1,chrUn_NW_020190632v1,chrUn_NW_020190633v1,chrUn_NW_020190634v1,chrUn_NW_020190635v1,chrUn_NW_020190636v1,chrUn_NW_020190637v1,chrUn_NW_020190638v1,chrUn_NW_020190639v1,chrUn_NW_020190640v1,chrUn_NW_020190641v1,chrUn_NW_020190642v1,chrUn_NW_020190643v1,chrUn_NW_020190644v1,chrUn_NW_020190645v1,chrUn_NW_020190646v1,chrUn_NW_020190647v1,chrUn_NW_020190648v1,chrUn_NW_020190649v1,chrUn_NW_020190650v1,chrUn_NW_020190651v1,chrUn_NW_020190652v1,chrUn_NW_020190653v1,chrUn_NW_020190654v1,chrUn_NW_020190655v1,chrUn_NW_020190656v1,chrUn_NW_020190657v1,chrUn_NW_020190658v1,chrUn_NW_020190659v1,chrUn_NW_020190660v1,chrUn_NW_020190661v1,chrUn_NW_020190662v1,chrUn_NW_020190663v1,chrUn_NW_020190664v1,chrUn_NW_020190665v1,chrUn_NW_020190666v1,chrUn_NW_020190667v1,chrUn_NW_020190668v1,chrUn_NW_020190669v1,chrUn_NW_020190670v1,chrUn_NW_020190671v1,chrUn_NW_020190672v1,chrUn_NW_020190673v1,chrUn_NW_020190674v1,chrUn_NW_020190675v1,chrUn_NW_020190676v1,chrUn_NW_020190677v1,chrUn_NW_020190678v1,chrUn_NW_020190679v1,chrUn_NW_020190680v1,chrUn_NW_020190681v1,chrUn_NW_020190682v1,chrUn_NW_020190683v1,chrUn_NW_020190684v1,chrUn_NW_020190685v1,chrUn_NW_020190686v1,chrUn_NW_020190687v1,chrUn_NW_020190688v1,chrUn_NW_020190689v1,chrUn_NW_020190690v1,chrUn_NW_020190691v1,chrUn_NW_020190692v1,chrUn_NW_020190693v1,chrUn_NW_020190694v1,chrUn_NW_020190695v1,chrUn_NW_020190696v1,chrUn_NW_020190697v1,chrUn_NW_020190698v1,chrUn_NW_020190699v1,chrUn_NW_020190700v1,chrUn_NW_020190701v1,chrUn_NW_020190702v1,chrUn_NW_020190703v1,chrUn_NW_020190704v1,chrUn_NW_020190705v1,chrUn_NW_020190706v1,chrUn_NW_020190707v1,chrUn_NW_020190708v1,chrUn_NW_020190709v1,chrUn_NW_020190710v1,chrUn_NW_020190711v1,chrUn_NW_020190712v1,chrUn_NW_020190713v1,chrUn_NW_020190714v1,chrUn_NW_020190715v1,chrUn_NW_020190716v1,chrUn_NW_020190717v1,chrUn_NW_020190718v1,chrUn_NW_020190719v1,chrUn_NW_020190720v1,chrUn_NW_020190721v1,chrUn_NW_020190722v1,chrUn_NW_020190723v1,chrUn_NW_020190724v1,chrUn_NW_020190725v1,chrUn_NW_020190726v1,chrUn_NW_020190727v1,chrUn_NW_020190728v1,chrUn_NW_020190729v1,chrUn_NW_020190730v1,chrUn_NW_020190731v1,chrUn_NW_020190732v1,chrUn_NW_020190733v1,chrUn_NW_020190734v1,chrUn_NW_020190735v1,chrUn_NW_020190736v1,chrUn_NW_020190737v1,chrUn_NW_020190738v1,chrUn_NW_020190739v1,chrUn_NW_020190740v1,chrUn_NW_020190741v1,chrUn_NW_020190742v1,chrUn_NW_020190743v1,chrUn_NW_020190744v1,chrUn_NW_020190745v1,chrUn_NW_020190746v1,chrUn_NW_020190747v1,chrUn_NW_020190748v1,chrUn_NW_020190749v1,chrUn_NW_020190750v1,chrUn_NW_020190751v1,chrUn_NW_020190752v1,chrUn_NW_020190753v1,chrUn_NW_020190754v1,chrUn_NW_020190755v1,chrUn_NW_020190756v1,chrUn_NW_020190757v1,chrUn_NW_020190758v1,chrUn_NW_020190759v1,chrUn_NW_020190760v1,chrUn_NW_020190761v1,chrUn_NW_020190762v1,chrUn_NW_020190763v1,chrUn_NW_020190764v1,chrUn_NW_020190765v1,chrUn_NW_020190766v1,chrUn_NW_020190767v1,chrUn_NW_020190768v1,chrUn_NW_020190769v1,chrUn_NW_020190770v1,chrUn_NW_020190771v1,chrUn_NW_020190772v1,chrUn_NW_020190773v1,chrUn_NW_020190774v1,chrUn_NW_020190775v1,chrUn_NW_020190776v1,chrUn_NW_020190777v1,chrUn_NW_020190778v1,chrUn_NW_020190779v1,chrUn_NW_020190780v1,chrUn_NW_020190781v1,chrUn_NW_020190782v1,chrUn_NW_020190783v1,chrUn_NW_020190784v1,chrUn_NW_020190785v1,chrUn_NW_020190786v1,chrUn_NW_020190787v1,chrUn_NW_020190788v1,chrUn_NW_020190789v1,chrUn_NW_020190790v1,chrUn_NW_020190791v1,chrUn_NW_020190792v1,chrUn_NW_020190793v1,chrUn_NW_020190794v1,chrUn_NW_020190795v1,chrUn_NW_020190796v1,chrUn_NW_020190797v1,chrUn_NW_020190798v1,chrUn_NW_020190799v1,chrUn_NW_020190800v1,chrUn_NW_020190801v1,chrUn_NW_020190802v1,chrUn_NW_020190803v1,chrUn_NW_020190804v1,chrUn_NW_020190805v1,chrUn_NW_020190806v1,chrUn_NW_020190807v1,chrUn_NW_020190808v1,chrUn_NW_020190809v1,chrUn_NW_020190810v1,chrUn_NW_020190811v1,chrUn_NW_020190812v1,chrUn_NW_020190813v1,chrUn_NW_020190814v1,chrUn_NW_020190815v1,chrUn_NW_020190816v1,chrUn_NW_020190817v1,chrUn_NW_020190818v1,chrUn_NW_020190819v1,chrUn_NW_020190820v1,chrUn_NW_020190821v1,chrUn_NW_020190822v1,chrUn_NW_020190823v1,chrUn_NW_020190824v1,chrUn_NW_020190825v1,chrUn_NW_020190826v1,chrUn_NW_020190827v1,chrUn_NW_020190828v1,chrUn_NW_020190829v1,chrUn_NW_020190830v1,chrUn_NW_020190831v1,chrUn_NW_020190832v1,chrUn_NW_020190833v1,chrUn_NW_020190834v1,chrUn_NW_020190835v1,chrUn_NW_020190836v1,chrUn_NW_020190837v1,chrUn_NW_020190838v1,chrUn_NW_020190839v1,chrUn_NW_020190840v1,chrUn_NW_020190841v1,chrUn_NW_020190842v1,chrUn_NW_020190843v1,chrUn_NW_020190844v1,chrUn_NW_020190845v1,chrUn_NW_020190846v1,chrUn_NW_020190847v1,chrUn_NW_020190848v1,chrUn_NW_020190849v1,chrUn_NW_020190850v1,chrUn_NW_020190851v1,chrUn_NW_020190852v1,chrUn_NW_020190853v1,chrUn_NW_020190854v1,chrUn_NW_020190855v1,chrUn_NW_020190856v1,chrUn_NW_020190857v1,chrUn_NW_020190858v1,chrUn_NW_020190859v1,chrUn_NW_020190860v1,chrUn_NW_020190861v1,chrUn_NW_020190862v1,chrUn_NW_020190863v1,chrUn_NW_020190864v1,chrUn_NW_020190865v1,chrUn_NW_020190866v1,chrUn_NW_020190867v1,chrUn_NW_020190868v1,chrUn_NW_020190869v1,chrUn_NW_020190870v1,chrUn_NW_020190871v1,chrUn_NW_020190872v1,chrUn_NW_020190873v1,chrUn_NW_020190874v1,chrUn_NW_020190875v1,chrUn_NW_020190876v1,chrUn_NW_020190877v1,chrUn_NW_020190878v1,chrUn_NW_020190879v1,chrUn_NW_020190880v1,chrUn_NW_020190881v1,chrUn_NW_020190882v1,chrUn_NW_020190883v1,chrUn_NW_020190884v1,chrUn_NW_020190885v1,chrUn_NW_020190886v1,chrUn_NW_020190887v1,chrUn_NW_020190888v1,chrUn_NW_020190889v1,chrUn_NW_020190890v1,chrUn_NW_020190891v1,chrUn_NW_020190892v1,chrUn_NW_020190893v1,chrUn_NW_020190894v1,chrUn_NW_020190895v1,chrUn_NW_020190896v1,chrUn_NW_020190897v1,chrUn_NW_020190898v1,chrUn_NW_020190899v1,chrUn_NW_020190900v1,chrUn_NW_020190901v1,chrUn_NW_020190902v1,chrUn_NW_020190903v1,chrUn_NW_020190904v1,chrUn_NW_020190905v1,chrUn_NW_020190906v1,chrUn_NW_020190907v1,chrUn_NW_020190908v1,chrUn_NW_020190909v1,chrUn_NW_020190910v1,chrUn_NW_020190911v1,chrUn_NW_020190912v1,chrUn_NW_020190913v1,chrUn_NW_020190914v1,chrUn_NW_020190915v1,chrUn_NW_020190916v1,chrUn_NW_020190917v1,chrUn_NW_020190918v1,chrUn_NW_020190919v1,chrUn_NW_020190920v1,chrUn_NW_020190921v1,chrUn_NW_020190922v1,chrUn_NW_020190923v1,chrUn_NW_020190924v1,chrUn_NW_020190925v1,chrUn_NW_020190926v1,chrUn_NW_020190927v1,chrUn_NW_020190928v1,chrUn_NW_020190929v1,chrUn_NW_020190930v1,chrUn_NW_020190931v1,chrUn_NW_020190932v1,chrUn_NW_020190933v1,chrUn_NW_020190934v1,chrUn_NW_020190935v1,chrUn_NW_020190936v1,chrUn_NW_020190937v1,chrUn_NW_020190938v1,chrUn_NW_020190939v1,chrUn_NW_020190940v1,chrUn_NW_020190941v1,chrUn_NW_020190942v1,chrUn_NW_020190943v1,chrUn_NW_020190944v1,chrUn_NW_020190945v1,chrUn_NW_020190946v1,chrUn_NW_020190947v1,chrUn_NW_020190948v1,chrUn_NW_020190949v1,chrUn_NW_020190950v1,chrUn_NW_020190951v1,chrUn_NW_020190952v1,chrUn_NW_020190953v1,chrUn_NW_020190954v1,chrUn_NW_020190955v1,chrUn_NW_020190956v1,chrUn_NW_020190957v1,chrUn_NW_020190958v1,chrUn_NW_020190959v1,chrUn_NW_020190960v1,chrUn_NW_020190961v1,chrUn_NW_020190962v1,chrUn_NW_020190963v1,chrUn_NW_020190964v1,chrUn_NW_020190965v1,chrUn_NW_020190966v1,chrUn_NW_020190967v1,chrUn_NW_020190968v1,chrUn_NW_020190969v1,chrUn_NW_020190970v1,chrUn_NW_020190971v1,chrUn_NW_020190972v1,chrUn_NW_020190973v1,chrUn_NW_020190974v1,chrUn_NW_020190975v1,chrUn_NW_020190976v1,chrUn_NW_020190977v1,chrUn_NW_020190978v1,chrUn_NW_020190979v1,chrUn_NW_020190980v1,chrUn_NW_020190981v1,chrUn_NW_020190982v1,chrUn_NW_020190983v1,chrUn_NW_020190984v1,chrUn_NW_020190985v1,chrUn_NW_020190986v1,chrUn_NW_020190987v1,chrUn_NW_020190988v1,chrUn_NW_020190989v1,chrUn_NW_020190990v1,chrUn_NW_020190991v1,chrUn_NW_020190992v1,chrUn_NW_020190993v1,chrUn_NW_020190994v1,chrUn_NW_020190995v1,chrUn_NW_020190996v1,chrUn_NW_020190997v1,chrUn_NW_020190998v1,chrUn_NW_020190999v1,chrUn_NW_020191000v1,chrUn_NW_020191001v1,chrUn_NW_020191002v1,chrUn_NW_020191003v1,chrUn_NW_020191004v1,chrUn_NW_020191005v1,chrUn_NW_020191006v1,chrUn_NW_020191007v1,chrUn_NW_020191008v1,chrUn_NW_020191009v1,chrUn_NW_020191010v1,chrUn_NW_020191011v1,chrUn_NW_020191012v1,chrUn_NW_020191013v1,chrUn_NW_020191014v1,chrUn_NW_020191015v1,chrUn_NW_020191016v1,chrUn_NW_020191017v1,chrUn_NW_020191018v1,chrUn_NW_020191019v1,chrUn_NW_020191020v1,chrUn_NW_020191021v1,chrUn_NW_020191022v1,chrUn_NW_020191023v1,chrUn_NW_020191024v1,chrUn_NW_020191025v1,chrUn_NW_020191026v1,chrUn_NW_020191027v1,chrUn_NW_020191028v1,chrUn_NW_020191029v1,chrUn_NW_020191030v1,chrUn_NW_020191031v1,chrUn_NW_020191032v1,chrUn_NW_020191033v1,chrUn_NW_020191034v1,chrUn_NW_020191035v1,chrUn_NW_020191036v1,chrUn_NW_020191037v1,chrUn_NW_020191038v1,chrUn_NW_020191039v1,chrUn_NW_020191040v1,chrUn_NW_020191041v1,chrUn_NW_020191042v1,chrUn_NW_020191043v1,chrUn_NW_020191044v1,chrUn_NW_020191045v1,chrUn_NW_020191046v1,chrUn_NW_020191047v1,chrUn_NW_020191048v1,chrUn_NW_020191049v1,chrUn_NW_020191050v1,chrUn_NW_020191051v1,chrUn_NW_020191052v1,chrUn_NW_020191053v1,chrUn_NW_020191054v1,chrUn_NW_020191055v1,chrUn_NW_020191056v1,chrUn_NW_020191057v1,chrUn_NW_020191058v1,chrUn_NW_020191059v1,chrUn_NW_020191060v1,chrUn_NW_020191061v1,chrUn_NW_020191062v1,chrUn_NW_020191063v1,chrUn_NW_020191064v1,chrUn_NW_020191065v1,chrUn_NW_020191066v1,chrUn_NW_020191067v1,chrUn_NW_020191068v1,chrUn_NW_020191069v1,chrUn_NW_020191070v1,chrUn_NW_020191071v1,chrUn_NW_020191072v1,chrUn_NW_020191073v1,chrUn_NW_020191074v1,chrUn_NW_020191075v1,chrUn_NW_020191076v1,chrUn_NW_020191077v1,chrUn_NW_020191078v1,chrUn_NW_020191079v1,chrUn_NW_020191080v1,chrUn_NW_020191081v1,chrUn_NW_020191082v1,chrUn_NW_020191083v1,chrUn_NW_020191084v1,chrUn_NW_020191085v1,chrUn_NW_020191086v1,chrUn_NW_020191087v1,chrUn_NW_020191088v1,chrUn_NW_020191089v1,chrUn_NW_020191090v1,chrUn_NW_020191091v1,chrUn_NW_020191092v1,chrUn_NW_020191093v1,chrUn_NW_020191094v1,chrUn_NW_020191095v1,chrUn_NW_020191096v1,chrUn_NW_020191097v1,chrUn_NW_020191098v1,chrUn_NW_020191099v1,chrUn_NW_020191100v1,chrUn_NW_020191101v1,chrUn_NW_020191102v1,chrUn_NW_020191103v1,chrUn_NW_020191104v1,chrUn_NW_020191105v1,chrUn_NW_020191106v1,chrUn_NW_020191107v1,chrUn_NW_020191108v1,chrUn_NW_020191109v1,chrUn_NW_020191110v1,chrUn_NW_020191111v1,chrUn_NW_020191112v1,chrUn_NW_020191113v1,chrUn_NW_020191114v1,chrUn_NW_020191115v1,chrUn_NW_020191116v1,chrUn_NW_020191117v1,chrUn_NW_020191118v1,chrUn_NW_020191119v1,chrUn_NW_020191120v1,chrUn_NW_020191121v1,chrUn_NW_020191122v1,chrUn_NW_020191123v1,chrUn_NW_020191124v1,chrUn_NW_020191125v1,chrUn_NW_020191126v1,chrUn_NW_020191127v1,chrUn_NW_020191128v1,chrUn_NW_020191129v1,chrUn_NW_020191130v1,chrUn_NW_020191131v1,chrUn_NW_020191132v1,chrUn_NW_020191133v1,chrUn_NW_020191134v1,chrUn_NW_020191135v1,chrUn_NW_020191136v1,chrUn_NW_020191137v1,chrUn_NW_020191138v1,chrUn_NW_020191139v1,chrUn_NW_020191140v1,chrUn_NW_020191141v1,chrUn_NW_020191142v1,chrUn_NW_020191143v1,chrUn_NW_020191144v1,chrUn_NW_020191145v1,chrUn_NW_020191146v1,chrUn_NW_020191147v1,chrUn_NW_020191148v1,chrUn_NW_020191149v1,chrUn_NW_020191150v1,chrUn_NW_020191151v1,chrUn_NW_020191152v1,chrUn_NW_020191153v1,chrUn_NW_020191154v1,chrUn_NW_020191155v1,chrUn_NW_020191156v1,chrUn_NW_020191157v1,chrUn_NW_020191158v1,chrUn_NW_020191159v1,chrUn_NW_020191160v1,chrUn_NW_020191161v1,chrUn_NW_020191162v1,chrUn_NW_020191163v1,chrUn_NW_020191164v1,chrUn_NW_020191165v1,chrUn_NW_020191166v1,chrUn_NW_020191167v1,chrUn_NW_020191168v1,chrUn_NW_020191169v1,chrUn_NW_020191170v1,chrUn_NW_020191171v1,chrUn_NW_020191172v1,chrUn_NW_020191173v1,chrUn_NW_020191174v1,chrUn_NW_020191175v1,chrUn_NW_020191176v1,chrUn_NW_020191177v1,chrUn_NW_020191178v1,chrUn_NW_020191179v1,chrUn_NW_020191180v1,chrUn_NW_020191181v1,chrUn_NW_020191182v1,chrUn_NW_020191183v1,chrUn_NW_020191184v1,chrUn_NW_020191185v1,chrUn_NW_020191186v1,chrUn_NW_020191187v1,chrUn_NW_020191188v1,chrUn_NW_020191189v1,chrUn_NW_020191190v1,chrUn_NW_020191191v1,chrUn_NW_020191192v1,chrUn_NW_020191193v1,chrUn_NW_020191194v1,chrUn_NW_020191195v1,chrUn_NW_020191196v1,chrUn_NW_020191197v1,chrUn_NW_020191198v1,chrUn_NW_020191199v1,chrUn_NW_020191200v1,chrUn_NW_020191201v1,chrUn_NW_020191202v1,chrUn_NW_020191203v1,chrUn_NW_020191204v1,chrUn_NW_020191205v1,chrUn_NW_020191206v1,chrUn_NW_020191207v1,chrUn_NW_020191208v1,chrUn_NW_020191209v1,chrUn_NW_020191210v1,chrUn_NW_020191211v1,chrUn_NW_020191212v1,chrUn_NW_020191213v1,chrUn_NW_020191214v1,chrUn_NW_020191215v1,chrUn_NW_020191216v1,chrUn_NW_020191217v1,chrUn_NW_020191218v1,chrUn_NW_020191219v1,chrUn_NW_020191220v1,chrUn_NW_020191221v1,chrUn_NW_020191222v1,chrUn_NW_020191223v1,chrUn_NW_020191224v1,chrUn_NW_020191225v1,chrUn_NW_020191226v1,chrUn_NW_020191227v1,chrUn_NW_020191228v1,chrUn_NW_020191229v1,chrUn_NW_020191230v1,chrUn_NW_020191231v1,chrUn_NW_020191232v1,chrUn_NW_020191233v1,chrUn_NW_020191234v1,chrUn_NW_020191235v1,chrUn_NW_020191236v1,chrUn_NW_020191237v1,chrUn_NW_020191238v1,chrUn_NW_020191239v1,chrUn_NW_020191240v1,chrUn_NW_020191241v1,chrUn_NW_020191242v1,chrUn_NW_020191243v1,chrUn_NW_020191244v1,chrUn_NW_020191245v1,chrUn_NW_020191246v1,chrUn_NW_020191247v1,chrUn_NW_020191248v1,chrUn_NW_020191249v1,chrUn_NW_020191250v1,chrUn_NW_020191251v1,chrUn_NW_020191252v1,chrUn_NW_020191253v1,chrUn_NW_020191254v1,chrUn_NW_020191255v1,chrUn_NW_020191256v1,chrUn_NW_020191257v1,chrUn_NW_020191258v1,chrUn_NW_020191259v1,chrUn_NW_020191260v1,chrUn_NW_020191261v1,chrUn_NW_020191262v1,chrUn_NW_020191263v1,chrUn_NW_020191264v1,chrUn_NW_020191265v1,chrUn_NW_020191266v1,chrUn_NW_020191267v1,chrUn_NW_020191268v1,chrUn_NW_020191269v1,chrUn_NW_020191270v1,chrUn_NW_020191271v1,chrUn_NW_020191272v1,chrUn_NW_020191273v1,chrUn_NW_020191274v1,chrUn_NW_020191275v1,chrUn_NW_020191276v1,chrUn_NW_020191277v1,chrUn_NW_020191278v1,chrUn_NW_020191279v1,chrUn_NW_020191280v1,chrUn_NW_020191281v1,chrUn_NW_020191282v1,chrUn_NW_020191283v1,chrUn_NW_020191284v1,chrUn_NW_020191285v1,chrUn_NW_020191286v1,chrUn_NW_020191287v1,chrUn_NW_020191288v1,chrUn_NW_020191289v1,chrUn_NW_020191290v1,chrUn_NW_020191291v1,chrUn_NW_020191292v1,chrUn_NW_020191293v1,chrUn_NW_020191294v1,chrUn_NW_020191295v1,chrUn_NW_020191296v1,chrUn_NW_020191297v1,chrUn_NW_020191298v1,chrUn_NW_020191299v1,chrUn_NW_020191300v1,chrUn_NW_020191301v1,chrUn_NW_020191302v1,chrUn_NW_020191303v1,chrUn_NW_020191304v1,chrUn_NW_020191305v1,chrUn_NW_020191306v1,chrUn_NW_020191307v1,chrUn_NW_020191308v1,chrUn_NW_020191309v1,chrUn_NW_020191310v1,chrUn_NW_020191311v1,chrUn_NW_020191312v1,chrUn_NW_020191313v1,chrUn_NW_020191314v1,chrUn_NW_020191315v1,chrUn_NW_020191316v1,chrUn_NW_020191317v1,chrUn_NW_020191318v1,chrUn_NW_020191319v1,chrUn_NW_020191320v1,chrUn_NW_020191321v1,chrUn_NW_020191322v1,chrUn_NW_020191323v1,chrUn_NW_020191324v1,chrUn_NW_020191325v1,chrUn_NW_020191326v1,chrUn_NW_020191327v1,chrUn_NW_020191328v1,chrUn_NW_020191329v1,chrUn_NW_020191330v1,chrUn_NW_020191331v1,chrUn_NW_020191332v1,chrUn_NW_020191333v1,chrUn_NW_020191334v1,chrUn_NW_020191335v1,chrUn_NW_020191336v1,chrUn_NW_020191337v1,chrUn_NW_020191338v1,chrUn_NW_020191339v1,chrUn_NW_020191340v1,chrUn_NW_020191341v1,chrUn_NW_020191342v1,chrUn_NW_020191343v1,chrUn_NW_020191344v1,chrUn_NW_020191345v1,chrUn_NW_020191346v1,chrUn_NW_020191347v1,chrUn_NW_020191348v1,chrUn_NW_020191349v1,chrUn_NW_020191350v1,chrUn_NW_020191351v1,chrUn_NW_020191352v1,chrUn_NW_020191353v1,chrUn_NW_020191354v1,chrUn_NW_020191355v1,chrUn_NW_020191356v1,chrUn_NW_020191357v1,chrUn_NW_020191358v1,chrUn_NW_020191359v1,chrUn_NW_020191360v1,chrUn_NW_020191361v1,chrUn_NW_020191362v1,chrUn_NW_020191363v1,chrUn_NW_020191364v1,chrUn_NW_020191365v1,chrUn_NW_020191366v1,chrUn_NW_020191367v1,chrUn_NW_020191368v1,chrUn_NW_020191369v1,chrUn_NW_020191370v1,chrUn_NW_020191371v1,chrUn_NW_020191372v1,chrUn_NW_020191373v1,chrUn_NW_020191374v1,chrUn_NW_020191375v1,chrUn_NW_020191376v1,chrUn_NW_020191377v1,chrUn_NW_020191378v1,chrUn_NW_020191379v1,chrUn_NW_020191380v1,chrUn_NW_020191381v1,chrUn_NW_020191382v1,chrUn_NW_020191383v1,chrUn_NW_020191384v1,chrUn_NW_020191385v1,chrUn_NW_020191386v1,chrUn_NW_020191387v1,chrUn_NW_020191388v1,chrUn_NW_020191389v1,chrUn_NW_020191390v1,chrUn_NW_020191391v1,chrUn_NW_020191392v1,chrUn_NW_020191393v1,chrUn_NW_020191394v1,chrUn_NW_020191395v1,chrUn_NW_020191396v1,chrUn_NW_020191397v1,chrUn_NW_020191398v1,chrUn_NW_020191399v1,chrUn_NW_020191400v1,chrUn_NW_020191401v1,chrUn_NW_020191402v1,chrUn_NW_020191403v1,chrUn_NW_020191404v1,chrUn_NW_020191405v1,chrUn_NW_020191406v1,chrUn_NW_020191407v1,chrUn_NW_020191408v1,chrUn_NW_020191409v1,chrUn_NW_020191410v1,chrUn_NW_020191411v1,chrUn_NW_020191412v1,chrUn_NW_020191413v1,chrUn_NW_020191414v1,chrUn_NW_020191415v1,chrUn_NW_020191416v1,chrUn_NW_020191417v1,chrUn_NW_020191418v1,chrUn_NW_020191419v1,chrUn_NW_020191420v1,chrUn_NW_020191421v1,chrUn_NW_020191422v1,chrUn_NW_020191423v1,chrUn_NW_020191424v1,chrUn_NW_020191425v1,chrUn_NW_020191426v1,chrUn_NW_020191427v1,chrUn_NW_020191428v1,chrUn_NW_020191429v1,chrUn_NW_020191430v1,chrUn_NW_020191431v1,chrUn_NW_020191432v1,chrUn_NW_020191433v1,chrUn_NW_020191434v1,chrUn_NW_020191435v1,chrUn_NW_020191436v1,chrUn_NW_020191437v1,chrUn_NW_020191438v1,chrUn_NW_020191439v1,chrUn_NW_020191440v1,chrUn_NW_020191441v1,chrUn_NW_020191442v1,chrUn_NW_020191443v1,chrUn_NW_020191444v1,chrUn_NW_020191445v1,chrUn_NW_020191446v1,chrUn_NW_020191447v1,chrUn_NW_020191448v1,chrUn_NW_020191449v1,chrUn_NW_020191450v1,chrUn_NW_020191451v1,chrUn_NW_020191452v1,chrUn_NW_020191453v1,chrUn_NW_020191454v1,chrUn_NW_020191455v1,chrUn_NW_020191456v1,chrUn_NW_020191457v1,chrUn_NW_020191458v1,chrUn_NW_020191459v1,chrUn_NW_020191460v1,chrUn_NW_020191461v1,chrUn_NW_020191462v1,chrUn_NW_020191463v1,chrUn_NW_020191464v1,chrUn_NW_020191465v1,chrUn_NW_020191466v1,chrUn_NW_020191467v1,chrUn_NW_020191468v1,chrUn_NW_020191469v1,chrUn_NW_020191470v1,chrUn_NW_020191471v1,chrUn_NW_020191472v1,chrUn_NW_020191473v1,chrUn_NW_020191474v1,chrUn_NW_020191475v1,chrUn_NW_020191476v1,chrUn_NW_020191477v1,chrUn_NW_020191478v1,chrUn_NW_020191479v1,chrUn_NW_020191480v1,chrUn_NW_020191481v1,chrUn_NW_020191482v1,chrUn_NW_020191483v1,chrUn_NW_020191484v1,chrUn_NW_020191485v1,chrUn_NW_020191486v1,chrUn_NW_020191487v1,chrUn_NW_020191488v1,chrUn_NW_020191489v1,chrUn_NW_020191490v1,chrUn_NW_020191491v1,chrUn_NW_020191492v1,chrUn_NW_020191493v1,chrUn_NW_020191494v1,chrUn_NW_020191495v1,chrUn_NW_020191496v1,chrUn_NW_020191497v1,chrUn_NW_020191498v1,chrUn_NW_020191499v1,chrUn_NW_020191500v1,chrUn_NW_020191501v1,chrUn_NW_020191502v1,chrUn_NW_020191503v1,chrUn_NW_020191504v1,chrUn_NW_020191505v1,chrUn_NW_020191506v1,chrUn_NW_020191507v1,chrUn_NW_020191508v1,chrUn_NW_020191509v1,chrUn_NW_020191510v1,chrUn_NW_020191511v1,chrUn_NW_020191512v1,chrUn_NW_020191513v1,chrUn_NW_020191514v1,chrUn_NW_020191515v1,chrUn_NW_020191516v1,chrUn_NW_020191517v1,chrUn_NW_020191518v1,chrUn_NW_020191519v1,chrUn_NW_020191520v1,chrUn_NW_020191521v1,chrUn_NW_020191522v1,chrUn_NW_020191523v1,chrUn_NW_020191524v1,chrUn_NW_020191525v1,chrUn_NW_020191526v1,chrUn_NW_020191527v1,chrUn_NW_020191528v1,chrUn_NW_020191529v1	49986147	1	1	1	1	1	1		/srv/beegfs/scratch/shares/ds4dh/common/ab-initio-TE/software_outputs/repeatmasker_dfam/RMDFAM_SPECIES_ANIMALS_CHR_20260615/cattle/chunks/cattle_chunk_00030_bundle
cattle	141	cattle_chunk_00031_bundle	chrUn_NW_020191530v1,chrUn_NW_020191531v1,chrUn_NW_020191532v1,chrUn_NW_020191533v1,chrUn_NW_020191534v1,chrUn_NW_020191535v1,chrUn_NW_020191536v1,chrUn_NW_020191537v1,chrUn_NW_020191538v1,chrUn_NW_020191539v1,chrUn_NW_020191540v1,chrUn_NW_020191541v1,chrUn_NW_020191542v1,chrUn_NW_020191543v1,chrUn_NW_020191544v1,chrUn_NW_020191545v1,chrUn_NW_020191546v1,chrUn_NW_020191547v1,chrUn_NW_020191548v1,chrUn_NW_020191549v1,chrUn_NW_020191550v1,chrUn_NW_020191551v1,chrUn_NW_020191552v1,chrUn_NW_020191553v1,chrUn_NW_020191554v1,chrUn_NW_020191555v1,chrUn_NW_020191556v1,chrUn_NW_020191557v1,chrUn_NW_020191558v1,chrUn_NW_020191559v1,chrUn_NW_020191560v1,chrUn_NW_020191561v1,chrUn_NW_020191562v1,chrUn_NW_020191563v1,chrUn_NW_020191564v1,chrUn_NW_020191565v1,chrUn_NW_020191566v1,chrUn_NW_020191567v1,chrUn_NW_020191568v1,chrUn_NW_020191569v1,chrUn_NW_020191570v1,chrUn_NW_020191571v1,chrUn_NW_020191572v1,chrUn_NW_020191573v1,chrUn_NW_020191574v1,chrUn_NW_020191575v1,chrUn_NW_020191576v1,chrUn_NW_020191577v1,chrUn_NW_020191578v1,chrUn_NW_020191579v1,chrUn_NW_020191580v1,chrUn_NW_020191581v1,chrUn_NW_020191582v1,chrUn_NW_020191583v1,chrUn_NW_020191584v1,chrUn_NW_020191585v1,chrUn_NW_020191586v1,chrUn_NW_020191587v1,chrUn_NW_020191588v1,chrUn_NW_020191589v1,chrUn_NW_020191590v1,chrUn_NW_020191591v1,chrUn_NW_020191592v1,chrUn_NW_020191593v1,chrUn_NW_020191594v1,chrUn_NW_020191595v1,chrUn_NW_020191596v1,chrUn_NW_020191597v1,chrUn_NW_020191598v1,chrUn_NW_020191599v1,chrUn_NW_020191600v1,chrUn_NW_020191601v1,chrUn_NW_020191602v1,chrUn_NW_020191603v1,chrUn_NW_020191604v1,chrUn_NW_020191605v1,chrUn_NW_020191606v1,chrUn_NW_020191607v1,chrUn_NW_020191608v1,chrUn_NW_020191609v1,chrUn_NW_020191610v1,chrUn_NW_020191611v1,chrUn_NW_020191612v1,chrUn_NW_020191613v1,chrUn_NW_020191614v1,chrUn_NW_020191615v1,chrUn_NW_020191616v1,chrUn_NW_020191617v1,chrUn_NW_020191618v1,chrUn_NW_020191619v1,chrUn_NW_020191620v1,chrUn_NW_020191621v1,chrUn_NW_020191622v1,chrUn_NW_020191623v1,chrUn_NW_020191624v1,chrUn_NW_020191625v1,chrUn_NW_020191626v1,chrUn_NW_020191627v1,chrUn_NW_020191628v1,chrUn_NW_020191629v1,chrUn_NW_020191630v1,chrUn_NW_020191631v1,chrUn_NW_020191632v1,chrUn_NW_020191633v1,chrUn_NW_020191634v1,chrUn_NW_020191635v1,chrUn_NW_020191636v1,chrUn_NW_020191637v1,chrUn_NW_020191638v1,chrUn_NW_020191639v1,chrUn_NW_020191640v1,chrUn_NW_020191641v1,chrUn_NW_020191642v1,chrUn_NW_020191643v1,chrUn_NW_020191644v1,chrUn_NW_020191645v1,chrUn_NW_020191646v1,chrUn_NW_020191647v1,chrUn_NW_020191648v1,chrUn_NW_020191649v1,chrUn_NW_020191650v1,chrUn_NW_020191651v1,chrUn_NW_020191652v1,chrUn_NW_020191653v1,chrUn_NW_020191654v1,chrUn_NW_020191655v1,chrUn_NW_020191656v1,chrUn_NW_020191657v1,chrUn_NW_020191658v1,chrUn_NW_020191659v1,chrUn_NW_020191660v1,chrUn_NW_020191661v1,chrUn_NW_020191662v1,chrUn_NW_020191663v1,chrUn_NW_020191664v1,chrUn_NW_020191665v1,chrUn_NW_020191666v1,chrUn_NW_020191667v1,chrUn_NW_020191668v1,chrUn_NW_020191669v1,chrUn_NW_020191670v1,chrUn_NW_020191671v1,chrUn_NW_020191672v1,chrUn_NW_020191673v1,chrUn_NW_020191674v1,chrUn_NW_020191675v1,chrUn_NW_020191676v1,chrUn_NW_020191677v1,chrUn_NW_020191678v1,chrUn_NW_020191679v1,chrUn_NW_020191680v1,chrUn_NW_020191681v1,chrUn_NW_020191682v1,chrUn_NW_020191683v1,chrUn_NW_020191684v1,chrUn_NW_020191685v1,chrUn_NW_020191686v1,chrUn_NW_020191687v1,chrUn_NW_020191688v1,chrUn_NW_020191689v1,chrUn_NW_020191690v1,chrUn_NW_020191691v1,chrUn_NW_020191692v1,chrUn_NW_020191693v1,chrUn_NW_020191694v1,chrUn_NW_020191695v1,chrUn_NW_020191696v1,chrUn_NW_020191697v1,chrUn_NW_020191698v1,chrUn_NW_020191699v1,chrUn_NW_020191700v1,chrUn_NW_020191701v1,chrUn_NW_020191702v1,chrUn_NW_020191703v1,chrUn_NW_020191704v1,chrUn_NW_020191705v1,chrUn_NW_020191706v1,chrUn_NW_020191707v1,chrUn_NW_020191708v1,chrUn_NW_020191709v1,chrUn_NW_020191710v1,chrUn_NW_020191711v1,chrUn_NW_020191712v1,chrUn_NW_020191713v1,chrUn_NW_020191714v1,chrUn_NW_020191715v1,chrUn_NW_020191716v1,chrUn_NW_020191717v1,chrUn_NW_020191718v1,chrUn_NW_020191719v1,chrUn_NW_020191720v1,chrUn_NW_020191721v1,chrUn_NW_020191722v1,chrUn_NW_020191723v1,chrUn_NW_020191724v1,chrUn_NW_020191725v1,chrUn_NW_020191726v1,chrUn_NW_020191727v1,chrUn_NW_020191728v1,chrUn_NW_020191729v1,chrUn_NW_020191730v1,chrUn_NW_020191731v1,chrUn_NW_020191732v1,chrUn_NW_020191733v1,chrUn_NW_020191734v1,chrUn_NW_020191735v1,chrUn_NW_020191736v1,chrUn_NW_020191737v1,chrUn_NW_020191738v1,chrUn_NW_020191739v1,chrUn_NW_020191740v1,chrUn_NW_020191741v1,chrUn_NW_020191742v1,chrUn_NW_020191743v1,chrUn_NW_020191744v1,chrUn_NW_020191745v1,chrUn_NW_020191746v1,chrUn_NW_020191747v1,chrUn_NW_020191748v1,chrUn_NW_020191749v1,chrUn_NW_020191750v1,chrUn_NW_020191751v1,chrUn_NW_020191752v1,chrUn_NW_020191753v1,chrUn_NW_020191754v1,chrUn_NW_020191755v1,chrUn_NW_020191756v1,chrUn_NW_020191757v1,chrUn_NW_020191758v1,chrUn_NW_020191759v1,chrUn_NW_020191760v1,chrUn_NW_020191761v1,chrUn_NW_020191762v1,chrUn_NW_020191763v1,chrUn_NW_020191764v1,chrUn_NW_020191765v1,chrUn_NW_020191766v1,chrUn_NW_020191767v1,chrUn_NW_020191768v1,chrUn_NW_020191769v1,chrUn_NW_020191770v1,chrUn_NW_020191771v1,chrUn_NW_020191772v1,chrUn_NW_020191773v1,chrUn_NW_020191774v1,chrUn_NW_020191775v1,chrUn_NW_020191776v1,chrUn_NW_020191777v1,chrUn_NW_020191778v1,chrUn_NW_020191779v1,chrUn_NW_020191780v1,chrUn_NW_020191781v1,chrUn_NW_020191782v1,chrUn_NW_020191783v1,chrUn_NW_020191784v1,chrUn_NW_020191785v1,chrUn_NW_020191786v1,chrUn_NW_020191787v1,chrUn_NW_020191788v1,chrUn_NW_020191789v1,chrUn_NW_020191790v1,chrUn_NW_020191791v1,chrUn_NW_020191792v1,chrUn_NW_020191793v1,chrUn_NW_020191794v1,chrUn_NW_020191795v1,chrUn_NW_020191796v1,chrUn_NW_020191797v1,chrUn_NW_020191798v1,chrUn_NW_020191799v1,chrUn_NW_020191800v1,chrUn_NW_020191801v1,chrUn_NW_020191802v1,chrUn_NW_020191803v1,chrUn_NW_020191804v1,chrUn_NW_020191805v1,chrUn_NW_020191806v1,chrUn_NW_020191807v1,chrUn_NW_020191808v1,chrUn_NW_020191809v1,chrUn_NW_020191810v1,chrUn_NW_020191811v1,chrUn_NW_020191812v1,chrUn_NW_020191813v1,chrUn_NW_020191814v1,chrUn_NW_020191815v1,chrUn_NW_020191816v1,chrUn_NW_020191817v1,chrUn_NW_020191818v1,chrUn_NW_020191819v1,chrUn_NW_020191820v1,chrUn_NW_020191821v1,chrUn_NW_020191822v1,chrUn_NW_020191823v1,chrUn_NW_020191824v1,chrUn_NW_020191825v1,chrUn_NW_020191826v1,chrUn_NW_020191827v1,chrUn_NW_020191828v1,chrUn_NW_020191829v1,chrUn_NW_020191830v1,chrUn_NW_020191831v1,chrUn_NW_020191832v1,chrUn_NW_020191833v1,chrUn_NW_020191834v1,chrUn_NW_020191835v1,chrUn_NW_020191836v1,chrUn_NW_020191837v1,chrUn_NW_020191838v1,chrUn_NW_020191839v1,chrUn_NW_020191840v1,chrUn_NW_020191841v1,chrUn_NW_020191842v1,chrUn_NW_020191843v1,chrUn_NW_020191844v1,chrUn_NW_020191845v1,chrUn_NW_020191846v1,chrUn_NW_020191847v1,chrUn_NW_020191848v1,chrUn_NW_020191849v1,chrUn_NW_020191850v1,chrUn_NW_020191851v1,chrUn_NW_020191852v1,chrUn_NW_020191853v1,chrUn_NW_020191854v1,chrUn_NW_020191855v1,chrUn_NW_020191856v1,chrUn_NW_020191857v1,chrUn_NW_020191858v1,chrUn_NW_020191859v1,chrUn_NW_020191860v1,chrUn_NW_020191861v1,chrUn_NW_020191862v1,chrUn_NW_020191863v1,chrUn_NW_020191864v1,chrUn_NW_020191865v1,chrUn_NW_020191866v1,chrUn_NW_020191867v1,chrUn_NW_020191868v1,chrUn_NW_020191869v1,chrUn_NW_020191870v1,chrUn_NW_020191871v1,chrUn_NW_020191872v1,chrUn_NW_020191873v1,chrUn_NW_020191874v1,chrUn_NW_020191875v1,chrUn_NW_020191876v1,chrUn_NW_020191877v1,chrUn_NW_020191878v1,chrUn_NW_020191879v1,chrUn_NW_020191880v1,chrUn_NW_020191881v1,chrUn_NW_020191882v1,chrUn_NW_020191883v1,chrUn_NW_020191884v1,chrUn_NW_020191885v1,chrUn_NW_020191886v1,chrUn_NW_020191887v1,chrUn_NW_020191888v1,chrUn_NW_020191889v1,chrUn_NW_020191890v1,chrUn_NW_020191891v1,chrUn_NW_020191892v1,chrUn_NW_020191893v1,chrUn_NW_020191894v1,chrUn_NW_020191895v1,chrUn_NW_020191896v1,chrUn_NW_020191897v1,chrUn_NW_020191898v1,chrUn_NW_020191899v1,chrUn_NW_020191900v1,chrUn_NW_020191901v1,chrUn_NW_020191902v1,chrUn_NW_020191903v1,chrUn_NW_020191904v1,chrUn_NW_020191905v1,chrUn_NW_020191906v1,chrUn_NW_020191907v1,chrUn_NW_020191908v1,chrUn_NW_020191909v1,chrUn_NW_020191910v1,chrUn_NW_020191911v1,chrUn_NW_020191912v1,chrUn_NW_020191913v1,chrUn_NW_020191914v1,chrUn_NW_020191915v1,chrUn_NW_020191916v1,chrUn_NW_020191917v1,chrUn_NW_020191918v1,chrUn_NW_020191919v1,chrUn_NW_020191920v1,chrUn_NW_020191921v1,chrUn_NW_020191922v1,chrUn_NW_020191923v1,chrUn_NW_020191924v1,chrUn_NW_020191925v1,chrUn_NW_020191926v1,chrUn_NW_020191927v1,chrUn_NW_020191928v1,chrUn_NW_020191929v1,chrUn_NW_020191930v1,chrUn_NW_020191931v1,chrUn_NW_020191932v1,chrUn_NW_020191933v1,chrUn_NW_020191934v1,chrUn_NW_020191935v1,chrUn_NW_020191936v1,chrUn_NW_020191937v1,chrUn_NW_020191938v1,chrUn_NW_020191939v1,chrUn_NW_020191940v1,chrUn_NW_020191941v1,chrUn_NW_020191942v1,chrUn_NW_020191943v1,chrUn_NW_020191944v1,chrUn_NW_020191945v1,chrUn_NW_020191946v1,chrUn_NW_020191947v1,chrUn_NW_020191948v1,chrUn_NW_020191949v1,chrUn_NW_020191950v1,chrUn_NW_020191951v1,chrUn_NW_020191952v1,chrUn_NW_020191953v1,chrUn_NW_020191954v1,chrUn_NW_020191955v1,chrUn_NW_020191956v1,chrUn_NW_020191957v1,chrUn_NW_020191958v1,chrUn_NW_020191959v1,chrUn_NW_020191960v1,chrUn_NW_020191961v1,chrUn_NW_020191962v1,chrUn_NW_020191963v1,chrUn_NW_020191964v1,chrUn_NW_020191965v1,chrUn_NW_020191966v1,chrUn_NW_020191967v1,chrUn_NW_020191968v1,chrUn_NW_020191969v1,chrUn_NW_020191970v1,chrUn_NW_020191971v1,chrUn_NW_020191972v1,chrUn_NW_020191973v1,chrUn_NW_020191974v1,chrUn_NW_020191975v1,chrUn_NW_020191976v1,chrUn_NW_020191977v1,chrUn_NW_020191978v1,chrUn_NW_020191979v1,chrUn_NW_020191980v1,chrUn_NW_020191981v1,chrUn_NW_020191982v1,chrUn_NW_020191983v1,chrUn_NW_020191984v1,chrUn_NW_020191985v1,chrUn_NW_020191986v1,chrUn_NW_020191987v1,chrUn_NW_020191988v1,chrUn_NW_020191989v1,chrUn_NW_020191990v1,chrUn_NW_020191991v1,chrUn_NW_020191992v1,chrUn_NW_020191993v1,chrUn_NW_020191994v1,chrUn_NW_020191995v1,chrUn_NW_020191996v1,chrUn_NW_020191997v1,chrUn_NW_020191998v1,chrUn_NW_020191999v1,chrUn_NW_020192000v1,chrUn_NW_020192001v1,chrUn_NW_020192002v1,chrUn_NW_020192003v1,chrUn_NW_020192004v1,chrUn_NW_020192005v1,chrUn_NW_020192006v1,chrUn_NW_020192007v1,chrUn_NW_020192008v1,chrUn_NW_020192009v1,chrUn_NW_020192010v1,chrUn_NW_020192011v1,chrUn_NW_020192012v1,chrUn_NW_020192013v1,chrUn_NW_020192014v1,chrUn_NW_020192015v1,chrUn_NW_020192016v1,chrUn_NW_020192017v1,chrUn_NW_020192018v1,chrUn_NW_020192019v1,chrUn_NW_020192020v1,chrUn_NW_020192021v1,chrUn_NW_020192022v1,chrUn_NW_020192023v1,chrUn_NW_020192024v1,chrUn_NW_020192025v1,chrUn_NW_020192026v1,chrUn_NW_020192027v1,chrUn_NW_020192028v1,chrUn_NW_020192029v1,chrUn_NW_020192030v1,chrUn_NW_020192031v1,chrUn_NW_020192032v1,chrUn_NW_020192033v1,chrUn_NW_020192034v1,chrUn_NW_020192035v1,chrUn_NW_020192036v1,chrUn_NW_020192037v1,chrUn_NW_020192038v1,chrUn_NW_020192039v1,chrUn_NW_020192040v1,chrUn_NW_020192041v1,chrUn_NW_020192042v1,chrUn_NW_020192043v1,chrUn_NW_020192044v1,chrUn_NW_020192045v1,chrUn_NW_020192046v1,chrUn_NW_020192047v1,chrUn_NW_020192048v1,chrUn_NW_020192049v1,chrUn_NW_020192050v1,chrUn_NW_020192051v1,chrUn_NW_020192052v1,chrUn_NW_020192053v1,chrUn_NW_020192054v1,chrUn_NW_020192055v1,chrUn_NW_020192056v1,chrUn_NW_020192057v1,chrUn_NW_020192058v1,chrUn_NW_020192059v1,chrUn_NW_020192060v1,chrUn_NW_020192061v1,chrUn_NW_020192062v1,chrUn_NW_020192063v1,chrUn_NW_020192064v1,chrUn_NW_020192065v1,chrUn_NW_020192066v1,chrUn_NW_020192067v1,chrUn_NW_020192068v1,chrUn_NW_020192069v1,chrUn_NW_020192070v1,chrUn_NW_020192071v1,chrUn_NW_020192072v1,chrUn_NW_020192073v1,chrUn_NW_020192074v1,chrUn_NW_020192075v1,chrUn_NW_020192076v1,chrUn_NW_020192077v1,chrUn_NW_020192078v1,chrUn_NW_020192079v1,chrUn_NW_020192080v1,chrUn_NW_020192081v1,chrUn_NW_020192082v1,chrUn_NW_020192083v1,chrUn_NW_020192084v1,chrUn_NW_020192085v1,chrUn_NW_020192086v1,chrUn_NW_020192087v1,chrUn_NW_020192088v1,chrUn_NW_020192089v1,chrUn_NW_020192090v1,chrUn_NW_020192091v1,chrUn_NW_020192092v1,chrUn_NW_020192093v1,chrUn_NW_020192094v1,chrUn_NW_020192095v1,chrUn_NW_020192096v1,chrUn_NW_020192097v1,chrUn_NW_020192098v1,chrUn_NW_020192099v1,chrUn_NW_020192100v1,chrUn_NW_020192101v1,chrUn_NW_020192102v1,chrUn_NW_020192103v1,chrUn_NW_020192104v1,chrUn_NW_020192105v1,chrUn_NW_020192106v1,chrUn_NW_020192107v1,chrUn_NW_020192108v1,chrUn_NW_020192109v1,chrUn_NW_020192110v1,chrUn_NW_020192111v1,chrUn_NW_020192112v1,chrUn_NW_020192113v1,chrUn_NW_020192114v1,chrUn_NW_020192115v1,chrUn_NW_020192116v1,chrUn_NW_020192117v1,chrUn_NW_020192118v1,chrUn_NW_020192119v1,chrUn_NW_020192120v1,chrUn_NW_020192121v1,chrUn_NW_020192122v1,chrUn_NW_020192123v1,chrUn_NW_020192124v1,chrUn_NW_020192125v1,chrUn_NW_020192126v1,chrUn_NW_020192127v1,chrUn_NW_020192128v1,chrUn_NW_020192129v1,chrUn_NW_020192130v1,chrUn_NW_020192131v1,chrUn_NW_020192132v1,chrUn_NW_020192133v1,chrUn_NW_020192134v1,chrUn_NW_020192135v1,chrUn_NW_020192136v1,chrUn_NW_020192137v1,chrUn_NW_020192138v1,chrUn_NW_020192139v1,chrUn_NW_020192140v1,chrUn_NW_020192141v1,chrUn_NW_020192142v1,chrUn_NW_020192143v1,chrUn_NW_020192144v1,chrUn_NW_020192145v1,chrUn_NW_020192146v1,chrUn_NW_020192147v1,chrUn_NW_020192148v1,chrUn_NW_020192149v1,chrUn_NW_020192150v1,chrUn_NW_020192151v1,chrUn_NW_020192152v1,chrUn_NW_020192153v1,chrUn_NW_020192154v1,chrUn_NW_020192155v1,chrUn_NW_020192156v1,chrUn_NW_020192157v1,chrUn_NW_020192158v1,chrUn_NW_020192159v1,chrUn_NW_020192160v1,chrUn_NW_020192161v1,chrUn_NW_020192162v1,chrUn_NW_020192163v1,chrUn_NW_020192164v1,chrUn_NW_020192165v1,chrUn_NW_020192166v1,chrUn_NW_020192167v1,chrUn_NW_020192168v1,chrUn_NW_020192169v1,chrUn_NW_020192170v1,chrUn_NW_020192171v1,chrUn_NW_020192172v1,chrUn_NW_020192173v1,chrUn_NW_020192174v1,chrUn_NW_020192175v1,chrUn_NW_020192176v1,chrUn_NW_020192177v1,chrUn_NW_020192178v1,chrUn_NW_020192179v1,chrUn_NW_020192180v1,chrUn_NW_020192181v1,chrUn_NW_020192182v1,chrUn_NW_020192183v1,chrUn_NW_020192184v1,chrUn_NW_020192185v1,chrUn_NW_020192186v1,chrUn_NW_020192187v1,chrUn_NW_020192188v1,chrUn_NW_020192189v1,chrUn_NW_020192190v1,chrUn_NW_020192191v1,chrUn_NW_020192192v1,chrUn_NW_020192193v1,chrUn_NW_020192194v1,chrUn_NW_020192195v1,chrUn_NW_020192196v1,chrUn_NW_020192197v1,chrUn_NW_020192198v1,chrUn_NW_020192199v1,chrUn_NW_020192200v1,chrUn_NW_020192201v1,chrUn_NW_020192202v1,chrUn_NW_020192203v1,chrUn_NW_020192204v1,chrUn_NW_020192205v1,chrUn_NW_020192206v1,chrUn_NW_020192207v1,chrUn_NW_020192208v1,chrUn_NW_020192209v1,chrUn_NW_020192210v1,chrUn_NW_020192211v1,chrUn_NW_020192212v1,chrUn_NW_020192213v1,chrUn_NW_020192214v1,chrUn_NW_020192215v1,chrUn_NW_020192216v1,chrUn_NW_020192217v1,chrUn_NW_020192218v1,chrUn_NW_020192219v1,chrUn_NW_020192220v1,chrUn_NW_020192221v1,chrUn_NW_020192222v1,chrUn_NW_020192223v1,chrUn_NW_020192224v1,chrUn_NW_020192225v1,chrUn_NW_020192226v1,chrUn_NW_020192227v1,chrUn_NW_020192228v1,chrUn_NW_020192229v1,chrUn_NW_020192230v1,chrUn_NW_020192231v1,chrUn_NW_020192232v1,chrUn_NW_020192233v1,chrUn_NW_020192234v1,chrUn_NW_020192235v1,chrUn_NW_020192236v1,chrUn_NW_020192237v1,chrUn_NW_020192238v1,chrUn_NW_020192239v1,chrUn_NW_020192240v1,chrUn_NW_020192241v1,chrUn_NW_020192242v1,chrUn_NW_020192243v1,chrUn_NW_020192244v1,chrUn_NW_020192245v1,chrUn_NW_020192246v1,chrUn_NW_020192247v1,chrUn_NW_020192248v1,chrUn_NW_020192249v1,chrUn_NW_020192250v1,chrUn_NW_020192251v1,chrUn_NW_020192252v1,chrUn_NW_020192253v1,chrUn_NW_020192254v1,chrUn_NW_020192255v1,chrUn_NW_020192256v1,chrUn_NW_020192257v1,chrUn_NW_020192258v1,chrUn_NW_020192259v1,chrUn_NW_020192260v1,chrUn_NW_020192261v1,chrUn_NW_020192262v1,chrUn_NW_020192263v1,chrUn_NW_020192264v1,chrUn_NW_020192265v1,chrUn_NW_020192266v1,chrUn_NW_020192267v1,chrUn_NW_020192268v1,chrUn_NW_020192269v1,chrUn_NW_020192270v1,chrUn_NW_020192271v1,chrUn_NW_020192272v1,chrUn_NW_020192273v1,chrUn_NW_020192274v1,chrUn_NW_020192275v1,chrUn_NW_020192276v1,chrUn_NW_020192277v1,chrUn_NW_020192278v1,chrUn_NW_020192279v1,chrUn_NW_020192280v1,chrUn_NW_020192281v1,chrUn_NW_020192282v1,chrUn_NW_020192283v1,chrUn_NW_020192284v1,chrUn_NW_020192285v1,chrUn_NW_020192286v1,chrUn_NW_020192287v1,chrUn_NW_020192288v1,chrUn_NW_020192289v1,chrUn_NW_020192290v1,chrUn_NW_020192291v1,chrUn_NW_020192292v1,chrUn_NW_020192293v1,chrUn_NW_020192294v1	37472722	1	1	1	1	1	1		/srv/beegfs/scratch/shares/ds4dh/common/ab-initio-TE/software_outputs/repeatmasker_dfam/RMDFAM_SPECIES_ANIMALS_CHR_20260615/cattle/chunks/cattle_chunk_00031_bundle
cattle	142	cattle_chunk_00032_chrX	chrX	139009144	1	1	1	1	1	1		/srv/beegfs/scratch/shares/ds4dh/common/ab-initio-TE/software_outputs/repeatmasker_dfam/RMDFAM_SPECIES_ANIMALS_CHR_20260615/cattle/chunks/cattle_chunk_00032_chrX
horse	143	horse_chunk_00001_chr1	chr1	188260577	1	1	1	1	1	1		/srv/beegfs/scratch/shares/ds4dh/common/ab-initio-TE/software_outputs/repeatmasker_dfam/RMDFAM_SPECIES_ANIMALS_CHR_20260615/horse/chunks/horse_chunk_00001_chr1
horse	144	horse_chunk_00002_chr10	chr10	85155674	1	1	1	1	1	1		/srv/beegfs/scratch/shares/ds4dh/common/ab-initio-TE/software_outputs/repeatmasker_dfam/RMDFAM_SPECIES_ANIMALS_CHR_20260615/horse/chunks/horse_chunk_00002_chr10
horse	145	horse_chunk_00003_chr11	chr11	61676917	1	1	1	1	1	1		/srv/beegfs/scratch/shares/ds4dh/common/ab-initio-TE/software_outputs/repeatmasker_dfam/RMDFAM_SPECIES_ANIMALS_CHR_20260615/horse/chunks/horse_chunk_00003_chr11
horse	146	horse_chunk_00004_bundle	chr12	36992759	1	1	1	1	1	1		/srv/beegfs/scratch/shares/ds4dh/common/ab-initio-TE/software_outputs/repeatmasker_dfam/RMDFAM_SPECIES_ANIMALS_CHR_20260615/horse/chunks/horse_chunk_00004_bundle
horse	147	horse_chunk_00005_bundle	chr13	43784481	1	1	1	1	1	1		/srv/beegfs/scratch/shares/ds4dh/common/ab-initio-TE/software_outputs/repeatmasker_dfam/RMDFAM_SPECIES_ANIMALS_CHR_20260615/horse/chunks/horse_chunk_00005_bundle
horse	148	horse_chunk_00006_chr14	chr14	94600235	1	1	1	1	1	1		/srv/beegfs/scratch/shares/ds4dh/common/ab-initio-TE/software_outputs/repeatmasker_dfam/RMDFAM_SPECIES_ANIMALS_CHR_20260615/horse/chunks/horse_chunk_00006_chr14
horse	149	horse_chunk_00007_chr15	chr15	92851403	1	1	1	1	1	1		/srv/beegfs/scratch/shares/ds4dh/common/ab-initio-TE/software_outputs/repeatmasker_dfam/RMDFAM_SPECIES_ANIMALS_CHR_20260615/horse/chunks/horse_chunk_00007_chr15
horse	150	horse_chunk_00008_chr16	chr16	88962352	1	1	1	1	1	1		/srv/beegfs/scratch/shares/ds4dh/common/ab-initio-TE/software_outputs/repeatmasker_dfam/RMDFAM_SPECIES_ANIMALS_CHR_20260615/horse/chunks/horse_chunk_00008_chr16
horse	151	horse_chunk_00009_chr17	chr17	80722430	1	1	1	1	1	1		/srv/beegfs/scratch/shares/ds4dh/common/ab-initio-TE/software_outputs/repeatmasker_dfam/RMDFAM_SPECIES_ANIMALS_CHR_20260615/horse/chunks/horse_chunk_00009_chr17
horse	152	horse_chunk_00010_chr18	chr18	82641348	1	1	1	1	1	1		/srv/beegfs/scratch/shares/ds4dh/common/ab-initio-TE/software_outputs/repeatmasker_dfam/RMDFAM_SPECIES_ANIMALS_CHR_20260615/horse/chunks/horse_chunk_00010_chr18
horse	153	horse_chunk_00011_chr19	chr19	62681739	1	1	1	1	1	1		/srv/beegfs/scratch/shares/ds4dh/common/ab-initio-TE/software_outputs/repeatmasker_dfam/RMDFAM_SPECIES_ANIMALS_CHR_20260615/horse/chunks/horse_chunk_00011_chr19
horse	154	horse_chunk_00012_chr2	chr2	121350024	1	1	1	1	1	1		/srv/beegfs/scratch/shares/ds4dh/common/ab-initio-TE/software_outputs/repeatmasker_dfam/RMDFAM_SPECIES_ANIMALS_CHR_20260615/horse/chunks/horse_chunk_00012_chr2
horse	155	horse_chunk_00013_chr20	chr20	65343332	1	1	1	1	1	1		/srv/beegfs/scratch/shares/ds4dh/common/ab-initio-TE/software_outputs/repeatmasker_dfam/RMDFAM_SPECIES_ANIMALS_CHR_20260615/horse/chunks/horse_chunk_00013_chr20
horse	156	horse_chunk_00014_chr21	chr21	58984458	1	1	1	1	1	1		/srv/beegfs/scratch/shares/ds4dh/common/ab-initio-TE/software_outputs/repeatmasker_dfam/RMDFAM_SPECIES_ANIMALS_CHR_20260615/horse/chunks/horse_chunk_00014_chr21
horse	157	horse_chunk_00015_chr22	chr22	50928189	1	1	1	1	1	1		/srv/beegfs/scratch/shares/ds4dh/common/ab-initio-TE/software_outputs/repeatmasker_dfam/RMDFAM_SPECIES_ANIMALS_CHR_20260615/horse/chunks/horse_chunk_00015_chr22
horse	158	horse_chunk_00016_chr23	chr23	55556184	1	1	1	1	1	1		/srv/beegfs/scratch/shares/ds4dh/common/ab-initio-TE/software_outputs/repeatmasker_dfam/RMDFAM_SPECIES_ANIMALS_CHR_20260615/horse/chunks/horse_chunk_00016_chr23
horse	159	horse_chunk_00017_bundle	chr24	48288683	1	1	1	1	1	1		/srv/beegfs/scratch/shares/ds4dh/common/ab-initio-TE/software_outputs/repeatmasker_dfam/RMDFAM_SPECIES_ANIMALS_CHR_20260615/horse/chunks/horse_chunk_00017_bundle
horse	160	horse_chunk_00018_bundle	chr25	40282968	1	1	1	1	1	1		/srv/beegfs/scratch/shares/ds4dh/common/ab-initio-TE/software_outputs/repeatmasker_dfam/RMDFAM_SPECIES_ANIMALS_CHR_20260615/horse/chunks/horse_chunk_00018_bundle
horse	161	horse_chunk_00019_bundle	chr26	43147642	1	1	1	1	1	1		/srv/beegfs/scratch/shares/ds4dh/common/ab-initio-TE/software_outputs/repeatmasker_dfam/RMDFAM_SPECIES_ANIMALS_CHR_20260615/horse/chunks/horse_chunk_00019_bundle
horse	162	horse_chunk_00020_bundle	chr27	40254690	1	1	1	1	1	1		/srv/beegfs/scratch/shares/ds4dh/common/ab-initio-TE/software_outputs/repeatmasker_dfam/RMDFAM_SPECIES_ANIMALS_CHR_20260615/horse/chunks/horse_chunk_00020_bundle
horse	163	horse_chunk_00021_bundle	chr28	47348498	1	1	1	1	1	1		/srv/beegfs/scratch/shares/ds4dh/common/ab-initio-TE/software_outputs/repeatmasker_dfam/RMDFAM_SPECIES_ANIMALS_CHR_20260615/horse/chunks/horse_chunk_00021_bundle
horse	164	horse_chunk_00022_bundle	chr29	34776120	1	1	1	1	1	1		/srv/beegfs/scratch/shares/ds4dh/common/ab-initio-TE/software_outputs/repeatmasker_dfam/RMDFAM_SPECIES_ANIMALS_CHR_20260615/horse/chunks/horse_chunk_00022_bundle
horse	165	horse_chunk_00023_chr3	chr3	121351753	1	1	1	1	1	1		/srv/beegfs/scratch/shares/ds4dh/common/ab-initio-TE/software_outputs/repeatmasker_dfam/RMDFAM_SPECIES_ANIMALS_CHR_20260615/horse/chunks/horse_chunk_00023_chr3
horse	166	horse_chunk_00024_bundle	chr30	31395959	1	1	1	1	1	1		/srv/beegfs/scratch/shares/ds4dh/common/ab-initio-TE/software_outputs/repeatmasker_dfam/RMDFAM_SPECIES_ANIMALS_CHR_20260615/horse/chunks/horse_chunk_00024_bundle
horse	167	horse_chunk_00025_bundle	chr31	26001039	1	1	1	1	1	1		/srv/beegfs/scratch/shares/ds4dh/common/ab-initio-TE/software_outputs/repeatmasker_dfam/RMDFAM_SPECIES_ANIMALS_CHR_20260615/horse/chunks/horse_chunk_00025_bundle
horse	168	horse_chunk_00026_chr4	chr4	109462549	1	1	1	1	1	1		/srv/beegfs/scratch/shares/ds4dh/common/ab-initio-TE/software_outputs/repeatmasker_dfam/RMDFAM_SPECIES_ANIMALS_CHR_20260615/horse/chunks/horse_chunk_00026_chr4
horse	169	horse_chunk_00027_chr5	chr5	96759418	1	1	1	1	1	1		/srv/beegfs/scratch/shares/ds4dh/common/ab-initio-TE/software_outputs/repeatmasker_dfam/RMDFAM_SPECIES_ANIMALS_CHR_20260615/horse/chunks/horse_chunk_00027_chr5
horse	170	horse_chunk_00028_chr6	chr6	87230776	1	1	1	1	1	1		/srv/beegfs/scratch/shares/ds4dh/common/ab-initio-TE/software_outputs/repeatmasker_dfam/RMDFAM_SPECIES_ANIMALS_CHR_20260615/horse/chunks/horse_chunk_00028_chr6
horse	171	horse_chunk_00029_chr7	chr7	100787686	1	1	1	1	1	1		/srv/beegfs/scratch/shares/ds4dh/common/ab-initio-TE/software_outputs/repeatmasker_dfam/RMDFAM_SPECIES_ANIMALS_CHR_20260615/horse/chunks/horse_chunk_00029_chr7
horse	172	horse_chunk_00030_chr8	chr8	97563019	1	1	1	1	1	1		/srv/beegfs/scratch/shares/ds4dh/common/ab-initio-TE/software_outputs/repeatmasker_dfam/RMDFAM_SPECIES_ANIMALS_CHR_20260615/horse/chunks/horse_chunk_00030_chr8
horse	173	horse_chunk_00031_chr9	chr9	85793548	1	1	1	1	1	1		/srv/beegfs/scratch/shares/ds4dh/common/ab-initio-TE/software_outputs/repeatmasker_dfam/RMDFAM_SPECIES_ANIMALS_CHR_20260615/horse/chunks/horse_chunk_00031_chr9
horse	174	horse_chunk_00032_bundle	chrM,chrUn_NW_019641744v1,chrUn_NW_019641745v1,chrUn_NW_019641746v1,chrUn_NW_019641747v1,chrUn_NW_019641748v1,chrUn_NW_019641749v1,chrUn_NW_019641750v1,chrUn_NW_019641751v1,chrUn_NW_019641752v1,chrUn_NW_019641753v1,chrUn_NW_019641754v1,chrUn_NW_019641755v1,chrUn_NW_019641756v1,chrUn_NW_019641757v1,chrUn_NW_019641758v1,chrUn_NW_019641759v1,chrUn_NW_019641760v1,chrUn_NW_019641761v1,chrUn_NW_019641762v1,chrUn_NW_019641763v1,chrUn_NW_019641764v1,chrUn_NW_019641765v1,chrUn_NW_019641766v1,chrUn_NW_019641767v1,chrUn_NW_019641768v1,chrUn_NW_019641769v1,chrUn_NW_019641770v1,chrUn_NW_019641771v1,chrUn_NW_019641772v1,chrUn_NW_019641773v1,chrUn_NW_019641774v1,chrUn_NW_019641775v1,chrUn_NW_019641776v1,chrUn_NW_019641777v1,chrUn_NW_019641778v1,chrUn_NW_019641779v1,chrUn_NW_019641780v1,chrUn_NW_019641781v1,chrUn_NW_019641782v1,chrUn_NW_019641783v1,chrUn_NW_019641784v1,chrUn_NW_019641785v1,chrUn_NW_019641786v1,chrUn_NW_019641787v1,chrUn_NW_019641788v1,chrUn_NW_019641789v1,chrUn_NW_019641790v1,chrUn_NW_019641791v1,chrUn_NW_019641792v1,chrUn_NW_019641793v1,chrUn_NW_019641794v1,chrUn_NW_019641795v1,chrUn_NW_019641796v1,chrUn_NW_019641797v1,chrUn_NW_019641798v1,chrUn_NW_019641799v1,chrUn_NW_019641800v1,chrUn_NW_019641801v1,chrUn_NW_019641802v1,chrUn_NW_019641803v1,chrUn_NW_019641804v1,chrUn_NW_019641805v1,chrUn_NW_019641806v1,chrUn_NW_019641807v1,chrUn_NW_019641808v1,chrUn_NW_019641809v1,chrUn_NW_019641810v1,chrUn_NW_019641811v1,chrUn_NW_019641812v1,chrUn_NW_019641813v1,chrUn_NW_019641814v1,chrUn_NW_019641815v1,chrUn_NW_019641816v1,chrUn_NW_019641817v1,chrUn_NW_019641818v1,chrUn_NW_019641819v1,chrUn_NW_019641820v1,chrUn_NW_019641821v1,chrUn_NW_019641822v1,chrUn_NW_019641823v1,chrUn_NW_019641824v1,chrUn_NW_019641825v1,chrUn_NW_019641826v1,chrUn_NW_019641827v1,chrUn_NW_019641828v1,chrUn_NW_019641829v1,chrUn_NW_019641830v1,chrUn_NW_019641831v1,chrUn_NW_019641832v1,chrUn_NW_019641833v1,chrUn_NW_019641834v1,chrUn_NW_019641835v1,chrUn_NW_019641836v1,chrUn_NW_019641837v1,chrUn_NW_019641838v1,chrUn_NW_019641839v1,chrUn_NW_019641840v1,chrUn_NW_019641841v1,chrUn_NW_019641842v1,chrUn_NW_019641843v1,chrUn_NW_019641844v1,chrUn_NW_019641845v1,chrUn_NW_019641846v1,chrUn_NW_019641847v1,chrUn_NW_019641848v1,chrUn_NW_019641849v1,chrUn_NW_019641850v1,chrUn_NW_019641851v1,chrUn_NW_019641852v1,chrUn_NW_019641853v1,chrUn_NW_019641854v1,chrUn_NW_019641855v1,chrUn_NW_019641856v1,chrUn_NW_019641857v1,chrUn_NW_019641858v1,chrUn_NW_019641859v1,chrUn_NW_019641860v1,chrUn_NW_019641861v1,chrUn_NW_019641862v1,chrUn_NW_019641863v1,chrUn_NW_019641864v1,chrUn_NW_019641865v1,chrUn_NW_019641866v1,chrUn_NW_019641867v1,chrUn_NW_019641868v1,chrUn_NW_019641869v1,chrUn_NW_019641870v1,chrUn_NW_019641871v1,chrUn_NW_019641872v1,chrUn_NW_019641873v1,chrUn_NW_019641874v1,chrUn_NW_019641875v1,chrUn_NW_019641876v1,chrUn_NW_019641877v1,chrUn_NW_019641878v1,chrUn_NW_019641879v1,chrUn_NW_019641880v1,chrUn_NW_019641881v1,chrUn_NW_019641882v1,chrUn_NW_019641883v1,chrUn_NW_019641884v1,chrUn_NW_019641885v1,chrUn_NW_019641886v1,chrUn_NW_019641887v1,chrUn_NW_019641888v1,chrUn_NW_019641889v1,chrUn_NW_019641890v1,chrUn_NW_019641891v1,chrUn_NW_019641892v1,chrUn_NW_019641893v1,chrUn_NW_019641894v1,chrUn_NW_019641895v1,chrUn_NW_019641896v1,chrUn_NW_019641897v1,chrUn_NW_019641898v1,chrUn_NW_019641899v1,chrUn_NW_019641900v1,chrUn_NW_019641901v1,chrUn_NW_019641902v1,chrUn_NW_019641903v1,chrUn_NW_019641904v1,chrUn_NW_019641905v1,chrUn_NW_019641906v1,chrUn_NW_019641907v1,chrUn_NW_019641908v1,chrUn_NW_019641909v1,chrUn_NW_019641910v1,chrUn_NW_019641911v1,chrUn_NW_019641912v1,chrUn_NW_019641913v1,chrUn_NW_019641914v1,chrUn_NW_019641915v1,chrUn_NW_019641916v1,chrUn_NW_019641917v1,chrUn_NW_019641918v1,chrUn_NW_019641919v1,chrUn_NW_019641920v1,chrUn_NW_019641921v1,chrUn_NW_019641922v1,chrUn_NW_019641923v1,chrUn_NW_019641924v1,chrUn_NW_019641925v1,chrUn_NW_019641926v1,chrUn_NW_019641927v1,chrUn_NW_019641928v1,chrUn_NW_019641929v1,chrUn_NW_019641930v1,chrUn_NW_019641931v1,chrUn_NW_019641932v1,chrUn_NW_019641933v1,chrUn_NW_019641934v1,chrUn_NW_019641935v1,chrUn_NW_019641936v1,chrUn_NW_019641937v1,chrUn_NW_019641938v1,chrUn_NW_019641939v1,chrUn_NW_019641940v1,chrUn_NW_019641941v1,chrUn_NW_019641942v1,chrUn_NW_019641943v1,chrUn_NW_019641944v1,chrUn_NW_019641945v1,chrUn_NW_019641946v1,chrUn_NW_019641947v1,chrUn_NW_019641948v1,chrUn_NW_019641949v1,chrUn_NW_019641950v1,chrUn_NW_019641951v1,chrUn_NW_019641952v1,chrUn_NW_019641953v1,chrUn_NW_019641954v1,chrUn_NW_019641955v1,chrUn_NW_019641956v1,chrUn_NW_019641957v1,chrUn_NW_019641958v1,chrUn_NW_019641959v1,chrUn_NW_019641960v1,chrUn_NW_019641961v1,chrUn_NW_019641962v1,chrUn_NW_019641963v1,chrUn_NW_019641964v1,chrUn_NW_019641965v1,chrUn_NW_019641966v1,chrUn_NW_019641967v1,chrUn_NW_019641968v1,chrUn_NW_019641969v1,chrUn_NW_019641970v1,chrUn_NW_019641971v1,chrUn_NW_019641972v1,chrUn_NW_019641973v1,chrUn_NW_019641974v1,chrUn_NW_019641975v1,chrUn_NW_019641976v1,chrUn_NW_019641977v1,chrUn_NW_019641978v1,chrUn_NW_019641979v1,chrUn_NW_019641980v1,chrUn_NW_019641981v1,chrUn_NW_019641982v1,chrUn_NW_019641983v1,chrUn_NW_019641984v1,chrUn_NW_019641985v1,chrUn_NW_019641986v1,chrUn_NW_019641987v1,chrUn_NW_019641988v1,chrUn_NW_019641989v1,chrUn_NW_019641990v1,chrUn_NW_019641991v1,chrUn_NW_019641992v1,chrUn_NW_019641993v1,chrUn_NW_019641994v1,chrUn_NW_019641995v1,chrUn_NW_019641996v1,chrUn_NW_019641997v1,chrUn_NW_019641998v1,chrUn_NW_019641999v1,chrUn_NW_019642000v1,chrUn_NW_019642001v1,chrUn_NW_019642002v1,chrUn_NW_019642003v1,chrUn_NW_019642004v1,chrUn_NW_019642005v1,chrUn_NW_019642006v1,chrUn_NW_019642007v1,chrUn_NW_019642008v1,chrUn_NW_019642009v1,chrUn_NW_019642010v1,chrUn_NW_019642011v1,chrUn_NW_019642012v1,chrUn_NW_019642013v1,chrUn_NW_019642014v1,chrUn_NW_019642015v1,chrUn_NW_019642016v1,chrUn_NW_019642017v1,chrUn_NW_019642018v1,chrUn_NW_019642019v1,chrUn_NW_019642020v1,chrUn_NW_019642021v1,chrUn_NW_019642022v1,chrUn_NW_019642023v1,chrUn_NW_019642024v1,chrUn_NW_019642025v1,chrUn_NW_019642026v1,chrUn_NW_019642027v1,chrUn_NW_019642028v1,chrUn_NW_019642029v1,chrUn_NW_019642030v1,chrUn_NW_019642031v1,chrUn_NW_019642032v1,chrUn_NW_019642033v1,chrUn_NW_019642034v1,chrUn_NW_019642035v1,chrUn_NW_019642036v1,chrUn_NW_019642037v1,chrUn_NW_019642038v1,chrUn_NW_019642039v1,chrUn_NW_019642040v1,chrUn_NW_019642041v1,chrUn_NW_019642042v1,chrUn_NW_019642043v1,chrUn_NW_019642044v1,chrUn_NW_019642045v1,chrUn_NW_019642046v1,chrUn_NW_019642047v1,chrUn_NW_019642048v1,chrUn_NW_019642049v1,chrUn_NW_019642050v1,chrUn_NW_019642051v1,chrUn_NW_019642052v1,chrUn_NW_019642053v1,chrUn_NW_019642054v1,chrUn_NW_019642055v1,chrUn_NW_019642056v1,chrUn_NW_019642057v1,chrUn_NW_019642058v1,chrUn_NW_019642059v1,chrUn_NW_019642060v1,chrUn_NW_019642061v1,chrUn_NW_019642062v1,chrUn_NW_019642063v1,chrUn_NW_019642064v1,chrUn_NW_019642065v1,chrUn_NW_019642066v1,chrUn_NW_019642067v1,chrUn_NW_019642068v1,chrUn_NW_019642069v1,chrUn_NW_019642070v1,chrUn_NW_019642071v1,chrUn_NW_019642072v1,chrUn_NW_019642073v1,chrUn_NW_019642074v1,chrUn_NW_019642075v1,chrUn_NW_019642076v1,chrUn_NW_019642077v1,chrUn_NW_019642078v1,chrUn_NW_019642079v1,chrUn_NW_019642080v1,chrUn_NW_019642081v1,chrUn_NW_019642082v1,chrUn_NW_019642083v1,chrUn_NW_019642084v1,chrUn_NW_019642085v1,chrUn_NW_019642086v1,chrUn_NW_019642087v1,chrUn_NW_019642088v1,chrUn_NW_019642089v1,chrUn_NW_019642090v1,chrUn_NW_019642091v1,chrUn_NW_019642092v1,chrUn_NW_019642093v1,chrUn_NW_019642094v1,chrUn_NW_019642095v1,chrUn_NW_019642096v1,chrUn_NW_019642097v1,chrUn_NW_019642098v1,chrUn_NW_019642099v1,chrUn_NW_019642100v1,chrUn_NW_019642101v1,chrUn_NW_019642102v1,chrUn_NW_019642103v1,chrUn_NW_019642104v1,chrUn_NW_019642105v1,chrUn_NW_019642106v1,chrUn_NW_019642107v1,chrUn_NW_019642108v1,chrUn_NW_019642109v1,chrUn_NW_019642110v1,chrUn_NW_019642111v1,chrUn_NW_019642112v1,chrUn_NW_019642113v1,chrUn_NW_019642114v1,chrUn_NW_019642115v1,chrUn_NW_019642116v1,chrUn_NW_019642117v1,chrUn_NW_019642118v1,chrUn_NW_019642119v1,chrUn_NW_019642120v1,chrUn_NW_019642121v1,chrUn_NW_019642122v1,chrUn_NW_019642123v1,chrUn_NW_019642124v1,chrUn_NW_019642125v1,chrUn_NW_019642126v1,chrUn_NW_019642127v1,chrUn_NW_019642128v1,chrUn_NW_019642129v1,chrUn_NW_019642130v1,chrUn_NW_019642131v1,chrUn_NW_019642132v1,chrUn_NW_019642133v1,chrUn_NW_019642134v1,chrUn_NW_019642135v1,chrUn_NW_019642136v1,chrUn_NW_019642137v1,chrUn_NW_019642138v1,chrUn_NW_019642139v1,chrUn_NW_019642140v1,chrUn_NW_019642141v1,chrUn_NW_019642142v1,chrUn_NW_019642143v1,chrUn_NW_019642144v1,chrUn_NW_019642145v1,chrUn_NW_019642146v1,chrUn_NW_019642147v1,chrUn_NW_019642148v1,chrUn_NW_019642149v1,chrUn_NW_019642150v1,chrUn_NW_019642151v1,chrUn_NW_019642152v1,chrUn_NW_019642153v1,chrUn_NW_019642154v1,chrUn_NW_019642155v1,chrUn_NW_019642156v1,chrUn_NW_019642157v1,chrUn_NW_019642158v1,chrUn_NW_019642159v1,chrUn_NW_019642160v1,chrUn_NW_019642161v1,chrUn_NW_019642162v1,chrUn_NW_019642163v1,chrUn_NW_019642164v1,chrUn_NW_019642165v1,chrUn_NW_019642166v1,chrUn_NW_019642167v1,chrUn_NW_019642168v1,chrUn_NW_019642169v1,chrUn_NW_019642170v1,chrUn_NW_019642171v1,chrUn_NW_019642172v1,chrUn_NW_019642173v1,chrUn_NW_019642174v1,chrUn_NW_019642175v1,chrUn_NW_019642176v1,chrUn_NW_019642177v1,chrUn_NW_019642178v1,chrUn_NW_019642179v1,chrUn_NW_019642180v1,chrUn_NW_019642181v1,chrUn_NW_019642182v1,chrUn_NW_019642183v1,chrUn_NW_019642184v1,chrUn_NW_019642185v1,chrUn_NW_019642186v1,chrUn_NW_019642187v1,chrUn_NW_019642188v1,chrUn_NW_019642189v1,chrUn_NW_019642190v1,chrUn_NW_019642191v1,chrUn_NW_019642192v1,chrUn_NW_019642193v1,chrUn_NW_019642194v1,chrUn_NW_019642195v1,chrUn_NW_019642196v1,chrUn_NW_019642197v1,chrUn_NW_019642198v1,chrUn_NW_019642199v1,chrUn_NW_019642200v1,chrUn_NW_019642201v1,chrUn_NW_019642202v1,chrUn_NW_019642203v1,chrUn_NW_019642204v1,chrUn_NW_019642205v1,chrUn_NW_019642206v1,chrUn_NW_019642207v1,chrUn_NW_019642208v1,chrUn_NW_019642209v1,chrUn_NW_019642210v1,chrUn_NW_019642211v1,chrUn_NW_019642212v1,chrUn_NW_019642213v1,chrUn_NW_019642214v1,chrUn_NW_019642215v1,chrUn_NW_019642216v1,chrUn_NW_019642217v1,chrUn_NW_019642218v1,chrUn_NW_019642219v1,chrUn_NW_019642220v1,chrUn_NW_019642221v1,chrUn_NW_019642222v1,chrUn_NW_019642223v1,chrUn_NW_019642224v1,chrUn_NW_019642225v1,chrUn_NW_019642226v1,chrUn_NW_019642227v1,chrUn_NW_019642228v1,chrUn_NW_019642229v1,chrUn_NW_019642230v1,chrUn_NW_019642231v1,chrUn_NW_019642232v1,chrUn_NW_019642233v1,chrUn_NW_019642234v1,chrUn_NW_019642235v1,chrUn_NW_019642236v1,chrUn_NW_019642237v1,chrUn_NW_019642238v1,chrUn_NW_019642239v1,chrUn_NW_019642240v1,chrUn_NW_019642241v1,chrUn_NW_019642242v1,chrUn_NW_019642243v1,chrUn_NW_019642244v1,chrUn_NW_019642245v1,chrUn_NW_019642246v1,chrUn_NW_019642247v1,chrUn_NW_019642248v1,chrUn_NW_019642249v1,chrUn_NW_019642250v1,chrUn_NW_019642251v1,chrUn_NW_019642252v1,chrUn_NW_019642253v1,chrUn_NW_019642254v1,chrUn_NW_019642255v1,chrUn_NW_019642256v1,chrUn_NW_019642257v1,chrUn_NW_019642258v1,chrUn_NW_019642259v1,chrUn_NW_019642260v1,chrUn_NW_019642261v1,chrUn_NW_019642262v1,chrUn_NW_019642263v1,chrUn_NW_019642264v1,chrUn_NW_019642265v1,chrUn_NW_019642266v1,chrUn_NW_019642267v1,chrUn_NW_019642268v1,chrUn_NW_019642269v1,chrUn_NW_019642270v1,chrUn_NW_019642271v1,chrUn_NW_019642272v1,chrUn_NW_019642273v1,chrUn_NW_019642274v1,chrUn_NW_019642275v1,chrUn_NW_019642276v1,chrUn_NW_019642277v1,chrUn_NW_019642278v1,chrUn_NW_019642279v1,chrUn_NW_019642280v1,chrUn_NW_019642281v1,chrUn_NW_019642282v1,chrUn_NW_019642283v1,chrUn_NW_019642284v1,chrUn_NW_019642285v1,chrUn_NW_019642286v1,chrUn_NW_019642287v1,chrUn_NW_019642288v1,chrUn_NW_019642289v1,chrUn_NW_019642290v1,chrUn_NW_019642291v1,chrUn_NW_019642292v1,chrUn_NW_019642293v1,chrUn_NW_019642294v1,chrUn_NW_019642295v1,chrUn_NW_019642296v1,chrUn_NW_019642297v1,chrUn_NW_019642298v1,chrUn_NW_019642299v1,chrUn_NW_019642300v1,chrUn_NW_019642301v1,chrUn_NW_019642302v1,chrUn_NW_019642303v1,chrUn_NW_019642304v1,chrUn_NW_019642305v1,chrUn_NW_019642306v1,chrUn_NW_019642307v1,chrUn_NW_019642308v1,chrUn_NW_019642309v1,chrUn_NW_019642310v1,chrUn_NW_019642311v1,chrUn_NW_019642312v1,chrUn_NW_019642313v1,chrUn_NW_019642314v1,chrUn_NW_019642315v1,chrUn_NW_019642316v1,chrUn_NW_019642317v1,chrUn_NW_019642318v1,chrUn_NW_019642319v1,chrUn_NW_019642320v1,chrUn_NW_019642321v1,chrUn_NW_019642322v1,chrUn_NW_019642323v1,chrUn_NW_019642324v1,chrUn_NW_019642325v1,chrUn_NW_019642326v1,chrUn_NW_019642327v1,chrUn_NW_019642328v1,chrUn_NW_019642329v1,chrUn_NW_019642330v1,chrUn_NW_019642331v1,chrUn_NW_019642332v1,chrUn_NW_019642333v1,chrUn_NW_019642334v1,chrUn_NW_019642335v1,chrUn_NW_019642336v1,chrUn_NW_019642337v1,chrUn_NW_019642338v1,chrUn_NW_019642339v1,chrUn_NW_019642340v1,chrUn_NW_019642341v1,chrUn_NW_019642342v1,chrUn_NW_019642343v1,chrUn_NW_019642344v1,chrUn_NW_019642345v1,chrUn_NW_019642346v1,chrUn_NW_019642347v1,chrUn_NW_019642348v1,chrUn_NW_019642349v1,chrUn_NW_019642350v1,chrUn_NW_019642351v1,chrUn_NW_019642352v1,chrUn_NW_019642353v1,chrUn_NW_019642354v1,chrUn_NW_019642355v1,chrUn_NW_019642356v1,chrUn_NW_019642357v1,chrUn_NW_019642358v1,chrUn_NW_019642359v1,chrUn_NW_019642360v1,chrUn_NW_019642361v1,chrUn_NW_019642362v1,chrUn_NW_019642363v1,chrUn_NW_019642364v1,chrUn_NW_019642365v1,chrUn_NW_019642366v1,chrUn_NW_019642367v1,chrUn_NW_019642368v1,chrUn_NW_019642369v1,chrUn_NW_019642370v1,chrUn_NW_019642371v1,chrUn_NW_019642372v1,chrUn_NW_019642373v1,chrUn_NW_019642374v1,chrUn_NW_019642375v1,chrUn_NW_019642376v1,chrUn_NW_019642377v1,chrUn_NW_019642378v1,chrUn_NW_019642379v1,chrUn_NW_019642380v1,chrUn_NW_019642381v1,chrUn_NW_019642382v1,chrUn_NW_019642383v1,chrUn_NW_019642384v1,chrUn_NW_019642385v1,chrUn_NW_019642386v1,chrUn_NW_019642387v1,chrUn_NW_019642388v1,chrUn_NW_019642389v1,chrUn_NW_019642390v1,chrUn_NW_019642391v1,chrUn_NW_019642392v1,chrUn_NW_019642393v1,chrUn_NW_019642394v1,chrUn_NW_019642395v1,chrUn_NW_019642396v1,chrUn_NW_019642397v1,chrUn_NW_019642398v1,chrUn_NW_019642399v1,chrUn_NW_019642400v1,chrUn_NW_019642401v1,chrUn_NW_019642402v1,chrUn_NW_019642403v1,chrUn_NW_019642404v1,chrUn_NW_019642405v1,chrUn_NW_019642406v1,chrUn_NW_019642407v1,chrUn_NW_019642408v1,chrUn_NW_019642409v1,chrUn_NW_019642410v1,chrUn_NW_019642411v1,chrUn_NW_019642412v1,chrUn_NW_019642413v1,chrUn_NW_019642414v1,chrUn_NW_019642415v1,chrUn_NW_019642416v1,chrUn_NW_019642417v1,chrUn_NW_019642418v1,chrUn_NW_019642419v1,chrUn_NW_019642420v1,chrUn_NW_019642421v1,chrUn_NW_019642422v1,chrUn_NW_019642423v1,chrUn_NW_019642424v1,chrUn_NW_019642425v1,chrUn_NW_019642426v1,chrUn_NW_019642427v1,chrUn_NW_019642428v1,chrUn_NW_019642429v1,chrUn_NW_019642430v1,chrUn_NW_019642431v1,chrUn_NW_019642432v1,chrUn_NW_019642433v1,chrUn_NW_019642434v1,chrUn_NW_019642435v1,chrUn_NW_019642436v1,chrUn_NW_019642437v1,chrUn_NW_019642438v1,chrUn_NW_019642439v1,chrUn_NW_019642440v1,chrUn_NW_019642441v1,chrUn_NW_019642442v1,chrUn_NW_019642443v1,chrUn_NW_019642444v1,chrUn_NW_019642445v1,chrUn_NW_019642446v1,chrUn_NW_019642447v1,chrUn_NW_019642448v1,chrUn_NW_019642449v1,chrUn_NW_019642450v1,chrUn_NW_019642451v1,chrUn_NW_019642452v1,chrUn_NW_019642453v1,chrUn_NW_019642454v1,chrUn_NW_019642455v1,chrUn_NW_019642456v1,chrUn_NW_019642457v1,chrUn_NW_019642458v1,chrUn_NW_019642459v1,chrUn_NW_019642460v1,chrUn_NW_019642461v1,chrUn_NW_019642462v1,chrUn_NW_019642463v1,chrUn_NW_019642464v1,chrUn_NW_019642465v1,chrUn_NW_019642466v1,chrUn_NW_019642467v1,chrUn_NW_019642468v1,chrUn_NW_019642469v1,chrUn_NW_019642470v1,chrUn_NW_019642471v1,chrUn_NW_019642472v1,chrUn_NW_019642473v1,chrUn_NW_019642474v1,chrUn_NW_019642475v1,chrUn_NW_019642476v1,chrUn_NW_019642477v1,chrUn_NW_019642478v1,chrUn_NW_019642479v1,chrUn_NW_019642480v1,chrUn_NW_019642481v1,chrUn_NW_019642482v1,chrUn_NW_019642483v1,chrUn_NW_019642484v1,chrUn_NW_019642485v1,chrUn_NW_019642486v1,chrUn_NW_019642487v1,chrUn_NW_019642488v1,chrUn_NW_019642489v1,chrUn_NW_019642490v1,chrUn_NW_019642491v1,chrUn_NW_019642492v1,chrUn_NW_019642493v1,chrUn_NW_019642494v1,chrUn_NW_019642495v1,chrUn_NW_019642496v1,chrUn_NW_019642497v1,chrUn_NW_019642498v1,chrUn_NW_019642499v1,chrUn_NW_019642500v1,chrUn_NW_019642501v1,chrUn_NW_019642502v1,chrUn_NW_019642503v1,chrUn_NW_019642504v1,chrUn_NW_019642505v1,chrUn_NW_019642506v1,chrUn_NW_019642507v1,chrUn_NW_019642508v1,chrUn_NW_019642509v1,chrUn_NW_019642510v1,chrUn_NW_019642511v1,chrUn_NW_019642512v1,chrUn_NW_019642513v1,chrUn_NW_019642514v1,chrUn_NW_019642515v1,chrUn_NW_019642516v1,chrUn_NW_019642517v1,chrUn_NW_019642518v1,chrUn_NW_019642519v1,chrUn_NW_019642520v1,chrUn_NW_019642521v1,chrUn_NW_019642522v1,chrUn_NW_019642523v1,chrUn_NW_019642524v1,chrUn_NW_019642525v1,chrUn_NW_019642526v1,chrUn_NW_019642527v1,chrUn_NW_019642528v1,chrUn_NW_019642529v1,chrUn_NW_019642530v1,chrUn_NW_019642531v1,chrUn_NW_019642532v1,chrUn_NW_019642533v1,chrUn_NW_019642534v1,chrUn_NW_019642535v1,chrUn_NW_019642536v1,chrUn_NW_019642537v1,chrUn_NW_019642538v1,chrUn_NW_019642539v1,chrUn_NW_019642540v1,chrUn_NW_019642541v1,chrUn_NW_019642542v1,chrUn_NW_019642543v1,chrUn_NW_019642544v1,chrUn_NW_019642545v1,chrUn_NW_019642546v1,chrUn_NW_019642547v1,chrUn_NW_019642548v1,chrUn_NW_019642549v1,chrUn_NW_019642550v1,chrUn_NW_019642551v1,chrUn_NW_019642552v1,chrUn_NW_019642553v1,chrUn_NW_019642554v1,chrUn_NW_019642555v1,chrUn_NW_019642556v1,chrUn_NW_019642557v1,chrUn_NW_019642558v1,chrUn_NW_019642559v1,chrUn_NW_019642560v1,chrUn_NW_019642561v1,chrUn_NW_019642562v1,chrUn_NW_019642563v1,chrUn_NW_019642564v1,chrUn_NW_019642565v1,chrUn_NW_019642566v1,chrUn_NW_019642567v1,chrUn_NW_019642568v1,chrUn_NW_019642569v1,chrUn_NW_019642570v1,chrUn_NW_019642571v1,chrUn_NW_019642572v1,chrUn_NW_019642573v1,chrUn_NW_019642574v1,chrUn_NW_019642575v1,chrUn_NW_019642576v1,chrUn_NW_019642577v1,chrUn_NW_019642578v1,chrUn_NW_019642579v1,chrUn_NW_019642580v1,chrUn_NW_019642581v1,chrUn_NW_019642582v1,chrUn_NW_019642583v1,chrUn_NW_019642584v1,chrUn_NW_019642585v1,chrUn_NW_019642586v1,chrUn_NW_019642587v1,chrUn_NW_019642588v1,chrUn_NW_019642589v1,chrUn_NW_019642590v1,chrUn_NW_019642591v1,chrUn_NW_019642592v1,chrUn_NW_019642593v1,chrUn_NW_019642594v1,chrUn_NW_019642595v1,chrUn_NW_019642596v1,chrUn_NW_019642597v1,chrUn_NW_019642598v1,chrUn_NW_019642599v1,chrUn_NW_019642600v1,chrUn_NW_019642601v1,chrUn_NW_019642602v1,chrUn_NW_019642603v1,chrUn_NW_019642604v1,chrUn_NW_019642605v1,chrUn_NW_019642606v1,chrUn_NW_019642607v1,chrUn_NW_019642608v1,chrUn_NW_019642609v1,chrUn_NW_019642610v1,chrUn_NW_019642611v1,chrUn_NW_019642612v1,chrUn_NW_019642613v1,chrUn_NW_019642614v1,chrUn_NW_019642615v1,chrUn_NW_019642616v1,chrUn_NW_019642617v1,chrUn_NW_019642618v1,chrUn_NW_019642619v1,chrUn_NW_019642620v1,chrUn_NW_019642621v1,chrUn_NW_019642622v1,chrUn_NW_019642623v1,chrUn_NW_019642624v1,chrUn_NW_019642625v1,chrUn_NW_019642626v1,chrUn_NW_019642627v1,chrUn_NW_019642628v1,chrUn_NW_019642629v1,chrUn_NW_019642630v1,chrUn_NW_019642631v1,chrUn_NW_019642632v1,chrUn_NW_019642633v1,chrUn_NW_019642634v1,chrUn_NW_019642635v1,chrUn_NW_019642636v1,chrUn_NW_019642637v1,chrUn_NW_019642638v1,chrUn_NW_019642639v1,chrUn_NW_019642640v1,chrUn_NW_019642641v1,chrUn_NW_019642642v1,chrUn_NW_019642643v1,chrUn_NW_019642644v1,chrUn_NW_019642645v1,chrUn_NW_019642646v1,chrUn_NW_019642647v1,chrUn_NW_019642648v1,chrUn_NW_019642649v1,chrUn_NW_019642650v1,chrUn_NW_019642651v1,chrUn_NW_019642652v1,chrUn_NW_019642653v1,chrUn_NW_019642654v1,chrUn_NW_019642655v1,chrUn_NW_019642656v1,chrUn_NW_019642657v1,chrUn_NW_019642658v1,chrUn_NW_019642659v1,chrUn_NW_019642660v1,chrUn_NW_019642661v1,chrUn_NW_019642662v1,chrUn_NW_019642663v1,chrUn_NW_019642664v1,chrUn_NW_019642665v1,chrUn_NW_019642666v1,chrUn_NW_019642667v1,chrUn_NW_019642668v1,chrUn_NW_019642669v1,chrUn_NW_019642670v1,chrUn_NW_019642671v1,chrUn_NW_019642672v1,chrUn_NW_019642673v1,chrUn_NW_019642674v1,chrUn_NW_019642675v1,chrUn_NW_019642676v1,chrUn_NW_019642677v1,chrUn_NW_019642678v1,chrUn_NW_019642679v1,chrUn_NW_019642680v1,chrUn_NW_019642681v1,chrUn_NW_019642682v1,chrUn_NW_019642683v1,chrUn_NW_019642684v1,chrUn_NW_019642685v1,chrUn_NW_019642686v1,chrUn_NW_019642687v1,chrUn_NW_019642688v1,chrUn_NW_019642689v1,chrUn_NW_019642690v1,chrUn_NW_019642691v1,chrUn_NW_019642692v1,chrUn_NW_019642693v1,chrUn_NW_019642694v1,chrUn_NW_019642695v1,chrUn_NW_019642696v1,chrUn_NW_019642697v1,chrUn_NW_019642698v1,chrUn_NW_019642699v1,chrUn_NW_019642700v1,chrUn_NW_019642701v1,chrUn_NW_019642702v1,chrUn_NW_019642703v1,chrUn_NW_019642704v1,chrUn_NW_019642705v1,chrUn_NW_019642706v1,chrUn_NW_019642707v1,chrUn_NW_019642708v1,chrUn_NW_019642709v1,chrUn_NW_019642710v1,chrUn_NW_019642711v1,chrUn_NW_019642712v1,chrUn_NW_019642713v1,chrUn_NW_019642714v1,chrUn_NW_019642715v1,chrUn_NW_019642716v1,chrUn_NW_019642717v1,chrUn_NW_019642718v1,chrUn_NW_019642719v1,chrUn_NW_019642720v1,chrUn_NW_019642721v1,chrUn_NW_019642722v1,chrUn_NW_019642723v1,chrUn_NW_019642724v1,chrUn_NW_019642725v1,chrUn_NW_019642726v1,chrUn_NW_019642727v1,chrUn_NW_019642728v1,chrUn_NW_019642729v1,chrUn_NW_019642730v1,chrUn_NW_019642731v1,chrUn_NW_019642732v1,chrUn_NW_019642733v1,chrUn_NW_019642734v1,chrUn_NW_019642735v1,chrUn_NW_019642736v1,chrUn_NW_019642737v1,chrUn_NW_019642738v1,chrUn_NW_019642739v1,chrUn_NW_019642740v1,chrUn_NW_019642741v1,chrUn_NW_019642742v1,chrUn_NW_019642743v1,chrUn_NW_019642744v1,chrUn_NW_019642745v1,chrUn_NW_019642746v1,chrUn_NW_019642747v1,chrUn_NW_019642748v1,chrUn_NW_019642749v1,chrUn_NW_019642750v1,chrUn_NW_019642751v1,chrUn_NW_019642752v1,chrUn_NW_019642753v1,chrUn_NW_019642754v1,chrUn_NW_019642755v1,chrUn_NW_019642756v1,chrUn_NW_019642757v1,chrUn_NW_019642758v1,chrUn_NW_019642759v1,chrUn_NW_019642760v1,chrUn_NW_019642761v1,chrUn_NW_019642762v1,chrUn_NW_019642763v1,chrUn_NW_019642764v1,chrUn_NW_019642765v1,chrUn_NW_019642766v1,chrUn_NW_019642767v1,chrUn_NW_019642768v1,chrUn_NW_019642769v1,chrUn_NW_019642770v1,chrUn_NW_019642771v1,chrUn_NW_019642772v1,chrUn_NW_019642773v1,chrUn_NW_019642774v1,chrUn_NW_019642775v1,chrUn_NW_019642776v1,chrUn_NW_019642777v1,chrUn_NW_019642778v1,chrUn_NW_019642779v1,chrUn_NW_019642780v1,chrUn_NW_019642781v1,chrUn_NW_019642782v1,chrUn_NW_019642783v1,chrUn_NW_019642784v1,chrUn_NW_019642785v1,chrUn_NW_019642786v1,chrUn_NW_019642787v1,chrUn_NW_019642788v1,chrUn_NW_019642789v1,chrUn_NW_019642790v1,chrUn_NW_019642791v1,chrUn_NW_019642792v1,chrUn_NW_019642793v1,chrUn_NW_019642794v1,chrUn_NW_019642795v1,chrUn_NW_019642796v1,chrUn_NW_019642797v1,chrUn_NW_019642798v1,chrUn_NW_019642799v1,chrUn_NW_019642800v1,chrUn_NW_019642801v1,chrUn_NW_019642802v1,chrUn_NW_019642803v1,chrUn_NW_019642804v1,chrUn_NW_019642805v1,chrUn_NW_019642806v1,chrUn_NW_019642807v1,chrUn_NW_019642808v1,chrUn_NW_019642809v1,chrUn_NW_019642810v1,chrUn_NW_019642811v1,chrUn_NW_019642812v1,chrUn_NW_019642813v1,chrUn_NW_019642814v1,chrUn_NW_019642815v1,chrUn_NW_019642816v1,chrUn_NW_019642817v1,chrUn_NW_019642818v1,chrUn_NW_019642819v1,chrUn_NW_019642820v1,chrUn_NW_019642821v1,chrUn_NW_019642822v1,chrUn_NW_019642823v1,chrUn_NW_019642824v1,chrUn_NW_019642825v1,chrUn_NW_019642826v1,chrUn_NW_019642827v1,chrUn_NW_019642828v1,chrUn_NW_019642829v1,chrUn_NW_019642830v1,chrUn_NW_019642831v1,chrUn_NW_019642832v1,chrUn_NW_019642833v1,chrUn_NW_019642834v1,chrUn_NW_019642835v1,chrUn_NW_019642836v1,chrUn_NW_019642837v1,chrUn_NW_019642838v1,chrUn_NW_019642839v1,chrUn_NW_019642840v1,chrUn_NW_019642841v1,chrUn_NW_019642842v1,chrUn_NW_019642843v1,chrUn_NW_019642844v1,chrUn_NW_019642845v1,chrUn_NW_019642846v1,chrUn_NW_019642847v1,chrUn_NW_019642848v1,chrUn_NW_019642849v1,chrUn_NW_019642850v1,chrUn_NW_019642851v1,chrUn_NW_019642852v1,chrUn_NW_019642853v1,chrUn_NW_019642854v1,chrUn_NW_019642855v1,chrUn_NW_019642856v1,chrUn_NW_019642857v1,chrUn_NW_019642858v1,chrUn_NW_019642859v1,chrUn_NW_019642860v1,chrUn_NW_019642861v1,chrUn_NW_019642862v1,chrUn_NW_019642863v1,chrUn_NW_019642864v1,chrUn_NW_019642865v1,chrUn_NW_019642866v1,chrUn_NW_019642867v1,chrUn_NW_019642868v1,chrUn_NW_019642869v1,chrUn_NW_019642870v1,chrUn_NW_019642871v1,chrUn_NW_019642872v1,chrUn_NW_019642873v1,chrUn_NW_019642874v1,chrUn_NW_019642875v1,chrUn_NW_019642876v1,chrUn_NW_019642877v1,chrUn_NW_019642878v1,chrUn_NW_019642879v1,chrUn_NW_019642880v1,chrUn_NW_019642881v1,chrUn_NW_019642882v1,chrUn_NW_019642883v1,chrUn_NW_019642884v1,chrUn_NW_019642885v1,chrUn_NW_019642886v1,chrUn_NW_019642887v1,chrUn_NW_019642888v1,chrUn_NW_019642889v1,chrUn_NW_019642890v1,chrUn_NW_019642891v1,chrUn_NW_019642892v1,chrUn_NW_019642893v1,chrUn_NW_019642894v1,chrUn_NW_019642895v1,chrUn_NW_019642896v1,chrUn_NW_019642897v1,chrUn_NW_019642898v1,chrUn_NW_019642899v1,chrUn_NW_019642900v1,chrUn_NW_019642901v1,chrUn_NW_019642902v1,chrUn_NW_019642903v1,chrUn_NW_019642904v1,chrUn_NW_019642905v1,chrUn_NW_019642906v1,chrUn_NW_019642907v1,chrUn_NW_019642908v1,chrUn_NW_019642909v1,chrUn_NW_019642910v1,chrUn_NW_019642911v1,chrUn_NW_019642912v1,chrUn_NW_019642913v1,chrUn_NW_019642914v1,chrUn_NW_019642915v1,chrUn_NW_019642916v1,chrUn_NW_019642917v1,chrUn_NW_019642918v1,chrUn_NW_019642919v1,chrUn_NW_019642920v1,chrUn_NW_019642921v1,chrUn_NW_019642922v1,chrUn_NW_019642923v1,chrUn_NW_019642924v1,chrUn_NW_019642925v1,chrUn_NW_019642926v1,chrUn_NW_019642927v1,chrUn_NW_019642928v1,chrUn_NW_019642929v1,chrUn_NW_019642930v1,chrUn_NW_019642931v1,chrUn_NW_019642932v1,chrUn_NW_019642933v1,chrUn_NW_019642934v1,chrUn_NW_019642935v1,chrUn_NW_019642936v1,chrUn_NW_019642937v1,chrUn_NW_019642938v1,chrUn_NW_019642939v1,chrUn_NW_019642940v1,chrUn_NW_019642941v1,chrUn_NW_019642942v1,chrUn_NW_019642943v1,chrUn_NW_019642944v1,chrUn_NW_019642945v1,chrUn_NW_019642946v1,chrUn_NW_019642947v1,chrUn_NW_019642948v1,chrUn_NW_019642949v1,chrUn_NW_019642950v1,chrUn_NW_019642951v1,chrUn_NW_019642952v1,chrUn_NW_019642953v1,chrUn_NW_019642954v1,chrUn_NW_019642955v1,chrUn_NW_019642956v1,chrUn_NW_019642957v1,chrUn_NW_019642958v1,chrUn_NW_019642959v1,chrUn_NW_019642960v1,chrUn_NW_019642961v1,chrUn_NW_019642962v1,chrUn_NW_019642963v1,chrUn_NW_019642964v1,chrUn_NW_019642965v1,chrUn_NW_019642966v1,chrUn_NW_019642967v1,chrUn_NW_019642968v1,chrUn_NW_019642969v1,chrUn_NW_019642970v1,chrUn_NW_019642971v1,chrUn_NW_019642972v1,chrUn_NW_019642973v1,chrUn_NW_019642974v1,chrUn_NW_019642975v1,chrUn_NW_019642976v1,chrUn_NW_019642977v1,chrUn_NW_019642978v1,chrUn_NW_019642979v1,chrUn_NW_019642980v1,chrUn_NW_019642981v1,chrUn_NW_019642982v1,chrUn_NW_019642983v1,chrUn_NW_019642984v1,chrUn_NW_019642985v1,chrUn_NW_019642986v1,chrUn_NW_019642987v1,chrUn_NW_019642988v1,chrUn_NW_019642989v1,chrUn_NW_019642990v1,chrUn_NW_019642991v1,chrUn_NW_019642992v1,chrUn_NW_019642993v1,chrUn_NW_019642994v1,chrUn_NW_019642995v1,chrUn_NW_019642996v1,chrUn_NW_019642997v1,chrUn_NW_019642998v1,chrUn_NW_019642999v1,chrUn_NW_019643000v1,chrUn_NW_019643001v1,chrUn_NW_019643002v1,chrUn_NW_019643003v1,chrUn_NW_019643004v1,chrUn_NW_019643005v1,chrUn_NW_019643006v1,chrUn_NW_019643007v1,chrUn_NW_019643008v1,chrUn_NW_019643009v1,chrUn_NW_019643010v1,chrUn_NW_019643011v1,chrUn_NW_019643012v1,chrUn_NW_019643013v1,chrUn_NW_019643014v1,chrUn_NW_019643015v1,chrUn_NW_019643016v1,chrUn_NW_019643017v1,chrUn_NW_019643018v1,chrUn_NW_019643019v1,chrUn_NW_019643020v1,chrUn_NW_019643021v1,chrUn_NW_019643022v1,chrUn_NW_019643023v1,chrUn_NW_019643024v1,chrUn_NW_019643025v1,chrUn_NW_019643026v1,chrUn_NW_019643027v1,chrUn_NW_019643028v1,chrUn_NW_019643029v1,chrUn_NW_019643030v1,chrUn_NW_019643031v1,chrUn_NW_019643032v1,chrUn_NW_019643033v1,chrUn_NW_019643034v1,chrUn_NW_019643035v1,chrUn_NW_019643036v1,chrUn_NW_019643037v1,chrUn_NW_019643038v1,chrUn_NW_019643039v1,chrUn_NW_019643040v1,chrUn_NW_019643041v1,chrUn_NW_019643042v1,chrUn_NW_019643043v1,chrUn_NW_019643044v1,chrUn_NW_019643045v1,chrUn_NW_019643046v1,chrUn_NW_019643047v1,chrUn_NW_019643048v1,chrUn_NW_019643049v1,chrUn_NW_019643050v1,chrUn_NW_019643051v1,chrUn_NW_019643052v1,chrUn_NW_019643053v1,chrUn_NW_019643054v1,chrUn_NW_019643055v1,chrUn_NW_019643056v1,chrUn_NW_019643057v1,chrUn_NW_019643058v1,chrUn_NW_019643059v1,chrUn_NW_019643060v1,chrUn_NW_019643061v1,chrUn_NW_019643062v1,chrUn_NW_019643063v1,chrUn_NW_019643064v1,chrUn_NW_019643065v1,chrUn_NW_019643066v1,chrUn_NW_019643067v1,chrUn_NW_019643068v1,chrUn_NW_019643069v1,chrUn_NW_019643070v1,chrUn_NW_019643071v1,chrUn_NW_019643072v1,chrUn_NW_019643073v1,chrUn_NW_019643074v1,chrUn_NW_019643075v1,chrUn_NW_019643076v1,chrUn_NW_019643077v1,chrUn_NW_019643078v1,chrUn_NW_019643079v1,chrUn_NW_019643080v1,chrUn_NW_019643081v1,chrUn_NW_019643082v1,chrUn_NW_019643083v1,chrUn_NW_019643084v1,chrUn_NW_019643085v1,chrUn_NW_019643086v1,chrUn_NW_019643087v1,chrUn_NW_019643088v1,chrUn_NW_019643089v1,chrUn_NW_019643090v1,chrUn_NW_019643091v1,chrUn_NW_019643092v1,chrUn_NW_019643093v1,chrUn_NW_019643094v1,chrUn_NW_019643095v1,chrUn_NW_019643096v1,chrUn_NW_019643097v1,chrUn_NW_019643098v1,chrUn_NW_019643099v1,chrUn_NW_019643100v1,chrUn_NW_019643101v1,chrUn_NW_019643102v1,chrUn_NW_019643103v1,chrUn_NW_019643104v1,chrUn_NW_019643105v1,chrUn_NW_019643106v1,chrUn_NW_019643107v1,chrUn_NW_019643108v1,chrUn_NW_019643109v1,chrUn_NW_019643110v1,chrUn_NW_019643111v1,chrUn_NW_019643112v1,chrUn_NW_019643113v1,chrUn_NW_019643114v1,chrUn_NW_019643115v1,chrUn_NW_019643116v1,chrUn_NW_019643117v1,chrUn_NW_019643118v1,chrUn_NW_019643119v1,chrUn_NW_019643120v1,chrUn_NW_019643121v1,chrUn_NW_019643122v1,chrUn_NW_019643123v1,chrUn_NW_019643124v1,chrUn_NW_019643125v1,chrUn_NW_019643126v1,chrUn_NW_019643127v1,chrUn_NW_019643128v1,chrUn_NW_019643129v1,chrUn_NW_019643130v1,chrUn_NW_019643131v1,chrUn_NW_019643132v1,chrUn_NW_019643133v1,chrUn_NW_019643134v1,chrUn_NW_019643135v1,chrUn_NW_019643136v1,chrUn_NW_019643137v1,chrUn_NW_019643138v1,chrUn_NW_019643139v1,chrUn_NW_019643140v1,chrUn_NW_019643141v1,chrUn_NW_019643142v1,chrUn_NW_019643143v1,chrUn_NW_019643144v1,chrUn_NW_019643145v1,chrUn_NW_019643146v1,chrUn_NW_019643147v1,chrUn_NW_019643148v1,chrUn_NW_019643149v1,chrUn_NW_019643150v1,chrUn_NW_019643151v1,chrUn_NW_019643152v1,chrUn_NW_019643153v1,chrUn_NW_019643154v1,chrUn_NW_019643155v1,chrUn_NW_019643156v1,chrUn_NW_019643157v1,chrUn_NW_019643158v1,chrUn_NW_019643159v1,chrUn_NW_019643160v1,chrUn_NW_019643161v1,chrUn_NW_019643162v1,chrUn_NW_019643163v1,chrUn_NW_019643164v1,chrUn_NW_019643165v1,chrUn_NW_019643166v1,chrUn_NW_019643167v1,chrUn_NW_019643168v1,chrUn_NW_019643169v1,chrUn_NW_019643170v1,chrUn_NW_019643171v1,chrUn_NW_019643172v1,chrUn_NW_019643173v1,chrUn_NW_019643174v1,chrUn_NW_019643175v1,chrUn_NW_019643176v1,chrUn_NW_019643177v1,chrUn_NW_019643178v1,chrUn_NW_019643179v1,chrUn_NW_019643180v1,chrUn_NW_019643181v1,chrUn_NW_019643182v1,chrUn_NW_019643183v1,chrUn_NW_019643184v1,chrUn_NW_019643185v1,chrUn_NW_019643186v1,chrUn_NW_019643187v1,chrUn_NW_019643188v1,chrUn_NW_019643189v1,chrUn_NW_019643190v1,chrUn_NW_019643191v1,chrUn_NW_019643192v1,chrUn_NW_019643193v1,chrUn_NW_019643194v1,chrUn_NW_019643195v1,chrUn_NW_019643196v1,chrUn_NW_019643197v1,chrUn_NW_019643198v1,chrUn_NW_019643199v1,chrUn_NW_019643200v1,chrUn_NW_019643201v1,chrUn_NW_019643202v1,chrUn_NW_019643203v1,chrUn_NW_019643204v1,chrUn_NW_019643205v1,chrUn_NW_019643206v1,chrUn_NW_019643207v1,chrUn_NW_019643208v1,chrUn_NW_019643209v1,chrUn_NW_019643210v1,chrUn_NW_019643211v1,chrUn_NW_019643212v1,chrUn_NW_019643213v1,chrUn_NW_019643214v1,chrUn_NW_019643215v1,chrUn_NW_019643216v1,chrUn_NW_019643217v1,chrUn_NW_019643218v1,chrUn_NW_019643219v1,chrUn_NW_019643220v1,chrUn_NW_019643221v1,chrUn_NW_019643222v1,chrUn_NW_019643223v1,chrUn_NW_019643224v1,chrUn_NW_019643225v1,chrUn_NW_019643226v1,chrUn_NW_019643227v1,chrUn_NW_019643228v1,chrUn_NW_019643229v1,chrUn_NW_019643230v1,chrUn_NW_019643231v1,chrUn_NW_019643232v1,chrUn_NW_019643233v1,chrUn_NW_019643234v1,chrUn_NW_019643235v1,chrUn_NW_019643236v1,chrUn_NW_019643237v1,chrUn_NW_019643238v1,chrUn_NW_019643239v1,chrUn_NW_019643240v1,chrUn_NW_019643241v1,chrUn_NW_019643242v1,chrUn_NW_019643243v1,chrUn_NW_019643244v1,chrUn_NW_019643245v1,chrUn_NW_019643246v1,chrUn_NW_019643247v1,chrUn_NW_019643248v1,chrUn_NW_019643249v1,chrUn_NW_019643250v1,chrUn_NW_019643251v1,chrUn_NW_019643252v1,chrUn_NW_019643253v1,chrUn_NW_019643254v1,chrUn_NW_019643255v1,chrUn_NW_019643256v1,chrUn_NW_019643257v1,chrUn_NW_019643258v1,chrUn_NW_019643259v1,chrUn_NW_019643260v1,chrUn_NW_019643261v1,chrUn_NW_019643262v1,chrUn_NW_019643263v1,chrUn_NW_019643264v1,chrUn_NW_019643265v1,chrUn_NW_019643266v1,chrUn_NW_019643267v1,chrUn_NW_019643268v1,chrUn_NW_019643269v1,chrUn_NW_019643270v1,chrUn_NW_019643271v1,chrUn_NW_019643272v1,chrUn_NW_019643273v1,chrUn_NW_019643274v1,chrUn_NW_019643275v1,chrUn_NW_019643276v1,chrUn_NW_019643277v1,chrUn_NW_019643278v1,chrUn_NW_019643279v1,chrUn_NW_019643280v1,chrUn_NW_019643281v1,chrUn_NW_019643282v1,chrUn_NW_019643283v1,chrUn_NW_019643284v1,chrUn_NW_019643285v1,chrUn_NW_019643286v1,chrUn_NW_019643287v1,chrUn_NW_019643288v1,chrUn_NW_019643289v1,chrUn_NW_019643290v1,chrUn_NW_019643291v1,chrUn_NW_019643292v1,chrUn_NW_019643293v1,chrUn_NW_019643294v1,chrUn_NW_019643295v1,chrUn_NW_019643296v1,chrUn_NW_019643297v1,chrUn_NW_019643298v1,chrUn_NW_019643299v1,chrUn_NW_019643300v1,chrUn_NW_019643301v1,chrUn_NW_019643302v1,chrUn_NW_019643303v1,chrUn_NW_019643304v1,chrUn_NW_019643305v1,chrUn_NW_019643306v1,chrUn_NW_019643307v1,chrUn_NW_019643308v1,chrUn_NW_019643309v1,chrUn_NW_019643310v1,chrUn_NW_019643311v1,chrUn_NW_019643312v1,chrUn_NW_019643313v1,chrUn_NW_019643314v1,chrUn_NW_019643315v1,chrUn_NW_019643316v1,chrUn_NW_019643317v1,chrUn_NW_019643318v1,chrUn_NW_019643319v1,chrUn_NW_019643320v1,chrUn_NW_019643321v1,chrUn_NW_019643322v1,chrUn_NW_019643323v1,chrUn_NW_019643324v1,chrUn_NW_019643325v1,chrUn_NW_019643326v1,chrUn_NW_019643327v1,chrUn_NW_019643328v1,chrUn_NW_019643329v1,chrUn_NW_019643330v1,chrUn_NW_019643331v1,chrUn_NW_019643332v1,chrUn_NW_019643333v1,chrUn_NW_019643334v1,chrUn_NW_019643335v1,chrUn_NW_019643336v1,chrUn_NW_019643337v1,chrUn_NW_019643338v1,chrUn_NW_019643339v1,chrUn_NW_019643340v1,chrUn_NW_019643341v1,chrUn_NW_019643342v1,chrUn_NW_019643343v1,chrUn_NW_019643344v1,chrUn_NW_019643345v1,chrUn_NW_019643346v1,chrUn_NW_019643347v1,chrUn_NW_019643348v1,chrUn_NW_019643349v1,chrUn_NW_019643350v1,chrUn_NW_019643351v1,chrUn_NW_019643352v1,chrUn_NW_019643353v1,chrUn_NW_019643354v1,chrUn_NW_019643355v1,chrUn_NW_019643356v1,chrUn_NW_019643357v1,chrUn_NW_019643358v1,chrUn_NW_019643359v1,chrUn_NW_019643360v1,chrUn_NW_019643361v1,chrUn_NW_019643362v1,chrUn_NW_019643363v1,chrUn_NW_019643364v1,chrUn_NW_019643365v1,chrUn_NW_019643366v1,chrUn_NW_019643367v1,chrUn_NW_019643368v1,chrUn_NW_019643369v1,chrUn_NW_019643370v1,chrUn_NW_019643371v1,chrUn_NW_019643372v1,chrUn_NW_019643373v1,chrUn_NW_019643374v1,chrUn_NW_019643375v1,chrUn_NW_019643376v1,chrUn_NW_019643377v1,chrUn_NW_019643378v1,chrUn_NW_019643379v1,chrUn_NW_019643380v1,chrUn_NW_019643381v1,chrUn_NW_019643382v1,chrUn_NW_019643383v1,chrUn_NW_019643384v1,chrUn_NW_019643385v1,chrUn_NW_019643386v1,chrUn_NW_019643387v1,chrUn_NW_019643388v1,chrUn_NW_019643389v1,chrUn_NW_019643390v1,chrUn_NW_019643391v1,chrUn_NW_019643392v1,chrUn_NW_019643393v1,chrUn_NW_019643394v1,chrUn_NW_019643395v1,chrUn_NW_019643396v1,chrUn_NW_019643397v1,chrUn_NW_019643398v1,chrUn_NW_019643399v1,chrUn_NW_019643400v1,chrUn_NW_019643401v1,chrUn_NW_019643402v1,chrUn_NW_019643403v1,chrUn_NW_019643404v1,chrUn_NW_019643405v1,chrUn_NW_019643406v1,chrUn_NW_019643407v1,chrUn_NW_019643408v1,chrUn_NW_019643409v1,chrUn_NW_019643410v1,chrUn_NW_019643411v1,chrUn_NW_019643412v1,chrUn_NW_019643413v1,chrUn_NW_019643414v1,chrUn_NW_019643415v1,chrUn_NW_019643416v1,chrUn_NW_019643417v1,chrUn_NW_019643418v1,chrUn_NW_019643419v1,chrUn_NW_019643420v1,chrUn_NW_019643421v1,chrUn_NW_019643422v1,chrUn_NW_019643423v1,chrUn_NW_019643424v1,chrUn_NW_019643425v1,chrUn_NW_019643426v1,chrUn_NW_019643427v1,chrUn_NW_019643428v1,chrUn_NW_019643429v1,chrUn_NW_019643430v1,chrUn_NW_019643431v1,chrUn_NW_019643432v1,chrUn_NW_019643433v1,chrUn_NW_019643434v1,chrUn_NW_019643435v1,chrUn_NW_019643436v1,chrUn_NW_019643437v1,chrUn_NW_019643438v1,chrUn_NW_019643439v1,chrUn_NW_019643440v1,chrUn_NW_019643441v1,chrUn_NW_019643442v1,chrUn_NW_019643443v1,chrUn_NW_019643444v1,chrUn_NW_019643445v1,chrUn_NW_019643446v1,chrUn_NW_019643447v1,chrUn_NW_019643448v1,chrUn_NW_019643449v1,chrUn_NW_019643450v1,chrUn_NW_019643451v1,chrUn_NW_019643452v1,chrUn_NW_019643453v1,chrUn_NW_019643454v1,chrUn_NW_019643455v1,chrUn_NW_019643456v1,chrUn_NW_019643457v1,chrUn_NW_019643458v1,chrUn_NW_019643459v1,chrUn_NW_019643460v1,chrUn_NW_019643461v1,chrUn_NW_019643462v1,chrUn_NW_019643463v1,chrUn_NW_019643464v1,chrUn_NW_019643465v1,chrUn_NW_019643466v1,chrUn_NW_019643467v1,chrUn_NW_019643468v1,chrUn_NW_019643469v1,chrUn_NW_019643470v1,chrUn_NW_019643471v1,chrUn_NW_019643472v1,chrUn_NW_019643473v1,chrUn_NW_019643474v1,chrUn_NW_019643475v1,chrUn_NW_019643476v1,chrUn_NW_019643477v1,chrUn_NW_019643478v1,chrUn_NW_019643479v1,chrUn_NW_019643480v1,chrUn_NW_019643481v1,chrUn_NW_019643482v1,chrUn_NW_019643483v1,chrUn_NW_019643484v1,chrUn_NW_019643485v1,chrUn_NW_019643486v1,chrUn_NW_019643487v1,chrUn_NW_019643488v1,chrUn_NW_019643489v1,chrUn_NW_019643490v1,chrUn_NW_019643491v1,chrUn_NW_019643492v1,chrUn_NW_019643493v1,chrUn_NW_019643494v1,chrUn_NW_019643495v1,chrUn_NW_019643496v1,chrUn_NW_019643497v1,chrUn_NW_019643498v1,chrUn_NW_019643499v1,chrUn_NW_019643500v1,chrUn_NW_019643501v1,chrUn_NW_019643502v1,chrUn_NW_019643503v1,chrUn_NW_019643504v1,chrUn_NW_019643505v1,chrUn_NW_019643506v1,chrUn_NW_019643507v1,chrUn_NW_019643508v1,chrUn_NW_019643509v1,chrUn_NW_019643510v1,chrUn_NW_019643511v1,chrUn_NW_019643512v1,chrUn_NW_019643513v1,chrUn_NW_019643514v1,chrUn_NW_019643515v1,chrUn_NW_019643516v1,chrUn_NW_019643517v1,chrUn_NW_019643518v1,chrUn_NW_019643519v1,chrUn_NW_019643520v1,chrUn_NW_019643521v1,chrUn_NW_019643522v1,chrUn_NW_019643523v1,chrUn_NW_019643524v1,chrUn_NW_019643525v1,chrUn_NW_019643526v1,chrUn_NW_019643527v1,chrUn_NW_019643528v1,chrUn_NW_019643529v1,chrUn_NW_019643530v1,chrUn_NW_019643531v1,chrUn_NW_019643532v1,chrUn_NW_019643533v1,chrUn_NW_019643534v1,chrUn_NW_019643535v1,chrUn_NW_019643536v1,chrUn_NW_019643537v1,chrUn_NW_019643538v1,chrUn_NW_019643539v1,chrUn_NW_019643540v1,chrUn_NW_019643541v1,chrUn_NW_019643542v1,chrUn_NW_019643543v1,chrUn_NW_019643544v1,chrUn_NW_019643545v1,chrUn_NW_019643546v1,chrUn_NW_019643547v1,chrUn_NW_019643548v1,chrUn_NW_019643549v1,chrUn_NW_019643550v1,chrUn_NW_019643551v1,chrUn_NW_019643552v1,chrUn_NW_019643553v1,chrUn_NW_019643554v1,chrUn_NW_019643555v1,chrUn_NW_019643556v1,chrUn_NW_019643557v1,chrUn_NW_019643558v1,chrUn_NW_019643559v1,chrUn_NW_019643560v1,chrUn_NW_019643561v1,chrUn_NW_019643562v1,chrUn_NW_019643563v1,chrUn_NW_019643564v1,chrUn_NW_019643565v1,chrUn_NW_019643566v1,chrUn_NW_019643567v1,chrUn_NW_019643568v1,chrUn_NW_019643569v1,chrUn_NW_019643570v1,chrUn_NW_019643571v1,chrUn_NW_019643572v1,chrUn_NW_019643573v1,chrUn_NW_019643574v1,chrUn_NW_019643575v1,chrUn_NW_019643576v1,chrUn_NW_019643577v1,chrUn_NW_019643578v1,chrUn_NW_019643579v1,chrUn_NW_019643580v1,chrUn_NW_019643581v1,chrUn_NW_019643582v1,chrUn_NW_019643583v1,chrUn_NW_019643584v1,chrUn_NW_019643585v1,chrUn_NW_019643586v1,chrUn_NW_019643587v1,chrUn_NW_019643588v1,chrUn_NW_019643589v1,chrUn_NW_019643590v1,chrUn_NW_019643591v1,chrUn_NW_019643592v1,chrUn_NW_019643593v1,chrUn_NW_019643594v1,chrUn_NW_019643595v1,chrUn_NW_019643596v1,chrUn_NW_019643597v1,chrUn_NW_019643598v1,chrUn_NW_019643599v1,chrUn_NW_019643600v1,chrUn_NW_019643601v1,chrUn_NW_019643602v1,chrUn_NW_019643603v1,chrUn_NW_019643604v1,chrUn_NW_019643605v1,chrUn_NW_019643606v1,chrUn_NW_019643607v1,chrUn_NW_019643608v1,chrUn_NW_019643609v1,chrUn_NW_019643610v1,chrUn_NW_019643611v1,chrUn_NW_019643612v1,chrUn_NW_019643613v1,chrUn_NW_019643614v1,chrUn_NW_019643615v1,chrUn_NW_019643616v1,chrUn_NW_019643617v1,chrUn_NW_019643618v1,chrUn_NW_019643619v1,chrUn_NW_019643620v1,chrUn_NW_019643621v1,chrUn_NW_019643622v1,chrUn_NW_019643623v1,chrUn_NW_019643624v1,chrUn_NW_019643625v1,chrUn_NW_019643626v1,chrUn_NW_019643627v1,chrUn_NW_019643628v1,chrUn_NW_019643629v1,chrUn_NW_019643630v1,chrUn_NW_019643631v1,chrUn_NW_019643632v1,chrUn_NW_019643633v1,chrUn_NW_019643634v1,chrUn_NW_019643635v1,chrUn_NW_019643636v1,chrUn_NW_019643637v1,chrUn_NW_019643638v1,chrUn_NW_019643639v1,chrUn_NW_019643640v1,chrUn_NW_019643641v1,chrUn_NW_019643642v1,chrUn_NW_019643643v1,chrUn_NW_019643644v1,chrUn_NW_019643645v1,chrUn_NW_019643646v1,chrUn_NW_019643647v1,chrUn_NW_019643648v1,chrUn_NW_019643649v1,chrUn_NW_019643650v1,chrUn_NW_019643651v1,chrUn_NW_019643652v1,chrUn_NW_019643653v1,chrUn_NW_019643654v1,chrUn_NW_019643655v1,chrUn_NW_019643656v1,chrUn_NW_019643657v1,chrUn_NW_019643658v1,chrUn_NW_019643659v1,chrUn_NW_019643660v1,chrUn_NW_019643661v1,chrUn_NW_019643662v1,chrUn_NW_019643663v1,chrUn_NW_019643664v1,chrUn_NW_019643665v1,chrUn_NW_019643666v1	49996192	1	1	1	1	1	1		/srv/beegfs/scratch/shares/ds4dh/common/ab-initio-TE/software_outputs/repeatmasker_dfam/RMDFAM_SPECIES_ANIMALS_CHR_20260615/horse/chunks/horse_chunk_00032_bundle
horse	175	horse_chunk_00033_bundle	chrUn_NW_019643667v1,chrUn_NW_019643668v1,chrUn_NW_019643669v1,chrUn_NW_019643670v1,chrUn_NW_019643671v1,chrUn_NW_019643672v1,chrUn_NW_019643673v1,chrUn_NW_019643674v1,chrUn_NW_019643675v1,chrUn_NW_019643676v1,chrUn_NW_019643677v1,chrUn_NW_019643678v1,chrUn_NW_019643679v1,chrUn_NW_019643680v1,chrUn_NW_019643681v1,chrUn_NW_019643682v1,chrUn_NW_019643683v1,chrUn_NW_019643684v1,chrUn_NW_019643685v1,chrUn_NW_019643686v1,chrUn_NW_019643687v1,chrUn_NW_019643688v1,chrUn_NW_019643689v1,chrUn_NW_019643690v1,chrUn_NW_019643691v1,chrUn_NW_019643692v1,chrUn_NW_019643693v1,chrUn_NW_019643694v1,chrUn_NW_019643695v1,chrUn_NW_019643696v1,chrUn_NW_019643697v1,chrUn_NW_019643698v1,chrUn_NW_019643699v1,chrUn_NW_019643700v1,chrUn_NW_019643701v1,chrUn_NW_019643702v1,chrUn_NW_019643703v1,chrUn_NW_019643704v1,chrUn_NW_019643705v1,chrUn_NW_019643706v1,chrUn_NW_019643707v1,chrUn_NW_019643708v1,chrUn_NW_019643709v1,chrUn_NW_019643710v1,chrUn_NW_019643711v1,chrUn_NW_019643712v1,chrUn_NW_019643713v1,chrUn_NW_019643714v1,chrUn_NW_019643715v1,chrUn_NW_019643716v1,chrUn_NW_019643717v1,chrUn_NW_019643718v1,chrUn_NW_019643719v1,chrUn_NW_019643720v1,chrUn_NW_019643721v1,chrUn_NW_019643722v1,chrUn_NW_019643723v1,chrUn_NW_019643724v1,chrUn_NW_019643725v1,chrUn_NW_019643726v1,chrUn_NW_019643727v1,chrUn_NW_019643728v1,chrUn_NW_019643729v1,chrUn_NW_019643730v1,chrUn_NW_019643731v1,chrUn_NW_019643732v1,chrUn_NW_019643733v1,chrUn_NW_019643734v1,chrUn_NW_019643735v1,chrUn_NW_019643736v1,chrUn_NW_019643737v1,chrUn_NW_019643738v1,chrUn_NW_019643739v1,chrUn_NW_019643740v1,chrUn_NW_019643741v1,chrUn_NW_019643742v1,chrUn_NW_019643743v1,chrUn_NW_019643744v1,chrUn_NW_019643745v1,chrUn_NW_019643746v1,chrUn_NW_019643747v1,chrUn_NW_019643748v1,chrUn_NW_019643749v1,chrUn_NW_019643750v1,chrUn_NW_019643751v1,chrUn_NW_019643752v1,chrUn_NW_019643753v1,chrUn_NW_019643754v1,chrUn_NW_019643755v1,chrUn_NW_019643756v1,chrUn_NW_019643757v1,chrUn_NW_019643758v1,chrUn_NW_019643759v1,chrUn_NW_019643760v1,chrUn_NW_019643761v1,chrUn_NW_019643762v1,chrUn_NW_019643763v1,chrUn_NW_019643764v1,chrUn_NW_019643765v1,chrUn_NW_019643766v1,chrUn_NW_019643767v1,chrUn_NW_019643768v1,chrUn_NW_019643769v1,chrUn_NW_019643770v1,chrUn_NW_019643771v1,chrUn_NW_019643772v1,chrUn_NW_019643773v1,chrUn_NW_019643774v1,chrUn_NW_019643775v1,chrUn_NW_019643776v1,chrUn_NW_019643777v1,chrUn_NW_019643778v1,chrUn_NW_019643779v1,chrUn_NW_019643780v1,chrUn_NW_019643781v1,chrUn_NW_019643782v1,chrUn_NW_019643783v1,chrUn_NW_019643784v1,chrUn_NW_019643785v1,chrUn_NW_019643786v1,chrUn_NW_019643787v1,chrUn_NW_019643788v1,chrUn_NW_019643789v1,chrUn_NW_019643790v1,chrUn_NW_019643791v1,chrUn_NW_019643792v1,chrUn_NW_019643793v1,chrUn_NW_019643794v1,chrUn_NW_019643795v1,chrUn_NW_019643796v1,chrUn_NW_019643797v1,chrUn_NW_019643798v1,chrUn_NW_019643799v1,chrUn_NW_019643800v1,chrUn_NW_019643801v1,chrUn_NW_019643802v1,chrUn_NW_019643803v1,chrUn_NW_019643804v1,chrUn_NW_019643805v1,chrUn_NW_019643806v1,chrUn_NW_019643807v1,chrUn_NW_019643808v1,chrUn_NW_019643809v1,chrUn_NW_019643810v1,chrUn_NW_019643811v1,chrUn_NW_019643812v1,chrUn_NW_019643813v1,chrUn_NW_019643814v1,chrUn_NW_019643815v1,chrUn_NW_019643816v1,chrUn_NW_019643817v1,chrUn_NW_019643818v1,chrUn_NW_019643819v1,chrUn_NW_019643820v1,chrUn_NW_019643821v1,chrUn_NW_019643822v1,chrUn_NW_019643823v1,chrUn_NW_019643824v1,chrUn_NW_019643825v1,chrUn_NW_019643826v1,chrUn_NW_019643827v1,chrUn_NW_019643828v1,chrUn_NW_019643829v1,chrUn_NW_019643830v1,chrUn_NW_019643831v1,chrUn_NW_019643832v1,chrUn_NW_019643833v1,chrUn_NW_019643834v1,chrUn_NW_019643835v1,chrUn_NW_019643836v1,chrUn_NW_019643837v1,chrUn_NW_019643838v1,chrUn_NW_019643839v1,chrUn_NW_019643840v1,chrUn_NW_019643841v1,chrUn_NW_019643842v1,chrUn_NW_019643843v1,chrUn_NW_019643844v1,chrUn_NW_019643845v1,chrUn_NW_019643846v1,chrUn_NW_019643847v1,chrUn_NW_019643848v1,chrUn_NW_019643849v1,chrUn_NW_019643850v1,chrUn_NW_019643851v1,chrUn_NW_019643852v1,chrUn_NW_019643853v1,chrUn_NW_019643854v1,chrUn_NW_019643855v1,chrUn_NW_019643856v1,chrUn_NW_019643857v1,chrUn_NW_019643858v1,chrUn_NW_019643859v1,chrUn_NW_019643860v1,chrUn_NW_019643861v1,chrUn_NW_019643862v1,chrUn_NW_019643863v1,chrUn_NW_019643864v1,chrUn_NW_019643865v1,chrUn_NW_019643866v1,chrUn_NW_019643867v1,chrUn_NW_019643868v1,chrUn_NW_019643869v1,chrUn_NW_019643870v1,chrUn_NW_019643871v1,chrUn_NW_019643872v1,chrUn_NW_019643873v1,chrUn_NW_019643874v1,chrUn_NW_019643875v1,chrUn_NW_019643876v1,chrUn_NW_019643877v1,chrUn_NW_019643878v1,chrUn_NW_019643879v1,chrUn_NW_019643880v1,chrUn_NW_019643881v1,chrUn_NW_019643882v1,chrUn_NW_019643883v1,chrUn_NW_019643884v1,chrUn_NW_019643885v1,chrUn_NW_019643886v1,chrUn_NW_019643887v1,chrUn_NW_019643888v1,chrUn_NW_019643889v1,chrUn_NW_019643890v1,chrUn_NW_019643891v1,chrUn_NW_019643892v1,chrUn_NW_019643893v1,chrUn_NW_019643894v1,chrUn_NW_019643895v1,chrUn_NW_019643896v1,chrUn_NW_019643897v1,chrUn_NW_019643898v1,chrUn_NW_019643899v1,chrUn_NW_019643900v1,chrUn_NW_019643901v1,chrUn_NW_019643902v1,chrUn_NW_019643903v1,chrUn_NW_019643904v1,chrUn_NW_019643905v1,chrUn_NW_019643906v1,chrUn_NW_019643907v1,chrUn_NW_019643908v1,chrUn_NW_019643909v1,chrUn_NW_019643910v1,chrUn_NW_019643911v1,chrUn_NW_019643912v1,chrUn_NW_019643913v1,chrUn_NW_019643914v1,chrUn_NW_019643915v1,chrUn_NW_019643916v1,chrUn_NW_019643917v1,chrUn_NW_019643918v1,chrUn_NW_019643919v1,chrUn_NW_019643920v1,chrUn_NW_019643921v1,chrUn_NW_019643922v1,chrUn_NW_019643923v1,chrUn_NW_019643924v1,chrUn_NW_019643925v1,chrUn_NW_019643926v1,chrUn_NW_019643927v1,chrUn_NW_019643928v1,chrUn_NW_019643929v1,chrUn_NW_019643930v1,chrUn_NW_019643931v1,chrUn_NW_019643932v1,chrUn_NW_019643933v1,chrUn_NW_019643934v1,chrUn_NW_019643935v1,chrUn_NW_019643936v1,chrUn_NW_019643937v1,chrUn_NW_019643938v1,chrUn_NW_019643939v1,chrUn_NW_019643940v1,chrUn_NW_019643941v1,chrUn_NW_019643942v1,chrUn_NW_019643943v1,chrUn_NW_019643944v1,chrUn_NW_019643945v1,chrUn_NW_019643946v1,chrUn_NW_019643947v1,chrUn_NW_019643948v1,chrUn_NW_019643949v1,chrUn_NW_019643950v1,chrUn_NW_019643951v1,chrUn_NW_019643952v1,chrUn_NW_019643953v1,chrUn_NW_019643954v1,chrUn_NW_019643955v1,chrUn_NW_019643956v1,chrUn_NW_019643957v1,chrUn_NW_019643958v1,chrUn_NW_019643959v1,chrUn_NW_019643960v1,chrUn_NW_019643961v1,chrUn_NW_019643962v1,chrUn_NW_019643963v1,chrUn_NW_019643964v1,chrUn_NW_019643965v1,chrUn_NW_019643966v1,chrUn_NW_019643967v1,chrUn_NW_019643968v1,chrUn_NW_019643969v1,chrUn_NW_019643970v1,chrUn_NW_019643971v1,chrUn_NW_019643972v1,chrUn_NW_019643973v1,chrUn_NW_019643974v1,chrUn_NW_019643975v1,chrUn_NW_019643976v1,chrUn_NW_019643977v1,chrUn_NW_019643978v1,chrUn_NW_019643979v1,chrUn_NW_019643980v1,chrUn_NW_019643981v1,chrUn_NW_019643982v1,chrUn_NW_019643983v1,chrUn_NW_019643984v1,chrUn_NW_019643985v1,chrUn_NW_019643986v1,chrUn_NW_019643987v1,chrUn_NW_019643988v1,chrUn_NW_019643989v1,chrUn_NW_019643990v1,chrUn_NW_019643991v1,chrUn_NW_019643992v1,chrUn_NW_019643993v1,chrUn_NW_019643994v1,chrUn_NW_019643995v1,chrUn_NW_019643996v1,chrUn_NW_019643997v1,chrUn_NW_019643998v1,chrUn_NW_019643999v1,chrUn_NW_019644000v1,chrUn_NW_019644001v1,chrUn_NW_019644002v1,chrUn_NW_019644003v1,chrUn_NW_019644004v1,chrUn_NW_019644005v1,chrUn_NW_019644006v1,chrUn_NW_019644007v1,chrUn_NW_019644008v1,chrUn_NW_019644009v1,chrUn_NW_019644010v1,chrUn_NW_019644011v1,chrUn_NW_019644012v1,chrUn_NW_019644013v1,chrUn_NW_019644014v1,chrUn_NW_019644015v1,chrUn_NW_019644016v1,chrUn_NW_019644017v1,chrUn_NW_019644018v1,chrUn_NW_019644019v1,chrUn_NW_019644020v1,chrUn_NW_019644021v1,chrUn_NW_019644022v1,chrUn_NW_019644023v1,chrUn_NW_019644024v1,chrUn_NW_019644025v1,chrUn_NW_019644026v1,chrUn_NW_019644027v1,chrUn_NW_019644028v1,chrUn_NW_019644029v1,chrUn_NW_019644030v1,chrUn_NW_019644031v1,chrUn_NW_019644032v1,chrUn_NW_019644033v1,chrUn_NW_019644034v1,chrUn_NW_019644035v1,chrUn_NW_019644036v1,chrUn_NW_019644037v1,chrUn_NW_019644038v1,chrUn_NW_019644039v1,chrUn_NW_019644040v1,chrUn_NW_019644041v1,chrUn_NW_019644042v1,chrUn_NW_019644043v1,chrUn_NW_019644044v1,chrUn_NW_019644045v1,chrUn_NW_019644046v1,chrUn_NW_019644047v1,chrUn_NW_019644048v1,chrUn_NW_019644049v1,chrUn_NW_019644050v1,chrUn_NW_019644051v1,chrUn_NW_019644052v1,chrUn_NW_019644053v1,chrUn_NW_019644054v1,chrUn_NW_019644055v1,chrUn_NW_019644056v1,chrUn_NW_019644057v1,chrUn_NW_019644058v1,chrUn_NW_019644059v1,chrUn_NW_019644060v1,chrUn_NW_019644061v1,chrUn_NW_019644062v1,chrUn_NW_019644063v1,chrUn_NW_019644064v1,chrUn_NW_019644065v1,chrUn_NW_019644066v1,chrUn_NW_019644067v1,chrUn_NW_019644068v1,chrUn_NW_019644069v1,chrUn_NW_019644070v1,chrUn_NW_019644071v1,chrUn_NW_019644072v1,chrUn_NW_019644073v1,chrUn_NW_019644074v1,chrUn_NW_019644075v1,chrUn_NW_019644076v1,chrUn_NW_019644077v1,chrUn_NW_019644078v1,chrUn_NW_019644079v1,chrUn_NW_019644080v1,chrUn_NW_019644081v1,chrUn_NW_019644082v1,chrUn_NW_019644083v1,chrUn_NW_019644084v1,chrUn_NW_019644085v1,chrUn_NW_019644086v1,chrUn_NW_019644087v1,chrUn_NW_019644088v1,chrUn_NW_019644089v1,chrUn_NW_019644090v1,chrUn_NW_019644091v1,chrUn_NW_019644092v1,chrUn_NW_019644093v1,chrUn_NW_019644094v1,chrUn_NW_019644095v1,chrUn_NW_019644096v1,chrUn_NW_019644097v1,chrUn_NW_019644098v1,chrUn_NW_019644099v1,chrUn_NW_019644100v1,chrUn_NW_019644101v1,chrUn_NW_019644102v1,chrUn_NW_019644103v1,chrUn_NW_019644104v1,chrUn_NW_019644105v1,chrUn_NW_019644106v1,chrUn_NW_019644107v1,chrUn_NW_019644108v1,chrUn_NW_019644109v1,chrUn_NW_019644110v1,chrUn_NW_019644111v1,chrUn_NW_019644112v1,chrUn_NW_019644113v1,chrUn_NW_019644114v1,chrUn_NW_019644115v1,chrUn_NW_019644116v1,chrUn_NW_019644117v1,chrUn_NW_019644118v1,chrUn_NW_019644119v1,chrUn_NW_019644120v1,chrUn_NW_019644121v1,chrUn_NW_019644122v1,chrUn_NW_019644123v1,chrUn_NW_019644124v1,chrUn_NW_019644125v1,chrUn_NW_019644126v1,chrUn_NW_019644127v1,chrUn_NW_019644128v1,chrUn_NW_019644129v1,chrUn_NW_019644130v1,chrUn_NW_019644131v1,chrUn_NW_019644132v1,chrUn_NW_019644133v1,chrUn_NW_019644134v1,chrUn_NW_019644135v1,chrUn_NW_019644136v1,chrUn_NW_019644137v1,chrUn_NW_019644138v1,chrUn_NW_019644139v1,chrUn_NW_019644140v1,chrUn_NW_019644141v1,chrUn_NW_019644142v1,chrUn_NW_019644143v1,chrUn_NW_019644144v1,chrUn_NW_019644145v1,chrUn_NW_019644146v1,chrUn_NW_019644147v1,chrUn_NW_019644148v1,chrUn_NW_019644149v1,chrUn_NW_019644150v1,chrUn_NW_019644151v1,chrUn_NW_019644152v1,chrUn_NW_019644153v1,chrUn_NW_019644154v1,chrUn_NW_019644155v1,chrUn_NW_019644156v1,chrUn_NW_019644157v1,chrUn_NW_019644158v1,chrUn_NW_019644159v1,chrUn_NW_019644160v1,chrUn_NW_019644161v1,chrUn_NW_019644162v1,chrUn_NW_019644163v1,chrUn_NW_019644164v1,chrUn_NW_019644165v1,chrUn_NW_019644166v1,chrUn_NW_019644167v1,chrUn_NW_019644168v1,chrUn_NW_019644169v1,chrUn_NW_019644170v1,chrUn_NW_019644171v1,chrUn_NW_019644172v1,chrUn_NW_019644173v1,chrUn_NW_019644174v1,chrUn_NW_019644175v1,chrUn_NW_019644176v1,chrUn_NW_019644177v1,chrUn_NW_019644178v1,chrUn_NW_019644179v1,chrUn_NW_019644180v1,chrUn_NW_019644181v1,chrUn_NW_019644182v1,chrUn_NW_019644183v1,chrUn_NW_019644184v1,chrUn_NW_019644185v1,chrUn_NW_019644186v1,chrUn_NW_019644187v1,chrUn_NW_019644188v1,chrUn_NW_019644189v1,chrUn_NW_019644190v1,chrUn_NW_019644191v1,chrUn_NW_019644192v1,chrUn_NW_019644193v1,chrUn_NW_019644194v1,chrUn_NW_019644195v1,chrUn_NW_019644196v1,chrUn_NW_019644197v1,chrUn_NW_019644198v1,chrUn_NW_019644199v1,chrUn_NW_019644200v1,chrUn_NW_019644201v1,chrUn_NW_019644202v1,chrUn_NW_019644203v1,chrUn_NW_019644204v1,chrUn_NW_019644205v1,chrUn_NW_019644206v1,chrUn_NW_019644207v1,chrUn_NW_019644208v1,chrUn_NW_019644209v1,chrUn_NW_019644210v1,chrUn_NW_019644211v1,chrUn_NW_019644212v1,chrUn_NW_019644213v1,chrUn_NW_019644214v1,chrUn_NW_019644215v1,chrUn_NW_019644216v1,chrUn_NW_019644217v1,chrUn_NW_019644218v1,chrUn_NW_019644219v1,chrUn_NW_019644220v1,chrUn_NW_019644221v1,chrUn_NW_019644222v1,chrUn_NW_019644223v1,chrUn_NW_019644224v1,chrUn_NW_019644225v1,chrUn_NW_019644226v1,chrUn_NW_019644227v1,chrUn_NW_019644228v1,chrUn_NW_019644229v1,chrUn_NW_019644230v1,chrUn_NW_019644231v1,chrUn_NW_019644232v1,chrUn_NW_019644233v1,chrUn_NW_019644234v1,chrUn_NW_019644235v1,chrUn_NW_019644236v1,chrUn_NW_019644237v1,chrUn_NW_019644238v1,chrUn_NW_019644239v1,chrUn_NW_019644240v1,chrUn_NW_019644241v1,chrUn_NW_019644242v1,chrUn_NW_019644243v1,chrUn_NW_019644244v1,chrUn_NW_019644245v1,chrUn_NW_019644246v1,chrUn_NW_019644247v1,chrUn_NW_019644248v1,chrUn_NW_019644249v1,chrUn_NW_019644250v1,chrUn_NW_019644251v1,chrUn_NW_019644252v1,chrUn_NW_019644253v1,chrUn_NW_019644254v1,chrUn_NW_019644255v1,chrUn_NW_019644256v1,chrUn_NW_019644257v1,chrUn_NW_019644258v1,chrUn_NW_019644259v1,chrUn_NW_019644260v1,chrUn_NW_019644261v1,chrUn_NW_019644262v1,chrUn_NW_019644263v1,chrUn_NW_019644264v1,chrUn_NW_019644265v1,chrUn_NW_019644266v1,chrUn_NW_019644267v1,chrUn_NW_019644268v1,chrUn_NW_019644269v1,chrUn_NW_019644270v1,chrUn_NW_019644271v1,chrUn_NW_019644272v1,chrUn_NW_019644273v1,chrUn_NW_019644274v1,chrUn_NW_019644275v1,chrUn_NW_019644276v1,chrUn_NW_019644277v1,chrUn_NW_019644278v1,chrUn_NW_019644279v1,chrUn_NW_019644280v1,chrUn_NW_019644281v1,chrUn_NW_019644282v1,chrUn_NW_019644283v1,chrUn_NW_019644284v1,chrUn_NW_019644285v1,chrUn_NW_019644286v1,chrUn_NW_019644287v1,chrUn_NW_019644288v1,chrUn_NW_019644289v1,chrUn_NW_019644290v1,chrUn_NW_019644291v1,chrUn_NW_019644292v1,chrUn_NW_019644293v1,chrUn_NW_019644294v1,chrUn_NW_019644295v1,chrUn_NW_019644296v1,chrUn_NW_019644297v1,chrUn_NW_019644298v1,chrUn_NW_019644299v1,chrUn_NW_019644300v1,chrUn_NW_019644301v1,chrUn_NW_019644302v1,chrUn_NW_019644303v1,chrUn_NW_019644304v1,chrUn_NW_019644305v1,chrUn_NW_019644306v1,chrUn_NW_019644307v1,chrUn_NW_019644308v1,chrUn_NW_019644309v1,chrUn_NW_019644310v1,chrUn_NW_019644311v1,chrUn_NW_019644312v1,chrUn_NW_019644313v1,chrUn_NW_019644314v1,chrUn_NW_019644315v1,chrUn_NW_019644316v1,chrUn_NW_019644317v1,chrUn_NW_019644318v1,chrUn_NW_019644319v1,chrUn_NW_019644320v1,chrUn_NW_019644321v1,chrUn_NW_019644322v1,chrUn_NW_019644323v1,chrUn_NW_019644324v1,chrUn_NW_019644325v1,chrUn_NW_019644326v1,chrUn_NW_019644327v1,chrUn_NW_019644328v1,chrUn_NW_019644329v1,chrUn_NW_019644330v1,chrUn_NW_019644331v1,chrUn_NW_019644332v1,chrUn_NW_019644333v1,chrUn_NW_019644334v1,chrUn_NW_019644335v1,chrUn_NW_019644336v1,chrUn_NW_019644337v1,chrUn_NW_019644338v1,chrUn_NW_019644339v1,chrUn_NW_019644340v1,chrUn_NW_019644341v1,chrUn_NW_019644342v1,chrUn_NW_019644343v1,chrUn_NW_019644344v1,chrUn_NW_019644345v1,chrUn_NW_019644346v1,chrUn_NW_019644347v1,chrUn_NW_019644348v1,chrUn_NW_019644349v1,chrUn_NW_019644350v1,chrUn_NW_019644351v1,chrUn_NW_019644352v1,chrUn_NW_019644353v1,chrUn_NW_019644354v1,chrUn_NW_019644355v1,chrUn_NW_019644356v1,chrUn_NW_019644357v1,chrUn_NW_019644358v1,chrUn_NW_019644359v1,chrUn_NW_019644360v1,chrUn_NW_019644361v1,chrUn_NW_019644362v1,chrUn_NW_019644363v1,chrUn_NW_019644364v1,chrUn_NW_019644365v1,chrUn_NW_019644366v1,chrUn_NW_019644367v1,chrUn_NW_019644368v1,chrUn_NW_019644369v1,chrUn_NW_019644370v1,chrUn_NW_019644371v1,chrUn_NW_019644372v1,chrUn_NW_019644373v1,chrUn_NW_019644374v1,chrUn_NW_019644375v1,chrUn_NW_019644376v1,chrUn_NW_019644377v1,chrUn_NW_019644378v1,chrUn_NW_019644379v1,chrUn_NW_019644380v1,chrUn_NW_019644381v1,chrUn_NW_019644382v1,chrUn_NW_019644383v1,chrUn_NW_019644384v1,chrUn_NW_019644385v1,chrUn_NW_019644386v1,chrUn_NW_019644387v1,chrUn_NW_019644388v1,chrUn_NW_019644389v1,chrUn_NW_019644390v1,chrUn_NW_019644391v1,chrUn_NW_019644392v1,chrUn_NW_019644393v1,chrUn_NW_019644394v1,chrUn_NW_019644395v1,chrUn_NW_019644396v1,chrUn_NW_019644397v1,chrUn_NW_019644398v1,chrUn_NW_019644399v1,chrUn_NW_019644400v1,chrUn_NW_019644401v1,chrUn_NW_019644402v1,chrUn_NW_019644403v1,chrUn_NW_019644404v1,chrUn_NW_019644405v1,chrUn_NW_019644406v1,chrUn_NW_019644407v1,chrUn_NW_019644408v1,chrUn_NW_019644409v1,chrUn_NW_019644410v1,chrUn_NW_019644411v1,chrUn_NW_019644412v1,chrUn_NW_019644413v1,chrUn_NW_019644414v1,chrUn_NW_019644415v1,chrUn_NW_019644416v1,chrUn_NW_019644417v1,chrUn_NW_019644418v1,chrUn_NW_019644419v1,chrUn_NW_019644420v1,chrUn_NW_019644421v1,chrUn_NW_019644422v1,chrUn_NW_019644423v1,chrUn_NW_019644424v1,chrUn_NW_019644425v1,chrUn_NW_019644426v1,chrUn_NW_019644427v1,chrUn_NW_019644428v1,chrUn_NW_019644429v1,chrUn_NW_019644430v1,chrUn_NW_019644431v1,chrUn_NW_019644432v1,chrUn_NW_019644433v1,chrUn_NW_019644434v1,chrUn_NW_019644435v1,chrUn_NW_019644436v1,chrUn_NW_019644437v1,chrUn_NW_019644438v1,chrUn_NW_019644439v1,chrUn_NW_019644440v1,chrUn_NW_019644441v1,chrUn_NW_019644442v1,chrUn_NW_019644443v1,chrUn_NW_019644444v1,chrUn_NW_019644445v1,chrUn_NW_019644446v1,chrUn_NW_019644447v1,chrUn_NW_019644448v1,chrUn_NW_019644449v1,chrUn_NW_019644450v1,chrUn_NW_019644451v1,chrUn_NW_019644452v1,chrUn_NW_019644453v1,chrUn_NW_019644454v1,chrUn_NW_019644455v1,chrUn_NW_019644456v1,chrUn_NW_019644457v1,chrUn_NW_019644458v1,chrUn_NW_019644459v1,chrUn_NW_019644460v1,chrUn_NW_019644461v1,chrUn_NW_019644462v1,chrUn_NW_019644463v1,chrUn_NW_019644464v1,chrUn_NW_019644465v1,chrUn_NW_019644466v1,chrUn_NW_019644467v1,chrUn_NW_019644468v1,chrUn_NW_019644469v1,chrUn_NW_019644470v1,chrUn_NW_019644471v1,chrUn_NW_019644472v1,chrUn_NW_019644473v1,chrUn_NW_019644474v1,chrUn_NW_019644475v1,chrUn_NW_019644476v1,chrUn_NW_019644477v1,chrUn_NW_019644478v1,chrUn_NW_019644479v1,chrUn_NW_019644480v1,chrUn_NW_019644481v1,chrUn_NW_019644482v1,chrUn_NW_019644483v1,chrUn_NW_019644484v1,chrUn_NW_019644485v1,chrUn_NW_019644486v1,chrUn_NW_019644487v1,chrUn_NW_019644488v1,chrUn_NW_019644489v1,chrUn_NW_019644490v1,chrUn_NW_019644491v1,chrUn_NW_019644492v1,chrUn_NW_019644493v1,chrUn_NW_019644494v1,chrUn_NW_019644495v1,chrUn_NW_019644496v1,chrUn_NW_019644497v1,chrUn_NW_019644498v1,chrUn_NW_019644499v1,chrUn_NW_019644500v1,chrUn_NW_019644501v1,chrUn_NW_019644502v1,chrUn_NW_019644503v1,chrUn_NW_019644504v1,chrUn_NW_019644505v1,chrUn_NW_019644506v1,chrUn_NW_019644507v1,chrUn_NW_019644508v1,chrUn_NW_019644509v1,chrUn_NW_019644510v1,chrUn_NW_019644511v1,chrUn_NW_019644512v1,chrUn_NW_019644513v1,chrUn_NW_019644514v1,chrUn_NW_019644515v1,chrUn_NW_019644516v1,chrUn_NW_019644517v1,chrUn_NW_019644518v1,chrUn_NW_019644519v1,chrUn_NW_019644520v1,chrUn_NW_019644521v1,chrUn_NW_019644522v1,chrUn_NW_019644523v1,chrUn_NW_019644524v1,chrUn_NW_019644525v1,chrUn_NW_019644526v1,chrUn_NW_019644527v1,chrUn_NW_019644528v1,chrUn_NW_019644529v1,chrUn_NW_019644530v1,chrUn_NW_019644531v1,chrUn_NW_019644532v1,chrUn_NW_019644533v1,chrUn_NW_019644534v1,chrUn_NW_019644535v1,chrUn_NW_019644536v1,chrUn_NW_019644537v1,chrUn_NW_019644538v1,chrUn_NW_019644539v1,chrUn_NW_019644540v1,chrUn_NW_019644541v1,chrUn_NW_019644542v1,chrUn_NW_019644543v1,chrUn_NW_019644544v1,chrUn_NW_019644545v1,chrUn_NW_019644546v1,chrUn_NW_019644547v1,chrUn_NW_019644548v1,chrUn_NW_019644549v1,chrUn_NW_019644550v1,chrUn_NW_019644551v1,chrUn_NW_019644552v1,chrUn_NW_019644553v1,chrUn_NW_019644554v1,chrUn_NW_019644555v1,chrUn_NW_019644556v1,chrUn_NW_019644557v1,chrUn_NW_019644558v1,chrUn_NW_019644559v1,chrUn_NW_019644560v1,chrUn_NW_019644561v1,chrUn_NW_019644562v1,chrUn_NW_019644563v1,chrUn_NW_019644564v1,chrUn_NW_019644565v1,chrUn_NW_019644566v1,chrUn_NW_019644567v1,chrUn_NW_019644568v1,chrUn_NW_019644569v1,chrUn_NW_019644570v1,chrUn_NW_019644571v1,chrUn_NW_019644572v1,chrUn_NW_019644573v1,chrUn_NW_019644574v1,chrUn_NW_019644575v1,chrUn_NW_019644576v1,chrUn_NW_019644577v1,chrUn_NW_019644578v1,chrUn_NW_019644579v1,chrUn_NW_019644580v1,chrUn_NW_019644581v1,chrUn_NW_019644582v1,chrUn_NW_019644583v1,chrUn_NW_019644584v1,chrUn_NW_019644585v1,chrUn_NW_019644586v1,chrUn_NW_019644587v1,chrUn_NW_019644588v1,chrUn_NW_019644589v1,chrUn_NW_019644590v1,chrUn_NW_019644591v1,chrUn_NW_019644592v1,chrUn_NW_019644593v1,chrUn_NW_019644594v1,chrUn_NW_019644595v1,chrUn_NW_019644596v1,chrUn_NW_019644597v1,chrUn_NW_019644598v1,chrUn_NW_019644599v1,chrUn_NW_019644600v1,chrUn_NW_019644601v1,chrUn_NW_019644602v1,chrUn_NW_019644603v1,chrUn_NW_019644604v1,chrUn_NW_019644605v1,chrUn_NW_019644606v1,chrUn_NW_019644607v1,chrUn_NW_019644608v1,chrUn_NW_019644609v1,chrUn_NW_019644610v1,chrUn_NW_019644611v1,chrUn_NW_019644612v1,chrUn_NW_019644613v1,chrUn_NW_019644614v1,chrUn_NW_019644615v1,chrUn_NW_019644616v1,chrUn_NW_019644617v1,chrUn_NW_019644618v1,chrUn_NW_019644619v1,chrUn_NW_019644620v1,chrUn_NW_019644621v1,chrUn_NW_019644622v1,chrUn_NW_019644623v1,chrUn_NW_019644624v1,chrUn_NW_019644625v1,chrUn_NW_019644626v1,chrUn_NW_019644627v1,chrUn_NW_019644628v1,chrUn_NW_019644629v1,chrUn_NW_019644630v1,chrUn_NW_019644631v1,chrUn_NW_019644632v1,chrUn_NW_019644633v1,chrUn_NW_019644634v1,chrUn_NW_019644635v1,chrUn_NW_019644636v1,chrUn_NW_019644637v1,chrUn_NW_019644638v1,chrUn_NW_019644639v1,chrUn_NW_019644640v1,chrUn_NW_019644641v1,chrUn_NW_019644642v1,chrUn_NW_019644643v1,chrUn_NW_019644644v1,chrUn_NW_019644645v1,chrUn_NW_019644646v1,chrUn_NW_019644647v1,chrUn_NW_019644648v1,chrUn_NW_019644649v1,chrUn_NW_019644650v1,chrUn_NW_019644651v1,chrUn_NW_019644652v1,chrUn_NW_019644653v1,chrUn_NW_019644654v1,chrUn_NW_019644655v1,chrUn_NW_019644656v1,chrUn_NW_019644657v1,chrUn_NW_019644658v1,chrUn_NW_019644659v1,chrUn_NW_019644660v1,chrUn_NW_019644661v1,chrUn_NW_019644662v1,chrUn_NW_019644663v1,chrUn_NW_019644664v1,chrUn_NW_019644665v1,chrUn_NW_019644666v1,chrUn_NW_019644667v1,chrUn_NW_019644668v1,chrUn_NW_019644669v1,chrUn_NW_019644670v1,chrUn_NW_019644671v1,chrUn_NW_019644672v1,chrUn_NW_019644673v1,chrUn_NW_019644674v1,chrUn_NW_019644675v1,chrUn_NW_019644676v1,chrUn_NW_019644677v1,chrUn_NW_019644678v1,chrUn_NW_019644679v1,chrUn_NW_019644680v1,chrUn_NW_019644681v1,chrUn_NW_019644682v1,chrUn_NW_019644683v1,chrUn_NW_019644684v1,chrUn_NW_019644685v1,chrUn_NW_019644686v1,chrUn_NW_019644687v1,chrUn_NW_019644688v1,chrUn_NW_019644689v1,chrUn_NW_019644690v1,chrUn_NW_019644691v1,chrUn_NW_019644692v1,chrUn_NW_019644693v1,chrUn_NW_019644694v1,chrUn_NW_019644695v1,chrUn_NW_019644696v1,chrUn_NW_019644697v1,chrUn_NW_019644698v1,chrUn_NW_019644699v1,chrUn_NW_019644700v1,chrUn_NW_019644701v1,chrUn_NW_019644702v1,chrUn_NW_019644703v1,chrUn_NW_019644704v1,chrUn_NW_019644705v1,chrUn_NW_019644706v1,chrUn_NW_019644707v1,chrUn_NW_019644708v1,chrUn_NW_019644709v1,chrUn_NW_019644710v1,chrUn_NW_019644711v1,chrUn_NW_019644712v1,chrUn_NW_019644713v1,chrUn_NW_019644714v1,chrUn_NW_019644715v1,chrUn_NW_019644716v1,chrUn_NW_019644717v1,chrUn_NW_019644718v1,chrUn_NW_019644719v1,chrUn_NW_019644720v1,chrUn_NW_019644721v1,chrUn_NW_019644722v1,chrUn_NW_019644723v1,chrUn_NW_019644724v1,chrUn_NW_019644725v1,chrUn_NW_019644726v1,chrUn_NW_019644727v1,chrUn_NW_019644728v1,chrUn_NW_019644729v1,chrUn_NW_019644730v1,chrUn_NW_019644731v1,chrUn_NW_019644732v1,chrUn_NW_019644733v1,chrUn_NW_019644734v1,chrUn_NW_019644735v1,chrUn_NW_019644736v1,chrUn_NW_019644737v1,chrUn_NW_019644738v1,chrUn_NW_019644739v1,chrUn_NW_019644740v1,chrUn_NW_019644741v1,chrUn_NW_019644742v1,chrUn_NW_019644743v1,chrUn_NW_019644744v1,chrUn_NW_019644745v1,chrUn_NW_019644746v1,chrUn_NW_019644747v1,chrUn_NW_019644748v1,chrUn_NW_019644749v1,chrUn_NW_019644750v1,chrUn_NW_019644751v1,chrUn_NW_019644752v1,chrUn_NW_019644753v1,chrUn_NW_019644754v1,chrUn_NW_019644755v1,chrUn_NW_019644756v1,chrUn_NW_019644757v1,chrUn_NW_019644758v1,chrUn_NW_019644759v1,chrUn_NW_019644760v1,chrUn_NW_019644761v1,chrUn_NW_019644762v1,chrUn_NW_019644763v1,chrUn_NW_019644764v1,chrUn_NW_019644765v1,chrUn_NW_019644766v1,chrUn_NW_019644767v1,chrUn_NW_019644768v1,chrUn_NW_019644769v1,chrUn_NW_019644770v1,chrUn_NW_019644771v1,chrUn_NW_019644772v1,chrUn_NW_019644773v1,chrUn_NW_019644774v1,chrUn_NW_019644775v1,chrUn_NW_019644776v1,chrUn_NW_019644777v1,chrUn_NW_019644778v1,chrUn_NW_019644779v1,chrUn_NW_019644780v1,chrUn_NW_019644781v1,chrUn_NW_019644782v1,chrUn_NW_019644783v1,chrUn_NW_019644784v1,chrUn_NW_019644785v1,chrUn_NW_019644786v1,chrUn_NW_019644787v1,chrUn_NW_019644788v1,chrUn_NW_019644789v1,chrUn_NW_019644790v1,chrUn_NW_019644791v1,chrUn_NW_019644792v1,chrUn_NW_019644793v1,chrUn_NW_019644794v1,chrUn_NW_019644795v1,chrUn_NW_019644796v1,chrUn_NW_019644797v1,chrUn_NW_019644798v1,chrUn_NW_019644799v1,chrUn_NW_019644800v1,chrUn_NW_019644801v1,chrUn_NW_019644802v1,chrUn_NW_019644803v1,chrUn_NW_019644804v1,chrUn_NW_019644805v1,chrUn_NW_019644806v1,chrUn_NW_019644807v1,chrUn_NW_019644808v1,chrUn_NW_019644809v1,chrUn_NW_019644810v1,chrUn_NW_019644811v1,chrUn_NW_019644812v1,chrUn_NW_019644813v1,chrUn_NW_019644814v1,chrUn_NW_019644815v1,chrUn_NW_019644816v1,chrUn_NW_019644817v1,chrUn_NW_019644818v1,chrUn_NW_019644819v1,chrUn_NW_019644820v1,chrUn_NW_019644821v1,chrUn_NW_019644822v1,chrUn_NW_019644823v1,chrUn_NW_019644824v1,chrUn_NW_019644825v1,chrUn_NW_019644826v1,chrUn_NW_019644827v1,chrUn_NW_019644828v1,chrUn_NW_019644829v1,chrUn_NW_019644830v1,chrUn_NW_019644831v1,chrUn_NW_019644832v1,chrUn_NW_019644833v1,chrUn_NW_019644834v1,chrUn_NW_019644835v1,chrUn_NW_019644836v1,chrUn_NW_019644837v1,chrUn_NW_019644838v1,chrUn_NW_019644839v1,chrUn_NW_019644840v1,chrUn_NW_019644841v1,chrUn_NW_019644842v1,chrUn_NW_019644843v1,chrUn_NW_019644844v1,chrUn_NW_019644845v1,chrUn_NW_019644846v1,chrUn_NW_019644847v1,chrUn_NW_019644848v1,chrUn_NW_019644849v1,chrUn_NW_019644850v1,chrUn_NW_019644851v1,chrUn_NW_019644852v1,chrUn_NW_019644853v1,chrUn_NW_019644854v1,chrUn_NW_019644855v1,chrUn_NW_019644856v1,chrUn_NW_019644857v1,chrUn_NW_019644858v1,chrUn_NW_019644859v1,chrUn_NW_019644860v1,chrUn_NW_019644861v1,chrUn_NW_019644862v1,chrUn_NW_019644863v1,chrUn_NW_019644864v1,chrUn_NW_019644865v1,chrUn_NW_019644866v1,chrUn_NW_019644867v1,chrUn_NW_019644868v1,chrUn_NW_019644869v1,chrUn_NW_019644870v1,chrUn_NW_019644871v1,chrUn_NW_019644872v1,chrUn_NW_019644873v1,chrUn_NW_019644874v1,chrUn_NW_019644875v1,chrUn_NW_019644876v1,chrUn_NW_019644877v1,chrUn_NW_019644878v1,chrUn_NW_019644879v1,chrUn_NW_019644880v1,chrUn_NW_019644881v1,chrUn_NW_019644882v1,chrUn_NW_019644883v1,chrUn_NW_019644884v1,chrUn_NW_019644885v1,chrUn_NW_019644886v1,chrUn_NW_019644887v1,chrUn_NW_019644888v1,chrUn_NW_019644889v1,chrUn_NW_019644890v1,chrUn_NW_019644891v1,chrUn_NW_019644892v1,chrUn_NW_019644893v1,chrUn_NW_019644894v1,chrUn_NW_019644895v1,chrUn_NW_019644896v1,chrUn_NW_019644897v1,chrUn_NW_019644898v1,chrUn_NW_019644899v1,chrUn_NW_019644900v1,chrUn_NW_019644901v1,chrUn_NW_019644902v1,chrUn_NW_019644903v1,chrUn_NW_019644904v1,chrUn_NW_019644905v1,chrUn_NW_019644906v1,chrUn_NW_019644907v1,chrUn_NW_019644908v1,chrUn_NW_019644909v1,chrUn_NW_019644910v1,chrUn_NW_019644911v1,chrUn_NW_019644912v1,chrUn_NW_019644913v1,chrUn_NW_019644914v1,chrUn_NW_019644915v1,chrUn_NW_019644916v1,chrUn_NW_019644917v1,chrUn_NW_019644918v1,chrUn_NW_019644919v1,chrUn_NW_019644920v1,chrUn_NW_019644921v1,chrUn_NW_019644922v1,chrUn_NW_019644923v1,chrUn_NW_019644924v1,chrUn_NW_019644925v1,chrUn_NW_019644926v1,chrUn_NW_019644927v1,chrUn_NW_019644928v1,chrUn_NW_019644929v1,chrUn_NW_019644930v1,chrUn_NW_019644931v1,chrUn_NW_019644932v1,chrUn_NW_019644933v1,chrUn_NW_019644934v1,chrUn_NW_019644935v1,chrUn_NW_019644936v1,chrUn_NW_019644937v1,chrUn_NW_019644938v1,chrUn_NW_019644939v1,chrUn_NW_019644940v1,chrUn_NW_019644941v1,chrUn_NW_019644942v1,chrUn_NW_019644943v1,chrUn_NW_019644944v1,chrUn_NW_019644945v1,chrUn_NW_019644946v1,chrUn_NW_019644947v1,chrUn_NW_019644948v1,chrUn_NW_019644949v1,chrUn_NW_019644950v1,chrUn_NW_019644951v1,chrUn_NW_019644952v1,chrUn_NW_019644953v1,chrUn_NW_019644954v1,chrUn_NW_019644955v1,chrUn_NW_019644956v1,chrUn_NW_019644957v1,chrUn_NW_019644958v1,chrUn_NW_019644959v1,chrUn_NW_019644960v1,chrUn_NW_019644961v1,chrUn_NW_019644962v1,chrUn_NW_019644963v1,chrUn_NW_019644964v1,chrUn_NW_019644965v1,chrUn_NW_019644966v1,chrUn_NW_019644967v1,chrUn_NW_019644968v1,chrUn_NW_019644969v1,chrUn_NW_019644970v1,chrUn_NW_019644971v1,chrUn_NW_019644972v1,chrUn_NW_019644973v1,chrUn_NW_019644974v1,chrUn_NW_019644975v1,chrUn_NW_019644976v1,chrUn_NW_019644977v1,chrUn_NW_019644978v1,chrUn_NW_019644979v1,chrUn_NW_019644980v1,chrUn_NW_019644981v1,chrUn_NW_019644982v1,chrUn_NW_019644983v1,chrUn_NW_019644984v1,chrUn_NW_019644985v1,chrUn_NW_019644986v1,chrUn_NW_019644987v1,chrUn_NW_019644988v1,chrUn_NW_019644989v1,chrUn_NW_019644990v1,chrUn_NW_019644991v1,chrUn_NW_019644992v1,chrUn_NW_019644993v1,chrUn_NW_019644994v1,chrUn_NW_019644995v1,chrUn_NW_019644996v1,chrUn_NW_019644997v1,chrUn_NW_019644998v1,chrUn_NW_019644999v1,chrUn_NW_019645000v1,chrUn_NW_019645001v1,chrUn_NW_019645002v1,chrUn_NW_019645003v1,chrUn_NW_019645004v1,chrUn_NW_019645005v1,chrUn_NW_019645006v1,chrUn_NW_019645007v1,chrUn_NW_019645008v1,chrUn_NW_019645009v1,chrUn_NW_019645010v1,chrUn_NW_019645011v1,chrUn_NW_019645012v1,chrUn_NW_019645013v1,chrUn_NW_019645014v1,chrUn_NW_019645015v1,chrUn_NW_019645016v1,chrUn_NW_019645017v1,chrUn_NW_019645018v1,chrUn_NW_019645019v1,chrUn_NW_019645020v1,chrUn_NW_019645021v1,chrUn_NW_019645022v1,chrUn_NW_019645023v1,chrUn_NW_019645024v1,chrUn_NW_019645025v1,chrUn_NW_019645026v1,chrUn_NW_019645027v1,chrUn_NW_019645028v1,chrUn_NW_019645029v1,chrUn_NW_019645030v1,chrUn_NW_019645031v1,chrUn_NW_019645032v1,chrUn_NW_019645033v1,chrUn_NW_019645034v1,chrUn_NW_019645035v1,chrUn_NW_019645036v1,chrUn_NW_019645037v1,chrUn_NW_019645038v1,chrUn_NW_019645039v1,chrUn_NW_019645040v1,chrUn_NW_019645041v1,chrUn_NW_019645042v1,chrUn_NW_019645043v1,chrUn_NW_019645044v1,chrUn_NW_019645045v1,chrUn_NW_019645046v1,chrUn_NW_019645047v1,chrUn_NW_019645048v1,chrUn_NW_019645049v1,chrUn_NW_019645050v1,chrUn_NW_019645051v1,chrUn_NW_019645052v1,chrUn_NW_019645053v1,chrUn_NW_019645054v1,chrUn_NW_019645055v1,chrUn_NW_019645056v1,chrUn_NW_019645057v1,chrUn_NW_019645058v1,chrUn_NW_019645059v1,chrUn_NW_019645060v1,chrUn_NW_019645061v1,chrUn_NW_019645062v1,chrUn_NW_019645063v1,chrUn_NW_019645064v1,chrUn_NW_019645065v1,chrUn_NW_019645066v1,chrUn_NW_019645067v1,chrUn_NW_019645068v1,chrUn_NW_019645069v1,chrUn_NW_019645070v1,chrUn_NW_019645071v1,chrUn_NW_019645072v1,chrUn_NW_019645073v1,chrUn_NW_019645074v1,chrUn_NW_019645075v1,chrUn_NW_019645076v1,chrUn_NW_019645077v1,chrUn_NW_019645078v1,chrUn_NW_019645079v1,chrUn_NW_019645080v1,chrUn_NW_019645081v1,chrUn_NW_019645082v1,chrUn_NW_019645083v1,chrUn_NW_019645084v1,chrUn_NW_019645085v1,chrUn_NW_019645086v1,chrUn_NW_019645087v1,chrUn_NW_019645088v1,chrUn_NW_019645089v1,chrUn_NW_019645090v1,chrUn_NW_019645091v1,chrUn_NW_019645092v1,chrUn_NW_019645093v1,chrUn_NW_019645094v1,chrUn_NW_019645095v1,chrUn_NW_019645096v1,chrUn_NW_019645097v1,chrUn_NW_019645098v1,chrUn_NW_019645099v1,chrUn_NW_019645100v1,chrUn_NW_019645101v1,chrUn_NW_019645102v1,chrUn_NW_019645103v1,chrUn_NW_019645104v1,chrUn_NW_019645105v1,chrUn_NW_019645106v1,chrUn_NW_019645107v1,chrUn_NW_019645108v1,chrUn_NW_019645109v1,chrUn_NW_019645110v1,chrUn_NW_019645111v1,chrUn_NW_019645112v1,chrUn_NW_019645113v1,chrUn_NW_019645114v1,chrUn_NW_019645115v1,chrUn_NW_019645116v1,chrUn_NW_019645117v1,chrUn_NW_019645118v1,chrUn_NW_019645119v1,chrUn_NW_019645120v1,chrUn_NW_019645121v1,chrUn_NW_019645122v1,chrUn_NW_019645123v1,chrUn_NW_019645124v1,chrUn_NW_019645125v1,chrUn_NW_019645126v1,chrUn_NW_019645127v1,chrUn_NW_019645128v1,chrUn_NW_019645129v1,chrUn_NW_019645130v1,chrUn_NW_019645131v1,chrUn_NW_019645132v1,chrUn_NW_019645133v1,chrUn_NW_019645134v1,chrUn_NW_019645135v1,chrUn_NW_019645136v1,chrUn_NW_019645137v1,chrUn_NW_019645138v1,chrUn_NW_019645139v1,chrUn_NW_019645140v1,chrUn_NW_019645141v1,chrUn_NW_019645142v1,chrUn_NW_019645143v1,chrUn_NW_019645144v1,chrUn_NW_019645145v1,chrUn_NW_019645146v1,chrUn_NW_019645147v1,chrUn_NW_019645148v1,chrUn_NW_019645149v1,chrUn_NW_019645150v1,chrUn_NW_019645151v1,chrUn_NW_019645152v1,chrUn_NW_019645153v1,chrUn_NW_019645154v1,chrUn_NW_019645155v1,chrUn_NW_019645156v1,chrUn_NW_019645157v1,chrUn_NW_019645158v1,chrUn_NW_019645159v1,chrUn_NW_019645160v1,chrUn_NW_019645161v1,chrUn_NW_019645162v1,chrUn_NW_019645163v1,chrUn_NW_019645164v1,chrUn_NW_019645165v1,chrUn_NW_019645166v1,chrUn_NW_019645167v1,chrUn_NW_019645168v1,chrUn_NW_019645169v1,chrUn_NW_019645170v1,chrUn_NW_019645171v1,chrUn_NW_019645172v1,chrUn_NW_019645173v1,chrUn_NW_019645174v1,chrUn_NW_019645175v1,chrUn_NW_019645176v1,chrUn_NW_019645177v1,chrUn_NW_019645178v1,chrUn_NW_019645179v1,chrUn_NW_019645180v1,chrUn_NW_019645181v1,chrUn_NW_019645182v1,chrUn_NW_019645183v1,chrUn_NW_019645184v1,chrUn_NW_019645185v1,chrUn_NW_019645186v1,chrUn_NW_019645187v1,chrUn_NW_019645188v1,chrUn_NW_019645189v1,chrUn_NW_019645190v1,chrUn_NW_019645191v1,chrUn_NW_019645192v1,chrUn_NW_019645193v1,chrUn_NW_019645194v1,chrUn_NW_019645195v1,chrUn_NW_019645196v1,chrUn_NW_019645197v1,chrUn_NW_019645198v1,chrUn_NW_019645199v1,chrUn_NW_019645200v1,chrUn_NW_019645201v1,chrUn_NW_019645202v1,chrUn_NW_019645203v1,chrUn_NW_019645204v1,chrUn_NW_019645205v1,chrUn_NW_019645206v1,chrUn_NW_019645207v1,chrUn_NW_019645208v1,chrUn_NW_019645209v1,chrUn_NW_019645210v1,chrUn_NW_019645211v1,chrUn_NW_019645212v1,chrUn_NW_019645213v1,chrUn_NW_019645214v1,chrUn_NW_019645215v1,chrUn_NW_019645216v1,chrUn_NW_019645217v1,chrUn_NW_019645218v1,chrUn_NW_019645219v1,chrUn_NW_019645220v1,chrUn_NW_019645221v1,chrUn_NW_019645222v1,chrUn_NW_019645223v1,chrUn_NW_019645224v1,chrUn_NW_019645225v1,chrUn_NW_019645226v1,chrUn_NW_019645227v1,chrUn_NW_019645228v1,chrUn_NW_019645229v1,chrUn_NW_019645230v1,chrUn_NW_019645231v1,chrUn_NW_019645232v1,chrUn_NW_019645233v1,chrUn_NW_019645234v1,chrUn_NW_019645235v1,chrUn_NW_019645236v1,chrUn_NW_019645237v1,chrUn_NW_019645238v1,chrUn_NW_019645239v1,chrUn_NW_019645240v1,chrUn_NW_019645241v1,chrUn_NW_019645242v1,chrUn_NW_019645243v1,chrUn_NW_019645244v1,chrUn_NW_019645245v1,chrUn_NW_019645246v1,chrUn_NW_019645247v1,chrUn_NW_019645248v1,chrUn_NW_019645249v1,chrUn_NW_019645250v1,chrUn_NW_019645251v1,chrUn_NW_019645252v1,chrUn_NW_019645253v1,chrUn_NW_019645254v1,chrUn_NW_019645255v1,chrUn_NW_019645256v1,chrUn_NW_019645257v1,chrUn_NW_019645258v1,chrUn_NW_019645259v1,chrUn_NW_019645260v1,chrUn_NW_019645261v1,chrUn_NW_019645262v1,chrUn_NW_019645263v1,chrUn_NW_019645264v1,chrUn_NW_019645265v1,chrUn_NW_019645266v1,chrUn_NW_019645267v1,chrUn_NW_019645268v1,chrUn_NW_019645269v1,chrUn_NW_019645270v1,chrUn_NW_019645271v1,chrUn_NW_019645272v1,chrUn_NW_019645273v1,chrUn_NW_019645274v1,chrUn_NW_019645275v1,chrUn_NW_019645276v1,chrUn_NW_019645277v1,chrUn_NW_019645278v1,chrUn_NW_019645279v1,chrUn_NW_019645280v1,chrUn_NW_019645281v1,chrUn_NW_019645282v1,chrUn_NW_019645283v1,chrUn_NW_019645284v1,chrUn_NW_019645285v1,chrUn_NW_019645286v1,chrUn_NW_019645287v1,chrUn_NW_019645288v1,chrUn_NW_019645289v1,chrUn_NW_019645290v1,chrUn_NW_019645291v1,chrUn_NW_019645292v1,chrUn_NW_019645293v1,chrUn_NW_019645294v1,chrUn_NW_019645295v1,chrUn_NW_019645296v1,chrUn_NW_019645297v1,chrUn_NW_019645298v1,chrUn_NW_019645299v1,chrUn_NW_019645300v1,chrUn_NW_019645301v1,chrUn_NW_019645302v1,chrUn_NW_019645303v1,chrUn_NW_019645304v1,chrUn_NW_019645305v1,chrUn_NW_019645306v1,chrUn_NW_019645307v1,chrUn_NW_019645308v1,chrUn_NW_019645309v1,chrUn_NW_019645310v1,chrUn_NW_019645311v1,chrUn_NW_019645312v1,chrUn_NW_019645313v1,chrUn_NW_019645314v1,chrUn_NW_019645315v1,chrUn_NW_019645316v1,chrUn_NW_019645317v1,chrUn_NW_019645318v1,chrUn_NW_019645319v1,chrUn_NW_019645320v1,chrUn_NW_019645321v1,chrUn_NW_019645322v1,chrUn_NW_019645323v1,chrUn_NW_019645324v1,chrUn_NW_019645325v1,chrUn_NW_019645326v1,chrUn_NW_019645327v1,chrUn_NW_019645328v1,chrUn_NW_019645329v1,chrUn_NW_019645330v1,chrUn_NW_019645331v1,chrUn_NW_019645332v1,chrUn_NW_019645333v1,chrUn_NW_019645334v1,chrUn_NW_019645335v1,chrUn_NW_019645336v1,chrUn_NW_019645337v1,chrUn_NW_019645338v1,chrUn_NW_019645339v1,chrUn_NW_019645340v1,chrUn_NW_019645341v1,chrUn_NW_019645342v1,chrUn_NW_019645343v1,chrUn_NW_019645344v1,chrUn_NW_019645345v1,chrUn_NW_019645346v1,chrUn_NW_019645347v1,chrUn_NW_019645348v1,chrUn_NW_019645349v1,chrUn_NW_019645350v1,chrUn_NW_019645351v1,chrUn_NW_019645352v1,chrUn_NW_019645353v1,chrUn_NW_019645354v1,chrUn_NW_019645355v1,chrUn_NW_019645356v1,chrUn_NW_019645357v1,chrUn_NW_019645358v1,chrUn_NW_019645359v1,chrUn_NW_019645360v1,chrUn_NW_019645361v1,chrUn_NW_019645362v1,chrUn_NW_019645363v1,chrUn_NW_019645364v1,chrUn_NW_019645365v1,chrUn_NW_019645366v1,chrUn_NW_019645367v1,chrUn_NW_019645368v1,chrUn_NW_019645369v1,chrUn_NW_019645370v1,chrUn_NW_019645371v1,chrUn_NW_019645372v1,chrUn_NW_019645373v1,chrUn_NW_019645374v1,chrUn_NW_019645375v1,chrUn_NW_019645376v1,chrUn_NW_019645377v1,chrUn_NW_019645378v1,chrUn_NW_019645379v1,chrUn_NW_019645380v1,chrUn_NW_019645381v1,chrUn_NW_019645382v1,chrUn_NW_019645383v1,chrUn_NW_019645384v1,chrUn_NW_019645385v1,chrUn_NW_019645386v1,chrUn_NW_019645387v1,chrUn_NW_019645388v1,chrUn_NW_019645389v1,chrUn_NW_019645390v1,chrUn_NW_019645391v1,chrUn_NW_019645392v1,chrUn_NW_019645393v1,chrUn_NW_019645394v1,chrUn_NW_019645395v1,chrUn_NW_019645396v1,chrUn_NW_019645397v1,chrUn_NW_019645398v1,chrUn_NW_019645399v1,chrUn_NW_019645400v1,chrUn_NW_019645401v1,chrUn_NW_019645402v1,chrUn_NW_019645403v1,chrUn_NW_019645404v1,chrUn_NW_019645405v1,chrUn_NW_019645406v1,chrUn_NW_019645407v1,chrUn_NW_019645408v1,chrUn_NW_019645409v1,chrUn_NW_019645410v1,chrUn_NW_019645411v1,chrUn_NW_019645412v1,chrUn_NW_019645413v1,chrUn_NW_019645414v1,chrUn_NW_019645415v1,chrUn_NW_019645416v1,chrUn_NW_019645417v1,chrUn_NW_019645418v1,chrUn_NW_019645419v1,chrUn_NW_019645420v1,chrUn_NW_019645421v1,chrUn_NW_019645422v1,chrUn_NW_019645423v1,chrUn_NW_019645424v1,chrUn_NW_019645425v1,chrUn_NW_019645426v1,chrUn_NW_019645427v1,chrUn_NW_019645428v1,chrUn_NW_019645429v1,chrUn_NW_019645430v1,chrUn_NW_019645431v1,chrUn_NW_019645432v1,chrUn_NW_019645433v1,chrUn_NW_019645434v1,chrUn_NW_019645435v1,chrUn_NW_019645436v1,chrUn_NW_019645437v1,chrUn_NW_019645438v1,chrUn_NW_019645439v1,chrUn_NW_019645440v1,chrUn_NW_019645441v1,chrUn_NW_019645442v1,chrUn_NW_019645443v1,chrUn_NW_019645444v1,chrUn_NW_019645445v1,chrUn_NW_019645446v1,chrUn_NW_019645447v1,chrUn_NW_019645448v1,chrUn_NW_019645449v1,chrUn_NW_019645450v1,chrUn_NW_019645451v1,chrUn_NW_019645452v1,chrUn_NW_019645453v1,chrUn_NW_019645454v1,chrUn_NW_019645455v1,chrUn_NW_019645456v1,chrUn_NW_019645457v1,chrUn_NW_019645458v1,chrUn_NW_019645459v1,chrUn_NW_019645460v1,chrUn_NW_019645461v1,chrUn_NW_019645462v1,chrUn_NW_019645463v1,chrUn_NW_019645464v1,chrUn_NW_019645465v1,chrUn_NW_019645466v1,chrUn_NW_019645467v1,chrUn_NW_019645468v1,chrUn_NW_019645469v1,chrUn_NW_019645470v1,chrUn_NW_019645471v1,chrUn_NW_019645472v1,chrUn_NW_019645473v1,chrUn_NW_019645474v1,chrUn_NW_019645475v1,chrUn_NW_019645476v1,chrUn_NW_019645477v1,chrUn_NW_019645478v1,chrUn_NW_019645479v1,chrUn_NW_019645480v1,chrUn_NW_019645481v1,chrUn_NW_019645482v1,chrUn_NW_019645483v1,chrUn_NW_019645484v1,chrUn_NW_019645485v1,chrUn_NW_019645486v1,chrUn_NW_019645487v1,chrUn_NW_019645488v1,chrUn_NW_019645489v1,chrUn_NW_019645490v1,chrUn_NW_019645491v1,chrUn_NW_019645492v1,chrUn_NW_019645493v1,chrUn_NW_019645494v1,chrUn_NW_019645495v1,chrUn_NW_019645496v1,chrUn_NW_019645497v1,chrUn_NW_019645498v1,chrUn_NW_019645499v1,chrUn_NW_019645500v1,chrUn_NW_019645501v1,chrUn_NW_019645502v1,chrUn_NW_019645503v1,chrUn_NW_019645504v1,chrUn_NW_019645505v1,chrUn_NW_019645506v1,chrUn_NW_019645507v1,chrUn_NW_019645508v1,chrUn_NW_019645509v1,chrUn_NW_019645510v1,chrUn_NW_019645511v1,chrUn_NW_019645512v1,chrUn_NW_019645513v1,chrUn_NW_019645514v1,chrUn_NW_019645515v1,chrUn_NW_019645516v1,chrUn_NW_019645517v1,chrUn_NW_019645518v1,chrUn_NW_019645519v1,chrUn_NW_019645520v1,chrUn_NW_019645521v1,chrUn_NW_019645522v1,chrUn_NW_019645523v1,chrUn_NW_019645524v1,chrUn_NW_019645525v1,chrUn_NW_019645526v1,chrUn_NW_019645527v1,chrUn_NW_019645528v1,chrUn_NW_019645529v1,chrUn_NW_019645530v1,chrUn_NW_019645531v1,chrUn_NW_019645532v1,chrUn_NW_019645533v1,chrUn_NW_019645534v1,chrUn_NW_019645535v1,chrUn_NW_019645536v1,chrUn_NW_019645537v1,chrUn_NW_019645538v1,chrUn_NW_019645539v1,chrUn_NW_019645540v1,chrUn_NW_019645541v1,chrUn_NW_019645542v1,chrUn_NW_019645543v1,chrUn_NW_019645544v1,chrUn_NW_019645545v1,chrUn_NW_019645546v1,chrUn_NW_019645547v1,chrUn_NW_019645548v1,chrUn_NW_019645549v1,chrUn_NW_019645550v1,chrUn_NW_019645551v1,chrUn_NW_019645552v1,chrUn_NW_019645553v1,chrUn_NW_019645554v1,chrUn_NW_019645555v1,chrUn_NW_019645556v1,chrUn_NW_019645557v1,chrUn_NW_019645558v1,chrUn_NW_019645559v1,chrUn_NW_019645560v1,chrUn_NW_019645561v1,chrUn_NW_019645562v1,chrUn_NW_019645563v1,chrUn_NW_019645564v1,chrUn_NW_019645565v1,chrUn_NW_019645566v1,chrUn_NW_019645567v1,chrUn_NW_019645568v1,chrUn_NW_019645569v1,chrUn_NW_019645570v1,chrUn_NW_019645571v1,chrUn_NW_019645572v1,chrUn_NW_019645573v1,chrUn_NW_019645574v1,chrUn_NW_019645575v1,chrUn_NW_019645576v1,chrUn_NW_019645577v1,chrUn_NW_019645578v1,chrUn_NW_019645579v1,chrUn_NW_019645580v1,chrUn_NW_019645581v1,chrUn_NW_019645582v1,chrUn_NW_019645583v1,chrUn_NW_019645584v1,chrUn_NW_019645585v1,chrUn_NW_019645586v1,chrUn_NW_019645587v1,chrUn_NW_019645588v1,chrUn_NW_019645589v1,chrUn_NW_019645590v1,chrUn_NW_019645591v1,chrUn_NW_019645592v1,chrUn_NW_019645593v1,chrUn_NW_019645594v1,chrUn_NW_019645595v1,chrUn_NW_019645596v1,chrUn_NW_019645597v1,chrUn_NW_019645598v1,chrUn_NW_019645599v1,chrUn_NW_019645600v1,chrUn_NW_019645601v1,chrUn_NW_019645602v1,chrUn_NW_019645603v1,chrUn_NW_019645604v1,chrUn_NW_019645605v1,chrUn_NW_019645606v1,chrUn_NW_019645607v1,chrUn_NW_019645608v1,chrUn_NW_019645609v1,chrUn_NW_019645610v1,chrUn_NW_019645611v1,chrUn_NW_019645612v1,chrUn_NW_019645613v1,chrUn_NW_019645614v1,chrUn_NW_019645615v1,chrUn_NW_019645616v1,chrUn_NW_019645617v1,chrUn_NW_019645618v1,chrUn_NW_019645619v1,chrUn_NW_019645620v1,chrUn_NW_019645621v1,chrUn_NW_019645622v1,chrUn_NW_019645623v1,chrUn_NW_019645624v1,chrUn_NW_019645625v1,chrUn_NW_019645626v1,chrUn_NW_019645627v1,chrUn_NW_019645628v1,chrUn_NW_019645629v1,chrUn_NW_019645630v1,chrUn_NW_019645631v1,chrUn_NW_019645632v1,chrUn_NW_019645633v1,chrUn_NW_019645634v1,chrUn_NW_019645635v1,chrUn_NW_019645636v1,chrUn_NW_019645637v1,chrUn_NW_019645638v1,chrUn_NW_019645639v1,chrUn_NW_019645640v1,chrUn_NW_019645641v1,chrUn_NW_019645642v1,chrUn_NW_019645643v1,chrUn_NW_019645644v1,chrUn_NW_019645645v1,chrUn_NW_019645646v1,chrUn_NW_019645647v1,chrUn_NW_019645648v1,chrUn_NW_019645649v1,chrUn_NW_019645650v1,chrUn_NW_019645651v1,chrUn_NW_019645652v1,chrUn_NW_019645653v1,chrUn_NW_019645654v1,chrUn_NW_019645655v1,chrUn_NW_019645656v1,chrUn_NW_019645657v1,chrUn_NW_019645658v1,chrUn_NW_019645659v1,chrUn_NW_019645660v1,chrUn_NW_019645661v1,chrUn_NW_019645662v1,chrUn_NW_019645663v1,chrUn_NW_019645664v1,chrUn_NW_019645665v1,chrUn_NW_019645666v1,chrUn_NW_019645667v1,chrUn_NW_019645668v1,chrUn_NW_019645669v1,chrUn_NW_019645670v1,chrUn_NW_019645671v1,chrUn_NW_019645672v1,chrUn_NW_019645673v1,chrUn_NW_019645674v1,chrUn_NW_019645675v1,chrUn_NW_019645676v1,chrUn_NW_019645677v1,chrUn_NW_019645678v1,chrUn_NW_019645679v1,chrUn_NW_019645680v1,chrUn_NW_019645681v1,chrUn_NW_019645682v1,chrUn_NW_019645683v1,chrUn_NW_019645684v1,chrUn_NW_019645685v1,chrUn_NW_019645686v1,chrUn_NW_019645687v1,chrUn_NW_019645688v1,chrUn_NW_019645689v1,chrUn_NW_019645690v1,chrUn_NW_019645691v1,chrUn_NW_019645692v1,chrUn_NW_019645693v1,chrUn_NW_019645694v1,chrUn_NW_019645695v1,chrUn_NW_019645696v1,chrUn_NW_019645697v1,chrUn_NW_019645698v1,chrUn_NW_019645699v1,chrUn_NW_019645700v1,chrUn_NW_019645701v1,chrUn_NW_019645702v1,chrUn_NW_019645703v1,chrUn_NW_019645704v1,chrUn_NW_019645705v1,chrUn_NW_019645706v1,chrUn_NW_019645707v1,chrUn_NW_019645708v1,chrUn_NW_019645709v1,chrUn_NW_019645710v1,chrUn_NW_019645711v1,chrUn_NW_019645712v1,chrUn_NW_019645713v1,chrUn_NW_019645714v1,chrUn_NW_019645715v1,chrUn_NW_019645716v1,chrUn_NW_019645717v1,chrUn_NW_019645718v1,chrUn_NW_019645719v1,chrUn_NW_019645720v1,chrUn_NW_019645721v1,chrUn_NW_019645722v1,chrUn_NW_019645723v1,chrUn_NW_019645724v1,chrUn_NW_019645725v1,chrUn_NW_019645726v1,chrUn_NW_019645727v1,chrUn_NW_019645728v1,chrUn_NW_019645729v1,chrUn_NW_019645730v1,chrUn_NW_019645731v1,chrUn_NW_019645732v1,chrUn_NW_019645733v1,chrUn_NW_019645734v1,chrUn_NW_019645735v1,chrUn_NW_019645736v1,chrUn_NW_019645737v1,chrUn_NW_019645738v1,chrUn_NW_019645739v1,chrUn_NW_019645740v1,chrUn_NW_019645741v1,chrUn_NW_019645742v1,chrUn_NW_019645743v1,chrUn_NW_019645744v1,chrUn_NW_019645745v1,chrUn_NW_019645746v1,chrUn_NW_019645747v1,chrUn_NW_019645748v1,chrUn_NW_019645749v1,chrUn_NW_019645750v1,chrUn_NW_019645751v1,chrUn_NW_019645752v1,chrUn_NW_019645753v1,chrUn_NW_019645754v1,chrUn_NW_019645755v1,chrUn_NW_019645756v1,chrUn_NW_019645757v1,chrUn_NW_019645758v1,chrUn_NW_019645759v1,chrUn_NW_019645760v1,chrUn_NW_019645761v1,chrUn_NW_019645762v1,chrUn_NW_019645763v1,chrUn_NW_019645764v1,chrUn_NW_019645765v1,chrUn_NW_019645766v1,chrUn_NW_019645767v1,chrUn_NW_019645768v1,chrUn_NW_019645769v1,chrUn_NW_019645770v1,chrUn_NW_019645771v1,chrUn_NW_019645772v1,chrUn_NW_019645773v1,chrUn_NW_019645774v1,chrUn_NW_019645775v1,chrUn_NW_019645776v1,chrUn_NW_019645777v1,chrUn_NW_019645778v1,chrUn_NW_019645779v1,chrUn_NW_019645780v1,chrUn_NW_019645781v1,chrUn_NW_019645782v1,chrUn_NW_019645783v1,chrUn_NW_019645784v1,chrUn_NW_019645785v1,chrUn_NW_019645786v1,chrUn_NW_019645787v1,chrUn_NW_019645788v1,chrUn_NW_019645789v1,chrUn_NW_019645790v1,chrUn_NW_019645791v1,chrUn_NW_019645792v1,chrUn_NW_019645793v1,chrUn_NW_019645794v1,chrUn_NW_019645795v1,chrUn_NW_019645796v1,chrUn_NW_019645797v1,chrUn_NW_019645798v1,chrUn_NW_019645799v1,chrUn_NW_019645800v1,chrUn_NW_019645801v1,chrUn_NW_019645802v1,chrUn_NW_019645803v1,chrUn_NW_019645804v1,chrUn_NW_019645805v1,chrUn_NW_019645806v1,chrUn_NW_019645807v1,chrUn_NW_019645808v1,chrUn_NW_019645809v1,chrUn_NW_019645810v1,chrUn_NW_019645811v1,chrUn_NW_019645812v1,chrUn_NW_019645813v1,chrUn_NW_019645814v1,chrUn_NW_019645815v1,chrUn_NW_019645816v1,chrUn_NW_019645817v1,chrUn_NW_019645818v1,chrUn_NW_019645819v1,chrUn_NW_019645820v1,chrUn_NW_019645821v1,chrUn_NW_019645822v1,chrUn_NW_019645823v1,chrUn_NW_019645824v1,chrUn_NW_019645825v1,chrUn_NW_019645826v1,chrUn_NW_019645827v1,chrUn_NW_019645828v1,chrUn_NW_019645829v1,chrUn_NW_019645830v1,chrUn_NW_019645831v1,chrUn_NW_019645832v1,chrUn_NW_019645833v1,chrUn_NW_019645834v1,chrUn_NW_019645835v1,chrUn_NW_019645836v1,chrUn_NW_019645837v1,chrUn_NW_019645838v1,chrUn_NW_019645839v1,chrUn_NW_019645840v1,chrUn_NW_019645841v1,chrUn_NW_019645842v1,chrUn_NW_019645843v1,chrUn_NW_019645844v1,chrUn_NW_019645845v1,chrUn_NW_019645846v1,chrUn_NW_019645847v1,chrUn_NW_019645848v1,chrUn_NW_019645849v1,chrUn_NW_019645850v1,chrUn_NW_019645851v1,chrUn_NW_019645852v1,chrUn_NW_019645853v1,chrUn_NW_019645854v1,chrUn_NW_019645855v1,chrUn_NW_019645856v1,chrUn_NW_019645857v1,chrUn_NW_019645858v1,chrUn_NW_019645859v1,chrUn_NW_019645860v1,chrUn_NW_019645861v1,chrUn_NW_019645862v1,chrUn_NW_019645863v1,chrUn_NW_019645864v1,chrUn_NW_019645865v1,chrUn_NW_019645866v1,chrUn_NW_019645867v1,chrUn_NW_019645868v1,chrUn_NW_019645869v1,chrUn_NW_019645870v1,chrUn_NW_019645871v1,chrUn_NW_019645872v1,chrUn_NW_019645873v1,chrUn_NW_019645874v1,chrUn_NW_019645875v1,chrUn_NW_019645876v1,chrUn_NW_019645877v1,chrUn_NW_019645878v1,chrUn_NW_019645879v1,chrUn_NW_019645880v1,chrUn_NW_019645881v1,chrUn_NW_019645882v1,chrUn_NW_019645883v1,chrUn_NW_019645884v1,chrUn_NW_019645885v1,chrUn_NW_019645886v1,chrUn_NW_019645887v1,chrUn_NW_019645888v1,chrUn_NW_019645889v1,chrUn_NW_019645890v1,chrUn_NW_019645891v1,chrUn_NW_019645892v1,chrUn_NW_019645893v1,chrUn_NW_019645894v1,chrUn_NW_019645895v1,chrUn_NW_019645896v1,chrUn_NW_019645897v1,chrUn_NW_019645898v1,chrUn_NW_019645899v1,chrUn_NW_019645900v1,chrUn_NW_019645901v1,chrUn_NW_019645902v1,chrUn_NW_019645903v1,chrUn_NW_019645904v1,chrUn_NW_019645905v1,chrUn_NW_019645906v1,chrUn_NW_019645907v1,chrUn_NW_019645908v1,chrUn_NW_019645909v1,chrUn_NW_019645910v1,chrUn_NW_019645911v1,chrUn_NW_019645912v1,chrUn_NW_019645913v1,chrUn_NW_019645914v1,chrUn_NW_019645915v1,chrUn_NW_019645916v1,chrUn_NW_019645917v1,chrUn_NW_019645918v1,chrUn_NW_019645919v1,chrUn_NW_019645920v1,chrUn_NW_019645921v1,chrUn_NW_019645922v1,chrUn_NW_019645923v1,chrUn_NW_019645924v1,chrUn_NW_019645925v1,chrUn_NW_019645926v1,chrUn_NW_019645927v1,chrUn_NW_019645928v1,chrUn_NW_019645929v1,chrUn_NW_019645930v1,chrUn_NW_019645931v1,chrUn_NW_019645932v1,chrUn_NW_019645933v1,chrUn_NW_019645934v1,chrUn_NW_019645935v1,chrUn_NW_019645936v1,chrUn_NW_019645937v1,chrUn_NW_019645938v1,chrUn_NW_019645939v1,chrUn_NW_019645940v1,chrUn_NW_019645941v1,chrUn_NW_019645942v1,chrUn_NW_019645943v1,chrUn_NW_019645944v1,chrUn_NW_019645945v1,chrUn_NW_019645946v1,chrUn_NW_019645947v1,chrUn_NW_019645948v1,chrUn_NW_019645949v1,chrUn_NW_019645950v1,chrUn_NW_019645951v1,chrUn_NW_019645952v1,chrUn_NW_019645953v1,chrUn_NW_019645954v1,chrUn_NW_019645955v1,chrUn_NW_019645956v1,chrUn_NW_019645957v1,chrUn_NW_019645958v1,chrUn_NW_019645959v1,chrUn_NW_019645960v1,chrUn_NW_019645961v1,chrUn_NW_019645962v1,chrUn_NW_019645963v1,chrUn_NW_019645964v1,chrUn_NW_019645965v1,chrUn_NW_019645966v1,chrUn_NW_019645967v1,chrUn_NW_019645968v1,chrUn_NW_019645969v1,chrUn_NW_019645970v1,chrUn_NW_019645971v1,chrUn_NW_019645972v1,chrUn_NW_019645973v1,chrUn_NW_019645974v1,chrUn_NW_019645975v1,chrUn_NW_019645976v1,chrUn_NW_019645977v1,chrUn_NW_019645978v1,chrUn_NW_019645979v1,chrUn_NW_019645980v1,chrUn_NW_019645981v1,chrUn_NW_019645982v1,chrUn_NW_019645983v1,chrUn_NW_019645984v1,chrUn_NW_019645985v1,chrUn_NW_019645986v1,chrUn_NW_019645987v1,chrUn_NW_019645988v1,chrUn_NW_019645989v1,chrUn_NW_019645990v1,chrUn_NW_019645991v1,chrUn_NW_019645992v1,chrUn_NW_019645993v1,chrUn_NW_019645994v1,chrUn_NW_019645995v1,chrUn_NW_019645996v1,chrUn_NW_019645997v1,chrUn_NW_019645998v1,chrUn_NW_019645999v1,chrUn_NW_019646000v1,chrUn_NW_019646001v1,chrUn_NW_019646002v1,chrUn_NW_019646003v1,chrUn_NW_019646004v1,chrUn_NW_019646005v1,chrUn_NW_019646006v1,chrUn_NW_019646007v1,chrUn_NW_019646008v1,chrUn_NW_019646009v1,chrUn_NW_019646010v1,chrUn_NW_019646011v1,chrUn_NW_019646012v1,chrUn_NW_019646013v1,chrUn_NW_019646014v1,chrUn_NW_019646015v1,chrUn_NW_019646016v1,chrUn_NW_019646017v1,chrUn_NW_019646018v1,chrUn_NW_019646019v1,chrUn_NW_019646020v1,chrUn_NW_019646021v1,chrUn_NW_019646022v1,chrUn_NW_019646023v1,chrUn_NW_019646024v1,chrUn_NW_019646025v1,chrUn_NW_019646026v1,chrUn_NW_019646027v1,chrUn_NW_019646028v1,chrUn_NW_019646029v1,chrUn_NW_019646030v1,chrUn_NW_019646031v1,chrUn_NW_019646032v1,chrUn_NW_019646033v1,chrUn_NW_019646034v1,chrUn_NW_019646035v1,chrUn_NW_019646036v1,chrUn_NW_019646037v1,chrUn_NW_019646038v1,chrUn_NW_019646039v1,chrUn_NW_019646040v1,chrUn_NW_019646041v1,chrUn_NW_019646042v1,chrUn_NW_019646043v1,chrUn_NW_019646044v1,chrUn_NW_019646045v1,chrUn_NW_019646046v1,chrUn_NW_019646047v1,chrUn_NW_019646048v1,chrUn_NW_019646049v1,chrUn_NW_019646050v1,chrUn_NW_019646051v1,chrUn_NW_019646052v1,chrUn_NW_019646053v1,chrUn_NW_019646054v1,chrUn_NW_019646055v1,chrUn_NW_019646056v1,chrUn_NW_019646057v1,chrUn_NW_019646058v1,chrUn_NW_019646059v1,chrUn_NW_019646060v1,chrUn_NW_019646061v1,chrUn_NW_019646062v1,chrUn_NW_019646063v1,chrUn_NW_019646064v1,chrUn_NW_019646065v1,chrUn_NW_019646066v1,chrUn_NW_019646067v1,chrUn_NW_019646068v1,chrUn_NW_019646069v1,chrUn_NW_019646070v1,chrUn_NW_019646071v1,chrUn_NW_019646072v1,chrUn_NW_019646073v1,chrUn_NW_019646074v1,chrUn_NW_019646075v1,chrUn_NW_019646076v1,chrUn_NW_019646077v1,chrUn_NW_019646078v1,chrUn_NW_019646079v1,chrUn_NW_019646080v1,chrUn_NW_019646081v1,chrUn_NW_019646082v1,chrUn_NW_019646083v1,chrUn_NW_019646084v1,chrUn_NW_019646085v1,chrUn_NW_019646086v1,chrUn_NW_019646087v1,chrUn_NW_019646088v1,chrUn_NW_019646089v1,chrUn_NW_019646090v1,chrUn_NW_019646091v1,chrUn_NW_019646092v1,chrUn_NW_019646093v1,chrUn_NW_019646094v1,chrUn_NW_019646095v1,chrUn_NW_019646096v1,chrUn_NW_019646097v1,chrUn_NW_019646098v1,chrUn_NW_019646099v1,chrUn_NW_019646100v1,chrUn_NW_019646101v1,chrUn_NW_019646102v1,chrUn_NW_019646103v1,chrUn_NW_019646104v1,chrUn_NW_019646105v1,chrUn_NW_019646106v1,chrUn_NW_019646107v1,chrUn_NW_019646108v1,chrUn_NW_019646109v1,chrUn_NW_019646110v1,chrUn_NW_019646111v1,chrUn_NW_019646112v1,chrUn_NW_019646113v1,chrUn_NW_019646114v1,chrUn_NW_019646115v1,chrUn_NW_019646116v1,chrUn_NW_019646117v1,chrUn_NW_019646118v1,chrUn_NW_019646119v1,chrUn_NW_019646120v1,chrUn_NW_019646121v1,chrUn_NW_019646122v1,chrUn_NW_019646123v1,chrUn_NW_019646124v1,chrUn_NW_019646125v1,chrUn_NW_019646126v1,chrUn_NW_019646127v1,chrUn_NW_019646128v1,chrUn_NW_019646129v1,chrUn_NW_019646130v1,chrUn_NW_019646131v1,chrUn_NW_019646132v1,chrUn_NW_019646133v1,chrUn_NW_019646134v1,chrUn_NW_019646135v1,chrUn_NW_019646136v1,chrUn_NW_019646137v1,chrUn_NW_019646138v1,chrUn_NW_019646139v1,chrUn_NW_019646140v1,chrUn_NW_019646141v1,chrUn_NW_019646142v1,chrUn_NW_019646143v1,chrUn_NW_019646144v1,chrUn_NW_019646145v1,chrUn_NW_019646146v1,chrUn_NW_019646147v1,chrUn_NW_019646148v1,chrUn_NW_019646149v1,chrUn_NW_019646150v1,chrUn_NW_019646151v1,chrUn_NW_019646152v1,chrUn_NW_019646153v1,chrUn_NW_019646154v1,chrUn_NW_019646155v1,chrUn_NW_019646156v1,chrUn_NW_019646157v1,chrUn_NW_019646158v1,chrUn_NW_019646159v1,chrUn_NW_019646160v1,chrUn_NW_019646161v1,chrUn_NW_019646162v1,chrUn_NW_019646163v1,chrUn_NW_019646164v1,chrUn_NW_019646165v1,chrUn_NW_019646166v1,chrUn_NW_019646167v1,chrUn_NW_019646168v1,chrUn_NW_019646169v1,chrUn_NW_019646170v1,chrUn_NW_019646171v1,chrUn_NW_019646172v1,chrUn_NW_019646173v1,chrUn_NW_019646174v1,chrUn_NW_019646175v1,chrUn_NW_019646176v1,chrUn_NW_019646177v1,chrUn_NW_019646178v1,chrUn_NW_019646179v1,chrUn_NW_019646180v1,chrUn_NW_019646181v1,chrUn_NW_019646182v1,chrUn_NW_019646183v1,chrUn_NW_019646184v1,chrUn_NW_019646185v1,chrUn_NW_019646186v1,chrUn_NW_019646187v1,chrUn_NW_019646188v1,chrUn_NW_019646189v1,chrUn_NW_019646190v1,chrUn_NW_019646191v1,chrUn_NW_019646192v1,chrUn_NW_019646193v1,chrUn_NW_019646194v1,chrUn_NW_019646195v1,chrUn_NW_019646196v1,chrUn_NW_019646197v1,chrUn_NW_019646198v1,chrUn_NW_019646199v1,chrUn_NW_019646200v1,chrUn_NW_019646201v1,chrUn_NW_019646202v1,chrUn_NW_019646203v1,chrUn_NW_019646204v1,chrUn_NW_019646205v1,chrUn_NW_019646206v1,chrUn_NW_019646207v1,chrUn_NW_019646208v1,chrUn_NW_019646209v1,chrUn_NW_019646210v1,chrUn_NW_019646211v1,chrUn_NW_019646212v1,chrUn_NW_019646213v1,chrUn_NW_019646214v1,chrUn_NW_019646215v1,chrUn_NW_019646216v1,chrUn_NW_019646217v1,chrUn_NW_019646218v1,chrUn_NW_019646219v1,chrUn_NW_019646220v1,chrUn_NW_019646221v1,chrUn_NW_019646222v1,chrUn_NW_019646223v1,chrUn_NW_019646224v1,chrUn_NW_019646225v1,chrUn_NW_019646226v1,chrUn_NW_019646227v1,chrUn_NW_019646228v1,chrUn_NW_019646229v1,chrUn_NW_019646230v1,chrUn_NW_019646231v1,chrUn_NW_019646232v1,chrUn_NW_019646233v1,chrUn_NW_019646234v1,chrUn_NW_019646235v1,chrUn_NW_019646236v1,chrUn_NW_019646237v1,chrUn_NW_019646238v1,chrUn_NW_019646239v1,chrUn_NW_019646240v1,chrUn_NW_019646241v1,chrUn_NW_019646242v1,chrUn_NW_019646243v1,chrUn_NW_019646244v1,chrUn_NW_019646245v1,chrUn_NW_019646246v1,chrUn_NW_019646247v1,chrUn_NW_019646248v1,chrUn_NW_019646249v1,chrUn_NW_019646250v1,chrUn_NW_019646251v1,chrUn_NW_019646252v1,chrUn_NW_019646253v1,chrUn_NW_019646254v1,chrUn_NW_019646255v1,chrUn_NW_019646256v1,chrUn_NW_019646257v1,chrUn_NW_019646258v1,chrUn_NW_019646259v1,chrUn_NW_019646260v1,chrUn_NW_019646261v1,chrUn_NW_019646262v1,chrUn_NW_019646263v1,chrUn_NW_019646264v1,chrUn_NW_019646265v1,chrUn_NW_019646266v1,chrUn_NW_019646267v1,chrUn_NW_019646268v1,chrUn_NW_019646269v1,chrUn_NW_019646270v1,chrUn_NW_019646271v1,chrUn_NW_019646272v1,chrUn_NW_019646273v1,chrUn_NW_019646274v1,chrUn_NW_019646275v1,chrUn_NW_019646276v1,chrUn_NW_019646277v1,chrUn_NW_019646278v1,chrUn_NW_019646279v1,chrUn_NW_019646280v1,chrUn_NW_019646281v1,chrUn_NW_019646282v1,chrUn_NW_019646283v1,chrUn_NW_019646284v1,chrUn_NW_019646285v1,chrUn_NW_019646286v1,chrUn_NW_019646287v1,chrUn_NW_019646288v1,chrUn_NW_019646289v1,chrUn_NW_019646290v1,chrUn_NW_019646291v1,chrUn_NW_019646292v1,chrUn_NW_019646293v1,chrUn_NW_019646294v1,chrUn_NW_019646295v1,chrUn_NW_019646296v1,chrUn_NW_019646297v1,chrUn_NW_019646298v1,chrUn_NW_019646299v1,chrUn_NW_019646300v1,chrUn_NW_019646301v1,chrUn_NW_019646302v1,chrUn_NW_019646303v1,chrUn_NW_019646304v1,chrUn_NW_019646305v1,chrUn_NW_019646306v1,chrUn_NW_019646307v1,chrUn_NW_019646308v1,chrUn_NW_019646309v1,chrUn_NW_019646310v1,chrUn_NW_019646311v1,chrUn_NW_019646312v1,chrUn_NW_019646313v1,chrUn_NW_019646314v1,chrUn_NW_019646315v1,chrUn_NW_019646316v1,chrUn_NW_019646317v1,chrUn_NW_019646318v1,chrUn_NW_019646319v1,chrUn_NW_019646320v1,chrUn_NW_019646321v1,chrUn_NW_019646322v1,chrUn_NW_019646323v1,chrUn_NW_019646324v1,chrUn_NW_019646325v1,chrUn_NW_019646326v1,chrUn_NW_019646327v1,chrUn_NW_019646328v1,chrUn_NW_019646329v1,chrUn_NW_019646330v1,chrUn_NW_019646331v1,chrUn_NW_019646332v1,chrUn_NW_019646333v1,chrUn_NW_019646334v1,chrUn_NW_019646335v1,chrUn_NW_019646336v1,chrUn_NW_019646337v1,chrUn_NW_019646338v1,chrUn_NW_019646339v1,chrUn_NW_019646340v1,chrUn_NW_019646341v1,chrUn_NW_019646342v1,chrUn_NW_019646343v1,chrUn_NW_019646344v1,chrUn_NW_019646345v1,chrUn_NW_019646346v1,chrUn_NW_019646347v1,chrUn_NW_019646348v1,chrUn_NW_019646349v1,chrUn_NW_019646350v1,chrUn_NW_019646351v1,chrUn_NW_019646352v1,chrUn_NW_019646353v1,chrUn_NW_019646354v1,chrUn_NW_019646355v1,chrUn_NW_019646356v1,chrUn_NW_019646357v1,chrUn_NW_019646358v1,chrUn_NW_019646359v1,chrUn_NW_019646360v1,chrUn_NW_019646361v1,chrUn_NW_019646362v1,chrUn_NW_019646363v1,chrUn_NW_019646364v1,chrUn_NW_019646365v1,chrUn_NW_019646366v1,chrUn_NW_019646367v1,chrUn_NW_019646368v1,chrUn_NW_019646369v1,chrUn_NW_019646370v1,chrUn_NW_019646371v1,chrUn_NW_019646372v1,chrUn_NW_019646373v1,chrUn_NW_019646374v1,chrUn_NW_019646375v1,chrUn_NW_019646376v1,chrUn_NW_019646377v1,chrUn_NW_019646378v1,chrUn_NW_019646379v1,chrUn_NW_019646380v1,chrUn_NW_019646381v1,chrUn_NW_019646382v1,chrUn_NW_019646383v1,chrUn_NW_019646384v1,chrUn_NW_019646385v1,chrUn_NW_019646386v1,chrUn_NW_019646387v1,chrUn_NW_019646388v1,chrUn_NW_019646389v1,chrUn_NW_019646390v1,chrUn_NW_019646391v1,chrUn_NW_019646392v1,chrUn_NW_019646393v1,chrUn_NW_019646394v1,chrUn_NW_019646395v1,chrUn_NW_019646396v1,chrUn_NW_019646397v1,chrUn_NW_019646398v1,chrUn_NW_019646399v1,chrUn_NW_019646400v1,chrUn_NW_019646401v1,chrUn_NW_019646402v1,chrUn_NW_019646403v1,chrUn_NW_019646404v1,chrUn_NW_019646405v1,chrUn_NW_019646406v1,chrUn_NW_019646407v1,chrUn_NW_019646408v1,chrUn_NW_019646409v1,chrUn_NW_019646410v1,chrUn_NW_019646411v1	47826709	1	1	1	1	1	1		/srv/beegfs/scratch/shares/ds4dh/common/ab-initio-TE/software_outputs/repeatmasker_dfam/RMDFAM_SPECIES_ANIMALS_CHR_20260615/horse/chunks/horse_chunk_00033_bundle
horse	176	horse_chunk_00034_chrX	chrX	128206784	1	1	1	1	1	1		/srv/beegfs/scratch/shares/ds4dh/common/ab-initio-TE/software_outputs/repeatmasker_dfam/RMDFAM_SPECIES_ANIMALS_CHR_20260615/horse/chunks/horse_chunk_00034_chrX
western_clawed_frog	177	western_clawed_frog_chunk_00001_chr1	chr1	217471166	1	1	1	1	1	1		/srv/beegfs/scratch/shares/ds4dh/common/ab-initio-TE/software_outputs/repeatmasker_dfam/RMDFAM_SPECIES_ANIMALS_CHR_20260615/western_clawed_frog/chunks/western_clawed_frog_chunk_00001_chr1
western_clawed_frog	178	western_clawed_frog_chunk_00002_chr10	chr10	52432566	1	1	1	1	1	1		/srv/beegfs/scratch/shares/ds4dh/common/ab-initio-TE/software_outputs/repeatmasker_dfam/RMDFAM_SPECIES_ANIMALS_CHR_20260615/western_clawed_frog/chunks/western_clawed_frog_chunk_00002_chr10
western_clawed_frog	179	western_clawed_frog_chunk_00003_chr2	chr2	181034961	1	1	1	1	1	1		/srv/beegfs/scratch/shares/ds4dh/common/ab-initio-TE/software_outputs/repeatmasker_dfam/RMDFAM_SPECIES_ANIMALS_CHR_20260615/western_clawed_frog/chunks/western_clawed_frog_chunk_00003_chr2
western_clawed_frog	180	western_clawed_frog_chunk_00004_chr3	chr3	153873357	1	1	1	1	1	1		/srv/beegfs/scratch/shares/ds4dh/common/ab-initio-TE/software_outputs/repeatmasker_dfam/RMDFAM_SPECIES_ANIMALS_CHR_20260615/western_clawed_frog/chunks/western_clawed_frog_chunk_00004_chr3
western_clawed_frog	181	western_clawed_frog_chunk_00005_chr4	chr4	153961319	1	1	1	1	1	1		/srv/beegfs/scratch/shares/ds4dh/common/ab-initio-TE/software_outputs/repeatmasker_dfam/RMDFAM_SPECIES_ANIMALS_CHR_20260615/western_clawed_frog/chunks/western_clawed_frog_chunk_00005_chr4
western_clawed_frog	182	western_clawed_frog_chunk_00006_chr5	chr5	164033575	1	1	1	1	1	1		/srv/beegfs/scratch/shares/ds4dh/common/ab-initio-TE/software_outputs/repeatmasker_dfam/RMDFAM_SPECIES_ANIMALS_CHR_20260615/western_clawed_frog/chunks/western_clawed_frog_chunk_00006_chr5
western_clawed_frog	183	western_clawed_frog_chunk_00007_chr6	chr6	154486312	1	1	1	1	1	1		/srv/beegfs/scratch/shares/ds4dh/common/ab-initio-TE/software_outputs/repeatmasker_dfam/RMDFAM_SPECIES_ANIMALS_CHR_20260615/western_clawed_frog/chunks/western_clawed_frog_chunk_00007_chr6
western_clawed_frog	184	western_clawed_frog_chunk_00008_chr7	chr7	133565930	1	1	1	1	1	1		/srv/beegfs/scratch/shares/ds4dh/common/ab-initio-TE/software_outputs/repeatmasker_dfam/RMDFAM_SPECIES_ANIMALS_CHR_20260615/western_clawed_frog/chunks/western_clawed_frog_chunk_00008_chr7
western_clawed_frog	185	western_clawed_frog_chunk_00009_chr8	chr8	147241510	1	1	1	1	1	1		/srv/beegfs/scratch/shares/ds4dh/common/ab-initio-TE/software_outputs/repeatmasker_dfam/RMDFAM_SPECIES_ANIMALS_CHR_20260615/western_clawed_frog/chunks/western_clawed_frog_chunk_00009_chr8
western_clawed_frog	186	western_clawed_frog_chunk_00010_chr9	chr9	91218944	1	1	1	1	1	1		/srv/beegfs/scratch/shares/ds4dh/common/ab-initio-TE/software_outputs/repeatmasker_dfam/RMDFAM_SPECIES_ANIMALS_CHR_20260615/western_clawed_frog/chunks/western_clawed_frog_chunk_00010_chr9
western_clawed_frog	187	western_clawed_frog_chunk_00011_bundle	chrM,chrUn_NW_022279347v1,chrUn_NW_022279348v1,chrUn_NW_022279349v1,chrUn_NW_022279350v1,chrUn_NW_022279351v1,chrUn_NW_022279352v1,chrUn_NW_022279353v1,chrUn_NW_022279354v1,chrUn_NW_022279355v1,chrUn_NW_022279356v1,chrUn_NW_022279357v1,chrUn_NW_022279358v1,chrUn_NW_022279359v1,chrUn_NW_022279360v1,chrUn_NW_022279361v1,chrUn_NW_022279362v1,chrUn_NW_022279363v1,chrUn_NW_022279364v1,chrUn_NW_022279365v1,chrUn_NW_022279366v1,chrUn_NW_022279367v1,chrUn_NW_022279368v1,chrUn_NW_022279369v1,chrUn_NW_022279370v1,chrUn_NW_022279371v1,chrUn_NW_022279372v1,chrUn_NW_022279373v1,chrUn_NW_022279374v1,chrUn_NW_022279375v1,chrUn_NW_022279376v1,chrUn_NW_022279377v1,chrUn_NW_022279378v1,chrUn_NW_022279379v1,chrUn_NW_022279380v1,chrUn_NW_022279381v1,chrUn_NW_022279382v1,chrUn_NW_022279383v1,chrUn_NW_022279384v1,chrUn_NW_022279385v1,chrUn_NW_022279386v1,chrUn_NW_022279387v1,chrUn_NW_022279388v1,chrUn_NW_022279389v1,chrUn_NW_022279390v1,chrUn_NW_022279391v1,chrUn_NW_022279392v1,chrUn_NW_022279393v1,chrUn_NW_022279394v1,chrUn_NW_022279395v1,chrUn_NW_022279396v1,chrUn_NW_022279397v1,chrUn_NW_022279398v1,chrUn_NW_022279399v1,chrUn_NW_022279400v1,chrUn_NW_022279401v1,chrUn_NW_022279402v1,chrUn_NW_022279403v1,chrUn_NW_022279404v1,chrUn_NW_022279405v1,chrUn_NW_022279406v1,chrUn_NW_022279407v1,chrUn_NW_022279408v1,chrUn_NW_022279409v1,chrUn_NW_022279410v1,chrUn_NW_022279411v1,chrUn_NW_022279412v1,chrUn_NW_022279413v1,chrUn_NW_022279414v1,chrUn_NW_022279415v1,chrUn_NW_022279416v1,chrUn_NW_022279417v1,chrUn_NW_022279418v1,chrUn_NW_022279419v1,chrUn_NW_022279420v1,chrUn_NW_022279421v1,chrUn_NW_022279422v1,chrUn_NW_022279423v1,chrUn_NW_022279424v1,chrUn_NW_022279425v1,chrUn_NW_022279426v1,chrUn_NW_022279427v1,chrUn_NW_022279428v1,chrUn_NW_022279429v1,chrUn_NW_022279430v1,chrUn_NW_022279431v1,chrUn_NW_022279432v1,chrUn_NW_022279433v1,chrUn_NW_022279434v1,chrUn_NW_022279435v1,chrUn_NW_022279436v1,chrUn_NW_022279437v1,chrUn_NW_022279438v1,chrUn_NW_022279439v1,chrUn_NW_022279440v1,chrUn_NW_022279441v1,chrUn_NW_022279442v1,chrUn_NW_022279443v1,chrUn_NW_022279444v1,chrUn_NW_022279445v1,chrUn_NW_022279446v1,chrUn_NW_022279447v1,chrUn_NW_022279448v1,chrUn_NW_022279449v1,chrUn_NW_022279450v1,chrUn_NW_022279451v1,chrUn_NW_022279452v1,chrUn_NW_022279453v1,chrUn_NW_022279454v1,chrUn_NW_022279455v1,chrUn_NW_022279456v1,chrUn_NW_022279457v1,chrUn_NW_022279458v1,chrUn_NW_022279459v1,chrUn_NW_022279460v1,chrUn_NW_022279461v1,chrUn_NW_022279462v1,chrUn_NW_022279463v1,chrUn_NW_022279464v1,chrUn_NW_022279465v1,chrUn_NW_022279466v1,chrUn_NW_022279467v1,chrUn_NW_022279468v1,chrUn_NW_022279469v1,chrUn_NW_022279470v1,chrUn_NW_022279471v1,chrUn_NW_022279472v1,chrUn_NW_022279473v1,chrUn_NW_022279474v1,chrUn_NW_022279475v1,chrUn_NW_022279476v1,chrUn_NW_022279477v1,chrUn_NW_022279478v1,chrUn_NW_022279479v1,chrUn_NW_022279480v1,chrUn_NW_022279481v1,chrUn_NW_022279482v1,chrUn_NW_022279483v1,chrUn_NW_022279484v1,chrUn_NW_022279485v1,chrUn_NW_022279486v1,chrUn_NW_022279487v1,chrUn_NW_022279488v1,chrUn_NW_022279489v1,chrUn_NW_022279490v1,chrUn_NW_022279491v1,chrUn_NW_022279492v1,chrUn_NW_022279493v1,chrUn_NW_022279494v1,chrUn_NW_022279495v1,chrUn_NW_022279496v1,chrUn_NW_022279497v1,chrUn_NW_022279498v1,chrUn_NW_022279499v1,chrUn_NW_022279500v1,chrUn_NW_022279501v1,chrUn_NW_022279502v1	1981569	1	1	1	1	1	1		/srv/beegfs/scratch/shares/ds4dh/common/ab-initio-TE/software_outputs/repeatmasker_dfam/RMDFAM_SPECIES_ANIMALS_CHR_20260615/western_clawed_frog/chunks/western_clawed_frog_chunk_00011_bundle
western_honey_bee	188	western_honey_bee_chunk_00001_bundle	Group1,Group2	39666806	1	1	1	1	1	1		/srv/beegfs/scratch/shares/ds4dh/common/ab-initio-TE/software_outputs/repeatmasker_dfam/RMDFAM_SPECIES_ANIMALS_CHR_20260615/western_honey_bee/chunks/western_honey_bee_chunk_00001_bundle
western_honey_bee	189	western_honey_bee_chunk_00002_bundle	Group3,Group4,Group5,Group6	49960398	1	1	1	1	1	1		/srv/beegfs/scratch/shares/ds4dh/common/ab-initio-TE/software_outputs/repeatmasker_dfam/RMDFAM_SPECIES_ANIMALS_CHR_20260615/western_honey_bee/chunks/western_honey_bee_chunk_00002_bundle
western_honey_bee	190	western_honey_bee_chunk_00003_bundle	Group7,Group8,Group9,Group10	40547766	1	1	1	1	1	1		/srv/beegfs/scratch/shares/ds4dh/common/ab-initio-TE/software_outputs/repeatmasker_dfam/RMDFAM_SPECIES_ANIMALS_CHR_20260615/western_honey_bee/chunks/western_honey_bee_chunk_00003_bundle
western_honey_bee	191	western_honey_bee_chunk_00004_bundle	Group11,Group12,Group13,Group14,Group15	45569854	1	1	1	1	1	1		/srv/beegfs/scratch/shares/ds4dh/common/ab-initio-TE/software_outputs/repeatmasker_dfam/RMDFAM_SPECIES_ANIMALS_CHR_20260615/western_honey_bee/chunks/western_honey_bee_chunk_00004_bundle
western_honey_bee	192	western_honey_bee_chunk_00005_bundle	Group16	5608962	1	1	1	1	1	1		/srv/beegfs/scratch/shares/ds4dh/common/ab-initio-TE/software_outputs/repeatmasker_dfam/RMDFAM_SPECIES_ANIMALS_CHR_20260615/western_honey_bee/chunks/western_honey_bee_chunk_00005_bundle
western_honey_bee	193	western_honey_bee_chunk_00006_GroupUn	GroupUn	321143811	1	1	1	1	1	1		/srv/beegfs/scratch/shares/ds4dh/common/ab-initio-TE/software_outputs/repeatmasker_dfam/RMDFAM_SPECIES_ANIMALS_CHR_20260615/western_honey_bee/chunks/western_honey_bee_chunk_00006_GroupUn
red_flour_beetle	194	red_flour_beetle_chunk_00001_bundle	singleUn_100,singleUn_101,singleUn_102,singleUn_103,singleUn_104,singleUn_105,singleUn_106,singleUn_107,singleUn_108,singleUn_110,singleUn_109,singleUn_111,singleUn_112,singleUn_113,singleUn_114,singleUn_115,singleUn_116,singleUn_117,singleUn_118,singleUn_120,singleUn_119,singleUn_121,singleUn_122,singleUn_123,singleUn_124,singleUn_125,singleUn_126,singleUn_127,singleUn_128,singleUn_130,singleUn_129,singleUn_131,singleUn_132,singleUn_133,singleUn_134,singleUn_135,singleUn_136,singleUn_137,singleUn_138,singleUn_140,singleUn_139,singleUn_141,singleUn_142,singleUn_143,singleUn_144,singleUn_145,singleUn_146,singleUn_147,singleUn_148,singleUn_150,singleUn_149,singleUn_151,singleUn_152,singleUn_153,singleUn_154,singleUn_155,singleUn_156,singleUn_157,singleUn_158,singleUn_160,singleUn_159,singleUn_161,singleUn_162,singleUn_163,singleUn_164,singleUn_165,singleUn_166,singleUn_167,singleUn_168,singleUn_170,singleUn_169,singleUn_171,singleUn_172,singleUn_173,singleUn_174,singleUn_175,singleUn_176,singleUn_177,singleUn_178,singleUn_180,singleUn_179,singleUn_181,singleUn_182,singleUn_183,singleUn_184,singleUn_185,singleUn_186,singleUn_187,singleUn_188,singleUn_200,singleUn_190,singleUn_189,singleUn_201,singleUn_191,singleUn_202,singleUn_192,singleUn_203,singleUn_193,singleUn_204,singleUn_194,singleUn_205,singleUn_195,singleUn_206,singleUn_196,singleUn_207,singleUn_197,singleUn_208,singleUn_198,singleUn_210,singleUn_209,singleUn_199,singleUn_211,singleUn_212,singleUn_213,singleUn_214,singleUn_215,singleUn_216,singleUn_217,singleUn_218,singleUn_220,singleUn_219,singleUn_221,singleUn_222,singleUn_223,singleUn_224,singleUn_225,singleUn_226,singleUn_227,singleUn_228,singleUn_230,singleUn_229,singleUn_231,singleUn_232,singleUn_233,singleUn_234,singleUn_235,singleUn_236,singleUn_237,singleUn_238,singleUn_240,singleUn_239,singleUn_241,singleUn_242,singleUn_243,singleUn_244,singleUn_245,singleUn_246,singleUn_247,singleUn_248,singleUn_250,singleUn_249,singleUn_251,singleUn_252,singleUn_253,singleUn_254,singleUn_255,singleUn_256,singleUn_257,singleUn_258,singleUn_260,singleUn_259,singleUn_261,singleUn_262,singleUn_263,singleUn_264,singleUn_265,singleUn_266,singleUn_267,singleUn_268,singleUn_270,singleUn_269,singleUn_271,singleUn_272,singleUn_273,singleUn_274,singleUn_275,singleUn_276,singleUn_277,singleUn_278,singleUn_280,singleUn_279,singleUn_281,singleUn_282,singleUn_283,singleUn_284,singleUn_285,singleUn_286,singleUn_287,singleUn_288,singleUn_300,singleUn_290,singleUn_289,singleUn_301,singleUn_291,singleUn_302,singleUn_292,singleUn_303,singleUn_293,singleUn_304,singleUn_294,singleUn_305,singleUn_295,singleUn_306,singleUn_296,singleUn_307,singleUn_297,singleUn_308,singleUn_298,singleUn_310,singleUn_309,singleUn_299,singleUn_311,singleUn_312,singleUn_313,singleUn_314,singleUn_315,singleUn_316,singleUn_317,singleUn_318,singleUn_320,singleUn_319,singleUn_321,singleUn_322,singleUn_323,singleUn_324,singleUn_325,singleUn_326,singleUn_327,singleUn_328,singleUn_330,singleUn_329,singleUn_331,singleUn_332,singleUn_333,singleUn_334,singleUn_335,singleUn_336,singleUn_337,singleUn_338,singleUn_340,singleUn_339,singleUn_341,singleUn_342,singleUn_343,singleUn_344,singleUn_345,singleUn_346,singleUn_347,singleUn_348,singleUn_350,singleUn_349,singleUn_351,singleUn_352,singleUn_353,singleUn_354,singleUn_355,singleUn_356,singleUn_357,singleUn_358,singleUn_360,singleUn_359,singleUn_361,singleUn_362,singleUn_363,singleUn_364,singleUn_365,singleUn_366,singleUn_367,singleUn_368,singleUn_370,singleUn_369,singleUn_371,singleUn_372,singleUn_373,singleUn_374,singleUn_375,singleUn_376,singleUn_377,singleUn_378,singleUn_380,singleUn_379,singleUn_381,singleUn_382,singleUn_383,singleUn_384,singleUn_385,singleUn_386,singleUn_387,singleUn_388,singleUn_400,singleUn_390,singleUn_389,singleUn_401,singleUn_391,singleUn_402,singleUn_392,singleUn_403,singleUn_393,singleUn_404,singleUn_394,singleUn_405,singleUn_395,singleUn_406,singleUn_396,singleUn_407,singleUn_397,singleUn_408,singleUn_398,singleUn_410,singleUn_409,singleUn_399,singleUn_411,singleUn_412,singleUn_413,singleUn_414,singleUn_415,singleUn_416,singleUn_417,singleUn_418,singleUn_420,singleUn_419,singleUn_421,singleUn_422,singleUn_423,singleUn_424,singleUn_425,singleUn_426,singleUn_427,singleUn_428,singleUn_430,singleUn_429,singleUn_431,singleUn_432,singleUn_433,singleUn_434,singleUn_435,singleUn_436,singleUn_437,singleUn_438,singleUn_440,singleUn_439,singleUn_441,singleUn_442,singleUn_443,singleUn_444,singleUn_445,singleUn_446,singleUn_447,singleUn_448,singleUn_450,singleUn_449,singleUn_451,singleUn_452,singleUn_453,singleUn_454,singleUn_455,singleUn_456,singleUn_457,singleUn_458,singleUn_460,singleUn_459,singleUn_461,singleUn_462,singleUn_463,singleUn_464,singleUn_465,singleUn_466,singleUn_467,singleUn_468,singleUn_470,singleUn_469,singleUn_471,singleUn_472,singleUn_473,singleUn_474,singleUn_475,singleUn_476,singleUn_477,singleUn_478,singleUn_480,singleUn_479,singleUn_481,singleUn_482,singleUn_483,singleUn_484,singleUn_485,singleUn_486,singleUn_487,singleUn_488,chrUn_100,singleUn_500,singleUn_490,singleUn_489,chrUn_101,singleUn_501,singleUn_491,chrUn_102,singleUn_502,singleUn_492,chrUn_103,singleUn_503,singleUn_493,chrUn_104,singleUn_504,singleUn_494,chrUn_105,singleUn_505,singleUn_495,chrUn_106,singleUn_506,singleUn_496,chrUn_107,singleUn_507,singleUn_497,chrUn_108,singleUn_508,singleUn_498,chrUn_110,chrUn_109,singleUn_510,singleUn_509,singleUn_499,chrUn_111,singleUn_511,chrUn_112,singleUn_512,chrUn_113,singleUn_513,chrUn_114,singleUn_514,chrUn_115,singleUn_515,chrUn_116,singleUn_516,chrUn_117,singleUn_517,chrUn_118,singleUn_518,chrUn_120,chrUn_119,singleUn_520,singleUn_519,chrUn_121,singleUn_521,chrUn_122,singleUn_522,chrUn_123,singleUn_523,chrUn_124,singleUn_524,chrUn_125,singleUn_525,chrUn_126,singleUn_526,chrUn_127,singleUn_527,chrUn_128,singleUn_528,chrUn_130,chrUn_129,singleUn_530,singleUn_529,chrUn_131,singleUn_531,chrUn_132,singleUn_532,chrUn_133,singleUn_533,chrUn_134,singleUn_534,chrUn_135,singleUn_535,chrUn_136,singleUn_536,chrUn_137,singleUn_537,chrUn_138,singleUn_538,chrUn_140,chrUn_139,singleUn_540,singleUn_539,chrUn_141,singleUn_541,chrUn_142,singleUn_542,chrUn_143,singleUn_543,chrUn_144,singleUn_544,chrUn_145,singleUn_545,chrUn_146,singleUn_546,chrUn_147,singleUn_547,chrUn_148,singleUn_548,chrUn_150,chrUn_149,singleUn_550,singleUn_549,chrUn_151,singleUn_551,chrUn_152,singleUn_552,chrUn_153,singleUn_553,chrUn_154,singleUn_554,chrUn_155,singleUn_555,chrUn_156,singleUn_556,chrUn_157,singleUn_557,chrUn_158,singleUn_558,chrUn_160,chrUn_159,singleUn_560,singleUn_559,chrUn_161,singleUn_561,chrUn_162,singleUn_562,chrUn_163,singleUn_563,chrUn_164,singleUn_564,chrUn_165,singleUn_565,chrUn_166,singleUn_566,chrUn_167,singleUn_567,chrUn_168,singleUn_568,chrUn_170,chrUn_169,singleUn_570,singleUn_569,chrUn_171,singleUn_571,chrUn_172,singleUn_572,chrUn_173,singleUn_573,chrUn_174,singleUn_574,chrUn_175,singleUn_575,chrUn_176,singleUn_576,chrUn_177,singleUn_577,chrUn_178,singleUn_578,chrUn_180,chrUn_179,singleUn_580,singleUn_579,chrUn_181,singleUn_581,chrUn_182,singleUn_582,chrUn_183,singleUn_583,chrUn_184,singleUn_584,chrUn_185,singleUn_585,chrUn_186,singleUn_586,chrUn_187,singleUn_587,chrUn_188,singleUn_588,chrUn_200,chrUn_190,chrUn_189,singleUn_600,singleUn_590,singleUn_589,chrUn_201,chrUn_191,singleUn_601,singleUn_591,chrUn_202,chrUn_192,singleUn_602,singleUn_592,chrUn_203,chrUn_193,singleUn_603,singleUn_593,chrUn_204,chrUn_194,singleUn_604,singleUn_594,chrUn_205,chrUn_195,singleUn_605,singleUn_595,chrUn_206,chrUn_196,singleUn_606,singleUn_596,chrUn_207,chrUn_197,singleUn_607,singleUn_597,chrUn_208,chrUn_198,singleUn_608,singleUn_598,chrUn_210,chrUn_209,chrUn_199,singleUn_610,singleUn_609,singleUn_599,chrUn_211,singleUn_611,chrUn_212,singleUn_612,chrUn_213,singleUn_613,chrUn_214,singleUn_614,chrUn_215,singleUn_615,chrUn_216,singleUn_616,chrUn_217,singleUn_617,chrUn_218,singleUn_618,chrUn_220,chrUn_219,singleUn_620,singleUn_619,chrUn_221,singleUn_621,chrUn_222,singleUn_622,chrUn_223,singleUn_623,chrUn_224,singleUn_624,chrUn_225,singleUn_625,chrUn_226,singleUn_626,chrUn_227,singleUn_627,chrUn_228,singleUn_628,chrUn_230,chrUn_229,singleUn_630,singleUn_629,chrUn_231,singleUn_631,chrUn_232,singleUn_632,chrUn_233,singleUn_633,chrUn_234,singleUn_634,chrUn_235,singleUn_635,chrUn_236,singleUn_636,chrUn_237,singleUn_637,chrUn_238,singleUn_638,chrUn_240,chrUn_239,singleUn_640,singleUn_639,chrUn_241,singleUn_641,chrUn_242,singleUn_642,chrUn_243,singleUn_643,chrUn_244,singleUn_644,chrUn_245,singleUn_645,chrUn_246,singleUn_646,chrUn_247,singleUn_647,chrUn_248,singleUn_648,chrUn_250,chrUn_249,singleUn_650,singleUn_649,chrUn_251,singleUn_651,chrUn_252,singleUn_652,chrUn_253,singleUn_653,chrUn_254,singleUn_654,chrUn_255,singleUn_655,chrUn_256,singleUn_656,chrUn_257,singleUn_657,chrUn_258,singleUn_658,chrUn_260,chrUn_259,singleUn_660,singleUn_659,chrUn_261,singleUn_661,chrUn_262,singleUn_662,chrUn_263,singleUn_663,chrUn_264,singleUn_664,chrUn_265,singleUn_665,chrUn_266,singleUn_666,chrUn_267,singleUn_667,chrUn_268,singleUn_668,chrUn_270,chrUn_269,singleUn_670,singleUn_669,chrUn_271,singleUn_671,chrUn_272,singleUn_672,chrUn_273,singleUn_673,chrUn_274,singleUn_674,chrUn_275,singleUn_675,chrUn_276,singleUn_676,chrUn_277,singleUn_677,chrUn_278,singleUn_678,chrUn_280,chrUn_279,singleUn_680,singleUn_679,chrUn_281,singleUn_681,chrUn_282,singleUn_682,chrUn_283,singleUn_683,chrUn_284,singleUn_684,chrUn_285,singleUn_685,chrUn_286,singleUn_686,chrUn_287,singleUn_687,chrUn_288,singleUn_688,chrUn_300,chrUn_290,chrUn_289,singleUn_700,singleUn_690,singleUn_689,chrUn_301,chrUn_291,singleUn_701,singleUn_691,chrUn_302,chrUn_292,singleUn_702,singleUn_692,chrUn_303,chrUn_293,singleUn_703,singleUn_693,chrUn_304,chrUn_294,singleUn_704,singleUn_694,chrUn_305,chrUn_295,singleUn_705,singleUn_695,chrUn_306,chrUn_296,singleUn_706,singleUn_696,chrUn_307,chrUn_297,singleUn_707,singleUn_697,chrUn_308,chrUn_298,singleUn_708,singleUn_698,chrUn_310,chrUn_309,chrUn_299,singleUn_710,singleUn_709,singleUn_699,chrUn_311,singleUn_711,chrUn_312,singleUn_712,chrUn_313,singleUn_713,chrUn_314,singleUn_714,chrUn_315,singleUn_715,chrUn_316,singleUn_716,chrUn_317,singleUn_717,chrUn_318,singleUn_718,chrUn_320,chrUn_319,singleUn_720,singleUn_719,chrUn_321,singleUn_721,chrUn_322,singleUn_722,chrUn_323,singleUn_723,chrUn_324,singleUn_724,chrUn_325,singleUn_725,chrUn_326,singleUn_726,chrUn_327,singleUn_727,chrUn_328,singleUn_728,chrUn_330,chrUn_329,singleUn_730,singleUn_729,chrUn_331,singleUn_731,chrUn_332,singleUn_732,chrUn_333,singleUn_733,chrUn_334,singleUn_734,chrUn_335,singleUn_735,chrUn_336,singleUn_736,chrUn_337,singleUn_737,chrUn_338,singleUn_738,chrUn_340,chrUn_339,singleUn_740,singleUn_739,chrUn_341,singleUn_741,singleUn_742,singleUn_743,singleUn_744,singleUn_745,singleUn_746,singleUn_747,singleUn_748,singleUn_750,singleUn_749,singleUn_751,singleUn_752,singleUn_753,singleUn_754,singleUn_755,singleUn_756,singleUn_757,singleUn_758,singleUn_760,singleUn_759,singleUn_761,singleUn_762,singleUn_763,singleUn_764,singleUn_765,singleUn_766,singleUn_767,singleUn_768,singleUn_770,singleUn_769,singleUn_771,singleUn_772,singleUn_773,singleUn_774,singleUn_775,singleUn_776,singleUn_777,singleUn_778,singleUn_780,singleUn_779,singleUn_781,singleUn_782,singleUn_783,singleUn_784,singleUn_785,singleUn_786,singleUn_787,singleUn_788,singleUn_800,singleUn_790,singleUn_789,singleUn_801,singleUn_791,singleUn_802,singleUn_792,singleUn_803,singleUn_793,singleUn_804,singleUn_794,singleUn_805,singleUn_795,singleUn_806,singleUn_796,singleUn_807,singleUn_797,singleUn_808,singleUn_798,singleUn_810,singleUn_809,singleUn_799,singleUn_811,singleUn_812,singleUn_813,singleUn_814,singleUn_815,singleUn_816,singleUn_817,singleUn_818,singleUn_820,singleUn_819,singleUn_821,singleUn_822,singleUn_823,singleUn_824,singleUn_825,singleUn_826,singleUn_827,singleUn_828,singleUn_830,singleUn_829,singleUn_831,singleUn_832,singleUn_833,singleUn_834,singleUn_835,singleUn_836,singleUn_837,singleUn_838,singleUn_840,singleUn_839,singleUn_841,singleUn_842,singleUn_843,singleUn_844,singleUn_845,singleUn_846,singleUn_847,singleUn_848,singleUn_850,singleUn_849,singleUn_851,singleUn_852,singleUn_853,singleUn_854,singleUn_855,singleUn_856,singleUn_857,singleUn_858,singleUn_860,singleUn_859,singleUn_861,singleUn_862,singleUn_863,singleUn_864,singleUn_865,singleUn_866,singleUn_867,singleUn_868,singleUn_870,singleUn_869,singleUn_871,singleUn_872,singleUn_873,singleUn_874,singleUn_875,singleUn_876,singleUn_877,singleUn_878,singleUn_880,singleUn_879,singleUn_881,singleUn_882,singleUn_883,singleUn_884,singleUn_885,singleUn_886,singleUn_887,singleUn_888,singleUn_900,singleUn_890,singleUn_889,singleUn_901,singleUn_891,singleUn_902,singleUn_892,singleUn_903,singleUn_893,singleUn_904,singleUn_894,singleUn_905,singleUn_895,singleUn_906,singleUn_896,singleUn_907,singleUn_897,singleUn_908,singleUn_898,singleUn_910,singleUn_909,singleUn_899,singleUn_911,singleUn_912,singleUn_913,singleUn_914,singleUn_915,singleUn_916,singleUn_917,singleUn_918,singleUn_920,singleUn_919,singleUn_921,singleUn_922,singleUn_923,singleUn_924,singleUn_925,singleUn_926,singleUn_927,singleUn_928,singleUn_930,singleUn_929,singleUn_931,singleUn_932,singleUn_933,singleUn_934,singleUn_935,singleUn_936,singleUn_937,singleUn_938,singleUn_940,singleUn_939,singleUn_941,singleUn_942,singleUn_943,singleUn_944,singleUn_945,singleUn_946,singleUn_947,singleUn_948,singleUn_950,singleUn_949,singleUn_951,singleUn_952,singleUn_953,singleUn_954,singleUn_955,singleUn_956,singleUn_957,singleUn_958,singleUn_960,singleUn_959,singleUn_961,singleUn_962,singleUn_963,singleUn_964,singleUn_965,singleUn_966,singleUn_967,singleUn_968,singleUn_970,singleUn_969,singleUn_971,singleUn_972,singleUn_973,singleUn_974,singleUn_975,singleUn_976,singleUn_977,singleUn_978,singleUn_980,singleUn_979,singleUn_981,singleUn_982,singleUn_983,singleUn_984,singleUn_985,singleUn_986,singleUn_987,singleUn_988,singleUn_990,singleUn_989,singleUn_991,singleUn_992,singleUn_993,singleUn_994,singleUn_995,singleUn_996,singleUn_997,singleUn_998,singleUn_999,chrUn_1,chrUn_2,chrUn_3,chrUn_4,chrUn_5,chrUn_6,chrUn_7,chrUn_8,chrUn_9,singleUn_1000,singleUn_1001,singleUn_1002,singleUn_1003,singleUn_1004,singleUn_1005,singleUn_1006,singleUn_1007,singleUn_1008,singleUn_1010,singleUn_1009,singleUn_1011,singleUn_1012,singleUn_1013,singleUn_1014,singleUn_1015,singleUn_1016,singleUn_1017,singleUn_1018,singleUn_1020,singleUn_1019,singleUn_1021,singleUn_1022,singleUn_1023,singleUn_1024,singleUn_1025,singleUn_1026,singleUn_1027,singleUn_1028,singleUn_1030,singleUn_1029,singleUn_1031,singleUn_1032,singleUn_1033,singleUn_1034,singleUn_1035,singleUn_1036,singleUn_1037,singleUn_1038,singleUn_1040,singleUn_1039,singleUn_1041,singleUn_1042,singleUn_1043,singleUn_1044,singleUn_1045,singleUn_1046,singleUn_1047,singleUn_1048,singleUn_1050,singleUn_1049,singleUn_1051,singleUn_1052,singleUn_1053,singleUn_1054,singleUn_1055,singleUn_1056,singleUn_1057,singleUn_1058,singleUn_1060,singleUn_1059,singleUn_1061,singleUn_1062,singleUn_1063,singleUn_1064,singleUn_1065,singleUn_1066,singleUn_1067,singleUn_1068,singleUn_1070,singleUn_1069,singleUn_1071,singleUn_1072,singleUn_1073,singleUn_1074,singleUn_1075,singleUn_1076,singleUn_1077,singleUn_1078,singleUn_1080,singleUn_1079,singleUn_1081,singleUn_1082,singleUn_1083,singleUn_1084,singleUn_1085,singleUn_1086,singleUn_1087,singleUn_1088,singleUn_1100,singleUn_1090,singleUn_1089,singleUn_1101,singleUn_1091,singleUn_1102,singleUn_1092,singleUn_1103,singleUn_1093,singleUn_1104,singleUn_1094,singleUn_1105,singleUn_1095,singleUn_1106,singleUn_1096,singleUn_1107,singleUn_1097,singleUn_1108,singleUn_1098,singleUn_1110,singleUn_1109,singleUn_1099,singleUn_1111,singleUn_1112,singleUn_1113,singleUn_1114,singleUn_1115,singleUn_1116,singleUn_1117,singleUn_1118,singleUn_1120,singleUn_1119,singleUn_1121,singleUn_1122,singleUn_1123,singleUn_1124,singleUn_1125,singleUn_1126,singleUn_1127,singleUn_1128,singleUn_1130,singleUn_1129,singleUn_1131,singleUn_1132,singleUn_1133,singleUn_1134,singleUn_1135,singleUn_1136,singleUn_1137,singleUn_1138,singleUn_1140,singleUn_1139,singleUn_1141,singleUn_1142,singleUn_1143,singleUn_1144,singleUn_1145,singleUn_1146,singleUn_1147,singleUn_1148,singleUn_1150,singleUn_1149,singleUn_1151,singleUn_1152,singleUn_1153,singleUn_1154,singleUn_1155,singleUn_1156,singleUn_1157,singleUn_1158,singleUn_1160,singleUn_1159,singleUn_1161,singleUn_1162,singleUn_1163,singleUn_1164,singleUn_1165,singleUn_1166,singleUn_1167,singleUn_1168,singleUn_1170,singleUn_1169,singleUn_1171,singleUn_1172,singleUn_1173,singleUn_1174,singleUn_1175,singleUn_1176,singleUn_1177,singleUn_1178,singleUn_1180,singleUn_1179,singleUn_1181,singleUn_1182,singleUn_1183,singleUn_1184,singleUn_1185,singleUn_1186,singleUn_1187,singleUn_1188,singleUn_1200,singleUn_1190,singleUn_1189,singleUn_1201,singleUn_1191,singleUn_1202,singleUn_1192,singleUn_1203,singleUn_1193,singleUn_1204,singleUn_1194,singleUn_1205,singleUn_1195,singleUn_1206,singleUn_1196,singleUn_1207,singleUn_1197,singleUn_1208,singleUn_1198,singleUn_1210,singleUn_1209,singleUn_1199,singleUn_1211,singleUn_1212,singleUn_1213,singleUn_1214,singleUn_1215,singleUn_1216,singleUn_1217,singleUn_1218,singleUn_1220,singleUn_1219,singleUn_1221,singleUn_1222,singleUn_1223,singleUn_1224,singleUn_1225,singleUn_1226,singleUn_1227,singleUn_1228,singleUn_1230,singleUn_1229,singleUn_1231,singleUn_1232,singleUn_1233,singleUn_1234,singleUn_1235,singleUn_1236,singleUn_1237,singleUn_1238,singleUn_1240,singleUn_1239,singleUn_1241,singleUn_1242,singleUn_1243,singleUn_1244,singleUn_1245,singleUn_1246,singleUn_1247,singleUn_1248,singleUn_1250,singleUn_1249,singleUn_1251,singleUn_1252,singleUn_1253,singleUn_1254,singleUn_1255,singleUn_1256,singleUn_1257,singleUn_1258,singleUn_1260,singleUn_1259,singleUn_1261,singleUn_1262,singleUn_1263,singleUn_1264,singleUn_1265,singleUn_1266,singleUn_1267,singleUn_1268,singleUn_1270,singleUn_1269,singleUn_1271,singleUn_1272,singleUn_1273,singleUn_1274,singleUn_1275,singleUn_1276,singleUn_1277,singleUn_1278,singleUn_1280,singleUn_1279,singleUn_1281,singleUn_1282,singleUn_1283,singleUn_1284,singleUn_1285,singleUn_1286,singleUn_1287,singleUn_1288,singleUn_1300,singleUn_1290,singleUn_1289,singleUn_1301,singleUn_1291,singleUn_1302,singleUn_1292,singleUn_1303,singleUn_1293,singleUn_1304,singleUn_1294,singleUn_1305,singleUn_1295,singleUn_1306,singleUn_1296,singleUn_1307,singleUn_1297,singleUn_1308,singleUn_1298,singleUn_1310,singleUn_1309,singleUn_1299,singleUn_1311,singleUn_1312,singleUn_1313,singleUn_1314,singleUn_1315,singleUn_1316,singleUn_1317,singleUn_1318,singleUn_1320,singleUn_1319,singleUn_1321,singleUn_1322,singleUn_1323,singleUn_1324,singleUn_1325,singleUn_1326,singleUn_1327,singleUn_1328,singleUn_1330,singleUn_1329,singleUn_1331,singleUn_1332,singleUn_1333,singleUn_1334,singleUn_1335,singleUn_1336,singleUn_1337,singleUn_1338,singleUn_1340,singleUn_1339,singleUn_1341,singleUn_1342,singleUn_1343,singleUn_1344,singleUn_1345,singleUn_1346,singleUn_1347,singleUn_1348,singleUn_1350,singleUn_1349,singleUn_1351,singleUn_1352,singleUn_1353,singleUn_1354,singleUn_1355,singleUn_1356,singleUn_1357,singleUn_1358,singleUn_1360,singleUn_1359,singleUn_1361,singleUn_1362,singleUn_1363,singleUn_1364,singleUn_1365,singleUn_1366,singleUn_1367,singleUn_1368,singleUn_1370,singleUn_1369,singleUn_1371,singleUn_1372,singleUn_1373,singleUn_1374,singleUn_1375,singleUn_1376,singleUn_1377,singleUn_1378,singleUn_1380,singleUn_1379,singleUn_1381,singleUn_1382,singleUn_1383,singleUn_1384,singleUn_1385,singleUn_1386,singleUn_1387,singleUn_1388,singleUn_1400,singleUn_1390,singleUn_1389,singleUn_1401,singleUn_1391,singleUn_1402,singleUn_1392,singleUn_1403,singleUn_1393,singleUn_1404,singleUn_1394,singleUn_1405,singleUn_1395,singleUn_1406,singleUn_1396,singleUn_1407,singleUn_1397,singleUn_1408,singleUn_1398,singleUn_1410,singleUn_1409,singleUn_1399,singleUn_1411,singleUn_1412,singleUn_1413,singleUn_1414,singleUn_1415,singleUn_1416,singleUn_1417,singleUn_1418,singleUn_1420,singleUn_1419,singleUn_1421,singleUn_1422,singleUn_1423,singleUn_1424,singleUn_1425,singleUn_1426,singleUn_1427,singleUn_1428,singleUn_1430,singleUn_1429,singleUn_1431,singleUn_1432,singleUn_1433,singleUn_1434,singleUn_1435,singleUn_1436,singleUn_1437,singleUn_1438,singleUn_1440,singleUn_1439,singleUn_1441,singleUn_1442,singleUn_1443,singleUn_1444,singleUn_1445,singleUn_1446,singleUn_1447,singleUn_1448,singleUn_1450,singleUn_1449,singleUn_1451,singleUn_1452,singleUn_1453,singleUn_1454,singleUn_1455,singleUn_1456,singleUn_1457,singleUn_1458,singleUn_1460,singleUn_1459,singleUn_1461,singleUn_1462,singleUn_1463,singleUn_1464,singleUn_1465,singleUn_1466,singleUn_1467,singleUn_1468,singleUn_1470,singleUn_1469,singleUn_1471,singleUn_1472,singleUn_1473,singleUn_1474,singleUn_1475,singleUn_1476,singleUn_1477,singleUn_1478,singleUn_1480,singleUn_1479,singleUn_1481,singleUn_1482,singleUn_1483,singleUn_1484,singleUn_1485,singleUn_1486,singleUn_1487,singleUn_1488,singleUn_1500,singleUn_1490,singleUn_1489,singleUn_1501,singleUn_1491,singleUn_1502,singleUn_1492,singleUn_1503,singleUn_1493,singleUn_1504,singleUn_1494,singleUn_1505,singleUn_1495,singleUn_1506,singleUn_1496,singleUn_1507,singleUn_1497,singleUn_1508,singleUn_1498,singleUn_1510,singleUn_1509,singleUn_1499,singleUn_1511,singleUn_1512,singleUn_1513,singleUn_1514,singleUn_1515,singleUn_1516,singleUn_1517,singleUn_1518,singleUn_1520,singleUn_1519,singleUn_1521,singleUn_1522,singleUn_1523,singleUn_1524,singleUn_1525,singleUn_1526,singleUn_1527,singleUn_1528,singleUn_1530,singleUn_1529,singleUn_1531,singleUn_1532,singleUn_1533,singleUn_1534,singleUn_1535,singleUn_1536,singleUn_1537,singleUn_1538,singleUn_1540,singleUn_1539,singleUn_1541,singleUn_1542,singleUn_1543,singleUn_1544,singleUn_1545,singleUn_1546,singleUn_1547,singleUn_1548,singleUn_1550,singleUn_1549,singleUn_1551,singleUn_1552,singleUn_1553,singleUn_1554,singleUn_1555,singleUn_1556,singleUn_1557,singleUn_1558,singleUn_1560,singleUn_1559,singleUn_1561,singleUn_1562,singleUn_1563,singleUn_1564,singleUn_1565,singleUn_1566,singleUn_1567,singleUn_1568,singleUn_1570,singleUn_1569,singleUn_1571,singleUn_1572,singleUn_1573,singleUn_1574,singleUn_1575,singleUn_1576,singleUn_1577,singleUn_1578,singleUn_1580,singleUn_1579,singleUn_1581,singleUn_1582,singleUn_1583,singleUn_1584,singleUn_1585,singleUn_1586,singleUn_1587,singleUn_1588,singleUn_1600,singleUn_1590,singleUn_1589,singleUn_1601,singleUn_1591,singleUn_1602,singleUn_1592,singleUn_1603,singleUn_1593,singleUn_1604,singleUn_1594,singleUn_1605,singleUn_1595,singleUn_1606,singleUn_1596,singleUn_1607,singleUn_1597,singleUn_1608,singleUn_1598,singleUn_1610,singleUn_1609,singleUn_1599,singleUn_1611,singleUn_1612,singleUn_1613,singleUn_1614,singleUn_1615,singleUn_1616,singleUn_1617,singleUn_1618,singleUn_1620,singleUn_1619,singleUn_1621,singleUn_1622,singleUn_1623,singleUn_1624,singleUn_1625,singleUn_1626,singleUn_1627,singleUn_1628,singleUn_1630,singleUn_1629,singleUn_1631,singleUn_1632,singleUn_1633,singleUn_1634,singleUn_1635,singleUn_1636,singleUn_1637,singleUn_1638,singleUn_1640,singleUn_1639,singleUn_1641,singleUn_1642,singleUn_1643,singleUn_1644,singleUn_1645,singleUn_1646,singleUn_1647,singleUn_1648,singleUn_1650,singleUn_1649,singleUn_1651,singleUn_1652,singleUn_1653,singleUn_1654,singleUn_1655,singleUn_1656,singleUn_1657,singleUn_1658,singleUn_1660,singleUn_1659,singleUn_1661,singleUn_1662,singleUn_1663,singleUn_1664,singleUn_1665,singleUn_1666,singleUn_1667,singleUn_1668,singleUn_1670,singleUn_1669,singleUn_1671,singleUn_1672,singleUn_1673,singleUn_1674,singleUn_1675,singleUn_1676,singleUn_1677,singleUn_1678,singleUn_1680,singleUn_1679,singleUn_1681,singleUn_1682,singleUn_1683,singleUn_1684,singleUn_1685,singleUn_1686,singleUn_1687,singleUn_1688,singleUn_1700,singleUn_1690,singleUn_1689,singleUn_1701,singleUn_1691,singleUn_1702,singleUn_1692,singleUn_1703,singleUn_1693,singleUn_1704,singleUn_1694,singleUn_1705,singleUn_1695,singleUn_1706,singleUn_1696,singleUn_1707,singleUn_1697,singleUn_1708,singleUn_1698,singleUn_1710,singleUn_1709,singleUn_1699,singleUn_1711,singleUn_1712,singleUn_1713,singleUn_1714,singleUn_1715,singleUn_1716,singleUn_1717,singleUn_1718,singleUn_1720,singleUn_1719,singleUn_1721,singleUn_1722,singleUn_1723,singleUn_1724,singleUn_1725,singleUn_1726,singleUn_1727,singleUn_1728,singleUn_1730,singleUn_1729,singleUn_1731,singleUn_1732,singleUn_1733,singleUn_1734,singleUn_1735,singleUn_1736,singleUn_1737,singleUn_1738,singleUn_1740,singleUn_1739,singleUn_1741,singleUn_1742,singleUn_1743,singleUn_1744,singleUn_1745,singleUn_1746,singleUn_1747,singleUn_1748,singleUn_1750,singleUn_1749,singleUn_1751,singleUn_1752,singleUn_1753,singleUn_1754,singleUn_1755,singleUn_1756,singleUn_1757,singleUn_1758,singleUn_1760,singleUn_1759,singleUn_1761,singleUn_1762,singleUn_1763,singleUn_1764,singleUn_1765,singleUn_1766,singleUn_1767,singleUn_1768,singleUn_1770,singleUn_1769,singleUn_1771,singleUn_1772,singleUn_1773,singleUn_1774,singleUn_1775,singleUn_1776,singleUn_1777,singleUn_1778,singleUn_1780,singleUn_1779,singleUn_1781,singleUn_1782,singleUn_1783,singleUn_1784,singleUn_1785,singleUn_1786,singleUn_1787,singleUn_1788,singleUn_1800,singleUn_1790,singleUn_1789,singleUn_1801,singleUn_1791,singleUn_1802,singleUn_1792,singleUn_1803,singleUn_1793,singleUn_1804,singleUn_1794,singleUn_1805,singleUn_1795,singleUn_1806,singleUn_1796,singleUn_1807,singleUn_1797,singleUn_1808,singleUn_1798,singleUn_1810,singleUn_1809,singleUn_1799,singleUn_1811,singleUn_1812,singleUn_1813,singleUn_1814,singleUn_1815,singleUn_1816,singleUn_1817,singleUn_1818,singleUn_1820,singleUn_1819,singleUn_1821,singleUn_1822,singleUn_1823,singleUn_1824,singleUn_1825,singleUn_1826,singleUn_1827,singleUn_1828,singleUn_1830,singleUn_1829,singleUn_1831,singleUn_1832,singleUn_1833,singleUn_1834,singleUn_1835,singleUn_1836,singleUn_1837,singleUn_1838,singleUn_1840,singleUn_1839,singleUn_1841,singleUn_1842,singleUn_1843,singleUn_1844,singleUn_1845,singleUn_1846,singleUn_1847,singleUn_1848,singleUn_1850,singleUn_1849,singleUn_1851,singleUn_1852,singleUn_1853,singleUn_1854,singleUn_1855,singleUn_1856,singleUn_1857,singleUn_1858,singleUn_1860,singleUn_1859,ChLG2	32445854	1	1	1	1	1	1		/srv/beegfs/scratch/shares/ds4dh/common/ab-initio-TE/software_outputs/repeatmasker_dfam/RMDFAM_SPECIES_ANIMALS_CHR_20260615/red_flour_beetle/chunks/red_flour_beetle_chunk_00001_bundle
red_flour_beetle	195	red_flour_beetle_chunk_00002_bundle	ChLG3,ChLG4	45975050	1	1	1	1	1	1		/srv/beegfs/scratch/shares/ds4dh/common/ab-initio-TE/software_outputs/repeatmasker_dfam/RMDFAM_SPECIES_ANIMALS_CHR_20260615/red_flour_beetle/chunks/red_flour_beetle_chunk_00002_bundle
red_flour_beetle	196	red_flour_beetle_chunk_00003_bundle	ChLG5,ChLG6,ChLG7	49870115	1	1	1	1	1	1		/srv/beegfs/scratch/shares/ds4dh/common/ab-initio-TE/software_outputs/repeatmasker_dfam/RMDFAM_SPECIES_ANIMALS_CHR_20260615/red_flour_beetle/chunks/red_flour_beetle_chunk_00003_bundle
red_flour_beetle	197	red_flour_beetle_chunk_00004_bundle	ChLG8,ChLG9,ChLG10,singleUn_10,singleUn_11,singleUn_12,singleUn_13,singleUn_14,singleUn_15,singleUn_16,singleUn_17,singleUn_18,singleUn_20,singleUn_19,singleUn_21,singleUn_22,singleUn_23,singleUn_24,singleUn_25,singleUn_26,singleUn_27,singleUn_28,singleUn_30,singleUn_29,singleUn_31,singleUn_32,singleUn_33,singleUn_34,singleUn_35,singleUn_36,singleUn_37,singleUn_38,singleUn_40,singleUn_39,singleUn_41,singleUn_42,singleUn_43,singleUn_44,singleUn_45,singleUn_46,singleUn_47,singleUn_48,singleUn_50,singleUn_49,singleUn_51,singleUn_52,singleUn_53,singleUn_54,singleUn_55,singleUn_56,singleUn_57,singleUn_58,singleUn_60,singleUn_59,singleUn_61,singleUn_62,singleUn_63,singleUn_64,singleUn_65,singleUn_66,singleUn_67,singleUn_68,singleUn_70,singleUn_69,singleUn_71,singleUn_72,singleUn_73,singleUn_74,singleUn_75,singleUn_76,singleUn_77,singleUn_78,singleUn_80,singleUn_79,singleUn_81,singleUn_82,singleUn_83,singleUn_84,singleUn_85,singleUn_86,singleUn_87,singleUn_88,singleUn_90,singleUn_89,singleUn_91,singleUn_92,singleUn_93,singleUn_94,singleUn_95,singleUn_96,singleUn_97,singleUn_98,singleUn_99,chrUn_10,chrUn_11,chrUn_12,chrUn_13,chrUn_14,chrUn_15,chrUn_16,chrUn_17,chrUn_18,chrUn_20,chrUn_19,chrUn_21,chrUn_22,chrUn_23,chrUn_24,chrUn_25,chrUn_26,chrUn_27,chrUn_28,chrUn_30,chrUn_29,chrUn_31	49991688	1	1	1	1	1	1		/srv/beegfs/scratch/shares/ds4dh/common/ab-initio-TE/software_outputs/repeatmasker_dfam/RMDFAM_SPECIES_ANIMALS_CHR_20260615/red_flour_beetle/chunks/red_flour_beetle_chunk_00004_bundle
red_flour_beetle	198	red_flour_beetle_chunk_00005_bundle	chrUn_32,ChLG1X,chrUn_33,chrUn_34,chrUn_35,chrUn_36,chrUn_37,chrUn_38,chrUn_40,chrUn_39,chrUn_41,chrUn_42,chrUn_43,chrUn_44,chrUn_45,chrUn_46,chrUn_47,chrUn_48,chrUn_50,chrUn_49,chrUn_51,chrUn_52,chrUn_53,chrUn_54,chrUn_55,chrUn_56,chrUn_57,chrUn_58,chrUn_60,chrUn_59,chrUn_61,chrUn_62,chrUn_63,chrUn_64,chrUn_65,chrUn_66,chrUn_67,chrUn_68,chrUn_70,chrUn_69,chrUn_71,chrUn_72,chrUn_73,chrUn_74,chrUn_75,chrUn_76,chrUn_77,chrUn_78,chrUn_80,chrUn_79,chrUn_81,chrUn_82,chrUn_83,chrUn_84,chrUn_85,chrUn_86,chrUn_87,chrUn_88,chrUn_90,chrUn_89,chrUn_91,chrUn_92,chrUn_93,chrUn_94,chrUn_95,chrUn_96,chrUn_97,chrUn_98,chrUn_99,singleUn_1,singleUn_2,singleUn_3,singleUn_4,singleUn_5,singleUn_6,singleUn_7,singleUn_8,singleUn_9	21399709	1	1	1	1	1	1		/srv/beegfs/scratch/shares/ds4dh/common/ab-initio-TE/software_outputs/repeatmasker_dfam/RMDFAM_SPECIES_ANIMALS_CHR_20260615/red_flour_beetle/chunks/red_flour_beetle_chunk_00005_bundle
