species_code	chunk_index	chunk_id	records	chunk_bases	complete_marker	out_present	gff_present	tbl_present	masked_present	final_outputs_complete	missing_final_outputs	output_dir
mouse	1	mouse_chunk_00001_chr1	chr1	195154279	1	1	1	1	1	1		/srv/beegfs/scratch/shares/ds4dh/common/ab-initio-TE/software_outputs/repeatmasker_dfam/RMDFAM_SPECIES_ANCHOR5_PLANTS_20260616/mouse/chunks/mouse_chunk_00001_chr1
mouse	2	mouse_chunk_00002_chr10	chr10	130530862	1	1	1	1	1	1		/srv/beegfs/scratch/shares/ds4dh/common/ab-initio-TE/software_outputs/repeatmasker_dfam/RMDFAM_SPECIES_ANCHOR5_PLANTS_20260616/mouse/chunks/mouse_chunk_00002_chr10
mouse	3	mouse_chunk_00003_chr11	chr11	121973369	1	1	1	1	1	1		/srv/beegfs/scratch/shares/ds4dh/common/ab-initio-TE/software_outputs/repeatmasker_dfam/RMDFAM_SPECIES_ANCHOR5_PLANTS_20260616/mouse/chunks/mouse_chunk_00003_chr11
mouse	4	mouse_chunk_00004_chr12	chr12	120092757	1	1	1	1	1	1		/srv/beegfs/scratch/shares/ds4dh/common/ab-initio-TE/software_outputs/repeatmasker_dfam/RMDFAM_SPECIES_ANCHOR5_PLANTS_20260616/mouse/chunks/mouse_chunk_00004_chr12
mouse	5	mouse_chunk_00005_chr13	chr13	120883175	1	1	1	1	1	1		/srv/beegfs/scratch/shares/ds4dh/common/ab-initio-TE/software_outputs/repeatmasker_dfam/RMDFAM_SPECIES_ANCHOR5_PLANTS_20260616/mouse/chunks/mouse_chunk_00005_chr13
mouse	6	mouse_chunk_00006_chr14	chr14	125139656	1	1	1	1	1	1		/srv/beegfs/scratch/shares/ds4dh/common/ab-initio-TE/software_outputs/repeatmasker_dfam/RMDFAM_SPECIES_ANCHOR5_PLANTS_20260616/mouse/chunks/mouse_chunk_00006_chr14
mouse	7	mouse_chunk_00007_chr15	chr15	104073951	1	1	1	1	1	1		/srv/beegfs/scratch/shares/ds4dh/common/ab-initio-TE/software_outputs/repeatmasker_dfam/RMDFAM_SPECIES_ANCHOR5_PLANTS_20260616/mouse/chunks/mouse_chunk_00007_chr15
mouse	8	mouse_chunk_00008_chr16	chr16	98008968	1	1	1	1	1	1		/srv/beegfs/scratch/shares/ds4dh/common/ab-initio-TE/software_outputs/repeatmasker_dfam/RMDFAM_SPECIES_ANCHOR5_PLANTS_20260616/mouse/chunks/mouse_chunk_00008_chr16
mouse	9	mouse_chunk_00009_chr17	chr17	95294699	1	1	1	1	1	1		/srv/beegfs/scratch/shares/ds4dh/common/ab-initio-TE/software_outputs/repeatmasker_dfam/RMDFAM_SPECIES_ANCHOR5_PLANTS_20260616/mouse/chunks/mouse_chunk_00009_chr17
mouse	10	mouse_chunk_00010_chr18	chr18	90720763	1	1	1	1	1	1		/srv/beegfs/scratch/shares/ds4dh/common/ab-initio-TE/software_outputs/repeatmasker_dfam/RMDFAM_SPECIES_ANCHOR5_PLANTS_20260616/mouse/chunks/mouse_chunk_00010_chr18
mouse	11	mouse_chunk_00011_chr19	chr19	61420004	1	1	1	1	1	1		/srv/beegfs/scratch/shares/ds4dh/common/ab-initio-TE/software_outputs/repeatmasker_dfam/RMDFAM_SPECIES_ANCHOR5_PLANTS_20260616/mouse/chunks/mouse_chunk_00011_chr19
mouse	12	mouse_chunk_00012_bundle	chr1_GL456210v1_random,chr1_GL456211v1_random,chr1_GL456212v1_random,chr1_GL456221v1_random,chr1_MU069434v1_random,chr1_GL456239v1_random	820507	1	1	1	1	1	1		/srv/beegfs/scratch/shares/ds4dh/common/ab-initio-TE/software_outputs/repeatmasker_dfam/RMDFAM_SPECIES_ANCHOR5_PLANTS_20260616/mouse/chunks/mouse_chunk_00012_bundle
mouse	13	mouse_chunk_00013_chr2	chr2	181755017	1	1	1	1	1	1		/srv/beegfs/scratch/shares/ds4dh/common/ab-initio-TE/software_outputs/repeatmasker_dfam/RMDFAM_SPECIES_ANCHOR5_PLANTS_20260616/mouse/chunks/mouse_chunk_00013_chr2
mouse	14	mouse_chunk_00014_chr3	chr3	159745316	1	1	1	1	1	1		/srv/beegfs/scratch/shares/ds4dh/common/ab-initio-TE/software_outputs/repeatmasker_dfam/RMDFAM_SPECIES_ANCHOR5_PLANTS_20260616/mouse/chunks/mouse_chunk_00014_chr3
mouse	15	mouse_chunk_00015_chr4	chr4	156860686	1	1	1	1	1	1		/srv/beegfs/scratch/shares/ds4dh/common/ab-initio-TE/software_outputs/repeatmasker_dfam/RMDFAM_SPECIES_ANCHOR5_PLANTS_20260616/mouse/chunks/mouse_chunk_00015_chr4
mouse	16	mouse_chunk_00016_bundle	chr4_JH584295v1_random	1976	1	1	1	1	1	1		/srv/beegfs/scratch/shares/ds4dh/common/ab-initio-TE/software_outputs/repeatmasker_dfam/RMDFAM_SPECIES_ANCHOR5_PLANTS_20260616/mouse/chunks/mouse_chunk_00016_bundle
mouse	17	mouse_chunk_00017_chr5	chr5	151758149	1	1	1	1	1	1		/srv/beegfs/scratch/shares/ds4dh/common/ab-initio-TE/software_outputs/repeatmasker_dfam/RMDFAM_SPECIES_ANCHOR5_PLANTS_20260616/mouse/chunks/mouse_chunk_00017_chr5
mouse	18	mouse_chunk_00018_bundle	chr5_JH584296v1_random,chr5_JH584297v1_random,chr5_JH584298v1_random,chr5_GL456354v1_random,chr5_JH584299v1_random	1738338	1	1	1	1	1	1		/srv/beegfs/scratch/shares/ds4dh/common/ab-initio-TE/software_outputs/repeatmasker_dfam/RMDFAM_SPECIES_ANCHOR5_PLANTS_20260616/mouse/chunks/mouse_chunk_00018_bundle
mouse	19	mouse_chunk_00019_chr6	chr6	149588044	1	1	1	1	1	1		/srv/beegfs/scratch/shares/ds4dh/common/ab-initio-TE/software_outputs/repeatmasker_dfam/RMDFAM_SPECIES_ANCHOR5_PLANTS_20260616/mouse/chunks/mouse_chunk_00019_chr6
mouse	20	mouse_chunk_00020_chr7	chr7	144995196	1	1	1	1	1	1		/srv/beegfs/scratch/shares/ds4dh/common/ab-initio-TE/software_outputs/repeatmasker_dfam/RMDFAM_SPECIES_ANCHOR5_PLANTS_20260616/mouse/chunks/mouse_chunk_00020_chr7
mouse	21	mouse_chunk_00021_bundle	chr7_GL456219v1_random	175968	1	1	1	1	1	1		/srv/beegfs/scratch/shares/ds4dh/common/ab-initio-TE/software_outputs/repeatmasker_dfam/RMDFAM_SPECIES_ANCHOR5_PLANTS_20260616/mouse/chunks/mouse_chunk_00021_bundle
mouse	22	mouse_chunk_00022_chr8	chr8	130127694	1	1	1	1	1	1		/srv/beegfs/scratch/shares/ds4dh/common/ab-initio-TE/software_outputs/repeatmasker_dfam/RMDFAM_SPECIES_ANCHOR5_PLANTS_20260616/mouse/chunks/mouse_chunk_00022_chr8
mouse	23	mouse_chunk_00023_chr9	chr9	124359700	1	1	1	1	1	1		/srv/beegfs/scratch/shares/ds4dh/common/ab-initio-TE/software_outputs/repeatmasker_dfam/RMDFAM_SPECIES_ANCHOR5_PLANTS_20260616/mouse/chunks/mouse_chunk_00023_chr9
mouse	24	mouse_chunk_00024_bundle	chrM,chrUn_GL456359v1,chrUn_GL456360v1,chrUn_GL456366v1,chrUn_GL456367v1,chrUn_GL456368v1,chrUn_GL456370v1,chrUn_GL456372v1,chrUn_GL456378v1,chrUn_GL456379v1,chrUn_GL456381v1,chrUn_GL456382v1,chrUn_GL456383v1,chrUn_GL456385v1,chrUn_GL456387v1,chrUn_GL456389v1,chrUn_GL456390v1,chrUn_GL456392v1,chrUn_GL456394v1,chrUn_GL456396v1,chrUn_JH584304v1,chrUn_MU069435v1	755556	1	1	1	1	1	1		/srv/beegfs/scratch/shares/ds4dh/common/ab-initio-TE/software_outputs/repeatmasker_dfam/RMDFAM_SPECIES_ANCHOR5_PLANTS_20260616/mouse/chunks/mouse_chunk_00024_bundle
mouse	25	mouse_chunk_00025_chrX	chrX	169476592	1	1	1	1	1	1		/srv/beegfs/scratch/shares/ds4dh/common/ab-initio-TE/software_outputs/repeatmasker_dfam/RMDFAM_SPECIES_ANCHOR5_PLANTS_20260616/mouse/chunks/mouse_chunk_00025_chrX
mouse	26	mouse_chunk_00026_bundle	chrX_GL456233v2_random	559103	1	1	1	1	1	1		/srv/beegfs/scratch/shares/ds4dh/common/ab-initio-TE/software_outputs/repeatmasker_dfam/RMDFAM_SPECIES_ANCHOR5_PLANTS_20260616/mouse/chunks/mouse_chunk_00026_bundle
mouse	27	mouse_chunk_00027_chrY	chrY	91455967	1	1	1	1	1	1		/srv/beegfs/scratch/shares/ds4dh/common/ab-initio-TE/software_outputs/repeatmasker_dfam/RMDFAM_SPECIES_ANCHOR5_PLANTS_20260616/mouse/chunks/mouse_chunk_00027_chrY
mouse	28	mouse_chunk_00028_bundle	chrY_JH584300v1_random,chrY_JH584301v1_random,chrY_JH584302v1_random,chrY_JH584303v1_random	756159	1	1	1	1	1	1		/srv/beegfs/scratch/shares/ds4dh/common/ab-initio-TE/software_outputs/repeatmasker_dfam/RMDFAM_SPECIES_ANCHOR5_PLANTS_20260616/mouse/chunks/mouse_chunk_00028_bundle
chicken	29	chicken_chunk_00001_chr1	chr1	197608386	1	1	1	1	1	1		/srv/beegfs/scratch/shares/ds4dh/common/ab-initio-TE/software_outputs/repeatmasker_dfam/RMDFAM_SPECIES_ANCHOR5_PLANTS_20260616/chicken/chunks/chicken_chunk_00001_chr1
chicken	30	chicken_chunk_00002_bundle	chr10,chr11	41319882	1	1	1	1	1	1		/srv/beegfs/scratch/shares/ds4dh/common/ab-initio-TE/software_outputs/repeatmasker_dfam/RMDFAM_SPECIES_ANCHOR5_PLANTS_20260616/chicken/chunks/chicken_chunk_00002_bundle
chicken	31	chicken_chunk_00003_bundle	chr12,chr13,chr13_NW_020109755v1_random	39556149	1	1	1	1	1	1		/srv/beegfs/scratch/shares/ds4dh/common/ab-initio-TE/software_outputs/repeatmasker_dfam/RMDFAM_SPECIES_ANCHOR5_PLANTS_20260616/chicken/chunks/chicken_chunk_00003_bundle
chicken	32	chicken_chunk_00004_bundle	chr14,chr14_NW_020109756v1_random,chr15,chr15_NW_020109757v1_random,chr16,chr16_NW_020109758v1_random,chr17	43040907	1	1	1	1	1	1		/srv/beegfs/scratch/shares/ds4dh/common/ab-initio-TE/software_outputs/repeatmasker_dfam/RMDFAM_SPECIES_ANCHOR5_PLANTS_20260616/chicken/chunks/chicken_chunk_00004_bundle
chicken	33	chicken_chunk_00005_bundle	chr18,chr19,chr19_NW_020109759v1_random,chr1_NW_020109737v1_random,chr1_NW_020109738v1_random,chr1_NW_020109739v1_random,chr1_NW_020109740v1_random,chr1_NW_020109741v1_random,chr1_NW_020109742v1_random,chr1_NW_020109743v1_random	21766837	1	1	1	1	1	1		/srv/beegfs/scratch/shares/ds4dh/common/ab-initio-TE/software_outputs/repeatmasker_dfam/RMDFAM_SPECIES_ANCHOR5_PLANTS_20260616/chicken/chunks/chicken_chunk_00005_bundle
chicken	34	chicken_chunk_00006_chr2	chr2	149682049	1	1	1	1	1	1		/srv/beegfs/scratch/shares/ds4dh/common/ab-initio-TE/software_outputs/repeatmasker_dfam/RMDFAM_SPECIES_ANCHOR5_PLANTS_20260616/chicken/chunks/chicken_chunk_00006_chr2
chicken	35	chicken_chunk_00007_bundle	chr20,chr21,chr22,chr22_NW_020109760v1_random,chr23,chr23_NW_020109761v1_random,chr23_NW_020109762v1_random,chr23_NW_020109763v1_random,chr23_NW_020109764v1_random,chr23_NW_020109765v1_random,chr23_NW_020109766v1_random,chr24,chr25,chr25_NW_020109767v1_random,chr26	48934982	1	1	1	1	1	1		/srv/beegfs/scratch/shares/ds4dh/common/ab-initio-TE/software_outputs/repeatmasker_dfam/RMDFAM_SPECIES_ANCHOR5_PLANTS_20260616/chicken/chunks/chicken_chunk_00007_bundle
chicken	36	chicken_chunk_00008_bundle	chr27,chr28,chr28_NW_020109768v1_random	13198833	1	1	1	1	1	1		/srv/beegfs/scratch/shares/ds4dh/common/ab-initio-TE/software_outputs/repeatmasker_dfam/RMDFAM_SPECIES_ANCHOR5_PLANTS_20260616/chicken/chunks/chicken_chunk_00008_bundle
chicken	37	chicken_chunk_00009_chr3	chr3	110838418	1	1	1	1	1	1		/srv/beegfs/scratch/shares/ds4dh/common/ab-initio-TE/software_outputs/repeatmasker_dfam/RMDFAM_SPECIES_ANCHOR5_PLANTS_20260616/chicken/chunks/chicken_chunk_00009_chr3
chicken	38	chicken_chunk_00010_bundle	chr30,chr31,chr31_NW_020109769v1_random,chr31_NW_020109770v1_random,chr31_NW_020109771v1_random,chr32,chr33,chr33_NW_020109772v1_random,chr3_NW_020109744v1_random,chr3_NW_020109745v1_random,chr3_NW_020109746v1_random,chr3_NW_020109747v1_random	16567174	1	1	1	1	1	1		/srv/beegfs/scratch/shares/ds4dh/common/ab-initio-TE/software_outputs/repeatmasker_dfam/RMDFAM_SPECIES_ANCHOR5_PLANTS_20260616/chicken/chunks/chicken_chunk_00010_bundle
chicken	39	chicken_chunk_00011_chr4	chr4	91315245	1	1	1	1	1	1		/srv/beegfs/scratch/shares/ds4dh/common/ab-initio-TE/software_outputs/repeatmasker_dfam/RMDFAM_SPECIES_ANCHOR5_PLANTS_20260616/chicken/chunks/chicken_chunk_00011_chr4
chicken	40	chicken_chunk_00012_chr5	chr5	59809098	1	1	1	1	1	1		/srv/beegfs/scratch/shares/ds4dh/common/ab-initio-TE/software_outputs/repeatmasker_dfam/RMDFAM_SPECIES_ANCHOR5_PLANTS_20260616/chicken/chunks/chicken_chunk_00012_chr5
chicken	41	chicken_chunk_00013_bundle	chr6,chr6_NW_020109748v1_random,chr6_NW_020109749v1_random,chr6_NW_020109750v1_random,chr6_NW_020109751v1_random,chr6_NW_020109752v1_random,chr6_NW_020109753v1_random	36428957	1	1	1	1	1	1		/srv/beegfs/scratch/shares/ds4dh/common/ab-initio-TE/software_outputs/repeatmasker_dfam/RMDFAM_SPECIES_ANCHOR5_PLANTS_20260616/chicken/chunks/chicken_chunk_00013_bundle
chicken	42	chicken_chunk_00014_bundle	chr7	36742308	1	1	1	1	1	1		/srv/beegfs/scratch/shares/ds4dh/common/ab-initio-TE/software_outputs/repeatmasker_dfam/RMDFAM_SPECIES_ANCHOR5_PLANTS_20260616/chicken/chunks/chicken_chunk_00014_bundle
chicken	43	chicken_chunk_00015_bundle	chr8	30219446	1	1	1	1	1	1		/srv/beegfs/scratch/shares/ds4dh/common/ab-initio-TE/software_outputs/repeatmasker_dfam/RMDFAM_SPECIES_ANCHOR5_PLANTS_20260616/chicken/chunks/chicken_chunk_00015_bundle
chicken	44	chicken_chunk_00016_bundle	chr9,chr9_NW_020109754v1_random,chrM,chrUn_NW_020109830v1,chrUn_NW_020109831v1,chrUn_NW_020109832v1,chrUn_NW_020109833v1,chrUn_NW_020109834v1,chrUn_NW_020109835v1,chrUn_NW_020109836v1,chrUn_NW_020109837v1,chrUn_NW_020109838v1,chrUn_NW_020109839v1,chrUn_NW_020109840v1,chrUn_NW_020109841v1,chrUn_NW_020109842v1,chrUn_NW_020109843v1,chrUn_NW_020109844v1,chrUn_NW_020109845v1,chrUn_NW_020109846v1,chrUn_NW_020109847v1,chrUn_NW_020109848v1,chrUn_NW_020109849v1,chrUn_NW_020109850v1,chrUn_NW_020109851v1,chrUn_NW_020109852v1,chrUn_NW_020109853v1,chrUn_NW_020109854v1,chrUn_NW_020109855v1,chrUn_NW_020109856v1,chrUn_NW_020109857v1,chrUn_NW_020109858v1,chrUn_NW_020109859v1,chrUn_NW_020109860v1,chrUn_NW_020109861v1,chrUn_NW_020109862v1,chrUn_NW_020109863v1,chrUn_NW_020109864v1,chrUn_NW_020109865v1,chrUn_NW_020109866v1,chrUn_NW_020109867v1,chrUn_NW_020109868v1,chrUn_NW_020109869v1,chrUn_NW_020109870v1,chrUn_NW_020109871v1,chrUn_NW_020109872v1,chrUn_NW_020109873v1,chrUn_NW_020109874v1,chrUn_NW_020109875v1,chrUn_NW_020109876v1,chrUn_NW_020109877v1,chrUn_NW_020109878v1,chrUn_NW_020109879v1,chrUn_NW_020109880v1,chrUn_NW_020109881v1,chrUn_NW_020109882v1,chrUn_NW_020109883v1,chrUn_NW_020109884v1,chrUn_NW_020109885v1,chrUn_NW_020109886v1,chrUn_NW_020109887v1,chrUn_NW_020109888v1,chrUn_NW_020109889v1,chrUn_NW_020109890v1,chrUn_NW_020109891v1,chrUn_NW_020109892v1,chrUn_NW_020109893v1,chrUn_NW_020109894v1,chrUn_NW_020109895v1,chrUn_NW_020109896v1,chrUn_NW_020109897v1,chrUn_NW_020109898v1,chrUn_NW_020109899v1,chrUn_NW_020109900v1,chrUn_NW_020109901v1,chrUn_NW_020109902v1,chrUn_NW_020109903v1,chrUn_NW_020109904v1,chrUn_NW_020109905v1,chrUn_NW_020109906v1,chrUn_NW_020109907v1,chrUn_NW_020109908v1,chrUn_NW_020109909v1,chrUn_NW_020109910v1,chrUn_NW_020109911v1,chrUn_NW_020109912v1,chrUn_NW_020109913v1,chrUn_NW_020109914v1,chrUn_NW_020109915v1,chrUn_NW_020109916v1,chrUn_NW_020109917v1,chrUn_NW_020109918v1,chrUn_NW_020109919v1,chrUn_NW_020109920v1,chrUn_NW_020109921v1,chrUn_NW_020109922v1,chrUn_NW_020109923v1,chrUn_NW_020109924v1,chrUn_NW_020109925v1,chrUn_NW_020109926v1,chrUn_NW_020109927v1,chrUn_NW_020109928v1,chrUn_NW_020109929v1,chrUn_NW_020109930v1,chrUn_NW_020109931v1,chrUn_NW_020109932v1,chrUn_NW_020109933v1,chrUn_NW_020109934v1,chrUn_NW_020109935v1,chrUn_NW_020109936v1,chrUn_NW_020109937v1,chrUn_NW_020109938v1,chrUn_NW_020109939v1,chrUn_NW_020109940v1,chrUn_NW_020109941v1,chrUn_NW_020109942v1,chrUn_NW_020109943v1,chrUn_NW_020109944v1,chrUn_NW_020109945v1,chrUn_NW_020109946v1,chrUn_NW_020109947v1,chrUn_NW_020109948v1,chrUn_NW_020109949v1,chrUn_NW_020109950v1,chrUn_NW_020109951v1,chrUn_NW_020109952v1,chrUn_NW_020109953v1,chrUn_NW_020109954v1,chrUn_NW_020109955v1,chrUn_NW_020109956v1,chrUn_NW_020109957v1,chrUn_NW_020109958v1,chrUn_NW_020109959v1,chrUn_NW_020109960v1,chrUn_NW_020109961v1,chrUn_NW_020109962v1,chrUn_NW_020109963v1,chrUn_NW_020109964v1,chrUn_NW_020109965v1,chrUn_NW_020109966v1,chrUn_NW_020109967v1,chrUn_NW_020109968v1,chrUn_NW_020109969v1,chrUn_NW_020109970v1,chrUn_NW_020109971v1,chrUn_NW_020109972v1,chrUn_NW_020109973v1,chrUn_NW_020109974v1,chrUn_NW_020109975v1,chrUn_NW_020109976v1,chrUn_NW_020109977v1,chrUn_NW_020109978v1,chrUn_NW_020109979v1,chrUn_NW_020109980v1,chrUn_NW_020109981v1,chrUn_NW_020109982v1,chrUn_NW_020109983v1,chrUn_NW_020109984v1,chrUn_NW_020109985v1,chrUn_NW_020109986v1,chrUn_NW_020109987v1,chrUn_NW_020109988v1,chrUn_NW_020109989v1,chrUn_NW_020109990v1,chrUn_NW_020109991v1,chrUn_NW_020109992v1,chrUn_NW_020109993v1,chrUn_NW_020109994v1,chrUn_NW_020109995v1,chrUn_NW_020109996v1,chrUn_NW_020109997v1,chrUn_NW_020109998v1,chrUn_NW_020109999v1,chrUn_NW_020110000v1,chrUn_NW_020110001v1,chrUn_NW_020110002v1,chrUn_NW_020110003v1,chrUn_NW_020110004v1,chrUn_NW_020110005v1,chrUn_NW_020110006v1,chrUn_NW_020110007v1,chrUn_NW_020110008v1,chrUn_NW_020110009v1,chrUn_NW_020110010v1,chrUn_NW_020110011v1,chrUn_NW_020110012v1,chrUn_NW_020110013v1,chrUn_NW_020110014v1,chrUn_NW_020110015v1,chrUn_NW_020110016v1,chrUn_NW_020110017v1,chrUn_NW_020110018v1,chrUn_NW_020110019v1,chrUn_NW_020110020v1,chrUn_NW_020110021v1,chrUn_NW_020110022v1,chrUn_NW_020110023v1,chrUn_NW_020110024v1,chrUn_NW_020110025v1,chrUn_NW_020110026v1,chrUn_NW_020110027v1,chrUn_NW_020110028v1,chrUn_NW_020110029v1,chrUn_NW_020110030v1,chrUn_NW_020110031v1,chrUn_NW_020110032v1,chrUn_NW_020110033v1,chrUn_NW_020110034v1,chrUn_NW_020110035v1,chrUn_NW_020110036v1,chrUn_NW_020110037v1,chrUn_NW_020110038v1,chrUn_NW_020110039v1,chrUn_NW_020110040v1,chrUn_NW_020110041v1,chrUn_NW_020110042v1,chrUn_NW_020110043v1,chrUn_NW_020110044v1,chrUn_NW_020110045v1,chrUn_NW_020110046v1,chrUn_NW_020110047v1,chrUn_NW_020110048v1,chrUn_NW_020110049v1,chrUn_NW_020110050v1,chrUn_NW_020110051v1,chrUn_NW_020110052v1,chrUn_NW_020110053v1,chrUn_NW_020110054v1,chrUn_NW_020110055v1,chrUn_NW_020110056v1,chrUn_NW_020110057v1,chrUn_NW_020110058v1,chrUn_NW_020110059v1,chrUn_NW_020110060v1,chrUn_NW_020110061v1,chrUn_NW_020110062v1,chrUn_NW_020110063v1,chrUn_NW_020110064v1,chrUn_NW_020110065v1,chrUn_NW_020110066v1,chrUn_NW_020110067v1,chrUn_NW_020110068v1,chrUn_NW_020110069v1,chrUn_NW_020110070v1,chrUn_NW_020110071v1,chrUn_NW_020110072v1,chrUn_NW_020110073v1,chrUn_NW_020110074v1,chrUn_NW_020110075v1,chrUn_NW_020110076v1,chrUn_NW_020110077v1,chrUn_NW_020110078v1,chrUn_NW_020110079v1,chrUn_NW_020110080v1,chrUn_NW_020110081v1,chrUn_NW_020110082v1,chrUn_NW_020110083v1,chrUn_NW_020110084v1,chrUn_NW_020110085v1,chrUn_NW_020110086v1,chrUn_NW_020110087v1,chrUn_NW_020110088v1,chrUn_NW_020110089v1,chrUn_NW_020110090v1,chrUn_NW_020110091v1,chrUn_NW_020110092v1,chrUn_NW_020110093v1,chrUn_NW_020110094v1,chrUn_NW_020110095v1,chrUn_NW_020110096v1,chrUn_NW_020110097v1,chrUn_NW_020110098v1,chrUn_NW_020110099v1,chrUn_NW_020110100v1,chrUn_NW_020110101v1,chrUn_NW_020110102v1,chrUn_NW_020110103v1,chrUn_NW_020110104v1,chrUn_NW_020110105v1,chrUn_NW_020110106v1,chrUn_NW_020110107v1,chrUn_NW_020110108v1,chrUn_NW_020110109v1,chrUn_NW_020110110v1,chrUn_NW_020110111v1,chrUn_NW_020110112v1,chrUn_NW_020110113v1,chrUn_NW_020110114v1,chrUn_NW_020110115v1,chrUn_NW_020110116v1,chrUn_NW_020110117v1,chrUn_NW_020110118v1,chrUn_NW_020110119v1,chrUn_NW_020110120v1,chrUn_NW_020110121v1,chrUn_NW_020110122v1,chrUn_NW_020110123v1,chrUn_NW_020110124v1,chrUn_NW_020110125v1,chrUn_NW_020110126v1,chrUn_NW_020110127v1,chrUn_NW_020110128v1,chrUn_NW_020110129v1,chrUn_NW_020110130v1,chrUn_NW_020110131v1,chrUn_NW_020110132v1,chrUn_NW_020110133v1,chrUn_NW_020110134v1,chrUn_NW_020110135v1,chrUn_NW_020110136v1,chrUn_NW_020110137v1,chrUn_NW_020110138v1,chrUn_NW_020110139v1,chrUn_NW_020110140v1,chrUn_NW_020110141v1,chrUn_NW_020110142v1,chrUn_NW_020110143v1,chrUn_NW_020110144v1,chrUn_NW_020110145v1,chrUn_NW_020110146v1,chrUn_NW_020110147v1,chrUn_NW_020110148v1,chrUn_NW_020110149v1,chrUn_NW_020110150v1,chrUn_NW_020110151v1,chrUn_NW_020110152v1,chrUn_NW_020110153v1,chrUn_NW_020110154v1,chrUn_NW_020110155v1,chrUn_NW_020110156v1,chrUn_NW_020110157v1,chrUn_NW_020110158v1,chrUn_NW_020110159v1,chrUn_NW_020110160v1,chrUn_NW_020110161v1,chrUn_NW_020110162v1,chrUn_NW_020110163v1,chrUn_NW_020110164v1,chrUn_NW_020110165v1,chrUn_NW_020110166v1,chrUn_NW_020110167v1,chrUn_NW_020110168v1,chrUn_NW_020110169v1,chrW,chrW_NW_020109775v1_random,chrW_NW_020109776v1_random,chrW_NW_020109777v1_random,chrW_NW_020109778v1_random,chrW_NW_020109779v1_random,chrW_NW_020109780v1_random,chrW_NW_020109781v1_random,chrW_NW_020109782v1_random,chrW_NW_020109783v1_random,chrW_NW_020109784v1_random,chrW_NW_020109785v1_random,chrW_NW_020109786v1_random,chrW_NW_020109787v1_random,chrW_NW_020109788v1_random,chrW_NW_020109789v1_random,chrW_NW_020109790v1_random,chrW_NW_020109791v1_random,chrW_NW_020109792v1_random,chrW_NW_020109793v1_random,chrW_NW_020109794v1_random,chrW_NW_020109795v1_random,chrW_NW_020109796v1_random,chrW_NW_020109797v1_random,chrW_NW_020109798v1_random,chrW_NW_020109799v1_random,chrW_NW_020109800v1_random,chrW_NW_020109801v1_random,chrW_NW_020109802v1_random,chrW_NW_020109803v1_random,chrW_NW_020109804v1_random,chrW_NW_020109805v1_random,chrW_NW_020109806v1_random,chrW_NW_020109807v1_random,chrW_NW_020109808v1_random,chrW_NW_020109809v1_random,chrW_NW_020109810v1_random,chrW_NW_020109811v1_random,chrW_NW_020109812v1_random,chrW_NW_020109813v1_random,chrW_NW_020109814v1_random,chrW_NW_020109815v1_random,chrW_NW_020109816v1_random,chrW_NW_020109817v1_random,chrW_NW_020109818v1_random,chrW_NW_020109819v1_random,chrW_NW_020109820v1_random,chrW_NW_020109821v1_random,chrW_NW_020109822v1_random,chrW_NW_020109823v1_random,chrW_NW_020109824v1_random,chrW_NW_020109825v1_random,chrW_NW_020109826v1_random	45791246	1	1	1	1	1	1		/srv/beegfs/scratch/shares/ds4dh/common/ab-initio-TE/software_outputs/repeatmasker_dfam/RMDFAM_SPECIES_ANCHOR5_PLANTS_20260616/chicken/chunks/chicken_chunk_00016_bundle
chicken	45	chicken_chunk_00017_chrZ	chrZ	82529921	1	1	1	1	1	1		/srv/beegfs/scratch/shares/ds4dh/common/ab-initio-TE/software_outputs/repeatmasker_dfam/RMDFAM_SPECIES_ANCHOR5_PLANTS_20260616/chicken/chunks/chicken_chunk_00017_chrZ
chicken	46	chicken_chunk_00018_bundle	chrZ_NW_020109829v1_random	15587	1	1	1	1	1	1		/srv/beegfs/scratch/shares/ds4dh/common/ab-initio-TE/software_outputs/repeatmasker_dfam/RMDFAM_SPECIES_ANCHOR5_PLANTS_20260616/chicken/chunks/chicken_chunk_00018_bundle
zebrafish	47	zebrafish_chunk_00001_bundle	chr1_KZ114997v1_alt,chr1_KZ114998v1_alt,chr1_KZ114999v1_alt,chr1_KZ115000v1_alt,chr1_KZ115001v1_alt,chr1_KZ115002v1_alt,chr1_KZ115003v1_alt,chr1_KZ115004v1_alt,chr1_KZ115005v1_alt,chr1_KZ115006v1_alt,chr1_KZ115007v1_alt,chr1_KZ115008v1_alt,chr1_KZ115009v1_alt,chr1_KZ115010v1_alt,chr1_KZ115011v1_alt,chr1_KZ115012v1_alt,chr1_KZ115013v1_alt,chr1_KZ115014v1_alt,chr1_KZ115015v1_alt,chr1_KZ115016v1_alt,chr1_KZ115017v1_alt,chr1_KZ115018v1_alt,chr1_KZ115019v1_alt,chr1_KZ115020v1_alt,chr1_KZ115021v1_alt,chr1_KZ115022v1_alt,chr1_KZ115023v1_alt,chr1_KZ115024v1_alt,chr1_KZ115025v1_alt,chr1_KZ115026v1_alt,chr1_KZ115027v1_alt,chr1_KZ115028v1_alt,chr1_KZ115029v1_alt,chr1_KZ115030v1_alt,chr1_KZ115031v1_alt,chr1_KZ115032v1_alt,chr1_KZ115033v1_alt,chr1_KZ115034v1_alt,chr1_KZ115035v1_alt,chr1_KZ115036v1_alt,chr1_KZ115037v1_alt,chr1_KZ115038v1_alt,chr1_KZ115039v1_alt,chr1_KZ115040v1_alt,chr2_KZ115041v1_alt,chr2_KZ115042v1_alt,chr2_KZ115043v1_alt,chr2_KZ115044v1_alt,chr2_KZ115045v1_alt,chr2_KZ115046v1_alt,chr2_KZ115047v1_alt,chr2_KZ115048v1_alt,chr2_KZ115049v1_alt,chr2_KZ115050v1_alt,chr2_KZ115051v1_alt,chr2_KZ115052v1_alt,chr3_KZ115082v1_alt,chr3_KZ115053v1_alt,chr3_KZ115054v1_alt,chr3_KZ115055v1_alt,chr3_KZ115056v1_alt,chr3_KZ115083v1_alt,chr3_KZ115057v1_alt,chr3_KZ115058v1_alt,chr3_KZ115059v1_alt,chr3_KZ115060v1_alt,chr3_KZ115061v1_alt,chr3_KZ115062v1_alt,chr3_KZ115063v1_alt,chr3_KZ115064v1_alt,chr3_KZ115065v1_alt,chr3_KZ115066v1_alt,chr3_KZ115067v1_alt,chr3_KZ115068v1_alt,chr3_KZ115069v1_alt,chr3_KZ115070v1_alt,chr3_KZ115071v1_alt,chr3_KZ115072v1_alt,chr3_KZ115078v1_alt,chr3_KZ115073v1_alt,chr3_KZ115074v1_alt,chr3_KZ115075v1_alt,chr3_KZ115076v1_alt,chr3_KZ115077v1_alt,chr3_KZ115079v1_alt,chr3_KZ115080v1_alt,chr3_KZ115081v1_alt,chr4_KZ115084v1_alt,chr4_KZ115085v1_alt,chr4_KZ115086v1_alt,chr4_KZ115087v1_alt,chr4_KZ115088v1_alt,chr4_KZ115089v1_alt,chr4_KZ115090v1_alt,chr4_KZ115091v1_alt,chr4_KZ115092v1_alt,chr4_KZ115093v1_alt,chr4_KZ115094v1_alt,chr4_KZ115095v1_alt,chr4_KZ115096v1_alt,chr4_KZ115097v1_alt,chr4_KZ115098v1_alt,chr5_KZ115099v1_alt,chr5_KZ115100v1_alt,chr5_KZ115101v1_alt,chr5_KZ115102v1_alt,chr5_KZ115103v1_alt,chr5_KZ115104v1_alt,chr5_KZ115105v1_alt,chr5_KZ115106v1_alt,chr5_KZ115107v1_alt,chr5_KZ115108v1_alt,chr5_KZ115109v1_alt,chr5_KZ115110v1_alt,chr5_KZ115111v1_alt,chr5_KZ115112v1_alt,chr5_KZ115113v1_alt,chr5_KZ115114v1_alt,chr5_KZ115115v1_alt,chr5_KZ115116v1_alt,chr5_KZ115117v1_alt,chr5_KZ115118v1_alt,chr5_KZ115119v1_alt,chr5_KZ115120v1_alt,chr5_KZ115121v1_alt,chr5_KZ115122v1_alt,chr5_KZ115123v1_alt,chr5_KZ115124v1_alt,chr5_KZ115125v1_alt,chr5_KZ115126v1_alt,chr5_KZ115127v1_alt,chr5_KZ115128v1_alt,chr5_KZ115129v1_alt,chr5_KZ115130v1_alt,chr5_KZ115131v1_alt,chr5_KZ115132v1_alt,chr5_KZ115133v1_alt,chr5_KZ115134v1_alt,chr5_KZ115135v1_alt,chr5_KZ115136v1_alt,chr5_KZ115137v1_alt,chr5_KZ115138v1_alt,chr5_KZ115139v1_alt,chr5_KZ115140v1_alt,chr5_KZ115141v1_alt,chr5_KZ115142v1_alt,chr5_KZ115143v1_alt,chr5_KZ115144v1_alt,chr5_KZ115145v1_alt,chr5_KZ115146v1_alt,chr5_KZ115147v1_alt,chr5_KZ115148v1_alt,chr5_KZ115149v1_alt,chr5_KZ115150v1_alt,chr5_KZ115151v1_alt	49889601	1	1	1	1	1	1		/srv/beegfs/scratch/shares/ds4dh/common/ab-initio-TE/software_outputs/repeatmasker_dfam/RMDFAM_SPECIES_ANCHOR5_PLANTS_20260616/zebrafish/chunks/zebrafish_chunk_00001_bundle
zebrafish	48	zebrafish_chunk_00002_bundle	chr5_KZ115152v1_alt,chr5_KZ115153v1_alt,chr5_KZ115154v1_alt,chr5_KZ115155v1_alt,chr5_KZ115156v1_alt,chr5_KZ115157v1_alt,chr5_KZ115158v1_alt,chr5_KZ115159v1_alt,chr6_KZ115160v1_alt,chr6_KZ115161v1_alt,chr6_KZ115162v1_alt,chr6_KZ115163v1_alt,chr6_KZ115164v1_alt,chr6_KZ115165v1_alt,chr6_KZ115166v1_alt,chr6_KZ115167v1_alt,chr6_KZ115168v1_alt,chr6_KZ115173v1_alt,chr6_KZ115174v1_alt,chr6_KZ115175v1_alt,chr6_KZ115176v1_alt,chr6_KZ115170v1_alt,chr6_KZ115171v1_alt,chr6_KZ115172v1_alt,chr6_KZ115169v1_alt,chr6_KZ115177v1_alt,chr6_KZ115178v1_alt,chr6_KZ115179v1_alt,chr6_KZ115180v1_alt,chr6_KZ115181v1_alt,chr6_KZ115182v1_alt,chr6_KZ115183v1_alt,chr6_KZ115184v1_alt,chr6_KZ115185v1_alt,chr6_KZ115186v1_alt,chr6_KZ115187v1_alt,chr6_KZ115188v1_alt,chr6_KZ115189v1_alt,chr6_KZ115190v1_alt,chr6_KZ115191v1_alt,chr6_KZ115192v1_alt,chr6_KZ115193v1_alt,chr6_KZ115194v1_alt,chr6_KZ115195v1_alt,chr6_KZ115196v1_alt,chr6_KZ115197v1_alt,chr6_KZ115198v1_alt,chr6_KZ115199v1_alt,chr6_KZ115200v1_alt,chr6_KZ115201v1_alt,chr6_KZ115202v1_alt,chr6_KZ115203v1_alt,chr6_KZ115204v1_alt,chr6_KZ115205v1_alt,chr6_KZ115206v1_alt,chr6_KZ115207v1_alt,chr7_KZ115208v1_alt,chr7_KZ115209v1_alt,chr7_KZ115210v1_alt,chr7_KZ115211v1_alt,chr7_KZ115212v1_alt,chr7_KZ115213v1_alt,chr7_KZ115214v1_alt,chr7_KZ115215v1_alt,chr7_KZ115216v1_alt,chr7_KZ115217v1_alt,chr7_KZ115218v1_alt,chr7_KZ115219v1_alt,chr7_KZ115220v1_alt,chr7_KZ115221v1_alt,chr7_KZ115222v1_alt,chr7_KZ115223v1_alt,chr7_KZ115224v1_alt,chr7_KZ115225v1_alt,chr7_KZ115226v1_alt,chr7_KZ115227v1_alt,chr7_KZ115228v1_alt,chr7_KZ115229v1_alt,chr7_KZ115230v1_alt,chr7_KZ115231v1_alt,chr7_KZ115232v1_alt,chr7_KZ115233v1_alt,chr7_KZ115234v1_alt,chr7_KZ115235v1_alt,chr7_KZ115236v1_alt,chr7_KZ115237v1_alt,chr7_KZ115238v1_alt,chr7_KZ115239v1_alt,chr7_KZ115240v1_alt,chr7_KZ115252v1_alt,chr7_KZ115241v1_alt,chr7_KZ115242v1_alt,chr7_KZ115243v1_alt,chr7_KZ115244v1_alt,chr7_KZ115245v1_alt,chr7_KZ115246v1_alt,chr7_KZ115247v1_alt,chr7_KZ115248v1_alt,chr7_KZ115249v1_alt,chr7_KZ115250v1_alt,chr7_KZ115251v1_alt,chr8_KZ115253v1_alt,chr8_KZ115254v1_alt,chr8_KZ115255v1_alt,chr8_KZ115256v1_alt,chr8_KZ115257v1_alt,chr8_KZ115258v1_alt,chr8_KZ115259v1_alt,chr8_KZ115260v1_alt,chr8_KZ115261v1_alt,chr8_KZ115262v1_alt,chr8_KZ115263v1_alt,chr8_KZ115264v1_alt,chr8_KZ115265v1_alt,chr8_KZ115266v1_alt,chr8_KZ115267v1_alt,chr8_KZ115268v1_alt,chr8_KZ115269v1_alt,chr8_KZ115270v1_alt,chr8_KZ115271v1_alt,chr8_KZ115272v1_alt,chr8_KZ115273v1_alt,chr8_KZ115274v1_alt,chr8_KZ115275v1_alt,chr8_KZ115276v1_alt,chr8_KZ115277v1_alt,chr8_KZ115278v1_alt,chr8_KZ115279v1_alt,chr9_KZ115280v1_alt,chr9_KZ115281v1_alt,chr9_KZ115282v1_alt,chr9_KZ115283v1_alt,chr9_KZ115284v1_alt,chr9_KZ115285v1_alt,chr9_KZ115286v1_alt,chr9_KZ115287v1_alt,chr9_KZ115288v1_alt,chr9_KZ115289v1_alt,chr9_KZ115290v1_alt,chr9_KZ115291v1_alt,chr9_KZ115292v1_alt,chr9_KZ115293v1_alt,chr9_KZ115294v1_alt,chr9_KZ115295v1_alt,chr9_KZ115296v1_alt	49598231	1	1	1	1	1	1		/srv/beegfs/scratch/shares/ds4dh/common/ab-initio-TE/software_outputs/repeatmasker_dfam/RMDFAM_SPECIES_ANCHOR5_PLANTS_20260616/zebrafish/chunks/zebrafish_chunk_00002_bundle
zebrafish	49	zebrafish_chunk_00003_bundle	chr9_KZ115297v1_alt,chr9_KZ115298v1_alt,chr9_KZ115299v1_alt,chr10_KZ115336v1_alt,chr10_KZ115300v1_alt,chr10_KZ115301v1_alt,chr10_KZ115302v1_alt,chr10_KZ115303v1_alt,chr10_KZ115305v1_alt,chr10_KZ115306v1_alt,chr10_KZ115307v1_alt,chr10_KZ115304v1_alt,chr10_KZ115308v1_alt,chr10_KZ115309v1_alt,chr10_KZ115310v1_alt,chr10_KZ115311v1_alt,chr10_KZ115312v1_alt,chr10_KZ115313v1_alt,chr10_KZ115314v1_alt,chr10_KZ115315v1_alt,chr10_KZ115316v1_alt,chr10_KZ115317v1_alt,chr10_KZ115318v1_alt,chr10_KZ115319v1_alt,chr10_KZ115320v1_alt,chr10_KZ115321v1_alt,chr10_KZ115322v1_alt,chr10_KZ115323v1_alt,chr10_KZ115324v1_alt,chr10_KZ115325v1_alt,chr10_KZ115326v1_alt,chr10_KZ115327v1_alt,chr10_KZ115328v1_alt,chr10_KZ115329v1_alt,chr10_KZ115330v1_alt,chr10_KZ115331v1_alt,chr10_KZ115332v1_alt,chr10_KZ115333v1_alt,chr10_KZ115334v1_alt,chr10_KZ115335v1_alt,chr11_KZ115337v1_alt,chr11_KZ115338v1_alt,chr11_KZ115339v1_alt,chr11_KZ115340v1_alt,chr11_KZ115341v1_alt,chr11_KZ115342v1_alt,chr11_KZ115365v1_alt,chr11_KZ115343v1_alt,chr11_KZ115344v1_alt,chr11_KZ115345v1_alt,chr11_KZ115346v1_alt,chr11_KZ115347v1_alt,chr11_KZ115348v1_alt,chr11_KZ115349v1_alt,chr11_KZ115350v1_alt,chr11_KZ115351v1_alt,chr11_KZ115352v1_alt,chr11_KZ115353v1_alt,chr11_KZ115354v1_alt,chr11_KZ115355v1_alt,chr11_KZ115356v1_alt,chr11_KZ115357v1_alt,chr11_KZ115358v1_alt,chr11_KZ115359v1_alt,chr11_KZ115360v1_alt,chr11_KZ115361v1_alt,chr11_KZ115362v1_alt,chr11_KZ115363v1_alt,chr11_KZ115364v1_alt,chr12_KZ115366v1_alt,chr12_KZ115367v1_alt,chr12_KZ115368v1_alt,chr12_KZ115369v1_alt,chr12_KZ115370v1_alt,chr12_KZ115371v1_alt,chr12_KZ115372v1_alt,chr12_KZ115373v1_alt,chr12_KZ115374v1_alt,chr12_KZ115375v1_alt,chr12_KZ115376v1_alt,chr12_KZ115377v1_alt,chr12_KZ115378v1_alt,chr12_KZ115379v1_alt,chr12_KZ115380v1_alt,chr12_KZ115381v1_alt,chr12_KZ115382v1_alt,chr12_KZ115383v1_alt,chr12_KZ115384v1_alt,chr12_KZ115385v1_alt,chr12_KZ115386v1_alt,chr12_KZ115387v1_alt,chr12_KZ115388v1_alt,chr12_KZ115389v1_alt,chr12_KZ115390v1_alt,chr12_KZ115391v1_alt,chr12_KZ115392v1_alt,chr12_KZ115393v1_alt,chr12_KZ115395v1_alt,chr12_KZ115394v1_alt,chr12_KZ115396v1_alt,chr13_KZ115397v1_alt,chr13_KZ115398v1_alt,chr13_KZ115399v1_alt,chr13_KZ115400v1_alt,chr13_KZ115401v1_alt,chr13_KZ115402v1_alt,chr13_KZ115403v1_alt,chr13_KZ115404v1_alt,chr13_KZ115405v1_alt,chr13_KZ115406v1_alt,chr13_KZ115407v1_alt,chr13_KZ115408v1_alt,chr13_KZ115409v1_alt,chr13_KZ115410v1_alt,chr13_KZ115411v1_alt,chr13_KZ115412v1_alt,chr13_KZ115413v1_alt,chr13_KZ115414v1_alt,chr13_KZ115415v1_alt,chr13_KZ115416v1_alt,chr13_KZ115417v1_alt,chr13_KZ115418v1_alt,chr13_KZ115419v1_alt,chr13_KZ115420v1_alt,chr13_KZ115421v1_alt,chr13_KZ115422v1_alt,chr13_KZ115423v1_alt,chr13_KZ115424v1_alt,chr13_KZ115425v1_alt,chr13_KZ115426v1_alt,chr13_KZ115427v1_alt,chr14_KZ115428v1_alt,chr14_KZ115429v1_alt,chr14_KZ115430v1_alt,chr14_KZ115431v1_alt,chr14_KZ115432v1_alt,chr14_KZ115433v1_alt,chr14_KZ115434v1_alt,chr14_KZ115435v1_alt,chr14_KZ115436v1_alt,chr14_KZ115437v1_alt,chr14_KZ115438v1_alt,chr14_KZ115439v1_alt,chr14_KZ115440v1_alt,chr14_KZ115441v1_alt,chr14_KZ115442v1_alt,chr14_KZ115443v1_alt,chr14_KZ115444v1_alt,chr14_KZ115445v1_alt	49352218	1	1	1	1	1	1		/srv/beegfs/scratch/shares/ds4dh/common/ab-initio-TE/software_outputs/repeatmasker_dfam/RMDFAM_SPECIES_ANCHOR5_PLANTS_20260616/zebrafish/chunks/zebrafish_chunk_00003_bundle
zebrafish	50	zebrafish_chunk_00004_bundle	chr14_KZ115446v1_alt,chr14_KZ115447v1_alt,chr14_KZ115448v1_alt,chr14_KZ115449v1_alt,chr14_KZ115450v1_alt,chr14_KZ115451v1_alt,chr14_KZ115452v1_alt,chr14_KZ115453v1_alt,chr14_KZ115454v1_alt,chr14_KZ115455v1_alt,chr14_KZ115456v1_alt,chr14_KZ115457v1_alt,chr14_KZ115458v1_alt,chr14_KZ115459v1_alt,chr14_KZ115460v1_alt,chr14_KZ115461v1_alt,chr14_KZ115462v1_alt,chr14_KZ115463v1_alt,chr14_KZ115464v1_alt,chr14_KZ115465v1_alt,chr14_KZ115466v1_alt,chr14_KZ115467v1_alt,chr14_KZ115468v1_alt,chr15_KZ115469v1_alt,chr15_KZ115470v1_alt,chr15_KZ115471v1_alt,chr15_KZ115472v1_alt,chr15_KZ115473v1_alt,chr15_KZ115474v1_alt,chr15_KZ115475v1_alt,chr15_KZ115476v1_alt,chr15_KZ115477v1_alt,chr15_KZ115478v1_alt,chr15_KZ115479v1_alt,chr15_KZ115480v1_alt,chr15_KZ115481v1_alt,chr15_KZ115482v1_alt,chr15_KZ115483v1_alt,chr15_KZ115484v1_alt,chr15_KZ115485v1_alt,chr15_KZ115486v1_alt,chr16_KZ115487v1_alt,chr16_KZ115488v1_alt,chr16_KZ115489v1_alt,chr16_KZ115490v1_alt,chr16_KZ115491v1_alt,chr16_KZ115492v1_alt,chr16_KZ115493v1_alt,chr16_KZ115494v1_alt,chr16_KZ115495v1_alt,chr16_KZ115496v1_alt,chr16_KZ115497v1_alt,chr16_KZ115498v1_alt,chr16_KZ115499v1_alt,chr16_KZ115500v1_alt,chr16_KZ115501v1_alt,chr16_KZ115502v1_alt,chr16_KZ115503v1_alt,chr16_KZ115504v1_alt,chr16_KZ115505v1_alt,chr16_KZ115506v1_alt,chr16_KZ115507v1_alt,chr16_KZ115508v1_alt,chr16_KZ115509v1_alt,chr17_KZ115510v1_alt,chr17_KZ115511v1_alt,chr17_KZ115512v1_alt,chr17_KZ115513v1_alt,chr17_KZ115514v1_alt,chr17_KZ115515v1_alt,chr17_KZ115516v1_alt,chr17_KZ115517v1_alt,chr17_KZ115518v1_alt,chr17_KZ115519v1_alt,chr17_KZ115520v1_alt,chr17_KZ115521v1_alt,chr17_KZ115522v1_alt,chr17_KZ115523v1_alt,chr17_KZ115524v1_alt,chr17_KZ115525v1_alt,chr17_KZ115526v1_alt,chr17_KZ115527v1_alt,chr17_KZ115528v1_alt,chr17_KZ115529v1_alt,chr17_KZ115530v1_alt,chr17_KZ115531v1_alt,chr17_KZ115532v1_alt,chr17_KZ115533v1_alt,chr17_KZ115534v1_alt,chr17_KZ115535v1_alt,chr17_KZ115536v1_alt,chr17_KZ115537v1_alt,chr18_KZ115538v1_alt,chr18_KZ115539v1_alt,chr18_KZ115540v1_alt,chr18_KZ115541v1_alt,chr18_KZ115542v1_alt,chr18_KZ115543v1_alt,chr18_KZ115544v1_alt,chr18_KZ115545v1_alt,chr18_KZ115546v1_alt,chr18_KZ115547v1_alt,chr18_KZ115548v1_alt,chr18_KZ115549v1_alt,chr18_KZ115550v1_alt,chr18_KZ115551v1_alt,chr18_KZ115552v1_alt,chr18_KZ115553v1_alt,chr18_KZ115554v1_alt,chr18_KZ115555v1_alt,chr18_KZ115556v1_alt,chr18_KZ115557v1_alt,chr18_KZ115558v1_alt,chr18_KZ115559v1_alt,chr18_KZ115560v1_alt,chr18_KZ115561v1_alt,chr18_KZ115562v1_alt,chr18_KZ115563v1_alt,chr18_KZ115564v1_alt,chr18_KZ115565v1_alt,chr18_KZ115566v1_alt,chr18_KZ115567v1_alt,chr18_KZ115568v1_alt,chr18_KZ115569v1_alt,chr18_KZ115570v1_alt,chr18_KZ115571v1_alt,chr18_KZ115572v1_alt,chr18_KZ115573v1_alt,chr18_KZ115574v1_alt,chr18_KZ115575v1_alt,chr18_KZ115576v1_alt,chr18_KZ115577v1_alt,chr18_KZ115578v1_alt,chr18_KZ115579v1_alt,chr18_KZ115580v1_alt,chr18_KZ115581v1_alt,chr18_KZ115582v1_alt,chr18_KZ115583v1_alt,chr18_KZ115584v1_alt,chr18_KZ115585v1_alt,chr18_KZ115586v1_alt,chr19_KZ115587v1_alt,chr19_KZ115588v1_alt,chr19_KZ115589v1_alt,chr19_KZ115590v1_alt,chr19_KZ115591v1_alt,chr19_KZ115592v1_alt,chr19_KZ115593v1_alt,chr19_KZ115594v1_alt,chr19_KZ115595v1_alt,chr19_KZ115596v1_alt,chr20_KZ115597v1_alt,chr20_KZ115598v1_alt,chr20_KZ115599v1_alt	49657350	1	1	1	1	1	1		/srv/beegfs/scratch/shares/ds4dh/common/ab-initio-TE/software_outputs/repeatmasker_dfam/RMDFAM_SPECIES_ANCHOR5_PLANTS_20260616/zebrafish/chunks/zebrafish_chunk_00004_bundle
zebrafish	51	zebrafish_chunk_00005_bundle	chr20_KZ115600v1_alt,chr20_KZ115601v1_alt,chr20_KZ115602v1_alt,chr20_KZ115603v1_alt,chr20_KZ115604v1_alt,chr20_KZ115605v1_alt,chr20_KZ115606v1_alt,chr20_KZ115607v1_alt,chr20_KZ115608v1_alt,chr20_KZ115609v1_alt,chr20_KZ115610v1_alt,chr20_KZ115611v1_alt,chr20_KZ115612v1_alt,chr20_KZ115613v1_alt,chr20_KZ115614v1_alt,chr21_KZ115615v1_alt,chr21_KZ115616v1_alt,chr21_KZ115617v1_alt,chr21_KZ115618v1_alt,chr21_KZ115619v1_alt,chr21_KZ115620v1_alt,chr21_KZ115621v1_alt,chr21_KZ115622v1_alt,chr21_KZ115623v1_alt,chr21_KZ115624v1_alt,chr21_KZ115625v1_alt,chr21_KZ115626v1_alt,chr21_KZ115627v1_alt,chr21_KZ115628v1_alt,chr21_KZ115629v1_alt,chr21_KZ115630v1_alt,chr21_KZ115631v1_alt,chr21_KZ115632v1_alt,chr21_KZ115633v1_alt,chr21_KZ115634v1_alt,chr22_KZ115635v1_alt,chr22_KZ115636v1_alt,chr22_KZ115637v1_alt,chr22_KZ115638v1_alt,chr22_KZ115639v1_alt,chr22_KZ115640v1_alt,chr22_KZ115641v1_alt,chr22_KZ115642v1_alt,chr22_KZ115643v1_alt,chr22_KZ115644v1_alt,chr22_KZ115645v1_alt,chr22_KZ115646v1_alt,chr22_KZ115647v1_alt,chr22_KZ115648v1_alt,chr22_KZ115649v1_alt,chr22_KZ115663v1_alt,chr22_KZ115650v1_alt,chr22_KZ115651v1_alt,chr22_KZ115652v1_alt,chr22_KZ115653v1_alt,chr22_KZ115654v1_alt,chr22_KZ115655v1_alt,chr22_KZ115656v1_alt,chr22_KZ115657v1_alt,chr22_KZ115658v1_alt,chr22_KZ115659v1_alt,chr22_KZ115660v1_alt,chr22_KZ115661v1_alt,chr22_KZ115662v1_alt,chr23_KZ115664v1_alt,chr23_KZ115665v1_alt,chr23_KZ115666v1_alt,chr23_KZ115667v1_alt,chr23_KZ115669v1_alt,chr23_KZ115670v1_alt,chr23_KZ115671v1_alt,chr23_KZ115672v1_alt,chr23_KZ115673v1_alt,chr23_KZ115674v1_alt,chr23_KZ115675v1_alt,chr23_KZ115668v1_alt,chr23_KZ115676v1_alt,chr23_KZ115677v1_alt,chr23_KZ115678v1_alt,chr23_KZ115679v1_alt,chr23_KZ115680v1_alt,chr23_KZ115681v1_alt,chr23_KZ115682v1_alt,chr23_KZ115683v1_alt,chr23_KZ115684v1_alt,chr23_KZ115685v1_alt,chr23_KZ115686v1_alt,chr23_KZ115687v1_alt,chr23_KZ115688v1_alt,chr23_KZ115689v1_alt,chr23_KZ115690v1_alt,chr23_KZ115691v1_alt,chr23_KZ115692v1_alt,chr23_KZ115693v1_alt,chr23_KZ115694v1_alt,chr23_KZ115695v1_alt,chr23_KZ115696v1_alt,chr23_KZ115697v1_alt,chr23_KZ115698v1_alt,chr23_KZ115699v1_alt,chr23_KZ115700v1_alt,chr24_KZ115701v1_alt,chr24_KZ115702v1_alt,chr24_KZ115703v1_alt,chr24_KZ115704v1_alt,chr24_KZ115705v1_alt,chr24_KZ115706v1_alt,chr24_KZ115707v1_alt,chr24_KZ115708v1_alt,chr24_KZ115709v1_alt,chr24_KZ115710v1_alt,chr24_KZ115711v1_alt,chr24_KZ115712v1_alt,chr24_KZ115713v1_alt,chr24_KZ115714v1_alt,chr24_KZ115715v1_alt,chr24_KZ115716v1_alt,chr24_KZ115717v1_alt,chr24_KZ115718v1_alt,chr24_KZ115719v1_alt,chr24_KZ115720v1_alt,chr24_KZ115721v1_alt,chr24_KZ115722v1_alt,chr25_KZ115723v1_alt,chr25_KZ115724v1_alt,chr25_KZ115725v1_alt,chr25_KZ115726v1_alt,chr25_KZ115727v1_alt,chr25_KZ115728v1_alt,chr25_KZ115729v1_alt,chr25_KZ115730v1_alt,chr25_KZ115731v1_alt,chr25_KZ115732v1_alt,chr25_KZ115733v1_alt,chr25_KZ115734v1_alt,chr25_KZ115735v1_alt,chr25_KZ115736v1_alt,chr25_KZ115737v1_alt,chr25_KZ115738v1_alt,chr25_KZ115739v1_alt,chr25_KZ115740v1_alt,chr25_KZ115741v1_alt,chr25_KZ115742v1_alt,chr25_KZ115743v1_alt,chr25_KZ115744v1_alt,chr25_KZ115745v1_alt,chr1_KZ114834v1_alt,chr1_KZ114835v1_alt,chr1_KZ114836v1_alt,chr1_KZ114837v1_alt,chr1_KZ114838v1_alt,chr1_KZ114839v1_alt,chr1_KZ114840v1_alt,chr1_KZ114841v1_alt	49910347	1	1	1	1	1	1		/srv/beegfs/scratch/shares/ds4dh/common/ab-initio-TE/software_outputs/repeatmasker_dfam/RMDFAM_SPECIES_ANCHOR5_PLANTS_20260616/zebrafish/chunks/zebrafish_chunk_00005_bundle
zebrafish	52	zebrafish_chunk_00006_bundle	chr1_KZ114842v1_alt,chr1_KZ114843v1_alt,chr1_KZ114844v1_alt,chr1_KZ114845v1_alt,chr1_KZ114846v1_alt,chr1_KZ114847v1_alt,chr2_KZ114848v1_alt,chr2_KZ114849v1_alt,chr3_KZ114850v1_alt,chr3_KZ114851v1_alt,chr3_KZ114852v1_alt,chr3_KZ114853v1_alt,chr3_KZ114854v1_alt,chr4_KZ114855v1_alt,chr4_KZ114856v1_alt,chr4_KZ114857v1_alt,chr4_KZ114858v1_alt,chr5_KZ114859v1_alt,chr5_KZ114860v1_alt,chr5_KZ114861v1_alt,chr5_KZ114862v1_alt,chr5_KZ114863v1_alt,chr5_KZ114864v1_alt,chr5_KZ114865v1_alt,chr5_KZ114866v1_alt,chr5_KZ114867v1_alt,chr5_KZ114868v1_alt,chr5_KZ114869v1_alt,chr5_KZ114870v1_alt,chr5_KZ114871v1_alt,chr5_KZ114872v1_alt,chr5_KZ114873v1_alt,chr6_KZ114874v1_alt,chr6_KZ114875v1_alt,chr6_KZ114877v1_alt,chr6_KZ114878v1_alt,chr6_KZ114876v1_alt,chr6_KZ114879v1_alt,chr6_KZ114880v1_alt,chr6_KZ114881v1_alt,chr6_KZ114882v1_alt,chr6_KZ114883v1_alt,chr6_KZ114884v1_alt,chr6_KZ114885v1_alt,chr6_KZ114886v1_alt,chr6_KZ114887v1_alt,chr7_KZ114888v1_alt,chr7_KZ114889v1_alt,chr7_KZ114890v1_alt,chr7_KZ114891v1_alt,chr7_KZ114892v1_alt,chr7_KZ114893v1_alt,chr7_KZ114894v1_alt,chr8_KZ114895v1_alt,chr8_KZ114896v1_alt,chr8_KZ114897v1_alt,chr8_KZ114898v1_alt,chr8_KZ114899v1_alt,chr8_KZ114900v1_alt,chr9_KZ114901v1_alt,chr9_KZ114902v1_alt,chr9_KZ114903v1_alt,chr9_KZ114904v1_alt,chr9_KZ114905v1_alt,chr9_KZ114906v1_alt,chr9_KZ114907v1_alt,chr9_KZ114908v1_alt,chr9_KZ114909v1_alt,chr9_KZ114910v1_alt,chr10_KZ114911v1_alt,chr10_KZ114912v1_alt,chr10_KZ114913v1_alt,chr10_KZ114914v1_alt,chr10_KZ114915v1_alt,chr10_KZ114916v1_alt,chr10_KZ114917v1_alt,chr10_KZ114918v1_alt,chr11_KZ114919v1_alt,chr11_KZ114920v1_alt,chr11_KZ114921v1_alt,chr11_KZ114922v1_alt,chr11_KZ114923v1_alt,chr11_KZ114924v1_alt,chr11_KZ114925v1_alt,chr12_KZ114926v1_alt,chr12_KZ114927v1_alt,chr12_KZ114928v1_alt,chr12_KZ114929v1_alt,chr13_KZ114930v1_alt,chr13_KZ114931v1_alt,chr13_KZ114932v1_alt,chr13_KZ114933v1_alt,chr13_KZ114934v1_alt,chr13_KZ114935v1_alt,chr14_KZ114936v1_alt,chr14_KZ114937v1_alt,chr14_KZ114938v1_alt,chr14_KZ114939v1_alt,chr14_KZ114940v1_alt,chr14_KZ114941v1_alt,chr14_KZ114942v1_alt,chr14_KZ114943v1_alt,chr14_KZ114944v1_alt,chr15_KZ114945v1_alt,chr15_KZ114946v1_alt,chr15_KZ114947v1_alt,chr15_KZ114948v1_alt,chr16_KZ114949v1_alt,chr16_KZ114950v1_alt,chr16_KZ114951v1_alt,chr17_KZ114952v1_alt,chr17_KZ114953v1_alt,chr17_KZ114954v1_alt,chr17_KZ114955v1_alt,chr17_KZ114956v1_alt,chr17_KZ114957v1_alt,chr18_KZ114958v1_alt,chr18_KZ114959v1_alt,chr18_KZ114960v1_alt,chr18_KZ114961v1_alt,chr18_KZ114962v1_alt,chr18_KZ114963v1_alt,chr18_KZ114964v1_alt,chr18_KZ114965v1_alt,chr18_KZ114966v1_alt,chr18_KZ114967v1_alt,chr20_KZ114968v1_alt,chr20_KZ114969v1_alt,chr20_KZ114970v1_alt,chr21_KZ114971v1_alt,chr21_KZ114972v1_alt,chr21_KZ114973v1_alt,chr21_KZ114974v1_alt,chr22_KZ114975v1_alt,chr22_KZ114976v1_alt,chr22_KZ114977v1_alt,chr22_KZ114978v1_alt,chr22_KZ114979v1_alt,chr22_KZ114980v1_alt,chr22_KZ114981v1_alt,chr22_KZ114982v1_alt,chr23_KZ114983v1_alt,chr23_KZ114984v1_alt,chr23_KZ114985v1_alt,chr23_KZ114986v1_alt,chr23_KZ114987v1_alt,chr24_KZ114988v1_alt,chr24_KZ114989v1_alt,chr24_KZ114990v1_alt,chr24_KZ114991v1_alt,chr24_KZ114992v1_alt	49902612	1	1	1	1	1	1		/srv/beegfs/scratch/shares/ds4dh/common/ab-initio-TE/software_outputs/repeatmasker_dfam/RMDFAM_SPECIES_ANCHOR5_PLANTS_20260616/zebrafish/chunks/zebrafish_chunk_00006_bundle
zebrafish	53	zebrafish_chunk_00007_bundle	chr24_KZ114993v1_alt,chr25_KZ114994v1_alt,chr25_KZ114995v1_alt,chr25_KZ114996v1_alt,chr1_KZ115746v1_alt,chr1_KZ115747v1_alt,chr5_KZ115748v1_alt,chr5_KZ115749v1_alt,chr5_KZ115750v1_alt,chr6_KZ115751v1_alt,chr6_KZ115752v1_alt,chr6_KZ115753v1_alt,chr6_KZ115754v1_alt,chr6_KZ115755v1_alt,chr6_KZ115756v1_alt,chr9_KZ115757v1_alt,chr11_KZ115758v1_alt,chr11_KZ115759v1_alt,chr14_KZ115760v1_alt,chr6_KZ115761v1_alt,chr11_KZ115762v1_alt,chr14_KZ115763v1_alt	7421726	1	1	1	1	1	1		/srv/beegfs/scratch/shares/ds4dh/common/ab-initio-TE/software_outputs/repeatmasker_dfam/RMDFAM_SPECIES_ANCHOR5_PLANTS_20260616/zebrafish/chunks/zebrafish_chunk_00007_bundle
zebrafish	54	zebrafish_chunk_00008_chr1	chr1	59578282	1	1	1	1	1	1		/srv/beegfs/scratch/shares/ds4dh/common/ab-initio-TE/software_outputs/repeatmasker_dfam/RMDFAM_SPECIES_ANCHOR5_PLANTS_20260616/zebrafish/chunks/zebrafish_chunk_00008_chr1
zebrafish	55	zebrafish_chunk_00009_bundle	chr10	45420867	1	1	1	1	1	1		/srv/beegfs/scratch/shares/ds4dh/common/ab-initio-TE/software_outputs/repeatmasker_dfam/RMDFAM_SPECIES_ANCHOR5_PLANTS_20260616/zebrafish/chunks/zebrafish_chunk_00009_bundle
zebrafish	56	zebrafish_chunk_00010_bundle	chr11	45484837	1	1	1	1	1	1		/srv/beegfs/scratch/shares/ds4dh/common/ab-initio-TE/software_outputs/repeatmasker_dfam/RMDFAM_SPECIES_ANCHOR5_PLANTS_20260616/zebrafish/chunks/zebrafish_chunk_00010_bundle
zebrafish	57	zebrafish_chunk_00011_bundle	chr12	49182954	1	1	1	1	1	1		/srv/beegfs/scratch/shares/ds4dh/common/ab-initio-TE/software_outputs/repeatmasker_dfam/RMDFAM_SPECIES_ANCHOR5_PLANTS_20260616/zebrafish/chunks/zebrafish_chunk_00011_bundle
zebrafish	58	zebrafish_chunk_00012_chr13	chr13	52186027	1	1	1	1	1	1		/srv/beegfs/scratch/shares/ds4dh/common/ab-initio-TE/software_outputs/repeatmasker_dfam/RMDFAM_SPECIES_ANCHOR5_PLANTS_20260616/zebrafish/chunks/zebrafish_chunk_00012_chr13
zebrafish	59	zebrafish_chunk_00013_chr14	chr14	52660232	1	1	1	1	1	1		/srv/beegfs/scratch/shares/ds4dh/common/ab-initio-TE/software_outputs/repeatmasker_dfam/RMDFAM_SPECIES_ANCHOR5_PLANTS_20260616/zebrafish/chunks/zebrafish_chunk_00013_chr14
zebrafish	60	zebrafish_chunk_00014_bundle	chr15	48040578	1	1	1	1	1	1		/srv/beegfs/scratch/shares/ds4dh/common/ab-initio-TE/software_outputs/repeatmasker_dfam/RMDFAM_SPECIES_ANCHOR5_PLANTS_20260616/zebrafish/chunks/zebrafish_chunk_00014_bundle
zebrafish	61	zebrafish_chunk_00015_chr16	chr16	55266484	1	1	1	1	1	1		/srv/beegfs/scratch/shares/ds4dh/common/ab-initio-TE/software_outputs/repeatmasker_dfam/RMDFAM_SPECIES_ANCHOR5_PLANTS_20260616/zebrafish/chunks/zebrafish_chunk_00015_chr16
zebrafish	62	zebrafish_chunk_00016_chr17	chr17	53461100	1	1	1	1	1	1		/srv/beegfs/scratch/shares/ds4dh/common/ab-initio-TE/software_outputs/repeatmasker_dfam/RMDFAM_SPECIES_ANCHOR5_PLANTS_20260616/zebrafish/chunks/zebrafish_chunk_00016_chr17
zebrafish	63	zebrafish_chunk_00017_chr18	chr18	51023478	1	1	1	1	1	1		/srv/beegfs/scratch/shares/ds4dh/common/ab-initio-TE/software_outputs/repeatmasker_dfam/RMDFAM_SPECIES_ANCHOR5_PLANTS_20260616/zebrafish/chunks/zebrafish_chunk_00017_chr18
zebrafish	64	zebrafish_chunk_00018_bundle	chr19	48449771	1	1	1	1	1	1		/srv/beegfs/scratch/shares/ds4dh/common/ab-initio-TE/software_outputs/repeatmasker_dfam/RMDFAM_SPECIES_ANCHOR5_PLANTS_20260616/zebrafish/chunks/zebrafish_chunk_00018_bundle
zebrafish	65	zebrafish_chunk_00019_chr2	chr2	59640629	1	1	1	1	1	1		/srv/beegfs/scratch/shares/ds4dh/common/ab-initio-TE/software_outputs/repeatmasker_dfam/RMDFAM_SPECIES_ANCHOR5_PLANTS_20260616/zebrafish/chunks/zebrafish_chunk_00019_chr2
zebrafish	66	zebrafish_chunk_00020_chr20	chr20	55201332	1	1	1	1	1	1		/srv/beegfs/scratch/shares/ds4dh/common/ab-initio-TE/software_outputs/repeatmasker_dfam/RMDFAM_SPECIES_ANCHOR5_PLANTS_20260616/zebrafish/chunks/zebrafish_chunk_00020_chr20
zebrafish	67	zebrafish_chunk_00021_bundle	chr21	45934066	1	1	1	1	1	1		/srv/beegfs/scratch/shares/ds4dh/common/ab-initio-TE/software_outputs/repeatmasker_dfam/RMDFAM_SPECIES_ANCHOR5_PLANTS_20260616/zebrafish/chunks/zebrafish_chunk_00021_bundle
zebrafish	68	zebrafish_chunk_00022_bundle	chr22	39133080	1	1	1	1	1	1		/srv/beegfs/scratch/shares/ds4dh/common/ab-initio-TE/software_outputs/repeatmasker_dfam/RMDFAM_SPECIES_ANCHOR5_PLANTS_20260616/zebrafish/chunks/zebrafish_chunk_00022_bundle
zebrafish	69	zebrafish_chunk_00023_bundle	chr23	46223584	1	1	1	1	1	1		/srv/beegfs/scratch/shares/ds4dh/common/ab-initio-TE/software_outputs/repeatmasker_dfam/RMDFAM_SPECIES_ANCHOR5_PLANTS_20260616/zebrafish/chunks/zebrafish_chunk_00023_bundle
zebrafish	70	zebrafish_chunk_00024_bundle	chr24	42172926	1	1	1	1	1	1		/srv/beegfs/scratch/shares/ds4dh/common/ab-initio-TE/software_outputs/repeatmasker_dfam/RMDFAM_SPECIES_ANCHOR5_PLANTS_20260616/zebrafish/chunks/zebrafish_chunk_00024_bundle
zebrafish	71	zebrafish_chunk_00025_bundle	chr25	37502051	1	1	1	1	1	1		/srv/beegfs/scratch/shares/ds4dh/common/ab-initio-TE/software_outputs/repeatmasker_dfam/RMDFAM_SPECIES_ANCHOR5_PLANTS_20260616/zebrafish/chunks/zebrafish_chunk_00025_bundle
zebrafish	72	zebrafish_chunk_00026_chr3	chr3	62628489	1	1	1	1	1	1		/srv/beegfs/scratch/shares/ds4dh/common/ab-initio-TE/software_outputs/repeatmasker_dfam/RMDFAM_SPECIES_ANCHOR5_PLANTS_20260616/zebrafish/chunks/zebrafish_chunk_00026_chr3
zebrafish	73	zebrafish_chunk_00027_chr4	chr4	78093715	1	1	1	1	1	1		/srv/beegfs/scratch/shares/ds4dh/common/ab-initio-TE/software_outputs/repeatmasker_dfam/RMDFAM_SPECIES_ANCHOR5_PLANTS_20260616/zebrafish/chunks/zebrafish_chunk_00027_chr4
zebrafish	74	zebrafish_chunk_00028_chr5	chr5	72500376	1	1	1	1	1	1		/srv/beegfs/scratch/shares/ds4dh/common/ab-initio-TE/software_outputs/repeatmasker_dfam/RMDFAM_SPECIES_ANCHOR5_PLANTS_20260616/zebrafish/chunks/zebrafish_chunk_00028_chr5
zebrafish	75	zebrafish_chunk_00029_chr6	chr6	60270059	1	1	1	1	1	1		/srv/beegfs/scratch/shares/ds4dh/common/ab-initio-TE/software_outputs/repeatmasker_dfam/RMDFAM_SPECIES_ANCHOR5_PLANTS_20260616/zebrafish/chunks/zebrafish_chunk_00029_chr6
zebrafish	76	zebrafish_chunk_00030_chr7	chr7	74282399	1	1	1	1	1	1		/srv/beegfs/scratch/shares/ds4dh/common/ab-initio-TE/software_outputs/repeatmasker_dfam/RMDFAM_SPECIES_ANCHOR5_PLANTS_20260616/zebrafish/chunks/zebrafish_chunk_00030_chr7
zebrafish	77	zebrafish_chunk_00031_chr8	chr8	54304671	1	1	1	1	1	1		/srv/beegfs/scratch/shares/ds4dh/common/ab-initio-TE/software_outputs/repeatmasker_dfam/RMDFAM_SPECIES_ANCHOR5_PLANTS_20260616/zebrafish/chunks/zebrafish_chunk_00031_chr8
zebrafish	78	zebrafish_chunk_00032_chr9	chr9	56459846	1	1	1	1	1	1		/srv/beegfs/scratch/shares/ds4dh/common/ab-initio-TE/software_outputs/repeatmasker_dfam/RMDFAM_SPECIES_ANCHOR5_PLANTS_20260616/zebrafish/chunks/zebrafish_chunk_00032_chr9
zebrafish	79	zebrafish_chunk_00033_bundle	chrUn_KN147552v2,chrUn_KN147632v2,chrUn_KN147636v1,chrUn_KN147637v2,chrUn_KN147642v2,chrUn_KN147651v2,chrUn_KN147652v2,chrUn_KN148038v2,chrUn_KN148828v2,chrUn_KN148869v2,chrUn_KN149680v1,chrUn_KN149682v1,chrUn_KN149683v1,chrUn_KN149684v1,chrUn_KN149685v1,chrUn_KN149686v1,chrUn_KN149687v1,chrUn_KN149688v2,chrUn_KN149689v2,chrUn_KN149690v1,chrUn_KN149691v1,chrUn_KN149692v1,chrUn_KN149693v1,chrUn_KN149694v1,chrUn_KN149695v1,chrUn_KN149696v2,chrUn_KN149697v1,chrUn_KN149698v1,chrUn_KN149700v1,chrUn_KN149701v1,chrUn_KN149702v1,chrUn_KN149703v1,chrUn_KN149705v1,chrUn_KN149706v1,chrUn_KN149707v2,chrUn_KN149708v1,chrUn_KN149709v1,chrUn_KN149710v1,chrUn_KN149711v1,chrUn_KN149713v1,chrUn_KN149714v1,chrUn_KN149715v1,chrUn_KN149716v1,chrUn_KN149717v1,chrUn_KN149718v1,chrUn_KN149719v1,chrUn_KN149720v1,chrUn_KN149721v1,chrUn_KN149722v1,chrUn_KN149723v1,chrUn_KN149724v1,chrUn_KN149725v1,chrUn_KN149727v1,chrUn_KN149728v1,chrUn_KN149729v1,chrUn_KN149730v1,chrUn_KN149732v1,chrUn_KN149733v1,chrUn_KN149735v1,chrUn_KN149737v1,chrUn_KN149738v1,chrUn_KN149739v1,chrUn_KN149740v1,chrUn_KN149741v1,chrUn_KN149742v1,chrUn_KN149743v1,chrUn_KN149745v1,chrUn_KN149746v1,chrUn_KN149747v1,chrUn_KN149748v1,chrUn_KN149749v1,chrUn_KN149750v1,chrUn_KN149751v1,chrUn_KN149753v1,chrUn_KN149754v1,chrUn_KN149755v1,chrUn_KN149756v1,chrUn_KN149757v1,chrUn_KN149758v1,chrUn_KN149760v1,chrUn_KN149761v1,chrUn_KN149762v1,chrUn_KN149763v1,chrUn_KN149764v1,chrUn_KN149765v1,chrUn_KN149766v1,chrUn_KN149767v1,chrUn_KN149768v1,chrUn_KN149769v1,chrUn_KN149770v1,chrUn_KN149771v1,chrUn_KN149772v1,chrUn_KN149774v1,chrUn_KN149775v2,chrUn_KN149777v1,chrUn_KN149778v1,chrUn_KN149779v1,chrUn_KN149780v1,chrUn_KN149782v1,chrUn_KN149783v1,chrUn_KN149784v1,chrUn_KN149785v1,chrUn_KN149786v1,chrUn_KN149787v1,chrUn_KN149788v1,chrUn_KN149789v1,chrUn_KN149790v1,chrUn_KN149791v1,chrUn_KN149792v1,chrUn_KN149793v1,chrUn_KN149794v1,chrUn_KN149795v1,chrUn_KN149796v1,chrUn_KN149797v1,chrUn_KN149798v1,chrUn_KN149800v1,chrUn_KN149801v1,chrUn_KN149803v1,chrUn_KN149804v1,chrUn_KN149805v1,chrUn_KN149806v1,chrUn_KN149807v1,chrUn_KN149809v1,chrUn_KN149810v1,chrUn_KN149811v1,chrUn_KN149812v1,chrUn_KN149813v1,chrUn_KN149814v1,chrUn_KN149815v1,chrUn_KN149816v1,chrUn_KN149817v1,chrUn_KN149818v1,chrUn_KN149819v1,chrUn_KN149822v1,chrUn_KN149823v1,chrUn_KN149824v1,chrUn_KN149825v1,chrUn_KN149826v1,chrUn_KN149827v1,chrUn_KN149828v1,chrUn_KN149829v1,chrUn_KN149832v1,chrUn_KN149834v1,chrUn_KN149835v1,chrUn_KN149836v1,chrUn_KN149837v1,chrUn_KN149838v1,chrUn_KN149839v1,chrUn_KN149840v1,chrUn_KN149841v1,chrUn_KN149843v1,chrUn_KN149844v1,chrUn_KN149846v1,chrUn_KN149847v1,chrUn_KN149848v1,chrUn_KN149849v1,chrUn_KN149850v1,chrUn_KN149851v1,chrUn_KN149852v1,chrUn_KN149853v1,chrUn_KN149854v1,chrUn_KN149855v1,chrUn_KN149856v1,chrUn_KN149857v1,chrUn_KN149859v1,chrUn_KN149860v1,chrUn_KN149861v1,chrUn_KN149862v1,chrUn_KN149863v1,chrUn_KN149864v1,chrUn_KN149865v1,chrUn_KN149866v1,chrUn_KN149867v1,chrUn_KN149871v1,chrUn_KN149872v1,chrUn_KN149873v1,chrUn_KN149874v1,chrUn_KN149876v1,chrUn_KN149878v1,chrUn_KN149879v1,chrUn_KN149880v1,chrUn_KN149881v1,chrUn_KN149882v1,chrUn_KN149883v1,chrUn_KN149884v1,chrUn_KN149885v1,chrUn_KN149887v1,chrUn_KN149888v1,chrUn_KN149889v1,chrUn_KN149890v1,chrUn_KN149892v1,chrUn_KN149893v1,chrUn_KN149895v1,chrUn_KN149896v1,chrUn_KN149897v1,chrUn_KN149899v1,chrUn_KN149900v1,chrUn_KN149901v1,chrUn_KN149903v1,chrUn_KN149904v1,chrUn_KN149905v1,chrUn_KN149906v1,chrUn_KN149907v1,chrUn_KN149908v1,chrUn_KN149909v1,chrUn_KN149912v1,chrUn_KN149913v1,chrUn_KN149914v1,chrUn_KN149915v1,chrUn_KN149916v1,chrUn_KN149917v1,chrUn_KN149919v1,chrUn_KN149921v1,chrUn_KN149922v1,chrUn_KN149923v1,chrUn_KN149924v1,chrUn_KN149925v1,chrUn_KN149926v1,chrUn_KN149927v1,chrUn_KN149928v1,chrUn_KN149931v1,chrUn_KN149932v1,chrUn_KN149933v1,chrUn_KN149935v1,chrUn_KN149936v1,chrUn_KN149937v1,chrUn_KN149938v1,chrUn_KN149939v1,chrUn_KN149940v1,chrUn_KN149941v1,chrUn_KN149943v1,chrUn_KN149944v1,chrUn_KN149946v1,chrUn_KN149948v1,chrUn_KN149949v1,chrUn_KN149950v1,chrUn_KN149951v1,chrUn_KN149953v1,chrUn_KN149955v1,chrUn_KN149956v1,chrUn_KN149957v1,chrUn_KN149958v1,chrUn_KN149959v1,chrUn_KN149960v1,chrUn_KN149961v1,chrUn_KN149965v1,chrUn_KN149967v1,chrUn_KN149968v1,chrUn_KN149969v1,chrUn_KN149970v1,chrUn_KN149971v1,chrUn_KN149973v1,chrUn_KN149974v1,chrUn_KN149976v1,chrUn_KN149977v2,chrUn_KN149978v1,chrUn_KN149979v1,chrUn_KN149980v1,chrUn_KN149981v1,chrUn_KN149982v1,chrUn_KN149983v1,chrUn_KN149984v1,chrUn_KN149988v1,chrUn_KN149989v1,chrUn_KN149990v1,chrUn_KN149991v1,chrUn_KN149992v1,chrUn_KN149993v1,chrUn_KN149995v1,chrUn_KN149996v1,chrUn_KN149997v1,chrUn_KN149998v1,chrUn_KN149999v1,chrUn_KN150000v1,chrUn_KN150002v1,chrUn_KN150004v2,chrUn_KN150005v1,chrUn_KN150006v1,chrUn_KN150007v1,chrUn_KN150008v1,chrUn_KN150009v1,chrUn_KN150011v1,chrUn_KN150012v1,chrUn_KN150013v1,chrUn_KN150014v1,chrUn_KN150015v1,chrUn_KN150016v1,chrUn_KN150017v1,chrUn_KN150018v1,chrUn_KN150019v2,chrUn_KN150020v1,chrUn_KN150021v1,chrUn_KN150022v1,chrUn_KN150023v1,chrUn_KN150024v1,chrUn_KN150025v1,chrUn_KN150028v1,chrUn_KN150029v1,chrUn_KN150030v1,chrUn_KN150031v1,chrUn_KN150032v1,chrUn_KN150033v1,chrUn_KN150034v1,chrUn_KN150035v1,chrUn_KN150037v1,chrUn_KN150038v1,chrUn_KN150039v1,chrUn_KN150040v1,chrUn_KN150041v2,chrUn_KN150042v1,chrUn_KN150043v1,chrUn_KN150044v1,chrUn_KN150045v2,chrUn_KN150047v1,chrUn_KN150048v1,chrUn_KN150049v1,chrUn_KN150051v1,chrUn_KN150052v1,chrUn_KN150054v1,chrUn_KN150055v1,chrUn_KN150056v1,chrUn_KN150057v1,chrUn_KN150058v1,chrUn_KN150059v1,chrUn_KN150060v1,chrUn_KN150061v1,chrUn_KN150062v1,chrUn_KN150063v1,chrUn_KN150064v1,chrUn_KN150065v1,chrUn_KN150066v1,chrUn_KN150067v1,chrUn_KN150068v1,chrUn_KN150070v1,chrUn_KN150071v1,chrUn_KN150072v1,chrUn_KN150073v1,chrUn_KN150074v1,chrUn_KN150076v1,chrUn_KN150077v1,chrUn_KN150078v1,chrUn_KN150079v1,chrUn_KN150080v1,chrUn_KN150081v1,chrUn_KN150082v1,chrUn_KN150083v1,chrUn_KN150084v1,chrUn_KN150085v1,chrUn_KN150086v1,chrUn_KN150089v1,chrUn_KN150090v1,chrUn_KN150092v1,chrUn_KN150093v1,chrUn_KN150094v1,chrUn_KN150095v1,chrUn_KN150097v1,chrUn_KN150098v1,chrUn_KN150100v1,chrUn_KN150102v1,chrUn_KN150103v1,chrUn_KN150104v1,chrUn_KN150105v1,chrUn_KN150106v1,chrUn_KN150110v1,chrUn_KN150111v1,chrUn_KN150112v1,chrUn_KN150113v1,chrUn_KN150114v1,chrUn_KN150115v1,chrUn_KN150117v1,chrUn_KN150118v1,chrUn_KN150119v1,chrUn_KN150120v1,chrUn_KN150121v1,chrUn_KN150122v1,chrUn_KN150123v1,chrUn_KN150125v1,chrUn_KN150126v1,chrUn_KN150127v1,chrUn_KN150128v1,chrUn_KN150130v1,chrUn_KN150131v1,chrUn_KN150132v1,chrUn_KN150133v2,chrUn_KN150134v1,chrUn_KN150136v1,chrUn_KN150137v1,chrUn_KN150140v2,chrUn_KN150141v1,chrUn_KN150144v1,chrUn_KN150145v1,chrUn_KN150146v1,chrUn_KN150147v1,chrUn_KN150148v1,chrUn_KN150150v1,chrUn_KN150152v1,chrUn_KN150154v1,chrUn_KN150155v1,chrUn_KN150156v1,chrUn_KN150157v1,chrUn_KN150158v1,chrUn_KN150159v1,chrUn_KN150160v1,chrUn_KN150161v1,chrUn_KN150162v1,chrUn_KN150164v1,chrUn_KN150165v1,chrUn_KN150166v1,chrUn_KN150167v1,chrUn_KN150168v1,chrUn_KN150170v1,chrUn_KN150171v1,chrUn_KN150172v1,chrUn_KN150173v1,chrUn_KN150174v1,chrUn_KN150175v1,chrUn_KN150176v1,chrUn_KN150177v1,chrUn_KN150179v1,chrUn_KN150180v1,chrUn_KN150181v1,chrUn_KN150182v1,chrUn_KN150183v1,chrUn_KN150184v1,chrUn_KN150185v1,chrUn_KN150186v1,chrUn_KN150187v1,chrUn_KN150189v1,chrUn_KN150190v1,chrUn_KN150191v1,chrUn_KN150193v1,chrUn_KN150194v1,chrUn_KN150195v1,chrUn_KN150196v1,chrUn_KN150197v1,chrUn_KN150199v1,chrUn_KN150200v1,chrUn_KN150201v1,chrUn_KN150202v1,chrUn_KN150203v1,chrUn_KN150204v1,chrUn_KN150205v1,chrUn_KN150206v1,chrUn_KN150210v1,chrUn_KN150211v1,chrUn_KN150212v1,chrUn_KN150213v1,chrUn_KN150214v1,chrUn_KN150215v1,chrUn_KN150216v1,chrUn_KN150217v1,chrUn_KN150218v1,chrUn_KN150219v1,chrUn_KN150220v1,chrUn_KN150221v1,chrUn_KN150222v1,chrUn_KN150224v1,chrUn_KN150225v1,chrUn_KN150226v1,chrUn_KN150227v1,chrUn_KN150228v1,chrUn_KN150229v1,chrUn_KN150230v1,chrUn_KN150231v1,chrUn_KN150232v1,chrUn_KN150233v1,chrUn_KN150234v1,chrUn_KN150236v1,chrUn_KN150237v1,chrUn_KN150238v1,chrUn_KN150240v1,chrUn_KN150241v1,chrUn_KN150242v1,chrUn_KN150243v2,chrUn_KN150244v1,chrUn_KN150246v1,chrUn_KN150248v1,chrUn_KN150249v1,chrUn_KN150250v1,chrUn_KN150251v1,chrUn_KN150252v1,chrUn_KN150253v1,chrUn_KN150254v1,chrUn_KN150255v2,chrUn_KN150257v1,chrUn_KN150258v1,chrUn_KN150259v1,chrUn_KN150260v1,chrUn_KN150263v1,chrUn_KN150264v1,chrUn_KN150265v1,chrUn_KN150267v1,chrUn_KN150268v1,chrUn_KN150269v1,chrUn_KN150270v1,chrUn_KN150271v1,chrUn_KN150272v1,chrUn_KN150274v1,chrUn_KN150275v1,chrUn_KN150276v1,chrUn_KN150278v1,chrUn_KN150279v1,chrUn_KN150280v1,chrUn_KN150282v1,chrUn_KN150283v1,chrUn_KN150284v1,chrUn_KN150285v1,chrUn_KN150286v1,chrUn_KN150287v1,chrUn_KN150289v1,chrUn_KN150290v1,chrUn_KN150291v1,chrUn_KN150292v1,chrUn_KN150293v1,chrUn_KN150296v1,chrUn_KN150297v1,chrUn_KN150299v1,chrUn_KN150300v1,chrUn_KN150301v1,chrUn_KN150302v1,chrUn_KN150303v1,chrUn_KN150306v1,chrUn_KN150307v1,chrUn_KN150308v1,chrUn_KN150309v1,chrUn_KN150310v1,chrUn_KN150311v1,chrUn_KN150312v1,chrUn_KN150313v1,chrUn_KN150314v1,chrUn_KN150315v1,chrUn_KN150317v1,chrUn_KN150318v1,chrUn_KN150319v1,chrUn_KN150320v1,chrUn_KN150322v1,chrUn_KN150323v1,chrUn_KN150324v1,chrUn_KN150325v1,chrUn_KN150326v1,chrUn_KN150327v1,chrUn_KN150328v1,chrUn_KN150329v1,chrUn_KN150330v1,chrUn_KN150331v1,chrUn_KN150332v1,chrUn_KN150333v1,chrUn_KN150334v1,chrUn_KN150335v1,chrUn_KN150336v1,chrUn_KN150337v1,chrUn_KN150338v1,chrUn_KN150340v1,chrUn_KN150341v1,chrUn_KN150342v1,chrUn_KN150343v1,chrUn_KN150344v1,chrUn_KN150345v1,chrUn_KN150347v1,chrUn_KN150349v1,chrUn_KN150350v1,chrUn_KN150351v1,chrUn_KN150352v2,chrUn_KN150353v1,chrUn_KN150354v1,chrUn_KN150355v1,chrUn_KN150357v1,chrUn_KN150358v1,chrUn_KN150360v1,chrUn_KN150361v1,chrUn_KN150362v1,chrUn_KN150363v1,chrUn_KN150364v1,chrUn_KN150365v1,chrUn_KN150366v1,chrUn_KN150368v1,chrUn_KN150369v1,chrUn_KN150371v1,chrUn_KN150372v1,chrUn_KN150374v1,chrUn_KN150375v1,chrUn_KN150379v1,chrUn_KN150380v1,chrUn_KN150382v1,chrUn_KN150383v1,chrUn_KN150384v1,chrUn_KN150385v1,chrUn_KN150386v1,chrUn_KN150387v1,chrUn_KN150388v1,chrUn_KN150389v1,chrUn_KN150390v1,chrUn_KN150392v1,chrUn_KN150393v1,chrUn_KN150394v1,chrUn_KN150395v1,chrUn_KN150396v1,chrUn_KN150397v1,chrUn_KN150398v1,chrUn_KN150399v1,chrUn_KN150400v1,chrUn_KN150401v1,chrUn_KN150403v1,chrUn_KN150404v1,chrUn_KN150405v1,chrUn_KN150406v1,chrUn_KN150407v1,chrUn_KN150408v1,chrUn_KN150411v1,chrUn_KN150412v1,chrUn_KN150413v1,chrUn_KN150414v1,chrUn_KN150416v1,chrUn_KN150418v1,chrUn_KN150419v1,chrUn_KN150420v1,chrUn_KN150421v1,chrUn_KN150422v1,chrUn_KN150425v1,chrUn_KN150426v1,chrUn_KN150428v1,chrUn_KN150429v1,chrUn_KN150430v1,chrUn_KN150431v1,chrUn_KN150432v1,chrUn_KN150434v1,chrUn_KN150436v1,chrUn_KN150437v1,chrUn_KN150439v1,chrUn_KN150440v1,chrUn_KN150441v1,chrUn_KN150443v1,chrUn_KN150444v1,chrUn_KN150445v1,chrUn_KN150446v1,chrUn_KN150449v1,chrUn_KN150450v1,chrUn_KN150451v1,chrUn_KN150452v1,chrUn_KN150453v1,chrUn_KN150454v1,chrUn_KN150455v1,chrUn_KN150458v1,chrUn_KN150459v1,chrUn_KN150462v1,chrUn_KN150464v1,chrUn_KN150465v1,chrUn_KN150466v1,chrUn_KN150467v1,chrUn_KN150468v1,chrUn_KN150469v1,chrUn_KN150470v1,chrUn_KN150471v1,chrUn_KN150472v1,chrUn_KN150473v1,chrUn_KN150475v1,chrUn_KN150476v1,chrUn_KN150477v1,chrUn_KN150478v1,chrUn_KN150479v1,chrUn_KN150481v1,chrUn_KN150483v1,chrUn_KN150484v1,chrUn_KN150485v1,chrUn_KN150486v1,chrUn_KN150487v1,chrUn_KN150488v1,chrUn_KN150489v1,chrUn_KN150490v1,chrUn_KN150491v1,chrUn_KN150492v2,chrUn_KN150493v1,chrUn_KN150494v1,chrUn_KN150495v1,chrUn_KN150499v1,chrUn_KN150500v1,chrUn_KN150501v1,chrUn_KN150502v1,chrUn_KN150503v1,chrUn_KN150504v1,chrUn_KN150505v1,chrUn_KN150506v1,chrUn_KN150508v1,chrUn_KN150509v1,chrUn_KN150510v1,chrUn_KN150511v1,chrUn_KN150513v1,chrUn_KN150514v1,chrUn_KN150515v1,chrUn_KN150516v1,chrUn_KN150517v1,chrUn_KN150518v1,chrUn_KN150519v1,chrUn_KN150520v1,chrUn_KN150521v1,chrUn_KN150522v1,chrUn_KN150523v1,chrUn_KN150525v1,chrUn_KN150526v1,chrUn_KN150527v1,chrUn_KN150528v1,chrUn_KN150529v1,chrUn_KN150530v1,chrUn_KN150532v1,chrUn_KN150534v1,chrUn_KN150535v1,chrUn_KN150536v1,chrUn_KN150537v1,chrUn_KN150538v1,chrUn_KN150540v1,chrUn_KN150541v1,chrUn_KN150542v1,chrUn_KN150543v1,chrUn_KN150544v1,chrUn_KN150545v1,chrUn_KN150546v1,chrUn_KN150547v1,chrUn_KN150548v1,chrUn_KN150549v1,chrUn_KN150550v1,chrUn_KN150551v1,chrUn_KN150552v1,chrUn_KN150553v1,chrUn_KN150554v1,chrUn_KN150555v1,chrUn_KN150556v1,chrUn_KN150557v1,chrUn_KN150558v1,chrUn_KN150559v1,chrUn_KN150560v1,chrUn_KN150561v1,chrUn_KN150562v1,chrUn_KN150564v1,chrUn_KN150565v1,chrUn_KN150567v1,chrUn_KN150568v1,chrUn_KN150570v1,chrUn_KN150571v1,chrUn_KN150572v1,chrUn_KN150573v1,chrUn_KN150574v1,chrUn_KN150575v1,chrUn_KN150576v1,chrUn_KN150577v1,chrUn_KN150578v1,chrUn_KN150579v1,chrUn_KN150580v1,chrUn_KN150581v1,chrUn_KN150582v1,chrUn_KN150583v1,chrUn_KN150585v1,chrUn_KN150586v1,chrUn_KN150587v1,chrUn_KN150588v1,chrUn_KN150589v1,chrUn_KN150591v1,chrUn_KN150592v1,chrUn_KN150593v1,chrUn_KN150594v1,chrUn_KN150595v1,chrUn_KN150596v1,chrUn_KN150598v1,chrUn_KN150599v1,chrUn_KN150601v1,chrUn_KN150602v1,chrUn_KN150603v1,chrUn_KN150605v1,chrUn_KN150606v1,chrUn_KN150607v1,chrUn_KN150608v1,chrUn_KN150609v1,chrUn_KN150610v1,chrUn_KN150613v1,chrUn_KN150614v1,chrUn_KN150615v1,chrUn_KN150616v1,chrUn_KN150617v1,chrUn_KN150619v1,chrUn_KN150620v1,chrUn_KN150621v1,chrUn_KN150622v1,chrUn_KN150623v1,chrUn_KN150625v1,chrUn_KN150626v1,chrUn_KN150628v1,chrUn_KN150629v1,chrUn_KN150630v1,chrUn_KN150631v1,chrUn_KN150632v1,chrUn_KN150633v1,chrUn_KN150634v1,chrUn_KN150635v1,chrUn_KN150636v1,chrUn_KN150639v1,chrUn_KN150640v1,chrUn_KN150641v1,chrUn_KN150642v1,chrUn_KN150643v1,chrUn_KN150644v1,chrUn_KN150645v1,chrUn_KN150646v1,chrUn_KN150647v1,chrUn_KN150649v1,chrUn_KN150650v1,chrUn_KN150651v1,chrUn_KN150652v1,chrUn_KN150653v1,chrUn_KN150654v1,chrUn_KN150655v1,chrUn_KN150656v2,chrUn_KN150659v1,chrUn_KN150661v1,chrUn_KN150662v1,chrUn_KN150663v1,chrUn_KN150664v1,chrUn_KN150665v1,chrUn_KN150666v1,chrUn_KN150667v1,chrUn_KN150668v1,chrUn_KN150669v1,chrUn_KN150670v1,chrUn_KN150671v1,chrUn_KN150675v1,chrUn_KN150676v1,chrUn_KN150677v1,chrUn_KN150678v1,chrUn_KN150679v1,chrUn_KN150680v1,chrUn_KN150682v1,chrUn_KN150683v1,chrUn_KN150684v1,chrUn_KN150685v1,chrUn_KN150687v1,chrUn_KN150689v1,chrUn_KN150690v1,chrUn_KN150691v1,chrUn_KN150697v1,chrUn_KN150698v1,chrUn_KN150699v1,chrUn_KN150700v2,chrUn_KN150701v1,chrUn_KN150703v1,chrUn_KN150708v1,chrUn_KN150709v1,chrUn_KN150710v1,chrUn_KN150711v1,chrUn_KN150713v1,chrUn_KZ115948v1,chrUn_KZ115949v1,chrUn_KZ115950v1,chrUn_KZ115951v1,chrUn_KZ115952v1,chrUn_KZ115953v1,chrUn_KZ115954v1,chrUn_KZ115955v1,chrUn_KZ115956v1,chrUn_KZ115957v1,chrUn_KZ115958v1,chrUn_KZ115959v1,chrUn_KZ115960v1,chrUn_KZ115961v1,chrUn_KZ115962v1,chrUn_KZ115963v1,chrUn_KZ115964v1,chrUn_KZ115965v1,chrUn_KZ115966v1,chrUn_KZ115967v1,chrUn_KZ115968v1,chrUn_KZ115969v1,chrUn_KZ115970v1,chrUn_KZ115971v1,chrUn_KZ115972v1,chrUn_KZ115973v1,chrUn_KZ115974v1,chrUn_KZ115975v1,chrUn_KZ115976v1,chrUn_KZ115977v1,chrUn_KZ115978v1,chrUn_KZ115979v1,chrUn_KZ115980v1,chrUn_KZ115981v1,chrUn_KZ115982v1,chrUn_KZ115983v1,chrUn_KZ115984v1,chrUn_KZ115985v1,chrUn_KZ115986v1,chrUn_KZ115987v1,chrUn_KZ115988v1,chrUn_KZ115989v1,chrUn_KZ115990v1,chrUn_KZ115991v1,chrUn_KZ115992v1,chrUn_KZ115993v1,chrUn_KZ115994v1,chrUn_KZ115995v1,chrUn_KZ115996v1,chrUn_KZ115997v1,chrUn_KZ115998v1,chrUn_KZ115999v1,chrUn_KZ116000v1,chrUn_KZ116001v1,chrUn_KZ116002v1,chrUn_KZ116003v1,chrUn_KZ116004v1,chrUn_KZ116005v1,chrUn_KZ116006v1,chrUn_KZ116007v1,chrUn_KZ116008v1,chrUn_KZ116009v1,chrUn_KZ116010v1,chrUn_KZ116011v1,chrUn_KZ116012v1,chrUn_KZ116013v1,chrUn_KZ116014v1,chrUn_KZ116015v1,chrUn_KZ116016v1,chrUn_KZ116017v1,chrUn_KZ116018v1,chrUn_KZ116019v1,chrUn_KZ116020v1,chrUn_KZ116021v1,chrUn_KZ116022v1,chrUn_KZ116023v1,chrUn_KZ116024v1,chrUn_KZ116025v1,chrUn_KZ116026v1,chrUn_KZ116027v1,chrUn_KZ116028v1,chrUn_KZ116029v1,chrUn_KZ116030v1,chrUn_KZ116031v1,chrUn_KZ116032v1,chrUn_KZ116033v1,chrUn_KZ116034v1,chrUn_KZ116035v1,chrUn_KZ116036v1,chrUn_KZ116037v1,chrUn_KZ116038v1,chrUn_KZ116039v1,chrUn_KZ116040v1,chrUn_KZ116041v1,chrUn_KZ116042v1,chrUn_KZ116043v1,chrUn_KZ116044v1,chrUn_KZ116045v1,chrUn_KZ116046v1,chrUn_KZ116047v1,chrUn_KZ116048v1,chrUn_KZ116049v1,chrUn_KZ116050v1,chrUn_KZ116051v1,chrUn_KZ116052v1,chrUn_KZ116053v1,chrUn_KZ116054v1,chrUn_KZ116055v1,chrUn_KZ116056v1,chrUn_KZ116057v1,chrUn_KZ116058v1,chrUn_KZ116059v1,chrUn_KZ116060v1,chrUn_KZ116061v1,chrUn_KZ116062v1,chrUn_KZ116063v1,chrUn_KZ116064v1,chrUn_KZ116065v1,chrUn_KZ116066v1,chrUn_KZ116067v1,chrM	28369551	1	1	1	1	1	1		/srv/beegfs/scratch/shares/ds4dh/common/ab-initio-TE/software_outputs/repeatmasker_dfam/RMDFAM_SPECIES_ANCHOR5_PLANTS_20260616/zebrafish/chunks/zebrafish_chunk_00033_bundle
fruit_fly	80	fruit_fly_chunk_00001_bundle	chr2L,chr2R	48800648	1	1	1	1	1	1		/srv/beegfs/scratch/shares/ds4dh/common/ab-initio-TE/software_outputs/repeatmasker_dfam/RMDFAM_SPECIES_ANCHOR5_PLANTS_20260616/fruit_fly/chunks/fruit_fly_chunk_00001_bundle
fruit_fly	81	fruit_fly_chunk_00002_bundle	chr3L	28110227	1	1	1	1	1	1		/srv/beegfs/scratch/shares/ds4dh/common/ab-initio-TE/software_outputs/repeatmasker_dfam/RMDFAM_SPECIES_ANCHOR5_PLANTS_20260616/fruit_fly/chunks/fruit_fly_chunk_00002_bundle
fruit_fly	82	fruit_fly_chunk_00003_bundle	chr3R,chr4,chrM,chrUn_DS485919v1,chrUn_DS483755v1,chrUn_DS485425v1,chrUn_DS484861v1,chrUn_DS484484v1,chrUn_DS483705v1,chrUn_DS485490v1,chrUn_DS485998v1,chrUn_DS483873v1,chrUn_DS485608v1,chrUn_DS485270v1,chrUn_DS485979v1,chrUn_DS485398v1,chrUn_DS484139v1,chrUn_DS483906v1,chrUn_DS485760v1,chrUn_DS484191v1,chrUn_DS485340v1,chrUn_DS484489v1,chrUn_DS485495v1,chrUn_DS484923v1,chrUn_DS484663v1,chrUn_DS485390v1,chrUn_DS485130v1,chrUn_DS485995v1,chrUn_DS484448v1,chrUn_DS484827v1,chrUn_DS485467v1,chrUn_DS485433v1,chrUn_DS484944v1,chrUn_DS485504v1,chrUn_DS484938v1,chrUn_DS485984v1,chrUn_DS484921v1,chrUn_DS485859v1,chrUn_DS485086v1,chrUn_DS484058v1,chrUn_DS485294v1,chrUn_DS484855v1,chrUn_DS485356v1,chrUn_DS485246v1,chrUn_DS485386v1,chrUn_DS484726v1,chrUn_DS484366v1,chrUn_DS486002v1,chrUn_DS484770v1,chrUn_DS485354v1,chrUn_DS483728v1,chrUn_DS485403v1,chrUn_DS484964v1,chrUn_DS483921v1,chrUn_DS485181v1,chrUn_DS485602v1,chrUn_DS485783v1,chrUn_DS485547v1,chrUn_DS485280v1,chrUn_DS483976v1,chrUn_DS484972v1,chrUn_DS484407v1,chrUn_DS484446v1,chrUn_DS485906v1,chrUn_DS484769v1,chrUn_DS484527v1,chrUn_DS484933v1,chrUn_DS483748v1,chrUn_DS484460v1,chrUn_DS483711v1,chrUn_DS484039v1,chrUn_DS484339v1,chrUn_DS485457v1,chrUn_DS485643v1,chrUn_DS484689v1,chrUn_DS485822v1,chrUn_DS485678v1,chrUn_DS485150v1,chrUn_DS484746v1,chrUn_DS485957v1,chrUn_DS485541v1,chrUn_DS485741v1,chrUn_DS484490v1,chrUn_DS484881v1,chrUn_DS485539v1,chrUn_DS485958v1,chrUn_DS485748v1,chrUn_DS484822v1,chrUn_DS485421v1,chrUn_DS485296v1,chrUn_DS485337v1,chrUn_DS483700v1,chrUn_DS484511v1,chrUn_DS485973v1,chrUn_DS483719v1,chrUn_DS484571v1,chrUn_DS485733v1,chrUn_CP007102v1,chrUn_DS484052v1,chrUn_DS485073v1,chrUn_DS484257v1,chrUn_DS485376v1,chrUn_DS484485v1,chrUn_DS485572v1,chrUn_DS484816v1,chrUn_DS485925v1,chrUn_DS485239v1,chrUn_DS485853v1,chrUn_DS485443v1,chrUn_DS485381v1,chrUn_DS485339v1,chrUn_DS484707v1,chrUn_DS485675v1,chrUn_DS485065v1,chrUn_DS484546v1,chrUn_DS485846v1,chrUn_DS484667v1,chrUn_DS484756v1,chrUn_DS485558v1,chrUn_DS485703v1,chrUn_DS483977v1,chrUn_DS485341v1,chrUn_DS484226v1,chrUn_DS485505v1,chrUn_DS485451v1,chrUn_DS484736v1,chrUn_DS484304v1,chrUn_DS485024v1,chrUn_DS485808v1,chrUn_DS485578v1,chrUn_DS485029v1,chrUn_DS485634v1,chrUn_DS483877v1,chrUn_DS483723v1,chrUn_DS485038v1,chrUn_DS485788v1,chrUn_DS484496v1,chrUn_DS484841v1,chrUn_DS485123v1,chrUn_DS485261v1,chrUn_DS485673v1,chrUn_DS483879v1,chrUn_DS484716v1,chrUn_DS485907v1,chrUn_DS484100v1,chrUn_DS486008v1,chrUn_DS485747v1,chrUn_DS485891v1,chrUn_DS484329v1,chrUn_DS484653v1,chrUn_DS483692v1,chrUn_DS485387v1,chrUn_DS483938v1,chrUn_DS484073v1,chrUn_DS483957v1,chrUn_DS484050v1,chrUn_DS483694v1,chrUn_DS485407v1,chrUn_DS485357v1,chrUn_DS484122v1,chrUn_DS484548v1,chrUn_DS485254v1,chrUn_DS484988v1,chrUn_DS485205v1,chrUn_DS485793v1,chrUn_DS485496v1,chrUn_DS484904v1,chrUn_DS483707v1,chrUn_DS485365v1,chrUn_DS485789v1,chrUn_DS484842v1,chrUn_DS484180v1,chrUn_DS485333v1,chrUn_DS485954v1,chrUn_DS484202v1,chrUn_DS485825v1,chrUn_DS485285v1,chrUn_DS485223v1,chrUn_DS485313v1,chrUn_DS484567v1,chrUn_DS484040v1,chrUn_DS484475v1,chrUn_DS484168v1,chrUn_DS485711v1,chrUn_DS485475v1,chrUn_DS484532v1,chrUn_DS484751v1,chrUn_DS484229v1,chrUn_DS485870v1,chrUn_DS484787v1,chrUn_DS484277v1,chrUn_DS485304v1,chrUn_DS485794v1,chrUn_DS485226v1,chrUn_DS484470v1,chrUn_DS484303v1,chrUn_DS485506v1,chrUn_DS485522v1,chrUn_DS484505v1,chrUn_DS485854v1,chrUn_DS485342v1,chrUn_DS484739v1,chrUn_DS484452v1,chrUn_DS484720v1,chrUn_DS485722v1,chrUn_DS484522v1,chrUn_DS485781v1,chrUn_DS485542v1,chrUn_DS485821v1,chrUn_DS484350v1,chrUn_DS485623v1,chrUn_DS485989v1,chrUn_DS485743v1,chrUn_DS485872v1,chrUn_DS484190v1,chrUn_DS485240v1,chrUn_DS484844v1,chrUn_DS483695v1,chrUn_DS484798v1,chrUn_DS484096v1,chrUn_DS483799v1,chrUn_DS484843v1,chrUn_DS484659v1,chrUn_DS485864v1,chrUn_DS484825v1,chrUn_DS485229v1,chrUn_DS485773v1,chrUn_DS485659v1,chrUn_DS484993v1,chrUn_DS484896v1,chrUn_DS486005v1,chrUn_DS485047v1,chrUn_DS484069v1,chrUn_DS485138v1,chrUn_DS485929v1,chrUn_DS485886v1,chrUn_DS484493v1,chrUn_DS485661v1,chrUn_DS484866v1,chrUn_DS484772v1,chrUn_DS484727v1,chrUn_DS485838v1,chrUn_DS485701v1,chrUn_DS483936v1,chrUn_DS485581v1,chrUn_DS485019v1,chrUn_DS483940v1,chrUn_DS485810v1,chrUn_DS485982v1,chrUn_DS485165v1,chrUn_DS484404v1,chrUn_DS483736v1,chrUn_DS485654v1,chrUn_DS485415v1,chrUn_DS484275v1,chrUn_DS485255v1,chrUn_DS484383v1,chrUn_DS485331v1,chrUn_DS483901v1,chrUn_DS484884v1,chrUn_DS484515v1,chrUn_DS485883v1,chrUn_DS483703v1,chrUn_DS485311v1,chrUn_DS484897v1,chrUn_DS483933v1,chrUn_DS485740v1,chrUn_DS485290v1,chrUn_DS484481v1,chrUn_DS485349v1,chrUn_DS484454v1,chrUn_DS483808v1,chrUn_DS484976v1,chrUn_DS484311v1,chrUn_DS485089v1,chrUn_DS485985v1,chrUn_DS485753v1,chrUn_DS484776v1,chrUn_DS483864v1,chrUn_DS485132v1,chrUn_DS485209v1,chrUn_DS485693v1,chrUn_DS484210v1,chrUn_DS484764v1,chrUn_DS484999v1,chrUn_DS484232v1,chrUn_DS484262v1,chrUn_DS484076v1,chrUn_DS485437v1,chrUn_DS485515v1,chrUn_DS485199v1,chrUn_DS485462v1,chrUn_DS485501v1,chrUn_DS484710v1,chrUn_DS485153v1,chrUn_DS484920v1,chrUn_DS485163v1,chrUn_DS485940v1,chrUn_DS485650v1,chrUn_DS483849v1,chrUn_DS483972v1,chrUn_DS485242v1,chrUn_DS485056v1,chrUn_DS485683v1,chrUn_DS483682v1,chrUn_DS484478v1,chrUn_DS485325v1,chrUn_DS484054v1,chrUn_DS484771v1,chrUn_DS485477v1,chrUn_DS484170v1,chrUn_DS484922v1,chrUn_DS484160v1,chrUn_DS485812v1,chrUn_DS485438v1,chrUn_DS485102v1,chrUn_DS485082v1,chrUn_DS483743v1,chrUn_DS484282v1,chrUn_DS485664v1,chrUn_DS484369v1,chrUn_DS485585v1,chrUn_DS484948v1,chrUn_DS484728v1,chrUn_DS484313v1,chrUn_DS485395v1,chrUn_DS484443v1,chrUn_DS483650v1,chrUn_DS485498v1,chrUn_DS485668v1,chrUn_DS485751v1,chrUn_DS484077v1,chrUn_DS485900v1,chrUn_DS485545v1,chrUn_DS485076v1,chrUn_DS484394v1,chrUn_DS485064v1,chrUn_DS484549v1,chrUn_DS484738v1,chrUn_DS484985v1,chrUn_DS485324v1,chrUn_DS485904v1,chrUn_DS484979v1,chrUn_DS485353v1,chrUn_DS485688v1,chrUn_DS484987v1,chrUn_DS483680v1,chrUn_DS485686v1,chrUn_DS484456v1,chrUn_DS485488v1,chrUn_DS484479v1,chrUn_DS484154v1,chrUn_DS483845v1,chrUn_DS484251v1,chrUn_DS485442v1,chrUn_DS484559v1,chrUn_DS485062v1,chrUn_DS484333v1,chrUn_DS484207v1,chrUn_DS485322v1,chrUn_DS484309v1,chrUn_DS485100v1,chrUn_DS485526v1,chrUn_DS483914v1,chrUn_DS485362v1,chrUn_DS484760v1,chrUn_DS485893v1,chrUn_DS484846v1,chrUn_DS485249v1,chrUn_DS484102v1,chrUn_DS484380v1,chrUn_DS485466v1,chrUn_DS483805v1,chrUn_DS485000v1,chrUn_DS484243v1,chrUn_DS483871v1,chrUn_DS484436v1,chrUn_DS484713v1,chrUn_DS485863v1,chrUn_DS485905v1,chrUn_DS485055v1,chrUn_DS483712v1,chrUn_DS484152v1,chrUn_DS485472v1,chrUn_DS483678v1,chrUn_DS484709v1,chrUn_DS485026v1,chrUn_DS484508v1,chrUn_DS485842v1,chrUn_DS485826v1,chrUn_DS484578v1,chrUn_DS485766v1,chrUn_DS484654v1,chrUn_DS485058v1,chrUn_DS485828v1,chrUn_DS484301v1,chrUn_DS483740v1,chrUn_DS484606v1,chrUn_DS484220v1,chrUn_DS484355v1,chrUn_DS485682v1,chrUn_DS485563v1,chrUn_DS485059v1,chrUn_DS486004v1,chrUn_DS485173v1,chrUn_DS483759v1,chrUn_DS484111v1,chrUn_DS483674v1,chrUn_DS484895v1,chrUn_DS484577v1,chrUn_DS484400v1,chrUn_DS484721v1,chrUn_DS485529v1,chrUn_DS484445v1,chrUn_DS484991v1,chrUn_DS484642v1,chrUn_DS485868v1,chrUn_DS485607v1,chrUn_DS483876v1,chrUn_DS485867v1,chrUn_DS485509v1,chrUn_DS484241v1,chrUn_DS485605v1,chrUn_DS484331v1,chrUn_DS484106v1,chrUn_DS485368v1,chrUn_DS484276v1,chrUn_DS485005v1,chrUn_DS485469v1,chrUn_DS485566v2,chrUn_DS483855v1,chrUn_DS483662v1,chrUn_DS485260v1,chrUn_DS484469v1,chrUn_DS484601v1,chrUn_DS483681v1,chrUn_DS484916v1,chrUn_DS484385v1,chrUn_DS485557v1,chrUn_DS485997v1,chrUn_DS484960v1,chrUn_DS483726v1,chrUn_DS485456v1,chrUn_DS484246v1,chrUn_DS485887v1,chrUn_DS484396v1,chrUn_DS485902v1,chrUn_DS484629v1,chrUn_DS484310v1,chrUn_DS485117v1,chrUn_DS485468v1,chrUn_DS484263v1,chrUn_DS485224v1,chrUn_DS485156v1,chrUn_DS484501v1,chrUn_DS485991v1,chrUn_DS485964v1,chrUn_DS485361v1,chrUn_DS484593v1,chrUn_DS485681v1,chrUn_DS484982v1,chrUn_DS485136v1,chrUn_DS483738v1,chrUn_DS483783v1,chrUn_DS485411v1,chrUn_DS485729v1,chrUn_DS485622v1,chrUn_DS484796v1,chrUn_DS485671v1,chrUn_DS485684v1,chrUn_DS485148v1,chrUn_DS484188v1,chrUn_DS484566v1,chrUn_DS484646v1,chrUn_DS485588v1,chrUn_DS484498v1,chrUn_DS485820v1,chrUn_DS484048v1,chrUn_DS485079v1,chrUn_DS485420v1,chrUn_DS483772v1,chrUn_DS484281v1,chrUn_DS484059v1,chrUn_DS485969v1,chrUn_DS485027v1,chrUn_DS485133v1,chrUn_DS485192v1,chrUn_DS483693v1,chrUn_DS484228v1,chrUn_DS484239v1,chrUn_DS484595v1,chrUn_DS484274v1,chrUn_DS485917v1,chrUn_DS484320v1,chrUn_DS484480v1,chrUn_DS484579v1,chrUn_DS485980v1,chrUn_DS485531v1,chrUn_DS484806v1,chrUn_DS484782v1,chrUn_DS484639v1,chrUn_DS485494v1,chrUn_DS484238v1,chrUn_DS485965v1,chrUn_DS484514v1,chrUn_DS485092v1,chrUn_DS485518v1,chrUn_DS485453v1,chrUn_DS484542v1,chrUn_DS483970v1,chrUn_DS484632v1,chrUn_DS485401v1,chrUn_DS484193v1,chrUn_DS484487v1,chrUn_DS484087v1,chrUn_DS485517v1,chrUn_DS485742v1,chrUn_DS483919v1,chrUn_DS484748v1,chrUn_DS484312v1,chrUn_DS485679v1,chrUn_DS483797v1,chrUn_DS485803v1,chrUn_DS484315v1,chrUn_DS485912v1,chrUn_DS484027v1,chrUn_DS485122v1,chrUn_DS485847v1,chrUn_DS484941v1,chrUn_DS483734v1,chrUn_DS484510v1,chrUn_DS484028v1,chrUn_DS484561v1,chrUn_DS485802v1,chrUn_DS484118v1,chrUn_DS485915v1,chrUn_DS485933v1,chrUn_DS485371v1,chrUn_DS484437v1,chrUn_DS484155v1,chrUn_DS485298v1,chrUn_DS485007v1,chrUn_DS484899v1,chrUn_DS485544v1,chrUn_DS485841v1,chrUn_DS485614v1,chrUn_DS484651v1,chrUn_DS485968v1,chrUn_DS484962v1,chrUn_DS483840v1,chrUn_DS483739v1,chrUn_DS485903v1,chrUn_DS485983v1,chrUn_DS484984v1,chrUn_DS485582v1,chrUn_DS485880v1,chrUn_DS485273v1,chrUn_DS485583v1,chrUn_DS485309v1,chrUn_DS485428v1,chrUn_DS484967v1,chrUn_DS484910v1,chrUn_DS484550v1,chrUn_DS485666v1,chrUn_DS483944v1,chrUn_DS484894v1,chrUn_DS483908v1,chrUn_DS484244v1,chrUn_DS485632v1,chrUn_DS485291v1,chrUn_DS484472v1,chrUn_DS485045v1,chrUn_DS483792v1,chrUn_DS485986v1,chrUn_DS485823v1,chrUn_DS483848v1,chrUn_DS484886v1,chrUn_DS484025v1,chrUn_DS483856v1,chrUn_DS485543v1,chrUn_DS485520v1,chrUn_DS485725v1,chrUn_DS485264v1,chrUn_DS485497v1,chrUn_DS485996v1,chrUn_DS485025v1,chrUn_DS485118v1,chrUn_DS485220v1,chrUn_DS485569v1,chrUn_DS484919v1,chrUn_DS484149v1,chrUn_DS485127v1,chrUn_DS485439v1,chrUn_DS483673v1,chrUn_DS484929v1,chrUn_DS485441v1,chrUn_DS483701v1,chrUn_DS485796v1,chrUn_DS485218v1,chrUn_DS485712v1,chrUn_DS483979v1,chrUn_DS485087v1,chrUn_DS484889v1,chrUn_DS484291v1,chrUn_DS485053v1,chrUn_DS484093v1,chrUn_DS485850v1,chrUn_DS485243v1,chrUn_DS485215v1,chrUn_DS485370v1,chrUn_DS483825v1,chrUn_DS484658v1,chrUn_DS483820v1,chrUn_DS484851v1,chrUn_DS483688v1,chrUn_DS485233v1,chrUn_DS483853v1,chrUn_DS484847v1,chrUn_DS485818v1,chrUn_DS485383v1,chrUn_DS484435v1,chrUn_DS484565v1,chrUn_DS485379v1,chrUn_DS484403v1,chrUn_DS483930v1,chrUn_DS484370v1,chrUn_DS485203v1,chrUn_DS484635v1,chrUn_DS484231v1,chrUn_DS485392v1,chrUn_DS484098v1,chrUn_DS484678v1,chrUn_DS485521v1,chrUn_DS485251v1,chrUn_DS483675v1,chrUn_DS485775v1,chrUn_DS484838v1,chrUn_DS485263v1,chrUn_DS484804v1,chrUn_DS485571v1,chrUn_DS484236v1,chrUn_DS484954v1,chrUn_DS484467v1,chrUn_DS484148v1,chrUn_DS484817v1,chrUn_DS483741v1,chrUn_DS485911v1,chrUn_DS484157v1,chrUn_DS484852v1,chrUn_DS485636v1,chrUn_DS484588v1,chrUn_DS483769v1,chrUn_DS484779v1,chrUn_DS485326v1,chrUn_DS485642v1,chrUn_DS485184v1,chrUn_DS485228v1,chrUn_DS483663v1,chrUn_DS483804v1,chrUn_DS484169v1,chrUn_DS485491v1,chrUn_DS485657v1,chrUn_DS484520v1,chrUn_DS485780v1,chrUn_DS484253v1,chrUn_DS484591v1,chrUn_DS484673v1,chrUn_DS485528v1,chrUn_DS485656v1,chrUn_DS483659v1,chrUn_DS485011v1,chrUn_DS485737v1,chrUn_DS485160v1,chrUn_DS485208v1,chrUn_DS485717v1,chrUn_DS484882v1,chrUn_DS483686v1,chrUn_DS485876v1,chrUn_DS484831v1,chrUn_DS484205v1,chrUn_DS485434v1,chrUn_DS484003v1,chrUn_DS485948v1,chrUn_DS484340v1,chrUn_DS483965v1,chrUn_DS485068v1,chrUn_DS485533v1,chrUn_DS484774v1,chrUn_DS485292v1,chrUn_DS484156v1,chrUn_DS485709v1,chrUn_DS485947v1,chrUn_DS484544v1,chrUn_DS484524v1,chrUn_DS485275v1,chrUn_DS485527v1,chrUn_DS484619v1,chrUn_DS483801v1,chrUn_DS484307v1,chrUn_DS483687v1,chrUn_DS484463v1,chrUn_DS485939v1,chrUn_DS485146v1,chrUn_DS485174v1,chrUn_DS485194v1,chrUn_DS484283v1,chrUn_DS485500v1,chrUn_DS484183v1,chrUn_DS484499v1,chrUn_DS485338v1,chrUn_DS485036v1,chrUn_DS484553v1,chrUn_DS485587v1,chrUn_DS485265v1,chrUn_DS484425v1,chrUn_DS484802v1,chrUn_DS485538v1,chrUn_DS483872v1,chrUn_DS485319v1,chrUn_DS484752v1,chrUn_DS485630v1,chrUn_DS483915v1,chrUn_DS485161v1,chrUn_DS485482v1,chrUn_DS484943v1,chrUn_DS484722v1,chrUn_DS485010v1,chrUn_DS485952v1,chrUn_DS484869v1,chrUn_DS483749v1,chrUn_DS484799v1,chrUn_DS484998v1,chrUn_DS484041v1,chrUn_DS483841v1,chrUn_DS485031v1,chrUn_DS484254v1,chrUn_DS484279v1,chrUn_DS484503v1,chrUn_DS483658v1,chrUn_DS485397v1,chrUn_DS485004v1,chrUn_DS485046v1,chrUn_DS485382v1,chrUn_DS485728v1,chrUn_DS485125v1,chrUn_DS485200v1,chrUn_DS484471v1,chrUn_DS483750v1,chrUn_DS485946v1,chrUn_DS484874v1,chrUn_DS485258v1,chrUn_DS485833v1,chrUn_DS485944v1,chrUn_DS485714v1,chrUn_DS483920v1,chrUn_DS485464v1,chrUn_DS484614v1,chrUn_DS484153v1,chrUn_DS485461v1,chrUn_DS484828v1,chrUn_DS484834v1,chrUn_DS483913v1,chrUn_DS483670v1,chrUn_DS484427v1,chrUn_DS485247v1,chrUn_DS484083v1,chrUn_DS485530v1,chrUn_DS485020v1,chrUn_DS485827v1,chrUn_DS484047v1,chrUn_DS485149v1,chrUn_DS484287v1,chrUn_DS485655v1,chrUn_DS485757v1,chrUn_DS484062v1,chrUn_DS485932v1,chrUn_DS484348v1,chrUn_DS484686v1,chrUn_DS485253v1,chrUn_DS485953v1,chrUn_DS484812v1,chrUn_DS484449v1,chrUn_DS485032v1,chrUn_DS484438v1,chrUn_DS485923v1,chrUn_DS484314v1,chrUn_DS485306v1,chrUn_DS483975v1,chrUn_DS485770v1,chrUn_DS485204v1,chrUn_DS484502v1,chrUn_DS485667v1,chrUn_DS483679v1,chrUn_DS484080v1,chrUn_DS484712v1,chrUn_DS484742v1,chrUn_DS483939v1,chrUn_DS485535v1,chrUn_DS484258v1,chrUn_DS484285v1,chrUn_DS484509v1,chrUn_DS485211v1,chrUn_DS483867v1,chrUn_DS485066v1,chrUn_DS484630v1,chrUn_DS484271v1,chrUn_DS484117v1,chrUn_DS484042v1,chrUn_DS483746v1,chrUn_DS484932v1,chrUn_DS485177v1,chrUn_DS485540v1,chrUn_DS484815v1,chrUn_DS483989v1,chrUn_DS483767v1,chrUn_DS485621v1,chrUn_DS483782v1,chrUn_DS485774v1,chrUn_DS483862v1,chrUn_DS484513v1,chrUn_DS484878v1,chrUn_DS483737v1,chrUn_DS483689v1,chrUn_DS484671v1,chrUn_DS484255v1,chrUn_DS485481v1,chrUn_DS484528v1,chrUn_DS484797v1,chrUn_DS485874v1,chrUn_DS484286v1,chrUn_DS484177v1,chrUn_DS483816v1,chrUn_DS484584v1,chrUn_DS485574v1,chrUn_DS485022v1,chrUn_DS485750v1,chrUn_DS483815v1,chrUn_DS484389v1,chrUn_DS484656v1,chrUn_DS485567v1,chrUn_DS484692v1,chrUn_DS483858v1,chrUn_DS484458v1,chrUn_DS485628v1,chrUn_DS483961v1,chrUn_DS485966v1,chrUn_DS484147v1,chrUn_DS484378v1,chrUn_DS485754v1,chrUn_DS484017v1,chrUn_DS485918v1,chrUn_DS485314v1,chrUn_DS485692v1,chrUn_DS484300v1,chrUn_DS483953v1,chrUn_DS484138v1,chrUn_DS485593v1,chrUn_DS484342v1,chrUn_DS484557v1,chrUn_DS484685v1,chrUn_DS484607v1,chrUn_DS484189v1,chrUn_DS485610v1,chrUn_DS485151v1,chrUn_DS484267v1,chrUn_DS484020v1,chrUn_DS485525v1,chrUn_DS485429v1,chrUn_DS485088v1,chrUn_DS485190v1,chrUn_DS485565v1,chrUn_DS483870v1,chrUn_DS484022v1,chrUn_DS484836v1,chrUn_DS484105v1,chrUn_DS485889v1,chrUn_DS484109v1,chrUn_DS485882v1,chrUn_DS483824v1,chrUn_DS485426v1,chrUn_DS485083v1,chrUn_DS485851v1,chrUn_DS483945v1,chrUn_DS484534v1,chrUn_DS484901v1,chrUn_DS484789v1,chrUn_DS483904v1,chrUn_DS484264v1,chrUn_DS484086v1,chrUn_DS484089v1,chrUn_DS485792v1,chrUn_DS485085v1,chrUn_DS483773v1,chrUn_DS483837v1,chrUn_DS485648v1,chrUn_DS485105v1,chrUn_DS485694v1,chrUn_DS485389v1,chrUn_DS484343v1,chrUn_DS483702v1,chrUn_DS485640v1,chrUn_DS483868v1,chrUn_DS485806v1,chrUn_DS484434v1,chrUn_DS484888v1,chrUn_DS484693v1,chrUn_DS485627v1,chrUn_DS485245v1,chrUn_DS485595v1,chrUn_DS484064v1,chrUn_DS485176v1,chrUn_DS485252v1,chrUn_DS485670v1,chrUn_DS485152v1,chrUn_DS484078v1,chrUn_DS483814v1,chrUn_DS484206v1,chrUn_DS485071v1,chrUn_DS484070v1,chrUn_DS485584v1,chrUn_DS483886v1,chrUn_DS484773v1,chrUn_DS484004v1,chrUn_DS485393v1,chrUn_DS484192v1,chrUn_DS483891v1,chrUn_DS484217v1,chrUn_DS484055v1,chrUn_DS484015v1,chrUn_DS485848v1,chrUn_DS485221v1,chrUn_DS485227v1,chrUn_DS485579v1,chrUn_DS485400v1,chrUn_DS485154v1,chrUn_DS483956v1,chrUn_DS483854v1,chrUn_DS485410v1,chrUn_DS484718v1,chrUn_DS484412v1,chrUn_DS484424v1,chrUn_DS484213v1,chrUn_DS485157v1,chrUn_DS484940v1,chrUn_DS484221v1,chrUn_DS485746v1,chrUn_DS484466v1,chrUn_DS484306v1,chrUn_DS485807v1,chrUn_DS485591v1,chrUn_DS484486v1,chrUn_DS485030v1,chrUn_DS484395v1,chrUn_DS485216v1,chrUn_DS483964v1,chrUn_DS484750v1,chrUn_DS484661v1,chrUn_DS484621v1,chrUn_DS484927v1,chrUn_DS485330v1,chrUn_DS485988v1,chrUn_DS485832v1,chrUn_DS484159v1,chrUn_DS485041v1,chrUn_DS484421v1,chrUn_DS485091v1,chrUn_DS485878v1,chrUn_DS485140v1,chrUn_DS485419v1,chrUn_DS484887v1,chrUn_DS485301v1,chrUn_DS485002v1,chrUn_DS484491v1,chrUn_DS485589v1,chrUn_DS485284v1,chrUn_DS484525v1,chrUn_DS484734v1,chrUn_DS484212v1,chrUn_DS483866v1,chrUn_DS484107v1,chrUn_DS484930v1,chrUn_DS484321v1,chrUn_DS485134v1,chrUn_DS484044v1,chrUn_DS484066v1,chrUn_DS484151v1,chrUn_DS484242v1,chrUn_DS484602v1,chrUn_DS484762v1,chrUn_DS484408v1,chrUn_DS485067v1,chrUn_DS485297v1,chrUn_DS484700v1,chrUn_DS484116v1,chrUn_DS484335v1,chrUn_DS485169v1,chrUn_DS485448v1,chrUn_DS483822v1,chrUn_DS484792v1,chrUn_DS483768v1,chrUn_DS483735v1,chrUn_DS485653v1,chrUn_DS484662v1,chrUn_DS484097v1,chrUn_DS484001v1,chrUn_DS485609v1,chrUn_DS485323v1,chrUn_DS483649v1,chrUn_DS484079v1,chrUn_DS484065v1,chrUn_DS485035v1,chrUn_DS485897v1,chrUn_DS485503v1,chrUn_DS484521v1,chrUn_DS484104v1,chrUn_DS483863v1,chrUn_DS484196v1,chrUn_DS484318v1,chrUn_DS485955v1,chrUn_DS485624v1,chrUn_DS484729v1,chrUn_DS484573v1,chrUn_DS484464v1,chrUn_DS483994v1,chrUn_DS484013v1,chrUn_DS484714v1,chrUn_DS484649v1,chrUn_DS484543v1,chrUn_DS484308v1,chrUn_DS485155v1,chrUn_DS485107v1,chrUn_DS483899v1,chrUn_DS485162v1,chrUn_DS484108v1,chrUn_DS485536v1,chrUn_DS485198v1,chrUn_DS484699v1,chrUn_DS484091v1,chrUn_DS485144v1,chrUn_DS485256v1,chrUn_DS484616v1,chrUn_DS484862v1,chrUn_DS484754v1,chrUn_DS484617v1,chrUn_DS484917v1,chrUn_DS483646v1,chrUn_DS485559v1,chrUn_DS484120v1,chrUn_DS483983v1,chrUn_DS484853v1,chrUn_DS484780v1,chrUn_DS484145v1,chrUn_DS484898v1,chrUn_DS484926v1,chrUn_DS484592v1,chrUn_DS485230v1,chrUn_DS484870v1,chrUn_DS484581v1,chrUn_DS485724v1,chrUn_DS485695v2,chrUn_DS484123v1,chrUn_DS483780v1,chrUn_DS484007v1,chrUn_DS484230v1,chrUn_DS483819v1,chrUn_DS483898v1,chrUn_DS483762v1,chrUn_DS483895v1,chrUn_DS483929v1,chrUn_DS484038v1,chrUn_DS483844v1,chrUn_DS483806v1,chrUn_DS483812v1,chrUn_DS483785v1,chrUn_DS483943v1,chrUn_DS483753v1,chrUn_DS484045v1,chrUn_DS484144v1,chrUn_DS483925v1,chrUn_DS483787v1,chrUn_DS483865v1,chrUn_DS484090v1,chrUn_DS483757v1,chrUn_DS484010v1,chrUn_DS484247v1,chrUn_DS483751v1,chrUn_DS484280v1,chrUn_DS484167v1,chrUn_DS483918v1,chrUn_DS484414v1,chrUn_DS484134v1,chrUn_DS483833v1,chrUn_DS483878v1,chrUn_DS484053v1,chrUn_DS483859v1,chrUn_DS483793v1,chrUn_DS483774v1,chrUn_DS483770v1,chrUn_DS484225v1,chrUn_DS483947v1,chrUn_DS484006v1,chrUn_DS483954v1,chrUn_DS483982v1,chrUn_DS484222v1,chrUn_DS484092v1,chrUn_DS483647v1,chrUn_DS484095v1,chrUn_DS483776v1,chrUn_DS484209v1,chrUn_DS483927v1,chrUn_DS484234v1,chrUn_DS483992v1,chrUn_DS484036v1,chrUn_DS483986v1,chrUn_DS484031v1,chrUn_DS483813v1,chrUn_DS483881v1,chrUn_DS484296v1,chrUn_DS483949v1,chrUn_DS484000v1,chrUn_DS483941v1,chrUn_DS483985v1,chrUn_DS484375v1,chrUn_DS483998v1,chrUn_DS484068v1,chrUn_DS484353v1,chrUn_DS483810v1,chrUn_DS484018v1,chrUn_DS483817v1,chrUn_DS483999v1,chrUn_DS483724v1,chrUn_DS484256v1,chrUn_DS484391v1,chrUn_DS484539v1,chrUn_DS483937v1,chrUn_DS483828v1,chrUn_DS484113v1,chrUn_DS483811v1,chrUn_DS484432v1,chrUn_DS483832v1,chrUn_DS484386v1,chrUn_DS483896v1,chrUn_DS484294v1,chrUn_DS484426v1,chrUn_DS483800v1,chrUn_DS483763v1,chrUn_DS484289v1,chrUn_DS484865v1,chrUn_DS483839v1,chrUn_DS483880v1,chrUn_DS483951v1,chrUn_DS483781v1,chrUn_DS483798v1,chrUn_DS483641v1,chrUn_DS483861v1,chrUn_DS484872v1,chrUn_DS485098v1,chrUn_DS484292v1,chrUn_DS485935v1,chrUn_DS483900v1,chrUn_DS485601v1,chrUn_DS484009v1,chrUn_DS485385v1,chrUn_DS485259v1,chrUn_DS485182v1,chrUn_DS483960v1,chrUn_DS484735v1,chrUn_DS484224v1,chrUn_DS484363v1,chrUn_DS483760v1,chrUn_DS484652v1,chrUn_DS485548v1,chrUn_DS483910v1,chrUn_DS485424v1,chrUn_DS484848v1,chrUn_DS484176v1,chrUn_DS483807v1,chrUn_DS483796v1,chrUn_DS483754v1,chrUn_DS483758v1,chrUn_DS483846v1,chrUn_DS484317v1,chrUn_DS483744v1,chrUn_DS483709v1,chrUn_DS483874v1,chrUn_DS483629v1,chrUn_CP007071v1,chrUn_CP007072v1,chrUn_CP007073v1,chrUn_CP007074v1,chrUn_CP007075v1,chrUn_CP007076v1,chrUn_CP007077v1,chrUn_CP007078v1,chrUn_CP007079v1,chrUn_CP007082v1,chrUn_CP007083v1,chrUn_CP007084v1,chrUn_CP007085v1,chrUn_CP007086v1,chrUn_CP007087v1,chrUn_CP007088v1,chrUn_CP007089v1,chrUn_CP007090v1,chrUn_CP007091v1,chrUn_CP007092v1,chrUn_CP007093v1,chrUn_CP007094v1,chrUn_CP007095v1,chrUn_CP007096v1,chrUn_CP007080v1,chrUn_CP007097v1,chrUn_CP007098v1,chrUn_CP007099v1,chrUn_CP007100v1,chrUn_CP007101v1,chrUn_CP007081v1,chrUn_CP007105v1,chrUn_DS483562v1,chrUn_CP007120v1	37739936	1	1	1	1	1	1		/srv/beegfs/scratch/shares/ds4dh/common/ab-initio-TE/software_outputs/repeatmasker_dfam/RMDFAM_SPECIES_ANCHOR5_PLANTS_20260616/fruit_fly/chunks/fruit_fly_chunk_00003_bundle
fruit_fly	83	fruit_fly_chunk_00004_bundle	chrX,chrX_DS484701v1_random,chrX_DS484968v1_random,chrX_DS484668v1_random,chrX_DS484664v1_random,chrX_DS484272v1_random,chrX_DS485077v1_random,chrX_DS484084v1_random,chrX_DS484161v1_random,chrX_DS484284v1_random,chrX_DS484459v1_random,chrX_DS484765v1_random,chrX_DS484622v1_random,chrX_DS484526v1_random,chrX_DS485994v1_random,chrX_DS485235v1_random,chrX_DS484745v1_random,chrX_DS484507v1_random,chrX_DS484074v1_random,chrX_DS485618v1_random,chrX_DS485797v1_random,chrX_DS484367v1_random,chrX_DS484809v1_random,chrX_DS484965v1_random,chrX_DS484585v1_random,chrX_DS485172v1_random,chrX_DS484219v1_random,chrX_DS484650v1_random,chrX_DS484730v1_random,chrX_DS484200v1_random,chrX_DS484512v1_random,chrX_DS484582v1_random,chrX_DS484529v1_random,chrX_DS484429v1_random,chrX_DS484518v1_random,chrX_DS484833v1_random,chrX_DS484724v1_random,chrX_DS485015v1_random,chrX_DS484594v1_random,chrX_DS485606v1_random,chrX_DS484819v1_random,chrX_DS484358v1_random,chrX_DS484845v1_random,chrX_DS484430v1_random,chrX_DS484568v1_random,chrX_DS485942v1_random,chrX_DS484583v1_random,chrX_DS484428v1_random,chrX_DS485266v1_random,chrX_DS484399v1_random,chrX_DS485514v1_random,chrX_DS484012v1_random,chrX_DS484552v1_random,chrX_DS485074v1_random,chrX_DS484576v1_random,chrX_DS484803v1_random,chrX_DS485765v1_random,chrX_DS484447v1_random,chrX_DS485962v1_random,chrX_DS485769v1_random,chrX_DS484533v1_random,chrX_DS484388v1_random,chrX_DS484564v1_random,chrX_DS484126v1_random,chrX_DS484450v1_random,chrX_DS484610v1_random,chrX_DS485238v1_random,chrX_DS484402v1_random,chrX_DS484558v1_random,chrX_DS484684v1_random,chrX_DS484951v1_random,chrX_DS484679v1_random,chrX_DS484691v1_random,chrX_DS484647v1_random,chrX_DS485913v1_random,chrX_DS484608v1_random,chrX_DS484913v1_random,chrX_DS485358v1_random,chrX_DS485096v1_random,chrX_DS485257v1_random,chrX_DS484547v1_random,chrX_DS484596v1_random,chrX_DS484497v1_random,chrX_DS485967v1_random,chrX_DS484688v1_random,chrX_DS485476v1_random,chrX_DS485649v1_random,chrX_DS484996v1_random,chrX_DS485981v1_random,chrX_DS484235v1_random,chrX_DS484431v1_random,chrX_DS484672v1_random,chrX_DS484961v1_random,chrX_DS483648v1_random,chrX_DS484600v1_random,chrX_DS485813v1_random,chrX_DS485104v1_random,chrX_DS484785v1_random,chrX_DS484379v1_random,chrX_DS485465v1_random,chrX_DS485676v1_random,chrX_DS485735v1_random,chrX_DS484023v1_random,chrX_DS484401v1_random,chrX_DS484354v1_random,chrX_DS484298v1_random,chrX_DS484723v1_random,chrX_DS485860v1_random,chrX_DS484995v1_random,chrX_DS484393v1_random,chrX_DS484911v1_random,chrX_DS485305v1_random,chrX_DS484362v1_random,chrX_DS484628v1_random,chrX_DS484604v1_random,chrX_DS484201v1_random,chrX_DS484411v1_random,chrX_DS485855v1_random,chrX_DS484811v1_random,chrX_DS484504v1_random,chrX_DS484695v1_random,chrX_DS484670v1_random,chrX_DS484261v1_random,chrX_DS485660v1_random,chrX_DS485164v1_random,chrX_DS484609v1_random,chrX_DS485941v1_random,chrX_DS484545v1_random,chrX_DS484397v1_random,chrX_DS484368v1_random,chrX_DS484198v1_random,chrX_DS485101v1_random,chrX_DS485141v1_random,chrX_DS484625v1_random,chrX_DS484626v1_random,chrX_DS485723v1_random,chrX_DS484587v1_random,chrX_DS485167v1_random,chrX_DS485934v1_random,chrX_DS484364v1_random,chrX_DS485110v1_random,chrX_DS484540v1_random,chrX_DS484879v1_random,chrX_DS484182v1_random,chrX_DS484850v1_random,chrX_DS485785v1_random,chrX_DS484215v1_random,chrX_DS484337v1_random,chrX_DS485126v1_random,chrX_DS484737v1_random,chrX_DS485909v1_random,chrX_DS484703v1_random,chrX_DS484740v1_random,chrX_DS484660v1_random,chrX_DS484810v1_random,chrX_DS485081v1_random,chrX_DS484758v1_random,chrX_DS484763v1_random,chrX_DS484572v1_random,chrX_DS484477v1_random,chrX_DS485691v1_random,chrX_DS485801v1_random,chrX_DS485845v1_random,chrX_DS484101v1_random,chrX_DS485573v1_random,chrX_DS484690v1_random,chrX_DS484598v1_random,chrX_DS484406v1_random,chrX_DS484349v1_random,chrX_DS485987v1_random,chrX_DS484555v1_random,chrX_DS485687v1_random,chrX_DS485109v1_random,chrX_DS484569v1_random,chrX_DS484648v1_random,chrX_DS484483v1_random,chrX_DS485856v1_random,chrX_DS484633v1_random,chrX_DS484500v1_random,chrX_DS484136v1_random,chrX_DS484871v1_random,chrX_DS484360v1_random,chrX_DS485852v1_random,chrX_DS484415v1_random,chrX_DS484570v1_random,chrX_DS484783v1_random,chrX_DS484288v1_random,chrX_DS484778v1_random,chrX_DS484955v1_random,chrX_DS484252v1_random,chrX_DS484935v1_random,chrX_DS485620v1_random,chrX_DS485898v1_random,chrX_DS485782v1_random,chrX_DS484880v1_random,chrX_DS484840v1_random,chrX_DS484837v1_random,chrX_DS484698v1_random,chrX_DS484442v1_random,chrX_DS485771v1_random,chrX_DS484644v1_random,chrX_DS485084v1_random,chrX_DS484323v1_random,chrX_DS484457v1_random,chrX_DS484112v1_random,chrX_DS484741v1_random,chrX_DS484786v1_random,chrX_DS485745v1_random,chrX_DS484409v1_random,chrX_DS484590v1_random,chrX_DS484890v1_random,chrX_DS485043v1_random,chrX_DS484731v1_random,chrX_DS484768v1_random,chrX_DS484114v1_random,chrX_DS484611v1_random,chrX_DS484519v1_random,chrX_DS485599v1_random,chrX_DS485111v1_random,chrX_DS485378v1_random,chrX_DS483963v1_random,chrX_DS484605v1_random,chrX_DS485471v1_random,chrX_DS484657v1_random,chrX_DS484305v1_random,chrX_DS485635v1_random,chrX_DS485277v1_random,chrX_DS484597v1_random,chrX_DS484178v1_random,chrX_DS485262v1_random,chrX_DS485478v1_random,chrX_DS484683v1_random,chrX_DS485334v1_random,chrX_DS485112v1_random,chrX_DS484506v1_random,chrX_DS485336v1_random,chrX_DS483669v1_random,chrX_DS483655v1_random,chrX_DS485959v1_random,chrX_DS485300v1_random,chrX_DS485050v1_random,chrX_DS484260v1_random,chrX_DS484444v1_random,chrX_DS484694v1_random,chrX_DS484677v1_random,chrX_DS484777v1_random,chrX_DS485617v1_random,chrX_DS484839v1_random,chrX_DS485080v1_random,chrX_DS484560v1_random,chrX_DS484928v1_random,chrX_DS484775v1_random,chrX_DS484535v1_random,chrX_DS484725v1_random,chrX_DS484682v1_random,chrX_DS484618v1_random,chrX_DS484952v1_random,chrX_DS484599v1_random,chrX_DS484072v1_random,chrX_DS484137v1_random,chrX_DS485836v1_random,chrX_DS484419v1_random,chrX_DS484357v1_random,chrX_DS485798v1_random,chrX_DS484344v1_random,chrX_DS484623v1_random,chrX_DS485537v1_random,chrX_DS484057v1_random,chrX_DS485899v1_random,chrX_DS484832v1_random,chrX_DS485950v1_random,chrX_DS483995v1_random,chrX_DS485603v1_random,chrX_DS484733v1_random,chrX_DS484541v1_random,chrX_DS484085v1_random,chrX_DS484165v1_random,chrX_DS485271v1_random,chrX_DS485790v1_random,chrX_DS484753v1_random,chrX_DS484645v1_random,chrX_DS484669v1_random,chrX_DS484162v1_random,chrX_DS484374v1_random,chrX_DS485189v1_random,chrX_DS484603v1_random,chrX_DS485195v1_random,chrX_DS484580v1_random,chrX_DS485351v1_random,chrX_DS484433v1_random,chrX_DS485738v1_random,chrX_DS484423v1_random,chrX_DS485879v1_random,chrX_DS484702v1_random,chrX_DS484636v1_random,chrX_DS485762v1_random,chrX_DS485012v1_random,chrX_DS484474v1_random,chrX_DS485278v1_random,chrX_DS484322v1_random,chrX_DS484974v1_random,chrX_DS484135v1_random,chrX_DS484826v1_random,chrX_DS485816v1_random,chrX_DS483665v1_random,chrX_DS484067v1_random,chrX_DS485672v1_random,chrX_DS484005v1_random,chrX_DS483971v1_random,chrX_DS485303v1_random,chrX_DS484143v1_random,chrX_DS484346v1_random,chrX_DS485299v1_random,chrX_DS484384v1_random,chrX_DS484767v1_random,chrX_DS485857v1_random,chrX_DS485072v1_random,chrX_DS484319v1_random,chrX_DS485225v1_random,chrX_DS485268v1_random,chrX_DS484293v1_random,chrX_DS484715v1_random,chrX_DS485454v1_random,chrX_DS484130v1_random,chrX_DS484359v1_random,chrX_DS483784v1_random,chrX_DS485119v1_random,chrX_DS484462v1_random,chrX_DS485592v1_random,chrX_DS485647v1_random,chrX_DS484088v1_random,chrX_DS485078v1_random,chrX_DS483905v1_random,chrX_DS484963v1_random,chrX_DS483685v1_random,chrX_DS484749v1_random,chrX_DS484356v1_random,chrX_DS485418v1_random,chrX_DS484125v1_random,chrX_DS484131v1_random,chrX_DS484328v1_random,chrX_DS483843v1_random,chrX_DS484468v1_random,chrX_DS485978v1_random,chrX_DS485054v1_random,chrX_DS483955v1_random,chrX_DS483897v1_random,chrX_DS484361v1_random,chrX_DS485049v1_random,chrX_DS484978v1_random,chrX_DS484002v1_random,chrX_DS485364v1_random,chrX_DS484345v1_random,chrX_DS485310v1_random,chrX_DS485281v1_random,chrX_DS485597v1_random,chrX_DS485345v1_random,chrX_DS484417v1_random,chrX_DS483698v1_random,chrX_DS484620v1_random,chrX_DS485360v1_random,chrX_DS485562v1_random,chrX_DS485186v1_random,chrX_DS485778v1_random,chrX_DS485201v1_random,chrX_DS485384v1_random,chrX_DS485707v1_random,chrX_DS483809v1_random,chrX_DS484857v1_random,chrX_DS484268v1_random,chrX_DS484203v1_random,chrX_DS484970v1_random,chrX_DS483789v1_random,chrX_DS484719v1_random,chrX_DS484297v1_random,chrX_DS484124v1_random,chrX_DS485044v1_random,chrX_DS484990v1_random,chrX_DS484273v1_random,chrX_DS485017v1_random,chrX_DS484997v1_random,chrX_DS483888v1_random,chrX_DS485459v1_random,chrX_DS485651v1_random,chrX_DS484907v1_random,chrX_DS485549v1_random,chrX_DS484732v1_random,chrX_DS484953v1_random,chrX_DS483660v1_random,chrX_DS484615v1_random,chrX_DS484697v1_random,chrX_DS484216v1_random,chrX_DS485287v1_random,chrX_DS484382v1_random,chrX_DS484187v1_random,chrX_DS485756v1_random,chrX_DS484185v1_random,chrX_DS485550v1_random,chrX_DS483795v1_random,chrX_DS484666v1_random,chrX_DS483666v1_random,chrX_DS484371v1_random,chrX_DS483907v1_random,chrX_DS484387v1_random,chrX_DS484316v1_random,chrX_DS483803v1_random,chrX_DS483950v1_random,chrX_DS483885v1_random,chrX_DS483928v1_random,chrX_DS484326v1_random,chrX_DS483745v1_random,chrX_DS483892v1_random,chrX_DS484061v1_random,chrX_DS484330v1_random,chrX_DS484140v1_random,chrX_DS484051v1_random,chrX_DS483893v1_random,chrX_DS484075v1_random,chrX_DS483948v1_random,chrX_DS484081v1_random,chrX_DS484586v1_random,chrX_DS484278v1_random,chrX_DS484046v1_random,chrX_DS484133v1_random,chrX_DS483909v1_random,chrX_DS484488v1_random,chrX_DS483974v1_random,chrX_DS483903v1_random,chrX_DS484538v1_random,chrX_DS483946v1_random,chrX_DS484556v1_random,chrX_DS483851v1_random,chrX_DS483926v1_random,chrX_DS484563v1_random,chrX_DS483923v1_random,chrX_DS484166v1_random,chrX_DS484341v1_random,chrX_DS484099v1_random,chrX_DS484060v1_random,chrX_DS484132v1_random,chrX_DS483821v1_random,chrX_DS483818v1_random,chrX_DS484562v1_random,chrX_DS483969v1_random,chrX_DS484026v1_random,chrX_CP007104v1_random,chrX_CP007103v1_random,chrY,chrY_DS485113v1_random,chrY_DS485267v1_random,chrY_DS484992v1_random,chrY_DS485594v1_random,chrY_DS484805v1_random,chrY_DS484021v1_random,chrY_DS484184v1_random,chrY_DS485013v1_random,chrY_DS485016v1_random,chrY_DS484142v1_random,chrY_DS484530v1_random,chrY_DS485460v1_random,chrY_DS486003v1_random,chrY_DS485375v1_random,chrY_DS484233v1_random,chrY_DS484270v1_random,chrY_DS485865v1_random,chrY_DS484643v1_random,chrY_DS484351v1_random,chrY_DS484146v1_random,chrY_DS483959v1_random,chrY_DS485795v1_random,chrY_DS484259v1_random,chrY_DS483778v1_random,chrY_DS484681v1_random,chrY_DS485927v1_random,chrY_DS484986v1_random,chrY_DS484164v1_random,chrY_DS485534v1_random,chrY_DS484250v1_random,chrY_DS485070v1_random,chrY_DS485423v1_random,chrY_DS485873v1_random,chrY_DS485736v1_random,chrY_DS485051v1_random,chrY_DS483987v1_random,chrY_DS485159v1_random,chrY_DS484266v1_random,chrY_DS485646v1_random,chrY_DS484781v1_random,chrY_DS485561v1_random,chrY_DS484056v1_random,chrY_DS485166v1_random,chrY_DS485427v1_random,chrY_DS485894v1_random,chrY_DS484631v1_random,chrY_DS485840v1_random,chrY_DS485492v1_random,chrY_DS485875v1_random,chrY_DS484492v1_random,chrY_DS485483v1_random,chrY_DS485250v1_random,chrY_DS485388v1_random,chrY_DS484818v1_random,chrY_DS485575v1_random,chrY_DS485696v1_random,chrY_DS484675v1_random,chrY_DS484665v1_random,chrY_DS483966v1_random,chrY_DS485749v1_random,chrY_DS485752v1_random,chrY_DS484197v1_random,chrY_DS485158v1_random,chrY_DS484706v1_random,chrY_DS484574v1_random,chrY_DS484637v1_random,chrY_DS485732v1_random,chrY_DS485374v1_random,chrY_DS485359v1_random,chrY_DS485523v1_random,chrY_DS485236v1_random,chrY_DS485399v1_random,chrY_DS484049v1_random,chrY_DS485767v1_random,chrY_DS484037v1_random,chrY_DS485975v1_random,chrY_DS485560v1_random,chrY_DS484249v1_random,chrY_DS485938v1_random,chrY_DS485329v1_random,chrY_DS484523v1_random,chrY_DS485042v1_random,chrY_DS485901v1_random,chrY_DS484863v1_random,chrY_DS485343v1_random,chrY_DS485772v1_random,chrY_DS484994v1_random,chrY_DS485328v1_random,chrY_DS484336v1_random,chrY_DS485178v1_random,chrY_DS485409v1_random,chrY_DS485764v1_random,chrY_DS484128v1_random,chrY_DS485739v1_random,chrY_DS485452v1_random,chrY_DS484909v1_random,chrY_DS485641v1_random,chrY_DS484956v1_random,chrY_DS485320v1_random,chrY_DS485302v1_random,chrY_DS485440v1_random,chrY_DS485685v1_random,chrY_DS483967v1_random,chrY_DS484908v1_random,chrY_DS484945v1_random,chrY_DS485718v1_random,chrY_DS485099v1_random,chrY_DS485839v1_random,chrY_DS484589v1_random,chrY_DS485048v1_random,chrY_DS485363v1_random,chrY_DS484103v1_random,chrY_DS485532v1_random,chrY_DS484942v1_random,chrY_DS484983v1_random,chrY_DS484680v1_random,chrY_DS484441v1_random,chrY_DS485604v1_random,chrY_DS485960v1_random,chrY_DS485974v1_random,chrY_DS484063v1_random,chrY_DS485972v1_random,chrY_DS484043v1_random,chrY_DS485625v1_random,chrY_DS485318v1_random,chrY_DS485963v1_random,chrY_DS485776v1_random,chrY_DS485137v1_random,chrY_DS485315v1_random,chrY_DS484696v1_random,chrY_DS483742v1_random,chrY_DS483790v1_random,chrY_DS484171v1_random,chrY_DS485097v1_random,chrY_DS484181v1_random,chrY_CP007119v1_random,chrY_DS485888v1_random,chrY_DS484531v1_random,chrY_DS485470v1_random,chrY_DS485473v1_random,chrY_DS485755v1_random,chrY_DS485892v1_random,chrY_DS485552v1_random,chrY_DS485288v1_random,chrY_DS485014v1_random,chrY_DS484757v1_random,chrY_DS484820v1_random,chrY_DS485422v1_random,chrY_DS484876v1_random,chrY_DS485858v1_random,chrY_DS485512v1_random,chrY_DS485143v1_random,chrY_DS484390v1_random,chrY_DS485416v1_random,chrY_DS484674v1_random,chrY_DS484465v1_random,chrY_DS485436v1_random,chrY_DS485450v1_random,chrY_DS484830v1_random,chrY_DS483988v1_random,chrY_DS484807v1_random,chrY_DS485956v1_random,chrY_DS485283v1_random,chrY_DS485335v1_random,chrY_DS485698v1_random,chrY_DS484641v1_random,chrY_DS485430v1_random,chrY_DS485316v1_random,chrY_DS484377v1_random,chrY_DS485786v1_random,chrY_DS484924v1_random,chrY_DS485885v1_random,chrY_DS485849v1_random,chrY_DS485219v1_random,chrY_DS484875v1_random,chrY_DS484175v1_random,chrY_DS485028v1_random,chrY_DS483725v1_random,chrY_DS483931v1_random,chrY_DS483996v1_random,chrY_DS483875v1_random,chrY_DS483889v1_random,chrY_DS484029v1_random,chrY_DS484094v1_random,chrY_DS483677v1_random,chrY_DS483788v1_random,chrY_DS483690v1_random,chrY_CP007109v1_random,chrY_CP007110v1_random,chrY_CP007111v1_random,chrY_CP007112v1_random,chrY_CP007113v1_random,chrY_CP007114v1_random,chrY_CP007115v1_random,chrY_CP007116v1_random,chrY_CP007117v1_random,chrY_CP007118v1_random,chrY_CP007107v1_random,chrY_CP007108v1_random	29075191	1	1	1	1	1	1		/srv/beegfs/scratch/shares/ds4dh/common/ab-initio-TE/software_outputs/repeatmasker_dfam/RMDFAM_SPECIES_ANCHOR5_PLANTS_20260616/fruit_fly/chunks/fruit_fly_chunk_00004_bundle
c_elegans	84	c_elegans_chunk_00001_bundle	chrI,chrII,chrIII	44135656	1	1	1	1	1	1		/srv/beegfs/scratch/shares/ds4dh/common/ab-initio-TE/software_outputs/repeatmasker_dfam/RMDFAM_SPECIES_ANCHOR5_PLANTS_20260616/c_elegans/chunks/c_elegans_chunk_00001_bundle
c_elegans	85	c_elegans_chunk_00002_bundle	chrIV,chrV	38418009	1	1	1	1	1	1		/srv/beegfs/scratch/shares/ds4dh/common/ab-initio-TE/software_outputs/repeatmasker_dfam/RMDFAM_SPECIES_ANCHOR5_PLANTS_20260616/c_elegans/chunks/c_elegans_chunk_00002_bundle
c_elegans	86	c_elegans_chunk_00003_bundle	chrX,chrM	17732736	1	1	1	1	1	1		/srv/beegfs/scratch/shares/ds4dh/common/ab-initio-TE/software_outputs/repeatmasker_dfam/RMDFAM_SPECIES_ANCHOR5_PLANTS_20260616/c_elegans/chunks/c_elegans_chunk_00003_bundle
thale_cress	87	thale_cress_chunk_00001_bundle	1	30427671	1	1	1	1	1	1		/srv/beegfs/scratch/shares/ds4dh/common/ab-initio-TE/software_outputs/repeatmasker_dfam/RMDFAM_SPECIES_ANCHOR5_PLANTS_20260616/thale_cress/chunks/thale_cress_chunk_00001_bundle
thale_cress	88	thale_cress_chunk_00002_bundle	2,3	43158119	1	1	1	1	1	1		/srv/beegfs/scratch/shares/ds4dh/common/ab-initio-TE/software_outputs/repeatmasker_dfam/RMDFAM_SPECIES_ANCHOR5_PLANTS_20260616/thale_cress/chunks/thale_cress_chunk_00002_bundle
thale_cress	89	thale_cress_chunk_00003_bundle	4,5,Mt,Pt	46081960	1	1	1	1	1	1		/srv/beegfs/scratch/shares/ds4dh/common/ab-initio-TE/software_outputs/repeatmasker_dfam/RMDFAM_SPECIES_ANCHOR5_PLANTS_20260616/thale_cress/chunks/thale_cress_chunk_00003_bundle
rice	90	rice_chunk_00001_bundle	1,Mt,Pt	43895968	1	1	1	1	1	1		/srv/beegfs/scratch/shares/ds4dh/common/ab-initio-TE/software_outputs/repeatmasker_dfam/RMDFAM_SPECIES_ANCHOR5_PLANTS_20260616/rice/chunks/rice_chunk_00001_bundle
rice	91	rice_chunk_00002_bundle	2	35937250	1	1	1	1	1	1		/srv/beegfs/scratch/shares/ds4dh/common/ab-initio-TE/software_outputs/repeatmasker_dfam/RMDFAM_SPECIES_ANCHOR5_PLANTS_20260616/rice/chunks/rice_chunk_00002_bundle
rice	92	rice_chunk_00003_bundle	3	36413819	1	1	1	1	1	1		/srv/beegfs/scratch/shares/ds4dh/common/ab-initio-TE/software_outputs/repeatmasker_dfam/RMDFAM_SPECIES_ANCHOR5_PLANTS_20260616/rice/chunks/rice_chunk_00003_bundle
rice	93	rice_chunk_00004_bundle	4	35502694	1	1	1	1	1	1		/srv/beegfs/scratch/shares/ds4dh/common/ab-initio-TE/software_outputs/repeatmasker_dfam/RMDFAM_SPECIES_ANCHOR5_PLANTS_20260616/rice/chunks/rice_chunk_00004_bundle
rice	94	rice_chunk_00005_bundle	5	29958434	1	1	1	1	1	1		/srv/beegfs/scratch/shares/ds4dh/common/ab-initio-TE/software_outputs/repeatmasker_dfam/RMDFAM_SPECIES_ANCHOR5_PLANTS_20260616/rice/chunks/rice_chunk_00005_bundle
rice	95	rice_chunk_00006_bundle	6	31248787	1	1	1	1	1	1		/srv/beegfs/scratch/shares/ds4dh/common/ab-initio-TE/software_outputs/repeatmasker_dfam/RMDFAM_SPECIES_ANCHOR5_PLANTS_20260616/rice/chunks/rice_chunk_00006_bundle
rice	96	rice_chunk_00007_bundle	7	29697621	1	1	1	1	1	1		/srv/beegfs/scratch/shares/ds4dh/common/ab-initio-TE/software_outputs/repeatmasker_dfam/RMDFAM_SPECIES_ANCHOR5_PLANTS_20260616/rice/chunks/rice_chunk_00007_bundle
rice	97	rice_chunk_00008_bundle	8	28443022	1	1	1	1	1	1		/srv/beegfs/scratch/shares/ds4dh/common/ab-initio-TE/software_outputs/repeatmasker_dfam/RMDFAM_SPECIES_ANCHOR5_PLANTS_20260616/rice/chunks/rice_chunk_00008_bundle
rice	98	rice_chunk_00009_bundle	9,10	46220007	1	1	1	1	1	1		/srv/beegfs/scratch/shares/ds4dh/common/ab-initio-TE/software_outputs/repeatmasker_dfam/RMDFAM_SPECIES_ANCHOR5_PLANTS_20260616/rice/chunks/rice_chunk_00009_bundle
rice	99	rice_chunk_00010_bundle	11	29021106	1	1	1	1	1	1		/srv/beegfs/scratch/shares/ds4dh/common/ab-initio-TE/software_outputs/repeatmasker_dfam/RMDFAM_SPECIES_ANCHOR5_PLANTS_20260616/rice/chunks/rice_chunk_00010_bundle
rice	100	rice_chunk_00011_bundle	12,AP008246,AP008247,AC160949,AC156495,AC155918,Syng_TIGR_028,Syng_TIGR_023,Syng_TIGR_045,Syng_TIGR_005,Syng_TIGR_014,Syng_TIGR_047,Syng_TIGR_026,Syng_TIGR_004,Syng_TIGR_021,Syng_TIGR_008,Syng_TIGR_012,Syng_TIGR_010,AC174930,Syng_TIGR_002,Syng_TIGR_037,Syng_TIGR_029,Syng_TIGR_016,Syng_TIGR_027,Syng_TIGR_046,Syng_TIGR_033,Syng_TIGR_011,Syng_TIGR_030,Syng_TIGR_020,Syng_TIGR_035,Syng_TIGR_015,Syng_TIGR_013,Syng_TIGR_036,Syng_TIGR_019,Syng_TIGR_034,Syng_TIGR_009,Syng_TIGR_041,Syng_TIGR_024,Syng_TIGR_022,Syng_TIGR_032,Syng_TIGR_031,Syng_TIGR_050,Syng_TIGR_038,Syng_TIGR_007,Syng_TIGR_048,Syng_TIGR_039,Syng_TIGR_049,Syng_TIGR_044,Syng_TIGR_042,Syng_TIGR_043	28710577	1	1	1	1	1	1		/srv/beegfs/scratch/shares/ds4dh/common/ab-initio-TE/software_outputs/repeatmasker_dfam/RMDFAM_SPECIES_ANCHOR5_PLANTS_20260616/rice/chunks/rice_chunk_00011_bundle
maize	101	maize_chunk_00001_1	1	308452471	1	1	1	1	1	1		/srv/beegfs/scratch/shares/ds4dh/common/ab-initio-TE/software_outputs/repeatmasker_dfam/RMDFAM_SPECIES_ANCHOR5_PLANTS_20260616/maize/chunks/maize_chunk_00001_1
maize	102	maize_chunk_00002_2	2	243675191	1	1	1	1	1	1		/srv/beegfs/scratch/shares/ds4dh/common/ab-initio-TE/software_outputs/repeatmasker_dfam/RMDFAM_SPECIES_ANCHOR5_PLANTS_20260616/maize/chunks/maize_chunk_00002_2
maize	103	maize_chunk_00003_3	3	238017767	1	1	1	1	1	1		/srv/beegfs/scratch/shares/ds4dh/common/ab-initio-TE/software_outputs/repeatmasker_dfam/RMDFAM_SPECIES_ANCHOR5_PLANTS_20260616/maize/chunks/maize_chunk_00003_3
maize	104	maize_chunk_00004_4	4	250330460	1	1	1	1	1	1		/srv/beegfs/scratch/shares/ds4dh/common/ab-initio-TE/software_outputs/repeatmasker_dfam/RMDFAM_SPECIES_ANCHOR5_PLANTS_20260616/maize/chunks/maize_chunk_00004_4
maize	105	maize_chunk_00005_5	5	226353449	1	1	1	1	1	1		/srv/beegfs/scratch/shares/ds4dh/common/ab-initio-TE/software_outputs/repeatmasker_dfam/RMDFAM_SPECIES_ANCHOR5_PLANTS_20260616/maize/chunks/maize_chunk_00005_5
maize	106	maize_chunk_00006_6	6	181357234	1	1	1	1	1	1		/srv/beegfs/scratch/shares/ds4dh/common/ab-initio-TE/software_outputs/repeatmasker_dfam/RMDFAM_SPECIES_ANCHOR5_PLANTS_20260616/maize/chunks/maize_chunk_00006_6
maize	107	maize_chunk_00007_7	7	185808916	1	1	1	1	1	1		/srv/beegfs/scratch/shares/ds4dh/common/ab-initio-TE/software_outputs/repeatmasker_dfam/RMDFAM_SPECIES_ANCHOR5_PLANTS_20260616/maize/chunks/maize_chunk_00007_7
maize	108	maize_chunk_00008_8	8	182411202	1	1	1	1	1	1		/srv/beegfs/scratch/shares/ds4dh/common/ab-initio-TE/software_outputs/repeatmasker_dfam/RMDFAM_SPECIES_ANCHOR5_PLANTS_20260616/maize/chunks/maize_chunk_00008_8
maize	109	maize_chunk_00009_9	9	163004744	1	1	1	1	1	1		/srv/beegfs/scratch/shares/ds4dh/common/ab-initio-TE/software_outputs/repeatmasker_dfam/RMDFAM_SPECIES_ANCHOR5_PLANTS_20260616/maize/chunks/maize_chunk_00009_9
maize	110	maize_chunk_00010_10	10	152435371	1	1	1	1	1	1		/srv/beegfs/scratch/shares/ds4dh/common/ab-initio-TE/software_outputs/repeatmasker_dfam/RMDFAM_SPECIES_ANCHOR5_PLANTS_20260616/maize/chunks/maize_chunk_00010_10
maize	111	maize_chunk_00011_bundle	scaf_21,scaf_22,scaf_23,scaf_24,scaf_25,scaf_26,scaf_27,scaf_28,scaf_29,scaf_30,scaf_31,scaf_32,scaf_33,scaf_34,scaf_35,scaf_36,scaf_37,scaf_38,scaf_39,scaf_40,scaf_41,scaf_42,scaf_43,scaf_44,scaf_45,scaf_46,scaf_47,scaf_48,scaf_49,scaf_50,scaf_51,scaf_52,scaf_53,scaf_54,scaf_55,scaf_56,scaf_57,scaf_58,scaf_59,scaf_60,scaf_61,scaf_62,scaf_63,scaf_64,scaf_65,scaf_66,scaf_67,scaf_68,scaf_69,scaf_70,scaf_71,scaf_72,scaf_73,scaf_74,scaf_75,scaf_76,scaf_77,scaf_78,scaf_79,scaf_80,scaf_81,scaf_82,scaf_83,scaf_84,scaf_85,scaf_86,scaf_87,scaf_88,scaf_89,scaf_90,scaf_91,scaf_92,scaf_93,scaf_94,scaf_95,scaf_96,scaf_97,scaf_98,scaf_99,scaf_100,scaf_101,scaf_102,scaf_103,scaf_104,scaf_105,scaf_106,scaf_107,scaf_108,scaf_109,scaf_110,scaf_111,scaf_112,scaf_113,scaf_114,scaf_115,scaf_116,scaf_117,scaf_118,scaf_119,scaf_120,scaf_121,scaf_122,scaf_123,scaf_124,scaf_125,scaf_126,scaf_127,scaf_128,scaf_129,scaf_130,scaf_131,scaf_132,scaf_133,scaf_134,scaf_135,scaf_136,scaf_137,scaf_138,scaf_139,scaf_140,scaf_141,scaf_142,scaf_143,scaf_144,scaf_145,scaf_146,scaf_147,scaf_148,scaf_149,scaf_150,scaf_151,scaf_152,scaf_153,scaf_154,scaf_155,scaf_156,scaf_157,scaf_158,scaf_159,scaf_160,scaf_161,scaf_162,scaf_163,scaf_164,scaf_165,scaf_166,scaf_167,scaf_168,scaf_169,scaf_170,scaf_171,scaf_172,scaf_173,scaf_174,scaf_175,scaf_176,scaf_177,scaf_178,scaf_179,scaf_180,scaf_181,scaf_182,scaf_183,scaf_184,scaf_185,scaf_186,scaf_187,scaf_188,scaf_189,scaf_190,scaf_191,scaf_192,scaf_193,scaf_194,scaf_195,scaf_196,scaf_197,scaf_198,scaf_199,scaf_200,scaf_201,scaf_202,scaf_203,scaf_204,scaf_205,scaf_206,scaf_207,scaf_208,scaf_209,scaf_210,scaf_211,scaf_212,scaf_213,scaf_214,scaf_215,scaf_216,scaf_217,scaf_218,scaf_219,scaf_220,scaf_221,scaf_222,scaf_223,scaf_224,scaf_225,scaf_226,scaf_227,scaf_228,scaf_229,scaf_230,scaf_231,scaf_232,scaf_233,scaf_234,scaf_235,scaf_236,scaf_237,scaf_238,scaf_239,scaf_240,scaf_241,scaf_242,scaf_243,scaf_244,scaf_245,scaf_246,scaf_247,scaf_248,scaf_249,scaf_250,scaf_251,scaf_252,scaf_253,scaf_254,scaf_255,scaf_256,scaf_257,scaf_258,scaf_259,scaf_260,scaf_261,scaf_262,scaf_263,scaf_264,scaf_265,scaf_266,scaf_267,scaf_268,scaf_269,scaf_270,scaf_271,scaf_272,scaf_273,scaf_274,scaf_275,scaf_276,scaf_277,scaf_278,scaf_279,scaf_280,scaf_281,scaf_282,scaf_283,scaf_284,scaf_285,scaf_286,scaf_287,scaf_288,scaf_289,scaf_290,scaf_291,scaf_292,scaf_293,scaf_294,scaf_295,scaf_296,scaf_297,scaf_298,scaf_299,scaf_300,scaf_301,scaf_302,scaf_303,scaf_304,scaf_305,scaf_306,scaf_307,scaf_308,scaf_309,scaf_310,scaf_311,scaf_312,scaf_313,scaf_314,scaf_315,scaf_316,scaf_317,scaf_318,scaf_319,scaf_320,scaf_321,scaf_322,scaf_323,scaf_324,scaf_325,scaf_326,scaf_327,scaf_328,scaf_329,scaf_330,scaf_331,scaf_332,scaf_333,scaf_334,scaf_335,scaf_336,scaf_337,scaf_338,scaf_339,scaf_340,scaf_341,scaf_342,scaf_343,scaf_344,scaf_345,scaf_346,scaf_347,scaf_348,scaf_349,scaf_350,scaf_351,scaf_352,scaf_353,scaf_354,scaf_355,scaf_356,scaf_357,scaf_358,scaf_359,scaf_360,scaf_361,scaf_362,scaf_363,scaf_364,scaf_365,scaf_366,scaf_367,scaf_368,scaf_369,scaf_370,scaf_371,scaf_372,scaf_373,scaf_374,scaf_375,scaf_376,scaf_377,scaf_378,scaf_379,scaf_380,scaf_381,scaf_382,scaf_383,scaf_384,scaf_385,scaf_386,scaf_387,scaf_388,scaf_389,scaf_390,scaf_391,scaf_392,scaf_393,scaf_394,scaf_395,scaf_396,scaf_397,scaf_398,scaf_399,scaf_400,scaf_401,scaf_402,scaf_403,scaf_404,scaf_405,scaf_406,scaf_407,scaf_408,scaf_409,scaf_410,scaf_411,scaf_412,scaf_413,scaf_414,scaf_415,scaf_416,scaf_417,scaf_418,scaf_419,scaf_420,scaf_421,scaf_422,scaf_423,scaf_424,scaf_425,scaf_426,scaf_427,scaf_428,scaf_429,scaf_430,scaf_431,scaf_432,scaf_433,scaf_434,scaf_435,scaf_436,scaf_437,scaf_438,scaf_439,scaf_440,scaf_441,scaf_442,scaf_443,scaf_444,scaf_445,scaf_446,scaf_447,scaf_448,scaf_449,scaf_450,scaf_451,scaf_452,scaf_453,scaf_454,scaf_455,scaf_456,scaf_457,scaf_458,scaf_459,scaf_460,scaf_461,scaf_462,scaf_463,scaf_464,scaf_465,scaf_466,scaf_467,scaf_468,scaf_469,scaf_470,scaf_471,scaf_472,scaf_473,scaf_474,scaf_475,scaf_476,scaf_477,scaf_478,scaf_479,scaf_480,scaf_481,scaf_482,scaf_483,scaf_484,scaf_485,scaf_486,scaf_487,scaf_488,scaf_489,scaf_490,scaf_491,scaf_492,scaf_493,scaf_494,scaf_495,scaf_496,scaf_497,scaf_498,scaf_499,scaf_500,scaf_501,scaf_502,scaf_503,scaf_504,scaf_505,scaf_506,scaf_507,scaf_508,scaf_509,scaf_510,scaf_511,scaf_512,scaf_513,scaf_514,scaf_515,scaf_516,scaf_517,scaf_518,scaf_519,scaf_520,scaf_521,scaf_522,scaf_523,scaf_524,scaf_525,scaf_526,scaf_527,scaf_528,scaf_529,scaf_530,scaf_531,scaf_532,scaf_533,scaf_534,scaf_535,scaf_536,scaf_537,scaf_538,scaf_539,scaf_540,scaf_541,scaf_542,scaf_543,scaf_544,scaf_545,scaf_546,scaf_547,scaf_548,scaf_549,scaf_550,scaf_551,scaf_552,scaf_553,scaf_554,scaf_555,scaf_556,scaf_557,scaf_558,scaf_559,scaf_560,scaf_561,scaf_562,scaf_563,scaf_564,scaf_565,scaf_566,scaf_567,scaf_568,scaf_569,scaf_570,scaf_571,scaf_572,scaf_573,scaf_574,scaf_575,scaf_576,scaf_577,scaf_578,scaf_579,scaf_580,scaf_581,scaf_582,scaf_583,scaf_584,scaf_585,scaf_586,scaf_587,scaf_588,scaf_589,scaf_590,scaf_591,scaf_592,scaf_593,scaf_594,scaf_595,scaf_596,scaf_597,scaf_598,scaf_599,scaf_600,scaf_601,scaf_602,scaf_603,scaf_604,scaf_605,scaf_606,scaf_607,scaf_608,scaf_609,scaf_610,scaf_611,scaf_612,scaf_613,scaf_614,scaf_615,scaf_616,scaf_617,scaf_618,scaf_619,scaf_620,scaf_621,scaf_622,scaf_623,scaf_624,scaf_625,scaf_626,scaf_627,scaf_628,scaf_629,scaf_630,scaf_631,scaf_632,scaf_633,scaf_634,scaf_635,scaf_636,scaf_637,scaf_638,scaf_639,scaf_640,scaf_641,scaf_642,scaf_643,scaf_644,scaf_645,scaf_646,scaf_647,scaf_648,scaf_649,scaf_650,scaf_651,scaf_652,scaf_653,scaf_654,scaf_655,scaf_656,scaf_657,scaf_658,scaf_659,scaf_660,scaf_661,scaf_662,scaf_663,scaf_664,scaf_665,scaf_666,scaf_667,scaf_668,scaf_669,scaf_670,scaf_671,scaf_672,scaf_673,scaf_674,scaf_675,scaf_676,scaf_677,scaf_678,scaf_679,scaf_680,scaf_681,scaf_682,scaf_683,scaf_684,scaf_685,scaf_686,scaf_687	49979885	1	1	1	1	1	1		/srv/beegfs/scratch/shares/ds4dh/common/ab-initio-TE/software_outputs/repeatmasker_dfam/RMDFAM_SPECIES_ANCHOR5_PLANTS_20260616/maize/chunks/maize_chunk_00011_bundle
maize	112	maize_chunk_00012_bundle	scaf_688,scaf_689,scaf_690,scaf_691,scaf_692,scaf_693,scaf_694,scaf_695	249304	1	1	1	1	1	1		/srv/beegfs/scratch/shares/ds4dh/common/ab-initio-TE/software_outputs/repeatmasker_dfam/RMDFAM_SPECIES_ANCHOR5_PLANTS_20260616/maize/chunks/maize_chunk_00012_bundle
tomato	113	tomato_chunk_00001_1	1	98455869	1	1	1	1	1	1		/srv/beegfs/scratch/shares/ds4dh/common/ab-initio-TE/software_outputs/repeatmasker_dfam/RMDFAM_SPECIES_ANCHOR5_PLANTS_20260616/tomato/chunks/tomato_chunk_00001_1
tomato	114	tomato_chunk_00002_2	2	55977580	1	1	1	1	1	1		/srv/beegfs/scratch/shares/ds4dh/common/ab-initio-TE/software_outputs/repeatmasker_dfam/RMDFAM_SPECIES_ANCHOR5_PLANTS_20260616/tomato/chunks/tomato_chunk_00002_2
tomato	115	tomato_chunk_00003_3	3	72290146	1	1	1	1	1	1		/srv/beegfs/scratch/shares/ds4dh/common/ab-initio-TE/software_outputs/repeatmasker_dfam/RMDFAM_SPECIES_ANCHOR5_PLANTS_20260616/tomato/chunks/tomato_chunk_00003_3
tomato	116	tomato_chunk_00004_4	4	66557038	1	1	1	1	1	1		/srv/beegfs/scratch/shares/ds4dh/common/ab-initio-TE/software_outputs/repeatmasker_dfam/RMDFAM_SPECIES_ANCHOR5_PLANTS_20260616/tomato/chunks/tomato_chunk_00004_4
tomato	117	tomato_chunk_00005_5	5	66723567	1	1	1	1	1	1		/srv/beegfs/scratch/shares/ds4dh/common/ab-initio-TE/software_outputs/repeatmasker_dfam/RMDFAM_SPECIES_ANCHOR5_PLANTS_20260616/tomato/chunks/tomato_chunk_00005_5
tomato	118	tomato_chunk_00006_bundle	6	49794276	1	1	1	1	1	1		/srv/beegfs/scratch/shares/ds4dh/common/ab-initio-TE/software_outputs/repeatmasker_dfam/RMDFAM_SPECIES_ANCHOR5_PLANTS_20260616/tomato/chunks/tomato_chunk_00006_bundle
tomato	119	tomato_chunk_00007_7	7	68175699	1	1	1	1	1	1		/srv/beegfs/scratch/shares/ds4dh/common/ab-initio-TE/software_outputs/repeatmasker_dfam/RMDFAM_SPECIES_ANCHOR5_PLANTS_20260616/tomato/chunks/tomato_chunk_00007_7
tomato	120	tomato_chunk_00008_8	8	65987440	1	1	1	1	1	1		/srv/beegfs/scratch/shares/ds4dh/common/ab-initio-TE/software_outputs/repeatmasker_dfam/RMDFAM_SPECIES_ANCHOR5_PLANTS_20260616/tomato/chunks/tomato_chunk_00008_8
tomato	121	tomato_chunk_00009_9	9	72906345	1	1	1	1	1	1		/srv/beegfs/scratch/shares/ds4dh/common/ab-initio-TE/software_outputs/repeatmasker_dfam/RMDFAM_SPECIES_ANCHOR5_PLANTS_20260616/tomato/chunks/tomato_chunk_00009_9
tomato	122	tomato_chunk_00010_10	10	65633393	1	1	1	1	1	1		/srv/beegfs/scratch/shares/ds4dh/common/ab-initio-TE/software_outputs/repeatmasker_dfam/RMDFAM_SPECIES_ANCHOR5_PLANTS_20260616/tomato/chunks/tomato_chunk_00010_10
tomato	123	tomato_chunk_00011_11	11	56597135	1	1	1	1	1	1		/srv/beegfs/scratch/shares/ds4dh/common/ab-initio-TE/software_outputs/repeatmasker_dfam/RMDFAM_SPECIES_ANCHOR5_PLANTS_20260616/tomato/chunks/tomato_chunk_00011_11
tomato	124	tomato_chunk_00012_12	12	68126176	1	1	1	1	1	1		/srv/beegfs/scratch/shares/ds4dh/common/ab-initio-TE/software_outputs/repeatmasker_dfam/RMDFAM_SPECIES_ANCHOR5_PLANTS_20260616/tomato/chunks/tomato_chunk_00012_12
tomato	125	tomato_chunk_00013_bundle	SL3.00SC0000001,SL3.00SC0000008,SL3.00SC0000003,SL3.00SC0000009,SL3.00SC0000006,SL3.00SC0000013,SL3.00SC0000014,SL3.00SC0000010,SL3.00SC0000016,SL3.00SC0000002,SL3.00SC0000018,SL3.00SC0000019,SL3.00SC0000020,SL3.00SC0000021,SL3.00SC0000022,SL3.00SC0000023,SL3.00SC0000024,SL3.00SC0000005,SL3.00SC0000025,SL3.00SC0000026,SL3.00SC0000027,SL3.00SC0000028,SL3.00SC0000031,SL3.00SC0000032,SL3.00SC0000033,SL3.00SC0000034,SL3.00SC0000053,SL3.00SC0000035,SL3.00SC0000012,SL3.00SC0000036,SL3.00SC0000037,SL3.00SC0000038,SL3.00SC0000039,SL3.00SC0000042,SL3.00SC0000043,SL3.00SC0000044,SL3.00SC0000045,SL3.00SC0000048,SL3.00SC0000030,SL3.00SC0000029,SL3.00SC0000047,SL3.00SC0000049,SL3.00SC0000050,SL3.00SC0000051,SL3.00SC0000052,SL3.00SC0000054,SL3.00SC0000040,SL3.00SC0000055,SL3.00SC0000056,SL3.00SC0000004,SL3.00SC0000057,SL3.00SC0000058,SL3.00SC0000059,SL3.00SC0000060,SL3.00SC0000061,SL3.00SC0000062,SL3.00SC0000063,SL3.00SC0000064,SL3.00SC0000065,SL3.00SC0000066,SL3.00SC0000067,SL3.00SC0000068,SL3.00SC0000069,SL3.00SC0000070,SL3.00SC0000041,SL3.00SC0000071,SL3.00SC0000072,SL3.00SC0000073,SL3.00SC0000074,SL3.00SC0000075,SL3.00SC0000077,SL3.00SC0000078,SL3.00SC0000079,SL3.00SC0000080,SL3.00SC0000081,SL3.00SC0000082,SL3.00SC0000083,SL3.00SC0000084,SL3.00SC0000085,SL3.00SC0000086,SL3.00SC0000017,SL3.00SC0000087,SL3.00SC0000088,SL3.00SC0000089,SL3.00SC0000090,SL3.00SC0000091,SL3.00SC0000092,SL3.00SC0000093,SL3.00SC0000094,SL3.00SC0000095,SL3.00SC0000096,SL3.00SC0000097,SL3.00SC0000098,SL3.00SC0000099,SL3.00SC0000100,SL3.00SC0000101,SL3.00SC0000102,SL3.00SC0000103,SL3.00SC0000104,SL3.00SC0000105,SL3.00SC0000106,SL3.00SC0000107,SL3.00SC0000108,SL3.00SC0000109,SL3.00SC0000110,SL3.00SC0000111,SL3.00SC0000112,SL3.00SC0000113,SL3.00SC0000114,SL3.00SC0000115,SL3.00SC0000116,SL3.00SC0000117,SL3.00SC0000118,SL3.00SC0000119,SL3.00SC0000120,SL3.00SC0000076,SL3.00SC0000121,SL3.00SC0000122,SL3.00SC0000123,SL3.00SC0000124,SL3.00SC0000125,SL3.00SC0000126,SL3.00SC0000127,SL3.00SC0000128,SL3.00SC0000129,SL3.00SC0000130,SL3.00SC0000131,SL3.00SC0000132,SL3.00SC0000133,SL3.00SC0000134,SL3.00SC0000135,SL3.00SC0000136,SL3.00SC0000137,SL3.00SC0000138,SL3.00SC0000139,SL3.00SC0000140,SL3.00SC0000141,SL3.00SC0000142,SL3.00SC0000143,SL3.00SC0000144,SL3.00SC0000145,SL3.00SC0000146,SL3.00SC0000147,SL3.00SC0000148,SL3.00SC0000149,SL3.00SC0000150,SL3.00SC0000151,SL3.00SC0000152,SL3.00SC0000153,SL3.00SC0000154,SL3.00SC0000155,SL3.00SC0000156,SL3.00SC0000157,SL3.00SC0000158,SL3.00SC0000159,SL3.00SC0000160,SL3.00SC0000161,SL3.00SC0000162,SL3.00SC0000163,SL3.00SC0000164,SL3.00SC0000165,SL3.00SC0000166,SL3.00SC0000167,SL3.00SC0000168,SL3.00SC0000169,SL3.00SC0000170,SL3.00SC0000171,SL3.00SC0000172,SL3.00SC0000173,SL3.00SC0000174,SL3.00SC0000177,SL3.00SC0000178,SL3.00SC0000179,SL3.00SC0000180,SL3.00SC0000181,SL3.00SC0000182,SL3.00SC0000183,SL3.00SC0000184,SL3.00SC0000185,SL3.00SC0000186,SL3.00SC0000187,SL3.00SC0000188,SL3.00SC0000189,SL3.00SC0000190,SL3.00SC0000191,SL3.00SC0000192,SL3.00SC0000193,SL3.00SC0000194,SL3.00SC0000195,SL3.00SC0000196,SL3.00SC0000197,SL3.00SC0000198,SL3.00SC0000199,SL3.00SC0000200,SL3.00SC0000201,SL3.00SC0000202,SL3.00SC0000203,SL3.00SC0000204,SL3.00SC0000205,SL3.00SC0000206,SL3.00SC0000207,SL3.00SC0000208,SL3.00SC0000209,SL3.00SC0000210,SL3.00SC0000211,SL3.00SC0000212,SL3.00SC0000213,SL3.00SC0000214,SL3.00SC0000011,SL3.00SC0000215,SL3.00SC0000216,SL3.00SC0000217,SL3.00SC0000218,SL3.00SC0000219,SL3.00SC0000220,SL3.00SC0000221,SL3.00SC0000222,SL3.00SC0000223,SL3.00SC0000224,SL3.00SC0000225,SL3.00SC0000226,SL3.00SC0000227,SL3.00SC0000228,SL3.00SC0000229,SL3.00SC0000230,SL3.00SC0000231,SL3.00SC0000232,SL3.00SC0000233,SL3.00SC0000234,SL3.00SC0000235,SL3.00SC0000236,SL3.00SC0000237,SL3.00SC0000238,SL3.00SC0000239,SL3.00SC0000240,SL3.00SC0000241,SL3.00SC0000242,SL3.00SC0000243,SL3.00SC0000244,SL3.00SC0000245,SL3.00SC0000246,SL3.00SC0000247,SL3.00SC0000248,SL3.00SC0000249,SL3.00SC0000250,SL3.00SC0000251,SL3.00SC0000252,SL3.00SC0000253,SL3.00SC0000254,SL3.00SC0000255,SL3.00SC0000256,SL3.00SC0000257,SL3.00SC0000258,SL3.00SC0000259,SL3.00SC0000260,SL3.00SC0000261,SL3.00SC0000262,SL3.00SC0000263,SL3.00SC0000264,SL3.00SC0000265,SL3.00SC0000266,SL3.00SC0000267,SL3.00SC0000268,SL3.00SC0000269,SL3.00SC0000270,SL3.00SC0000271,SL3.00SC0000272,SL3.00SC0000273,SL3.00SC0000274,SL3.00SC0000275,SL3.00SC0000276,SL3.00SC0000277,SL3.00SC0000278,SL3.00SC0000279,SL3.00SC0000280,SL3.00SC0000281,SL3.00SC0000282,SL3.00SC0000283,SL3.00SC0000284,SL3.00SC0000285,SL3.00SC0000286,SL3.00SC0000287,SL3.00SC0000288,SL3.00SC0000289,SL3.00SC0000290,SL3.00SC0000291,SL3.00SC0000292,SL3.00SC0000293,SL3.00SC0000294,SL3.00SC0000295,SL3.00SC0000296,SL3.00SC0000297,SL3.00SC0000298,SL3.00SC0000299,SL3.00SC0000300,SL3.00SC0000301,SL3.00SC0000302,SL3.00SC0000303,SL3.00SC0000304,SL3.00SC0000305,SL3.00SC0000306,SL3.00SC0000307,SL3.00SC0000308,SL3.00SC0000309,SL3.00SC0000310,SL3.00SC0000311,SL3.00SC0000015,SL3.00SC0000312,SL3.00SC0000313,SL3.00SC0000314,SL3.00SC0000315,SL3.00SC0000316,SL3.00SC0000317,SL3.00SC0000318,SL3.00SC0000319,SL3.00SC0000320,SL3.00SC0000321,SL3.00SC0000322,SL3.00SC0000323,SL3.00SC0000324,SL3.00SC0000325,SL3.00SC0000326,SL3.00SC0000327,SL3.00SC0000328,SL3.00SC0000329,SL3.00SC0000330,SL3.00SC0000331,SL3.00SC0000332,SL3.00SC0000333,SL3.00SC0000334,SL3.00SC0000335,SL3.00SC0000336,SL3.00SC0000337,SL3.00SC0000338,SL3.00SC0000339,SL3.00SC0000340,SL3.00SC0000341,SL3.00SC0000342,SL3.00SC0000343,SL3.00SC0000344,SL3.00SC0000345,SL3.00SC0000346,SL3.00SC0000347,SL3.00SC0000348,SL3.00SC0000349,SL3.00SC0000350,SL3.00SC0000351,SL3.00SC0000352,SL3.00SC0000353,SL3.00SC0000354,SL3.00SC0000355,SL3.00SC0000356,SL3.00SC0000357,SL3.00SC0000358,SL3.00SC0000359,SL3.00SC0000360,SL3.00SC0000361,SL3.00SC0000362,SL3.00SC0000363,SL3.00SC0000364,SL3.00SC0000365,SL3.00SC0000366,SL3.00SC0000367,SL3.00SC0000368,SL3.00SC0000369,SL3.00SC0000370,SL3.00SC0000371,SL3.00SC0000372,SL3.00SC0000373,SL3.00SC0000374,SL3.00SC0000375,SL3.00SC0000376,SL3.00SC0000377,SL3.00SC0000378,SL3.00SC0000379,SL3.00SC0000380,SL3.00SC0000381,SL3.00SC0000382,SL3.00SC0000383,SL3.00SC0000384,SL3.00SC0000386,SL3.00SC0000385,SL3.00SC0000387,SL3.00SC0000388,SL3.00SC0000389,SL3.00SC0000390,SL3.00SC0000391,SL3.00SC0000392,SL3.00SC0000393,SL3.00SC0000395,SL3.00SC0000396,SL3.00SC0000397,SL3.00SC0000398,SL3.00SC0000399,SL3.00SC0000400,SL3.00SC0000401,SL3.00SC0000406,SL3.00SC0000402,SL3.00SC0000403,SL3.00SC0000404,SL3.00SC0000405,SL3.00SC0000407,SL3.00SC0000408,SL3.00SC0000409,SL3.00SC0000410,SL3.00SC0000411,SL3.00SC0000412,SL3.00SC0000413,SL3.00SC0000414,SL3.00SC0000415,SL3.00SC0000416,SL3.00SC0000417,SL3.00SC0000418,SL3.00SC0000419,SL3.00SC0000420,SL3.00SC0000421,SL3.00SC0000422,SL3.00SC0000423,SL3.00SC0000424,SL3.00SC0000425,SL3.00SC0000428,SL3.00SC0000427,SL3.00SC0000426,SL3.00SC0000431,SL3.00SC0000429,SL3.00SC0000430,SL3.00SC0000432,SL3.00SC0000433,SL3.00SC0000434,SL3.00SC0000435,SL3.00SC0000436,SL3.00SC0000437,SL3.00SC0000438,SL3.00SC0000439,SL3.00SC0000440,SL3.00SC0000441,SL3.00SC0000442,SL3.00SC0000443,SL3.00SC0000444,SL3.00SC0000445,SL3.00SC0000446,SL3.00SC0000447,SL3.00SC0000448,SL3.00SC0000449,SL3.00SC0000450,SL3.00SC0000451,SL3.00SC0000452,SL3.00SC0000453,SL3.00SC0000454,SL3.00SC0000455,SL3.00SC0000456,SL3.00SC0000457,SL3.00SC0000458,SL3.00SC0000459,SL3.00SC0000460,SL3.00SC0000461,SL3.00SC0000462,SL3.00SC0000463,SL3.00SC0000464,SL3.00SC0000466,SL3.00SC0000465,SL3.00SC0000467,SL3.00SC0000468,SL3.00SC0000469,SL3.00SC0000470,SL3.00SC0000471,SL3.00SC0000472,SL3.00SC0000473,SL3.00SC0000474,SL3.00SC0000475,SL3.00SC0000476,SL3.00SC0000477,SL3.00SC0000478,SL3.00SC0000479,SL3.00SC0000480,SL3.00SC0000481,SL3.00SC0000482,SL3.00SC0000483,SL3.00SC0000484,SL3.00SC0000485,SL3.00SC0000486,SL3.00SC0000487,SL3.00SC0000488,SL3.00SC0000489,SL3.00SC0000490,SL3.00SC0000491,SL3.00SC0000492,SL3.00SC0000493,SL3.00SC0000494,SL3.00SC0000495,SL3.00SC0000496,SL3.00SC0000497,SL3.00SC0000498,SL3.00SC0000499,SL3.00SC0000500,SL3.00SC0000501,SL3.00SC0000502,SL3.00SC0000503,SL3.00SC0000504,SL3.00SC0000505,SL3.00SC0000506,SL3.00SC0000507,SL3.00SC0000508,SL3.00SC0000509,SL3.00SC0000510,SL3.00SC0000511,SL3.00SC0000512,SL3.00SC0000513,SL3.00SC0000514,SL3.00SC0000515,SL3.00SC0000516,SL3.00SC0000517,SL3.00SC0000518,SL3.00SC0000519,SL3.00SC0000520,SL3.00SC0000521,SL3.00SC0000522,SL3.00SC0000523,SL3.00SC0000524,SL3.00SC0000525,SL3.00SC0000526,SL3.00SC0000527,SL3.00SC0000528,SL3.00SC0000529,SL3.00SC0000530,SL3.00SC0000533,SL3.00SC0000531,SL3.00SC0000532,SL3.00SC0000534,SL3.00SC0000535,SL3.00SC0000536,SL3.00SC0000537,SL3.00SC0000538,SL3.00SC0000539,SL3.00SC0000540,SL3.00SC0000541,SL3.00SC0000542,SL3.00SC0000543,SL3.00SC0000544,SL3.00SC0000545,SL3.00SC0000546,SL3.00SC0000547,SL3.00SC0000548,SL3.00SC0000549,SL3.00SC0000550,SL3.00SC0000551,SL3.00SC0000552,SL3.00SC0000553,SL3.00SC0000554,SL3.00SC0000555,SL3.00SC0000556,SL3.00SC0000557,SL3.00SC0000558,SL3.00SC0000559,SL3.00SC0000560,SL3.00SC0000561,SL3.00SC0000562,SL3.00SC0000563,SL3.00SC0000564,SL3.00SC0000565,SL3.00SC0000566,SL3.00SC0000567,SL3.00SC0000568,SL3.00SC0000569,SL3.00SC0000570,SL3.00SC0000571,SL3.00SC0000572,SL3.00SC0000573,SL3.00SC0000574,SL3.00SC0000575,SL3.00SC0000576,SL3.00SC0000577,SL3.00SC0000578,SL3.00SC0000579,SL3.00SC0000580,SL3.00SC0000581,SL3.00SC0000582,SL3.00SC0000583,SL3.00SC0000584,SL3.00SC0000585,SL3.00SC0000586,SL3.00SC0000587,SL3.00SC0000588,SL3.00SC0000589,SL3.00SC0000590,SL3.00SC0000591,SL3.00SC0000592,SL3.00SC0000593,SL3.00SC0000594,SL3.00SC0000595,SL3.00SC0000596,SL3.00SC0000597,SL3.00SC0000598,SL3.00SC0000600,SL3.00SC0000601,SL3.00SC0000602,SL3.00SC0000603,SL3.00SC0000604,SL3.00SC0000605,SL3.00SC0000606,SL3.00SC0000607,SL3.00SC0000608,SL3.00SC0000609,SL3.00SC0000610,SL3.00SC0000611,SL3.00SC0000612,SL3.00SC0000613,SL3.00SC0000614,SL3.00SC0000615,SL3.00SC0000616,SL3.00SC0000617,SL3.00SC0000618,SL3.00SC0000619,SL3.00SC0000620,SL3.00SC0000621,SL3.00SC0000622,SL3.00SC0000623,SL3.00SC0000624,SL3.00SC0000625,SL3.00SC0000626,SL3.00SC0000627,SL3.00SC0000628,SL3.00SC0000629,SL3.00SC0000630,SL3.00SC0000631,SL3.00SC0000632,SL3.00SC0000633,SL3.00SC0000634,SL3.00SC0000635,SL3.00SC0000636,SL3.00SC0000637,SL3.00SC0000638,SL3.00SC0000639,SL3.00SC0000640,SL3.00SC0000641,SL3.00SC0000642,SL3.00SC0000643,SL3.00SC0000644,SL3.00SC0000645,SL3.00SC0000646,SL3.00SC0000647,SL3.00SC0000648,SL3.00SC0000649,SL3.00SC0000650,SL3.00SC0000651,SL3.00SC0000652,SL3.00SC0000653,SL3.00SC0000654,SL3.00SC0000655,SL3.00SC0000656,SL3.00SC0000657,SL3.00SC0000658,SL3.00SC0000659,SL3.00SC0000660,SL3.00SC0000661,SL3.00SC0000662,SL3.00SC0000663,SL3.00SC0000664,SL3.00SC0000665,SL3.00SC0000666,SL3.00SC0000667,SL3.00SC0000668,SL3.00SC0000669,SL3.00SC0000670,SL3.00SC0000671,SL3.00SC0000672,SL3.00SC0000673,SL3.00SC0000674,SL3.00SC0000675,SL3.00SC0000676,SL3.00SC0000677,SL3.00SC0000678,SL3.00SC0000679,SL3.00SC0000680,SL3.00SC0000681,SL3.00SC0000682,SL3.00SC0000683,SL3.00SC0000684,SL3.00SC0000685,SL3.00SC0000686,SL3.00SC0000687,SL3.00SC0000688,SL3.00SC0000689,SL3.00SC0000690,SL3.00SC0000691,SL3.00SC0000692,SL3.00SC0000693,SL3.00SC0000694,SL3.00SC0000695,SL3.00SC0000696,SL3.00SC0000697,SL3.00SC0000698,SL3.00SC0000699,SL3.00SC0000700,SL3.00SC0000701,SL3.00SC0000702,SL3.00SC0000703,SL3.00SC0000704,SL3.00SC0000705,SL3.00SC0000706,SL3.00SC0000707,SL3.00SC0000708,SL3.00SC0000712,SL3.00SC0000709,SL3.00SC0000710,SL3.00SC0000711,SL3.00SC0000713,SL3.00SC0000714,SL3.00SC0000715,SL3.00SC0000716,SL3.00SC0000717,SL3.00SC0000718,SL3.00SC0000719,SL3.00SC0000720,SL3.00SC0000721,SL3.00SC0000722,SL3.00SC0000723,SL3.00SC0000724,SL3.00SC0000725,SL3.00SC0000726,SL3.00SC0000727,SL3.00SC0000728,SL3.00SC0000729,SL3.00SC0000730,SL3.00SC0000731,SL3.00SC0000732,SL3.00SC0000733,SL3.00SC0000734,SL3.00SC0000735,SL3.00SC0000736,SL3.00SC0000737,SL3.00SC0000738,SL3.00SC0000739,SL3.00SC0000740,SL3.00SC0000741,SL3.00SC0000743,SL3.00SC0000742,SL3.00SC0000744,SL3.00SC0000745,SL3.00SC0000746,SL3.00SC0000747,SL3.00SC0000748,SL3.00SC0000749,SL3.00SC0000750,SL3.00SC0000751,SL3.00SC0000752,SL3.00SC0000753,SL3.00SC0000754,SL3.00SC0000755,SL3.00SC0000756,SL3.00SC0000757,SL3.00SC0000758,SL3.00SC0000759,SL3.00SC0000760,SL3.00SC0000761,SL3.00SC0000762,SL3.00SC0000763,SL3.00SC0000764,SL3.00SC0000765,SL3.00SC0000766,SL3.00SC0000767,SL3.00SC0000768,SL3.00SC0000769,SL3.00SC0000770,SL3.00SC0000771,SL3.00SC0000772,SL3.00SC0000773,SL3.00SC0000774,SL3.00SC0000775,SL3.00SC0000776,SL3.00SC0000777,SL3.00SC0000778,SL3.00SC0000779,SL3.00SC0000780,SL3.00SC0000781,SL3.00SC0000782,SL3.00SC0000783,SL3.00SC0000784,SL3.00SC0000785,SL3.00SC0000786,SL3.00SC0000787,SL3.00SC0000788,SL3.00SC0000789,SL3.00SC0000790,SL3.00SC0000791,SL3.00SC0000792,SL3.00SC0000793,SL3.00SC0000794,SL3.00SC0000795,SL3.00SC0000796,SL3.00SC0000797,SL3.00SC0000798,SL3.00SC0000799,SL3.00SC0000800,SL3.00SC0000801,SL3.00SC0000802,SL3.00SC0000803,SL3.00SC0000804,SL3.00SC0000805,SL3.00SC0000806,SL3.00SC0000807,SL3.00SC0000808,SL3.00SC0000809,SL3.00SC0000810,SL3.00SC0000811,SL3.00SC0000812,SL3.00SC0000813,SL3.00SC0000814,SL3.00SC0000816,SL3.00SC0000815,SL3.00SC0000817,SL3.00SC0000818,SL3.00SC0000819,SL3.00SC0000820,SL3.00SC0000821,SL3.00SC0000823,SL3.00SC0000824,SL3.00SC0000822,SL3.00SC0000825,SL3.00SC0000826,SL3.00SC0000827,SL3.00SC0000828,SL3.00SC0000829,SL3.00SC0000830,SL3.00SC0000831,SL3.00SC0000832,SL3.00SC0000833,SL3.00SC0000834,SL3.00SC0000835,SL3.00SC0000836,SL3.00SC0000837,SL3.00SC0000838,SL3.00SC0000839,SL3.00SC0000840,SL3.00SC0000841,SL3.00SC0000842,SL3.00SC0000843,SL3.00SC0000844,SL3.00SC0000175,SL3.00SC0000845,SL3.00SC0000846,SL3.00SC0000847,SL3.00SC0000848,SL3.00SC0000849,SL3.00SC0000850,SL3.00SC0000851,SL3.00SC0000852,SL3.00SC0000853,SL3.00SC0000854,SL3.00SC0000855,SL3.00SC0000856,SL3.00SC0000857,SL3.00SC0000858,SL3.00SC0000859,SL3.00SC0000860,SL3.00SC0000861,SL3.00SC0000863,SL3.00SC0000862,SL3.00SC0000864,SL3.00SC0000866,SL3.00SC0000865,SL3.00SC0000867,SL3.00SC0000868,SL3.00SC0000869,SL3.00SC0000870,SL3.00SC0000871,SL3.00SC0000872,SL3.00SC0000873,SL3.00SC0000874,SL3.00SC0000875,SL3.00SC0000876,SL3.00SC0000877,SL3.00SC0000878,SL3.00SC0000879,SL3.00SC0000880,SL3.00SC0000881,SL3.00SC0000882,SL3.00SC0000883,SL3.00SC0000884,SL3.00SC0000885,SL3.00SC0000886,SL3.00SC0000887,SL3.00SC0000888,SL3.00SC0000889,SL3.00SC0000890,SL3.00SC0000891,SL3.00SC0000892,SL3.00SC0000893,SL3.00SC0000894,SL3.00SC0000895,SL3.00SC0000896,SL3.00SC0000897,SL3.00SC0000898,SL3.00SC0000899,SL3.00SC0000900,SL3.00SC0000901,SL3.00SC0000902,SL3.00SC0000903,SL3.00SC0000904,SL3.00SC0000905,SL3.00SC0000906,SL3.00SC0000907,SL3.00SC0000908,SL3.00SC0000909,SL3.00SC0000910,SL3.00SC0000911,SL3.00SC0000912,SL3.00SC0000913,SL3.00SC0000914,SL3.00SC0000915,SL3.00SC0000916,SL3.00SC0000917,SL3.00SC0000918,SL3.00SC0000919,SL3.00SC0000920,SL3.00SC0000921,SL3.00SC0000922,SL3.00SC0000923,SL3.00SC0000924,SL3.00SC0000925,SL3.00SC0000926,SL3.00SC0000927,SL3.00SC0000928,SL3.00SC0000929,SL3.00SC0000930,SL3.00SC0000931,SL3.00SC0000932,SL3.00SC0000933,SL3.00SC0000934,SL3.00SC0000935,SL3.00SC0000936,SL3.00SC0000937,SL3.00SC0000938,SL3.00SC0000939,SL3.00SC0000940,SL3.00SC0000941,SL3.00SC0000942,SL3.00SC0000943,SL3.00SC0000944,SL3.00SC0000945,SL3.00SC0000946,SL3.00SC0000947,SL3.00SC0000948,SL3.00SC0000949,SL3.00SC0000950,SL3.00SC0000951,SL3.00SC0000176,SL3.00SC0000952,SL3.00SC0000953,SL3.00SC0000954,SL3.00SC0000955,SL3.00SC0000956,SL3.00SC0000957,SL3.00SC0000958,SL3.00SC0000960,SL3.00SC0000959,SL3.00SC0000961,SL3.00SC0000962,SL3.00SC0000963,SL3.00SC0000964,SL3.00SC0000965,SL3.00SC0000966,SL3.00SC0000967,SL3.00SC0000968,SL3.00SC0000969,SL3.00SC0000970,SL3.00SC0000971,SL3.00SC0000972,SL3.00SC0000973,SL3.00SC0000974,SL3.00SC0000975,SL3.00SC0000976,SL3.00SC0000977,SL3.00SC0000978,SL3.00SC0000979,SL3.00SC0000980,SL3.00SC0000981,SL3.00SC0000982,SL3.00SC0000983,SL3.00SC0000984,SL3.00SC0000985,SL3.00SC0000986,SL3.00SC0000987,SL3.00SC0000988,SL3.00SC0000989,SL3.00SC0000990,SL3.00SC0000991,SL3.00SC0000992,SL3.00SC0000993,SL3.00SC0000994,SL3.00SC0000995,SL3.00SC0000996,SL3.00SC0000997,SL3.00SC0000998,SL3.00SC0000999,SL3.00SC0001000,SL3.00SC0001001,SL3.00SC0001002,SL3.00SC0001003,SL3.00SC0001004,SL3.00SC0001005,SL3.00SC0001006,SL3.00SC0001007,SL3.00SC0001008,SL3.00SC0001009,SL3.00SC0001010,SL3.00SC0001011,SL3.00SC0001012,SL3.00SC0001013,SL3.00SC0001014,SL3.00SC0001015,SL3.00SC0001016,SL3.00SC0001018,SL3.00SC0001017,SL3.00SC0001019,SL3.00SC0001020,SL3.00SC0001021,SL3.00SC0001022,SL3.00SC0001023,SL3.00SC0001024,SL3.00SC0001025,SL3.00SC0001026,SL3.00SC0001027,SL3.00SC0001028,SL3.00SC0001029,SL3.00SC0001030,SL3.00SC0001031,SL3.00SC0001032,SL3.00SC0001033,SL3.00SC0001034,SL3.00SC0001035,SL3.00SC0001036,SL3.00SC0001037,SL3.00SC0001038,SL3.00SC0001039,SL3.00SC0001040,SL3.00SC0001041,SL3.00SC0001042,SL3.00SC0001043,SL3.00SC0001044,SL3.00SC0001045,SL3.00SC0001046,SL3.00SC0001047,SL3.00SC0001048,SL3.00SC0001049,SL3.00SC0001050,SL3.00SC0001051,SL3.00SC0001052,SL3.00SC0001053,SL3.00SC0001054,SL3.00SC0001055,SL3.00SC0001057,SL3.00SC0001058,SL3.00SC0001056,SL3.00SC0001059,SL3.00SC0001060,SL3.00SC0001061,SL3.00SC0001062,SL3.00SC0001063,SL3.00SC0001064,SL3.00SC0001065,SL3.00SC0001066,SL3.00SC0001067,SL3.00SC0001068,SL3.00SC0001069,SL3.00SC0001070,SL3.00SC0001071,SL3.00SC0001072,SL3.00SC0001073,SL3.00SC0001074,SL3.00SC0001075,SL3.00SC0001076,SL3.00SC0001077,SL3.00SC0001078,SL3.00SC0001079,SL3.00SC0001080,SL3.00SC0001081,SL3.00SC0001082,SL3.00SC0001083,SL3.00SC0001084,SL3.00SC0001085,SL3.00SC0001086,SL3.00SC0001087,SL3.00SC0001088,SL3.00SC0001089,SL3.00SC0001090,SL3.00SC0001091,SL3.00SC0001092,SL3.00SC0001093,SL3.00SC0001094,SL3.00SC0001095,SL3.00SC0001096,SL3.00SC0001097,SL3.00SC0001098,SL3.00SC0001099,SL3.00SC0001100,SL3.00SC0001101,SL3.00SC0001102,SL3.00SC0001103,SL3.00SC0001104,SL3.00SC0001105,SL3.00SC0001106,SL3.00SC0001107,SL3.00SC0001108,SL3.00SC0001109,SL3.00SC0001110,SL3.00SC0001111,SL3.00SC0001112,SL3.00SC0001113,SL3.00SC0001114,SL3.00SC0001115,SL3.00SC0001116,SL3.00SC0001117,SL3.00SC0001118,SL3.00SC0001119,SL3.00SC0001120,SL3.00SC0001121,SL3.00SC0001122,SL3.00SC0001123,SL3.00SC0001124,SL3.00SC0001125,SL3.00SC0001126,SL3.00SC0001127,SL3.00SC0001128,SL3.00SC0001129,SL3.00SC0001130,SL3.00SC0001131,SL3.00SC0001132,SL3.00SC0001133,SL3.00SC0001134,SL3.00SC0001135,SL3.00SC0001136,SL3.00SC0001137,SL3.00SC0001138,SL3.00SC0001139,SL3.00SC0001140,SL3.00SC0001141,SL3.00SC0001142,SL3.00SC0001143,SL3.00SC0001144,SL3.00SC0001145,SL3.00SC0001146,SL3.00SC0001147,SL3.00SC0001148,SL3.00SC0001149,SL3.00SC0001150,SL3.00SC0001151,SL3.00SC0001152,SL3.00SC0001153,SL3.00SC0001154,SL3.00SC0001155,SL3.00SC0001156,SL3.00SC0001157,SL3.00SC0001158,SL3.00SC0001159,SL3.00SC0001160,SL3.00SC0001161,SL3.00SC0001162,SL3.00SC0001163,SL3.00SC0001164,SL3.00SC0001165,SL3.00SC0001166,SL3.00SC0001167,SL3.00SC0001168,SL3.00SC0001169,SL3.00SC0001170,SL3.00SC0001171,SL3.00SC0001172,SL3.00SC0001173,SL3.00SC0001174,SL3.00SC0001175,SL3.00SC0001176,SL3.00SC0001177,SL3.00SC0001178,SL3.00SC0001179,SL3.00SC0001180,SL3.00SC0001181,SL3.00SC0001182,SL3.00SC0001183,SL3.00SC0001184,SL3.00SC0001185,SL3.00SC0001186,SL3.00SC0001187,SL3.00SC0001188,SL3.00SC0001189,SL3.00SC0001190,SL3.00SC0001191,SL3.00SC0001192,SL3.00SC0001193,SL3.00SC0001194,SL3.00SC0001195,SL3.00SC0001196,SL3.00SC0001197,SL3.00SC0001198,SL3.00SC0001199,SL3.00SC0001200,SL3.00SC0001201,SL3.00SC0001203,SL3.00SC0001202,SL3.00SC0001204,SL3.00SC0001205,SL3.00SC0001206,SL3.00SC0001207,SL3.00SC0001208,SL3.00SC0001209,SL3.00SC0001210,SL3.00SC0001211,SL3.00SC0001212,SL3.00SC0001213,SL3.00SC0001214,SL3.00SC0001215,SL3.00SC0001216,SL3.00SC0001217,SL3.00SC0001218,SL3.00SC0001219,SL3.00SC0001220,SL3.00SC0001221,SL3.00SC0001222,SL3.00SC0001223,SL3.00SC0001224,SL3.00SC0001225,SL3.00SC0001226,SL3.00SC0001227,SL3.00SC0001228,SL3.00SC0001229,SL3.00SC0001230,SL3.00SC0001231,SL3.00SC0001232,SL3.00SC0001234,SL3.00SC0001233,SL3.00SC0001235,SL3.00SC0001236,SL3.00SC0001237,SL3.00SC0001238,SL3.00SC0001239,SL3.00SC0001240,SL3.00SC0001241,SL3.00SC0001242,SL3.00SC0001243,SL3.00SC0001244,SL3.00SC0001245,SL3.00SC0001246,SL3.00SC0001247,SL3.00SC0001248,SL3.00SC0001249,SL3.00SC0001251,SL3.00SC0001252,SL3.00SC0001250,SL3.00SC0001253,SL3.00SC0001255,SL3.00SC0001254,SL3.00SC0001256,SL3.00SC0001257,SL3.00SC0001258,SL3.00SC0001259,SL3.00SC0001260,SL3.00SC0001261,SL3.00SC0001262,SL3.00SC0001264,SL3.00SC0001265,SL3.00SC0001266,SL3.00SC0001263,SL3.00SC0001267,SL3.00SC0001268,SL3.00SC0001269,SL3.00SC0001270,SL3.00SC0001271,SL3.00SC0001272,SL3.00SC0001273,SL3.00SC0001274,SL3.00SC0001275,SL3.00SC0001276,SL3.00SC0001277,SL3.00SC0001278,SL3.00SC0001279,SL3.00SC0001280,SL3.00SC0001281,SL3.00SC0001282,SL3.00SC0001283,SL3.00SC0001284,SL3.00SC0001285,SL3.00SC0001286,SL3.00SC0001287,SL3.00SC0001288,SL3.00SC0001289,SL3.00SC0001290,SL3.00SC0001291,SL3.00SC0001292,SL3.00SC0001293,SL3.00SC0001294,SL3.00SC0001295,SL3.00SC0001296,SL3.00SC0001297,SL3.00SC0001298,SL3.00SC0001299,SL3.00SC0001300,SL3.00SC0001301,SL3.00SC0001302,SL3.00SC0001303,SL3.00SC0001304,SL3.00SC0001305,SL3.00SC0001306,SL3.00SC0001307,SL3.00SC0001308,SL3.00SC0001309,SL3.00SC0001310,SL3.00SC0001311,SL3.00SC0001312,SL3.00SC0001313,SL3.00SC0001314,SL3.00SC0001315,SL3.00SC0001316,SL3.00SC0001317,SL3.00SC0001318,SL3.00SC0001319,SL3.00SC0001320,SL3.00SC0001321,SL3.00SC0001322,SL3.00SC0001323,SL3.00SC0001324,SL3.00SC0001325,SL3.00SC0001326,SL3.00SC0001327,SL3.00SC0001328,SL3.00SC0001329,SL3.00SC0001330,SL3.00SC0001331,SL3.00SC0001332,SL3.00SC0001333,SL3.00SC0001334,SL3.00SC0001335,SL3.00SC0001336,SL3.00SC0001337,SL3.00SC0001338,SL3.00SC0001339,SL3.00SC0001340,SL3.00SC0001341,SL3.00SC0001342,SL3.00SC0001343,SL3.00SC0001344,SL3.00SC0001345,SL3.00SC0001346,SL3.00SC0001347,SL3.00SC0001348,SL3.00SC0001350,SL3.00SC0001349,SL3.00SC0001351,SL3.00SC0001352,SL3.00SC0001353,SL3.00SC0001354,SL3.00SC0001355,SL3.00SC0001356,SL3.00SC0001357,SL3.00SC0001358,SL3.00SC0001359,SL3.00SC0001360,SL3.00SC0001361,SL3.00SC0001362,SL3.00SC0001363,SL3.00SC0001364,SL3.00SC0001365,SL3.00SC0001366,SL3.00SC0001367,SL3.00SC0001370,SL3.00SC0001368,SL3.00SC0001369,SL3.00SC0001371,SL3.00SC0001372,SL3.00SC0001373,SL3.00SC0001374,SL3.00SC0001375,SL3.00SC0001376,SL3.00SC0001377,SL3.00SC0001378,SL3.00SC0001379,SL3.00SC0001380,SL3.00SC0001381,SL3.00SC0001382,SL3.00SC0001383,SL3.00SC0001384,SL3.00SC0001385,SL3.00SC0001386,SL3.00SC0001387,SL3.00SC0001388,SL3.00SC0001389,SL3.00SC0001390,SL3.00SC0001391,SL3.00SC0001392,SL3.00SC0001393,SL3.00SC0001394,SL3.00SC0001395,SL3.00SC0001396,SL3.00SC0001397,SL3.00SC0001398,SL3.00SC0001399,SL3.00SC0001400,SL3.00SC0001401,SL3.00SC0001402,SL3.00SC0001403,SL3.00SC0001404,SL3.00SC0001405,SL3.00SC0001406,SL3.00SC0001407,SL3.00SC0001408,SL3.00SC0001409,SL3.00SC0001410,SL3.00SC0001411,SL3.00SC0001412,SL3.00SC0001413,SL3.00SC0001414,SL3.00SC0001415,SL3.00SC0001416,SL3.00SC0001417,SL3.00SC0001418,SL3.00SC0001419,SL3.00SC0001420,SL3.00SC0001421,SL3.00SC0001422,SL3.00SC0001423,SL3.00SC0001424,SL3.00SC0001425,SL3.00SC0001426,SL3.00SC0001427,SL3.00SC0001428,SL3.00SC0001429,SL3.00SC0001430,SL3.00SC0001431,SL3.00SC0001432,SL3.00SC0001433,SL3.00SC0001434,SL3.00SC0001435,SL3.00SC0001436,SL3.00SC0001437,SL3.00SC0001438,SL3.00SC0001439,SL3.00SC0001441,SL3.00SC0001440,SL3.00SC0001442,SL3.00SC0001443,SL3.00SC0001444,SL3.00SC0001445,SL3.00SC0001446,SL3.00SC0001447,SL3.00SC0001448,SL3.00SC0001449,SL3.00SC0001450,SL3.00SC0001453,SL3.00SC0001451,SL3.00SC0001452,SL3.00SC0001454,SL3.00SC0001455,SL3.00SC0001456,SL3.00SC0001457,SL3.00SC0001458,SL3.00SC0001459,SL3.00SC0001460,SL3.00SC0001461,SL3.00SC0001462,SL3.00SC0001463,SL3.00SC0001464,SL3.00SC0001465,SL3.00SC0001466,SL3.00SC0001467,SL3.00SC0001468,SL3.00SC0001469,SL3.00SC0001470,SL3.00SC0001471,SL3.00SC0001472,SL3.00SC0001473,SL3.00SC0001474,SL3.00SC0001475,SL3.00SC0001476,SL3.00SC0001477,SL3.00SC0001478,SL3.00SC0001479,SL3.00SC0001480,SL3.00SC0001481,SL3.00SC0001482,SL3.00SC0001483,SL3.00SC0001484,SL3.00SC0001485,SL3.00SC0001486,SL3.00SC0001487,SL3.00SC0001488,SL3.00SC0001489,SL3.00SC0001490,SL3.00SC0001491,SL3.00SC0001492,SL3.00SC0001493,SL3.00SC0001494,SL3.00SC0001495,SL3.00SC0001496,SL3.00SC0001497,SL3.00SC0001498,SL3.00SC0001499,SL3.00SC0001500,SL3.00SC0001501,SL3.00SC0001502,SL3.00SC0001503,SL3.00SC0001504,SL3.00SC0001505,SL3.00SC0001506,SL3.00SC0001509,SL3.00SC0001507,SL3.00SC0001508,SL3.00SC0001510,SL3.00SC0001511,SL3.00SC0001512,SL3.00SC0001513,SL3.00SC0001514,SL3.00SC0001515,SL3.00SC0001516,SL3.00SC0001517,SL3.00SC0001518,SL3.00SC0001519,SL3.00SC0001520,SL3.00SC0001521,SL3.00SC0001522,SL3.00SC0001523,SL3.00SC0001524,SL3.00SC0001525,SL3.00SC0001526,SL3.00SC0001527,SL3.00SC0001528,SL3.00SC0001529,SL3.00SC0001530,SL3.00SC0001531,SL3.00SC0001532,SL3.00SC0001533,SL3.00SC0001534,SL3.00SC0001535,SL3.00SC0001536,SL3.00SC0001537,SL3.00SC0001538,SL3.00SC0001539,SL3.00SC0001540,SL3.00SC0001541,SL3.00SC0001542,SL3.00SC0001543,SL3.00SC0001544,SL3.00SC0001545,SL3.00SC0001546,SL3.00SC0001547,SL3.00SC0001548,SL3.00SC0001549,SL3.00SC0001550,SL3.00SC0001551,SL3.00SC0001552,SL3.00SC0001553,SL3.00SC0001554,SL3.00SC0001555,SL3.00SC0001556,SL3.00SC0001557,SL3.00SC0001558,SL3.00SC0001559,SL3.00SC0001560,SL3.00SC0001561,SL3.00SC0001562,SL3.00SC0001563,SL3.00SC0001564,SL3.00SC0001565,SL3.00SC0001566,SL3.00SC0001567,SL3.00SC0001568,SL3.00SC0001569,SL3.00SC0001570,SL3.00SC0001571,SL3.00SC0001572,SL3.00SC0001573,SL3.00SC0001574,SL3.00SC0001575,SL3.00SC0001577,SL3.00SC0001576,SL3.00SC0001578,SL3.00SC0001579,SL3.00SC0001580,SL3.00SC0001581,SL3.00SC0001582,SL3.00SC0001583,SL3.00SC0001584,SL3.00SC0001585,SL3.00SC0001586,SL3.00SC0001587,SL3.00SC0001588,SL3.00SC0001589,SL3.00SC0001590,SL3.00SC0001591,SL3.00SC0001592,SL3.00SC0001593,SL3.00SC0001594,SL3.00SC0001595,SL3.00SC0001596,SL3.00SC0001597,SL3.00SC0001598,SL3.00SC0001601,SL3.00SC0001599,SL3.00SC0001600,SL3.00SC0001602,SL3.00SC0001603,SL3.00SC0001604,SL3.00SC0001605,SL3.00SC0001606,SL3.00SC0001607,SL3.00SC0001608,SL3.00SC0001609,SL3.00SC0001610,SL3.00SC0001611,SL3.00SC0001612,SL3.00SC0001613,SL3.00SC0001614,SL3.00SC0001615,SL3.00SC0001616,SL3.00SC0001617,SL3.00SC0001618,SL3.00SC0001619,SL3.00SC0001620,SL3.00SC0001621,SL3.00SC0001622,SL3.00SC0001623,SL3.00SC0001624,SL3.00SC0001625,SL3.00SC0001626,SL3.00SC0001627,SL3.00SC0001628,SL3.00SC0001629,SL3.00SC0001630,SL3.00SC0001631,SL3.00SC0001632,SL3.00SC0001633,SL3.00SC0001634,SL3.00SC0001635,SL3.00SC0001637,SL3.00SC0001636,SL3.00SC0001638,SL3.00SC0001639,SL3.00SC0001640,SL3.00SC0001641,SL3.00SC0001643,SL3.00SC0001642,SL3.00SC0001644,SL3.00SC0001645,SL3.00SC0001646,SL3.00SC0001647,SL3.00SC0001648,SL3.00SC0001649,SL3.00SC0001650,SL3.00SC0001651,SL3.00SC0001652,SL3.00SC0001653,SL3.00SC0001654,SL3.00SC0001655,SL3.00SC0001656,SL3.00SC0001657,SL3.00SC0001658,SL3.00SC0001659,SL3.00SC0001660,SL3.00SC0001661,SL3.00SC0001662,SL3.00SC0001663,SL3.00SC0001664,SL3.00SC0001665,SL3.00SC0001666,SL3.00SC0001669,SL3.00SC0001667,SL3.00SC0001668,SL3.00SC0001670,SL3.00SC0001671,SL3.00SC0001672,SL3.00SC0001673,SL3.00SC0001674,SL3.00SC0001675,SL3.00SC0001676,SL3.00SC0001677,SL3.00SC0001678,SL3.00SC0001679,SL3.00SC0001680,SL3.00SC0001681,SL3.00SC0001682,SL3.00SC0001683,SL3.00SC0001684,SL3.00SC0001685,SL3.00SC0001686,SL3.00SC0001689,SL3.00SC0001687,SL3.00SC0001688,SL3.00SC0001690,SL3.00SC0001691,SL3.00SC0001692,SL3.00SC0001693,SL3.00SC0001694,SL3.00SC0001695,SL3.00SC0001696,SL3.00SC0001697,SL3.00SC0001698,SL3.00SC0001699,SL3.00SC0001700,SL3.00SC0001701,SL3.00SC0001702,SL3.00SC0001703,SL3.00SC0001704,SL3.00SC0001705,SL3.00SC0001706,SL3.00SC0001707,SL3.00SC0001708,SL3.00SC0001709,SL3.00SC0001710,SL3.00SC0001711,SL3.00SC0001712,SL3.00SC0001713,SL3.00SC0001714,SL3.00SC0001715,SL3.00SC0001716,SL3.00SC0001717,SL3.00SC0001718,SL3.00SC0001719,SL3.00SC0001720,SL3.00SC0001721,SL3.00SC0001722,SL3.00SC0001723,SL3.00SC0001724,SL3.00SC0001725,SL3.00SC0001726,SL3.00SC0001727,SL3.00SC0001728,SL3.00SC0001729,SL3.00SC0001730,SL3.00SC0001731,SL3.00SC0001733,SL3.00SC0001732,SL3.00SC0001734,SL3.00SC0001735,SL3.00SC0001736,SL3.00SC0001737,SL3.00SC0001738,SL3.00SC0001739,SL3.00SC0001740,SL3.00SC0001741,SL3.00SC0001744,SL3.00SC0001742,SL3.00SC0001743,SL3.00SC0001745,SL3.00SC0001746,SL3.00SC0001747,SL3.00SC0001748,SL3.00SC0001749,SL3.00SC0001750,SL3.00SC0001751,SL3.00SC0001752,SL3.00SC0001754,SL3.00SC0001753,SL3.00SC0001755,SL3.00SC0001756,SL3.00SC0001757,SL3.00SC0001758,SL3.00SC0001759,SL3.00SC0001760,SL3.00SC0001761,SL3.00SC0001762,SL3.00SC0001763,SL3.00SC0001764,SL3.00SC0001765,SL3.00SC0001766,SL3.00SC0001767,SL3.00SC0001768,SL3.00SC0001769,SL3.00SC0001770,SL3.00SC0001771,SL3.00SC0001772,SL3.00SC0001773,SL3.00SC0001774,SL3.00SC0001775,SL3.00SC0001776,SL3.00SC0001777,SL3.00SC0001778,SL3.00SC0001779,SL3.00SC0001780,SL3.00SC0001781,SL3.00SC0001782,SL3.00SC0001783,SL3.00SC0001784,SL3.00SC0001785,SL3.00SC0001786,SL3.00SC0001787,SL3.00SC0001788,SL3.00SC0001789,SL3.00SC0001790,SL3.00SC0001791,SL3.00SC0001792,SL3.00SC0001793,SL3.00SC0001794,SL3.00SC0001795,SL3.00SC0001796,SL3.00SC0001797,SL3.00SC0001798,SL3.00SC0001799,SL3.00SC0001800,SL3.00SC0001801,SL3.00SC0001802,SL3.00SC0001803,SL3.00SC0001809,SL3.00SC0001804,SL3.00SC0001805,SL3.00SC0001806,SL3.00SC0001807,SL3.00SC0001808,SL3.00SC0001810,SL3.00SC0001811,SL3.00SC0001812,SL3.00SC0001813,SL3.00SC0001814,SL3.00SC0001815,SL3.00SC0001816,SL3.00SC0001817,SL3.00SC0001818,SL3.00SC0001819,SL3.00SC0001820,SL3.00SC0001821,SL3.00SC0001822,SL3.00SC0001823,SL3.00SC0001824,SL3.00SC0001825,SL3.00SC0001826,SL3.00SC0001827,SL3.00SC0001828,SL3.00SC0001829,SL3.00SC0001830,SL3.00SC0001832,SL3.00SC0001831,SL3.00SC0001833,SL3.00SC0001834,SL3.00SC0001835,SL3.00SC0001836,SL3.00SC0001837,SL3.00SC0001838,SL3.00SC0001839,SL3.00SC0001840,SL3.00SC0001841,SL3.00SC0001843,SL3.00SC0001845,SL3.00SC0001842,SL3.00SC0001844,SL3.00SC0001846,SL3.00SC0001847,SL3.00SC0001848,SL3.00SC0001849,SL3.00SC0001850,SL3.00SC0001851,SL3.00SC0001852,SL3.00SC0001853,SL3.00SC0001854,SL3.00SC0001855,SL3.00SC0001856,SL3.00SC0001857,SL3.00SC0001858,SL3.00SC0001859,SL3.00SC0001860,SL3.00SC0001861,SL3.00SC0001862,SL3.00SC0001863,SL3.00SC0001864,SL3.00SC0001865,SL3.00SC0001866,SL3.00SC0001867,SL3.00SC0001869,SL3.00SC0001868,SL3.00SC0001870,SL3.00SC0001871,SL3.00SC0001872,SL3.00SC0001873,SL3.00SC0001874,SL3.00SC0001875,SL3.00SC0001876,SL3.00SC0001877,SL3.00SC0001878,SL3.00SC0001879,SL3.00SC0001880,SL3.00SC0001881,SL3.00SC0001882,SL3.00SC0001883,SL3.00SC0001884,SL3.00SC0001885,SL3.00SC0001886,SL3.00SC0001887,SL3.00SC0001888,SL3.00SC0001889,SL3.00SC0001890,SL3.00SC0001891,SL3.00SC0001892,SL3.00SC0001893,SL3.00SC0001894,SL3.00SC0001895,SL3.00SC0001896,SL3.00SC0001897,SL3.00SC0001898,SL3.00SC0001899,SL3.00SC0001900,SL3.00SC0001901,SL3.00SC0001902,SL3.00SC0001903,SL3.00SC0001904,SL3.00SC0001905,SL3.00SC0001906,SL3.00SC0001907,SL3.00SC0001908,SL3.00SC0001909,SL3.00SC0001910,SL3.00SC0001911,SL3.00SC0001912,SL3.00SC0001913,SL3.00SC0001914,SL3.00SC0001915,SL3.00SC0001916,SL3.00SC0001918,SL3.00SC0001917,SL3.00SC0001919,SL3.00SC0001920,SL3.00SC0001921,SL3.00SC0001922,SL3.00SC0001923,SL3.00SC0001924,SL3.00SC0001925,SL3.00SC0001926,SL3.00SC0001927,SL3.00SC0001928,SL3.00SC0001929,SL3.00SC0001930,SL3.00SC0001931,SL3.00SC0001932,SL3.00SC0001933,SL3.00SC0001934,SL3.00SC0001935,SL3.00SC0001936,SL3.00SC0001937,SL3.00SC0001938,SL3.00SC0001939,SL3.00SC0001940,SL3.00SC0001942,SL3.00SC0001943,SL3.00SC0001944,SL3.00SC0001941,SL3.00SC0001945,SL3.00SC0001946,SL3.00SC0001947,SL3.00SC0001948,SL3.00SC0001949,SL3.00SC0001950,SL3.00SC0001951,SL3.00SC0001952,SL3.00SC0001953,SL3.00SC0001954,SL3.00SC0001955,SL3.00SC0001956,SL3.00SC0001957,SL3.00SC0001958,SL3.00SC0001959,SL3.00SC0001960,SL3.00SC0001961,SL3.00SC0001962,SL3.00SC0001963,SL3.00SC0001964,SL3.00SC0001965,SL3.00SC0001966,SL3.00SC0001967,SL3.00SC0001968,SL3.00SC0001969,SL3.00SC0001970,SL3.00SC0001971,SL3.00SC0001972,SL3.00SC0001973,SL3.00SC0001974,SL3.00SC0001975,SL3.00SC0001976,SL3.00SC0001977,SL3.00SC0001978,SL3.00SC0001979,SL3.00SC0001980,SL3.00SC0001981,SL3.00SC0001982,SL3.00SC0001984,SL3.00SC0001983,SL3.00SC0001985,SL3.00SC0001986,SL3.00SC0001987,SL3.00SC0001988,SL3.00SC0001989,SL3.00SC0001990,SL3.00SC0001991,SL3.00SC0001992,SL3.00SC0001993,SL3.00SC0000046,SL3.00SC0001994,SL3.00SC0001995,SL3.00SC0001996,SL3.00SC0001997,SL3.00SC0001998,SL3.00SC0001999,SL3.00SC0002000,SL3.00SC0002001,SL3.00SC0002002,SL3.00SC0002003,SL3.00SC0002004,SL3.00SC0002005,SL3.00SC0002006,SL3.00SC0002007,SL3.00SC0002008,SL3.00SC0002009,SL3.00SC0002010,SL3.00SC0002011,SL3.00SC0002012,SL3.00SC0002013,SL3.00SC0002017,SL3.00SC0002014,SL3.00SC0002015,SL3.00SC0002016,SL3.00SC0002018,SL3.00SC0002019,SL3.00SC0002020,SL3.00SC0002021,SL3.00SC0002022,SL3.00SC0002023,SL3.00SC0002024,SL3.00SC0002025,SL3.00SC0002026,SL3.00SC0002027,SL3.00SC0002028,SL3.00SC0002029,SL3.00SC0002030,SL3.00SC0002031,SL3.00SC0002032,SL3.00SC0002033,SL3.00SC0002034,SL3.00SC0002035,SL3.00SC0002036,SL3.00SC0002037,SL3.00SC0002038,SL3.00SC0002039,SL3.00SC0002040,SL3.00SC0002041,SL3.00SC0002042,SL3.00SC0002043,SL3.00SC0002044,SL3.00SC0002045,SL3.00SC0002046,SL3.00SC0002047,SL3.00SC0002048,SL3.00SC0002049,SL3.00SC0002050,SL3.00SC0002051,SL3.00SC0002052,SL3.00SC0002053,SL3.00SC0002054,SL3.00SC0002055,SL3.00SC0002056,SL3.00SC0002057,SL3.00SC0002058,SL3.00SC0002059,SL3.00SC0002060,SL3.00SC0002061,SL3.00SC0002062,SL3.00SC0002063,SL3.00SC0002064,SL3.00SC0002065,SL3.00SC0002066,SL3.00SC0002067,SL3.00SC0002068,SL3.00SC0002069,SL3.00SC0002070,SL3.00SC0002071,SL3.00SC0002072,SL3.00SC0002073,SL3.00SC0002074,SL3.00SC0002075,SL3.00SC0002076,SL3.00SC0002077,SL3.00SC0002078,SL3.00SC0002079,SL3.00SC0002080,SL3.00SC0002081,SL3.00SC0002082,SL3.00SC0002083,SL3.00SC0002084,SL3.00SC0002085,SL3.00SC0002086,SL3.00SC0002087,SL3.00SC0002088,SL3.00SC0002089,SL3.00SC0002090,SL3.00SC0002091,SL3.00SC0002092,SL3.00SC0002093,SL3.00SC0002094,SL3.00SC0002095,SL3.00SC0002096,SL3.00SC0002097,SL3.00SC0002098,SL3.00SC0002099,SL3.00SC0002100,SL3.00SC0002101,SL3.00SC0002102,SL3.00SC0002103,SL3.00SC0002106,SL3.00SC0002104,SL3.00SC0002105,SL3.00SC0002107,SL3.00SC0002108,SL3.00SC0002109,SL3.00SC0002110,SL3.00SC0002111,SL3.00SC0002112,SL3.00SC0002113,SL3.00SC0002114,SL3.00SC0002115,SL3.00SC0002116,SL3.00SC0002117,SL3.00SC0002118,SL3.00SC0002119,SL3.00SC0002120,SL3.00SC0002121,SL3.00SC0002122,SL3.00SC0002123,SL3.00SC0002124,SL3.00SC0002125,SL3.00SC0002126,SL3.00SC0002127,SL3.00SC0002128,SL3.00SC0002129,SL3.00SC0002130,SL3.00SC0002131,SL3.00SC0002132,SL3.00SC0002133,SL3.00SC0002134,SL3.00SC0002135,SL3.00SC0002136,SL3.00SC0002137,SL3.00SC0002138,SL3.00SC0002139,SL3.00SC0002140,SL3.00SC0002141,SL3.00SC0002144,SL3.00SC0002142,SL3.00SC0002143,SL3.00SC0002145,SL3.00SC0002146,SL3.00SC0002147,SL3.00SC0002148,SL3.00SC0002149,SL3.00SC0002150,SL3.00SC0002151,SL3.00SC0002152,SL3.00SC0002153,SL3.00SC0002154,SL3.00SC0002155,SL3.00SC0002157,SL3.00SC0002156,SL3.00SC0002158,SL3.00SC0002159,SL3.00SC0002160,SL3.00SC0002161,SL3.00SC0002162,SL3.00SC0002163,SL3.00SC0002164,SL3.00SC0002165,SL3.00SC0002166,SL3.00SC0002167,SL3.00SC0002168,SL3.00SC0002169,SL3.00SC0002170,SL3.00SC0002171,SL3.00SC0002172,SL3.00SC0002173,SL3.00SC0002174,SL3.00SC0002175,SL3.00SC0002176,SL3.00SC0002177,SL3.00SC0002178,SL3.00SC0002179,SL3.00SC0002180,SL3.00SC0002181,SL3.00SC0002182,SL3.00SC0002183,SL3.00SC0002184,SL3.00SC0002185,SL3.00SC0002186,SL3.00SC0002187,SL3.00SC0002188,SL3.00SC0002189,SL3.00SC0002190,SL3.00SC0002191,SL3.00SC0002192,SL3.00SC0002193,SL3.00SC0002194,SL3.00SC0002195,SL3.00SC0002196,SL3.00SC0002197,SL3.00SC0002198,SL3.00SC0002199,SL3.00SC0002200,SL3.00SC0002201,SL3.00SC0002202,SL3.00SC0002203,SL3.00SC0002204,SL3.00SC0002205,SL3.00SC0002206,SL3.00SC0002207,SL3.00SC0002208,SL3.00SC0002209,SL3.00SC0002210,SL3.00SC0002211,SL3.00SC0002213,SL3.00SC0002214,SL3.00SC0002215,SL3.00SC0002216,SL3.00SC0002212,SL3.00SC0002217,SL3.00SC0002218,SL3.00SC0002219,SL3.00SC0002220,SL3.00SC0002221,SL3.00SC0002222,SL3.00SC0002223,SL3.00SC0002224,SL3.00SC0002225,SL3.00SC0002226,SL3.00SC0002227,SL3.00SC0002228,SL3.00SC0002229,SL3.00SC0002230,SL3.00SC0002231,SL3.00SC0002232,SL3.00SC0002233,SL3.00SC0002234,SL3.00SC0002235,SL3.00SC0002236,SL3.00SC0002237,SL3.00SC0002238,SL3.00SC0002239,SL3.00SC0002240,SL3.00SC0002241,SL3.00SC0002242,SL3.00SC0002243,SL3.00SC0002244,SL3.00SC0002245,SL3.00SC0002246,SL3.00SC0002247,SL3.00SC0002248,SL3.00SC0002249,SL3.00SC0002250,SL3.00SC0002251,SL3.00SC0002252,SL3.00SC0002253,SL3.00SC0002254,SL3.00SC0002255,SL3.00SC0002256,SL3.00SC0002257,SL3.00SC0002258,SL3.00SC0002259,SL3.00SC0002261,SL3.00SC0002260,SL3.00SC0002262,SL3.00SC0002263,SL3.00SC0002264,SL3.00SC0002265,SL3.00SC0002266,SL3.00SC0002267,SL3.00SC0002268,SL3.00SC0002270,SL3.00SC0002269,SL3.00SC0002271,SL3.00SC0002272,SL3.00SC0002273,SL3.00SC0002274,SL3.00SC0002275,SL3.00SC0002276,SL3.00SC0002277,SL3.00SC0002278,SL3.00SC0002279,SL3.00SC0002280,SL3.00SC0002281,SL3.00SC0002282,SL3.00SC0002283,SL3.00SC0002284,SL3.00SC0002285,SL3.00SC0002286,SL3.00SC0002287,SL3.00SC0002288,SL3.00SC0002289,SL3.00SC0002290,SL3.00SC0002291,SL3.00SC0002292,SL3.00SC0002293,SL3.00SC0002294,SL3.00SC0002295,SL3.00SC0002296,SL3.00SC0002297,SL3.00SC0002298,SL3.00SC0002299,SL3.00SC0002300,SL3.00SC0002301,SL3.00SC0002302,SL3.00SC0002303,SL3.00SC0002304,SL3.00SC0002305,SL3.00SC0002306,SL3.00SC0002307,SL3.00SC0002308,SL3.00SC0002309,SL3.00SC0002310,SL3.00SC0002311,SL3.00SC0002312,SL3.00SC0002313,SL3.00SC0002314,SL3.00SC0002315,SL3.00SC0002316,SL3.00SC0002317,SL3.00SC0002318,SL3.00SC0002319,SL3.00SC0002320,SL3.00SC0002321,SL3.00SC0002322,SL3.00SC0002323,SL3.00SC0002324,SL3.00SC0002325,SL3.00SC0002326,SL3.00SC0002328,SL3.00SC0002329,SL3.00SC0002330,SL3.00SC0002331,SL3.00SC0002332,SL3.00SC0002333,SL3.00SC0002334,SL3.00SC0002335,SL3.00SC0002336,SL3.00SC0002337,SL3.00SC0002338,SL3.00SC0002339,SL3.00SC0002340,SL3.00SC0002341,SL3.00SC0002342,SL3.00SC0002343,SL3.00SC0002344,SL3.00SC0002345,SL3.00SC0002346,SL3.00SC0002347,SL3.00SC0002348,SL3.00SC0002349,SL3.00SC0002350,SL3.00SC0002351,SL3.00SC0002353,SL3.00SC0002352,SL3.00SC0002354,SL3.00SC0002355,SL3.00SC0002356,SL3.00SC0002357,SL3.00SC0002358,SL3.00SC0002359,SL3.00SC0002360,SL3.00SC0002361,SL3.00SC0002362,SL3.00SC0002363,SL3.00SC0002364,SL3.00SC0002365,SL3.00SC0002366,SL3.00SC0002367,SL3.00SC0002368,SL3.00SC0002369,SL3.00SC0002370,SL3.00SC0002371,SL3.00SC0002372,SL3.00SC0002373,SL3.00SC0002374,SL3.00SC0002375,SL3.00SC0002376,SL3.00SC0002377,SL3.00SC0002378,SL3.00SC0002379,SL3.00SC0002380,SL3.00SC0002381,SL3.00SC0002382,SL3.00SC0002383,SL3.00SC0002384,SL3.00SC0002385,SL3.00SC0002386,SL3.00SC0002387,SL3.00SC0002388,SL3.00SC0002389,SL3.00SC0002390,SL3.00SC0002391,SL3.00SC0002392,SL3.00SC0002393,SL3.00SC0002394,SL3.00SC0002395,SL3.00SC0002396,SL3.00SC0002397,SL3.00SC0002402,SL3.00SC0002398,SL3.00SC0002399,SL3.00SC0002400,SL3.00SC0002401,SL3.00SC0002403,SL3.00SC0002404,SL3.00SC0002405,SL3.00SC0002406,SL3.00SC0002407,SL3.00SC0002408,SL3.00SC0002409,SL3.00SC0002410,SL3.00SC0002411,SL3.00SC0002412,SL3.00SC0002413,SL3.00SC0002414,SL3.00SC0002415,SL3.00SC0002416,SL3.00SC0002417,SL3.00SC0002418,SL3.00SC0002419,SL3.00SC0002420,SL3.00SC0002421,SL3.00SC0002422,SL3.00SC0002423,SL3.00SC0002424,SL3.00SC0002425,SL3.00SC0002426,SL3.00SC0002427,SL3.00SC0002428,SL3.00SC0002429,SL3.00SC0002430,SL3.00SC0002431,SL3.00SC0002432,SL3.00SC0002433,SL3.00SC0002434,SL3.00SC0002435,SL3.00SC0002436,SL3.00SC0002437,SL3.00SC0002438,SL3.00SC0002439,SL3.00SC0002440,SL3.00SC0002441,SL3.00SC0002442,SL3.00SC0002443,SL3.00SC0002444,SL3.00SC0002445,SL3.00SC0002446,SL3.00SC0002447,SL3.00SC0002448,SL3.00SC0002449,SL3.00SC0002450,SL3.00SC0002451,SL3.00SC0002452,SL3.00SC0002453,SL3.00SC0002454,SL3.00SC0002455,SL3.00SC0002456,SL3.00SC0002457,SL3.00SC0002458,SL3.00SC0002459,SL3.00SC0002460,SL3.00SC0002461,SL3.00SC0002462,SL3.00SC0002463,SL3.00SC0002464,SL3.00SC0002465,SL3.00SC0002466,SL3.00SC0002467,SL3.00SC0002468,SL3.00SC0002469,SL3.00SC0002470,SL3.00SC0002471,SL3.00SC0002472,SL3.00SC0002473,SL3.00SC0002474,SL3.00SC0002475,SL3.00SC0002476,SL3.00SC0002477,SL3.00SC0002478,SL3.00SC0002479,SL3.00SC0002480,SL3.00SC0002481,SL3.00SC0002482,SL3.00SC0002483,SL3.00SC0002484,SL3.00SC0002485,SL3.00SC0002486,SL3.00SC0002487,SL3.00SC0002488,SL3.00SC0002489,SL3.00SC0002490,SL3.00SC0002491,SL3.00SC0002492,SL3.00SC0002493,SL3.00SC0002494,SL3.00SC0002495,SL3.00SC0002496,SL3.00SC0002497,SL3.00SC0002498,SL3.00SC0002499,SL3.00SC0002500,SL3.00SC0002501,SL3.00SC0002502,SL3.00SC0002503,SL3.00SC0002504,SL3.00SC0002505,SL3.00SC0002506,SL3.00SC0002507,SL3.00SC0002508,SL3.00SC0002509,SL3.00SC0002510,SL3.00SC0002511,SL3.00SC0002512,SL3.00SC0002513,SL3.00SC0002514,SL3.00SC0002515,SL3.00SC0002516,SL3.00SC0002517,SL3.00SC0002518,SL3.00SC0002522,SL3.00SC0002519,SL3.00SC0002520,SL3.00SC0002521,SL3.00SC0002523,SL3.00SC0002524,SL3.00SC0002525,SL3.00SC0002526,SL3.00SC0002527,SL3.00SC0002528,SL3.00SC0002529,SL3.00SC0002530,SL3.00SC0002531,SL3.00SC0002532,SL3.00SC0002533,SL3.00SC0002534,SL3.00SC0002535,SL3.00SC0002536,SL3.00SC0002537,SL3.00SC0002538,SL3.00SC0002539,SL3.00SC0002540,SL3.00SC0002541,SL3.00SC0002542,SL3.00SC0002543,SL3.00SC0002544,SL3.00SC0002545,SL3.00SC0002546,SL3.00SC0002547,SL3.00SC0002548,SL3.00SC0002549,SL3.00SC0002550,SL3.00SC0002551,SL3.00SC0002552,SL3.00SC0002553,SL3.00SC0002554,SL3.00SC0002555,SL3.00SC0002556,SL3.00SC0002557,SL3.00SC0002558,SL3.00SC0002559,SL3.00SC0002560,SL3.00SC0002561,SL3.00SC0002562,SL3.00SC0002563,SL3.00SC0002564,SL3.00SC0002565,SL3.00SC0002566,SL3.00SC0002567,SL3.00SC0002568,SL3.00SC0002569,SL3.00SC0002570,SL3.00SC0002571,SL3.00SC0002572,SL3.00SC0002573,SL3.00SC0002574,SL3.00SC0002575,SL3.00SC0002576,SL3.00SC0002577,SL3.00SC0002578,SL3.00SC0002579,SL3.00SC0002580,SL3.00SC0002581,SL3.00SC0002582,SL3.00SC0002583,SL3.00SC0000007,SL3.00SC0002584,SL3.00SC0002585,SL3.00SC0002586,SL3.00SC0002587,SL3.00SC0002588,SL3.00SC0002589,SL3.00SC0002590,SL3.00SC0002591,SL3.00SC0002592,SL3.00SC0002593,SL3.00SC0002594,SL3.00SC0002595,SL3.00SC0002596,SL3.00SC0002597,SL3.00SC0002599,SL3.00SC0002598,SL3.00SC0002600,SL3.00SC0002601,SL3.00SC0002602,SL3.00SC0002603,SL3.00SC0002604,SL3.00SC0002605,SL3.00SC0002606,SL3.00SC0002607,SL3.00SC0002608,SL3.00SC0002609,SL3.00SC0002610,SL3.00SC0002611,SL3.00SC0002612,SL3.00SC0002613,SL3.00SC0002614,SL3.00SC0002615,SL3.00SC0002616,SL3.00SC0002617,SL3.00SC0002618,SL3.00SC0002619,SL3.00SC0002620,SL3.00SC0002621,SL3.00SC0002622,SL3.00SC0002623,SL3.00SC0002624,SL3.00SC0002625,SL3.00SC0002626,SL3.00SC0002627,SL3.00SC0002628,SL3.00SC0002629,SL3.00SC0002630,SL3.00SC0002631,SL3.00SC0002632,SL3.00SC0002633,SL3.00SC0002634,SL3.00SC0002635,SL3.00SC0002636,SL3.00SC0002637,SL3.00SC0002638,SL3.00SC0002639,SL3.00SC0002640,SL3.00SC0002641,SL3.00SC0002642,SL3.00SC0002643,SL3.00SC0002644,SL3.00SC0002645,SL3.00SC0002646,SL3.00SC0002647,SL3.00SC0002648,SL3.00SC0002649,SL3.00SC0002650,SL3.00SC0002651,SL3.00SC0002652,SL3.00SC0002653,SL3.00SC0002654,SL3.00SC0002655,SL3.00SC0002656,SL3.00SC0002657,SL3.00SC0002658,SL3.00SC0002659,SL3.00SC0002660,SL3.00SC0002661,SL3.00SC0002663,SL3.00SC0002662,SL3.00SC0002664,SL3.00SC0002665,SL3.00SC0002666,SL3.00SC0002667,SL3.00SC0002668,SL3.00SC0002669,SL3.00SC0002670,SL3.00SC0002671,SL3.00SC0002672,SL3.00SC0002673,SL3.00SC0002674,SL3.00SC0002675,SL3.00SC0002676,SL3.00SC0002677,SL3.00SC0002678,SL3.00SC0002679,SL3.00SC0002680,SL3.00SC0002681,SL3.00SC0002682,SL3.00SC0002683,SL3.00SC0002684,SL3.00SC0002685,SL3.00SC0002686,SL3.00SC0002687,SL3.00SC0002688,SL3.00SC0002689,SL3.00SC0002690,SL3.00SC0002691,SL3.00SC0002692,SL3.00SC0002693,SL3.00SC0002695,SL3.00SC0002694,SL3.00SC0002696,SL3.00SC0002697,SL3.00SC0002698,SL3.00SC0002699,SL3.00SC0002700,SL3.00SC0002701,SL3.00SC0002702,SL3.00SC0002703,SL3.00SC0002704,SL3.00SC0002705,SL3.00SC0002706,SL3.00SC0002707,SL3.00SC0002708,SL3.00SC0002709,SL3.00SC0002710,SL3.00SC0002711,SL3.00SC0002712,SL3.00SC0002713,SL3.00SC0002714,SL3.00SC0002715,SL3.00SC0002716,SL3.00SC0002717,SL3.00SC0002718,SL3.00SC0002719,SL3.00SC0002720,SL3.00SC0002721,SL3.00SC0002722,SL3.00SC0002723,SL3.00SC0002724,SL3.00SC0002725,SL3.00SC0002726,SL3.00SC0002727,SL3.00SC0002728,SL3.00SC0002729,SL3.00SC0002730,SL3.00SC0002731,SL3.00SC0002732,SL3.00SC0002733,SL3.00SC0002734,SL3.00SC0002735,SL3.00SC0002736,SL3.00SC0002737,SL3.00SC0002738,SL3.00SC0002739,SL3.00SC0002740,SL3.00SC0002741,SL3.00SC0002742,SL3.00SC0002743,SL3.00SC0002744,SL3.00SC0002745,SL3.00SC0002746,SL3.00SC0002747,SL3.00SC0002748,SL3.00SC0002749,SL3.00SC0002750,SL3.00SC0002751,SL3.00SC0002752,SL3.00SC0002753,SL3.00SC0002754,SL3.00SC0002755,SL3.00SC0002756,SL3.00SC0002757,SL3.00SC0002758,SL3.00SC0002759,SL3.00SC0002760,SL3.00SC0002761,SL3.00SC0002762,SL3.00SC0002763,SL3.00SC0002764,SL3.00SC0002765,SL3.00SC0002766,SL3.00SC0002767,SL3.00SC0002768,SL3.00SC0002769,SL3.00SC0002770,SL3.00SC0002771,SL3.00SC0002772,SL3.00SC0002773,SL3.00SC0002774,SL3.00SC0002775,SL3.00SC0002776,SL3.00SC0002777,SL3.00SC0002778,SL3.00SC0002779,SL3.00SC0002780,SL3.00SC0002781,SL3.00SC0002782,SL3.00SC0002783,SL3.00SC0002784,SL3.00SC0002785,SL3.00SC0002786,SL3.00SC0002787,SL3.00SC0002788,SL3.00SC0002789,SL3.00SC0002790,SL3.00SC0002791,SL3.00SC0002792,SL3.00SC0002793,SL3.00SC0002794,SL3.00SC0002795,SL3.00SC0002796,SL3.00SC0002797,SL3.00SC0002798,SL3.00SC0002799,SL3.00SC0002800,SL3.00SC0002801,SL3.00SC0002802,SL3.00SC0002803,SL3.00SC0002804,SL3.00SC0002805,SL3.00SC0002806,SL3.00SC0002807,SL3.00SC0002808,SL3.00SC0002809,SL3.00SC0002810,SL3.00SC0002811,SL3.00SC0002812,SL3.00SC0002813,SL3.00SC0002814,SL3.00SC0002815,SL3.00SC0002816,SL3.00SC0002817,SL3.00SC0002818,SL3.00SC0002819,SL3.00SC0002820,SL3.00SC0002821,SL3.00SC0002823,SL3.00SC0002822,SL3.00SC0002824,SL3.00SC0002825,SL3.00SC0002826,SL3.00SC0002827,SL3.00SC0002828,SL3.00SC0002829,SL3.00SC0002830,SL3.00SC0002831,SL3.00SC0002832,SL3.00SC0002833,SL3.00SC0002834,SL3.00SC0002835,SL3.00SC0002838,SL3.00SC0002836,SL3.00SC0002837,SL3.00SC0002839,SL3.00SC0002840,SL3.00SC0002841,SL3.00SC0002842,SL3.00SC0002843,SL3.00SC0002844,SL3.00SC0002845,SL3.00SC0002846,SL3.00SC0002847,SL3.00SC0002848,SL3.00SC0002849,SL3.00SC0002850,SL3.00SC0002851,SL3.00SC0002852,SL3.00SC0002853,SL3.00SC0002854,SL3.00SC0002855,SL3.00SC0002856,SL3.00SC0002857,SL3.00SC0002858,SL3.00SC0002859,SL3.00SC0002860,SL3.00SC0002861,SL3.00SC0002862,SL3.00SC0002863,SL3.00SC0002864,SL3.00SC0002865,SL3.00SC0002866,SL3.00SC0002867,SL3.00SC0002868,SL3.00SC0002869,SL3.00SC0002870,SL3.00SC0002872,SL3.00SC0002871,SL3.00SC0002873,SL3.00SC0002874,SL3.00SC0002875,SL3.00SC0002876,SL3.00SC0002877,SL3.00SC0002878,SL3.00SC0002879,SL3.00SC0002880,SL3.00SC0002881,SL3.00SC0002882,SL3.00SC0002883,SL3.00SC0002884,SL3.00SC0002885,SL3.00SC0002886,SL3.00SC0002887,SL3.00SC0002888,SL3.00SC0002889,SL3.00SC0002890,SL3.00SC0002891,SL3.00SC0002892,SL3.00SC0002893,SL3.00SC0002894,SL3.00SC0002895,SL3.00SC0002896,SL3.00SC0002897,SL3.00SC0002898,SL3.00SC0002899,SL3.00SC0002900,SL3.00SC0002901,SL3.00SC0002902,SL3.00SC0002903,SL3.00SC0002904,SL3.00SC0002905,SL3.00SC0002906,SL3.00SC0002907,SL3.00SC0002908,SL3.00SC0002909,SL3.00SC0002910,SL3.00SC0002911,SL3.00SC0002912,SL3.00SC0002913,SL3.00SC0002914,SL3.00SC0002915,SL3.00SC0002916,SL3.00SC0002917,SL3.00SC0002918,SL3.00SC0002919,SL3.00SC0002920,SL3.00SC0002921,SL3.00SC0002922,SL3.00SC0002923,SL3.00SC0002924,SL3.00SC0002926,SL3.00SC0002927,SL3.00SC0002928,SL3.00SC0002929,SL3.00SC0002930,SL3.00SC0002931,SL3.00SC0002932,SL3.00SC0002933,SL3.00SC0002934,SL3.00SC0002935,SL3.00SC0002936,SL3.00SC0002937,SL3.00SC0002938,SL3.00SC0002939,SL3.00SC0002940,SL3.00SC0002941,SL3.00SC0002942,SL3.00SC0002943,SL3.00SC0002944,SL3.00SC0002945,SL3.00SC0002946,SL3.00SC0002947,SL3.00SC0002948,SL3.00SC0002949,SL3.00SC0002950,SL3.00SC0002951,SL3.00SC0002952,SL3.00SC0002953,SL3.00SC0002954,SL3.00SC0002955,SL3.00SC0002956,SL3.00SC0002957,SL3.00SC0002958,SL3.00SC0002959,SL3.00SC0002960,SL3.00SC0002961,SL3.00SC0002962,SL3.00SC0002963,SL3.00SC0002964,SL3.00SC0002965,SL3.00SC0002966,SL3.00SC0002967,SL3.00SC0002968,SL3.00SC0002969,SL3.00SC0002970,SL3.00SC0002973,SL3.00SC0002971,SL3.00SC0002972,SL3.00SC0002974,SL3.00SC0002975,SL3.00SC0002976,SL3.00SC0002977,SL3.00SC0002978,SL3.00SC0002979,SL3.00SC0002980,SL3.00SC0002981,SL3.00SC0002982,SL3.00SC0002983,SL3.00SC0002984,SL3.00SC0002985,SL3.00SC0002986,SL3.00SC0002987,SL3.00SC0002988,SL3.00SC0002989,SL3.00SC0002990,SL3.00SC0002991,SL3.00SC0002992,SL3.00SC0002993,SL3.00SC0002994,SL3.00SC0002995,SL3.00SC0002996,SL3.00SC0002997,SL3.00SC0002998,SL3.00SC0002999,SL3.00SC0003000,SL3.00SC0003001,SL3.00SC0003002,SL3.00SC0003003,SL3.00SC0003004,SL3.00SC0003005,SL3.00SC0003006,SL3.00SC0003007,SL3.00SC0003008,SL3.00SC0003009,SL3.00SC0003010,SL3.00SC0003011,SL3.00SC0003012,SL3.00SC0003013,SL3.00SC0003014,SL3.00SC0003015,SL3.00SC0003016,SL3.00SC0003017,SL3.00SC0003018,SL3.00SC0003019,SL3.00SC0003026,SL3.00SC0003020,SL3.00SC0003021,SL3.00SC0003022,SL3.00SC0003023,SL3.00SC0003024,SL3.00SC0003025,SL3.00SC0003027,SL3.00SC0003028,SL3.00SC0003029,SL3.00SC0003030,SL3.00SC0003031,SL3.00SC0003032,SL3.00SC0003033,SL3.00SC0003034,SL3.00SC0003035,SL3.00SC0003036,SL3.00SC0003037,SL3.00SC0003038,SL3.00SC0003039,SL3.00SC0003040,SL3.00SC0003041,SL3.00SC0003042,SL3.00SC0003043,SL3.00SC0003044,SL3.00SC0003045,SL3.00SC0003046,SL3.00SC0003047,SL3.00SC0003048,SL3.00SC0003049,SL3.00SC0003050,SL3.00SC0003051,SL3.00SC0003052,SL3.00SC0003053,SL3.00SC0003054,SL3.00SC0003055,SL3.00SC0003056,SL3.00SC0003058,SL3.00SC0003057,SL3.00SC0003059,SL3.00SC0003060,SL3.00SC0003061,SL3.00SC0003062,SL3.00SC0003063,SL3.00SC0003064,SL3.00SC0003065,SL3.00SC0003066,SL3.00SC0003067,SL3.00SC0003068,SL3.00SC0003069,SL3.00SC0003070,SL3.00SC0003071,SL3.00SC0003072,SL3.00SC0003073,SL3.00SC0003076,SL3.00SC0003074,SL3.00SC0003075,SL3.00SC0003077,SL3.00SC0003078,SL3.00SC0003079,SL3.00SC0003080,SL3.00SC0003081,SL3.00SC0003082,SL3.00SC0003083,SL3.00SC0003084,SL3.00SC0003085,SL3.00SC0003086,SL3.00SC0003087,SL3.00SC0003089,SL3.00SC0003090,SL3.00SC0003091,SL3.00SC0003092,SL3.00SC0003093,SL3.00SC0003094,SL3.00SC0003095,SL3.00SC0003096,SL3.00SC0003097,SL3.00SC0003098,SL3.00SC0003099,SL3.00SC0003100,SL3.00SC0003101,SL3.00SC0003102,SL3.00SC0003103,SL3.00SC0003104,SL3.00SC0003105,SL3.00SC0003106,SL3.00SC0003107,SL3.00SC0003108,SL3.00SC0003109,SL3.00SC0003110,SL3.00SC0003111,SL3.00SC0003112,SL3.00SC0003113,SL3.00SC0003114,SL3.00SC0003115,SL3.00SC0003116,SL3.00SC0003117,SL3.00SC0003118,SL3.00SC0003119,SL3.00SC0003120,SL3.00SC0003121,SL3.00SC0003122,SL3.00SC0003123,SL3.00SC0003124,SL3.00SC0003125,SL3.00SC0003126,SL3.00SC0003127,SL3.00SC0003128,SL3.00SC0003129,SL3.00SC0003130,SL3.00SC0003131,SL3.00SC0003132,SL3.00SC0003133,SL3.00SC0003134,SL3.00SC0003135,SL3.00SC0003136,SL3.00SC0003137,SL3.00SC0003138,SL3.00SC0003139,SL3.00SC0003140,SL3.00SC0003141	20522792	1	1	1	1	1	1		/srv/beegfs/scratch/shares/ds4dh/common/ab-initio-TE/software_outputs/repeatmasker_dfam/RMDFAM_SPECIES_ANCHOR5_PLANTS_20260616/tomato/chunks/tomato_chunk_00013_bundle
green_foxtail	126	green_foxtail_chunk_00001_bundle	1	41732233	1	1	1	1	1	1		/srv/beegfs/scratch/shares/ds4dh/common/ab-initio-TE/software_outputs/repeatmasker_dfam/RMDFAM_SPECIES_ANCHOR5_PLANTS_20260616/green_foxtail/chunks/green_foxtail_chunk_00001_bundle
green_foxtail	127	green_foxtail_chunk_00002_bundle	2	47849963	1	1	1	1	1	1		/srv/beegfs/scratch/shares/ds4dh/common/ab-initio-TE/software_outputs/repeatmasker_dfam/RMDFAM_SPECIES_ANCHOR5_PLANTS_20260616/green_foxtail/chunks/green_foxtail_chunk_00002_bundle
green_foxtail	128	green_foxtail_chunk_00003_3	3	50382502	1	1	1	1	1	1		/srv/beegfs/scratch/shares/ds4dh/common/ab-initio-TE/software_outputs/repeatmasker_dfam/RMDFAM_SPECIES_ANCHOR5_PLANTS_20260616/green_foxtail/chunks/green_foxtail_chunk_00003_3
green_foxtail	129	green_foxtail_chunk_00004_bundle	4	39677845	1	1	1	1	1	1		/srv/beegfs/scratch/shares/ds4dh/common/ab-initio-TE/software_outputs/repeatmasker_dfam/RMDFAM_SPECIES_ANCHOR5_PLANTS_20260616/green_foxtail/chunks/green_foxtail_chunk_00004_bundle
green_foxtail	130	green_foxtail_chunk_00005_bundle	5	46702114	1	1	1	1	1	1		/srv/beegfs/scratch/shares/ds4dh/common/ab-initio-TE/software_outputs/repeatmasker_dfam/RMDFAM_SPECIES_ANCHOR5_PLANTS_20260616/green_foxtail/chunks/green_foxtail_chunk_00005_bundle
green_foxtail	131	green_foxtail_chunk_00006_bundle	6	36371416	1	1	1	1	1	1		/srv/beegfs/scratch/shares/ds4dh/common/ab-initio-TE/software_outputs/repeatmasker_dfam/RMDFAM_SPECIES_ANCHOR5_PLANTS_20260616/green_foxtail/chunks/green_foxtail_chunk_00006_bundle
green_foxtail	132	green_foxtail_chunk_00007_bundle	7	35460007	1	1	1	1	1	1		/srv/beegfs/scratch/shares/ds4dh/common/ab-initio-TE/software_outputs/repeatmasker_dfam/RMDFAM_SPECIES_ANCHOR5_PLANTS_20260616/green_foxtail/chunks/green_foxtail_chunk_00007_bundle
green_foxtail	133	green_foxtail_chunk_00008_bundle	8	40988899	1	1	1	1	1	1		/srv/beegfs/scratch/shares/ds4dh/common/ab-initio-TE/software_outputs/repeatmasker_dfam/RMDFAM_SPECIES_ANCHOR5_PLANTS_20260616/green_foxtail/chunks/green_foxtail_chunk_00008_bundle
green_foxtail	134	green_foxtail_chunk_00009_9	9	56381885	1	1	1	1	1	1		/srv/beegfs/scratch/shares/ds4dh/common/ab-initio-TE/software_outputs/repeatmasker_dfam/RMDFAM_SPECIES_ANCHOR5_PLANTS_20260616/green_foxtail/chunks/green_foxtail_chunk_00009_9
green_foxtail	135	green_foxtail_chunk_00010_bundle	ML552055,ML552056,ML552057,ML552058,ML552059	184638	1	1	1	1	1	1		/srv/beegfs/scratch/shares/ds4dh/common/ab-initio-TE/software_outputs/repeatmasker_dfam/RMDFAM_SPECIES_ANCHOR5_PLANTS_20260616/green_foxtail/chunks/green_foxtail_chunk_00010_bundle
grape	136	grape_chunk_00001_bundle	CP126648.1,CP126649.1	48763425	1	1	1	1	1	1		/srv/beegfs/scratch/shares/ds4dh/common/ab-initio-TE/software_outputs/repeatmasker_dfam/RMDFAM_SPECIES_ANCHOR5_PLANTS_20260616/grape/chunks/grape_chunk_00001_bundle
grape	137	grape_chunk_00002_bundle	CP126650.1,CP126651.1	47252218	1	1	1	1	1	1		/srv/beegfs/scratch/shares/ds4dh/common/ab-initio-TE/software_outputs/repeatmasker_dfam/RMDFAM_SPECIES_ANCHOR5_PLANTS_20260616/grape/chunks/grape_chunk_00002_bundle
grape	138	grape_chunk_00003_bundle	CP126652.1	26899771	1	1	1	1	1	1		/srv/beegfs/scratch/shares/ds4dh/common/ab-initio-TE/software_outputs/repeatmasker_dfam/RMDFAM_SPECIES_ANCHOR5_PLANTS_20260616/grape/chunks/grape_chunk_00003_bundle
grape	139	grape_chunk_00004_bundle	CP126653.1	24571969	1	1	1	1	1	1		/srv/beegfs/scratch/shares/ds4dh/common/ab-initio-TE/software_outputs/repeatmasker_dfam/RMDFAM_SPECIES_ANCHOR5_PLANTS_20260616/grape/chunks/grape_chunk_00004_bundle
grape	140	grape_chunk_00005_bundle	CP126654.1	31654362	1	1	1	1	1	1		/srv/beegfs/scratch/shares/ds4dh/common/ab-initio-TE/software_outputs/repeatmasker_dfam/RMDFAM_SPECIES_ANCHOR5_PLANTS_20260616/grape/chunks/grape_chunk_00005_bundle
grape	141	grape_chunk_00006_bundle	CP126655.1,CP126656.1	48135222	1	1	1	1	1	1		/srv/beegfs/scratch/shares/ds4dh/common/ab-initio-TE/software_outputs/repeatmasker_dfam/RMDFAM_SPECIES_ANCHOR5_PLANTS_20260616/grape/chunks/grape_chunk_00006_bundle
grape	142	grape_chunk_00007_bundle	CP126657.1,CP126658.1	47552569	1	1	1	1	1	1		/srv/beegfs/scratch/shares/ds4dh/common/ab-initio-TE/software_outputs/repeatmasker_dfam/RMDFAM_SPECIES_ANCHOR5_PLANTS_20260616/grape/chunks/grape_chunk_00007_bundle
grape	143	grape_chunk_00008_bundle	CP126659.1	24706008	1	1	1	1	1	1		/srv/beegfs/scratch/shares/ds4dh/common/ab-initio-TE/software_outputs/repeatmasker_dfam/RMDFAM_SPECIES_ANCHOR5_PLANTS_20260616/grape/chunks/grape_chunk_00008_bundle
grape	144	grape_chunk_00009_bundle	CP126660.1	29842242	1	1	1	1	1	1		/srv/beegfs/scratch/shares/ds4dh/common/ab-initio-TE/software_outputs/repeatmasker_dfam/RMDFAM_SPECIES_ANCHOR5_PLANTS_20260616/grape/chunks/grape_chunk_00009_bundle
grape	145	grape_chunk_00010_bundle	CP126661.1	30475315	1	1	1	1	1	1		/srv/beegfs/scratch/shares/ds4dh/common/ab-initio-TE/software_outputs/repeatmasker_dfam/RMDFAM_SPECIES_ANCHOR5_PLANTS_20260616/grape/chunks/grape_chunk_00010_bundle
grape	146	grape_chunk_00011_bundle	CP126662.1	23565456	1	1	1	1	1	1		/srv/beegfs/scratch/shares/ds4dh/common/ab-initio-TE/software_outputs/repeatmasker_dfam/RMDFAM_SPECIES_ANCHOR5_PLANTS_20260616/grape/chunks/grape_chunk_00011_bundle
grape	147	grape_chunk_00012_bundle	CP126663.1,CP126664.1	47551782	1	1	1	1	1	1		/srv/beegfs/scratch/shares/ds4dh/common/ab-initio-TE/software_outputs/repeatmasker_dfam/RMDFAM_SPECIES_ANCHOR5_PLANTS_20260616/grape/chunks/grape_chunk_00012_bundle
grape	148	grape_chunk_00013_bundle	CP126665.1	36684271	1	1	1	1	1	1		/srv/beegfs/scratch/shares/ds4dh/common/ab-initio-TE/software_outputs/repeatmasker_dfam/RMDFAM_SPECIES_ANCHOR5_PLANTS_20260616/grape/chunks/grape_chunk_00013_bundle
grape	149	grape_chunk_00014_bundle	CP126666.1	27218600	1	1	1	1	1	1		/srv/beegfs/scratch/shares/ds4dh/common/ab-initio-TE/software_outputs/repeatmasker_dfam/RMDFAM_SPECIES_ANCHOR5_PLANTS_20260616/grape/chunks/grape_chunk_00014_bundle
