panel	variant	exp_id	seed	window	max_eval_samples	n_bp	token_label_mode	threshold	postprocess_family	bp_tp	bp_fp	bp_fn	bp_tn	bp_precision	bp_recall	bp_f1	bp_positive_rate_true	bp_positive_rate_pred	bp_n	pred_true_backed_rate	short_pred_segments	short_true_backed_rate	short_mean_best_iou	mean_fragments_per_true	split_true_rate	missed_true_rate	deleted_baseline_fragments	deleted_true_backed_fragments	deleted_false_fragments	deleted_true_backed_fraction	overmerge_rate	iou_threshold	boundary_tol_bp	true_segments	pred_segments	segment_tp	segment_fp	segment_fn	segment_precision	segment_recall	segment_f1	mean_matched_iou	boundary_precision	boundary_recall	boundary_f1	median_boundary_error_bp	gap	min_len	hmm_penalty	rescue_threshold	rescue_max_len	short_cutoff	delta_segment_vs_raw_t050	delta_boundary_vs_raw_t050	delta_missed_vs_raw_t050	strict_guardrail_safe
human_test	raw_t0.20	PIPE-TEFM-CAP-POSTPROC-20260701	42	4096	40	163840	single_nt	0.2	raw	60808	5420	11076	86536	0.9181615026876849	0.8459184241277614	0.8805607043558851	0.4387451171875	0.4042236328125	163840	0.6720977596741344	339	0.5693215339233039	0.02054739056697148	1.569672131147541	0.15163934426229508	0.2540983606557377	0	0	0	0.0	0.054989816700611	0.8	5	244	491	89	402	155	0.18126272912423624	0.36475409836065575	0.2421768707482993	0.9382734607035704	0.0855397148676171	0.1721311475409836	0.11428571428571428	4.0							0.08798525398183224	0.03793840889649272	-0.03278688524590162	True
human_test	gap25_min40_t0.20	PIPE-TEFM-CAP-POSTPROC-20260701	42	4096	40	163840	single_nt	0.2	gap_minlen	61369	5982	10515	85974	0.9111817196478151	0.8537226642924712	0.8815168599849177	0.4387451171875	0.411077880859375	163840	0.7794117647058824	10	0.7	0.20664961995303527	0.7786885245901639	0.01639344262295082	0.26229508196721313	2	2	0	1.0	0.23529411764705882	0.8	5	244	136	63	73	181	0.4632352941176471	0.2581967213114754	0.3315789473684211	0.939176421548263	0.21323529411764705	0.11885245901639344	0.1526315789473684	4.0	25	40					0.17738733060195402	0.07628427355814683	-0.0245901639344262	False
human_test	gap50_min80_t0.20	PIPE-TEFM-CAP-POSTPROC-20260701	42	4096	40	163840	single_nt	0.2	gap_minlen	61257	6275	10627	85681	0.9070810874844518	0.8521645985198375	0.8787657083835428	0.4387451171875	0.4121826171875	163840	0.768595041322314	0	0.0	0.0	0.75	0.00819672131147541	0.27049180327868855	5	4	1	0.8	0.2727272727272727	0.8	5	244	121	56	65	188	0.4628099173553719	0.22950819672131148	0.30684931506849317	0.9392919000196803	0.19834710743801653	0.09836065573770492	0.13150684931506848	4.0	50	80					0.1526576983020261	0.05515954392584692	-0.016393442622950782	False
human_test	gap100_min100_t0.20	PIPE-TEFM-CAP-POSTPROC-20260701	42	4096	40	163840	single_nt	0.2	gap_minlen	61343	7498	10541	84458	0.8910823491814471	0.8533609704523956	0.8718138212826435	0.4387451171875	0.420172119140625	163840	0.7373737373737373	0	0.0	0.0	0.7254098360655737	0.00819672131147541	0.28688524590163933	8	8	0	1.0	0.3333333333333333	0.8	5	244	99	42	57	202	0.42424242424242425	0.1721311475409836	0.24489795918367346	0.938769391670887	0.18181818181818182	0.07377049180327869	0.10495626822157433	4.0	100	100					0.0907063424172064	0.02860896283235277	0.0	False
human_test	raw_t0.30	PIPE-TEFM-CAP-POSTPROC-20260701	42	4096	40	163840	single_nt	0.3	raw	59459	4662	12425	87294	0.9272937103289094	0.8271520783484503	0.8743649130546671	0.4387451171875	0.391363525390625	163840	0.7159663865546219	433	0.6351039260969977	0.015748529339310445	1.8975409836065573	0.14754098360655737	0.27049180327868855	0	0	0	0.0	0.03529411764705882	0.8	5	244	595	95	500	149	0.15966386554621848	0.38934426229508196	0.2264600715137068	0.937461449718155	0.07226890756302522	0.1762295081967213	0.10250297973778309	4.5							0.07226845474723975	0.02615567434856153	-0.016393442622950782	True
human_test	gap25_min40_t0.30	PIPE-TEFM-CAP-POSTPROC-20260701	42	4096	40	163840	single_nt	0.3	gap_minlen	60271	5157	11613	86799	0.9211805343278108	0.8384480552000445	0.8778693777674202	0.4387451171875	0.3993408203125	163840	0.8380281690140845	11	0.9090909090909091	0.191381693958137	0.7827868852459017	0.01639344262295082	0.2786885245901639	2	2	0	1.0	0.2112676056338028	0.8	5	244	142	68	74	176	0.4788732394366197	0.2786885245901639	0.3523316062176166	0.9406997342270126	0.2323943661971831	0.13524590163934427	0.17098445595854922	3.75	25	40					0.19813998945114955	0.09463715056932766	-0.008196721311475419	False
human_test	gap50_min80_t0.30	PIPE-TEFM-CAP-POSTPROC-20260701	42	4096	40	163840	single_nt	0.3	gap_minlen	60365	5318	11519	86638	0.9190353668376902	0.8397557175449335	0.8776087288375847	0.4387451171875	0.400897216796875	163840	0.8306451612903226	0	0.0	0.0	0.7459016393442623	0.012295081967213115	0.2827868852459016	7	6	1	0.8571428571428571	0.2661290322580645	0.8	5	244	124	58	66	186	0.46774193548387094	0.23770491803278687	0.31521739130434784	0.9404929562930836	0.21774193548387097	0.11065573770491803	0.14673913043478262	4.0	50	80					0.16102577453788078	0.07039182504556106	-0.0040983606557377095	False
human_test	gap100_min100_t0.30	PIPE-TEFM-CAP-POSTPROC-20260701	42	4096	40	163840	single_nt	0.3	gap_minlen	60826	6603	11058	85353	0.9020747749484643	0.846168827555506	0.8732279112502064	0.4387451171875	0.411553955078125	163840	0.7653061224489796	0	0.0	0.0	0.7090163934426229	0.00819672131147541	0.30327868852459017	18	9	9	0.5	0.3163265306122449	0.8	5	244	98	44	54	200	0.4489795918367347	0.18032786885245902	0.2573099415204678	0.937968661781397	0.19387755102040816	0.0778688524590164	0.11111111111111109	4.5	100	100					0.10311832475400076	0.03476380572188953	0.016393442622950838	False
human_test	raw_t0.40	PIPE-TEFM-CAP-POSTPROC-20260701	42	4096	40	163840	single_nt	0.4	raw	57468	4082	14416	87874	0.9336799350121853	0.7994546769795782	0.8613696659022438	0.4387451171875	0.37567138671875	163840	0.831764705882353	684	0.804093567251462	0.011770019505958153	3.0245901639344264	0.15163934426229508	0.2827868852459016	0	0	0	0.0	0.021176470588235293	0.8	5	244	850	102	748	142	0.12	0.4180327868852459	0.18647166361974407	0.9374780235741763	0.05647058823529412	0.19672131147540983	0.08775137111517368	4.25							0.03228004685327701	0.011404065725952123	-0.0040983606557377095	True
human_test	gap25_min40_t0.40	PIPE-TEFM-CAP-POSTPROC-20260701	42	4096	40	163840	single_nt	0.4	gap_minlen	58774	4630	13110	87326	0.9269762160116081	0.8176228367926103	0.8688723316184732	0.4387451171875	0.3869873046875	163840	0.8657718120805369	12	0.8333333333333334	0.2263638082509685	0.7786885245901639	0.01639344262295082	0.28688524590163933	12	12	0	1.0	0.18120805369127516	0.8	5	244	149	72	77	172	0.48322147651006714	0.29508196721311475	0.36641221374045796	0.9388452129367566	0.2348993288590604	0.14344262295081966	0.178117048346056	3.75	25	40					0.2122205969739909	0.10176974295683443	0.0	False
human_test	gap50_min80_t0.40	PIPE-TEFM-CAP-POSTPROC-20260701	42	4096	40	163840	single_nt	0.4	gap_minlen	58963	4822	12921	87134	0.9244022889394058	0.8202520727839296	0.8692184655300769	0.4387451171875	0.389312744140625	163840	0.8671875	0	0.0	0.0	0.7418032786885246	0.00819672131147541	0.29508196721311475	27	17	10	0.6296296296296297	0.2421875	0.8	5	244	128	62	66	182	0.484375	0.2540983606557377	0.33333333333333337	0.9361275814766316	0.2265625	0.11885245901639344	0.15591397849462366	4.25	50	80					0.1791417165668663	0.0795666731054021	0.008196721311475419	False
human_test	gap100_min100_t0.40	PIPE-TEFM-CAP-POSTPROC-20260701	42	4096	40	163840	single_nt	0.4	gap_minlen	59781	6051	12103	85905	0.9080842143638352	0.8316315174447722	0.868177989485608	0.4387451171875	0.401806640625	163840	0.8080808080808081	0	0.0	0.0	0.6967213114754098	0.004098360655737705	0.319672131147541	20	10	10	0.5	0.32323232323232326	0.8	5	244	99	47	52	197	0.47474747474747475	0.19262295081967212	0.27405247813411077	0.9324792310388526	0.21212121212121213	0.0860655737704918	0.12244897959183673	4.5	100	100					0.1198608613676437	0.04610167420261517	0.032786885245901676	False
human_test	raw_t0.50	PIPE-TEFM-CAP-POSTPROC-20260701	42	4096	40	163840	single_nt	0.5	raw	54347	3646	17537	88310	0.9371303433172969	0.7560375048689555	0.8368995280149679	0.4387451171875	0.353961181640625	163840	0.8736263736263736	924	0.8593073593073594	0.010580659989398434	4.016393442622951	0.18442622950819673	0.28688524590163933	0	0	0	0.0	0.015567765567765568	0.8	5	244	1092	103	989	141	0.09432234432234432	0.42213114754098363	0.15419161676646706	0.9405342237825162	0.046703296703296704	0.20901639344262296	0.07634730538922156	4.0							0.0	0.0	0.0	True
human_test	gap25_min40_t0.50	PIPE-TEFM-CAP-POSTPROC-20260701	42	4096	40	163840	single_nt	0.5	gap_minlen	56475	4065	15409	87891	0.9328543111992071	0.7856407545489956	0.8529420648824987	0.4387451171875	0.3695068359375	163840	0.8980891719745223	16	0.875	0.22281604644984998	0.8032786885245902	0.01639344262295082	0.29508196721311475	41	37	4	0.9024390243902439	0.16560509554140126	0.8	5	244	157	73	84	171	0.46496815286624205	0.29918032786885246	0.3640897755610973	0.942041853585493	0.24203821656050956	0.1557377049180328	0.18952618453865339	3.0	25	40					0.20989815879463022	0.11317887914943182	0.008196721311475419	False
human_test	gap50_min80_t0.50	PIPE-TEFM-CAP-POSTPROC-20260701	42	4096	40	163840	single_nt	0.5	gap_minlen	56295	4291	15589	87665	0.9291750569438484	0.7831367202715486	0.849928285649581	0.4387451171875	0.36978759765625	163840	0.8854961832061069	0	0.0	0.0	0.7377049180327869	0.00819672131147541	0.3155737704918033	79	69	10	0.8734177215189873	0.22137404580152673	0.8	5	244	131	62	69	182	0.4732824427480916	0.2540983606557377	0.3306666666666666	0.9363215751526552	0.22137404580152673	0.11885245901639344	0.15466666666666665	4.5	50	80					0.17647504990019955	0.07831936127744508	0.028688524590163966	False
human_test	gap100_min100_t0.50	PIPE-TEFM-CAP-POSTPROC-20260701	42	4096	40	163840	single_nt	0.5	gap_minlen	58224	5528	13660	86428	0.9132889948550633	0.8099716209448556	0.8585331327966027	0.4387451171875	0.389111328125	163840	0.8653846153846154	0	0.0	0.0	0.7049180327868853	0.004098360655737705	0.3237704918032787	23	13	10	0.5652173913043478	0.27884615384615385	0.8	5	244	104	48	56	196	0.46153846153846156	0.19672131147540983	0.27586206896551724	0.9384364760661857	0.22115384615384615	0.0942622950819672	0.13218390804597702	4.25	100	100					0.12167045219905018	0.055836602656755455	0.036885245901639385	False
human_test	raw_t0.60	PIPE-TEFM-CAP-POSTPROC-20260701	42	4096	40	163840	single_nt	0.6	raw	50616	3245	21268	88711	0.9397523254302742	0.7041344388180958	0.8050578551831086	0.4387451171875	0.328741455078125	163840	0.8859180035650623	956	0.8734309623430963	0.012081777057005406	4.168032786885246	0.19672131147540983	0.29098360655737704	682	606	76	0.8885630498533724	0.0142602495543672	0.8	5	244	1122	103	1019	141	0.09180035650623886	0.42213114754098363	0.150805270863836	0.9428410565009163	0.04634581105169341	0.21311475409836064	0.07613469985358712	3.5							-0.003386345902631066	-0.00021260553563444418	0.0040983606557377095	False
human_test	gap25_min40_t0.60	PIPE-TEFM-CAP-POSTPROC-20260701	42	4096	40	163840	single_nt	0.6	gap_minlen	52861	3705	19023	88251	0.9345012905278789	0.7353653107784764	0.8230595562475671	0.4387451171875	0.34525146484375	163840	0.9146341463414634	20	0.95	0.28453321344667115	0.8114754098360656	0.012295081967213115	0.29918032786885246	631	576	55	0.9128367670364501	0.1524390243902439	0.8	5	244	164	81	83	163	0.49390243902439024	0.3319672131147541	0.39705882352941174	0.9344868125338978	0.22560975609756098	0.15163934426229508	0.18137254901960786	4.0	25	40					0.24286720676294468	0.1050252436303863	0.012295081967213128	False
human_test	gap50_min80_t0.60	PIPE-TEFM-CAP-POSTPROC-20260701	42	4096	40	163840	single_nt	0.6	gap_minlen	53005	3989	18879	87967	0.930010176509808	0.737368538200434	0.8225608715219045	0.4387451171875	0.34786376953125	163840	0.8846153846153846	0	0.0	0.0	0.7295081967213115	0.00819672131147541	0.32786885245901637	548	501	47	0.9142335766423357	0.2230769230769231	0.8	5	244	130	64	66	180	0.49230769230769234	0.26229508196721313	0.34224598930481287	0.9304578642681922	0.2153846153846154	0.11475409836065574	0.1497326203208556	4.75	50	80					0.1880543725383458	0.07338531493163404	0.04098360655737704	False
human_test	gap100_min100_t0.60	PIPE-TEFM-CAP-POSTPROC-20260701	42	4096	40	163840	single_nt	0.6	gap_minlen	54989	5155	16895	86801	0.9142890396382016	0.7649685604585165	0.8329899718241585	0.4387451171875	0.36708984375	163840	0.8737864077669902	0	0.0	0.0	0.6967213114754098	0.004098360655737705	0.3442622950819672	325	282	43	0.8676923076923077	0.27184466019417475	0.8	5	244	103	50	53	194	0.4854368932038835	0.20491803278688525	0.2881844380403458	0.9332235422081332	0.21359223300970873	0.09016393442622951	0.12680115273775217	4.75	100	100					0.13399282127387876	0.0504538473485306	0.05737704918032788	False
human_test	raw_t0.70	PIPE-TEFM-CAP-POSTPROC-20260701	42	4096	40	163840	single_nt	0.7	raw	46764	2830	25120	89126	0.9429366455619631	0.65054810528073	0.7699171866510809	0.4387451171875	0.30269775390625	163840	0.8466019417475729	870	0.8264367816091954	0.013782569011063877	3.6557377049180326	0.20491803278688525	0.30327868852459017	844	744	100	0.8815165876777251	0.014563106796116505	0.8	5	244	1030	105	925	139	0.10194174757281553	0.430327868852459	0.16483516483516483	0.9414366942499615	0.05145631067961165	0.21721311475409835	0.08320251177394035	3.5							0.010643548068697772	0.006855206384718787	0.016393442622950838	False
human_test	gap25_min40_t0.70	PIPE-TEFM-CAP-POSTPROC-20260701	42	4096	40	163840	single_nt	0.7	gap_minlen	48326	3394	23558	88562	0.9343774168600155	0.6722775582883534	0.7819488042458173	0.4387451171875	0.315673828125	163840	0.9119496855345912	18	0.9444444444444444	0.4164892765264978	0.7745901639344263	0.01639344262295082	0.3114754098360656	849	759	90	0.8939929328621908	0.15723270440251572	0.8	5	244	159	81	78	163	0.5094339622641509	0.3319672131147541	0.401985111662531	0.9395290267028967	0.2389937106918239	0.1557377049180328	0.18858560794044665	3.5	25	40					0.24779349489606392	0.11223830255122509	0.024590163934426257	False
human_test	gap50_min80_t0.70	PIPE-TEFM-CAP-POSTPROC-20260701	42	4096	40	163840	single_nt	0.7	gap_minlen	48230	3643	23654	88313	0.9297707863435699	0.6709420733403817	0.7794306584678038	0.4387451171875	0.316607666015625	163840	0.8837209302325582	0	0.0	0.0	0.7090163934426229	0.012295081967213115	0.3483606557377049	810	732	78	0.9037037037037037	0.21705426356589147	0.8	5	244	129	63	66	181	0.4883720930232558	0.2581967213114754	0.3378016085790885	0.9380900687795374	0.2248062015503876	0.11885245901639344	0.1554959785522788	4.0	50	80					0.18360999181262141	0.07914867316305725	0.061475409836065587	False
human_test	gap100_min100_t0.70	PIPE-TEFM-CAP-POSTPROC-20260701	42	4096	40	163840	single_nt	0.7	gap_minlen	50928	4714	20956	87242	0.9152798245929334	0.708474764899004	0.7987077145052774	0.4387451171875	0.33961181640625	163840	0.875	0	0.0	0.0	0.6762295081967213	0.004098360655737705	0.36475409836065575	725	659	66	0.9089655172413793	0.2692307692307692	0.8	5	244	104	50	54	194	0.4807692307692308	0.20491803278688525	0.2873563218390805	0.9376899486033787	0.22115384615384615	0.0942622950819672	0.13218390804597702	4.25	100	100					0.13316470507261344	0.055836602656755455	0.07786885245901642	False
human_test	raw_t0.80	PIPE-TEFM-CAP-POSTPROC-20260701	42	4096	40	163840	single_nt	0.8	raw	42972	2286	28912	89670	0.9494895930001326	0.5977964498358467	0.733673661026788	0.4387451171875	0.27623291015625	163840	0.7912371134020618	628	0.75	0.02222406617990396	2.5901639344262297	0.2459016393442623	0.3155737704918033	897	783	114	0.8729096989966555	0.01804123711340206	0.8	5	244	776	106	670	138	0.13659793814432988	0.4344262295081967	0.20784313725490194	0.9429436271254673	0.06958762886597938	0.22131147540983606	0.10588235294117647	3.5							0.053651520488434884	0.029535047551954907	0.028688524590163966	False
human_test	gap25_min40_t0.80	PIPE-TEFM-CAP-POSTPROC-20260701	42	4096	40	163840	single_nt	0.8	gap_minlen	44385	2970	27499	88986	0.9372822299651568	0.6174531189138056	0.7444711881179816	0.4387451171875	0.289031982421875	163840	0.9041916167664671	32	0.875	0.2669811043712689	0.7950819672131147	0.020491803278688523	0.319672131147541	889	783	106	0.8807649043869517	0.1497005988023952	0.8	5	244	167	82	85	162	0.49101796407185627	0.3360655737704918	0.39902676399026765	0.943308640718289	0.24550898203592814	0.1680327868852459	0.19951338199513383	3.25	25	40					0.2448351472238006	0.12316607660591226	0.032786885245901676	False
human_test	gap50_min80_t0.80	PIPE-TEFM-CAP-POSTPROC-20260701	42	4096	40	163840	single_nt	0.8	gap_minlen	43963	3081	27921	88875	0.9345081200578182	0.6115825496633465	0.7393212700121081	0.4387451171875	0.2871337890625	163840	0.896	0	0.0	0.0	0.680327868852459	0.01639344262295082	0.36885245901639346	888	789	99	0.8885135135135135	0.208	0.8	5	244	125	65	60	179	0.52	0.26639344262295084	0.3523035230352304	0.9415147515464426	0.248	0.12704918032786885	0.1680216802168022	4.0	50	80					0.19811190626876332	0.09167437482758063	0.08196721311475413	False
human_test	gap100_min100_t0.80	PIPE-TEFM-CAP-POSTPROC-20260701	42	4096	40	163840	single_nt	0.8	gap_minlen	45812	4193	26072	87763	0.9161483851614839	0.6373045462133438	0.7517003175019896	0.4387451171875	0.305206298828125	163840	0.8725490196078431	0	0.0	0.0	0.6434426229508197	0.004098360655737705	0.38524590163934425	825	745	80	0.9030303030303031	0.27450980392156865	0.8	5	244	102	51	51	193	0.5	0.20901639344262296	0.29479768786127164	0.937113078100629	0.21568627450980393	0.09016393442622951	0.12716763005780346	4.0	100	100					0.14060607109480458	0.0508203246685819	0.09836065573770492	False
human_test	hmm_p1	PIPE-TEFM-CAP-POSTPROC-20260701	42	4096	40	163840	single_nt		hmm	54450	3668	17434	88288	0.936887022953302	0.7574703689277169	0.8376794203166106	0.4387451171875	0.35472412109375	163840	0.923469387755102	37	0.8378378378378378	0.17353145904793643	0.8729508196721312	0.03278688524590164	0.29098360655737704	388	328	60	0.845360824742268	0.09693877551020408	0.8	5	244	196	95	101	149	0.4846938775510204	0.38934426229508196	0.4318181818181818	0.9412742398966742	0.22959183673469388	0.18442622950819673	0.20454545454545456	4.0			1.0				0.2776265650517148	0.128198149156233	0.0040983606557377095	False
human_test	hmm_p1_rescue_t0.50_max80	PIPE-TEFM-CAP-POSTPROC-20260701	42	4096	40	163840	single_nt		hmm_rescue_short	54999	3746	16885	88210	0.9362328708826283	0.7651076734739303	0.8420641664561469	0.4387451171875	0.358551025390625	163840	0.8715753424657534	425	0.8447058823529412	0.01615004519549971	2.2172131147540983	0.0860655737704918	0.28688524590163933	0	0	0	0.0	0.032534246575342464	0.8	5	244	584	95	489	149	0.16267123287671234	0.38934426229508196	0.22946859903381644	0.9412742398966742	0.07705479452054795	0.18442622950819673	0.10869565217391305	4.0			1.0	0.5	80		0.07527698226734938	0.03234834678469149	0.0	True
human_test	hmm_p1_rescue_t0.50_max150	PIPE-TEFM-CAP-POSTPROC-20260701	42	4096	40	163840	single_nt		hmm_rescue_short	54999	3746	16885	88210	0.9362328708826283	0.7651076734739303	0.8420641664561469	0.4387451171875	0.358551025390625	163840	0.8715753424657534	425	0.8447058823529412	0.01615004519549971	2.2172131147540983	0.0860655737704918	0.28688524590163933	0	0	0	0.0	0.032534246575342464	0.8	5	244	584	95	489	149	0.16267123287671234	0.38934426229508196	0.22946859903381644	0.9412742398966742	0.07705479452054795	0.18442622950819673	0.10869565217391305	4.0			1.0	0.5	150		0.07527698226734938	0.03234834678469149	0.0	True
human_test	hmm_p1_rescue_t0.50_max300	PIPE-TEFM-CAP-POSTPROC-20260701	42	4096	40	163840	single_nt		hmm_rescue_short	54999	3746	16885	88210	0.9362328708826283	0.7651076734739303	0.8420641664561469	0.4387451171875	0.358551025390625	163840	0.8715753424657534	425	0.8447058823529412	0.01615004519549971	2.2172131147540983	0.0860655737704918	0.28688524590163933	0	0	0	0.0	0.032534246575342464	0.8	5	244	584	95	489	149	0.16267123287671234	0.38934426229508196	0.22946859903381644	0.9412742398966742	0.07705479452054795	0.18442622950819673	0.10869565217391305	4.0			1.0	0.5	300		0.07527698226734938	0.03234834678469149	0.0	True
human_test	hmm_p1_rescue_t0.60_max80	PIPE-TEFM-CAP-POSTPROC-20260701	42	4096	40	163840	single_nt		hmm_rescue_short	54472	3673	17412	88283	0.9368303379482329	0.7577764175616271	0.8378438655992126	0.4387451171875	0.354888916015625	163840	0.9095022624434389	62	0.8225806451612904	0.10398822916221415	0.9549180327868853	0.040983606557377046	0.28688524590163933	363	308	55	0.8484848484848485	0.08597285067873303	0.8	5	244	221	95	126	149	0.4298642533936652	0.38934426229508196	0.4086021505376344	0.9412742398966742	0.20361990950226244	0.18442622950819673	0.19354838709677422	4.0			1.0	0.6	80		0.2544105337711673	0.11720108170755265	0.0	False
human_test	hmm_p1_rescue_t0.60_max150	PIPE-TEFM-CAP-POSTPROC-20260701	42	4096	40	163840	single_nt		hmm_rescue_short	54472	3673	17412	88283	0.9368303379482329	0.7577764175616271	0.8378438655992126	0.4387451171875	0.354888916015625	163840	0.9095022624434389	62	0.8225806451612904	0.10398822916221415	0.9549180327868853	0.040983606557377046	0.28688524590163933	363	308	55	0.8484848484848485	0.08597285067873303	0.8	5	244	221	95	126	149	0.4298642533936652	0.38934426229508196	0.4086021505376344	0.9412742398966742	0.20361990950226244	0.18442622950819673	0.19354838709677422	4.0			1.0	0.6	150		0.2544105337711673	0.11720108170755265	0.0	False
human_test	hmm_p1_rescue_t0.60_max300	PIPE-TEFM-CAP-POSTPROC-20260701	42	4096	40	163840	single_nt		hmm_rescue_short	54472	3673	17412	88283	0.9368303379482329	0.7577764175616271	0.8378438655992126	0.4387451171875	0.354888916015625	163840	0.9095022624434389	62	0.8225806451612904	0.10398822916221415	0.9549180327868853	0.040983606557377046	0.28688524590163933	363	308	55	0.8484848484848485	0.08597285067873303	0.8	5	244	221	95	126	149	0.4298642533936652	0.38934426229508196	0.4086021505376344	0.9412742398966742	0.20361990950226244	0.18442622950819673	0.19354838709677422	4.0			1.0	0.6	300		0.2544105337711673	0.11720108170755265	0.0	False
human_test	hmm_p1_rescue_t0.70_max80	PIPE-TEFM-CAP-POSTPROC-20260701	42	4096	40	163840	single_nt		hmm_rescue_short	54451	3669	17433	88287	0.9368719889883	0.7574842802292583	0.8376819174794622	0.4387451171875	0.354736328125	163840	0.9191919191919192	39	0.8205128205128205	0.16463378009126972	0.8770491803278688	0.03278688524590164	0.29098360655737704	386	327	59	0.8471502590673575	0.09595959595959595	0.8	5	244	198	95	103	149	0.4797979797979798	0.38934426229508196	0.4298642533936652	0.9412742398966742	0.22727272727272727	0.18442622950819673	0.20361990950226244	4.0			1.0	0.7	80		0.2756726366271981	0.12727260411304087	0.0040983606557377095	False
human_test	hmm_p1_rescue_t0.70_max150	PIPE-TEFM-CAP-POSTPROC-20260701	42	4096	40	163840	single_nt		hmm_rescue_short	54451	3669	17433	88287	0.9368719889883	0.7574842802292583	0.8376819174794622	0.4387451171875	0.354736328125	163840	0.9191919191919192	39	0.8205128205128205	0.16463378009126972	0.8770491803278688	0.03278688524590164	0.29098360655737704	386	327	59	0.8471502590673575	0.09595959595959595	0.8	5	244	198	95	103	149	0.4797979797979798	0.38934426229508196	0.4298642533936652	0.9412742398966742	0.22727272727272727	0.18442622950819673	0.20361990950226244	4.0			1.0	0.7	150		0.2756726366271981	0.12727260411304087	0.0040983606557377095	False
human_test	hmm_p1_rescue_t0.70_max300	PIPE-TEFM-CAP-POSTPROC-20260701	42	4096	40	163840	single_nt		hmm_rescue_short	54451	3669	17433	88287	0.9368719889883	0.7574842802292583	0.8376819174794622	0.4387451171875	0.354736328125	163840	0.9191919191919192	39	0.8205128205128205	0.16463378009126972	0.8770491803278688	0.03278688524590164	0.29098360655737704	386	327	59	0.8471502590673575	0.09595959595959595	0.8	5	244	198	95	103	149	0.4797979797979798	0.38934426229508196	0.4298642533936652	0.9412742398966742	0.22727272727272727	0.18442622950819673	0.20361990950226244	4.0			1.0	0.7	300		0.2756726366271981	0.12727260411304087	0.0040983606557377095	False
human_test	lenadaptive_raw0.20_hmm1_cut80	PIPE-TEFM-CAP-POSTPROC-20260701	42	4096	40	163840	single_nt	0.2	length_adaptive	54696	4029	17188	87927	0.9313920817369093	0.7608925491068944	0.8375533079649948	0.4387451171875	0.358428955078125	163840	0.6887550200803213	339	0.5693215339233039	0.02054739056697148	1.5450819672131149	0.14344262295081966	0.27049180327868855	454	386	68	0.8502202643171806	0.03815261044176707	0.8	5	244	498	94	404	150	0.18875502008032127	0.38524590163934425	0.25336927223719674	0.9395788233123433	0.08835341365461848	0.18032786885245902	0.11859838274932613	4.25			1.0			80	0.09917765547072968	0.04225107736010457	-0.016393442622950782	False
human_test	lenadaptive_raw0.20_hmm1_cut150	PIPE-TEFM-CAP-POSTPROC-20260701	42	4096	40	163840	single_nt	0.2	length_adaptive	53980	4002	17904	87954	0.9309785795591735	0.7509320572032719	0.8313184359262625	0.4387451171875	0.35389404296875	163840	0.6843177189409368	339	0.5693215339233039	0.02054739056697148	1.5204918032786885	0.13524590163934427	0.29508196721311475	444	388	56	0.8738738738738738	0.038696537678207736	0.8	5	244	491	91	400	153	0.18533604887983707	0.3729508196721312	0.24761904761904763	0.9386778779227876	0.08961303462321792	0.18032786885245902	0.11972789115646257	4.0			1.0			150	0.09342743085258057	0.043380585767241006	0.008196721311475419	False
human_test	lenadaptive_raw0.20_hmm1_cut300	PIPE-TEFM-CAP-POSTPROC-20260701	42	4096	40	163840	single_nt	0.2	length_adaptive	52988	4611	18896	87345	0.9199465268494245	0.7371320460742307	0.8184549323077162	0.4387451171875	0.351556396484375	163840	0.676829268292683	339	0.5693215339233039	0.02054739056697148	1.5163934426229508	0.14344262295081966	0.29918032786885246	442	406	36	0.918552036199095	0.03861788617886179	0.8	5	244	492	90	402	154	0.18292682926829268	0.36885245901639346	0.24456521739130435	0.939606396960195	0.08739837398373984	0.1762295081967213	0.11684782608695651	4.25			1.0			300	0.09037360062483729	0.04050052069773495	0.012295081967213128	False
human_test	lenadaptive_raw0.30_hmm1_cut80	PIPE-TEFM-CAP-POSTPROC-20260701	42	4096	40	163840	single_nt	0.3	length_adaptive	55010	4006	16874	87950	0.932120103022909	0.7652606977908853	0.840488922841864	0.4387451171875	0.360205078125	163840	0.7186440677966102	431	0.6357308584686775	0.015821236398059883	1.8688524590163935	0.13934426229508196	0.2827868852459016	395	347	48	0.8784810126582279	0.03220338983050847	0.8	5	244	590	94	496	150	0.15932203389830507	0.38524590163934425	0.2254196642685851	0.9402580549992106	0.07288135593220339	0.1762295081967213	0.10311750599520385	4.25			1.0			80	0.07122804750211803	0.026770200605982286	-0.0040983606557377095	False
human_test	lenadaptive_raw0.30_hmm1_cut150	PIPE-TEFM-CAP-POSTPROC-20260701	42	4096	40	163840	single_nt	0.3	length_adaptive	54691	4065	17193	87891	0.9308155762815712	0.7608229925991876	0.8372780159216167	0.4387451171875	0.3586181640625	163840	0.7193877551020408	431	0.6357308584686775	0.015821236398059883	1.8647540983606556	0.13524590163934427	0.28688524590163933	378	348	30	0.9206349206349206	0.03231292517006803	0.8	5	244	588	91	497	153	0.15476190476190477	0.3729508196721312	0.21875000000000003	0.9393038750828869	0.07142857142857142	0.1721311475409836	0.10096153846153846	4.5			1.0			150	0.06455838323353297	0.0246142330723169	0.0	False
human_test	lenadaptive_raw0.30_hmm1_cut300	PIPE-TEFM-CAP-POSTPROC-20260701	42	4096	40	163840	single_nt	0.3	length_adaptive	54889	4247	16995	87709	0.9281824945887446	0.7635774303043793	0.837872080598382	0.4387451171875	0.3609375	163840	0.7174280879864636	431	0.6357308584686775	0.015821236398059883	1.8770491803278688	0.14344262295081966	0.2827868852459016	364	343	21	0.9423076923076923	0.032148900169204735	0.8	5	244	591	93	498	151	0.15736040609137056	0.38114754098360654	0.22275449101796407	0.9382723990267683	0.07106598984771574	0.1721311475409836	0.10059880239520957	4.5			1.0			300	0.06856287425149701	0.024251497005988013	-0.0040983606557377095	False
human_test	lenadaptive_raw0.40_hmm1_cut80	PIPE-TEFM-CAP-POSTPROC-20260701	42	4096	40	163840	single_nt	0.4	length_adaptive	56820	3982	15064	87974	0.9345087332653531	0.790440153580769	0.856458104095383	0.4387451171875	0.37110595703125	163840	0.8347509113001215	664	0.8087349397590361	0.01144072060393355	2.9508196721311477	0.13524590163934427	0.29098360655737704	78	68	10	0.8717948717948718	0.023086269744835967	0.8	5	244	823	94	729	150	0.11421628189550426	0.38524590163934425	0.17619493908153702	0.9409553003962358	0.053462940461725394	0.18032786885245902	0.08247422680412371	4.0			1.0			80	0.022003322315069962	0.006126921414902148	0.0040983606557377095	False
human_test	lenadaptive_raw0.40_hmm1_cut150	PIPE-TEFM-CAP-POSTPROC-20260701	42	4096	40	163840	single_nt	0.4	length_adaptive	56637	3964	15247	87992	0.934588538142935	0.7878943853986979	0.8549949050835944	0.4387451171875	0.369879150390625	163840	0.8331318016928658	669	0.8071748878923767	0.011554180252795195	2.959016393442623	0.13934426229508196	0.29098360655737704	61	57	4	0.9344262295081968	0.022974607013301087	0.8	5	244	827	95	732	149	0.11487303506650544	0.38934426229508196	0.17740429505135388	0.9394285565173157	0.05441354292623942	0.18442622950819673	0.08403361344537816	4.0			1.0			150	0.023212678284886823	0.007686308056156596	0.0040983606557377095	False
human_test	lenadaptive_raw0.40_hmm1_cut300	PIPE-TEFM-CAP-POSTPROC-20260701	42	4096	40	163840	single_nt	0.4	length_adaptive	56342	4062	15542	87894	0.9327527978279584	0.7837905514439931	0.851808176100629	0.4387451171875	0.3686767578125	163840	0.8327316486161251	672	0.8065476190476191	0.011578669493113872	2.9672131147540983	0.14344262295081966	0.29098360655737704	74	72	2	0.972972972972973	0.021660649819494584	0.8	5	244	831	97	734	147	0.11672683513838748	0.3975409836065574	0.18046511627906978	0.9375945956448736	0.05415162454873646	0.18442622950819673	0.08372093023255814	4.5			1.0			300	0.026273499512602716	0.007373624843336576	0.0040983606557377095	False
human_test	lenadaptive_raw0.50_hmm1_cut80	PIPE-TEFM-CAP-POSTPROC-20260701	42	4096	40	163840	single_nt	0.5	length_adaptive	54899	3740	16985	88216	0.9362199218949846	0.763716543319793	0.8412157244317094	0.4387451171875	0.357904052734375	163840	0.879154078549849	503	0.8588469184890656	0.013541087607578117	2.5163934426229506	0.0942622950819672	0.28688524590163933	0	0	0	0.0	0.028700906344410877	0.8	5	244	662	95	567	149	0.14350453172205438	0.38934426229508196	0.2097130242825607	0.9412742398966742	0.06797583081570997	0.18442622950819673	0.09933774834437085	4.0			1.0			80	0.055521407516093635	0.022990442955149293	0.0	True
human_test	lenadaptive_raw0.50_hmm1_cut150	PIPE-TEFM-CAP-POSTPROC-20260701	42	4096	40	163840	single_nt	0.5	length_adaptive	54861	3721	17023	88235	0.9364821958963504	0.7631879138612209	0.8410007204942284	0.4387451171875	0.35755615234375	163840	0.8644793152639088	547	0.8409506398537477	0.016410684680754843	2.6147540983606556	0.11065573770491803	0.28688524590163933	0	0	0	0.0	0.02710413694721826	0.8	5	244	701	96	605	148	0.1369472182596291	0.39344262295081966	0.2031746031746032	0.9394068944926858	0.06419400855920114	0.18442622950819673	0.09523809523809525	4.0			1.0			150	0.04898298640813614	0.018890789848873685	0.0	True
human_test	lenadaptive_raw0.50_hmm1_cut300	PIPE-TEFM-CAP-POSTPROC-20260701	42	4096	40	163840	single_nt	0.5	length_adaptive	54796	3703	17088	88253	0.9366997726456863	0.7622836792610317	0.8405390273271822	0.4387451171875	0.357049560546875	163840	0.8618421052631579	607	0.8401976935749588	0.015141413826503572	2.8114754098360657	0.13114754098360656	0.28688524590163933	0	0	0	0.0	0.02368421052631579	0.8	5	244	760	98	662	146	0.12894736842105264	0.4016393442622951	0.19521912350597612	0.9380191695047326	0.060526315789473685	0.1885245901639344	0.09163346613545817	4.0			1.0			300	0.041027506739509056	0.015286160746236607	0.0	True
human_test	lenadaptive_raw0.60_hmm1_cut80	PIPE-TEFM-CAP-POSTPROC-20260701	42	4096	40	163840	single_nt	0.6	length_adaptive	53976	3617	17908	88339	0.9371972288298925	0.7508764119971064	0.8337542575129173	0.4387451171875	0.351519775390625	163840	0.9144981412639405	110	0.8727272727272727	0.053198099069535536	1.139344262295082	0.05737704918032787	0.28688524590163933	421	361	60	0.8574821852731591	0.07063197026022305	0.8	5	244	269	96	173	148	0.35687732342007433	0.39344262295081966	0.3742690058479532	0.9409433158051365	0.17100371747211895	0.1885245901639344	0.1793372319688109	4.0			1.0			80	0.22007738908148614	0.10298992657958934	0.0	False
human_test	lenadaptive_raw0.60_hmm1_cut150	PIPE-TEFM-CAP-POSTPROC-20260701	42	4096	40	163840	single_nt	0.6	length_adaptive	53801	3514	18083	88442	0.9386896972869232	0.7484419342273663	0.8328392634617915	0.4387451171875	0.349822998046875	163840	0.8338461538461538	175	0.7314285714285714	0.05933561673863485	1.2418032786885247	0.09016393442622951	0.28688524590163933	440	375	65	0.8522727272727273	0.05846153846153846	0.8	5	244	325	97	228	147	0.29846153846153844	0.3975409836065574	0.34094903339191557	0.9399951139617061	0.14461538461538462	0.19262295081967212	0.16520210896309315	4.0			1.0			150	0.1867574166254485	0.08885480357387159	0.0	False
human_test	lenadaptive_raw0.60_hmm1_cut300	PIPE-TEFM-CAP-POSTPROC-20260701	42	4096	40	163840	single_nt	0.6	length_adaptive	53361	3444	18523	88512	0.9393715341959334	0.7423209615491625	0.8293016497136507	0.4387451171875	0.346710205078125	163840	0.8379629629629629	284	0.778169014084507	0.03883164102347192	1.610655737704918	0.13934426229508196	0.28688524590163933	474	405	69	0.8544303797468354	0.041666666666666664	0.8	5	244	432	97	335	147	0.22453703703703703	0.3975409836065574	0.28698224852071	0.9402869782534082	0.1087962962962963	0.19262295081967212	0.1390532544378698	3.5			1.0			300	0.13279063175424297	0.06270594904864825	0.0	False
human_test	lenadaptive_raw0.70_hmm1_cut80	PIPE-TEFM-CAP-POSTPROC-20260701	42	4096	40	163840	single_nt	0.7	length_adaptive	53786	3590	18098	88366	0.9374302844394868	0.7482332647042458	0.8322141420393007	0.4387451171875	0.3501953125	163840	0.9245283018867925	53	0.8679245283018868	0.09572304229470323	0.9344262295081968	0.045081967213114756	0.29098360655737704	473	406	67	0.8583509513742071	0.08962264150943396	0.8	5	244	212	96	116	148	0.4528301886792453	0.39344262295081966	0.42105263157894735	0.9420911582540361	0.2169811320754717	0.1885245901639344	0.20175438596491227	4.0			1.0			80	0.26686101481248026	0.12540708057569072	0.0040983606557377095	False
human_test	lenadaptive_raw0.70_hmm1_cut150	PIPE-TEFM-CAP-POSTPROC-20260701	42	4096	40	163840	single_nt	0.7	length_adaptive	53515	3387	18369	88569	0.9404766089065411	0.7444633019865339	0.8310685944124361	0.4387451171875	0.34730224609375	163840	0.8127340823970037	118	0.635593220338983	0.08629734334496458	1.0204918032786885	0.0942622950819672	0.29098360655737704	503	425	78	0.8449304174950298	0.07116104868913857	0.8	5	244	267	96	171	148	0.3595505617977528	0.39344262295081966	0.37573385518590996	0.9438095214400928	0.18352059925093633	0.20081967213114754	0.19178082191780824	3.0			1.0			150	0.2215422384194429	0.11543351652858667	0.0040983606557377095	False
human_test	lenadaptive_raw0.70_hmm1_cut300	PIPE-TEFM-CAP-POSTPROC-20260701	42	4096	40	163840	single_nt	0.7	length_adaptive	52743	3238	19141	88718	0.9421589467855165	0.7337237771965945	0.8249794705353302	0.4387451171875	0.341680908203125	163840	0.7865853658536586	182	0.6538461538461539	0.062443340757122004	1.1844262295081966	0.14344262295081966	0.29098360655737704	555	470	85	0.8468468468468469	0.054878048780487805	0.8	5	244	328	98	230	146	0.29878048780487804	0.4016393442622951	0.34265734265734266	0.9394105332472824	0.14634146341463414	0.19672131147540983	0.1678321678321678	3.25			1.0			300	0.1884657258908756	0.09148486244294625	0.0040983606557377095	False
human_test	lenadaptive_raw0.80_hmm1_cut80	PIPE-TEFM-CAP-POSTPROC-20260701	42	4096	40	163840	single_nt	0.8	length_adaptive	53690	3572	18194	88384	0.9376200621703747	0.746897779756274	0.8314620661886546	0.4387451171875	0.34949951171875	163840	0.9289340101522843	38	0.868421052631579	0.1196052837901236	0.8811475409836066	0.028688524590163935	0.29918032786885246	487	418	69	0.8583162217659137	0.09644670050761421	0.8	5	244	197	96	101	148	0.4873096446700508	0.39344262295081966	0.43537414965986393	0.9420920559400431	0.233502538071066	0.1885245901639344	0.20861678004535145	4.0			1.0			80	0.2811825328933969	0.13226947465612987	0.012295081967213128	False
human_test	lenadaptive_raw0.80_hmm1_cut150	PIPE-TEFM-CAP-POSTPROC-20260701	42	4096	40	163840	single_nt	0.8	length_adaptive	53304	3243	18580	88713	0.9426494774258581	0.7415280173613044	0.8300799651174562	0.4387451171875	0.345135498046875	163840	0.8207171314741036	106	0.6320754716981132	0.11284537970192124	0.9754098360655737	0.0860655737704918	0.29918032786885246	524	442	82	0.8435114503816794	0.07569721115537849	0.8	5	244	251	94	157	150	0.3745019920318725	0.38524590163934425	0.37979797979797975	0.9479430092991576	0.199203187250996	0.20491803278688525	0.20202020202020202	3.0			1.0			150	0.22560636303151269	0.12567289663098047	0.012295081967213128	False
human_test	lenadaptive_raw0.80_hmm1_cut300	PIPE-TEFM-CAP-POSTPROC-20260701	42	4096	40	163840	single_nt	0.8	length_adaptive	52363	3016	19521	88940	0.9455389226963289	0.728437482610873	0.8229100366956617	0.4387451171875	0.338006591796875	163840	0.7774294670846394	176	0.6306818181818182	0.07513918859949074	1.1434426229508197	0.16393442622950818	0.29918032786885246	582	491	91	0.8436426116838488	0.05642633228840126	0.8	5	244	319	97	222	147	0.30407523510971785	0.3975409836065574	0.34458259325044405	0.9408851946600962	0.15047021943573669	0.19672131147540983	0.1705150976909414	3.5			1.0			300	0.190390976483977	0.09416779230171983	0.012295081967213128	False
human_test	hmm_p2	PIPE-TEFM-CAP-POSTPROC-20260701	42	4096	40	163840	single_nt		hmm	54404	3678	17480	88278	0.9366757343066698	0.7568304490568137	0.8372035763199606	0.4387451171875	0.35450439453125	163840	0.9441340782122905	23	0.9565217391304348	0.2752679116127547	0.8319672131147541	0.028688524590163935	0.29098360655737704	403	340	63	0.8436724565756824	0.11731843575418995	0.8	5	244	179	90	89	154	0.5027932960893855	0.36885245901639346	0.425531914893617	0.9439298982921696	0.25139664804469275	0.18442622950819673	0.2127659574468085	3.5			2.0				0.27134029812715	0.13641865205758696	0.0040983606557377095	False
human_test	hmm_p2_rescue_t0.50_max80	PIPE-TEFM-CAP-POSTPROC-20260701	42	4096	40	163840	single_nt		hmm_rescue_short	55046	3775	16838	88181	0.9358222403563353	0.7657615046463747	0.8422937148540607	0.4387451171875	0.359014892578125	163840	0.8745704467353952	426	0.8497652582159625	0.016070485013358685	2.2254098360655736	0.0860655737704918	0.28688524590163933	0	0	0	0.0	0.03608247422680412	0.8	5	244	582	90	492	154	0.15463917525773196	0.36885245901639346	0.21791767554479424	0.9439298982921696	0.07731958762886598	0.18442622950819673	0.10895883777239712	3.5			2.0	0.5	80		0.06372605877832718	0.03261153238317556	0.0	True
human_test	hmm_p2_rescue_t0.50_max150	PIPE-TEFM-CAP-POSTPROC-20260701	42	4096	40	163840	single_nt		hmm_rescue_short	55046	3775	16838	88181	0.9358222403563353	0.7657615046463747	0.8422937148540607	0.4387451171875	0.359014892578125	163840	0.8745704467353952	426	0.8497652582159625	0.016070485013358685	2.2254098360655736	0.0860655737704918	0.28688524590163933	0	0	0	0.0	0.03608247422680412	0.8	5	244	582	90	492	154	0.15463917525773196	0.36885245901639346	0.21791767554479424	0.9439298982921696	0.07731958762886598	0.18442622950819673	0.10895883777239712	3.5			2.0	0.5	150		0.06372605877832718	0.03261153238317556	0.0	True
human_test	hmm_p2_rescue_t0.50_max300	PIPE-TEFM-CAP-POSTPROC-20260701	42	4096	40	163840	single_nt		hmm_rescue_short	55046	3775	16838	88181	0.9358222403563353	0.7657615046463747	0.8422937148540607	0.4387451171875	0.359014892578125	163840	0.8745704467353952	426	0.8497652582159625	0.016070485013358685	2.2254098360655736	0.0860655737704918	0.28688524590163933	0	0	0	0.0	0.03608247422680412	0.8	5	244	582	90	492	154	0.15463917525773196	0.36885245901639346	0.21791767554479424	0.9439298982921696	0.07731958762886598	0.18442622950819673	0.10895883777239712	3.5			2.0	0.5	300		0.06372605877832718	0.03261153238317556	0.0	True
human_test	hmm_p2_rescue_t0.60_max80	PIPE-TEFM-CAP-POSTPROC-20260701	42	4096	40	163840	single_nt		hmm_rescue_short	54431	3685	17453	88271	0.9365923325762269	0.7572060541984308	0.8374	0.4387451171875	0.3547119140625	163840	0.9234449760765551	53	0.8679245283018868	0.12020595320229457	0.930327868852459	0.040983606557377046	0.28688524590163933	373	316	57	0.8471849865951743	0.10047846889952153	0.8	5	244	209	90	119	154	0.430622009569378	0.36885245901639346	0.3973509933774834	0.9439298982921696	0.215311004784689	0.18442622950819673	0.1986754966887417	3.5			2.0	0.6	80		0.24315937661101636	0.12232819129952015	0.0	False
human_test	hmm_p2_rescue_t0.60_max150	PIPE-TEFM-CAP-POSTPROC-20260701	42	4096	40	163840	single_nt		hmm_rescue_short	54431	3685	17453	88271	0.9365923325762269	0.7572060541984308	0.8374	0.4387451171875	0.3547119140625	163840	0.9234449760765551	53	0.8679245283018868	0.12020595320229457	0.930327868852459	0.040983606557377046	0.28688524590163933	373	316	57	0.8471849865951743	0.10047846889952153	0.8	5	244	209	90	119	154	0.430622009569378	0.36885245901639346	0.3973509933774834	0.9439298982921696	0.215311004784689	0.18442622950819673	0.1986754966887417	3.5			2.0	0.6	150		0.24315937661101636	0.12232819129952015	0.0	False
human_test	hmm_p2_rescue_t0.60_max300	PIPE-TEFM-CAP-POSTPROC-20260701	42	4096	40	163840	single_nt		hmm_rescue_short	54431	3685	17453	88271	0.9365923325762269	0.7572060541984308	0.8374	0.4387451171875	0.3547119140625	163840	0.9234449760765551	53	0.8679245283018868	0.12020595320229457	0.930327868852459	0.040983606557377046	0.28688524590163933	373	316	57	0.8471849865951743	0.10047846889952153	0.8	5	244	209	90	119	154	0.430622009569378	0.36885245901639346	0.3973509933774834	0.9439298982921696	0.215311004784689	0.18442622950819673	0.1986754966887417	3.5			2.0	0.6	300		0.24315937661101636	0.12232819129952015	0.0	False
human_test	hmm_p2_rescue_t0.70_max80	PIPE-TEFM-CAP-POSTPROC-20260701	42	4096	40	163840	single_nt		hmm_rescue_short	54405	3679	17479	88277	0.9366606982990152	0.7568443603583551	0.837206081496984	0.4387451171875	0.3545166015625	163840	0.9392265193370166	25	0.92	0.25324861623516914	0.8360655737704918	0.028688524590163935	0.29098360655737704	401	339	62	0.8453865336658354	0.11602209944751381	0.8	5	244	181	90	91	154	0.4972375690607735	0.36885245901639346	0.4235294117647059	0.9439298982921696	0.24861878453038674	0.18442622950819673	0.21176470588235294	3.5			2.0	0.7	80		0.26933779499823884	0.1354174004931314	0.0040983606557377095	False
human_test	hmm_p2_rescue_t0.70_max150	PIPE-TEFM-CAP-POSTPROC-20260701	42	4096	40	163840	single_nt		hmm_rescue_short	54405	3679	17479	88277	0.9366606982990152	0.7568443603583551	0.837206081496984	0.4387451171875	0.3545166015625	163840	0.9392265193370166	25	0.92	0.25324861623516914	0.8360655737704918	0.028688524590163935	0.29098360655737704	401	339	62	0.8453865336658354	0.11602209944751381	0.8	5	244	181	90	91	154	0.4972375690607735	0.36885245901639346	0.4235294117647059	0.9439298982921696	0.24861878453038674	0.18442622950819673	0.21176470588235294	3.5			2.0	0.7	150		0.26933779499823884	0.1354174004931314	0.0040983606557377095	False
human_test	hmm_p2_rescue_t0.70_max300	PIPE-TEFM-CAP-POSTPROC-20260701	42	4096	40	163840	single_nt		hmm_rescue_short	54405	3679	17479	88277	0.9366606982990152	0.7568443603583551	0.837206081496984	0.4387451171875	0.3545166015625	163840	0.9392265193370166	25	0.92	0.25324861623516914	0.8360655737704918	0.028688524590163935	0.29098360655737704	401	339	62	0.8453865336658354	0.11602209944751381	0.8	5	244	181	90	91	154	0.4972375690607735	0.36885245901639346	0.4235294117647059	0.9439298982921696	0.24861878453038674	0.18442622950819673	0.21176470588235294	3.5			2.0	0.7	300		0.26933779499823884	0.1354174004931314	0.0040983606557377095	False
human_test	lenadaptive_raw0.20_hmm2_cut80	PIPE-TEFM-CAP-POSTPROC-20260701	42	4096	40	163840	single_nt	0.2	length_adaptive	54903	4154	16981	87802	0.9296611747972298	0.7637721885259585	0.8385914266730818	0.4387451171875	0.360455322265625	163840	0.6868686868686869	339	0.5693215339233039	0.02054739056697148	1.540983606557377	0.14344262295081966	0.27049180327868855	418	357	61	0.854066985645933	0.04242424242424243	0.8	5	244	495	89	406	155	0.1797979797979798	0.36475409836065575	0.24086603518267932	0.9421690724434997	0.08888888888888889	0.18032786885245902	0.11907983761840325	4.0			2.0			80	0.08667441841621226	0.04273253222918169	-0.016393442622950782	False
human_test	lenadaptive_raw0.20_hmm2_cut150	PIPE-TEFM-CAP-POSTPROC-20260701	42	4096	40	163840	single_nt	0.2	length_adaptive	54281	4115	17603	87841	0.9295328447153914	0.7551193589672249	0.8332975130488178	0.4387451171875	0.3564208984375	163840	0.6830265848670757	339	0.5693215339233039	0.02054739056697148	1.5204918032786885	0.13524590163934427	0.29098360655737704	409	358	51	0.8753056234718827	0.04294478527607362	0.8	5	244	489	88	401	156	0.17995910020449898	0.36065573770491804	0.24010914051841747	0.9403768149666983	0.08997955010224949	0.18032786885245902	0.12005457025920874	4.0			2.0			150	0.08591752375195041	0.043707264869987175	0.0040983606557377095	False
human_test	lenadaptive_raw0.20_hmm2_cut300	PIPE-TEFM-CAP-POSTPROC-20260701	42	4096	40	163840	single_nt	0.2	length_adaptive	53647	4752	18237	87204	0.9186287436428706	0.746299593789995	0.8235456659733043	0.4387451171875	0.356439208984375	163840	0.676829268292683	339	0.5693215339233039	0.02054739056697148	1.5245901639344261	0.14344262295081966	0.29098360655737704	389	357	32	0.9177377892030848	0.042682926829268296	0.8	5	244	492	88	404	156	0.17886178861788618	0.36065573770491804	0.23913043478260868	0.9406392463718004	0.08739837398373984	0.1762295081967213	0.11684782608695651	4.0			2.0			300	0.08493881801614162	0.04050052069773495	0.0040983606557377095	False
human_test	lenadaptive_raw0.30_hmm2_cut80	PIPE-TEFM-CAP-POSTPROC-20260701	42	4096	40	163840	single_nt	0.3	length_adaptive	55217	4131	16667	87825	0.9303936105681742	0.7681403372099493	0.8415173128505243	0.4387451171875	0.3622314453125	163840	0.717206132879046	431	0.6357308584686775	0.015821236398059883	1.8647540983606556	0.13934426229508196	0.2827868852459016	359	318	41	0.8857938718662952	0.03577512776831346	0.8	5	244	587	89	498	155	0.151618398637138	0.36475409836065575	0.21419975932611313	0.9428864632138989	0.07325383304940375	0.1762295081967213	0.10348977135980746	4.0			2.0			80	0.060008142559646066	0.027142465970585894	-0.0040983606557377095	False
human_test	lenadaptive_raw0.30_hmm2_cut150	PIPE-TEFM-CAP-POSTPROC-20260701	42	4096	40	163840	single_nt	0.3	length_adaptive	54898	4164	16986	87792	0.9294978158545257	0.7637026320182516	0.8384830388098911	0.4387451171875	0.36048583984375	163840	0.717948717948718	431	0.6357308584686775	0.015821236398059883	1.860655737704918	0.13524590163934427	0.28688524590163933	344	319	25	0.9273255813953488	0.035897435897435895	0.8	5	244	585	87	498	157	0.14871794871794872	0.35655737704918034	0.20989143546441494	0.941928047557903	0.07179487179487179	0.1721311475409836	0.10132689987937274	4.0			2.0			150	0.05569981869794788	0.024979594490151177	0.0	False
human_test	lenadaptive_raw0.30_hmm2_cut300	PIPE-TEFM-CAP-POSTPROC-20260701	42	4096	40	163840	single_nt	0.3	length_adaptive	55454	4374	16430	87582	0.9268904192017116	0.7714373156752545	0.8420493197278911	0.4387451171875	0.3651611328125	163840	0.7169491525423729	431	0.6357308584686775	0.015821236398059883	1.8811475409836065	0.14344262295081966	0.2786885245901639	312	295	17	0.9455128205128205	0.03559322033898305	0.8	5	244	590	90	500	154	0.15254237288135594	0.36885245901639346	0.21582733812949645	0.9400958415854382	0.0711864406779661	0.1721311475409836	0.10071942446043164	4.5			2.0			300	0.06163572136302939	0.024372119071210077	-0.008196721311475419	False
human_test	lenadaptive_raw0.40_hmm2_cut80	PIPE-TEFM-CAP-POSTPROC-20260701	42	4096	40	163840	single_nt	0.4	length_adaptive	56918	4009	14966	87947	0.9341999441955127	0.7918034611318235	0.8571277981492498	0.4387451171875	0.371868896484375	163840	0.8376383763837638	657	0.8127853881278538	0.011553261827453178	2.9344262295081966	0.13524590163934427	0.29098360655737704	60	52	8	0.8666666666666667	0.025830258302583026	0.8	5	244	813	89	724	155	0.10947109471094711	0.36475409836065575	0.16840113528855252	0.9436228797006443	0.05412054120541206	0.18032786885245902	0.08325449385052035	4.0			2.0			80	0.014209518522085463	0.0069071884612987855	0.0040983606557377095	False
human_test	lenadaptive_raw0.40_hmm2_cut150	PIPE-TEFM-CAP-POSTPROC-20260701	42	4096	40	163840	single_nt	0.4	length_adaptive	56735	3980	15149	87976	0.9344478300255291	0.7892576929497523	0.8557379769078198	0.4387451171875	0.370574951171875	163840	0.8349633251833741	663	0.8099547511312217	0.011649473799011833	2.942622950819672	0.13934426229508196	0.29098360655737704	44	41	3	0.9318181818181818	0.02567237163814181	0.8	5	244	818	91	727	153	0.11124694376528117	0.3729508196721312	0.1713747645951036	0.9418551134601143	0.0550122249388753	0.18442622950819673	0.0847457627118644	4.0			2.0			150	0.01718314782863653	0.008398457322642841	0.0040983606557377095	False
human_test	lenadaptive_raw0.40_hmm2_cut300	PIPE-TEFM-CAP-POSTPROC-20260701	42	4096	40	163840	single_nt	0.4	length_adaptive	56629	4074	15255	87882	0.9328863482859167	0.7877830949863669	0.8542164767284877	0.4387451171875	0.370501708984375	163840	0.8337378640776699	667	0.808095952023988	0.011656252532229959	2.9549180327868854	0.14344262295081966	0.29098360655737704	40	38	2	0.95	0.024271844660194174	0.8	5	244	824	94	730	150	0.11407766990291263	0.38524590163934425	0.17602996254681647	0.9392338655476945	0.05461165048543689	0.18442622950819673	0.0842696629213483	4.0			2.0			300	0.021838345780349405	0.007922357532126736	0.0040983606557377095	False
human_test	lenadaptive_raw0.50_hmm2_cut80	PIPE-TEFM-CAP-POSTPROC-20260701	42	4096	40	163840	single_nt	0.5	length_adaptive	54995	3775	16889	88181	0.935766547558278	0.7650520282677647	0.8418418111959833	0.4387451171875	0.35870361328125	163840	0.8828250401284109	467	0.8629550321199143	0.014572238461199436	2.3934426229508197	0.0942622950819672	0.28688524590163933	0	0	0	0.0	0.033707865168539325	0.8	5	244	623	90	533	154	0.14446227929373998	0.36885245901639346	0.20761245674740486	0.9439298982921696	0.07223113964686999	0.18442622950819673	0.10380622837370243	3.5			2.0			80	0.0534208399809378	0.02745892298448087	0.0	True
human_test	lenadaptive_raw0.50_hmm2_cut150	PIPE-TEFM-CAP-POSTPROC-20260701	42	4096	40	163840	single_nt	0.5	length_adaptive	54957	3745	16927	88211	0.936203195802528	0.7645233988091926	0.8416981912303002	0.4387451171875	0.35828857421875	163840	0.8644578313253012	513	0.8401559454191033	0.01748676962015837	2.4918032786885247	0.11065573770491803	0.28688524590163933	0	0	0	0.0	0.03162650602409638	0.8	5	244	664	92	572	152	0.13855421686746988	0.3770491803278688	0.20264317180616742	0.9417177176575698	0.0677710843373494	0.18442622950819673	0.09911894273127754	4.0			2.0			150	0.04845155503970036	0.022771637342055978	0.0	True
human_test	lenadaptive_raw0.50_hmm2_cut300	PIPE-TEFM-CAP-POSTPROC-20260701	42	4096	40	163840	single_nt	0.5	length_adaptive	54918	3720	16966	88236	0.9365599099560012	0.7639808580490791	0.8415133081013163	0.4387451171875	0.35789794921875	163840	0.8571428571428571	556	0.8327338129496403	0.016503949577983942	2.6188524590163933	0.13114754098360656	0.28688524590163933	0	0	0	0.0	0.028288543140028287	0.8	5	244	707	95	612	149	0.13437057991513437	0.38934426229508196	0.19978969505783384	0.9395689672933422	0.06506364922206506	0.1885245901639344	0.09674027339642481	4.0			2.0			300	0.04559807829136678	0.02039296800720325	0.0	True
human_test	lenadaptive_raw0.60_hmm2_cut80	PIPE-TEFM-CAP-POSTPROC-20260701	42	4096	40	163840	single_nt	0.6	length_adaptive	54170	3671	17714	88285	0.9365329091820681	0.7535752044961327	0.83515128155714	0.4387451171875	0.353033447265625	163840	0.932806324110672	97	0.9175257731958762	0.060320579313738035	1.1065573770491803	0.05737704918032787	0.28688524590163933	394	337	57	0.8553299492385786	0.08300395256916997	0.8	5	244	253	91	162	153	0.35968379446640314	0.3729508196721312	0.36619718309859156	0.9435516084989485	0.18181818181818182	0.1885245901639344	0.18511066398390344	3.0			2.0			80	0.2120055663321245	0.10876335859468188	0.0	False
human_test	lenadaptive_raw0.60_hmm2_cut150	PIPE-TEFM-CAP-POSTPROC-20260701	42	4096	40	163840	single_nt	0.6	length_adaptive	53995	3551	17889	88405	0.938292843985681	0.7511407267263925	0.834350614231631	0.4387451171875	0.35123291015625	163840	0.8365384615384616	165	0.7333333333333333	0.06292750439421078	1.209016393442623	0.09016393442622951	0.28688524590163933	414	351	63	0.8478260869565217	0.0673076923076923	0.8	5	244	312	93	219	151	0.2980769230769231	0.38114754098360654	0.3345323741007194	0.9422172734145278	0.15064102564102563	0.19262295081967212	0.16906474820143885	3.5			2.0			150	0.18034075733425234	0.09271744281221729	0.0	False
human_test	lenadaptive_raw0.60_hmm2_cut300	PIPE-TEFM-CAP-POSTPROC-20260701	42	4096	40	163840	single_nt	0.6	length_adaptive	53704	3474	18180	88482	0.9392423659449438	0.7470925379778532	0.8322201732500658	0.4387451171875	0.34898681640625	163840	0.8366834170854272	252	0.7698412698412699	0.043751403948471726	1.5	0.13934426229508196	0.28688524590163933	436	369	67	0.8463302752293578	0.05025125628140704	0.8	5	244	398	93	305	151	0.23366834170854273	0.38114754098360654	0.28971962616822433	0.9415807323262047	0.11809045226130653	0.19262295081967212	0.14641744548286603	3.0			2.0			300	0.13552800940175727	0.07007014009364447	0.0	False
human_test	lenadaptive_raw0.70_hmm2_cut80	PIPE-TEFM-CAP-POSTPROC-20260701	42	4096	40	163840	single_nt	0.7	length_adaptive	53993	3653	17891	88303	0.9366304687228949	0.7511129041233098	0.8336755963869373	0.4387451171875	0.35184326171875	163840	0.9368932038834952	50	0.92	0.10146642483238542	0.930327868852459	0.045081967213114756	0.29098360655737704	439	377	62	0.8587699316628702	0.10194174757281553	0.8	5	244	206	91	115	153	0.441747572815534	0.3729508196721312	0.4044444444444445	0.9447625192142711	0.22330097087378642	0.1885245901639344	0.20444444444444443	3.0			2.0			80	0.2502528276779774	0.12809713905522285	0.0040983606557377095	False
human_test	lenadaptive_raw0.70_hmm2_cut150	PIPE-TEFM-CAP-POSTPROC-20260701	42	4096	40	163840	single_nt	0.7	length_adaptive	53723	3428	18161	88528	0.9400185473570016	0.7473568527071393	0.8326888053628861	0.4387451171875	0.348822021484375	163840	0.816793893129771	116	0.646551724137931	0.08778522857505018	1.0163934426229508	0.0942622950819672	0.29098360655737704	470	396	74	0.8425531914893617	0.08015267175572519	0.8	5	244	262	92	170	152	0.3511450381679389	0.3770491803278688	0.3636363636363636	0.9463242216715071	0.18702290076335878	0.20081967213114754	0.19367588932806326	3.0			2.0			150	0.20944474686989653	0.1173285839388417	0.0040983606557377095	False
human_test	lenadaptive_raw0.70_hmm2_cut300	PIPE-TEFM-CAP-POSTPROC-20260701	42	4096	40	163840	single_nt	0.7	length_adaptive	53145	3293	18739	88663	0.9416527871292392	0.7393161204162262	0.8283069154159068	0.4387451171875	0.34447021484375	163840	0.7981072555205048	173	0.6705202312138728	0.06521268405967598	1.1721311475409837	0.13934426229508196	0.29098360655737704	506	424	82	0.8379446640316206	0.06309148264984227	0.8	5	244	317	94	223	150	0.29652996845425866	0.38524590163934425	0.3351158645276292	0.9419693952185103	0.15141955835962145	0.19672131147540983	0.1711229946524064	3.0			2.0			300	0.18092424776116214	0.09477568926318485	0.0040983606557377095	False
human_test	lenadaptive_raw0.80_hmm2_cut80	PIPE-TEFM-CAP-POSTPROC-20260701	42	4096	40	163840	single_nt	0.8	length_adaptive	53897	3641	17987	88315	0.9367200806423581	0.749777419175338	0.8328877625133284	0.4387451171875	0.35118408203125	163840	0.9326424870466321	37	0.8918918918918919	0.12283785902769451	0.8770491803278688	0.028688524590163935	0.29918032786885246	452	389	63	0.8606194690265486	0.10880829015544041	0.8	5	244	193	91	102	153	0.47150259067357514	0.3729508196721312	0.4164759725400458	0.944763466223685	0.23834196891191708	0.1885245901639344	0.2105263157894737	3.0			2.0			80	0.2622843557735788	0.13417901040025215	0.012295081967213128	False
human_test	lenadaptive_raw0.80_hmm2_cut150	PIPE-TEFM-CAP-POSTPROC-20260701	42	4096	40	163840	single_nt	0.8	length_adaptive	53513	3292	18371	88664	0.9420473549863568	0.7444354793834511	0.8316639339803713	0.4387451171875	0.346710205078125	163840	0.8244897959183674	103	0.6407766990291263	0.11602885388865351	0.9672131147540983	0.08196721311475409	0.29918032786885246	491	413	78	0.8411405295315683	0.08571428571428572	0.8	5	244	245	90	155	154	0.3673469387755102	0.36885245901639346	0.36809815950920244	0.9503346188912956	0.20408163265306123	0.20491803278688525	0.2044989775051125	3.0			2.0			150	0.21390654274273538	0.12815167211589096	0.012295081967213128	False
human_test	lenadaptive_raw0.80_hmm2_cut300	PIPE-TEFM-CAP-POSTPROC-20260701	42	4096	40	163840	single_nt	0.8	length_adaptive	52779	3091	19105	88865	0.9446751387148739	0.7342245840520839	0.8262598431360271	0.4387451171875	0.34100341796875	163840	0.7777777777777778	165	0.6242424242424243	0.07868539190829577	1.110655737704918	0.1557377049180328	0.29918032786885246	532	444	88	0.8345864661654135	0.06535947712418301	0.8	5	244	306	94	212	150	0.30718954248366015	0.38524590163934425	0.34181818181818185	0.9422078918758537	0.1568627450980392	0.19672131147540983	0.17454545454545453	3.25			2.0			300	0.1876265650517148	0.09819814915623297	0.012295081967213128	False
human_test	hmm_p4	PIPE-TEFM-CAP-POSTPROC-20260701	42	4096	40	163840	single_nt		hmm	54296	3695	17588	88261	0.9362832163611595	0.7553280284903455	0.8361270452358037	0.4387451171875	0.353948974609375	163840	0.9345238095238095	17	0.9411764705882353	0.31361469254230556	0.8032786885245902	0.02459016393442623	0.29098360655737704	425	362	63	0.851764705882353	0.13690476190476192	0.8	5	244	168	85	83	159	0.5059523809523809	0.3483606557377049	0.41262135922330095	0.9452629922418813	0.25595238095238093	0.1762295081967213	0.20873786407766987	3.0			4.0				0.2584297424568339	0.1323905586884483	0.0040983606557377095	False
human_test	hmm_p4_rescue_t0.50_max80	PIPE-TEFM-CAP-POSTPROC-20260701	42	4096	40	163840	single_nt		hmm_rescue_short	55071	3792	16813	88164	0.9355792263391265	0.766109287184909	0.8424055618866971	0.4387451171875	0.359271240234375	163840	0.8752107925801011	442	0.8552036199095022	0.013266621741574662	2.2868852459016393	0.08196721311475409	0.28688524590163933	0	0	0	0.0	0.0387858347386172	0.8	5	244	593	85	508	159	0.1433389544688027	0.3483606557377049	0.20310633213859022	0.9452629922418813	0.07251264755480608	0.1762295081967213	0.1027479091995221	3.0			4.0	0.5	80		0.04891471537212316	0.026400603810300544	0.0	True
human_test	hmm_p4_rescue_t0.50_max150	PIPE-TEFM-CAP-POSTPROC-20260701	42	4096	40	163840	single_nt		hmm_rescue_short	55071	3792	16813	88164	0.9355792263391265	0.766109287184909	0.8424055618866971	0.4387451171875	0.359271240234375	163840	0.8752107925801011	442	0.8552036199095022	0.013266621741574662	2.2868852459016393	0.08196721311475409	0.28688524590163933	0	0	0	0.0	0.0387858347386172	0.8	5	244	593	85	508	159	0.1433389544688027	0.3483606557377049	0.20310633213859022	0.9452629922418813	0.07251264755480608	0.1762295081967213	0.1027479091995221	3.0			4.0	0.5	150		0.04891471537212316	0.026400603810300544	0.0	True
human_test	hmm_p4_rescue_t0.50_max300	PIPE-TEFM-CAP-POSTPROC-20260701	42	4096	40	163840	single_nt		hmm_rescue_short	55071	3792	16813	88164	0.9355792263391265	0.766109287184909	0.8424055618866971	0.4387451171875	0.359271240234375	163840	0.8752107925801011	442	0.8552036199095022	0.013266621741574662	2.2868852459016393	0.08196721311475409	0.28688524590163933	0	0	0	0.0	0.0387858347386172	0.8	5	244	593	85	508	159	0.1433389544688027	0.3483606557377049	0.20310633213859022	0.9452629922418813	0.07251264755480608	0.1762295081967213	0.1027479091995221	3.0			4.0	0.5	300		0.04891471537212316	0.026400603810300544	0.0	True
human_test	hmm_p4_rescue_t0.60_max80	PIPE-TEFM-CAP-POSTPROC-20260701	42	4096	40	163840	single_nt		hmm_rescue_short	54346	3702	17538	88254	0.9362251929437707	0.7560235935674142	0.8365298771665179	0.4387451171875	0.354296875	163840	0.9198113207547169	61	0.8852459016393442	0.08821225907900697	0.9590163934426229	0.036885245901639344	0.28688524590163933	384	327	57	0.8515625	0.10849056603773585	0.8	5	244	212	85	127	159	0.4009433962264151	0.3483606557377049	0.3728070175438596	0.9452629922418813	0.2028301886792453	0.1762295081967213	0.18859649122807015	3.0			4.0	0.6	80		0.21861540077739253	0.11224918583884859	0.0	False
human_test	hmm_p4_rescue_t0.60_max150	PIPE-TEFM-CAP-POSTPROC-20260701	42	4096	40	163840	single_nt		hmm_rescue_short	54346	3702	17538	88254	0.9362251929437707	0.7560235935674142	0.8365298771665179	0.4387451171875	0.354296875	163840	0.9198113207547169	61	0.8852459016393442	0.08821225907900697	0.9590163934426229	0.036885245901639344	0.28688524590163933	384	327	57	0.8515625	0.10849056603773585	0.8	5	244	212	85	127	159	0.4009433962264151	0.3483606557377049	0.3728070175438596	0.9452629922418813	0.2028301886792453	0.1762295081967213	0.18859649122807015	3.0			4.0	0.6	150		0.21861540077739253	0.11224918583884859	0.0	False
human_test	hmm_p4_rescue_t0.60_max300	PIPE-TEFM-CAP-POSTPROC-20260701	42	4096	40	163840	single_nt		hmm_rescue_short	54346	3702	17538	88254	0.9362251929437707	0.7560235935674142	0.8365298771665179	0.4387451171875	0.354296875	163840	0.9198113207547169	61	0.8852459016393442	0.08821225907900697	0.9590163934426229	0.036885245901639344	0.28688524590163933	384	327	57	0.8515625	0.10849056603773585	0.8	5	244	212	85	127	159	0.4009433962264151	0.3483606557377049	0.3728070175438596	0.9452629922418813	0.2028301886792453	0.1762295081967213	0.18859649122807015	3.0			4.0	0.6	300		0.21861540077739253	0.11224918583884859	0.0	False
human_test	hmm_p4_rescue_t0.70_max80	PIPE-TEFM-CAP-POSTPROC-20260701	42	4096	40	163840	single_nt		hmm_rescue_short	54300	3696	17584	88260	0.936271466997724	0.755383673696511	0.8361564521096396	0.4387451171875	0.3539794921875	163840	0.9302325581395349	21	0.9047619047619048	0.2539698383591461	0.8155737704918032	0.02459016393442623	0.29098360655737704	421	359	62	0.8527315914489311	0.13372093023255813	0.8	5	244	172	85	87	159	0.4941860465116279	0.3483606557377049	0.40865384615384615	0.9452629922418813	0.25	0.1762295081967213	0.20673076923076922	3.0			4.0	0.7	80		0.25446222938737906	0.13038346384154764	0.0040983606557377095	False
human_test	hmm_p4_rescue_t0.70_max150	PIPE-TEFM-CAP-POSTPROC-20260701	42	4096	40	163840	single_nt		hmm_rescue_short	54300	3696	17584	88260	0.936271466997724	0.755383673696511	0.8361564521096396	0.4387451171875	0.3539794921875	163840	0.9302325581395349	21	0.9047619047619048	0.2539698383591461	0.8155737704918032	0.02459016393442623	0.29098360655737704	421	359	62	0.8527315914489311	0.13372093023255813	0.8	5	244	172	85	87	159	0.4941860465116279	0.3483606557377049	0.40865384615384615	0.9452629922418813	0.25	0.1762295081967213	0.20673076923076922	3.0			4.0	0.7	150		0.25446222938737906	0.13038346384154764	0.0040983606557377095	False
human_test	hmm_p4_rescue_t0.70_max300	PIPE-TEFM-CAP-POSTPROC-20260701	42	4096	40	163840	single_nt		hmm_rescue_short	54300	3696	17584	88260	0.936271466997724	0.755383673696511	0.8361564521096396	0.4387451171875	0.3539794921875	163840	0.9302325581395349	21	0.9047619047619048	0.2539698383591461	0.8155737704918032	0.02459016393442623	0.29098360655737704	421	359	62	0.8527315914489311	0.13372093023255813	0.8	5	244	172	85	87	159	0.4941860465116279	0.3483606557377049	0.40865384615384615	0.9452629922418813	0.25	0.1762295081967213	0.20673076923076922	3.0			4.0	0.7	300		0.25446222938737906	0.13038346384154764	0.0040983606557377095	False
human_test	lenadaptive_raw0.20_hmm4_cut80	PIPE-TEFM-CAP-POSTPROC-20260701	42	4096	40	163840	single_nt	0.2	length_adaptive	55002	4179	16882	87777	0.9293861205454453	0.7651494073785543	0.8393087399381985	0.4387451171875	0.361212158203125	163840	0.6816326530612244	339	0.5693215339233039	0.02054739056697148	1.5368852459016393	0.14344262295081966	0.26639344262295084	415	354	61	0.8530120481927711	0.04693877551020408	0.8	5	244	490	85	405	159	0.17346938775510204	0.3483606557377049	0.23160762942779292	0.9428070921603298	0.08775510204081632	0.1762295081967213	0.11716621253405995	4.0			4.0			80	0.07741601266132586	0.04081890714483839	-0.020491803278688492	False
human_test	lenadaptive_raw0.20_hmm4_cut150	PIPE-TEFM-CAP-POSTPROC-20260701	42	4096	40	163840	single_nt	0.2	length_adaptive	54410	4140	17474	87816	0.9292912040990606	0.756913916866062	0.8342916724167013	0.4387451171875	0.35736083984375	163840	0.6783505154639176	339	0.5693215339233039	0.02054739056697148	1.5204918032786885	0.13524590163934427	0.28688524590163933	399	348	51	0.8721804511278195	0.04742268041237113	0.8	5	244	485	84	401	160	0.1731958762886598	0.3442622950819672	0.23045267489711935	0.9409370845622143	0.088659793814433	0.1762295081967213	0.11796982167352539	3.5			4.0			150	0.07626105813065229	0.04162251628430383	0.0	False
human_test	lenadaptive_raw0.20_hmm4_cut300	PIPE-TEFM-CAP-POSTPROC-20260701	42	4096	40	163840	single_nt	0.2	length_adaptive	53776	4773	18108	87183	0.9184785393431143	0.748094151688832	0.8245766025469015	0.4387451171875	0.357354736328125	163840	0.6728016359918201	339	0.5693215339233039	0.02054739056697148	1.5245901639344261	0.14344262295081966	0.28688524590163933	379	347	32	0.9155672823218998	0.044989775051124746	0.8	5	244	489	86	403	158	0.17586912065439672	0.3524590163934426	0.23465211459754434	0.9413982886878492	0.08793456032719836	0.1762295081967213	0.11732605729877217	4.0			4.0			300	0.08046049783107728	0.04097875190955061	0.0	False
human_test	lenadaptive_raw0.30_hmm4_cut80	PIPE-TEFM-CAP-POSTPROC-20260701	42	4096	40	163840	single_nt	0.3	length_adaptive	55203	4144	16681	87812	0.9301733870288305	0.7679455789883701	0.841310361118943	0.4387451171875	0.362225341796875	163840	0.7110726643598616	427	0.6323185011709602	0.013729770330732678	1.8442622950819672	0.13934426229508196	0.2827868852459016	362	321	41	0.8867403314917127	0.039792387543252594	0.8	5	244	578	84	494	160	0.1453287197231834	0.3442622950819672	0.20437956204379562	0.9447178186433298	0.0726643598615917	0.1721311475409836	0.10218978102189781	3.5			4.0			80	0.05018794527732856	0.02584247563267625	-0.0040983606557377095	False
human_test	lenadaptive_raw0.30_hmm4_cut150	PIPE-TEFM-CAP-POSTPROC-20260701	42	4096	40	163840	single_nt	0.3	length_adaptive	54961	4177	16923	87779	0.9293685954885184	0.764579044015358	0.8389583428737158	0.4387451171875	0.36094970703125	163840	0.7137931034482758	430	0.6348837209302326	0.013890230328860383	1.8565573770491803	0.13524590163934427	0.28688524590163933	335	310	25	0.9253731343283582	0.039655172413793106	0.8	5	244	580	82	498	162	0.1413793103448276	0.3360655737704918	0.19902912621359223	0.9437456302139058	0.0706896551724138	0.1680327868852459	0.09951456310679611	3.5			4.0			150	0.04483750944712517	0.023167257717574552	0.0	False
human_test	lenadaptive_raw0.30_hmm4_cut300	PIPE-TEFM-CAP-POSTPROC-20260701	42	4096	40	163840	single_nt	0.3	length_adaptive	55516	4383	16368	87573	0.9268268251556787	0.7722998163708197	0.8425365942496377	0.4387451171875	0.365594482421875	163840	0.7133105802047781	430	0.6348837209302326	0.013890230328860383	1.8729508196721312	0.13934426229508196	0.2786885245901639	303	286	17	0.9438943894389439	0.03754266211604096	0.8	5	244	586	87	499	157	0.14846416382252559	0.35655737704918034	0.20963855421686747	0.9419134602640482	0.07167235494880546	0.1721311475409836	0.10120481927710843	4.0			4.0			300	0.05544693745040041	0.024857513887886873	-0.008196721311475419	False
human_test	lenadaptive_raw0.40_hmm4_cut80	PIPE-TEFM-CAP-POSTPROC-20260701	42	4096	40	163840	single_nt	0.4	length_adaptive	56863	4025	15021	87931	0.9338950203652608	0.791038339547048	0.8565510800469979	0.4387451171875	0.371630859375	163840	0.8352059925093633	650	0.8123076923076923	0.010153169983161212	2.9057377049180326	0.13114754098360656	0.29098360655737704	72	64	8	0.8888888888888888	0.02871410736579276	0.8	5	244	801	84	717	160	0.10486891385767791	0.3442622950819672	0.16076555023923447	0.9448877967350423	0.052434456928838954	0.1721311475409836	0.08038277511961724	3.25			4.0			80	0.006573933472767413	0.004035469730395674	0.0040983606557377095	False
human_test	lenadaptive_raw0.40_hmm4_cut150	PIPE-TEFM-CAP-POSTPROC-20260701	42	4096	40	163840	single_nt	0.4	length_adaptive	56752	3996	15132	87960	0.9342200566273787	0.7894941850759557	0.8557814102177453	0.4387451171875	0.3707763671875	163840	0.8333333333333334	659	0.8103186646433991	0.010361612583910459	2.930327868852459	0.13524590163934427	0.29098360655737704	44	41	3	0.9318181818181818	0.028395061728395062	0.8	5	244	810	86	724	158	0.10617283950617284	0.3524590163934426	0.16318785578747627	0.9429878367122863	0.05308641975308642	0.1762295081967213	0.08159392789373814	3.25			4.0			150	0.008996239021009211	0.005246622504516574	0.0040983606557377095	False
human_test	lenadaptive_raw0.40_hmm4_cut300	PIPE-TEFM-CAP-POSTPROC-20260701	42	4096	40	163840	single_nt	0.4	length_adaptive	56646	4086	15238	87870	0.9327208061647896	0.7880195871125703	0.8542860589974062	0.4387451171875	0.3706787109375	163840	0.8323133414932681	663	0.808446455505279	0.010376202116213469	2.942622950819672	0.13934426229508196	0.29098360655737704	40	38	2	0.95	0.025703794369645042	0.8	5	244	817	91	726	153	0.11138310893512852	0.3729508196721312	0.17153628652214892	0.9404405562200876	0.05385556915544676	0.18032786885245902	0.08294062205466542	4.0			4.0			300	0.017344669755681857	0.006593316665443855	0.0040983606557377095	False
human_test	lenadaptive_raw0.50_hmm4_cut80	PIPE-TEFM-CAP-POSTPROC-20260701	42	4096	40	163840	single_nt	0.5	length_adaptive	55046	3792	16838	88164	0.935551854243856	0.7657615046463747	0.8421841771086733	0.4387451171875	0.35911865234375	163840	0.8796747967479674	464	0.8620689655172413	0.01259792287859365	2.377049180327869	0.09016393442622951	0.28688524590163933	0	0	0	0.0	0.03739837398373984	0.8	5	244	615	85	530	159	0.13821138211382114	0.3483606557377049	0.19790454016298023	0.9452629922418813	0.06991869918699187	0.1762295081967213	0.10011641443538997	3.0			4.0			80	0.04371292339651317	0.023769109046168413	0.0	True
human_test	lenadaptive_raw0.50_hmm4_cut150	PIPE-TEFM-CAP-POSTPROC-20260701	42	4096	40	163840	single_nt	0.5	length_adaptive	55009	3762	16875	88194	0.9359888380323629	0.765246786489344	0.8420496728024185	0.4387451171875	0.358709716796875	163840	0.86	503	0.8369781312127237	0.01606010555985044	2.4508196721311477	0.11065573770491803	0.28688524590163933	0	0	0	0.0	0.03538461538461538	0.8	5	244	650	87	563	157	0.13384615384615384	0.35655737704918034	0.19463087248322147	0.9428930289512767	0.06615384615384616	0.1762295081967213	0.09619686800894856	4.0			4.0			150	0.04043925571675441	0.019849562619726993	0.0	True
human_test	lenadaptive_raw0.50_hmm4_cut300	PIPE-TEFM-CAP-POSTPROC-20260701	42	4096	40	163840	single_nt	0.5	length_adaptive	54970	3733	16914	88223	0.9364087014292285	0.7647042457292305	0.8418908467152166	0.4387451171875	0.358294677734375	163840	0.8530259365994236	546	0.8296703296703297	0.015171641477697072	2.5778688524590163	0.13114754098360656	0.28688524590163933	0	0	0	0.0	0.03025936599423631	0.8	5	244	694	92	602	152	0.13256484149855907	0.3770491803278688	0.19616204690831554	0.9407734689936109	0.06484149855907781	0.18442622950819673	0.09594882729211088	4.0			4.0			300	0.04197043014184848	0.019601521902889316	0.0	True
human_test	lenadaptive_raw0.60_hmm4_cut80	PIPE-TEFM-CAP-POSTPROC-20260701	42	4096	40	163840	single_nt	0.6	length_adaptive	54188	3690	17696	88266	0.9362452054321159	0.7538256079238773	0.8351905796766388	0.4387451171875	0.35325927734375	163840	0.926530612244898	94	0.9148936170212766	0.05209752984788828	1.0901639344262295	0.05327868852459016	0.28688524590163933	392	335	57	0.8545918367346939	0.09387755102040816	0.8	5	244	245	86	159	158	0.3510204081632653	0.3524590163934426	0.35173824130879344	0.9445591289871417	0.17959183673469387	0.18032786885245902	0.17995910020449896	3.0			4.0			80	0.19754662454232638	0.1036117948152774	0.0	False
human_test	lenadaptive_raw0.60_hmm4_cut150	PIPE-TEFM-CAP-POSTPROC-20260701	42	4096	40	163840	single_nt	0.6	length_adaptive	54059	3571	17825	88385	0.93803574527156	0.7520310500250403	0.8347977824791142	0.4387451171875	0.35174560546875	163840	0.8306188925081434	164	0.7317073170731707	0.05772177779498849	1.2049180327868851	0.09016393442622951	0.28688524590163933	405	342	63	0.8444444444444444	0.0749185667752443	0.8	5	244	307	88	219	156	0.28664495114006516	0.36065573770491804	0.3194192377495463	0.9431267484880341	0.1465798045602606	0.18442622950819673	0.1633393829401089	3.25			4.0			150	0.16522762098307922	0.08699207755088735	0.0	False
human_test	lenadaptive_raw0.60_hmm4_cut300	PIPE-TEFM-CAP-POSTPROC-20260701	42	4096	40	163840	single_nt	0.6	length_adaptive	53767	3489	18117	88467	0.9390631549531927	0.7479689499749597	0.8326932011770172	0.4387451171875	0.349462890625	163840	0.8324873096446701	251	0.7689243027888446	0.040273653897801624	1.4959016393442623	0.13934426229508196	0.28688524590163933	427	360	67	0.8430913348946136	0.0532994923857868	0.8	5	244	394	90	304	154	0.22842639593908629	0.36885245901639346	0.2821316614420063	0.9426037842900772	0.116751269035533	0.1885245901639344	0.14420062695924765	3.0			4.0			300	0.12794004467553924	0.06785332157002609	0.0	False
human_test	lenadaptive_raw0.70_hmm4_cut80	PIPE-TEFM-CAP-POSTPROC-20260701	42	4096	40	163840	single_nt	0.7	length_adaptive	54023	3673	17861	88283	0.9363387409872435	0.751530243169551	0.8338169470597314	0.4387451171875	0.3521484375	163840	0.9292929292929293	47	0.9148936170212766	0.08803205894879856	0.9139344262295082	0.040983606557377046	0.29098360655737704	438	376	62	0.8584474885844748	0.11616161616161616	0.8	5	244	198	86	112	158	0.43434343434343436	0.3524590163934426	0.38914027149321273	0.94569031592868	0.2222222222222222	0.18032786885245902	0.1990950226244344	3.0			4.0			80	0.23494865472674567	0.12274771723521284	0.0040983606557377095	False
human_test	lenadaptive_raw0.70_hmm4_cut150	PIPE-TEFM-CAP-POSTPROC-20260701	42	4096	40	163840	single_nt	0.7	length_adaptive	53788	3449	18096	88507	0.9397417754249874	0.7482610873073284	0.8331410072722485	0.4387451171875	0.349346923828125	163840	0.80859375	114	0.6403508771929824	0.08110365563355072	1.0081967213114753	0.09016393442622951	0.29098360655737704	461	387	74	0.8394793926247288	0.08984375	0.8	5	244	256	87	169	157	0.33984375	0.35655737704918034	0.348	0.9475086166716911	0.18359375	0.19262295081967212	0.18799999999999997	3.0			4.0			150	0.19380838323353292	0.11165269461077841	0.0040983606557377095	False
human_test	lenadaptive_raw0.70_hmm4_cut300	PIPE-TEFM-CAP-POSTPROC-20260701	42	4096	40	163840	single_nt	0.7	length_adaptive	53208	3309	18676	88647	0.9414512447582143	0.7401925324133326	0.82877859206704	0.4387451171875	0.344952392578125	163840	0.792332268370607	172	0.6686046511627907	0.060187307427530305	1.1680327868852458	0.13934426229508196	0.29098360655737704	497	415	82	0.8350100603621731	0.0670926517571885	0.8	5	244	313	91	222	153	0.29073482428115016	0.3729508196721312	0.3267504488330341	0.9428521410130529	0.1501597444089457	0.19262295081967212	0.1687612208258528	3.0			4.0			300	0.17255883206656705	0.09241391543663123	0.0040983606557377095	False
human_test	lenadaptive_raw0.80_hmm4_cut80	PIPE-TEFM-CAP-POSTPROC-20260701	42	4096	40	163840	single_nt	0.8	length_adaptive	53930	3664	17954	88292	0.9363822620411848	0.7502364921262034	0.8330372727413151	0.4387451171875	0.35152587890625	163840	0.9251336898395722	36	0.8888888888888888	0.09928923746473833	0.8688524590163934	0.028688524590163935	0.29918032786885246	450	387	63	0.86	0.12299465240641712	0.8	5	244	187	86	101	158	0.45989304812834225	0.3524590163934426	0.39907192575406036	0.9452144485722996	0.23529411764705882	0.18032786885245902	0.20417633410672853	3.0			4.0			80	0.2448803089875933	0.12782902871750695	0.012295081967213128	False
human_test	lenadaptive_raw0.80_hmm4_cut150	PIPE-TEFM-CAP-POSTPROC-20260701	42	4096	40	163840	single_nt	0.8	length_adaptive	53578	3316	18306	88640	0.9417161739374978	0.7453397139836403	0.8320986503905946	0.4387451171875	0.34725341796875	163840	0.8158995815899581	101	0.6336633663366337	0.10864050898559294	0.9590163934426229	0.0778688524590164	0.29918032786885246	482	404	78	0.8381742738589212	0.09623430962343096	0.8	5	244	239	85	154	159	0.35564853556485354	0.3483606557377049	0.35196687370600416	0.9513003080749376	0.200836820083682	0.19672131147540983	0.1987577639751553	3.0			4.0			150	0.1977752569395371	0.12241045858593373	0.012295081967213128	False
human_test	lenadaptive_raw0.80_hmm4_cut300	PIPE-TEFM-CAP-POSTPROC-20260701	42	4096	40	163840	single_nt	0.8	length_adaptive	52842	3110	19042	88846	0.9444166428367172	0.7351009960491903	0.8267154792077349	0.4387451171875	0.34150390625	163840	0.7715231788079471	164	0.6219512195121951	0.07324695993643102	1.1065573770491803	0.1557377049180328	0.29918032786885246	523	435	88	0.8317399617590823	0.0695364238410596	0.8	5	244	302	91	211	153	0.30132450331125826	0.3729508196721312	0.33333333333333337	0.9426478323898102	0.15562913907284767	0.19262295081967212	0.17216117216117216	3.0			4.0			300	0.1791417165668663	0.0958138667719506	0.012295081967213128	False
mouse_quick	raw_t0.20	PIPE-TEFM-CAP-POSTPROC-20260701	42	4096	40	163840	single_nt	0.2	raw	37311	9449	6768	110312	0.7979255774165954	0.8464574967671681	0.821475357500633	0.269036865234375	0.285400390625	163840	0.3985200845665962	799	0.32665832290362956	0.007479929187870526	2.7466666666666666	0.18	0.1	0	0	0	0.0	0.013742071881606765	0.8	5	150	946	73	873	77	0.07716701902748414	0.4866666666666667	0.1332116788321168	0.9312710774986197	0.02959830866807611	0.18666666666666668	0.051094890510948905	5.5							-0.010500896018182632	-0.0002310290784437452	-0.013333333333333322	False
mouse_quick	gap25_min40_t0.20	PIPE-TEFM-CAP-POSTPROC-20260701	42	4096	40	163840	single_nt	0.2	gap_minlen	38158	11042	5921	108719	0.7755691056910569	0.8656729962113479	0.8181477074153882	0.269036865234375	0.30029296875	163840	0.674074074074074	12	0.3333333333333333	0.12407990151737049	0.9533333333333334	0.03333333333333333	0.1	0	0	0	0.0	0.14074074074074075	0.8	5	150	135	55	80	95	0.4074074074074074	0.36666666666666664	0.38596491228070173	0.9273050036450808	0.15555555555555556	0.14	0.1473684210526316	6.0	25	40					0.2422523374304023	0.09604250146323895	-0.013333333333333322	True
mouse_quick	gap50_min80_t0.20	PIPE-TEFM-CAP-POSTPROC-20260701	42	4096	40	163840	single_nt	0.2	gap_minlen	38195	11407	5884	108354	0.7700294342970041	0.8665123981941514	0.8154268208067805	0.269036865234375	0.30274658203125	163840	0.6666666666666666	0	0.0	0.0	0.92	0.02666666666666667	0.11333333333333333	20	2	18	0.1	0.23148148148148148	0.8	5	150	108	46	62	104	0.42592592592592593	0.30666666666666664	0.35658914728682173	0.9271138996834472	0.1574074074074074	0.11333333333333333	0.1317829457364341	6.0	50	80					0.2128765724365223	0.08045702614704145	0.0	True
mouse_quick	gap100_min100_t0.20	PIPE-TEFM-CAP-POSTPROC-20260701	42	4096	40	163840	single_nt	0.2	gap_minlen	38675	12574	5404	107187	0.7546488711974868	0.8774019374305224	0.8114090298757972	0.269036865234375	0.312799072265625	163840	0.6022727272727273	0	0.0	0.0	0.9066666666666666	0.013333333333333334	0.10666666666666667	15	1	14	0.06666666666666667	0.3409090909090909	0.8	5	150	88	34	54	116	0.38636363636363635	0.22666666666666666	0.2857142857142857	0.9231375850321757	0.1590909090909091	0.09333333333333334	0.11764705882352941	6.25	100	100					0.14200171086398627	0.06632113923413677	-0.006666666666666654	True
mouse_quick	raw_t0.30	PIPE-TEFM-CAP-POSTPROC-20260701	42	4096	40	163840	single_nt	0.3	raw	36361	7594	7718	112167	0.8272323967694233	0.8249052836951837	0.8260672013085854	0.269036865234375	0.268280029296875	163840	0.47017189079878663	841	0.40665873959571935	0.00972864157588649	3.2733333333333334	0.22666666666666666	0.10666666666666667	0	0	0	0.0	0.011122345803842264	0.8	5	150	989	80	909	70	0.08088978766430738	0.5333333333333333	0.1404741000877963	0.9311602912062782	0.029322548028311426	0.19333333333333333	0.05092186128182616	5.5							-0.003238474762503135	-0.0004040583075664919	-0.006666666666666654	True
mouse_quick	gap25_min40_t0.30	PIPE-TEFM-CAP-POSTPROC-20260701	42	4096	40	163840	single_nt	0.3	gap_minlen	37274	9114	6805	110647	0.8035267741657325	0.8456180947843644	0.8240352835840693	0.269036865234375	0.2831298828125	163840	0.717391304347826	17	0.29411764705882354	0.16184486886206867	0.9466666666666667	0.04666666666666667	0.10666666666666667	0	0	0	0.0	0.13043478260869565	0.8	5	150	138	59	79	91	0.427536231884058	0.3933333333333333	0.4097222222222222	0.9276304308706739	0.16666666666666666	0.15333333333333332	0.15972222222222224	5.0	25	40					0.2660096473719228	0.1083963026328296	-0.006666666666666654	True
mouse_quick	gap50_min80_t0.30	PIPE-TEFM-CAP-POSTPROC-20260701	42	4096	40	163840	single_nt	0.3	gap_minlen	37195	9335	6884	110426	0.7993767461852568	0.8438258581183784	0.8210001214007439	0.269036865234375	0.28399658203125	163840	0.6880733944954128	0	0.0	0.0	0.9133333333333333	0.03333333333333333	0.12666666666666668	39	3	36	0.07692307692307693	0.22935779816513763	0.8	5	150	109	48	61	102	0.44036697247706424	0.32	0.37065637065637064	0.9375445840206448	0.1834862385321101	0.13333333333333333	0.15444015444015446	4.75	50	80					0.2269437958060712	0.10311423485076182	0.01333333333333335	True
mouse_quick	gap100_min100_t0.30	PIPE-TEFM-CAP-POSTPROC-20260701	42	4096	40	163840	single_nt	0.3	gap_minlen	37732	10877	6347	108884	0.776234853627929	0.8560085301390685	0.8141722768858968	0.269036865234375	0.296685791015625	163840	0.6153846153846154	0	0.0	0.0	0.9133333333333333	0.02666666666666667	0.11333333333333333	22	1	21	0.045454545454545456	0.3516483516483517	0.8	5	150	91	35	56	115	0.38461538461538464	0.23333333333333334	0.2904564315352697	0.938177689466424	0.16483516483516483	0.1	0.12448132780082988	4.0	100	100					0.14674385668497025	0.07315540821143723	0.0	True
mouse_quick	raw_t0.40	PIPE-TEFM-CAP-POSTPROC-20260701	42	4096	40	163840	single_nt	0.4	raw	35470	6261	8609	113500	0.8499676499484795	0.8046915764876699	0.826710173639436	0.269036865234375	0.254705810546875	163840	0.5093411996066863	869	0.4487917146144994	0.009914185935554915	3.6066666666666665	0.23333333333333334	0.11333333333333333	0	0	0	0.0	0.010816125860373648	0.8	5	150	1017	81	936	69	0.07964601769911504	0.54	0.13881748071979436	0.9376853863031185	0.02753195673549656	0.18666666666666668	0.04798628963153385	5.0							-0.004895094130505068	-0.003339629957858803	0.0	True
mouse_quick	gap25_min40_t0.40	PIPE-TEFM-CAP-POSTPROC-20260701	42	4096	40	163840	single_nt	0.4	gap_minlen	36576	7708	7503	112053	0.8259416493541686	0.8297828898114749	0.8278578137908401	0.269036865234375	0.2702880859375	163840	0.704225352112676	18	0.2222222222222222	0.13241572910504176	0.9466666666666667	0.04	0.11333333333333333	5	0	5	0.0	0.11971830985915492	0.8	5	150	142	61	81	89	0.4295774647887324	0.4066666666666667	0.4178082191780822	0.9344859190701179	0.15492957746478872	0.14666666666666667	0.15068493150684933	5.5	25	40					0.2740956443277828	0.09935901191745669	0.0	True
mouse_quick	gap50_min80_t0.40	PIPE-TEFM-CAP-POSTPROC-20260701	42	4096	40	163840	single_nt	0.4	gap_minlen	36612	7697	7467	112064	0.8262881130244419	0.8305996052542027	0.8284382495361361	0.269036865234375	0.270440673828125	163840	0.7321428571428571	0	0.0	0.0	0.9	0.02666666666666667	0.13333333333333333	50	3	47	0.06	0.19642857142857142	0.8	5	150	112	52	60	98	0.4642857142857143	0.3466666666666667	0.3969465648854962	0.9366223184874504	0.17857142857142858	0.13333333333333333	0.15267175572519082	5.0	50	80					0.25323399003519675	0.10134583613579817	0.020000000000000004	True
mouse_quick	gap100_min100_t0.40	PIPE-TEFM-CAP-POSTPROC-20260701	42	4096	40	163840	single_nt	0.4	gap_minlen	37152	9445	6927	110316	0.7973045475030581	0.8428503368951201	0.8194450571264723	0.269036865234375	0.284405517578125	163840	0.6494845360824743	0	0.0	0.0	0.9	0.02	0.12	26	1	25	0.038461538461538464	0.28865979381443296	0.8	5	150	97	37	60	113	0.38144329896907214	0.24666666666666667	0.29959514170040485	0.9467730920230925	0.17525773195876287	0.11333333333333333	0.13765182186234814	4.0	100	100					0.15588256685010543	0.0863259022729555	0.006666666666666668	True
mouse_quick	raw_t0.50	PIPE-TEFM-CAP-POSTPROC-20260701	42	4096	40	163840	single_nt	0.5	raw	34512	5258	9567	114503	0.8677897912999749	0.7829578710950793	0.8231940750635071	0.269036865234375	0.24273681640625	163840	0.6113837095191365	873	0.565864833906071	0.012948078971020216	4.273333333333333	0.29333333333333333	0.11333333333333333	0	0	0	0.0	0.009813542688910697	0.8	5	150	1019	84	935	66	0.08243375858684986	0.56	0.14371257485029942	0.9337964667723242	0.029440628066732092	0.2	0.05132591958939265	5.5							0.0	0.0	0.0	True
mouse_quick	gap25_min40_t0.50	PIPE-TEFM-CAP-POSTPROC-20260701	42	4096	40	163840	single_nt	0.5	gap_minlen	35940	6280	8139	113481	0.8512553292278541	0.8153542503232832	0.8329181102909652	0.269036865234375	0.2576904296875	163840	0.7605633802816901	15	0.3333333333333333	0.16611593094832663	0.96	0.04666666666666667	0.11333333333333333	48	5	43	0.10416666666666667	0.11267605633802817	0.8	5	150	142	67	75	83	0.47183098591549294	0.44666666666666666	0.45890410958904115	0.929484391620457	0.1619718309859155	0.15333333333333332	0.15753424657534246	5.5	25	40					0.31519153473874173	0.10620832698594981	0.0	True
mouse_quick	gap50_min80_t0.50	PIPE-TEFM-CAP-POSTPROC-20260701	42	4096	40	163840	single_nt	0.5	gap_minlen	36030	6717	8049	113044	0.8428661660467401	0.8173960389301028	0.8299357335360376	0.269036865234375	0.260906982421875	163840	0.7589285714285714	0	0.0	0.0	0.9	0.02666666666666667	0.13333333333333333	71	5	66	0.07042253521126761	0.1875	0.8	5	150	112	53	59	97	0.4732142857142857	0.35333333333333333	0.4045801526717557	0.9377198800269909	0.17857142857142858	0.13333333333333333	0.15267175572519082	5.5	50	80					0.26086757782145625	0.10134583613579817	0.020000000000000004	True
mouse_quick	gap100_min100_t0.50	PIPE-TEFM-CAP-POSTPROC-20260701	42	4096	40	163840	single_nt	0.5	gap_minlen	36231	8195	7848	111566	0.8155359474181786	0.8219560334853332	0.818733404892379	0.269036865234375	0.27115478515625	163840	0.6428571428571429	0	0.0	0.0	0.8866666666666667	0.02	0.13333333333333333	32	5	27	0.15625	0.2755102040816326	0.8	5	150	98	39	59	111	0.3979591836734694	0.26	0.31451612903225806	0.9452324179364567	0.17346938775510204	0.11333333333333333	0.13709677419354838	4.0	100	100					0.17080355418195864	0.08577085460415573	0.020000000000000004	False
mouse_quick	raw_t0.60	PIPE-TEFM-CAP-POSTPROC-20260701	42	4096	40	163840	single_nt	0.6	raw	33372	4446	10707	115315	0.8824369347929557	0.7570952154086981	0.8149749075057694	0.269036865234375	0.23082275390625	163840	0.7121346324180691	987	0.6859169199594731	0.014742404881148419	5.453333333333333	0.32666666666666666	0.11333333333333333	420	212	208	0.5047619047619047	0.0070859167404783	0.8	5	150	1129	82	1047	68	0.07263064658990256	0.5466666666666666	0.12822517591868646	0.935051871252684	0.026572187776793623	0.2	0.04691164972634871	4.5							-0.015487398931612967	-0.00441426986304394	0.0	False
mouse_quick	gap25_min40_t0.60	PIPE-TEFM-CAP-POSTPROC-20260701	42	4096	40	163840	single_nt	0.6	gap_minlen	34896	5247	9183	114514	0.8692922800986473	0.7916695024841761	0.8286670941084278	0.269036865234375	0.245013427734375	163840	0.8	15	0.4666666666666667	0.2624131408519945	0.96	0.05333333333333334	0.12	341	149	192	0.436950146627566	0.10714285714285714	0.8	5	150	140	73	67	77	0.5214285714285715	0.4866666666666667	0.503448275862069	0.9316274348543427	0.17857142857142858	0.16666666666666666	0.17241379310344826	5.0	25	40					0.35973570101176955	0.12108787351405562	0.006666666666666668	False
mouse_quick	gap50_min80_t0.60	PIPE-TEFM-CAP-POSTPROC-20260701	42	4096	40	163840	single_nt	0.6	gap_minlen	35370	5753	8709	114008	0.8601026189723512	0.8024229224800926	0.8302622004178306	0.269036865234375	0.250994873046875	163840	0.7818181818181819	0	0.0	0.0	0.9	0.03333333333333333	0.14	254	92	162	0.36220472440944884	0.19090909090909092	0.8	5	150	110	57	53	93	0.5181818181818182	0.38	0.4384615384615385	0.934193159585904	0.19090909090909092	0.14	0.16153846153846155	5.0	50	80					0.2947489636112391	0.1102125419490689	0.026666666666666686	False
mouse_quick	gap100_min100_t0.60	PIPE-TEFM-CAP-POSTPROC-20260701	42	4096	40	163840	single_nt	0.6	gap_minlen	35455	6996	8624	112765	0.8351982285458529	0.8043512783865333	0.8194845718248007	0.269036865234375	0.259100341796875	163840	0.6702127659574468	0	0.0	0.0	0.8733333333333333	0.013333333333333334	0.14	220	90	130	0.4090909090909091	0.2765957446808511	0.8	5	150	94	41	53	109	0.43617021276595747	0.2733333333333333	0.3360655737704918	0.9394578323173838	0.18085106382978725	0.11333333333333333	0.13934426229508198	4.5	100	100					0.19235299892019236	0.08801834270568934	0.026666666666666686	False
mouse_quick	raw_t0.70	PIPE-TEFM-CAP-POSTPROC-20260701	42	4096	40	163840	single_nt	0.7	raw	31900	3832	12179	115929	0.8927571924325535	0.7237006284171601	0.7993885554622796	0.269036865234375	0.2180908203125	163840	0.7880844645550528	1188	0.7752525252525253	0.014572607462194286	7.046666666666667	0.38	0.12	617	324	293	0.5251215559157212	0.003770739064856712	0.8	5	150	1326	78	1248	72	0.058823529411764705	0.52	0.10569105691056911	0.933382988718887	0.023378582202111614	0.20666666666666667	0.04200542005420054	4.25							-0.03802151793973031	-0.009320499535192109	0.006666666666666668	False
mouse_quick	gap25_min40_t0.70	PIPE-TEFM-CAP-POSTPROC-20260701	42	4096	40	163840	single_nt	0.7	gap_minlen	33876	4529	10203	115232	0.8820726467907825	0.7685292316068877	0.8213956646137434	0.269036865234375	0.234405517578125	163840	0.8297872340425532	17	0.6470588235294118	0.297481337887707	0.98	0.06666666666666667	0.12666666666666668	576	290	286	0.5034722222222222	0.09929078014184398	0.8	5	150	141	68	73	82	0.48226950354609927	0.4533333333333333	0.4673539518900343	0.9409094138875723	0.1773049645390071	0.16666666666666666	0.1718213058419244	5.0	25	40					0.3236413770397349	0.12049538625253176	0.01333333333333335	False
mouse_quick	gap50_min80_t0.70	PIPE-TEFM-CAP-POSTPROC-20260701	42	4096	40	163840	single_nt	0.7	gap_minlen	34218	4821	9861	114940	0.8765081072773381	0.776288028312802	0.8233595611058976	0.269036865234375	0.238275146484375	163840	0.8230088495575221	0	0.0	0.0	0.9	0.04	0.15333333333333332	488	227	261	0.4651639344262295	0.168141592920354	0.8	5	150	113	58	55	92	0.5132743362831859	0.38666666666666666	0.44106463878327	0.941577379983052	0.19469026548672566	0.14666666666666667	0.16730038022813687	4.5	50	80					0.2973520639329706	0.11597446063874423	0.039999999999999994	False
mouse_quick	gap100_min100_t0.70	PIPE-TEFM-CAP-POSTPROC-20260701	42	4096	40	163840	single_nt	0.7	gap_minlen	34918	6157	9161	113604	0.8501034692635423	0.7921686063658432	0.8201141461352373	0.269036865234375	0.250701904296875	163840	0.6914893617021277	0	0.0	0.0	0.8666666666666667	0.02	0.15333333333333332	392	162	230	0.413265306122449	0.26595744680851063	0.8	5	150	94	41	53	109	0.43617021276595747	0.2733333333333333	0.3360655737704918	0.9408755366304297	0.1702127659574468	0.10666666666666667	0.13114754098360656	4.5	100	100					0.19235299892019236	0.07982162139421392	0.039999999999999994	False
mouse_quick	raw_t0.80	PIPE-TEFM-CAP-POSTPROC-20260701	42	4096	40	163840	single_nt	0.8	raw	29851	3251	14228	116510	0.9017884115763398	0.6772159078019011	0.7735323460437153	0.269036865234375	0.20203857421875	163840	0.8304521276595744	1375	0.8232727272727273	0.014414041951560498	8.406666666666666	0.36666666666666664	0.12666666666666668	726	388	338	0.5344352617079889	0.0026595744680851063	0.8	5	150	1504	72	1432	78	0.047872340425531915	0.48	0.08706166868198308	0.9347016738311125	0.016622340425531915	0.16666666666666666	0.030229746070133005	4.5							-0.05665090616831635	-0.021096173519259645	0.01333333333333335	False
mouse_quick	gap25_min40_t0.80	PIPE-TEFM-CAP-POSTPROC-20260701	42	4096	40	163840	single_nt	0.8	gap_minlen	32595	3822	11484	115939	0.8950490155696516	0.7394677737698223	0.8098539057841383	0.269036865234375	0.222271728515625	163840	0.8424657534246576	24	0.7083333333333334	0.2688767962097922	1.0066666666666666	0.06	0.12666666666666668	703	362	341	0.5149359886201992	0.08904109589041095	0.8	5	150	146	70	76	80	0.4794520547945205	0.4666666666666667	0.4729729729729729	0.9359881971787695	0.136986301369863	0.13333333333333333	0.13513513513513514	5.0	25	40					0.3292603981226735	0.0838092155457425	0.01333333333333335	False
mouse_quick	gap50_min80_t0.80	PIPE-TEFM-CAP-POSTPROC-20260701	42	4096	40	163840	single_nt	0.8	gap_minlen	32701	3929	11378	115832	0.8927381927381928	0.7418725470178543	0.8103433322182162	0.269036865234375	0.22357177734375	163840	0.8482142857142857	0	0.0	0.0	0.8733333333333333	0.02	0.17333333333333334	668	341	327	0.5104790419161677	0.15178571428571427	0.8	5	150	112	62	50	88	0.5535714285714286	0.41333333333333333	0.4732824427480916	0.9371471955734512	0.17857142857142858	0.13333333333333333	0.15267175572519082	5.0	50	80					0.3295698678977922	0.10134583613579817	0.06000000000000001	False
mouse_quick	gap100_min100_t0.80	PIPE-TEFM-CAP-POSTPROC-20260701	42	4096	40	163840	single_nt	0.8	gap_minlen	34116	5325	9963	114436	0.8649882102380771	0.7739740012250732	0.8169540229885057	0.269036865234375	0.240728759765625	163840	0.7021276595744681	0	0.0	0.0	0.8666666666666667	0.02666666666666667	0.16	537	242	295	0.4506517690875233	0.26595744680851063	0.8	5	150	94	40	54	110	0.425531914893617	0.26666666666666666	0.32786885245901637	0.9377353594040843	0.1276595744680851	0.08	0.09836065573770493	5.0	100	100					0.18415627760871695	0.04703473614831228	0.046666666666666676	False
mouse_quick	hmm_p1	PIPE-TEFM-CAP-POSTPROC-20260701	42	4096	40	163840	single_nt		hmm	34553	5231	9526	114530	0.868514980896843	0.783888019238186	0.8240344371176801	0.269036865234375	0.242822265625	163840	0.7365853658536585	62	0.5	0.10023332287204915	1.16	0.10666666666666667	0.12	381	201	180	0.5275590551181102	0.05853658536585366	0.8	5	150	205	81	124	69	0.3951219512195122	0.54	0.4563380281690141	0.936320439045011	0.14634146341463414	0.2	0.16901408450704225	5.0			1.0				0.31262545331871466	0.11768816491764961	0.006666666666666668	False
mouse_quick	hmm_p1_rescue_t0.50_max80	PIPE-TEFM-CAP-POSTPROC-20260701	42	4096	40	163840	single_nt		hmm_rescue_short	34869	5489	9210	114272	0.8639922691907429	0.7910569659021303	0.8259175479943627	0.269036865234375	0.24632568359375	163840	0.6006825938566553	443	0.5237020316027088	0.015286644626472796	2.5	0.19333333333333333	0.11333333333333333	0	0	0	0.0	0.020477815699658702	0.8	5	150	586	81	505	69	0.13822525597269625	0.54	0.22010869565217392	0.936320439045011	0.051194539249146756	0.2	0.08152173913043478	5.0			1.0	0.5	80		0.0763961208018745	0.030195819541042133	0.0	True
mouse_quick	hmm_p1_rescue_t0.50_max150	PIPE-TEFM-CAP-POSTPROC-20260701	42	4096	40	163840	single_nt		hmm_rescue_short	34869	5489	9210	114272	0.8639922691907429	0.7910569659021303	0.8259175479943627	0.269036865234375	0.24632568359375	163840	0.6006825938566553	443	0.5237020316027088	0.015286644626472796	2.5	0.19333333333333333	0.11333333333333333	0	0	0	0.0	0.020477815699658702	0.8	5	150	586	81	505	69	0.13822525597269625	0.54	0.22010869565217392	0.936320439045011	0.051194539249146756	0.2	0.08152173913043478	5.0			1.0	0.5	150		0.0763961208018745	0.030195819541042133	0.0	True
mouse_quick	hmm_p1_rescue_t0.50_max300	PIPE-TEFM-CAP-POSTPROC-20260701	42	4096	40	163840	single_nt		hmm_rescue_short	34869	5489	9210	114272	0.8639922691907429	0.7910569659021303	0.8259175479943627	0.269036865234375	0.24632568359375	163840	0.6006825938566553	443	0.5237020316027088	0.015286644626472796	2.5	0.19333333333333333	0.11333333333333333	0	0	0	0.0	0.020477815699658702	0.8	5	150	586	81	505	69	0.13822525597269625	0.54	0.22010869565217392	0.936320439045011	0.051194539249146756	0.2	0.08152173913043478	5.0			1.0	0.5	300		0.0763961208018745	0.030195819541042133	0.0	True
mouse_quick	hmm_p1_rescue_t0.60_max80	PIPE-TEFM-CAP-POSTPROC-20260701	42	4096	40	163840	single_nt		hmm_rescue_short	34598	5260	9481	114501	0.8680315118671283	0.7849089135415958	0.824380189904333	0.269036865234375	0.24327392578125	163840	0.6981818181818182	132	0.5454545454545454	0.04776751091520898	1.4333333333333333	0.13333333333333333	0.11333333333333333	312	160	152	0.5128205128205128	0.04363636363636364	0.8	5	150	275	81	194	69	0.29454545454545455	0.54	0.38117647058823534	0.936320439045011	0.10909090909090909	0.2	0.14117647058823532	5.0			1.0	0.6	80		0.23746389573793591	0.08985055099884268	0.0	False
mouse_quick	hmm_p1_rescue_t0.60_max150	PIPE-TEFM-CAP-POSTPROC-20260701	42	4096	40	163840	single_nt		hmm_rescue_short	34598	5260	9481	114501	0.8680315118671283	0.7849089135415958	0.824380189904333	0.269036865234375	0.24327392578125	163840	0.6981818181818182	132	0.5454545454545454	0.04776751091520898	1.4333333333333333	0.13333333333333333	0.11333333333333333	312	160	152	0.5128205128205128	0.04363636363636364	0.8	5	150	275	81	194	69	0.29454545454545455	0.54	0.38117647058823534	0.936320439045011	0.10909090909090909	0.2	0.14117647058823532	5.0			1.0	0.6	150		0.23746389573793591	0.08985055099884268	0.0	False
mouse_quick	hmm_p1_rescue_t0.60_max300	PIPE-TEFM-CAP-POSTPROC-20260701	42	4096	40	163840	single_nt		hmm_rescue_short	34598	5260	9481	114501	0.8680315118671283	0.7849089135415958	0.824380189904333	0.269036865234375	0.24327392578125	163840	0.6981818181818182	132	0.5454545454545454	0.04776751091520898	1.4333333333333333	0.13333333333333333	0.11333333333333333	312	160	152	0.5128205128205128	0.04363636363636364	0.8	5	150	275	81	194	69	0.29454545454545455	0.54	0.38117647058823534	0.936320439045011	0.10909090909090909	0.2	0.14117647058823532	5.0			1.0	0.6	300		0.23746389573793591	0.08985055099884268	0.0	False
mouse_quick	hmm_p1_rescue_t0.70_max80	PIPE-TEFM-CAP-POSTPROC-20260701	42	4096	40	163840	single_nt		hmm_rescue_short	34556	5233	9523	114528	0.868481238533263	0.7839560788584133	0.8240568512424286	0.269036865234375	0.242852783203125	163840	0.7333333333333333	67	0.5074626865671642	0.09279049105815322	1.18	0.10666666666666667	0.12	376	198	178	0.526595744680851	0.05714285714285714	0.8	5	150	210	81	129	69	0.38571428571428573	0.54	0.45	0.936320439045011	0.14285714285714285	0.2	0.16666666666666666	5.0			1.0	0.7	80		0.3062874251497006	0.11534074707727401	0.006666666666666668	False
mouse_quick	hmm_p1_rescue_t0.70_max150	PIPE-TEFM-CAP-POSTPROC-20260701	42	4096	40	163840	single_nt		hmm_rescue_short	34556	5233	9523	114528	0.868481238533263	0.7839560788584133	0.8240568512424286	0.269036865234375	0.242852783203125	163840	0.7333333333333333	67	0.5074626865671642	0.09279049105815322	1.18	0.10666666666666667	0.12	376	198	178	0.526595744680851	0.05714285714285714	0.8	5	150	210	81	129	69	0.38571428571428573	0.54	0.45	0.936320439045011	0.14285714285714285	0.2	0.16666666666666666	5.0			1.0	0.7	150		0.3062874251497006	0.11534074707727401	0.006666666666666668	False
mouse_quick	hmm_p1_rescue_t0.70_max300	PIPE-TEFM-CAP-POSTPROC-20260701	42	4096	40	163840	single_nt		hmm_rescue_short	34556	5233	9523	114528	0.868481238533263	0.7839560788584133	0.8240568512424286	0.269036865234375	0.242852783203125	163840	0.7333333333333333	67	0.5074626865671642	0.09279049105815322	1.18	0.10666666666666667	0.12	376	198	178	0.526595744680851	0.05714285714285714	0.8	5	150	210	81	129	69	0.38571428571428573	0.54	0.45	0.936320439045011	0.14285714285714285	0.2	0.16666666666666666	5.0			1.0	0.7	300		0.3062874251497006	0.11534074707727401	0.006666666666666668	False
mouse_quick	lenadaptive_raw0.20_hmm1_cut80	PIPE-TEFM-CAP-POSTPROC-20260701	42	4096	40	163840	single_nt	0.2	length_adaptive	34964	7496	9115	112265	0.8234573716439001	0.7932121872093287	0.8080518610106425	0.269036865234375	0.2591552734375	163840	0.40445859872611467	799	0.32665832290362956	0.007479929187870526	2.7066666666666666	0.17333333333333334	0.11333333333333333	347	221	126	0.6368876080691642	0.01167728237791932	0.8	5	150	942	80	862	70	0.08492569002123142	0.5333333333333333	0.1465201465201465	0.9376259295459513	0.03184713375796178	0.2	0.054945054945054944	5.25			1.0			80	0.0028075716698470754	0.0036191353556622938	0.0	False
mouse_quick	lenadaptive_raw0.20_hmm1_cut150	PIPE-TEFM-CAP-POSTPROC-20260701	42	4096	40	163840	single_nt	0.2	length_adaptive	34134	7869	9945	111892	0.8126562388400829	0.774382358946437	0.7930577821147278	0.269036865234375	0.256365966796875	163840	0.39636752136752135	799	0.32665832290362956	0.007479929187870526	2.66	0.17333333333333334	0.14666666666666667	331	214	117	0.6465256797583081	0.01282051282051282	0.8	5	150	936	71	865	79	0.07585470085470085	0.47333333333333333	0.13075506445672191	0.9412606120574406	0.029914529914529916	0.18666666666666668	0.05156537753222836	5.0			1.0			150	-0.01295751039357751	0.00023945794283571076	0.03333333333333334	False
mouse_quick	lenadaptive_raw0.20_hmm1_cut300	PIPE-TEFM-CAP-POSTPROC-20260701	42	4096	40	163840	single_nt	0.2	length_adaptive	35412	9033	8667	110728	0.7967600404994938	0.803375757163275	0.8000542225837062	0.269036865234375	0.271270751953125	163840	0.4	799	0.32665832290362956	0.007479929187870526	2.7	0.17333333333333334	0.13333333333333333	153	128	25	0.8366013071895425	0.012698412698412698	0.8	5	150	945	72	873	78	0.0761904761904762	0.48	0.1315068493150685	0.9354224019551746	0.030687830687830688	0.19333333333333333	0.052968036529680365	5.5			1.0			300	-0.012205725535230916	0.0016421169402877148	0.020000000000000004	False
mouse_quick	lenadaptive_raw0.30_hmm1_cut80	PIPE-TEFM-CAP-POSTPROC-20260701	42	4096	40	163840	single_nt	0.3	length_adaptive	35592	6890	8487	112871	0.8378136622569559	0.8074593343769142	0.8223564884878872	0.269036865234375	0.25928955078125	163840	0.46804123711340206	827	0.40386940749697703	0.009537525159765936	3.1933333333333334	0.21333333333333335	0.10666666666666667	152	84	68	0.5526315789473685	0.012371134020618556	0.8	5	150	970	82	888	68	0.08453608247422681	0.5466666666666666	0.14642857142857144	0.9352034731385557	0.031958762886597936	0.20666666666666667	0.05535714285714285	5.5			1.0			80	0.002715996578272012	0.0040312232677501975	-0.006666666666666654	False
mouse_quick	lenadaptive_raw0.30_hmm1_cut150	PIPE-TEFM-CAP-POSTPROC-20260701	42	4096	40	163840	single_nt	0.3	length_adaptive	35724	7263	8355	112498	0.8310419429129737	0.8104539576669162	0.8206188408793329	0.269036865234375	0.262371826171875	163840	0.466802860061287	834	0.4040767386091127	0.009543630236068483	3.22	0.21333333333333335	0.11333333333333333	104	62	42	0.5961538461538461	0.012257405515832482	0.8	5	150	979	79	900	71	0.08069458631256383	0.5266666666666666	0.1399468556244464	0.9362487900865425	0.030643513789581207	0.2	0.053144375553587246	5.5			1.0			150	-0.0037657192258530314	0.0018184559641945958	0.0	False
mouse_quick	lenadaptive_raw0.30_hmm1_cut300	PIPE-TEFM-CAP-POSTPROC-20260701	42	4096	40	163840	single_nt	0.3	length_adaptive	35699	7403	8380	112358	0.8282446290195351	0.8098867941650219	0.8189628474094126	0.269036865234375	0.26307373046875	163840	0.4694501018329939	837	0.4050179211469534	0.009708771367749188	3.22	0.21333333333333335	0.12666666666666668	42	29	13	0.6904761904761905	0.010183299389002037	0.8	5	150	982	79	903	71	0.08044806517311609	0.5266666666666666	0.13957597173144876	0.9328928705414237	0.029531568228105907	0.19333333333333333	0.05123674911660777	5.5			1.0			300	-0.004136603118850668	-8.917047278488022e-05	0.01333333333333335	False
mouse_quick	lenadaptive_raw0.40_hmm1_cut80	PIPE-TEFM-CAP-POSTPROC-20260701	42	4096	40	163840	single_nt	0.4	length_adaptive	35432	6120	8647	113641	0.85271467077397	0.8038294879647905	0.8275507701650103	0.269036865234375	0.25361328125	163840	0.4963041182682154	804	0.43532338308457713	0.009605981791615844	3.2933333333333334	0.20666666666666667	0.11333333333333333	19	11	8	0.5789473684210527	0.012671594508975714	0.8	5	150	947	82	865	68	0.08658922914466737	0.5466666666666666	0.1494986326344576	0.9349620297318387	0.03167898627243928	0.2	0.05469462169553326	5.25			1.0			80	0.005786057784158166	0.0033687021061406114	0.0	False
mouse_quick	lenadaptive_raw0.40_hmm1_cut150	PIPE-TEFM-CAP-POSTPROC-20260701	42	4096	40	163840	single_nt	0.4	length_adaptive	35309	6206	8770	113555	0.8505118631819825	0.8010390435354704	0.8250344650325957	0.269036865234375	0.253387451171875	163840	0.4979633401221996	845	0.44023668639053254	0.009701039921314042	3.4266666666666667	0.20666666666666667	0.12	12	8	4	0.6666666666666666	0.012219959266802444	0.8	5	150	982	79	903	71	0.08044806517311609	0.5266666666666666	0.13957597173144876	0.9383030373303141	0.03054989816700611	0.2	0.053003533568904596	5.0			1.0			150	-0.004136603118850668	0.0016776139795119452	0.006666666666666668	False
mouse_quick	lenadaptive_raw0.40_hmm1_cut300	PIPE-TEFM-CAP-POSTPROC-20260701	42	4096	40	163840	single_nt	0.4	length_adaptive	35463	6254	8616	113507	0.8500850972025793	0.8045327707071395	0.8266818965919157	0.269036865234375	0.254620361328125	163840	0.49798387096774194	853	0.4396248534583822	0.00986505521413716	3.46	0.21333333333333335	0.11333333333333333	5	5	0	1.0	0.012096774193548387	0.8	5	150	992	78	914	72	0.07862903225806452	0.52	0.13660245183887915	0.9400065384337807	0.03024193548387097	0.2	0.05253940455341506	4.75			1.0			300	-0.007110123011420277	0.0012134849640224113	0.0	False
mouse_quick	lenadaptive_raw0.50_hmm1_cut80	PIPE-TEFM-CAP-POSTPROC-20260701	42	4096	40	163840	single_nt	0.5	length_adaptive	34797	5400	9282	114361	0.8656616165385477	0.7894235350166746	0.8257867008400969	0.269036865234375	0.245343017578125	163840	0.5777460770328102	558	0.510752688172043	0.01198063099003117	2.8466666666666667	0.19333333333333333	0.11333333333333333	0	0	0	0.0	0.017118402282453638	0.8	5	150	701	81	620	69	0.11554921540656206	0.54	0.19036427732079908	0.9369256979836034	0.042796005706134094	0.2	0.07050528789659224	5.0			1.0			80	0.046651702470499656	0.019179368307199594	0.0	True
mouse_quick	lenadaptive_raw0.50_hmm1_cut150	PIPE-TEFM-CAP-POSTPROC-20260701	42	4096	40	163840	single_nt	0.5	length_adaptive	34699	5326	9380	114435	0.8669331667707683	0.7872002540892489	0.8251450584990012	0.269036865234375	0.244293212890625	163840	0.5790108564535585	702	0.5270655270655271	0.013843067246705195	3.34	0.22	0.11333333333333333	0	0	0	0.0	0.013268998793727383	0.8	5	150	829	81	748	69	0.097708082026538	0.54	0.16547497446373852	0.9354759132835271	0.03618817852834741	0.2	0.06128702757916241	5.0			1.0			150	0.021762399613439093	0.009961107989769763	0.0	True
mouse_quick	lenadaptive_raw0.50_hmm1_cut300	PIPE-TEFM-CAP-POSTPROC-20260701	42	4096	40	163840	single_nt	0.5	length_adaptive	34652	5270	9427	114491	0.8679925855418065	0.7861339867056876	0.8250377971690813	0.269036865234375	0.24366455078125	163840	0.5684326710816777	779	0.5198973042362003	0.013491013224956837	3.5733333333333333	0.24666666666666667	0.11333333333333333	0	0	0	0.0	0.012141280353200883	0.8	5	150	906	80	826	70	0.08830022075055188	0.5333333333333333	0.15151515151515152	0.9376275510982846	0.03421633554083885	0.20666666666666667	0.058712121212121215	5.0			1.0			300	0.0078025766648520956	0.007386201622728565	0.0	True
mouse_quick	lenadaptive_raw0.60_hmm1_cut80	PIPE-TEFM-CAP-POSTPROC-20260701	42	4096	40	163840	single_nt	0.6	length_adaptive	34355	4927	9724	114834	0.874573596049081	0.779396084303183	0.8242463502117298	0.269036865234375	0.23975830078125	163840	0.6207674943566591	300	0.5166666666666667	0.019780003220353712	1.98	0.13333333333333333	0.11333333333333333	349	173	176	0.49570200573065903	0.02708803611738149	0.8	5	150	443	82	361	68	0.18510158013544017	0.5466666666666666	0.2765598650927487	0.9360165277322634	0.06772009029345373	0.2	0.10118043844856663	5.0			1.0			80	0.1328472902424493	0.049854518859173975	0.0	False
mouse_quick	lenadaptive_raw0.60_hmm1_cut150	PIPE-TEFM-CAP-POSTPROC-20260701	42	4096	40	163840	single_nt	0.6	length_adaptive	34104	4687	9975	115074	0.8791730040473306	0.7737017627441639	0.8230722818872933	0.269036865234375	0.236761474609375	163840	0.6201780415430267	549	0.5646630236794171	0.018420734125457795	2.9266666666666667	0.19333333333333333	0.11333333333333333	376	182	194	0.48404255319148937	0.016320474777448073	0.8	5	150	674	81	593	69	0.1201780415430267	0.54	0.1966019417475728	0.9372044176672065	0.04451038575667656	0.2	0.07281553398058252	4.5			1.0			150	0.05288936689727339	0.02148961439118987	0.0	False
mouse_quick	lenadaptive_raw0.60_hmm1_cut300	PIPE-TEFM-CAP-POSTPROC-20260701	42	4096	40	163840	single_nt	0.6	length_adaptive	33958	4496	10121	115265	0.8830810838924429	0.770389527893101	0.8228950843904862	0.269036865234375	0.23470458984375	163840	0.6141439205955335	685	0.5678832116788322	0.017808087527278867	3.42	0.24	0.11333333333333333	396	190	206	0.4797979797979798	0.01240694789081886	0.8	5	150	806	81	725	69	0.10049627791563276	0.54	0.1694560669456067	0.9394253786607255	0.038461538461538464	0.20666666666666667	0.06485355648535565	4.5			1.0			300	0.02574349209530727	0.013527636895963	0.0	False
mouse_quick	lenadaptive_raw0.70_hmm1_cut80	PIPE-TEFM-CAP-POSTPROC-20260701	42	4096	40	163840	single_nt	0.7	length_adaptive	34118	4713	9961	115048	0.8786279003888645	0.7740193743052247	0.8230129055602461	0.269036865234375	0.237005615234375	163840	0.6808510638297872	186	0.5591397849462365	0.029326790758278674	1.6333333333333333	0.10666666666666667	0.12	464	233	231	0.5021551724137931	0.03343465045592705	0.8	5	150	329	82	247	68	0.24924012158054712	0.5466666666666666	0.34237995824634654	0.9369510198358053	0.09422492401215805	0.20666666666666667	0.1294363256784969	5.0			1.0			80	0.19866738339604711	0.07811040608910425	0.006666666666666668	False
mouse_quick	lenadaptive_raw0.70_hmm1_cut150	PIPE-TEFM-CAP-POSTPROC-20260701	42	4096	40	163840	single_nt	0.7	length_adaptive	33613	4280	10466	115481	0.8870503786979126	0.7625626715669593	0.8201093056165522	0.269036865234375	0.231280517578125	163840	0.6582064297800339	467	0.6038543897216274	0.021520426676342578	2.7266666666666666	0.18666666666666668	0.12	519	259	260	0.49903660886319845	0.01692047377326565	0.8	5	150	591	79	512	71	0.13367174280879865	0.5266666666666666	0.21322537112010798	0.9391605761782593	0.05583756345177665	0.22	0.08906882591093117	4.0			1.0			150	0.06951279626980855	0.03774290632153852	0.006666666666666668	False
mouse_quick	lenadaptive_raw0.70_hmm1_cut300	PIPE-TEFM-CAP-POSTPROC-20260701	42	4096	40	163840	single_nt	0.7	length_adaptive	33280	3931	10799	115830	0.8943591948617344	0.7550080537217269	0.8187968999876984	0.269036865234375	0.227117919921875	163840	0.6618421052631579	643	0.6220839813374806	0.020840814444694582	3.466666666666667	0.26666666666666666	0.12	568	278	290	0.4894366197183099	0.011842105263157895	0.8	5	150	760	77	683	73	0.1013157894736842	0.5133333333333333	0.1692307692307692	0.9413102869075741	0.04473684210526316	0.22666666666666666	0.07472527472527472	4.0			1.0			300	0.02551819438046979	0.023399355135882073	0.006666666666666668	False
mouse_quick	lenadaptive_raw0.80_hmm1_cut80	PIPE-TEFM-CAP-POSTPROC-20260701	42	4096	40	163840	single_nt	0.8	length_adaptive	33962	4579	10117	115182	0.8811914584468488	0.7704802740534041	0.8221253933672235	0.269036865234375	0.235235595703125	163840	0.7061068702290076	119	0.5462184873949579	0.04222011235970841	1.3733333333333333	0.08666666666666667	0.12666666666666668	509	257	252	0.5049115913555993	0.04198473282442748	0.8	5	150	262	81	181	69	0.30916030534351147	0.54	0.3932038834951456	0.9365983504340335	0.11450381679389313	0.2	0.14563106796116504	5.0			1.0			80	0.2494913086448462	0.0943051483717724	0.01333333333333335	False
mouse_quick	lenadaptive_raw0.80_hmm1_cut150	PIPE-TEFM-CAP-POSTPROC-20260701	42	4096	40	163840	single_nt	0.8	length_adaptive	33142	3967	10937	115794	0.8930987092080088	0.7518773111912702	0.8164260728186432	0.269036865234375	0.226495361328125	163840	0.6779661016949152	353	0.6147308781869688	0.03458223238525475	2.2666666666666666	0.18	0.12666666666666668	596	300	296	0.5033557046979866	0.0211864406779661	0.8	5	150	472	77	395	73	0.163135593220339	0.5133333333333333	0.24758842443729906	0.9358727951854766	0.0614406779661017	0.19333333333333333	0.09324758842443731	4.5			1.0			150	0.10387584958699964	0.04192166883504466	0.01333333333333335	False
mouse_quick	lenadaptive_raw0.80_hmm1_cut300	PIPE-TEFM-CAP-POSTPROC-20260701	42	4096	40	163840	single_nt	0.8	length_adaptive	32548	3407	11531	116354	0.9052426644416632	0.738401506386261	0.8133543244121247	0.269036865234375	0.219451904296875	163840	0.6548672566371682	567	0.6084656084656085	0.02717244056112917	3.0733333333333333	0.24	0.12666666666666668	661	327	334	0.4947049924357035	0.01327433628318584	0.8	5	150	678	73	605	77	0.10766961651917405	0.4866666666666667	0.17632850241545894	0.9414510546458218	0.04129793510324484	0.18666666666666668	0.06763285024154589	4.0			1.0			300	0.03261592756515952	0.01630693065215324	0.01333333333333335	False
mouse_quick	hmm_p2	PIPE-TEFM-CAP-POSTPROC-20260701	42	4096	40	163840	single_nt		hmm	34580	5212	9499	114549	0.8690188982710092	0.7845005558202318	0.8245996828462757	0.269036865234375	0.24287109375	163840	0.7569060773480663	42	0.5	0.13392800701242108	1.0866666666666667	0.08	0.12	391	201	190	0.5140664961636828	0.07734806629834254	0.8	5	150	181	77	104	73	0.425414364640884	0.5133333333333333	0.4652567975830816	0.9369747940964517	0.15469613259668508	0.18666666666666668	0.16918429003021146	5.0			2.0				0.32154422273278216	0.11785837044081882	0.006666666666666668	False
mouse_quick	hmm_p2_rescue_t0.50_max80	PIPE-TEFM-CAP-POSTPROC-20260701	42	4096	40	163840	single_nt		hmm_rescue_short	34916	5513	9163	114248	0.8636374879418239	0.7921232332856916	0.8263359681923605	0.269036865234375	0.246759033203125	163840	0.5909090909090909	433	0.5127020785219399	0.01438707307456357	2.4266666666666667	0.18666666666666668	0.11333333333333333	0	0	0	0.0	0.024475524475524476	0.8	5	150	572	77	495	73	0.1346153846153846	0.5133333333333333	0.21329639889196678	0.9369747940964517	0.04895104895104895	0.18666666666666668	0.07756232686980609	5.0			2.0	0.5	80		0.06958382404166735	0.02623640728041344	0.0	True
mouse_quick	hmm_p2_rescue_t0.50_max150	PIPE-TEFM-CAP-POSTPROC-20260701	42	4096	40	163840	single_nt		hmm_rescue_short	34916	5513	9163	114248	0.8636374879418239	0.7921232332856916	0.8263359681923605	0.269036865234375	0.246759033203125	163840	0.5909090909090909	433	0.5127020785219399	0.01438707307456357	2.4266666666666667	0.18666666666666668	0.11333333333333333	0	0	0	0.0	0.024475524475524476	0.8	5	150	572	77	495	73	0.1346153846153846	0.5133333333333333	0.21329639889196678	0.9369747940964517	0.04895104895104895	0.18666666666666668	0.07756232686980609	5.0			2.0	0.5	150		0.06958382404166735	0.02623640728041344	0.0	True
mouse_quick	hmm_p2_rescue_t0.50_max300	PIPE-TEFM-CAP-POSTPROC-20260701	42	4096	40	163840	single_nt		hmm_rescue_short	34916	5513	9163	114248	0.8636374879418239	0.7921232332856916	0.8263359681923605	0.269036865234375	0.246759033203125	163840	0.5909090909090909	433	0.5127020785219399	0.01438707307456357	2.4266666666666667	0.18666666666666668	0.11333333333333333	0	0	0	0.0	0.024475524475524476	0.8	5	150	572	77	495	73	0.1346153846153846	0.5133333333333333	0.21329639889196678	0.9369747940964517	0.04895104895104895	0.18666666666666668	0.07756232686980609	5.0			2.0	0.5	300		0.06958382404166735	0.02623640728041344	0.0	True
mouse_quick	hmm_p2_rescue_t0.60_max80	PIPE-TEFM-CAP-POSTPROC-20260701	42	4096	40	163840	single_nt		hmm_rescue_short	34636	5263	9443	114498	0.8680919321286248	0.7857710020644751	0.8248827073757413	0.269036865234375	0.243524169921875	163840	0.6802973977695167	130	0.5153846153846153	0.044131936855863946	1.3933333333333333	0.12666666666666668	0.11333333333333333	310	157	153	0.5064516129032258	0.05204460966542751	0.8	5	150	269	77	192	73	0.2862453531598513	0.5133333333333333	0.3675417661097852	0.9369747940964517	0.10408921933085502	0.18666666666666668	0.13365155131264916	5.0			2.0	0.6	80		0.22382919125948575	0.08232563172325652	0.0	False
mouse_quick	hmm_p2_rescue_t0.60_max150	PIPE-TEFM-CAP-POSTPROC-20260701	42	4096	40	163840	single_nt		hmm_rescue_short	34636	5263	9443	114498	0.8680919321286248	0.7857710020644751	0.8248827073757413	0.269036865234375	0.243524169921875	163840	0.6802973977695167	130	0.5153846153846153	0.044131936855863946	1.3933333333333333	0.12666666666666668	0.11333333333333333	310	157	153	0.5064516129032258	0.05204460966542751	0.8	5	150	269	77	192	73	0.2862453531598513	0.5133333333333333	0.3675417661097852	0.9369747940964517	0.10408921933085502	0.18666666666666668	0.13365155131264916	5.0			2.0	0.6	150		0.22382919125948575	0.08232563172325652	0.0	False
mouse_quick	hmm_p2_rescue_t0.60_max300	PIPE-TEFM-CAP-POSTPROC-20260701	42	4096	40	163840	single_nt		hmm_rescue_short	34636	5263	9443	114498	0.8680919321286248	0.7857710020644751	0.8248827073757413	0.269036865234375	0.243524169921875	163840	0.6802973977695167	130	0.5153846153846153	0.044131936855863946	1.3933333333333333	0.12666666666666668	0.11333333333333333	310	157	153	0.5064516129032258	0.05204460966542751	0.8	5	150	269	77	192	73	0.2862453531598513	0.5133333333333333	0.3675417661097852	0.9369747940964517	0.10408921933085502	0.18666666666666668	0.13365155131264916	5.0			2.0	0.6	300		0.22382919125948575	0.08232563172325652	0.0	False
mouse_quick	hmm_p2_rescue_t0.70_max80	PIPE-TEFM-CAP-POSTPROC-20260701	42	4096	40	163840	single_nt		hmm_rescue_short	34586	5219	9493	114542	0.868885818364527	0.7846366750606865	0.8246149444470935	0.269036865234375	0.242950439453125	163840	0.7371134020618557	55	0.4909090909090909	0.10242408491800968	1.1266666666666667	0.09333333333333334	0.12	378	195	183	0.5158730158730159	0.07216494845360824	0.8	5	150	194	77	117	73	0.39690721649484534	0.5133333333333333	0.4476744186046511	0.9369747940964517	0.14432989690721648	0.18666666666666668	0.1627906976744186	5.0			2.0	0.7	80		0.3039618437543517	0.11146477808502595	0.006666666666666668	False
mouse_quick	hmm_p2_rescue_t0.70_max150	PIPE-TEFM-CAP-POSTPROC-20260701	42	4096	40	163840	single_nt		hmm_rescue_short	34586	5219	9493	114542	0.868885818364527	0.7846366750606865	0.8246149444470935	0.269036865234375	0.242950439453125	163840	0.7371134020618557	55	0.4909090909090909	0.10242408491800968	1.1266666666666667	0.09333333333333334	0.12	378	195	183	0.5158730158730159	0.07216494845360824	0.8	5	150	194	77	117	73	0.39690721649484534	0.5133333333333333	0.4476744186046511	0.9369747940964517	0.14432989690721648	0.18666666666666668	0.1627906976744186	5.0			2.0	0.7	150		0.3039618437543517	0.11146477808502595	0.006666666666666668	False
mouse_quick	hmm_p2_rescue_t0.70_max300	PIPE-TEFM-CAP-POSTPROC-20260701	42	4096	40	163840	single_nt		hmm_rescue_short	34586	5219	9493	114542	0.868885818364527	0.7846366750606865	0.8246149444470935	0.269036865234375	0.242950439453125	163840	0.7371134020618557	55	0.4909090909090909	0.10242408491800968	1.1266666666666667	0.09333333333333334	0.12	378	195	183	0.5158730158730159	0.07216494845360824	0.8	5	150	194	77	117	73	0.39690721649484534	0.5133333333333333	0.4476744186046511	0.9369747940964517	0.14432989690721648	0.18666666666666668	0.1627906976744186	5.0			2.0	0.7	300		0.3039618437543517	0.11146477808502595	0.006666666666666668	False
mouse_quick	lenadaptive_raw0.20_hmm2_cut80	PIPE-TEFM-CAP-POSTPROC-20260701	42	4096	40	163840	single_nt	0.2	length_adaptive	35200	7567	8879	112194	0.823064512357659	0.7985662106672111	0.8106303111254405	0.269036865234375	0.261029052734375	163840	0.4023479188900747	798	0.32706766917293234	0.007428470841839801	2.7	0.17333333333333334	0.11333333333333333	310	194	116	0.6258064516129033	0.013874066168623266	0.8	5	150	937	76	861	74	0.08110992529348986	0.5066666666666667	0.13983440662373506	0.9383243556413536	0.029882604055496264	0.18666666666666668	0.051517939282428704	5.25			2.0			80	-0.0038781682265643658	0.00019201969303605376	0.0	False
mouse_quick	lenadaptive_raw0.20_hmm2_cut150	PIPE-TEFM-CAP-POSTPROC-20260701	42	4096	40	163840	single_nt	0.2	length_adaptive	34749	7988	9330	111773	0.8130893605072887	0.7883345810930376	0.8005206413564321	0.269036865234375	0.260845947265625	163840	0.3967914438502674	798	0.32706766917293234	0.007428470841839801	2.68	0.17333333333333334	0.12	299	190	109	0.6354515050167224	0.014973262032085561	0.8	5	150	935	71	864	79	0.07593582887700535	0.47333333333333333	0.13087557603686636	0.9404022846654886	0.028877005347593583	0.18	0.049769585253456226	5.5			2.0			150	-0.01283699881343306	-0.001556334335936424	0.006666666666666668	False
mouse_quick	lenadaptive_raw0.20_hmm2_cut300	PIPE-TEFM-CAP-POSTPROC-20260701	42	4096	40	163840	single_nt	0.2	length_adaptive	36060	9167	8019	110594	0.7973113405708979	0.8180766351323759	0.8075605222493449	0.269036865234375	0.276043701171875	163840	0.4	798	0.32706766917293234	0.007428470841839801	2.7266666666666666	0.17333333333333334	0.10666666666666667	132	112	20	0.8484848484848485	0.014814814814814815	0.8	5	150	945	72	873	78	0.0761904761904762	0.48	0.1315068493150685	0.934575995777	0.02962962962962963	0.18666666666666668	0.05114155251141553	5.75			2.0			300	-0.012205725535230916	-0.00018436707797712254	-0.006666666666666654	False
mouse_quick	lenadaptive_raw0.30_hmm2_cut80	PIPE-TEFM-CAP-POSTPROC-20260701	42	4096	40	163840	single_nt	0.3	length_adaptive	35734	6961	8345	112800	0.8369598313619862	0.810680823067674	0.8236107589831054	0.269036865234375	0.260589599609375	163840	0.46242171189979125	819	0.3992673992673993	0.009204880101670119	3.14	0.20666666666666667	0.10666666666666667	128	70	58	0.546875	0.014613778705636743	0.8	5	150	958	78	880	72	0.081419624217119	0.52	0.14079422382671478	0.9355692700782233	0.030271398747390398	0.19333333333333333	0.05234657039711191	5.5			2.0			80	-0.0029183510235846477	0.0010206508077192575	-0.006666666666666654	False
mouse_quick	lenadaptive_raw0.30_hmm2_cut150	PIPE-TEFM-CAP-POSTPROC-20260701	42	4096	40	163840	single_nt	0.3	length_adaptive	35775	7317	8304	112444	0.8302005012531328	0.8116109712107806	0.8208004955776577	0.269036865234375	0.2630126953125	163840	0.4612202688728025	827	0.40024183796856105	0.009312648372347769	3.1666666666666665	0.21333333333333335	0.11333333333333333	89	55	34	0.6179775280898876	0.014477766287487074	0.8	5	150	967	76	891	74	0.07859358841778696	0.5066666666666667	0.1360787824529991	0.9352005076475931	0.027921406411582212	0.18	0.048343777976723366	5.5			2.0			150	-0.007633792397300332	-0.002982141612669284	0.0	False
mouse_quick	lenadaptive_raw0.30_hmm2_cut300	PIPE-TEFM-CAP-POSTPROC-20260701	42	4096	40	163840	single_nt	0.3	length_adaptive	36112	7538	7967	112223	0.8273081328751432	0.8192563352163161	0.8232625471622839	0.269036865234375	0.26641845703125	163840	0.4689092762487258	836	0.4055023923444976	0.00967347601498991	3.24	0.22	0.10666666666666667	32	24	8	0.75	0.012232415902140673	0.8	5	150	981	79	902	71	0.08053007135575943	0.5266666666666666	0.13969938107869143	0.9321374348126101	0.02854230377166157	0.18666666666666668	0.04951370468611848	5.5			2.0			300	-0.004013193771607998	-0.0018122149032741702	-0.006666666666666654	False
mouse_quick	lenadaptive_raw0.40_hmm2_cut80	PIPE-TEFM-CAP-POSTPROC-20260701	42	4096	40	163840	single_nt	0.4	length_adaptive	35466	6154	8613	113607	0.8521383950024027	0.8046008303273667	0.8276876042894317	0.269036865234375	0.2540283203125	163840	0.4891067538126362	779	0.4274711168164313	0.009154955212945591	3.1733333333333333	0.19333333333333333	0.11333333333333333	18	10	8	0.5555555555555556	0.015250544662309368	0.8	5	150	918	78	840	72	0.08496732026143791	0.52	0.14606741573033707	0.9355551349578197	0.030501089324618737	0.18666666666666668	0.052434456928838954	5.25			2.0			80	0.002354840880037651	0.0011085373394463041	0.0	False
mouse_quick	lenadaptive_raw0.40_hmm2_cut150	PIPE-TEFM-CAP-POSTPROC-20260701	42	4096	40	163840	single_nt	0.4	length_adaptive	35343	6233	8736	113528	0.8500817779488167	0.8018103858980467	0.8252407915474871	0.269036865234375	0.253759765625	163840	0.48739495798319327	818	0.4278728606356968	0.008962554621044349	3.28	0.2	0.12	11	7	4	0.6363636363636364	0.014705882352941176	0.8	5	150	952	76	876	74	0.07983193277310924	0.5066666666666667	0.1379310344827586	0.9368239374620255	0.028361344537815126	0.18	0.04900181488203267	5.0			2.0			150	-0.005781540367540833	-0.0023241047073599835	0.006666666666666668	False
mouse_quick	lenadaptive_raw0.40_hmm2_cut300	PIPE-TEFM-CAP-POSTPROC-20260701	42	4096	40	163840	single_nt	0.4	length_adaptive	35477	6263	8602	113498	0.8499520843315764	0.8048503822682003	0.8267866090259732	0.269036865234375	0.2547607421875	163840	0.4959266802443992	846	0.4373522458628842	0.00987289724911435	3.4133333333333336	0.21333333333333335	0.11333333333333333	4	4	0	1.0	0.012219959266802444	0.8	5	150	982	78	904	72	0.07942973523421588	0.52	0.13780918727915192	0.9392744381620342	0.029531568228105907	0.19333333333333333	0.05123674911660777	5.0			2.0			300	-0.0059033875711475	-8.917047278488022e-05	0.0	False
mouse_quick	lenadaptive_raw0.50_hmm2_cut80	PIPE-TEFM-CAP-POSTPROC-20260701	42	4096	40	163840	single_nt	0.5	length_adaptive	34865	5442	9214	114319	0.8649862306795346	0.7909662197418271	0.8263219017372551	0.269036865234375	0.246014404296875	163840	0.56752655538695	520	0.49615384615384617	0.011939623433285423	2.66	0.18666666666666668	0.11333333333333333	0	0	0	0.0	0.021244309559939303	0.8	5	150	659	77	582	73	0.11684370257966616	0.5133333333333333	0.19035846724351052	0.937611495057828	0.042488619119878605	0.18666666666666668	0.069221260815822	5.0			2.0			80	0.0466458923932111	0.01789534122642935	0.0	True
mouse_quick	lenadaptive_raw0.50_hmm2_cut150	PIPE-TEFM-CAP-POSTPROC-20260701	42	4096	40	163840	single_nt	0.5	length_adaptive	34793	5361	9286	114400	0.8664890172834587	0.7893327888563715	0.8261132810181282	0.269036865234375	0.24508056640625	163840	0.5543905635648755	638	0.493730407523511	0.013725605520736161	2.98	0.22	0.11333333333333333	0	0	0	0.0	0.01703800786369594	0.8	5	150	763	78	685	72	0.10222804718217562	0.52	0.17086527929901424	0.934126701191096	0.035386631716906945	0.18	0.05914567360350493	5.25			2.0			150	0.027152704448714815	0.007819754014112279	0.0	True
mouse_quick	lenadaptive_raw0.50_hmm2_cut300	PIPE-TEFM-CAP-POSTPROC-20260701	42	4096	40	163840	single_nt	0.5	length_adaptive	34687	5283	9392	114478	0.8678258694020515	0.7869280156083396	0.8253994693571607	0.269036865234375	0.24395751953125	163840	0.5638418079096045	760	0.5131578947368421	0.013723933670920714	3.466666666666667	0.24666666666666667	0.11333333333333333	0	0	0	0.0	0.012429378531073447	0.8	5	150	885	80	805	70	0.0903954802259887	0.5333333333333333	0.15458937198067635	0.9368973720093534	0.03389830508474576	0.2	0.05797101449275363	5.25			2.0			300	0.010876797130376925	0.0066450949033609805	0.0	True
mouse_quick	lenadaptive_raw0.60_hmm2_cut80	PIPE-TEFM-CAP-POSTPROC-20260701	42	4096	40	163840	single_nt	0.6	length_adaptive	34465	4990	9614	114771	0.873526802686605	0.781891603711518	0.8251729834558383	0.269036865234375	0.240814208984375	163840	0.598014888337469	264	0.4734848484848485	0.02109292137906243	1.7733333333333334	0.12666666666666668	0.11333333333333333	336	166	170	0.49404761904761907	0.034739454094292806	0.8	5	150	403	78	325	72	0.1935483870967742	0.52	0.28209764918625674	0.9366469084208524	0.06947890818858561	0.18666666666666668	0.10126582278481013	5.0			2.0			80	0.13838507433595731	0.049939903195417475	0.0	False
mouse_quick	lenadaptive_raw0.60_hmm2_cut150	PIPE-TEFM-CAP-POSTPROC-20260701	42	4096	40	163840	single_nt	0.6	length_adaptive	34270	4738	9809	115023	0.8785377358490566	0.7774677283967422	0.8249184589646996	0.269036865234375	0.2380859375	163840	0.5781512605042017	472	0.5042372881355932	0.019736582332323466	2.453333333333333	0.18666666666666668	0.11333333333333333	363	174	189	0.4793388429752066	0.021848739495798318	0.8	5	150	595	78	517	72	0.13109243697478992	0.52	0.20939597315436242	0.9362713368622598	0.0453781512605042	0.18	0.07248322147651005	4.75			2.0			150	0.065683398304063	0.021157301887117404	0.0	False
mouse_quick	lenadaptive_raw0.60_hmm2_cut300	PIPE-TEFM-CAP-POSTPROC-20260701	42	4096	40	163840	single_nt	0.6	length_adaptive	34021	4522	10058	115239	0.882676491191656	0.7718187799178747	0.8235336835225486	0.269036865234375	0.235247802734375	163840	0.6030927835051546	657	0.5540334855403348	0.01842998866745153	3.2533333333333334	0.24	0.11333333333333333	389	185	204	0.4755784061696658	0.014175257731958763	0.8	5	150	776	80	696	70	0.10309278350515463	0.5333333333333333	0.17278617710583155	0.9398958481303545	0.03865979381443299	0.2	0.06479481641468682	4.5			2.0			300	0.029073602255532127	0.013468896825294167	0.0	False
mouse_quick	lenadaptive_raw0.70_hmm2_cut80	PIPE-TEFM-CAP-POSTPROC-20260701	42	4096	40	163840	single_nt	0.7	length_adaptive	34276	4785	9803	114976	0.8774992959729654	0.7776038476371968	0.8245369256675487	0.269036865234375	0.238409423828125	163840	0.660958904109589	153	0.5032679738562091	0.034147060602484576	1.4466666666666668	0.1	0.12	445	221	224	0.4966292134831461	0.04452054794520548	0.8	5	150	292	78	214	72	0.2671232876712329	0.52	0.3529411764705883	0.9376293231963706	0.09931506849315068	0.19333333333333333	0.13122171945701358	5.0			2.0			80	0.2092286016202889	0.07989579986762094	0.006666666666666668	False
mouse_quick	lenadaptive_raw0.70_hmm2_cut150	PIPE-TEFM-CAP-POSTPROC-20260701	42	4096	40	163840	single_nt	0.7	length_adaptive	33878	4341	10201	115420	0.8864177503336037	0.7685746046870392	0.8233006877445382	0.269036865234375	0.233270263671875	163840	0.6213592233009708	393	0.5470737913486005	0.02390551706476271	2.2866666666666666	0.18	0.12	493	239	254	0.4847870182555781	0.02330097087378641	0.8	5	150	515	77	438	73	0.14951456310679612	0.5133333333333333	0.23157894736842102	0.9378210623300608	0.05825242718446602	0.2	0.09022556390977443	4.5			2.0			150	0.0878663725181216	0.03889964432038178	0.006666666666666668	False
mouse_quick	lenadaptive_raw0.70_hmm2_cut300	PIPE-TEFM-CAP-POSTPROC-20260701	42	4096	40	163840	single_nt	0.7	length_adaptive	33393	3968	10686	115793	0.8937929926929151	0.7575716327502893	0.8200638506876229	0.269036865234375	0.228033447265625	163840	0.6467315716272601	603	0.6019900497512438	0.020630528804310655	3.2266666666666666	0.26666666666666666	0.12	558	271	287	0.48566308243727596	0.013908205841446454	0.8	5	150	719	76	643	74	0.10570236439499305	0.5066666666666667	0.17491369390103567	0.9411189719385895	0.0458970792767733	0.22	0.0759493670886076	4.0			2.0			300	0.031201119050736248	0.024623447499214947	0.006666666666666668	False
mouse_quick	lenadaptive_raw0.80_hmm2_cut80	PIPE-TEFM-CAP-POSTPROC-20260701	42	4096	40	163840	single_nt	0.8	length_adaptive	34168	4655	9911	115106	0.8800968498055276	0.7751537013090134	0.8242985693951894	0.269036865234375	0.236956787109375	163840	0.6861924686192469	100	0.48	0.04930143024225928	1.2533333333333334	0.08666666666666667	0.12666666666666668	480	237	243	0.49375	0.05439330543933055	0.8	5	150	239	77	162	73	0.32217573221757323	0.5133333333333333	0.3958868894601542	0.9372671424407482	0.11715481171548117	0.18666666666666668	0.14395886889460155	5.0			2.0			80	0.2521743146098548	0.0926329493052089	0.01333333333333335	False
mouse_quick	lenadaptive_raw0.80_hmm2_cut150	PIPE-TEFM-CAP-POSTPROC-20260701	42	4096	40	163840	single_nt	0.8	length_adaptive	33501	4035	10578	115726	0.8925031969309463	0.7600217790784728	0.8209520308766771	0.269036865234375	0.2291015625	163840	0.6442307692307693	298	0.5570469798657718	0.03726559744217123	1.94	0.17333333333333334	0.12666666666666668	557	268	289	0.48114901256732495	0.028846153846153848	0.8	5	150	416	75	341	75	0.18028846153846154	0.5	0.26501766784452296	0.9346523110506092	0.06490384615384616	0.18	0.09540636042402828	4.5			2.0			150	0.12130509299422354	0.04408044083463563	0.01333333333333335	False
mouse_quick	lenadaptive_raw0.80_hmm2_cut300	PIPE-TEFM-CAP-POSTPROC-20260701	42	4096	40	163840	single_nt	0.8	length_adaptive	32723	3450	11356	116311	0.9046249965443839	0.7423716508995213	0.815506155609829	0.269036865234375	0.220782470703125	163840	0.631578947368421	517	0.5764023210831721	0.027973470028982685	2.7666666666666666	0.24	0.12666666666666668	648	317	331	0.48919753086419754	0.01594896331738437	0.8	5	150	627	72	555	78	0.11483253588516747	0.48	0.18532818532818532	0.9410891910130498	0.0430622009569378	0.18	0.0694980694980695	4.25			2.0			300	0.041615610477885895	0.018172149908676848	0.01333333333333335	False
mouse_quick	hmm_p4	PIPE-TEFM-CAP-POSTPROC-20260701	42	4096	40	163840	single_nt		hmm	34608	5123	9471	114638	0.8710578641363167	0.7851357789423535	0.825868034840711	0.269036865234375	0.242498779296875	163840	0.774390243902439	24	0.4583333333333333	0.18361216647875744	1.0333333333333334	0.07333333333333333	0.12	408	200	208	0.49019607843137253	0.08536585365853659	0.8	5	150	164	77	87	73	0.4695121951219512	0.5133333333333333	0.49044585987261147	0.9351481126961532	0.16463414634146342	0.18	0.17197452229299365	5.5			4.0				0.34673328502231204	0.120648602703601	0.006666666666666668	False
mouse_quick	hmm_p4_rescue_t0.50_max80	PIPE-TEFM-CAP-POSTPROC-20260701	42	4096	40	163840	single_nt		hmm_rescue_short	34974	5518	9105	114243	0.8637261681319767	0.7934390526100864	0.8270920291825803	0.269036865234375	0.2471435546875	163840	0.5716783216783217	432	0.48842592592592593	0.011597584492801708	2.3666666666666667	0.18	0.11333333333333333	0	0	0	0.0	0.024475524475524476	0.8	5	150	572	77	495	73	0.1346153846153846	0.5133333333333333	0.21329639889196678	0.9351481126961532	0.0472027972027972	0.18	0.07479224376731301	5.5			4.0	0.5	80		0.06958382404166735	0.023466324177920363	0.0	True
mouse_quick	hmm_p4_rescue_t0.50_max150	PIPE-TEFM-CAP-POSTPROC-20260701	42	4096	40	163840	single_nt		hmm_rescue_short	34974	5518	9105	114243	0.8637261681319767	0.7934390526100864	0.8270920291825803	0.269036865234375	0.2471435546875	163840	0.5716783216783217	432	0.48842592592592593	0.011597584492801708	2.3666666666666667	0.18	0.11333333333333333	0	0	0	0.0	0.024475524475524476	0.8	5	150	572	77	495	73	0.1346153846153846	0.5133333333333333	0.21329639889196678	0.9351481126961532	0.0472027972027972	0.18	0.07479224376731301	5.5			4.0	0.5	150		0.06958382404166735	0.023466324177920363	0.0	True
mouse_quick	hmm_p4_rescue_t0.50_max300	PIPE-TEFM-CAP-POSTPROC-20260701	42	4096	40	163840	single_nt		hmm_rescue_short	34974	5518	9105	114243	0.8637261681319767	0.7934390526100864	0.8270920291825803	0.269036865234375	0.2471435546875	163840	0.5716783216783217	432	0.48842592592592593	0.011597584492801708	2.3666666666666667	0.18	0.11333333333333333	0	0	0	0.0	0.024475524475524476	0.8	5	150	572	77	495	73	0.1346153846153846	0.5133333333333333	0.21329639889196678	0.9351481126961532	0.0472027972027972	0.18	0.07479224376731301	5.5			4.0	0.5	300		0.06958382404166735	0.023466324177920363	0.0	True
mouse_quick	hmm_p4_rescue_t0.60_max80	PIPE-TEFM-CAP-POSTPROC-20260701	42	4096	40	163840	single_nt		hmm_rescue_short	34675	5213	9404	114548	0.8693090653830726	0.7866557771274303	0.8259197065513834	0.269036865234375	0.24345703125	163840	0.6534296028880866	137	0.4744525547445255	0.03308053996316873	1.3933333333333333	0.12	0.11333333333333333	308	151	157	0.4902597402597403	0.05054151624548736	0.8	5	150	277	77	200	73	0.2779783393501805	0.5133333333333333	0.360655737704918	0.9351481126961532	0.09747292418772563	0.18	0.12646370023419204	5.5			4.0	0.6	80		0.21694316285461857	0.0751377806447994	0.0	False
mouse_quick	hmm_p4_rescue_t0.60_max150	PIPE-TEFM-CAP-POSTPROC-20260701	42	4096	40	163840	single_nt		hmm_rescue_short	34675	5213	9404	114548	0.8693090653830726	0.7866557771274303	0.8259197065513834	0.269036865234375	0.24345703125	163840	0.6534296028880866	137	0.4744525547445255	0.03308053996316873	1.3933333333333333	0.12	0.11333333333333333	308	151	157	0.4902597402597403	0.05054151624548736	0.8	5	150	277	77	200	73	0.2779783393501805	0.5133333333333333	0.360655737704918	0.9351481126961532	0.09747292418772563	0.18	0.12646370023419204	5.5			4.0	0.6	150		0.21694316285461857	0.0751377806447994	0.0	False
mouse_quick	hmm_p4_rescue_t0.60_max300	PIPE-TEFM-CAP-POSTPROC-20260701	42	4096	40	163840	single_nt		hmm_rescue_short	34675	5213	9404	114548	0.8693090653830726	0.7866557771274303	0.8259197065513834	0.269036865234375	0.24345703125	163840	0.6534296028880866	137	0.4744525547445255	0.03308053996316873	1.3933333333333333	0.12	0.11333333333333333	308	151	157	0.4902597402597403	0.05054151624548736	0.8	5	150	277	77	200	73	0.2779783393501805	0.5133333333333333	0.360655737704918	0.9351481126961532	0.09747292418772563	0.18	0.12646370023419204	5.5			4.0	0.6	300		0.21694316285461857	0.0751377806447994	0.0	False
mouse_quick	hmm_p4_rescue_t0.70_max80	PIPE-TEFM-CAP-POSTPROC-20260701	42	4096	40	163840	single_nt		hmm_rescue_short	34615	5136	9464	114625	0.8707957032527484	0.7852945847228839	0.8258380054872958	0.269036865234375	0.242620849609375	163840	0.73224043715847	43	0.4186046511627907	0.10272462826806565	1.08	0.08666666666666667	0.12	389	193	196	0.4961439588688946	0.07650273224043716	0.8	5	150	183	77	106	73	0.4207650273224044	0.5133333333333333	0.4624624624624625	0.9351481126961532	0.14754098360655737	0.18	0.16216216216216217	5.5			4.0	0.7	80		0.31874988761216305	0.11083624257276953	0.006666666666666668	False
mouse_quick	hmm_p4_rescue_t0.70_max150	PIPE-TEFM-CAP-POSTPROC-20260701	42	4096	40	163840	single_nt		hmm_rescue_short	34615	5136	9464	114625	0.8707957032527484	0.7852945847228839	0.8258380054872958	0.269036865234375	0.242620849609375	163840	0.73224043715847	43	0.4186046511627907	0.10272462826806565	1.08	0.08666666666666667	0.12	389	193	196	0.4961439588688946	0.07650273224043716	0.8	5	150	183	77	106	73	0.4207650273224044	0.5133333333333333	0.4624624624624625	0.9351481126961532	0.14754098360655737	0.18	0.16216216216216217	5.5			4.0	0.7	150		0.31874988761216305	0.11083624257276953	0.006666666666666668	False
mouse_quick	hmm_p4_rescue_t0.70_max300	PIPE-TEFM-CAP-POSTPROC-20260701	42	4096	40	163840	single_nt		hmm_rescue_short	34615	5136	9464	114625	0.8707957032527484	0.7852945847228839	0.8258380054872958	0.269036865234375	0.242620849609375	163840	0.73224043715847	43	0.4186046511627907	0.10272462826806565	1.08	0.08666666666666667	0.12	389	193	196	0.4961439588688946	0.07650273224043716	0.8	5	150	183	77	106	73	0.4207650273224044	0.5133333333333333	0.4624624624624625	0.9351481126961532	0.14754098360655737	0.18	0.16216216216216217	5.5			4.0	0.7	300		0.31874988761216305	0.11083624257276953	0.006666666666666668	False
mouse_quick	lenadaptive_raw0.20_hmm4_cut80	PIPE-TEFM-CAP-POSTPROC-20260701	42	4096	40	163840	single_nt	0.2	length_adaptive	35497	7724	8582	112037	0.821290576340205	0.8053041130697157	0.8132187857961054	0.269036865234375	0.263800048828125	163840	0.40191897654584224	798	0.32706766917293234	0.007428470841839801	2.7133333333333334	0.17333333333333334	0.10666666666666667	267	159	108	0.5955056179775281	0.013859275053304905	0.8	5	150	938	76	862	74	0.08102345415778252	0.5066666666666667	0.13970588235294118	0.9364736389594723	0.028784648187633263	0.18	0.04963235294117647	5.5			4.0			80	-0.004006692497358244	-0.0016935666482161826	-0.006666666666666654	False
mouse_quick	lenadaptive_raw0.20_hmm4_cut150	PIPE-TEFM-CAP-POSTPROC-20260701	42	4096	40	163840	single_nt	0.2	length_adaptive	34821	8096	9258	111665	0.8113568049956894	0.7899680119784932	0.8005195641178906	0.269036865234375	0.261944580078125	163840	0.3961456102783726	798	0.32706766917293234	0.007428470841839801	2.6733333333333333	0.17333333333333334	0.12	289	186	103	0.643598615916955	0.014989293361884369	0.8	5	150	934	71	863	79	0.07601713062098502	0.47333333333333333	0.13099630996309963	0.9384212358229114	0.027837259100642397	0.17333333333333334	0.04797047970479705	5.5			4.0			150	-0.01271626488719979	-0.0033554398845956	0.006666666666666668	False
mouse_quick	lenadaptive_raw0.20_hmm4_cut300	PIPE-TEFM-CAP-POSTPROC-20260701	42	4096	40	163840	single_nt	0.2	length_adaptive	36132	9275	7947	110486	0.7957363402118616	0.8197100660178316	0.8075453143508482	0.269036865234375	0.277142333984375	163840	0.399364406779661	798	0.32706766917293234	0.007428470841839801	2.72	0.17333333333333334	0.10666666666666667	122	108	14	0.8852459016393442	0.014830508474576272	0.8	5	150	944	72	872	78	0.07627118644067797	0.48	0.1316270566727605	0.9326224615016806	0.028601694915254237	0.18	0.049360146252285186	6.0			4.0			300	-0.012085518177538918	-0.001965773337107464	-0.006666666666666654	False
mouse_quick	lenadaptive_raw0.30_hmm4_cut80	PIPE-TEFM-CAP-POSTPROC-20260701	42	4096	40	163840	single_nt	0.3	length_adaptive	35804	6978	8275	112783	0.8368940208498902	0.8122688808729781	0.8243976007644397	0.269036865234375	0.26112060546875	163840	0.46153846153846156	809	0.3980222496909765	0.008134285206588876	3.12	0.20666666666666667	0.10666666666666667	123	66	57	0.5365853658536586	0.014752370916754479	0.8	5	150	949	78	871	72	0.0821917808219178	0.52	0.1419472247497725	0.9337660076702365	0.029504741833508957	0.18666666666666668	0.050955414012738856	5.5			4.0			80	-0.001765350100526919	-0.0003705055766537943	-0.006666666666666654	False
mouse_quick	lenadaptive_raw0.30_hmm4_cut150	PIPE-TEFM-CAP-POSTPROC-20260701	42	4096	40	163840	single_nt	0.3	length_adaptive	35842	7322	8237	112439	0.8303678991752387	0.8131309693958574	0.821659044278624	0.269036865234375	0.2634521484375	163840	0.4616182572614108	826	0.400726392251816	0.009323922765050369	3.16	0.21333333333333335	0.11333333333333333	84	51	33	0.6071428571428571	0.014522821576763486	0.8	5	150	964	76	888	74	0.07883817427385892	0.5066666666666667	0.1364452423698384	0.9332300007438575	0.026970954356846474	0.17333333333333334	0.0466786355475763	5.5			4.0			150	-0.0072673324804610195	-0.0046472840418163505	0.0	False
mouse_quick	lenadaptive_raw0.30_hmm4_cut300	PIPE-TEFM-CAP-POSTPROC-20260701	42	4096	40	163840	single_nt	0.3	length_adaptive	36179	7543	7900	112218	0.8274781574493391	0.820776333401393	0.8241136205737976	0.269036865234375	0.26685791015625	163840	0.46932515337423314	835	0.4059880239520958	0.009685061016205468	3.2333333333333334	0.22	0.10666666666666667	27	20	7	0.7407407407407407	0.012269938650306749	0.8	5	150	978	79	899	71	0.08077709611451943	0.5266666666666666	0.1400709219858156	0.9302417572849655	0.027607361963190184	0.18	0.04787234042553191	6.0			4.0			300	-0.003641652864483813	-0.0034535791638607427	-0.006666666666666654	False
mouse_quick	lenadaptive_raw0.40_hmm4_cut80	PIPE-TEFM-CAP-POSTPROC-20260701	42	4096	40	163840	single_nt	0.4	length_adaptive	35505	6175	8574	113586	0.8518474088291746	0.8054856053903219	0.8280180505836121	0.269036865234375	0.25439453125	163840	0.4826427771556551	753	0.41832669322709165	0.007746840663369219	3.06	0.18666666666666668	0.11333333333333333	17	9	8	0.5294117647058824	0.015677491601343786	0.8	5	150	893	78	815	72	0.08734602463605823	0.52	0.14956855225311602	0.9337461929831934	0.030235162374020158	0.18	0.05177372962607862	5.5			4.0			80	0.005855977402816598	0.00044781003668596664	0.0	False
mouse_quick	lenadaptive_raw0.40_hmm4_cut150	PIPE-TEFM-CAP-POSTPROC-20260701	42	4096	40	163840	single_nt	0.4	length_adaptive	35367	6239	8712	113522	0.85004566649041	0.8023548628598652	0.8255120499503997	0.269036865234375	0.25394287109375	163840	0.485653560042508	809	0.4252163164400494	0.008647501694945508	3.2333333333333334	0.19333333333333333	0.12	10	6	4	0.6	0.01487778958554729	0.8	5	150	941	76	865	74	0.08076514346439957	0.5066666666666667	0.1393217231897342	0.9349371079247374	0.02763018065887354	0.17333333333333334	0.04766269477543538	5.25			4.0			150	-0.004390851660565215	-0.0036632248139572693	0.006666666666666668	False
mouse_quick	lenadaptive_raw0.40_hmm4_cut300	PIPE-TEFM-CAP-POSTPROC-20260701	42	4096	40	163840	single_nt	0.4	length_adaptive	35501	6269	8578	113492	0.8499162078046445	0.8053948592300189	0.8270568090484456	0.269036865234375	0.25494384765625	163840	0.49433573635427397	837	0.4348864994026284	0.009578172358360067	3.3666666666666667	0.20666666666666667	0.11333333333333333	3	3	0	1.0	0.012358393408856848	0.8	5	150	971	78	893	72	0.08032955715756952	0.52	0.13916146297948262	0.9374359888692919	0.028836251287332648	0.18666666666666668	0.04995539696699376	5.0			4.0			300	-0.004551111870816804	-0.0013705226223988884	0.0	False
mouse_quick	lenadaptive_raw0.50_hmm4_cut80	PIPE-TEFM-CAP-POSTPROC-20260701	42	4096	40	163840	single_nt	0.5	length_adaptive	34956	5475	9123	114286	0.8645841062551013	0.7930306948887226	0.8272630457933972	0.269036865234375	0.246771240234375	163840	0.5494327390599676	477	0.46750524109014674	0.010541549954077694	2.44	0.18	0.11333333333333333	0	0	0	0.0	0.022690437601296597	0.8	5	150	617	77	540	73	0.12479740680713128	0.5133333333333333	0.20078226857887876	0.9357848136575294	0.04376012965964344	0.18	0.07040417209908736	5.0			4.0			80	0.05706969372857934	0.019078252509694714	0.0	True
mouse_quick	lenadaptive_raw0.50_hmm4_cut150	PIPE-TEFM-CAP-POSTPROC-20260701	42	4096	40	163840	single_nt	0.5	length_adaptive	34830	5374	9249	114387	0.8663317082877325	0.7901721908391751	0.826501192411281	0.269036865234375	0.2453857421875	163840	0.5540720961281709	625	0.4928	0.01358983664225545	2.9266666666666667	0.21333333333333335	0.11333333333333333	0	0	0	0.0	0.017356475300400534	0.8	5	150	749	78	671	72	0.1041388518024032	0.52	0.1735261401557286	0.9323234387831091	0.03471295060080107	0.17333333333333334	0.05784204671857619	5.5			4.0			150	0.02981356530542917	0.006516127129183542	0.0	True
mouse_quick	lenadaptive_raw0.50_hmm4_cut300	PIPE-TEFM-CAP-POSTPROC-20260701	42	4096	40	163840	single_nt	0.5	length_adaptive	34724	5296	9355	114465	0.8676661669165417	0.7877674175911432	0.8257886538484406	0.269036865234375	0.2442626953125	163840	0.563719862227325	747	0.5127175368139224	0.013610309463292808	3.4133333333333336	0.24	0.11333333333333333	0	0	0	0.0	0.012629161882893225	0.8	5	150	871	80	791	70	0.09184845005740529	0.5333333333333333	0.15670910871694418	0.9351391911615661	0.03329506314580941	0.19333333333333333	0.05680705190989226	5.5			4.0			300	0.01299653386664476	0.005481132320499613	0.0	True
mouse_quick	lenadaptive_raw0.60_hmm4_cut80	PIPE-TEFM-CAP-POSTPROC-20260701	42	4096	40	163840	single_nt	0.6	length_adaptive	34613	5046	9466	114715	0.8727653243904284	0.7852492116427323	0.8266975566648356	0.269036865234375	0.242059326171875	163840	0.5777777777777777	220	0.41818181818181815	0.02029034676708973	1.5666666666666667	0.12	0.11333333333333333	319	152	167	0.47648902821316613	0.03888888888888889	0.8	5	150	360	77	283	73	0.21388888888888888	0.5133333333333333	0.30196078431372547	0.9359651888379046	0.075	0.18	0.10588235294117647	5.0			4.0			80	0.15824820946342605	0.05455643335178382	0.0	False
mouse_quick	lenadaptive_raw0.60_hmm4_cut150	PIPE-TEFM-CAP-POSTPROC-20260701	42	4096	40	163840	single_nt	0.6	length_adaptive	34326	4769	9753	114992	0.8780150914439186	0.7787381746409855	0.8254021689470268	0.269036865234375	0.238616943359375	163840	0.5817223198594025	446	0.5044843049327354	0.020484276121052195	2.3666666666666667	0.18	0.11333333333333333	359	172	187	0.479108635097493	0.022847100175746926	0.8	5	150	569	78	491	72	0.13708260105448156	0.52	0.21696801112656466	0.9344680744542728	0.04569420035149385	0.17333333333333334	0.07232267037552156	5.0			4.0			150	0.07325543627626524	0.020996750786128913	0.0	False
mouse_quick	lenadaptive_raw0.60_hmm4_cut300	PIPE-TEFM-CAP-POSTPROC-20260701	42	4096	40	163840	single_nt	0.6	length_adaptive	34077	4553	10002	115208	0.8821382345327465	0.7730892261621181	0.8240215695994391	0.269036865234375	0.23577880859375	163840	0.6066666666666667	631	0.5562599049128367	0.018904632081851436	3.1666666666666665	0.23333333333333334	0.11333333333333333	385	183	202	0.4753246753246753	0.014666666666666666	0.8	5	150	750	80	670	70	0.10666666666666667	0.5333333333333333	0.17777777777777778	0.9381376672825672	0.03866666666666667	0.19333333333333333	0.06444444444444444	4.5			4.0			300	0.03406520292747836	0.013118524855051793	0.0	False
mouse_quick	lenadaptive_raw0.70_hmm4_cut80	PIPE-TEFM-CAP-POSTPROC-20260701	42	4096	40	163840	single_nt	0.7	length_adaptive	34486	4850	9593	114911	0.8767032743542811	0.7823680210531092	0.8268536833902775	0.269036865234375	0.240087890625	163840	0.6526717557251909	122	0.45081967213114754	0.0354431630056541	1.3133333333333332	0.08666666666666667	0.12	418	198	220	0.47368421052631576	0.04961832061068702	0.8	5	150	262	77	185	73	0.29389312977099236	0.5133333333333333	0.3737864077669903	0.9369603622468712	0.10687022900763359	0.18666666666666668	0.13592233009708737	5.0			4.0			80	0.23007383291669087	0.08459641050769473	0.006666666666666668	False
mouse_quick	lenadaptive_raw0.70_hmm4_cut150	PIPE-TEFM-CAP-POSTPROC-20260701	42	4096	40	163840	single_nt	0.7	length_adaptive	33952	4415	10127	115346	0.8849271509370031	0.7702534086526464	0.8236178832205322	0.269036865234375	0.234173583984375	163840	0.6307053941908713	360	0.5527777777777778	0.02597736506518714	2.18	0.17333333333333334	0.12	488	237	251	0.48565573770491804	0.024896265560165973	0.8	5	150	482	77	405	73	0.15975103734439833	0.5133333333333333	0.24367088607594936	0.9359943809297623	0.06016597510373444	0.19333333333333333	0.0917721518987342	4.5			4.0			150	0.09995831122564994	0.040446232309341544	0.006666666666666668	False
mouse_quick	lenadaptive_raw0.70_hmm4_cut300	PIPE-TEFM-CAP-POSTPROC-20260701	42	4096	40	163840	single_nt	0.7	length_adaptive	33467	4042	10612	115719	0.8922391959263111	0.7592504367158964	0.8203902534686474	0.269036865234375	0.228936767578125	163840	0.6545189504373178	570	0.6087719298245614	0.021749459800026218	3.12	0.26	0.12	553	269	284	0.4864376130198915	0.014577259475218658	0.8	5	150	686	76	610	74	0.11078717201166181	0.5066666666666667	0.18181818181818185	0.9392682552567083	0.04664723032069971	0.21333333333333335	0.07655502392344497	4.0			4.0			300	0.03810560696788243	0.025229104334052323	0.006666666666666668	False
mouse_quick	lenadaptive_raw0.80_hmm4_cut80	PIPE-TEFM-CAP-POSTPROC-20260701	42	4096	40	163840	single_nt	0.8	length_adaptive	34399	4745	9680	115016	0.8787809115062334	0.7803942920665169	0.826670511757567	0.269036865234375	0.238916015625	163840	0.7104072398190046	81	0.5061728395061729	0.05033771220954007	1.22	0.08666666666666667	0.12	445	206	239	0.46292134831460674	0.058823529411764705	0.8	5	150	221	76	145	74	0.3438914027149321	0.5066666666666667	0.40970350404312667	0.9365846138372337	0.12217194570135746	0.18	0.14555256064690025	5.25			4.0			80	0.26599092919282724	0.09422664105750761	0.006666666666666668	False
mouse_quick	lenadaptive_raw0.80_hmm4_cut150	PIPE-TEFM-CAP-POSTPROC-20260701	42	4096	40	163840	single_nt	0.8	length_adaptive	33585	4140	10494	115621	0.890258449304175	0.7619274484448377	0.8211089922253191	0.269036865234375	0.230255126953125	163840	0.6329113924050633	277	0.5342960288808665	0.04001790110491748	1.82	0.17333333333333334	0.12666666666666668	549	265	284	0.48269581056466304	0.030379746835443037	0.8	5	150	395	75	320	75	0.189873417721519	0.5	0.27522935779816515	0.9327769181463028	0.06582278481012659	0.17333333333333334	0.09541284403669725	5.0			4.0			150	0.13151678294786573	0.0440869244473046	0.01333333333333335	False
mouse_quick	lenadaptive_raw0.80_hmm4_cut300	PIPE-TEFM-CAP-POSTPROC-20260701	42	4096	40	163840	single_nt	0.8	length_adaptive	32807	3555	11272	116206	0.902233100489522	0.7442773202658862	0.8156785718725525	0.269036865234375	0.22193603515625	163840	0.6237623762376238	496	0.5645161290322581	0.029117126155804765	2.6466666666666665	0.24	0.12666666666666668	640	314	326	0.490625	0.0165016501650165	0.8	5	150	606	72	534	78	0.1188118811881188	0.48	0.19047619047619047	0.9391356567377306	0.0429042904290429	0.17333333333333334	0.06878306878306878	4.5			4.0			300	0.04676361562589104	0.01745714919367613	0.01333333333333335	False
