species_code	kingdom	superfamily	te_bp_raw_sum	species_genome_bp	source_label_regime
african_clawed_frog	Animal	DNA/Kolobok-T2	91497754	2718433805	external_ucsc_or_legacy_prelim
african_clawed_frog	Animal	DNA/TcMar-Tigger	50930214	2718433805	external_ucsc_or_legacy_prelim
african_clawed_frog	Animal	DNA/PIF-Harbinger	39353914	2718433805	external_ucsc_or_legacy_prelim
african_clawed_frog	Animal	DNA/hAT-Ac	17516527	2718433805	external_ucsc_or_legacy_prelim
african_clawed_frog	Animal	DNA/hAT-Charlie	16757920	2718433805	external_ucsc_or_legacy_prelim
african_clawed_frog	Animal	DNA/TcMar-Tc1	11014843	2718433805	external_ucsc_or_legacy_prelim
african_clawed_frog	Animal	Unknown	10269438	2718433805	external_ucsc_or_legacy_prelim
african_clawed_frog	Animal	LINE/CR1	8583391	2718433805	external_ucsc_or_legacy_prelim
african_clawed_frog	Animal	SINE/tRNA-V-Core-L2	1967998	2718433805	external_ucsc_or_legacy_prelim
african_clawed_frog	Animal	LINE/L1	894534	2718433805	external_ucsc_or_legacy_prelim
african_clawed_frog	Animal	DNA/hAT	669966	2718433805	external_ucsc_or_legacy_prelim
african_clawed_frog	Animal	LTR/Copia(Xen1)	257736	2718433805	external_ucsc_or_legacy_prelim
african_clawed_frog	Animal	SINE/MIR	190942	2718433805	external_ucsc_or_legacy_prelim
african_clawed_frog	Animal	DNA	111514	2718433805	external_ucsc_or_legacy_prelim
african_clawed_frog	Animal	DNA?	14604	2718433805	external_ucsc_or_legacy_prelim
african_clawed_frog	Animal	SINE/tRNA	13800	2718433805	external_ucsc_or_legacy_prelim
african_clawed_frog	Animal	LINE/Penelope	5369	2718433805	external_ucsc_or_legacy_prelim
african_clawed_frog	Animal	ARTEFACT	959	2718433805	external_ucsc_or_legacy_prelim
african_clawed_frog	Animal	LTR	197	2718433805	external_ucsc_or_legacy_prelim
african_clawed_frog	Animal	SINE/tRNA-Deu-L2	38	2718433805	external_ucsc_or_legacy_prelim
african_malaria_mosquito	Animal	LTR/Gypsy	4276344	264974304	external_ucsc_or_legacy_prelim
african_malaria_mosquito	Animal	DNA/TcMar-Tc1	3603886	264974304	external_ucsc_or_legacy_prelim
african_malaria_mosquito	Animal	LINE/CR1	3333997	264974304	external_ucsc_or_legacy_prelim
african_malaria_mosquito	Animal	LTR/Pao	2950531	264974304	external_ucsc_or_legacy_prelim
african_malaria_mosquito	Animal	DNA	2024501	264974304	external_ucsc_or_legacy_prelim
african_malaria_mosquito	Animal	SINE?	1891600	264974304	external_ucsc_or_legacy_prelim
african_malaria_mosquito	Animal	DNA/P	1495575	264974304	external_ucsc_or_legacy_prelim
african_malaria_mosquito	Animal	LINE/RTE	1443735	264974304	external_ucsc_or_legacy_prelim
african_malaria_mosquito	Animal	LINE/R1	855085	264974304	external_ucsc_or_legacy_prelim
african_malaria_mosquito	Animal	LINE/Jockey	788287	264974304	external_ucsc_or_legacy_prelim
african_malaria_mosquito	Animal	LINE/RTE-BovB	745572	264974304	external_ucsc_or_legacy_prelim
african_malaria_mosquito	Animal	DNA/PIF-Harbinger	599807	264974304	external_ucsc_or_legacy_prelim
african_malaria_mosquito	Animal	LTR/Copia	490222	264974304	external_ucsc_or_legacy_prelim
african_malaria_mosquito	Animal	DNA/hAT-Charlie	476190	264974304	external_ucsc_or_legacy_prelim
african_malaria_mosquito	Animal	LINE/I	432994	264974304	external_ucsc_or_legacy_prelim
african_malaria_mosquito	Animal	DNA/CMC-Transib	388612	264974304	external_ucsc_or_legacy_prelim
african_malaria_mosquito	Animal	RC/Helitron	323236	264974304	external_ucsc_or_legacy_prelim
african_malaria_mosquito	Animal	LINE/L2	314654	264974304	external_ucsc_or_legacy_prelim
african_malaria_mosquito	Animal	DNA/TcMar	312087	264974304	external_ucsc_or_legacy_prelim
african_malaria_mosquito	Animal	DNA/TcMar-ISRm11	293636	264974304	external_ucsc_or_legacy_prelim
african_malaria_mosquito	Animal	DNA/TcMar-Fot1	289250	264974304	external_ucsc_or_legacy_prelim
african_malaria_mosquito	Animal	DNA/hAT-Ac	244404	264974304	external_ucsc_or_legacy_prelim
african_malaria_mosquito	Animal	DNA/TcMar-Fot1?	208726	264974304	external_ucsc_or_legacy_prelim
african_malaria_mosquito	Animal	DNA/hAT-Tip100	193963	264974304	external_ucsc_or_legacy_prelim
african_malaria_mosquito	Animal	DNA/PiggyBac	193476	264974304	external_ucsc_or_legacy_prelim
african_malaria_mosquito	Animal	DNA/TcMar-Tc1?	185766	264974304	external_ucsc_or_legacy_prelim
african_malaria_mosquito	Animal	LINE/L1	151332	264974304	external_ucsc_or_legacy_prelim
african_malaria_mosquito	Animal	DNA/hAT	148835	264974304	external_ucsc_or_legacy_prelim
african_malaria_mosquito	Animal	DNA/TcMar-Mariner	89578	264974304	external_ucsc_or_legacy_prelim
african_malaria_mosquito	Animal	LINE/L1-Tx1	67390	264974304	external_ucsc_or_legacy_prelim
african_malaria_mosquito	Animal	DNA/TcMar?	65908	264974304	external_ucsc_or_legacy_prelim
african_malaria_mosquito	Animal	DNA/hAT-Tip100?	64056	264974304	external_ucsc_or_legacy_prelim
african_malaria_mosquito	Animal	Unknown	49642	264974304	external_ucsc_or_legacy_prelim
african_malaria_mosquito	Animal	DNA/Zator	42986	264974304	external_ucsc_or_legacy_prelim
african_malaria_mosquito	Animal	LTR	30631	264974304	external_ucsc_or_legacy_prelim
african_malaria_mosquito	Animal	DNA/hAT-Pegasus	29640	264974304	external_ucsc_or_legacy_prelim
african_malaria_mosquito	Animal	LINE/Dong-R4	22127	264974304	external_ucsc_or_legacy_prelim
african_malaria_mosquito	Animal	ARTEFACT	106	264974304	external_ucsc_or_legacy_prelim
c_briggsae	Animal	DNA/TcMar-Tc2	4765535	108384165	external_ucsc_or_legacy_prelim
c_briggsae	Animal	DNA	2855432	108384165	external_ucsc_or_legacy_prelim
c_briggsae	Animal	RC/Helitron	1542959	108384165	external_ucsc_or_legacy_prelim
c_briggsae	Animal	DNA/TcMar-Tc1	1385507	108384165	external_ucsc_or_legacy_prelim
c_briggsae	Animal	DNA/TcMar-Mariner	1121510	108384165	external_ucsc_or_legacy_prelim
c_briggsae	Animal	DNA/hAT	948425	108384165	external_ucsc_or_legacy_prelim
c_briggsae	Animal	DNA/MULE-MuDR	816344	108384165	external_ucsc_or_legacy_prelim
c_briggsae	Animal	DNA/TcMar-Tc4	688062	108384165	external_ucsc_or_legacy_prelim
c_briggsae	Animal	DNA/PiggyBac	658827	108384165	external_ucsc_or_legacy_prelim
c_briggsae	Animal	DNA/TcMar?	467404	108384165	external_ucsc_or_legacy_prelim
c_briggsae	Animal	DNA/TcMar-Tc1?	378171	108384165	external_ucsc_or_legacy_prelim
c_briggsae	Animal	DNA/Maverick	330530	108384165	external_ucsc_or_legacy_prelim
c_briggsae	Animal	LINE/CR1	319989	108384165	external_ucsc_or_legacy_prelim
c_briggsae	Animal	DNA/MULE-MuDR?	293080	108384165	external_ucsc_or_legacy_prelim
c_briggsae	Animal	DNA/Merlin	271804	108384165	external_ucsc_or_legacy_prelim
c_briggsae	Animal	LINE/R2-NeSL	215313	108384165	external_ucsc_or_legacy_prelim
c_briggsae	Animal	DNA/TcMar-m44	163938	108384165	external_ucsc_or_legacy_prelim
c_briggsae	Animal	LTR/Gypsy	151031	108384165	external_ucsc_or_legacy_prelim
c_briggsae	Animal	DNA/TcMar	145334	108384165	external_ucsc_or_legacy_prelim
c_briggsae	Animal	DNA/hAT-Ac	123335	108384165	external_ucsc_or_legacy_prelim
c_briggsae	Animal	DNA/CMC-Mirage	76441	108384165	external_ucsc_or_legacy_prelim
c_briggsae	Animal	LTR/DIRS	75993	108384165	external_ucsc_or_legacy_prelim
c_briggsae	Animal	DNA/Kolobok-T2	11955	108384165	external_ucsc_or_legacy_prelim
c_briggsae	Animal	ARTEFACT	37	108384165	external_ucsc_or_legacy_prelim
c_elegans	Animal	0	269366	100286401	external_ucsc_or_legacy_prelim
c_elegans	Animal	3	102764	100286401	external_ucsc_or_legacy_prelim
c_elegans	Animal	4	92788	100286401	external_ucsc_or_legacy_prelim
c_elegans	Animal	1	83549	100286401	external_ucsc_or_legacy_prelim
c_elegans	Animal	2	73027	100286401	external_ucsc_or_legacy_prelim
c_elegans	Animal	209	59185	100286401	external_ucsc_or_legacy_prelim
c_elegans	Animal	179	57580	100286401	external_ucsc_or_legacy_prelim
c_elegans	Animal	206	54207	100286401	external_ucsc_or_legacy_prelim
c_elegans	Animal	81	54082	100286401	external_ucsc_or_legacy_prelim
c_elegans	Animal	182	53735	100286401	external_ucsc_or_legacy_prelim
c_elegans	Animal	224	53501	100286401	external_ucsc_or_legacy_prelim
c_elegans	Animal	176	53260	100286401	external_ucsc_or_legacy_prelim
c_elegans	Animal	188	52442	100286401	external_ucsc_or_legacy_prelim
c_elegans	Animal	189	52177	100286401	external_ucsc_or_legacy_prelim
c_elegans	Animal	211	51871	100286401	external_ucsc_or_legacy_prelim
c_elegans	Animal	169	51734	100286401	external_ucsc_or_legacy_prelim
c_elegans	Animal	5	51448	100286401	external_ucsc_or_legacy_prelim
c_elegans	Animal	204	51347	100286401	external_ucsc_or_legacy_prelim
c_elegans	Animal	167	50748	100286401	external_ucsc_or_legacy_prelim
c_elegans	Animal	184	50619	100286401	external_ucsc_or_legacy_prelim
c_elegans	Animal	181	50280	100286401	external_ucsc_or_legacy_prelim
c_elegans	Animal	186	50262	100286401	external_ucsc_or_legacy_prelim
c_elegans	Animal	191	50119	100286401	external_ucsc_or_legacy_prelim
c_elegans	Animal	216	49812	100286401	external_ucsc_or_legacy_prelim
c_elegans	Animal	172	48134	100286401	external_ucsc_or_legacy_prelim
c_elegans	Animal	152	47566	100286401	external_ucsc_or_legacy_prelim
c_elegans	Animal	200	47519	100286401	external_ucsc_or_legacy_prelim
c_elegans	Animal	196	47332	100286401	external_ucsc_or_legacy_prelim
c_elegans	Animal	192	47331	100286401	external_ucsc_or_legacy_prelim
c_elegans	Animal	58	46796	100286401	external_ucsc_or_legacy_prelim
c_elegans	Animal	8	46289	100286401	external_ucsc_or_legacy_prelim
c_elegans	Animal	160	46270	100286401	external_ucsc_or_legacy_prelim
c_elegans	Animal	185	46086	100286401	external_ucsc_or_legacy_prelim
c_elegans	Animal	178	45769	100286401	external_ucsc_or_legacy_prelim
c_elegans	Animal	194	45708	100286401	external_ucsc_or_legacy_prelim
c_elegans	Animal	250	45358	100286401	external_ucsc_or_legacy_prelim
c_elegans	Animal	214	45323	100286401	external_ucsc_or_legacy_prelim
c_elegans	Animal	89	45147	100286401	external_ucsc_or_legacy_prelim
c_elegans	Animal	73	44962	100286401	external_ucsc_or_legacy_prelim
c_elegans	Animal	203	44938	100286401	external_ucsc_or_legacy_prelim
c_elegans	Animal	136	44853	100286401	external_ucsc_or_legacy_prelim
c_elegans	Animal	198	44832	100286401	external_ucsc_or_legacy_prelim
c_elegans	Animal	161	44801	100286401	external_ucsc_or_legacy_prelim
c_elegans	Animal	231	44493	100286401	external_ucsc_or_legacy_prelim
c_elegans	Animal	219	44194	100286401	external_ucsc_or_legacy_prelim
c_elegans	Animal	229	44126	100286401	external_ucsc_or_legacy_prelim
c_elegans	Animal	222	44061	100286401	external_ucsc_or_legacy_prelim
c_elegans	Animal	175	43602	100286401	external_ucsc_or_legacy_prelim
c_elegans	Animal	202	43485	100286401	external_ucsc_or_legacy_prelim
c_elegans	Animal	208	43284	100286401	external_ucsc_or_legacy_prelim
c_elegans	Animal	164	43134	100286401	external_ucsc_or_legacy_prelim
c_elegans	Animal	147	43067	100286401	external_ucsc_or_legacy_prelim
c_elegans	Animal	156	42963	100286401	external_ucsc_or_legacy_prelim
c_elegans	Animal	221	42915	100286401	external_ucsc_or_legacy_prelim
c_elegans	Animal	174	42869	100286401	external_ucsc_or_legacy_prelim
c_elegans	Animal	171	42700	100286401	external_ucsc_or_legacy_prelim
c_elegans	Animal	30	42621	100286401	external_ucsc_or_legacy_prelim
c_elegans	Animal	154	42203	100286401	external_ucsc_or_legacy_prelim
c_elegans	Animal	218	41983	100286401	external_ucsc_or_legacy_prelim
c_elegans	Animal	153	41629	100286401	external_ucsc_or_legacy_prelim
c_elegans	Animal	210	41613	100286401	external_ucsc_or_legacy_prelim
c_elegans	Animal	143	41532	100286401	external_ucsc_or_legacy_prelim
c_elegans	Animal	6	41518	100286401	external_ucsc_or_legacy_prelim
c_elegans	Animal	158	41152	100286401	external_ucsc_or_legacy_prelim
c_elegans	Animal	234	41059	100286401	external_ucsc_or_legacy_prelim
c_elegans	Animal	75	41045	100286401	external_ucsc_or_legacy_prelim
c_elegans	Animal	177	40899	100286401	external_ucsc_or_legacy_prelim
c_elegans	Animal	199	40885	100286401	external_ucsc_or_legacy_prelim
c_elegans	Animal	197	40642	100286401	external_ucsc_or_legacy_prelim
c_elegans	Animal	102	40338	100286401	external_ucsc_or_legacy_prelim
c_elegans	Animal	132	39997	100286401	external_ucsc_or_legacy_prelim
c_elegans	Animal	88	39865	100286401	external_ucsc_or_legacy_prelim
c_elegans	Animal	70	39773	100286401	external_ucsc_or_legacy_prelim
c_elegans	Animal	159	39553	100286401	external_ucsc_or_legacy_prelim
c_elegans	Animal	183	39520	100286401	external_ucsc_or_legacy_prelim
c_elegans	Animal	173	39428	100286401	external_ucsc_or_legacy_prelim
c_elegans	Animal	67	39360	100286401	external_ucsc_or_legacy_prelim
c_elegans	Animal	193	39264	100286401	external_ucsc_or_legacy_prelim
c_elegans	Animal	212	39238	100286401	external_ucsc_or_legacy_prelim
c_elegans	Animal	238	39094	100286401	external_ucsc_or_legacy_prelim
c_elegans	Animal	162	38963	100286401	external_ucsc_or_legacy_prelim
c_elegans	Animal	39	38893	100286401	external_ucsc_or_legacy_prelim
c_elegans	Animal	97	38870	100286401	external_ucsc_or_legacy_prelim
c_elegans	Animal	190	38781	100286401	external_ucsc_or_legacy_prelim
c_elegans	Animal	28	38715	100286401	external_ucsc_or_legacy_prelim
c_elegans	Animal	96	38618	100286401	external_ucsc_or_legacy_prelim
c_elegans	Animal	237	38524	100286401	external_ucsc_or_legacy_prelim
c_elegans	Animal	236	38493	100286401	external_ucsc_or_legacy_prelim
c_elegans	Animal	149	38443	100286401	external_ucsc_or_legacy_prelim
c_elegans	Animal	232	38396	100286401	external_ucsc_or_legacy_prelim
c_elegans	Animal	246	38137	100286401	external_ucsc_or_legacy_prelim
c_elegans	Animal	151	37898	100286401	external_ucsc_or_legacy_prelim
c_elegans	Animal	207	37820	100286401	external_ucsc_or_legacy_prelim
c_elegans	Animal	166	37724	100286401	external_ucsc_or_legacy_prelim
c_elegans	Animal	26	37635	100286401	external_ucsc_or_legacy_prelim
c_elegans	Animal	148	37625	100286401	external_ucsc_or_legacy_prelim
c_elegans	Animal	201	37560	100286401	external_ucsc_or_legacy_prelim
c_elegans	Animal	138	37465	100286401	external_ucsc_or_legacy_prelim
c_elegans	Animal	108	37219	100286401	external_ucsc_or_legacy_prelim
c_elegans	Animal	65	37205	100286401	external_ucsc_or_legacy_prelim
c_elegans	Animal	223	37173	100286401	external_ucsc_or_legacy_prelim
c_elegans	Animal	226	37158	100286401	external_ucsc_or_legacy_prelim
c_elegans	Animal	165	36945	100286401	external_ucsc_or_legacy_prelim
c_elegans	Animal	48	36941	100286401	external_ucsc_or_legacy_prelim
c_elegans	Animal	146	36836	100286401	external_ucsc_or_legacy_prelim
c_elegans	Animal	29	36836	100286401	external_ucsc_or_legacy_prelim
c_elegans	Animal	122	36741	100286401	external_ucsc_or_legacy_prelim
c_elegans	Animal	217	36695	100286401	external_ucsc_or_legacy_prelim
c_elegans	Animal	118	36654	100286401	external_ucsc_or_legacy_prelim
c_elegans	Animal	7	36560	100286401	external_ucsc_or_legacy_prelim
c_elegans	Animal	248	36514	100286401	external_ucsc_or_legacy_prelim
c_elegans	Animal	144	36484	100286401	external_ucsc_or_legacy_prelim
c_elegans	Animal	35	36467	100286401	external_ucsc_or_legacy_prelim
c_elegans	Animal	180	36321	100286401	external_ucsc_or_legacy_prelim
c_elegans	Animal	111	36317	100286401	external_ucsc_or_legacy_prelim
c_elegans	Animal	104	36253	100286401	external_ucsc_or_legacy_prelim
c_elegans	Animal	68	36207	100286401	external_ucsc_or_legacy_prelim
c_elegans	Animal	16	36154	100286401	external_ucsc_or_legacy_prelim
c_elegans	Animal	239	36106	100286401	external_ucsc_or_legacy_prelim
c_elegans	Animal	91	36073	100286401	external_ucsc_or_legacy_prelim
c_elegans	Animal	112	35926	100286401	external_ucsc_or_legacy_prelim
c_elegans	Animal	60	35747	100286401	external_ucsc_or_legacy_prelim
c_elegans	Animal	33	35697	100286401	external_ucsc_or_legacy_prelim
c_elegans	Animal	40	35696	100286401	external_ucsc_or_legacy_prelim
c_elegans	Animal	87	35630	100286401	external_ucsc_or_legacy_prelim
c_elegans	Animal	220	35515	100286401	external_ucsc_or_legacy_prelim
c_elegans	Animal	24	35458	100286401	external_ucsc_or_legacy_prelim
c_elegans	Animal	168	35397	100286401	external_ucsc_or_legacy_prelim
c_elegans	Animal	25	35362	100286401	external_ucsc_or_legacy_prelim
c_elegans	Animal	92	35294	100286401	external_ucsc_or_legacy_prelim
c_elegans	Animal	195	35277	100286401	external_ucsc_or_legacy_prelim
c_elegans	Animal	53	35276	100286401	external_ucsc_or_legacy_prelim
c_elegans	Animal	47	35263	100286401	external_ucsc_or_legacy_prelim
c_elegans	Animal	235	35226	100286401	external_ucsc_or_legacy_prelim
c_elegans	Animal	242	35104	100286401	external_ucsc_or_legacy_prelim
c_elegans	Animal	121	35087	100286401	external_ucsc_or_legacy_prelim
c_elegans	Animal	157	35069	100286401	external_ucsc_or_legacy_prelim
c_elegans	Animal	98	35046	100286401	external_ucsc_or_legacy_prelim
c_elegans	Animal	133	34957	100286401	external_ucsc_or_legacy_prelim
c_elegans	Animal	82	34876	100286401	external_ucsc_or_legacy_prelim
c_elegans	Animal	155	34832	100286401	external_ucsc_or_legacy_prelim
c_elegans	Animal	254	34778	100286401	external_ucsc_or_legacy_prelim
c_elegans	Animal	205	34697	100286401	external_ucsc_or_legacy_prelim
c_elegans	Animal	106	34651	100286401	external_ucsc_or_legacy_prelim
c_elegans	Animal	225	34641	100286401	external_ucsc_or_legacy_prelim
c_elegans	Animal	103	34599	100286401	external_ucsc_or_legacy_prelim
c_elegans	Animal	170	34283	100286401	external_ucsc_or_legacy_prelim
c_elegans	Animal	93	34180	100286401	external_ucsc_or_legacy_prelim
c_elegans	Animal	45	34153	100286401	external_ucsc_or_legacy_prelim
c_elegans	Animal	37	34131	100286401	external_ucsc_or_legacy_prelim
c_elegans	Animal	124	33968	100286401	external_ucsc_or_legacy_prelim
c_elegans	Animal	213	33940	100286401	external_ucsc_or_legacy_prelim
c_elegans	Animal	142	33790	100286401	external_ucsc_or_legacy_prelim
c_elegans	Animal	50	33662	100286401	external_ucsc_or_legacy_prelim
c_elegans	Animal	227	33651	100286401	external_ucsc_or_legacy_prelim
c_elegans	Animal	115	33625	100286401	external_ucsc_or_legacy_prelim
c_elegans	Animal	69	33606	100286401	external_ucsc_or_legacy_prelim
c_elegans	Animal	244	33388	100286401	external_ucsc_or_legacy_prelim
c_elegans	Animal	134	33258	100286401	external_ucsc_or_legacy_prelim
c_elegans	Animal	42	33249	100286401	external_ucsc_or_legacy_prelim
c_elegans	Animal	245	33199	100286401	external_ucsc_or_legacy_prelim
c_elegans	Animal	80	33172	100286401	external_ucsc_or_legacy_prelim
c_elegans	Animal	101	33164	100286401	external_ucsc_or_legacy_prelim
c_elegans	Animal	129	33146	100286401	external_ucsc_or_legacy_prelim
c_elegans	Animal	228	33065	100286401	external_ucsc_or_legacy_prelim
c_elegans	Animal	114	33058	100286401	external_ucsc_or_legacy_prelim
c_elegans	Animal	233	33055	100286401	external_ucsc_or_legacy_prelim
c_elegans	Animal	52	33030	100286401	external_ucsc_or_legacy_prelim
c_elegans	Animal	86	33027	100286401	external_ucsc_or_legacy_prelim
c_elegans	Animal	230	32968	100286401	external_ucsc_or_legacy_prelim
c_elegans	Animal	10	32880	100286401	external_ucsc_or_legacy_prelim
c_elegans	Animal	113	32727	100286401	external_ucsc_or_legacy_prelim
c_elegans	Animal	187	32582	100286401	external_ucsc_or_legacy_prelim
c_elegans	Animal	125	32431	100286401	external_ucsc_or_legacy_prelim
c_elegans	Animal	74	32424	100286401	external_ucsc_or_legacy_prelim
c_elegans	Animal	105	32423	100286401	external_ucsc_or_legacy_prelim
c_elegans	Animal	141	32392	100286401	external_ucsc_or_legacy_prelim
c_elegans	Animal	119	32262	100286401	external_ucsc_or_legacy_prelim
c_elegans	Animal	109	32120	100286401	external_ucsc_or_legacy_prelim
c_elegans	Animal	59	32082	100286401	external_ucsc_or_legacy_prelim
c_elegans	Animal	117	32072	100286401	external_ucsc_or_legacy_prelim
c_elegans	Animal	163	31905	100286401	external_ucsc_or_legacy_prelim
c_elegans	Animal	31	31901	100286401	external_ucsc_or_legacy_prelim
c_elegans	Animal	135	31725	100286401	external_ucsc_or_legacy_prelim
c_elegans	Animal	145	31655	100286401	external_ucsc_or_legacy_prelim
c_elegans	Animal	46	31582	100286401	external_ucsc_or_legacy_prelim
c_elegans	Animal	38	31465	100286401	external_ucsc_or_legacy_prelim
c_elegans	Animal	62	31458	100286401	external_ucsc_or_legacy_prelim
c_elegans	Animal	256	31291	100286401	external_ucsc_or_legacy_prelim
c_elegans	Animal	100	31168	100286401	external_ucsc_or_legacy_prelim
c_elegans	Animal	107	31070	100286401	external_ucsc_or_legacy_prelim
c_elegans	Animal	252	30963	100286401	external_ucsc_or_legacy_prelim
c_elegans	Animal	139	30920	100286401	external_ucsc_or_legacy_prelim
c_elegans	Animal	215	30788	100286401	external_ucsc_or_legacy_prelim
c_elegans	Animal	123	30725	100286401	external_ucsc_or_legacy_prelim
c_elegans	Animal	127	30521	100286401	external_ucsc_or_legacy_prelim
c_elegans	Animal	126	30519	100286401	external_ucsc_or_legacy_prelim
c_elegans	Animal	150	30480	100286401	external_ucsc_or_legacy_prelim
c_elegans	Animal	72	30205	100286401	external_ucsc_or_legacy_prelim
c_elegans	Animal	241	29736	100286401	external_ucsc_or_legacy_prelim
c_elegans	Animal	137	29727	100286401	external_ucsc_or_legacy_prelim
c_elegans	Animal	95	29543	100286401	external_ucsc_or_legacy_prelim
c_elegans	Animal	247	29478	100286401	external_ucsc_or_legacy_prelim
c_elegans	Animal	99	29452	100286401	external_ucsc_or_legacy_prelim
c_elegans	Animal	243	29432	100286401	external_ucsc_or_legacy_prelim
c_elegans	Animal	83	29423	100286401	external_ucsc_or_legacy_prelim
c_elegans	Animal	128	29250	100286401	external_ucsc_or_legacy_prelim
c_elegans	Animal	130	29093	100286401	external_ucsc_or_legacy_prelim
c_elegans	Animal	77	29001	100286401	external_ucsc_or_legacy_prelim
c_elegans	Animal	27	28725	100286401	external_ucsc_or_legacy_prelim
c_elegans	Animal	266	28537	100286401	external_ucsc_or_legacy_prelim
c_elegans	Animal	84	28367	100286401	external_ucsc_or_legacy_prelim
c_elegans	Animal	79	28207	100286401	external_ucsc_or_legacy_prelim
c_elegans	Animal	34	28160	100286401	external_ucsc_or_legacy_prelim
c_elegans	Animal	240	28148	100286401	external_ucsc_or_legacy_prelim
c_elegans	Animal	90	28116	100286401	external_ucsc_or_legacy_prelim
c_elegans	Animal	49	28026	100286401	external_ucsc_or_legacy_prelim
c_elegans	Animal	131	27887	100286401	external_ucsc_or_legacy_prelim
c_elegans	Animal	85	27738	100286401	external_ucsc_or_legacy_prelim
c_elegans	Animal	54	27527	100286401	external_ucsc_or_legacy_prelim
c_elegans	Animal	71	27300	100286401	external_ucsc_or_legacy_prelim
c_elegans	Animal	32	27226	100286401	external_ucsc_or_legacy_prelim
c_elegans	Animal	76	27204	100286401	external_ucsc_or_legacy_prelim
c_elegans	Animal	44	26949	100286401	external_ucsc_or_legacy_prelim
c_elegans	Animal	264	26778	100286401	external_ucsc_or_legacy_prelim
c_elegans	Animal	140	26732	100286401	external_ucsc_or_legacy_prelim
c_elegans	Animal	116	26731	100286401	external_ucsc_or_legacy_prelim
c_elegans	Animal	63	26642	100286401	external_ucsc_or_legacy_prelim
c_elegans	Animal	249	26527	100286401	external_ucsc_or_legacy_prelim
c_elegans	Animal	61	26511	100286401	external_ucsc_or_legacy_prelim
c_elegans	Animal	78	26314	100286401	external_ucsc_or_legacy_prelim
c_elegans	Animal	259	26106	100286401	external_ucsc_or_legacy_prelim
c_elegans	Animal	261	26106	100286401	external_ucsc_or_legacy_prelim
c_elegans	Animal	120	26011	100286401	external_ucsc_or_legacy_prelim
c_elegans	Animal	21	25976	100286401	external_ucsc_or_legacy_prelim
c_elegans	Animal	110	25903	100286401	external_ucsc_or_legacy_prelim
c_elegans	Animal	19	25870	100286401	external_ucsc_or_legacy_prelim
c_elegans	Animal	57	25786	100286401	external_ucsc_or_legacy_prelim
c_elegans	Animal	41	25414	100286401	external_ucsc_or_legacy_prelim
c_elegans	Animal	51	25386	100286401	external_ucsc_or_legacy_prelim
c_elegans	Animal	15	25222	100286401	external_ucsc_or_legacy_prelim
c_elegans	Animal	269	25172	100286401	external_ucsc_or_legacy_prelim
c_elegans	Animal	43	25024	100286401	external_ucsc_or_legacy_prelim
c_elegans	Animal	253	24807	100286401	external_ucsc_or_legacy_prelim
c_elegans	Animal	284	24796	100286401	external_ucsc_or_legacy_prelim
c_elegans	Animal	262	24272	100286401	external_ucsc_or_legacy_prelim
c_elegans	Animal	94	24188	100286401	external_ucsc_or_legacy_prelim
c_elegans	Animal	287	24182	100286401	external_ucsc_or_legacy_prelim
c_elegans	Animal	64	24120	100286401	external_ucsc_or_legacy_prelim
c_elegans	Animal	274	23344	100286401	external_ucsc_or_legacy_prelim
c_elegans	Animal	22	23310	100286401	external_ucsc_or_legacy_prelim
c_elegans	Animal	13	23257	100286401	external_ucsc_or_legacy_prelim
c_elegans	Animal	260	23217	100286401	external_ucsc_or_legacy_prelim
c_elegans	Animal	9	23185	100286401	external_ucsc_or_legacy_prelim
c_elegans	Animal	271	22953	100286401	external_ucsc_or_legacy_prelim
c_elegans	Animal	251	22849	100286401	external_ucsc_or_legacy_prelim
c_elegans	Animal	55	22699	100286401	external_ucsc_or_legacy_prelim
c_elegans	Animal	265	22655	100286401	external_ucsc_or_legacy_prelim
c_elegans	Animal	258	22514	100286401	external_ucsc_or_legacy_prelim
c_elegans	Animal	255	22093	100286401	external_ucsc_or_legacy_prelim
c_elegans	Animal	279	22088	100286401	external_ucsc_or_legacy_prelim
c_elegans	Animal	263	21725	100286401	external_ucsc_or_legacy_prelim
c_elegans	Animal	276	21611	100286401	external_ucsc_or_legacy_prelim
c_elegans	Animal	268	21581	100286401	external_ucsc_or_legacy_prelim
c_elegans	Animal	270	21480	100286401	external_ucsc_or_legacy_prelim
c_elegans	Animal	23	21349	100286401	external_ucsc_or_legacy_prelim
c_elegans	Animal	257	21290	100286401	external_ucsc_or_legacy_prelim
c_elegans	Animal	278	21265	100286401	external_ucsc_or_legacy_prelim
c_elegans	Animal	282	21032	100286401	external_ucsc_or_legacy_prelim
c_elegans	Animal	277	20466	100286401	external_ucsc_or_legacy_prelim
c_elegans	Animal	275	20256	100286401	external_ucsc_or_legacy_prelim
c_elegans	Animal	267	20249	100286401	external_ucsc_or_legacy_prelim
c_elegans	Animal	20	20216	100286401	external_ucsc_or_legacy_prelim
c_elegans	Animal	66	19782	100286401	external_ucsc_or_legacy_prelim
c_elegans	Animal	281	19676	100286401	external_ucsc_or_legacy_prelim
c_elegans	Animal	56	19555	100286401	external_ucsc_or_legacy_prelim
c_elegans	Animal	12	19050	100286401	external_ucsc_or_legacy_prelim
c_elegans	Animal	36	18831	100286401	external_ucsc_or_legacy_prelim
c_elegans	Animal	14	18690	100286401	external_ucsc_or_legacy_prelim
c_elegans	Animal	291	18191	100286401	external_ucsc_or_legacy_prelim
c_elegans	Animal	272	18095	100286401	external_ucsc_or_legacy_prelim
c_elegans	Animal	288	17721	100286401	external_ucsc_or_legacy_prelim
c_elegans	Animal	273	17674	100286401	external_ucsc_or_legacy_prelim
c_elegans	Animal	11	16762	100286401	external_ucsc_or_legacy_prelim
c_elegans	Animal	309	16160	100286401	external_ucsc_or_legacy_prelim
c_elegans	Animal	17	15816	100286401	external_ucsc_or_legacy_prelim
c_elegans	Animal	298	15573	100286401	external_ucsc_or_legacy_prelim
c_elegans	Animal	18	15520	100286401	external_ucsc_or_legacy_prelim
c_elegans	Animal	292	15191	100286401	external_ucsc_or_legacy_prelim
c_elegans	Animal	286	15072	100286401	external_ucsc_or_legacy_prelim
c_elegans	Animal	283	15031	100286401	external_ucsc_or_legacy_prelim
c_elegans	Animal	304	14571	100286401	external_ucsc_or_legacy_prelim
c_elegans	Animal	280	14249	100286401	external_ucsc_or_legacy_prelim
c_elegans	Animal	296	13868	100286401	external_ucsc_or_legacy_prelim
c_elegans	Animal	289	13604	100286401	external_ucsc_or_legacy_prelim
c_elegans	Animal	317	11849	100286401	external_ucsc_or_legacy_prelim
c_elegans	Animal	290	11697	100286401	external_ucsc_or_legacy_prelim
c_elegans	Animal	311	11545	100286401	external_ucsc_or_legacy_prelim
c_elegans	Animal	293	11223	100286401	external_ucsc_or_legacy_prelim
c_elegans	Animal	314	10511	100286401	external_ucsc_or_legacy_prelim
c_elegans	Animal	327	10373	100286401	external_ucsc_or_legacy_prelim
c_elegans	Animal	294	10368	100286401	external_ucsc_or_legacy_prelim
c_elegans	Animal	299	10261	100286401	external_ucsc_or_legacy_prelim
c_elegans	Animal	285	10072	100286401	external_ucsc_or_legacy_prelim
c_elegans	Animal	326	9542	100286401	external_ucsc_or_legacy_prelim
c_elegans	Animal	302	9200	100286401	external_ucsc_or_legacy_prelim
c_elegans	Animal	297	9064	100286401	external_ucsc_or_legacy_prelim
c_elegans	Animal	333	8768	100286401	external_ucsc_or_legacy_prelim
c_elegans	Animal	312	8553	100286401	external_ucsc_or_legacy_prelim
c_elegans	Animal	301	8460	100286401	external_ucsc_or_legacy_prelim
c_elegans	Animal	295	8428	100286401	external_ucsc_or_legacy_prelim
c_elegans	Animal	307	8249	100286401	external_ucsc_or_legacy_prelim
c_elegans	Animal	316	8071	100286401	external_ucsc_or_legacy_prelim
c_elegans	Animal	319	8049	100286401	external_ucsc_or_legacy_prelim
c_elegans	Animal	300	7613	100286401	external_ucsc_or_legacy_prelim
c_elegans	Animal	339	7567	100286401	external_ucsc_or_legacy_prelim
c_elegans	Animal	331	7255	100286401	external_ucsc_or_legacy_prelim
c_elegans	Animal	335	7142	100286401	external_ucsc_or_legacy_prelim
c_elegans	Animal	306	6966	100286401	external_ucsc_or_legacy_prelim
c_elegans	Animal	305	6851	100286401	external_ucsc_or_legacy_prelim
c_elegans	Animal	313	6534	100286401	external_ucsc_or_legacy_prelim
c_elegans	Animal	308	6411	100286401	external_ucsc_or_legacy_prelim
c_elegans	Animal	328	5965	100286401	external_ucsc_or_legacy_prelim
c_elegans	Animal	315	5847	100286401	external_ucsc_or_legacy_prelim
c_elegans	Animal	349	5402	100286401	external_ucsc_or_legacy_prelim
c_elegans	Animal	310	5216	100286401	external_ucsc_or_legacy_prelim
c_elegans	Animal	345	5013	100286401	external_ucsc_or_legacy_prelim
c_elegans	Animal	320	4655	100286401	external_ucsc_or_legacy_prelim
c_elegans	Animal	329	4652	100286401	external_ucsc_or_legacy_prelim
c_elegans	Animal	303	4442	100286401	external_ucsc_or_legacy_prelim
c_elegans	Animal	322	4428	100286401	external_ucsc_or_legacy_prelim
c_elegans	Animal	338	4192	100286401	external_ucsc_or_legacy_prelim
c_elegans	Animal	347	3931	100286401	external_ucsc_or_legacy_prelim
c_elegans	Animal	334	3759	100286401	external_ucsc_or_legacy_prelim
c_elegans	Animal	330	3669	100286401	external_ucsc_or_legacy_prelim
c_elegans	Animal	318	3582	100286401	external_ucsc_or_legacy_prelim
c_elegans	Animal	344	3566	100286401	external_ucsc_or_legacy_prelim
c_elegans	Animal	336	3482	100286401	external_ucsc_or_legacy_prelim
c_elegans	Animal	325	3308	100286401	external_ucsc_or_legacy_prelim
c_elegans	Animal	350	3301	100286401	external_ucsc_or_legacy_prelim
c_elegans	Animal	324	3110	100286401	external_ucsc_or_legacy_prelim
c_elegans	Animal	323	3036	100286401	external_ucsc_or_legacy_prelim
c_elegans	Animal	346	2998	100286401	external_ucsc_or_legacy_prelim
c_elegans	Animal	340	2891	100286401	external_ucsc_or_legacy_prelim
c_elegans	Animal	321	2855	100286401	external_ucsc_or_legacy_prelim
c_elegans	Animal	332	2744	100286401	external_ucsc_or_legacy_prelim
c_elegans	Animal	343	2559	100286401	external_ucsc_or_legacy_prelim
c_elegans	Animal	342	2415	100286401	external_ucsc_or_legacy_prelim
c_elegans	Animal	367	2129	100286401	external_ucsc_or_legacy_prelim
c_elegans	Animal	360	2010	100286401	external_ucsc_or_legacy_prelim
c_elegans	Animal	351	1938	100286401	external_ucsc_or_legacy_prelim
c_elegans	Animal	341	1724	100286401	external_ucsc_or_legacy_prelim
c_elegans	Animal	362	1593	100286401	external_ucsc_or_legacy_prelim
c_elegans	Animal	337	1273	100286401	external_ucsc_or_legacy_prelim
c_elegans	Animal	375	1238	100286401	external_ucsc_or_legacy_prelim
c_elegans	Animal	356	1230	100286401	external_ucsc_or_legacy_prelim
c_elegans	Animal	348	1199	100286401	external_ucsc_or_legacy_prelim
c_elegans	Animal	359	1127	100286401	external_ucsc_or_legacy_prelim
c_elegans	Animal	355	724	100286401	external_ucsc_or_legacy_prelim
c_elegans	Animal	370	693	100286401	external_ucsc_or_legacy_prelim
c_elegans	Animal	361	690	100286401	external_ucsc_or_legacy_prelim
c_elegans	Animal	353	606	100286401	external_ucsc_or_legacy_prelim
c_elegans	Animal	384	278	100286401	external_ucsc_or_legacy_prelim
c_elegans	Animal	364	234	100286401	external_ucsc_or_legacy_prelim
c_elegans	Animal	365	204	100286401	external_ucsc_or_legacy_prelim
c_elegans	Animal	368	177	100286401	external_ucsc_or_legacy_prelim
c_elegans	Animal	357	157	100286401	external_ucsc_or_legacy_prelim
c_elegans	Animal	352	148	100286401	external_ucsc_or_legacy_prelim
c_elegans	Animal	363	102	100286401	external_ucsc_or_legacy_prelim
cattle	Animal	52	7296790	2715853792	external_ucsc_or_legacy_prelim
cattle	Animal	48	7275390	2715853792	external_ucsc_or_legacy_prelim
cattle	Animal	164	7050058	2715853792	external_ucsc_or_legacy_prelim
cattle	Animal	179	6868103	2715853792	external_ucsc_or_legacy_prelim
cattle	Animal	44	6218953	2715853792	external_ucsc_or_legacy_prelim
cattle	Animal	194	6216463	2715853792	external_ucsc_or_legacy_prelim
cattle	Animal	37	5943666	2715853792	external_ucsc_or_legacy_prelim
cattle	Animal	40	5933300	2715853792	external_ucsc_or_legacy_prelim
cattle	Animal	149	5899530	2715853792	external_ucsc_or_legacy_prelim
cattle	Animal	55	5832731	2715853792	external_ucsc_or_legacy_prelim
cattle	Animal	30	5785433	2715853792	external_ucsc_or_legacy_prelim
cattle	Animal	45	5504561	2715853792	external_ucsc_or_legacy_prelim
cattle	Animal	42	5403163	2715853792	external_ucsc_or_legacy_prelim
cattle	Animal	209	5401127	2715853792	external_ucsc_or_legacy_prelim
cattle	Animal	41	5369460	2715853792	external_ucsc_or_legacy_prelim
cattle	Animal	33	5310327	2715853792	external_ucsc_or_legacy_prelim
cattle	Animal	35	5309512	2715853792	external_ucsc_or_legacy_prelim
cattle	Animal	134	5224724	2715853792	external_ucsc_or_legacy_prelim
cattle	Animal	38	5083446	2715853792	external_ucsc_or_legacy_prelim
cattle	Animal	34	5059526	2715853792	external_ucsc_or_legacy_prelim
cattle	Animal	62	5027864	2715853792	external_ucsc_or_legacy_prelim
cattle	Animal	224	4974940	2715853792	external_ucsc_or_legacy_prelim
cattle	Animal	59	4965561	2715853792	external_ucsc_or_legacy_prelim
cattle	Animal	122	4907625	2715853792	external_ucsc_or_legacy_prelim
cattle	Animal	70	4904979	2715853792	external_ucsc_or_legacy_prelim
cattle	Animal	31	4885243	2715853792	external_ucsc_or_legacy_prelim
cattle	Animal	169	4881448	2715853792	external_ucsc_or_legacy_prelim
cattle	Animal	174	4846287	2715853792	external_ucsc_or_legacy_prelim
cattle	Animal	141	4823747	2715853792	external_ucsc_or_legacy_prelim
cattle	Animal	50	4798311	2715853792	external_ucsc_or_legacy_prelim
cattle	Animal	152	4796196	2715853792	external_ucsc_or_legacy_prelim
cattle	Animal	138	4785251	2715853792	external_ucsc_or_legacy_prelim
cattle	Animal	161	4780759	2715853792	external_ucsc_or_legacy_prelim
cattle	Animal	176	4773634	2715853792	external_ucsc_or_legacy_prelim
cattle	Animal	167	4753454	2715853792	external_ucsc_or_legacy_prelim
cattle	Animal	231	4753409	2715853792	external_ucsc_or_legacy_prelim
cattle	Animal	56	4737932	2715853792	external_ucsc_or_legacy_prelim
cattle	Animal	112	4726000	2715853792	external_ucsc_or_legacy_prelim
cattle	Animal	191	4715235	2715853792	external_ucsc_or_legacy_prelim
cattle	Animal	119	4705959	2715853792	external_ucsc_or_legacy_prelim
cattle	Animal	118	4701597	2715853792	external_ucsc_or_legacy_prelim
cattle	Animal	188	4700243	2715853792	external_ucsc_or_legacy_prelim
cattle	Animal	144	4697223	2715853792	external_ucsc_or_legacy_prelim
cattle	Animal	29	4693176	2715853792	external_ucsc_or_legacy_prelim
cattle	Animal	148	4689889	2715853792	external_ucsc_or_legacy_prelim
cattle	Animal	39	4674560	2715853792	external_ucsc_or_legacy_prelim
cattle	Animal	250	4674406	2715853792	external_ucsc_or_legacy_prelim
cattle	Animal	211	4663319	2715853792	external_ucsc_or_legacy_prelim
cattle	Animal	128	4648615	2715853792	external_ucsc_or_legacy_prelim
cattle	Animal	126	4648044	2715853792	external_ucsc_or_legacy_prelim
cattle	Animal	124	4633293	2715853792	external_ucsc_or_legacy_prelim
cattle	Animal	108	4631271	2715853792	external_ucsc_or_legacy_prelim
cattle	Animal	132	4621366	2715853792	external_ucsc_or_legacy_prelim
cattle	Animal	159	4614703	2715853792	external_ucsc_or_legacy_prelim
cattle	Animal	32	4610734	2715853792	external_ucsc_or_legacy_prelim
cattle	Animal	239	4604991	2715853792	external_ucsc_or_legacy_prelim
cattle	Animal	158	4559479	2715853792	external_ucsc_or_legacy_prelim
cattle	Animal	136	4543365	2715853792	external_ucsc_or_legacy_prelim
cattle	Animal	53	4542311	2715853792	external_ucsc_or_legacy_prelim
cattle	Animal	129	4542023	2715853792	external_ucsc_or_legacy_prelim
cattle	Animal	143	4513326	2715853792	external_ucsc_or_legacy_prelim
cattle	Animal	146	4513176	2715853792	external_ucsc_or_legacy_prelim
cattle	Animal	200	4511752	2715853792	external_ucsc_or_legacy_prelim
cattle	Animal	60	4511235	2715853792	external_ucsc_or_legacy_prelim
cattle	Animal	139	4505811	2715853792	external_ucsc_or_legacy_prelim
cattle	Animal	219	4475534	2715853792	external_ucsc_or_legacy_prelim
cattle	Animal	113	4471554	2715853792	external_ucsc_or_legacy_prelim
cattle	Animal	171	4463173	2715853792	external_ucsc_or_legacy_prelim
cattle	Animal	168	4456951	2715853792	external_ucsc_or_legacy_prelim
cattle	Animal	36	4435247	2715853792	external_ucsc_or_legacy_prelim
cattle	Animal	151	4419123	2715853792	external_ucsc_or_legacy_prelim
cattle	Animal	154	4390590	2715853792	external_ucsc_or_legacy_prelim
cattle	Animal	117	4372970	2715853792	external_ucsc_or_legacy_prelim
cattle	Animal	47	4370462	2715853792	external_ucsc_or_legacy_prelim
cattle	Animal	111	4364489	2715853792	external_ucsc_or_legacy_prelim
cattle	Animal	98	4361492	2715853792	external_ucsc_or_legacy_prelim
cattle	Animal	130	4355552	2715853792	external_ucsc_or_legacy_prelim
cattle	Animal	137	4352745	2715853792	external_ucsc_or_legacy_prelim
cattle	Animal	28	4351667	2715853792	external_ucsc_or_legacy_prelim
cattle	Animal	186	4348341	2715853792	external_ucsc_or_legacy_prelim
cattle	Animal	127	4346351	2715853792	external_ucsc_or_legacy_prelim
cattle	Animal	229	4343977	2715853792	external_ucsc_or_legacy_prelim
cattle	Animal	246	4339723	2715853792	external_ucsc_or_legacy_prelim
cattle	Animal	102	4337225	2715853792	external_ucsc_or_legacy_prelim
cattle	Animal	206	4335620	2715853792	external_ucsc_or_legacy_prelim
cattle	Animal	147	4335144	2715853792	external_ucsc_or_legacy_prelim
cattle	Animal	162	4324042	2715853792	external_ucsc_or_legacy_prelim
cattle	Animal	156	4317913	2715853792	external_ucsc_or_legacy_prelim
cattle	Animal	142	4317426	2715853792	external_ucsc_or_legacy_prelim
cattle	Animal	121	4314864	2715853792	external_ucsc_or_legacy_prelim
cattle	Animal	49	4314304	2715853792	external_ucsc_or_legacy_prelim
cattle	Animal	43	4310122	2715853792	external_ucsc_or_legacy_prelim
cattle	Animal	107	4301790	2715853792	external_ucsc_or_legacy_prelim
cattle	Animal	214	4288728	2715853792	external_ucsc_or_legacy_prelim
cattle	Animal	133	4288202	2715853792	external_ucsc_or_legacy_prelim
cattle	Animal	153	4287401	2715853792	external_ucsc_or_legacy_prelim
cattle	Animal	131	4277513	2715853792	external_ucsc_or_legacy_prelim
cattle	Animal	58	4276217	2715853792	external_ucsc_or_legacy_prelim
cattle	Animal	204	4267866	2715853792	external_ucsc_or_legacy_prelim
cattle	Animal	254	4258367	2715853792	external_ucsc_or_legacy_prelim
cattle	Animal	157	4255280	2715853792	external_ucsc_or_legacy_prelim
cattle	Animal	57	4242522	2715853792	external_ucsc_or_legacy_prelim
cattle	Animal	172	4237354	2715853792	external_ucsc_or_legacy_prelim
cattle	Animal	184	4236200	2715853792	external_ucsc_or_legacy_prelim
cattle	Animal	181	4230240	2715853792	external_ucsc_or_legacy_prelim
cattle	Animal	63	4227003	2715853792	external_ucsc_or_legacy_prelim
cattle	Animal	189	4218121	2715853792	external_ucsc_or_legacy_prelim
cattle	Animal	241	4214628	2715853792	external_ucsc_or_legacy_prelim
cattle	Animal	221	4207798	2715853792	external_ucsc_or_legacy_prelim
cattle	Animal	103	4199193	2715853792	external_ucsc_or_legacy_prelim
cattle	Animal	109	4198800	2715853792	external_ucsc_or_legacy_prelim
cattle	Animal	244	4194293	2715853792	external_ucsc_or_legacy_prelim
cattle	Animal	182	4179614	2715853792	external_ucsc_or_legacy_prelim
cattle	Animal	114	4171924	2715853792	external_ucsc_or_legacy_prelim
cattle	Animal	271	4167805	2715853792	external_ucsc_or_legacy_prelim
cattle	Animal	196	4167114	2715853792	external_ucsc_or_legacy_prelim
cattle	Animal	261	4166196	2715853792	external_ucsc_or_legacy_prelim
cattle	Animal	274	4154814	2715853792	external_ucsc_or_legacy_prelim
cattle	Animal	135	4149978	2715853792	external_ucsc_or_legacy_prelim
cattle	Animal	234	4144207	2715853792	external_ucsc_or_legacy_prelim
cattle	Animal	226	4141173	2715853792	external_ucsc_or_legacy_prelim
cattle	Animal	256	4135518	2715853792	external_ucsc_or_legacy_prelim
cattle	Animal	269	4127523	2715853792	external_ucsc_or_legacy_prelim
cattle	Animal	264	4116045	2715853792	external_ucsc_or_legacy_prelim
cattle	Animal	125	4107974	2715853792	external_ucsc_or_legacy_prelim
cattle	Animal	216	4105569	2715853792	external_ucsc_or_legacy_prelim
cattle	Animal	123	4100208	2715853792	external_ucsc_or_legacy_prelim
cattle	Animal	236	4098341	2715853792	external_ucsc_or_legacy_prelim
cattle	Animal	286	4075684	2715853792	external_ucsc_or_legacy_prelim
cattle	Animal	116	4072803	2715853792	external_ucsc_or_legacy_prelim
cattle	Animal	99	4046003	2715853792	external_ucsc_or_legacy_prelim
cattle	Animal	46	4032610	2715853792	external_ucsc_or_legacy_prelim
cattle	Animal	279	4016020	2715853792	external_ucsc_or_legacy_prelim
cattle	Animal	68	4010897	2715853792	external_ucsc_or_legacy_prelim
cattle	Animal	203	4010536	2715853792	external_ucsc_or_legacy_prelim
cattle	Animal	259	4010464	2715853792	external_ucsc_or_legacy_prelim
cattle	Animal	202	4000370	2715853792	external_ucsc_or_legacy_prelim
cattle	Animal	222	3997566	2715853792	external_ucsc_or_legacy_prelim
cattle	Animal	276	3991206	2715853792	external_ucsc_or_legacy_prelim
cattle	Animal	67	3977978	2715853792	external_ucsc_or_legacy_prelim
cattle	Animal	155	3975419	2715853792	external_ucsc_or_legacy_prelim
cattle	Animal	178	3970539	2715853792	external_ucsc_or_legacy_prelim
cattle	Animal	266	3965343	2715853792	external_ucsc_or_legacy_prelim
cattle	Animal	208	3963600	2715853792	external_ucsc_or_legacy_prelim
cattle	Animal	65	3961268	2715853792	external_ucsc_or_legacy_prelim
cattle	Animal	185	3960961	2715853792	external_ucsc_or_legacy_prelim
cattle	Animal	26	3951266	2715853792	external_ucsc_or_legacy_prelim
cattle	Animal	212	3934604	2715853792	external_ucsc_or_legacy_prelim
cattle	Animal	120	3933755	2715853792	external_ucsc_or_legacy_prelim
cattle	Animal	192	3912023	2715853792	external_ucsc_or_legacy_prelim
cattle	Animal	106	3906393	2715853792	external_ucsc_or_legacy_prelim
cattle	Animal	66	3889191	2715853792	external_ucsc_or_legacy_prelim
cattle	Animal	78	3885210	2715853792	external_ucsc_or_legacy_prelim
cattle	Animal	232	3884397	2715853792	external_ucsc_or_legacy_prelim
cattle	Animal	197	3881072	2715853792	external_ucsc_or_legacy_prelim
cattle	Animal	281	3863976	2715853792	external_ucsc_or_legacy_prelim
cattle	Animal	284	3862985	2715853792	external_ucsc_or_legacy_prelim
cattle	Animal	238	3861247	2715853792	external_ucsc_or_legacy_prelim
cattle	Animal	54	3860546	2715853792	external_ucsc_or_legacy_prelim
cattle	Animal	262	3858973	2715853792	external_ucsc_or_legacy_prelim
cattle	Animal	93	3852804	2715853792	external_ucsc_or_legacy_prelim
cattle	Animal	198	3847459	2715853792	external_ucsc_or_legacy_prelim
cattle	Animal	104	3845547	2715853792	external_ucsc_or_legacy_prelim
cattle	Animal	145	3829431	2715853792	external_ucsc_or_legacy_prelim
cattle	Animal	217	3826909	2715853792	external_ucsc_or_legacy_prelim
cattle	Animal	199	3823236	2715853792	external_ucsc_or_legacy_prelim
cattle	Animal	175	3810996	2715853792	external_ucsc_or_legacy_prelim
cattle	Animal	160	3808739	2715853792	external_ucsc_or_legacy_prelim
cattle	Animal	289	3807107	2715853792	external_ucsc_or_legacy_prelim
cattle	Animal	268	3796610	2715853792	external_ucsc_or_legacy_prelim
cattle	Animal	201	3785615	2715853792	external_ucsc_or_legacy_prelim
cattle	Animal	228	3784399	2715853792	external_ucsc_or_legacy_prelim
cattle	Animal	242	3783535	2715853792	external_ucsc_or_legacy_prelim
cattle	Animal	88	3781133	2715853792	external_ucsc_or_legacy_prelim
cattle	Animal	115	3768085	2715853792	external_ucsc_or_legacy_prelim
cattle	Animal	248	3765842	2715853792	external_ucsc_or_legacy_prelim
cattle	Animal	252	3757847	2715853792	external_ucsc_or_legacy_prelim
cattle	Animal	150	3755818	2715853792	external_ucsc_or_legacy_prelim
cattle	Animal	51	3755311	2715853792	external_ucsc_or_legacy_prelim
cattle	Animal	163	3751316	2715853792	external_ucsc_or_legacy_prelim
cattle	Animal	101	3721519	2715853792	external_ucsc_or_legacy_prelim
cattle	Animal	291	3712836	2715853792	external_ucsc_or_legacy_prelim
cattle	Animal	218	3712222	2715853792	external_ucsc_or_legacy_prelim
cattle	Animal	173	3696968	2715853792	external_ucsc_or_legacy_prelim
cattle	Animal	215	3691443	2715853792	external_ucsc_or_legacy_prelim
cattle	Animal	183	3680181	2715853792	external_ucsc_or_legacy_prelim
cattle	Animal	258	3671877	2715853792	external_ucsc_or_legacy_prelim
cattle	Animal	140	3666031	2715853792	external_ucsc_or_legacy_prelim
cattle	Animal	97	3637079	2715853792	external_ucsc_or_legacy_prelim
cattle	Animal	75	3622141	2715853792	external_ucsc_or_legacy_prelim
cattle	Animal	170	3615557	2715853792	external_ucsc_or_legacy_prelim
cattle	Animal	61	3603740	2715853792	external_ucsc_or_legacy_prelim
cattle	Animal	165	3594901	2715853792	external_ucsc_or_legacy_prelim
cattle	Animal	235	3593330	2715853792	external_ucsc_or_legacy_prelim
cattle	Animal	278	3580510	2715853792	external_ucsc_or_legacy_prelim
cattle	Animal	166	3577154	2715853792	external_ucsc_or_legacy_prelim
cattle	Animal	294	3577082	2715853792	external_ucsc_or_legacy_prelim
cattle	Animal	92	3575053	2715853792	external_ucsc_or_legacy_prelim
cattle	Animal	227	3572770	2715853792	external_ucsc_or_legacy_prelim
cattle	Animal	72	3568790	2715853792	external_ucsc_or_legacy_prelim
cattle	Animal	296	3556435	2715853792	external_ucsc_or_legacy_prelim
cattle	Animal	272	3550583	2715853792	external_ucsc_or_legacy_prelim
cattle	Animal	195	3546538	2715853792	external_ucsc_or_legacy_prelim
cattle	Animal	193	3537741	2715853792	external_ucsc_or_legacy_prelim
cattle	Animal	82	3536145	2715853792	external_ucsc_or_legacy_prelim
cattle	Animal	233	3534729	2715853792	external_ucsc_or_legacy_prelim
cattle	Animal	96	3515770	2715853792	external_ucsc_or_legacy_prelim
cattle	Animal	282	3515561	2715853792	external_ucsc_or_legacy_prelim
cattle	Animal	267	3514710	2715853792	external_ucsc_or_legacy_prelim
cattle	Animal	180	3506091	2715853792	external_ucsc_or_legacy_prelim
cattle	Animal	299	3501960	2715853792	external_ucsc_or_legacy_prelim
cattle	Animal	225	3494610	2715853792	external_ucsc_or_legacy_prelim
cattle	Animal	94	3491010	2715853792	external_ucsc_or_legacy_prelim
cattle	Animal	205	3475188	2715853792	external_ucsc_or_legacy_prelim
cattle	Animal	177	3472812	2715853792	external_ucsc_or_legacy_prelim
cattle	Animal	73	3465882	2715853792	external_ucsc_or_legacy_prelim
cattle	Animal	251	3461154	2715853792	external_ucsc_or_legacy_prelim
cattle	Animal	249	3459170	2715853792	external_ucsc_or_legacy_prelim
cattle	Animal	207	3451525	2715853792	external_ucsc_or_legacy_prelim
cattle	Animal	260	3433412	2715853792	external_ucsc_or_legacy_prelim
cattle	Animal	273	3432604	2715853792	external_ucsc_or_legacy_prelim
cattle	Animal	27	3425283	2715853792	external_ucsc_or_legacy_prelim
cattle	Animal	288	3422855	2715853792	external_ucsc_or_legacy_prelim
cattle	Animal	247	3414166	2715853792	external_ucsc_or_legacy_prelim
cattle	Animal	257	3403227	2715853792	external_ucsc_or_legacy_prelim
cattle	Animal	213	3394304	2715853792	external_ucsc_or_legacy_prelim
cattle	Animal	240	3381790	2715853792	external_ucsc_or_legacy_prelim
cattle	Animal	301	3376059	2715853792	external_ucsc_or_legacy_prelim
cattle	Animal	77	3375375	2715853792	external_ucsc_or_legacy_prelim
cattle	Animal	105	3372921	2715853792	external_ucsc_or_legacy_prelim
cattle	Animal	292	3368127	2715853792	external_ucsc_or_legacy_prelim
cattle	Animal	110	3364395	2715853792	external_ucsc_or_legacy_prelim
cattle	Animal	210	3363037	2715853792	external_ucsc_or_legacy_prelim
cattle	Animal	220	3359490	2715853792	external_ucsc_or_legacy_prelim
cattle	Animal	265	3355356	2715853792	external_ucsc_or_legacy_prelim
cattle	Animal	263	3350673	2715853792	external_ucsc_or_legacy_prelim
cattle	Animal	253	3350582	2715853792	external_ucsc_or_legacy_prelim
cattle	Animal	80	3349198	2715853792	external_ucsc_or_legacy_prelim
cattle	Animal	89	3342866	2715853792	external_ucsc_or_legacy_prelim
cattle	Animal	84	3340741	2715853792	external_ucsc_or_legacy_prelim
cattle	Animal	277	3338300	2715853792	external_ucsc_or_legacy_prelim
cattle	Animal	237	3336502	2715853792	external_ucsc_or_legacy_prelim
cattle	Animal	243	3326921	2715853792	external_ucsc_or_legacy_prelim
cattle	Animal	270	3321332	2715853792	external_ucsc_or_legacy_prelim
cattle	Animal	255	3298047	2715853792	external_ucsc_or_legacy_prelim
cattle	Animal	83	3288126	2715853792	external_ucsc_or_legacy_prelim
cattle	Animal	280	3286627	2715853792	external_ucsc_or_legacy_prelim
cattle	Animal	190	3283427	2715853792	external_ucsc_or_legacy_prelim
cattle	Animal	81	3279507	2715853792	external_ucsc_or_legacy_prelim
cattle	Animal	187	3264417	2715853792	external_ucsc_or_legacy_prelim
cattle	Animal	275	3264300	2715853792	external_ucsc_or_legacy_prelim
cattle	Animal	245	3262321	2715853792	external_ucsc_or_legacy_prelim
cattle	Animal	64	3261504	2715853792	external_ucsc_or_legacy_prelim
cattle	Animal	87	3254229	2715853792	external_ucsc_or_legacy_prelim
cattle	Animal	223	3246031	2715853792	external_ucsc_or_legacy_prelim
cattle	Animal	283	3245579	2715853792	external_ucsc_or_legacy_prelim
cattle	Animal	100	3243374	2715853792	external_ucsc_or_legacy_prelim
cattle	Animal	71	3230692	2715853792	external_ucsc_or_legacy_prelim
cattle	Animal	74	3226803	2715853792	external_ucsc_or_legacy_prelim
cattle	Animal	91	3214562	2715853792	external_ucsc_or_legacy_prelim
cattle	Animal	230	3206480	2715853792	external_ucsc_or_legacy_prelim
cattle	Animal	304	3189489	2715853792	external_ucsc_or_legacy_prelim
cattle	Animal	306	3166741	2715853792	external_ucsc_or_legacy_prelim
cattle	Animal	86	3138101	2715853792	external_ucsc_or_legacy_prelim
cattle	Animal	69	3129375	2715853792	external_ucsc_or_legacy_prelim
cattle	Animal	25	3079298	2715853792	external_ucsc_or_legacy_prelim
cattle	Animal	287	3073579	2715853792	external_ucsc_or_legacy_prelim
cattle	Animal	309	3071189	2715853792	external_ucsc_or_legacy_prelim
cattle	Animal	95	3069849	2715853792	external_ucsc_or_legacy_prelim
cattle	Animal	302	3063564	2715853792	external_ucsc_or_legacy_prelim
cattle	Animal	298	3062104	2715853792	external_ucsc_or_legacy_prelim
cattle	Animal	85	3045219	2715853792	external_ucsc_or_legacy_prelim
cattle	Animal	293	2984125	2715853792	external_ucsc_or_legacy_prelim
cattle	Animal	311	2982850	2715853792	external_ucsc_or_legacy_prelim
cattle	Animal	290	2981117	2715853792	external_ucsc_or_legacy_prelim
cattle	Animal	76	2939188	2715853792	external_ucsc_or_legacy_prelim
cattle	Animal	90	2923159	2715853792	external_ucsc_or_legacy_prelim
cattle	Animal	295	2903511	2715853792	external_ucsc_or_legacy_prelim
cattle	Animal	333	2895866	2715853792	external_ucsc_or_legacy_prelim
cattle	Animal	297	2861183	2715853792	external_ucsc_or_legacy_prelim
cattle	Animal	314	2832091	2715853792	external_ucsc_or_legacy_prelim
cattle	Animal	285	2820412	2715853792	external_ucsc_or_legacy_prelim
cattle	Animal	312	2803024	2715853792	external_ucsc_or_legacy_prelim
cattle	Animal	308	2794477	2715853792	external_ucsc_or_legacy_prelim
cattle	Animal	316	2776145	2715853792	external_ucsc_or_legacy_prelim
cattle	Animal	303	2757196	2715853792	external_ucsc_or_legacy_prelim
cattle	Animal	79	2720533	2715853792	external_ucsc_or_legacy_prelim
cattle	Animal	300	2637986	2715853792	external_ucsc_or_legacy_prelim
cattle	Animal	305	2585111	2715853792	external_ucsc_or_legacy_prelim
cattle	Animal	319	2574772	2715853792	external_ucsc_or_legacy_prelim
cattle	Animal	307	2492469	2715853792	external_ucsc_or_legacy_prelim
cattle	Animal	310	2470359	2715853792	external_ucsc_or_legacy_prelim
cattle	Animal	318	2440321	2715853792	external_ucsc_or_legacy_prelim
cattle	Animal	320	2361988	2715853792	external_ucsc_or_legacy_prelim
cattle	Animal	321	2339588	2715853792	external_ucsc_or_legacy_prelim
cattle	Animal	325	2327746	2715853792	external_ucsc_or_legacy_prelim
cattle	Animal	315	2300114	2715853792	external_ucsc_or_legacy_prelim
cattle	Animal	24	2244739	2715853792	external_ucsc_or_legacy_prelim
cattle	Animal	322	2211304	2715853792	external_ucsc_or_legacy_prelim
cattle	Animal	324	2200258	2715853792	external_ucsc_or_legacy_prelim
cattle	Animal	313	2179656	2715853792	external_ucsc_or_legacy_prelim
cattle	Animal	317	2178375	2715853792	external_ucsc_or_legacy_prelim
cattle	Animal	330	2159235	2715853792	external_ucsc_or_legacy_prelim
cattle	Animal	326	2108995	2715853792	external_ucsc_or_legacy_prelim
cattle	Animal	323	2058391	2715853792	external_ucsc_or_legacy_prelim
cattle	Animal	328	1998861	2715853792	external_ucsc_or_legacy_prelim
cattle	Animal	329	1987589	2715853792	external_ucsc_or_legacy_prelim
cattle	Animal	331	1941175	2715853792	external_ucsc_or_legacy_prelim
cattle	Animal	335	1874052	2715853792	external_ucsc_or_legacy_prelim
cattle	Animal	23	1868229	2715853792	external_ucsc_or_legacy_prelim
cattle	Animal	327	1825512	2715853792	external_ucsc_or_legacy_prelim
cattle	Animal	22	1820919	2715853792	external_ucsc_or_legacy_prelim
cattle	Animal	336	1801135	2715853792	external_ucsc_or_legacy_prelim
cattle	Animal	340	1681257	2715853792	external_ucsc_or_legacy_prelim
cattle	Animal	338	1673637	2715853792	external_ucsc_or_legacy_prelim
cattle	Animal	339	1622633	2715853792	external_ucsc_or_legacy_prelim
cattle	Animal	341	1560716	2715853792	external_ucsc_or_legacy_prelim
cattle	Animal	332	1528679	2715853792	external_ucsc_or_legacy_prelim
cattle	Animal	337	1526503	2715853792	external_ucsc_or_legacy_prelim
cattle	Animal	345	1510309	2715853792	external_ucsc_or_legacy_prelim
cattle	Animal	342	1506775	2715853792	external_ucsc_or_legacy_prelim
cattle	Animal	344	1370094	2715853792	external_ucsc_or_legacy_prelim
cattle	Animal	346	1342641	2715853792	external_ucsc_or_legacy_prelim
cattle	Animal	343	1320848	2715853792	external_ucsc_or_legacy_prelim
cattle	Animal	350	1268553	2715853792	external_ucsc_or_legacy_prelim
cattle	Animal	348	1243865	2715853792	external_ucsc_or_legacy_prelim
cattle	Animal	349	1232725	2715853792	external_ucsc_or_legacy_prelim
cattle	Animal	21	1184412	2715853792	external_ucsc_or_legacy_prelim
cattle	Animal	351	1152197	2715853792	external_ucsc_or_legacy_prelim
cattle	Animal	347	1122786	2715853792	external_ucsc_or_legacy_prelim
cattle	Animal	352	1101556	2715853792	external_ucsc_or_legacy_prelim
cattle	Animal	355	1086523	2715853792	external_ucsc_or_legacy_prelim
cattle	Animal	354	1035267	2715853792	external_ucsc_or_legacy_prelim
cattle	Animal	19	971264	2715853792	external_ucsc_or_legacy_prelim
cattle	Animal	16	955367	2715853792	external_ucsc_or_legacy_prelim
cattle	Animal	356	944165	2715853792	external_ucsc_or_legacy_prelim
cattle	Animal	353	938092	2715853792	external_ucsc_or_legacy_prelim
cattle	Animal	20	919784	2715853792	external_ucsc_or_legacy_prelim
cattle	Animal	360	912044	2715853792	external_ucsc_or_legacy_prelim
cattle	Animal	15	908250	2715853792	external_ucsc_or_legacy_prelim
cattle	Animal	358	906679	2715853792	external_ucsc_or_legacy_prelim
cattle	Animal	359	847618	2715853792	external_ucsc_or_legacy_prelim
cattle	Animal	361	816140	2715853792	external_ucsc_or_legacy_prelim
cattle	Animal	357	807302	2715853792	external_ucsc_or_legacy_prelim
cattle	Animal	334	763654	2715853792	external_ucsc_or_legacy_prelim
cattle	Animal	362	760296	2715853792	external_ucsc_or_legacy_prelim
cattle	Animal	365	740612	2715853792	external_ucsc_or_legacy_prelim
cattle	Animal	364	729095	2715853792	external_ucsc_or_legacy_prelim
cattle	Animal	14	728589	2715853792	external_ucsc_or_legacy_prelim
cattle	Animal	366	679642	2715853792	external_ucsc_or_legacy_prelim
cattle	Animal	368	664306	2715853792	external_ucsc_or_legacy_prelim
cattle	Animal	18	628627	2715853792	external_ucsc_or_legacy_prelim
cattle	Animal	17	615430	2715853792	external_ucsc_or_legacy_prelim
cattle	Animal	363	612013	2715853792	external_ucsc_or_legacy_prelim
cattle	Animal	370	565626	2715853792	external_ucsc_or_legacy_prelim
cattle	Animal	367	561222	2715853792	external_ucsc_or_legacy_prelim
cattle	Animal	369	516602	2715853792	external_ucsc_or_legacy_prelim
cattle	Animal	371	507251	2715853792	external_ucsc_or_legacy_prelim
cattle	Animal	372	483792	2715853792	external_ucsc_or_legacy_prelim
cattle	Animal	374	457993	2715853792	external_ucsc_or_legacy_prelim
cattle	Animal	375	441928	2715853792	external_ucsc_or_legacy_prelim
cattle	Animal	13	422027	2715853792	external_ucsc_or_legacy_prelim
cattle	Animal	373	406190	2715853792	external_ucsc_or_legacy_prelim
cattle	Animal	376	389576	2715853792	external_ucsc_or_legacy_prelim
cattle	Animal	380	355168	2715853792	external_ucsc_or_legacy_prelim
cattle	Animal	378	352923	2715853792	external_ucsc_or_legacy_prelim
cattle	Animal	379	336319	2715853792	external_ucsc_or_legacy_prelim
cattle	Animal	377	335986	2715853792	external_ucsc_or_legacy_prelim
cattle	Animal	381	308212	2715853792	external_ucsc_or_legacy_prelim
cattle	Animal	382	291461	2715853792	external_ucsc_or_legacy_prelim
cattle	Animal	385	278286	2715853792	external_ucsc_or_legacy_prelim
cattle	Animal	384	261288	2715853792	external_ucsc_or_legacy_prelim
cattle	Animal	12	248032	2715853792	external_ucsc_or_legacy_prelim
cattle	Animal	383	237498	2715853792	external_ucsc_or_legacy_prelim
cattle	Animal	388	223661	2715853792	external_ucsc_or_legacy_prelim
cattle	Animal	386	212911	2715853792	external_ucsc_or_legacy_prelim
cattle	Animal	387	201223	2715853792	external_ucsc_or_legacy_prelim
cattle	Animal	390	200700	2715853792	external_ucsc_or_legacy_prelim
cattle	Animal	389	186823	2715853792	external_ucsc_or_legacy_prelim
cattle	Animal	11	186644	2715853792	external_ucsc_or_legacy_prelim
cattle	Animal	391	170423	2715853792	external_ucsc_or_legacy_prelim
cattle	Animal	392	162245	2715853792	external_ucsc_or_legacy_prelim
cattle	Animal	0	155250	2715853792	external_ucsc_or_legacy_prelim
cattle	Animal	395	154217	2715853792	external_ucsc_or_legacy_prelim
cattle	Animal	393	147327	2715853792	external_ucsc_or_legacy_prelim
cattle	Animal	394	141609	2715853792	external_ucsc_or_legacy_prelim
cattle	Animal	7	133504	2715853792	external_ucsc_or_legacy_prelim
cattle	Animal	8	129920	2715853792	external_ucsc_or_legacy_prelim
cattle	Animal	396	122540	2715853792	external_ucsc_or_legacy_prelim
cattle	Animal	400	118259	2715853792	external_ucsc_or_legacy_prelim
cattle	Animal	9	113601	2715853792	external_ucsc_or_legacy_prelim
cattle	Animal	397	109368	2715853792	external_ucsc_or_legacy_prelim
cattle	Animal	398	106902	2715853792	external_ucsc_or_legacy_prelim
cattle	Animal	10	92668	2715853792	external_ucsc_or_legacy_prelim
cattle	Animal	399	89161	2715853792	external_ucsc_or_legacy_prelim
cattle	Animal	402	87652	2715853792	external_ucsc_or_legacy_prelim
cattle	Animal	401	84287	2715853792	external_ucsc_or_legacy_prelim
cattle	Animal	405	79096	2715853792	external_ucsc_or_legacy_prelim
cattle	Animal	403	67822	2715853792	external_ucsc_or_legacy_prelim
cattle	Animal	406	65256	2715853792	external_ucsc_or_legacy_prelim
cattle	Animal	404	64422	2715853792	external_ucsc_or_legacy_prelim
cattle	Animal	407	53806	2715853792	external_ucsc_or_legacy_prelim
cattle	Animal	409	51897	2715853792	external_ucsc_or_legacy_prelim
cattle	Animal	6	50313	2715853792	external_ucsc_or_legacy_prelim
cattle	Animal	410	49437	2715853792	external_ucsc_or_legacy_prelim
cattle	Animal	408	48440	2715853792	external_ucsc_or_legacy_prelim
cattle	Animal	411	39732	2715853792	external_ucsc_or_legacy_prelim
cattle	Animal	415	39662	2715853792	external_ucsc_or_legacy_prelim
cattle	Animal	414	39454	2715853792	external_ucsc_or_legacy_prelim
cattle	Animal	412	36262	2715853792	external_ucsc_or_legacy_prelim
cattle	Animal	413	33616	2715853792	external_ucsc_or_legacy_prelim
cattle	Animal	4	33605	2715853792	external_ucsc_or_legacy_prelim
cattle	Animal	5	33534	2715853792	external_ucsc_or_legacy_prelim
cattle	Animal	3	28075	2715853792	external_ucsc_or_legacy_prelim
cattle	Animal	417	27993	2715853792	external_ucsc_or_legacy_prelim
cattle	Animal	418	26261	2715853792	external_ucsc_or_legacy_prelim
cattle	Animal	416	26235	2715853792	external_ucsc_or_legacy_prelim
cattle	Animal	419	25433	2715853792	external_ucsc_or_legacy_prelim
cattle	Animal	420	23569	2715853792	external_ucsc_or_legacy_prelim
cattle	Animal	423	18488	2715853792	external_ucsc_or_legacy_prelim
cattle	Animal	422	17342	2715853792	external_ucsc_or_legacy_prelim
cattle	Animal	421	17047	2715853792	external_ucsc_or_legacy_prelim
cattle	Animal	424	16411	2715853792	external_ucsc_or_legacy_prelim
cattle	Animal	426	15777	2715853792	external_ucsc_or_legacy_prelim
cattle	Animal	425	15326	2715853792	external_ucsc_or_legacy_prelim
cattle	Animal	429	13972	2715853792	external_ucsc_or_legacy_prelim
cattle	Animal	427	12494	2715853792	external_ucsc_or_legacy_prelim
cattle	Animal	430	11034	2715853792	external_ucsc_or_legacy_prelim
cattle	Animal	428	8339	2715853792	external_ucsc_or_legacy_prelim
cattle	Animal	431	7341	2715853792	external_ucsc_or_legacy_prelim
cattle	Animal	1	6844	2715853792	external_ucsc_or_legacy_prelim
cattle	Animal	434	6739	2715853792	external_ucsc_or_legacy_prelim
cattle	Animal	432	6067	2715853792	external_ucsc_or_legacy_prelim
cattle	Animal	433	5986	2715853792	external_ucsc_or_legacy_prelim
cattle	Animal	435	5518	2715853792	external_ucsc_or_legacy_prelim
cattle	Animal	441	4825	2715853792	external_ucsc_or_legacy_prelim
cattle	Animal	440	4445	2715853792	external_ucsc_or_legacy_prelim
cattle	Animal	439	4136	2715853792	external_ucsc_or_legacy_prelim
cattle	Animal	436	3990	2715853792	external_ucsc_or_legacy_prelim
cattle	Animal	438	3948	2715853792	external_ucsc_or_legacy_prelim
cattle	Animal	437	3374	2715853792	external_ucsc_or_legacy_prelim
cattle	Animal	2	2995	2715853792	external_ucsc_or_legacy_prelim
cattle	Animal	442	2709	2715853792	external_ucsc_or_legacy_prelim
cattle	Animal	445	2272	2715853792	external_ucsc_or_legacy_prelim
cattle	Animal	446	2240	2715853792	external_ucsc_or_legacy_prelim
cattle	Animal	444	2097	2715853792	external_ucsc_or_legacy_prelim
cattle	Animal	447	2072	2715853792	external_ucsc_or_legacy_prelim
cattle	Animal	450	1989	2715853792	external_ucsc_or_legacy_prelim
cattle	Animal	443	1781	2715853792	external_ucsc_or_legacy_prelim
cattle	Animal	448	1556	2715853792	external_ucsc_or_legacy_prelim
cattle	Animal	451	1337	2715853792	external_ucsc_or_legacy_prelim
cattle	Animal	449	1240	2715853792	external_ucsc_or_legacy_prelim
cattle	Animal	452	972	2715853792	external_ucsc_or_legacy_prelim
cattle	Animal	454	831	2715853792	external_ucsc_or_legacy_prelim
cattle	Animal	457	701	2715853792	external_ucsc_or_legacy_prelim
cattle	Animal	455	669	2715853792	external_ucsc_or_legacy_prelim
cattle	Animal	468	630	2715853792	external_ucsc_or_legacy_prelim
cattle	Animal	459	603	2715853792	external_ucsc_or_legacy_prelim
cattle	Animal	460	565	2715853792	external_ucsc_or_legacy_prelim
cattle	Animal	453	530	2715853792	external_ucsc_or_legacy_prelim
cattle	Animal	466	501	2715853792	external_ucsc_or_legacy_prelim
cattle	Animal	456	495	2715853792	external_ucsc_or_legacy_prelim
cattle	Animal	458	492	2715853792	external_ucsc_or_legacy_prelim
cattle	Animal	463	381	2715853792	external_ucsc_or_legacy_prelim
cattle	Animal	461	327	2715853792	external_ucsc_or_legacy_prelim
cattle	Animal	465	285	2715853792	external_ucsc_or_legacy_prelim
cattle	Animal	462	267	2715853792	external_ucsc_or_legacy_prelim
cattle	Animal	469	213	2715853792	external_ucsc_or_legacy_prelim
cattle	Animal	490	192	2715853792	external_ucsc_or_legacy_prelim
cattle	Animal	479	186	2715853792	external_ucsc_or_legacy_prelim
cattle	Animal	472	180	2715853792	external_ucsc_or_legacy_prelim
cattle	Animal	491	113	2715853792	external_ucsc_or_legacy_prelim
cattle	Animal	467	108	2715853792	external_ucsc_or_legacy_prelim
cattle	Animal	470	83	2715853792	external_ucsc_or_legacy_prelim
cattle	Animal	474	76	2715853792	external_ucsc_or_legacy_prelim
chicken	Animal	164	626807	1065365425	external_ucsc_or_legacy_prelim
chicken	Animal	161	620209	1065365425	external_ucsc_or_legacy_prelim
chicken	Animal	174	598506	1065365425	external_ucsc_or_legacy_prelim
chicken	Animal	167	589124	1065365425	external_ucsc_or_legacy_prelim
chicken	Animal	166	584251	1065365425	external_ucsc_or_legacy_prelim
chicken	Animal	169	580228	1065365425	external_ucsc_or_legacy_prelim
chicken	Animal	152	575831	1065365425	external_ucsc_or_legacy_prelim
chicken	Animal	158	575830	1065365425	external_ucsc_or_legacy_prelim
chicken	Animal	171	575446	1065365425	external_ucsc_or_legacy_prelim
chicken	Animal	179	574658	1065365425	external_ucsc_or_legacy_prelim
chicken	Animal	176	573381	1065365425	external_ucsc_or_legacy_prelim
chicken	Animal	154	555279	1065365425	external_ucsc_or_legacy_prelim
chicken	Animal	148	546139	1065365425	external_ucsc_or_legacy_prelim
chicken	Animal	162	542500	1065365425	external_ucsc_or_legacy_prelim
chicken	Animal	159	537532	1065365425	external_ucsc_or_legacy_prelim
chicken	Animal	181	536077	1065365425	external_ucsc_or_legacy_prelim
chicken	Animal	146	533474	1065365425	external_ucsc_or_legacy_prelim
chicken	Animal	156	528985	1065365425	external_ucsc_or_legacy_prelim
chicken	Animal	168	528697	1065365425	external_ucsc_or_legacy_prelim
chicken	Animal	157	528298	1065365425	external_ucsc_or_legacy_prelim
chicken	Animal	142	527803	1065365425	external_ucsc_or_legacy_prelim
chicken	Animal	144	523591	1065365425	external_ucsc_or_legacy_prelim
chicken	Animal	149	521868	1065365425	external_ucsc_or_legacy_prelim
chicken	Animal	191	519237	1065365425	external_ucsc_or_legacy_prelim
chicken	Animal	184	515879	1065365425	external_ucsc_or_legacy_prelim
chicken	Animal	138	511100	1065365425	external_ucsc_or_legacy_prelim
chicken	Animal	189	504258	1065365425	external_ucsc_or_legacy_prelim
chicken	Animal	186	503438	1065365425	external_ucsc_or_legacy_prelim
chicken	Animal	173	502009	1065365425	external_ucsc_or_legacy_prelim
chicken	Animal	175	501563	1065365425	external_ucsc_or_legacy_prelim
chicken	Animal	151	500949	1065365425	external_ucsc_or_legacy_prelim
chicken	Animal	178	500507	1065365425	external_ucsc_or_legacy_prelim
chicken	Animal	170	497574	1065365425	external_ucsc_or_legacy_prelim
chicken	Animal	147	497438	1065365425	external_ucsc_or_legacy_prelim
chicken	Animal	153	496696	1065365425	external_ucsc_or_legacy_prelim
chicken	Animal	172	495699	1065365425	external_ucsc_or_legacy_prelim
chicken	Animal	163	492528	1065365425	external_ucsc_or_legacy_prelim
chicken	Animal	196	490655	1065365425	external_ucsc_or_legacy_prelim
chicken	Animal	132	487694	1065365425	external_ucsc_or_legacy_prelim
chicken	Animal	155	486981	1065365425	external_ucsc_or_legacy_prelim
chicken	Animal	177	481436	1065365425	external_ucsc_or_legacy_prelim
chicken	Animal	182	477795	1065365425	external_ucsc_or_legacy_prelim
chicken	Animal	73	475613	1065365425	external_ucsc_or_legacy_prelim
chicken	Animal	194	475471	1065365425	external_ucsc_or_legacy_prelim
chicken	Animal	180	471832	1065365425	external_ucsc_or_legacy_prelim
chicken	Animal	143	471741	1065365425	external_ucsc_or_legacy_prelim
chicken	Animal	72	470421	1065365425	external_ucsc_or_legacy_prelim
chicken	Animal	160	470370	1065365425	external_ucsc_or_legacy_prelim
chicken	Animal	165	467858	1065365425	external_ucsc_or_legacy_prelim
chicken	Animal	188	463162	1065365425	external_ucsc_or_legacy_prelim
chicken	Animal	134	462536	1065365425	external_ucsc_or_legacy_prelim
chicken	Animal	122	458922	1065365425	external_ucsc_or_legacy_prelim
chicken	Animal	136	458672	1065365425	external_ucsc_or_legacy_prelim
chicken	Animal	139	457884	1065365425	external_ucsc_or_legacy_prelim
chicken	Animal	128	450291	1065365425	external_ucsc_or_legacy_prelim
chicken	Animal	68	449512	1065365425	external_ucsc_or_legacy_prelim
chicken	Animal	183	448863	1065365425	external_ucsc_or_legacy_prelim
chicken	Animal	131	447391	1065365425	external_ucsc_or_legacy_prelim
chicken	Animal	145	445093	1065365425	external_ucsc_or_legacy_prelim
chicken	Animal	137	436881	1065365425	external_ucsc_or_legacy_prelim
chicken	Animal	129	433690	1065365425	external_ucsc_or_legacy_prelim
chicken	Animal	150	431813	1065365425	external_ucsc_or_legacy_prelim
chicken	Animal	199	431587	1065365425	external_ucsc_or_legacy_prelim
chicken	Animal	75	421904	1065365425	external_ucsc_or_legacy_prelim
chicken	Animal	141	420709	1065365425	external_ucsc_or_legacy_prelim
chicken	Animal	204	419883	1065365425	external_ucsc_or_legacy_prelim
chicken	Animal	78	415941	1065365425	external_ucsc_or_legacy_prelim
chicken	Animal	74	415464	1065365425	external_ucsc_or_legacy_prelim
chicken	Animal	211	414423	1065365425	external_ucsc_or_legacy_prelim
chicken	Animal	192	412459	1065365425	external_ucsc_or_legacy_prelim
chicken	Animal	65	412223	1065365425	external_ucsc_or_legacy_prelim
chicken	Animal	112	411363	1065365425	external_ucsc_or_legacy_prelim
chicken	Animal	140	410585	1065365425	external_ucsc_or_legacy_prelim
chicken	Animal	209	405839	1065365425	external_ucsc_or_legacy_prelim
chicken	Animal	118	405688	1065365425	external_ucsc_or_legacy_prelim
chicken	Animal	82	405210	1065365425	external_ucsc_or_legacy_prelim
chicken	Animal	198	404986	1065365425	external_ucsc_or_legacy_prelim
chicken	Animal	77	403464	1065365425	external_ucsc_or_legacy_prelim
chicken	Animal	127	403115	1065365425	external_ucsc_or_legacy_prelim
chicken	Animal	133	402791	1065365425	external_ucsc_or_legacy_prelim
chicken	Animal	70	402496	1065365425	external_ucsc_or_legacy_prelim
chicken	Animal	108	398511	1065365425	external_ucsc_or_legacy_prelim
chicken	Animal	200	397914	1065365425	external_ucsc_or_legacy_prelim
chicken	Animal	206	395570	1065365425	external_ucsc_or_legacy_prelim
chicken	Animal	187	394731	1065365425	external_ucsc_or_legacy_prelim
chicken	Animal	201	391708	1065365425	external_ucsc_or_legacy_prelim
chicken	Animal	185	391305	1065365425	external_ucsc_or_legacy_prelim
chicken	Animal	202	391216	1065365425	external_ucsc_or_legacy_prelim
chicken	Animal	123	389800	1065365425	external_ucsc_or_legacy_prelim
chicken	Animal	126	389355	1065365425	external_ucsc_or_legacy_prelim
chicken	Animal	124	387945	1065365425	external_ucsc_or_legacy_prelim
chicken	Animal	113	387890	1065365425	external_ucsc_or_legacy_prelim
chicken	Animal	98	387816	1065365425	external_ucsc_or_legacy_prelim
chicken	Animal	190	385468	1065365425	external_ucsc_or_legacy_prelim
chicken	Animal	135	381704	1065365425	external_ucsc_or_legacy_prelim
chicken	Animal	116	381542	1065365425	external_ucsc_or_legacy_prelim
chicken	Animal	216	378308	1065365425	external_ucsc_or_legacy_prelim
chicken	Animal	208	377914	1065365425	external_ucsc_or_legacy_prelim
chicken	Animal	83	377709	1065365425	external_ucsc_or_legacy_prelim
chicken	Animal	84	375728	1065365425	external_ucsc_or_legacy_prelim
chicken	Animal	67	375127	1065365425	external_ucsc_or_legacy_prelim
chicken	Animal	62	374194	1065365425	external_ucsc_or_legacy_prelim
chicken	Animal	114	373273	1065365425	external_ucsc_or_legacy_prelim
chicken	Animal	71	373110	1065365425	external_ucsc_or_legacy_prelim
chicken	Animal	195	372969	1065365425	external_ucsc_or_legacy_prelim
chicken	Animal	130	371695	1065365425	external_ucsc_or_legacy_prelim
chicken	Animal	214	371308	1065365425	external_ucsc_or_legacy_prelim
chicken	Animal	197	368597	1065365425	external_ucsc_or_legacy_prelim
chicken	Animal	102	368426	1065365425	external_ucsc_or_legacy_prelim
chicken	Animal	219	365950	1065365425	external_ucsc_or_legacy_prelim
chicken	Animal	119	365454	1065365425	external_ucsc_or_legacy_prelim
chicken	Animal	193	361782	1065365425	external_ucsc_or_legacy_prelim
chicken	Animal	125	361526	1065365425	external_ucsc_or_legacy_prelim
chicken	Animal	64	358838	1065365425	external_ucsc_or_legacy_prelim
chicken	Animal	121	358029	1065365425	external_ucsc_or_legacy_prelim
chicken	Animal	88	356864	1065365425	external_ucsc_or_legacy_prelim
chicken	Animal	86	355585	1065365425	external_ucsc_or_legacy_prelim
chicken	Animal	109	354879	1065365425	external_ucsc_or_legacy_prelim
chicken	Animal	69	354784	1065365425	external_ucsc_or_legacy_prelim
chicken	Animal	224	353865	1065365425	external_ucsc_or_legacy_prelim
chicken	Animal	81	353800	1065365425	external_ucsc_or_legacy_prelim
chicken	Animal	99	353144	1065365425	external_ucsc_or_legacy_prelim
chicken	Animal	111	349101	1065365425	external_ucsc_or_legacy_prelim
chicken	Animal	229	348162	1065365425	external_ucsc_or_legacy_prelim
chicken	Animal	87	346954	1065365425	external_ucsc_or_legacy_prelim
chicken	Animal	117	345824	1065365425	external_ucsc_or_legacy_prelim
chicken	Animal	89	342687	1065365425	external_ucsc_or_legacy_prelim
chicken	Animal	60	342543	1065365425	external_ucsc_or_legacy_prelim
chicken	Animal	97	342299	1065365425	external_ucsc_or_legacy_prelim
chicken	Animal	76	341639	1065365425	external_ucsc_or_legacy_prelim
chicken	Animal	221	341057	1065365425	external_ucsc_or_legacy_prelim
chicken	Animal	103	339724	1065365425	external_ucsc_or_legacy_prelim
chicken	Animal	222	338364	1065365425	external_ucsc_or_legacy_prelim
chicken	Animal	212	335623	1065365425	external_ucsc_or_legacy_prelim
chicken	Animal	106	334352	1065365425	external_ucsc_or_legacy_prelim
chicken	Animal	58	333517	1065365425	external_ucsc_or_legacy_prelim
chicken	Animal	107	332939	1065365425	external_ucsc_or_legacy_prelim
chicken	Animal	80	330814	1065365425	external_ucsc_or_legacy_prelim
chicken	Animal	231	330034	1065365425	external_ucsc_or_legacy_prelim
chicken	Animal	232	328897	1065365425	external_ucsc_or_legacy_prelim
chicken	Animal	207	327476	1065365425	external_ucsc_or_legacy_prelim
chicken	Animal	92	327156	1065365425	external_ucsc_or_legacy_prelim
chicken	Animal	66	327027	1065365425	external_ucsc_or_legacy_prelim
chicken	Animal	228	326128	1065365425	external_ucsc_or_legacy_prelim
chicken	Animal	226	326106	1065365425	external_ucsc_or_legacy_prelim
chicken	Animal	104	324805	1065365425	external_ucsc_or_legacy_prelim
chicken	Animal	79	320347	1065365425	external_ucsc_or_legacy_prelim
chicken	Animal	218	320052	1065365425	external_ucsc_or_legacy_prelim
chicken	Animal	115	319222	1065365425	external_ucsc_or_legacy_prelim
chicken	Animal	105	318480	1065365425	external_ucsc_or_legacy_prelim
chicken	Animal	96	318388	1065365425	external_ucsc_or_legacy_prelim
chicken	Animal	94	316638	1065365425	external_ucsc_or_legacy_prelim
chicken	Animal	203	315646	1065365425	external_ucsc_or_legacy_prelim
chicken	Animal	101	315551	1065365425	external_ucsc_or_legacy_prelim
chicken	Animal	225	315005	1065365425	external_ucsc_or_legacy_prelim
chicken	Animal	110	314855	1065365425	external_ucsc_or_legacy_prelim
chicken	Animal	234	314276	1065365425	external_ucsc_or_legacy_prelim
chicken	Animal	63	313871	1065365425	external_ucsc_or_legacy_prelim
chicken	Animal	93	312293	1065365425	external_ucsc_or_legacy_prelim
chicken	Animal	246	310943	1065365425	external_ucsc_or_legacy_prelim
chicken	Animal	217	310281	1065365425	external_ucsc_or_legacy_prelim
chicken	Animal	205	310138	1065365425	external_ucsc_or_legacy_prelim
chicken	Animal	120	309744	1065365425	external_ucsc_or_legacy_prelim
chicken	Animal	91	308641	1065365425	external_ucsc_or_legacy_prelim
chicken	Animal	85	308528	1065365425	external_ucsc_or_legacy_prelim
chicken	Animal	215	307814	1065365425	external_ucsc_or_legacy_prelim
chicken	Animal	242	306926	1065365425	external_ucsc_or_legacy_prelim
chicken	Animal	213	305918	1065365425	external_ucsc_or_legacy_prelim
chicken	Animal	100	305250	1065365425	external_ucsc_or_legacy_prelim
chicken	Animal	250	304421	1065365425	external_ucsc_or_legacy_prelim
chicken	Animal	239	302394	1065365425	external_ucsc_or_legacy_prelim
chicken	Animal	238	301273	1065365425	external_ucsc_or_legacy_prelim
chicken	Animal	95	298763	1065365425	external_ucsc_or_legacy_prelim
chicken	Animal	236	296933	1065365425	external_ucsc_or_legacy_prelim
chicken	Animal	241	293429	1065365425	external_ucsc_or_legacy_prelim
chicken	Animal	55	293365	1065365425	external_ucsc_or_legacy_prelim
chicken	Animal	210	291975	1065365425	external_ucsc_or_legacy_prelim
chicken	Animal	220	291521	1065365425	external_ucsc_or_legacy_prelim
chicken	Animal	223	291242	1065365425	external_ucsc_or_legacy_prelim
chicken	Animal	244	285499	1065365425	external_ucsc_or_legacy_prelim
chicken	Animal	57	282854	1065365425	external_ucsc_or_legacy_prelim
chicken	Animal	59	278456	1065365425	external_ucsc_or_legacy_prelim
chicken	Animal	48	278276	1065365425	external_ucsc_or_legacy_prelim
chicken	Animal	56	277546	1065365425	external_ucsc_or_legacy_prelim
chicken	Animal	254	275604	1065365425	external_ucsc_or_legacy_prelim
chicken	Animal	230	273782	1065365425	external_ucsc_or_legacy_prelim
chicken	Animal	227	271483	1065365425	external_ucsc_or_legacy_prelim
chicken	Animal	248	269973	1065365425	external_ucsc_or_legacy_prelim
chicken	Animal	233	269755	1065365425	external_ucsc_or_legacy_prelim
chicken	Animal	249	268417	1065365425	external_ucsc_or_legacy_prelim
chicken	Animal	240	268064	1065365425	external_ucsc_or_legacy_prelim
chicken	Animal	52	267517	1065365425	external_ucsc_or_legacy_prelim
chicken	Animal	256	266888	1065365425	external_ucsc_or_legacy_prelim
chicken	Animal	40	264337	1065365425	external_ucsc_or_legacy_prelim
chicken	Animal	61	263614	1065365425	external_ucsc_or_legacy_prelim
chicken	Animal	243	260536	1065365425	external_ucsc_or_legacy_prelim
chicken	Animal	252	257682	1065365425	external_ucsc_or_legacy_prelim
chicken	Animal	235	257503	1065365425	external_ucsc_or_legacy_prelim
chicken	Animal	90	257462	1065365425	external_ucsc_or_legacy_prelim
chicken	Animal	54	256242	1065365425	external_ucsc_or_legacy_prelim
chicken	Animal	53	255433	1065365425	external_ucsc_or_legacy_prelim
chicken	Animal	237	255417	1065365425	external_ucsc_or_legacy_prelim
chicken	Animal	259	254688	1065365425	external_ucsc_or_legacy_prelim
chicken	Animal	266	254189	1065365425	external_ucsc_or_legacy_prelim
chicken	Animal	258	249330	1065365425	external_ucsc_or_legacy_prelim
chicken	Animal	45	248468	1065365425	external_ucsc_or_legacy_prelim
chicken	Animal	247	242275	1065365425	external_ucsc_or_legacy_prelim
chicken	Animal	50	241149	1065365425	external_ucsc_or_legacy_prelim
chicken	Animal	245	236670	1065365425	external_ucsc_or_legacy_prelim
chicken	Animal	251	236114	1065365425	external_ucsc_or_legacy_prelim
chicken	Animal	42	233389	1065365425	external_ucsc_or_legacy_prelim
chicken	Animal	274	233160	1065365425	external_ucsc_or_legacy_prelim
chicken	Animal	261	232581	1065365425	external_ucsc_or_legacy_prelim
chicken	Animal	253	230967	1065365425	external_ucsc_or_legacy_prelim
chicken	Animal	264	230507	1065365425	external_ucsc_or_legacy_prelim
chicken	Animal	39	230106	1065365425	external_ucsc_or_legacy_prelim
chicken	Animal	255	225852	1065365425	external_ucsc_or_legacy_prelim
chicken	Animal	51	225502	1065365425	external_ucsc_or_legacy_prelim
chicken	Animal	36	223415	1065365425	external_ucsc_or_legacy_prelim
chicken	Animal	271	222265	1065365425	external_ucsc_or_legacy_prelim
chicken	Animal	257	221891	1065365425	external_ucsc_or_legacy_prelim
chicken	Animal	38	221096	1065365425	external_ucsc_or_legacy_prelim
chicken	Animal	35	218233	1065365425	external_ucsc_or_legacy_prelim
chicken	Animal	47	216662	1065365425	external_ucsc_or_legacy_prelim
chicken	Animal	269	216021	1065365425	external_ucsc_or_legacy_prelim
chicken	Animal	260	215948	1065365425	external_ucsc_or_legacy_prelim
chicken	Animal	262	215700	1065365425	external_ucsc_or_legacy_prelim
chicken	Animal	265	207597	1065365425	external_ucsc_or_legacy_prelim
chicken	Animal	281	207004	1065365425	external_ucsc_or_legacy_prelim
chicken	Animal	41	204516	1065365425	external_ucsc_or_legacy_prelim
chicken	Animal	279	204217	1065365425	external_ucsc_or_legacy_prelim
chicken	Animal	43	202703	1065365425	external_ucsc_or_legacy_prelim
chicken	Animal	267	202132	1065365425	external_ucsc_or_legacy_prelim
chicken	Animal	44	201305	1065365425	external_ucsc_or_legacy_prelim
chicken	Animal	286	200844	1065365425	external_ucsc_or_legacy_prelim
chicken	Animal	46	197621	1065365425	external_ucsc_or_legacy_prelim
chicken	Animal	276	195569	1065365425	external_ucsc_or_legacy_prelim
chicken	Animal	37	195167	1065365425	external_ucsc_or_legacy_prelim
chicken	Animal	272	195077	1065365425	external_ucsc_or_legacy_prelim
chicken	Animal	34	194438	1065365425	external_ucsc_or_legacy_prelim
chicken	Animal	284	192378	1065365425	external_ucsc_or_legacy_prelim
chicken	Animal	282	192254	1065365425	external_ucsc_or_legacy_prelim
chicken	Animal	49	188896	1065365425	external_ucsc_or_legacy_prelim
chicken	Animal	263	188061	1065365425	external_ucsc_or_legacy_prelim
chicken	Animal	294	187622	1065365425	external_ucsc_or_legacy_prelim
chicken	Animal	289	186644	1065365425	external_ucsc_or_legacy_prelim
chicken	Animal	291	185265	1065365425	external_ucsc_or_legacy_prelim
chicken	Animal	273	184385	1065365425	external_ucsc_or_legacy_prelim
chicken	Animal	296	182446	1065365425	external_ucsc_or_legacy_prelim
chicken	Animal	278	182386	1065365425	external_ucsc_or_legacy_prelim
chicken	Animal	277	182056	1065365425	external_ucsc_or_legacy_prelim
chicken	Animal	30	182042	1065365425	external_ucsc_or_legacy_prelim
chicken	Animal	268	181507	1065365425	external_ucsc_or_legacy_prelim
chicken	Animal	32	175603	1065365425	external_ucsc_or_legacy_prelim
chicken	Animal	275	174160	1065365425	external_ucsc_or_legacy_prelim
chicken	Animal	270	173948	1065365425	external_ucsc_or_legacy_prelim
chicken	Animal	309	173488	1065365425	external_ucsc_or_legacy_prelim
chicken	Animal	301	170051	1065365425	external_ucsc_or_legacy_prelim
chicken	Animal	314	169924	1065365425	external_ucsc_or_legacy_prelim
chicken	Animal	299	168888	1065365425	external_ucsc_or_legacy_prelim
chicken	Animal	292	166843	1065365425	external_ucsc_or_legacy_prelim
chicken	Animal	306	164903	1065365425	external_ucsc_or_legacy_prelim
chicken	Animal	280	164837	1065365425	external_ucsc_or_legacy_prelim
chicken	Animal	302	163127	1065365425	external_ucsc_or_legacy_prelim
chicken	Animal	285	162919	1065365425	external_ucsc_or_legacy_prelim
chicken	Animal	304	162523	1065365425	external_ucsc_or_legacy_prelim
chicken	Animal	290	162246	1065365425	external_ucsc_or_legacy_prelim
chicken	Animal	283	159778	1065365425	external_ucsc_or_legacy_prelim
chicken	Animal	312	157630	1065365425	external_ucsc_or_legacy_prelim
chicken	Animal	31	156588	1065365425	external_ucsc_or_legacy_prelim
chicken	Animal	311	155442	1065365425	external_ucsc_or_legacy_prelim
chicken	Animal	287	154747	1065365425	external_ucsc_or_legacy_prelim
chicken	Animal	288	151651	1065365425	external_ucsc_or_legacy_prelim
chicken	Animal	298	151099	1065365425	external_ucsc_or_legacy_prelim
chicken	Animal	319	150613	1065365425	external_ucsc_or_legacy_prelim
chicken	Animal	303	149695	1065365425	external_ucsc_or_legacy_prelim
chicken	Animal	293	149457	1065365425	external_ucsc_or_legacy_prelim
chicken	Animal	297	146883	1065365425	external_ucsc_or_legacy_prelim
chicken	Animal	316	144970	1065365425	external_ucsc_or_legacy_prelim
chicken	Animal	300	142658	1065365425	external_ucsc_or_legacy_prelim
chicken	Animal	295	142131	1065365425	external_ucsc_or_legacy_prelim
chicken	Animal	333	142121	1065365425	external_ucsc_or_legacy_prelim
chicken	Animal	321	136834	1065365425	external_ucsc_or_legacy_prelim
chicken	Animal	325	135379	1065365425	external_ucsc_or_legacy_prelim
chicken	Animal	308	134982	1065365425	external_ucsc_or_legacy_prelim
chicken	Animal	305	134853	1065365425	external_ucsc_or_legacy_prelim
chicken	Animal	318	133016	1065365425	external_ucsc_or_legacy_prelim
chicken	Animal	313	131263	1065365425	external_ucsc_or_legacy_prelim
chicken	Animal	28	130301	1065365425	external_ucsc_or_legacy_prelim
chicken	Animal	317	129261	1065365425	external_ucsc_or_legacy_prelim
chicken	Animal	320	128743	1065365425	external_ucsc_or_legacy_prelim
chicken	Animal	33	126683	1065365425	external_ucsc_or_legacy_prelim
chicken	Animal	27	124670	1065365425	external_ucsc_or_legacy_prelim
chicken	Animal	310	124584	1065365425	external_ucsc_or_legacy_prelim
chicken	Animal	315	123957	1065365425	external_ucsc_or_legacy_prelim
chicken	Animal	307	122652	1065365425	external_ucsc_or_legacy_prelim
chicken	Animal	326	122510	1065365425	external_ucsc_or_legacy_prelim
chicken	Animal	328	120531	1065365425	external_ucsc_or_legacy_prelim
chicken	Animal	322	118662	1065365425	external_ucsc_or_legacy_prelim
chicken	Animal	329	118112	1065365425	external_ucsc_or_legacy_prelim
chicken	Animal	335	117138	1065365425	external_ucsc_or_legacy_prelim
chicken	Animal	1	114883	1065365425	external_ucsc_or_legacy_prelim
chicken	Animal	341	110828	1065365425	external_ucsc_or_legacy_prelim
chicken	Animal	330	110690	1065365425	external_ucsc_or_legacy_prelim
chicken	Animal	323	109537	1065365425	external_ucsc_or_legacy_prelim
chicken	Animal	29	109275	1065365425	external_ucsc_or_legacy_prelim
chicken	Animal	336	109005	1065365425	external_ucsc_or_legacy_prelim
chicken	Animal	25	103970	1065365425	external_ucsc_or_legacy_prelim
chicken	Animal	324	103754	1065365425	external_ucsc_or_legacy_prelim
chicken	Animal	331	103445	1065365425	external_ucsc_or_legacy_prelim
chicken	Animal	340	100419	1065365425	external_ucsc_or_legacy_prelim
chicken	Animal	26	99846	1065365425	external_ucsc_or_legacy_prelim
chicken	Animal	332	99465	1065365425	external_ucsc_or_legacy_prelim
chicken	Animal	327	97852	1065365425	external_ucsc_or_legacy_prelim
chicken	Animal	338	97149	1065365425	external_ucsc_or_legacy_prelim
chicken	Animal	339	95709	1065365425	external_ucsc_or_legacy_prelim
chicken	Animal	14	92003	1065365425	external_ucsc_or_legacy_prelim
chicken	Animal	337	88601	1065365425	external_ucsc_or_legacy_prelim
chicken	Animal	344	84463	1065365425	external_ucsc_or_legacy_prelim
chicken	Animal	343	83834	1065365425	external_ucsc_or_legacy_prelim
chicken	Animal	17	83657	1065365425	external_ucsc_or_legacy_prelim
chicken	Animal	346	82778	1065365425	external_ucsc_or_legacy_prelim
chicken	Animal	345	78864	1065365425	external_ucsc_or_legacy_prelim
chicken	Animal	349	78836	1065365425	external_ucsc_or_legacy_prelim
chicken	Animal	342	75636	1065365425	external_ucsc_or_legacy_prelim
chicken	Animal	350	75360	1065365425	external_ucsc_or_legacy_prelim
chicken	Animal	13	75131	1065365425	external_ucsc_or_legacy_prelim
chicken	Animal	348	74112	1065365425	external_ucsc_or_legacy_prelim
chicken	Animal	15	72818	1065365425	external_ucsc_or_legacy_prelim
chicken	Animal	16	68700	1065365425	external_ucsc_or_legacy_prelim
chicken	Animal	23	68629	1065365425	external_ucsc_or_legacy_prelim
chicken	Animal	24	67630	1065365425	external_ucsc_or_legacy_prelim
chicken	Animal	347	67300	1065365425	external_ucsc_or_legacy_prelim
chicken	Animal	351	67121	1065365425	external_ucsc_or_legacy_prelim
chicken	Animal	19	62309	1065365425	external_ucsc_or_legacy_prelim
chicken	Animal	334	61394	1065365425	external_ucsc_or_legacy_prelim
chicken	Animal	3	60830	1065365425	external_ucsc_or_legacy_prelim
chicken	Animal	22	60590	1065365425	external_ucsc_or_legacy_prelim
chicken	Animal	352	59002	1065365425	external_ucsc_or_legacy_prelim
chicken	Animal	355	57728	1065365425	external_ucsc_or_legacy_prelim
chicken	Animal	21	57659	1065365425	external_ucsc_or_legacy_prelim
chicken	Animal	18	54499	1065365425	external_ucsc_or_legacy_prelim
chicken	Animal	9	53318	1065365425	external_ucsc_or_legacy_prelim
chicken	Animal	20	52319	1065365425	external_ucsc_or_legacy_prelim
chicken	Animal	354	51002	1065365425	external_ucsc_or_legacy_prelim
chicken	Animal	360	49787	1065365425	external_ucsc_or_legacy_prelim
chicken	Animal	353	49035	1065365425	external_ucsc_or_legacy_prelim
chicken	Animal	362	48539	1065365425	external_ucsc_or_legacy_prelim
chicken	Animal	11	47226	1065365425	external_ucsc_or_legacy_prelim
chicken	Animal	356	46590	1065365425	external_ucsc_or_legacy_prelim
chicken	Animal	364	46348	1065365425	external_ucsc_or_legacy_prelim
chicken	Animal	12	45670	1065365425	external_ucsc_or_legacy_prelim
chicken	Animal	357	45411	1065365425	external_ucsc_or_legacy_prelim
chicken	Animal	359	43728	1065365425	external_ucsc_or_legacy_prelim
chicken	Animal	365	40722	1065365425	external_ucsc_or_legacy_prelim
chicken	Animal	358	40544	1065365425	external_ucsc_or_legacy_prelim
chicken	Animal	6	38614	1065365425	external_ucsc_or_legacy_prelim
chicken	Animal	361	38001	1065365425	external_ucsc_or_legacy_prelim
chicken	Animal	8	36751	1065365425	external_ucsc_or_legacy_prelim
chicken	Animal	366	35682	1065365425	external_ucsc_or_legacy_prelim
chicken	Animal	10	32564	1065365425	external_ucsc_or_legacy_prelim
chicken	Animal	4	28747	1065365425	external_ucsc_or_legacy_prelim
chicken	Animal	5	27480	1065365425	external_ucsc_or_legacy_prelim
chicken	Animal	368	27429	1065365425	external_ucsc_or_legacy_prelim
chicken	Animal	2	26612	1065365425	external_ucsc_or_legacy_prelim
chicken	Animal	7	26453	1065365425	external_ucsc_or_legacy_prelim
chicken	Animal	367	24290	1065365425	external_ucsc_or_legacy_prelim
chicken	Animal	0	23851	1065365425	external_ucsc_or_legacy_prelim
chicken	Animal	375	23687	1065365425	external_ucsc_or_legacy_prelim
chicken	Animal	363	23016	1065365425	external_ucsc_or_legacy_prelim
chicken	Animal	374	22599	1065365425	external_ucsc_or_legacy_prelim
chicken	Animal	370	22240	1065365425	external_ucsc_or_legacy_prelim
chicken	Animal	371	20229	1065365425	external_ucsc_or_legacy_prelim
chicken	Animal	369	20138	1065365425	external_ucsc_or_legacy_prelim
chicken	Animal	378	19297	1065365425	external_ucsc_or_legacy_prelim
chicken	Animal	373	17300	1065365425	external_ucsc_or_legacy_prelim
chicken	Animal	372	16637	1065365425	external_ucsc_or_legacy_prelim
chicken	Animal	380	14151	1065365425	external_ucsc_or_legacy_prelim
chicken	Animal	377	13070	1065365425	external_ucsc_or_legacy_prelim
chicken	Animal	376	12817	1065365425	external_ucsc_or_legacy_prelim
chicken	Animal	382	11969	1065365425	external_ucsc_or_legacy_prelim
chicken	Animal	379	10829	1065365425	external_ucsc_or_legacy_prelim
chicken	Animal	385	9162	1065365425	external_ucsc_or_legacy_prelim
chicken	Animal	383	8777	1065365425	external_ucsc_or_legacy_prelim
chicken	Animal	391	8481	1065365425	external_ucsc_or_legacy_prelim
chicken	Animal	386	8323	1065365425	external_ucsc_or_legacy_prelim
chicken	Animal	384	8001	1065365425	external_ucsc_or_legacy_prelim
chicken	Animal	381	6585	1065365425	external_ucsc_or_legacy_prelim
chicken	Animal	390	6005	1065365425	external_ucsc_or_legacy_prelim
chicken	Animal	388	5742	1065365425	external_ucsc_or_legacy_prelim
chicken	Animal	393	5479	1065365425	external_ucsc_or_legacy_prelim
chicken	Animal	387	4777	1065365425	external_ucsc_or_legacy_prelim
chicken	Animal	395	3973	1065365425	external_ucsc_or_legacy_prelim
chicken	Animal	394	3639	1065365425	external_ucsc_or_legacy_prelim
chicken	Animal	401	3497	1065365425	external_ucsc_or_legacy_prelim
chicken	Animal	392	3227	1065365425	external_ucsc_or_legacy_prelim
chicken	Animal	399	3210	1065365425	external_ucsc_or_legacy_prelim
chicken	Animal	396	3040	1065365425	external_ucsc_or_legacy_prelim
chicken	Animal	397	2836	1065365425	external_ucsc_or_legacy_prelim
chicken	Animal	403	2832	1065365425	external_ucsc_or_legacy_prelim
chicken	Animal	389	2722	1065365425	external_ucsc_or_legacy_prelim
chicken	Animal	400	2514	1065365425	external_ucsc_or_legacy_prelim
chicken	Animal	398	2340	1065365425	external_ucsc_or_legacy_prelim
chicken	Animal	416	1665	1065365425	external_ucsc_or_legacy_prelim
chicken	Animal	405	1451	1065365425	external_ucsc_or_legacy_prelim
chicken	Animal	404	1442	1065365425	external_ucsc_or_legacy_prelim
chicken	Animal	408	1192	1065365425	external_ucsc_or_legacy_prelim
chicken	Animal	411	968	1065365425	external_ucsc_or_legacy_prelim
chicken	Animal	406	949	1065365425	external_ucsc_or_legacy_prelim
chicken	Animal	425	879	1065365425	external_ucsc_or_legacy_prelim
chicken	Animal	407	878	1065365425	external_ucsc_or_legacy_prelim
chicken	Animal	402	746	1065365425	external_ucsc_or_legacy_prelim
chicken	Animal	423	718	1065365425	external_ucsc_or_legacy_prelim
chicken	Animal	410	714	1065365425	external_ucsc_or_legacy_prelim
chicken	Animal	409	642	1065365425	external_ucsc_or_legacy_prelim
chicken	Animal	422	593	1065365425	external_ucsc_or_legacy_prelim
chicken	Animal	412	576	1065365425	external_ucsc_or_legacy_prelim
chicken	Animal	414	516	1065365425	external_ucsc_or_legacy_prelim
chicken	Animal	420	487	1065365425	external_ucsc_or_legacy_prelim
chicken	Animal	419	232	1065365425	external_ucsc_or_legacy_prelim
chicken	Animal	426	195	1065365425	external_ucsc_or_legacy_prelim
chicken	Animal	431	188	1065365425	external_ucsc_or_legacy_prelim
chicken	Animal	421	183	1065365425	external_ucsc_or_legacy_prelim
chicken	Animal	438	163	1065365425	external_ucsc_or_legacy_prelim
chicken	Animal	424	134	1065365425	external_ucsc_or_legacy_prelim
chicken	Animal	429	126	1065365425	external_ucsc_or_legacy_prelim
ciona	Animal	DNA/TcMar-Tc1	6425865	115227500	external_ucsc_or_legacy_prelim
ciona	Animal	SINE/tRNA-Core	5183049	115227500	external_ucsc_or_legacy_prelim
ciona	Animal	LINE/LOA	742214	115227500	external_ucsc_or_legacy_prelim
ciona	Animal	DNA/hAT	668303	115227500	external_ucsc_or_legacy_prelim
ciona	Animal	LINE/L2	601592	115227500	external_ucsc_or_legacy_prelim
ciona	Animal	LINE/L1	479032	115227500	external_ucsc_or_legacy_prelim
ciona	Animal	DNA/P	428507	115227500	external_ucsc_or_legacy_prelim
ciona	Animal	DNA/Merlin	158087	115227500	external_ucsc_or_legacy_prelim
ciona	Animal	LINE/Penelope	150615	115227500	external_ucsc_or_legacy_prelim
ciona	Animal	DNA/PiggyBac	130961	115227500	external_ucsc_or_legacy_prelim
ciona	Animal	DNA/hAT-Charlie	117624	115227500	external_ucsc_or_legacy_prelim
ciona	Animal	DNA/hAT-Ac	106271	115227500	external_ucsc_or_legacy_prelim
ciona	Animal	DNA/Maverick	71633	115227500	external_ucsc_or_legacy_prelim
ciona	Animal	DNA/MULE-NOF	70621	115227500	external_ucsc_or_legacy_prelim
ciona	Animal	LTR/Gypsy	62104	115227500	external_ucsc_or_legacy_prelim
ciona	Animal	LINE/R2	34837	115227500	external_ucsc_or_legacy_prelim
ciona	Animal	DNA/Dada	24178	115227500	external_ucsc_or_legacy_prelim
ciona	Animal	DNA	18994	115227500	external_ucsc_or_legacy_prelim
ciona	Animal	LINE/I	18172	115227500	external_ucsc_or_legacy_prelim
ciona	Animal	Unspecified	152	115227500	external_ucsc_or_legacy_prelim
ciona	Animal	SINE/tRNA-Deu-L2	56	115227500	external_ucsc_or_legacy_prelim
ciona	Animal	ARTEFACT	53	115227500	external_ucsc_or_legacy_prelim
dog	Animal	LINE/L1	383967143	2312802198	external_ucsc_or_legacy_prelim
dog	Animal	SINE/tRNA	177131467	2312802198	external_ucsc_or_legacy_prelim
dog	Animal	LINE/L2	86118552	2312802198	external_ucsc_or_legacy_prelim
dog	Animal	SINE/MIR	67841238	2312802198	external_ucsc_or_legacy_prelim
dog	Animal	LTR/ERVL-MaLR	49258023	2312802198	external_ucsc_or_legacy_prelim
dog	Animal	LTR/ERVL	36850266	2312802198	external_ucsc_or_legacy_prelim
dog	Animal	DNA/hAT-Charlie	35683463	2312802198	external_ucsc_or_legacy_prelim
dog	Animal	LTR/ERV1	21201064	2312802198	external_ucsc_or_legacy_prelim
dog	Animal	DNA/TcMar-Tigger	14428683	2312802198	external_ucsc_or_legacy_prelim
dog	Animal	DNA/hAT-Tip100	9704360	2312802198	external_ucsc_or_legacy_prelim
dog	Animal	LINE/CR1	9670613	2312802198	external_ucsc_or_legacy_prelim
dog	Animal	LINE/RTE-X	2706608	2312802198	external_ucsc_or_legacy_prelim
dog	Animal	LTR/Gypsy	2590982	2312802198	external_ucsc_or_legacy_prelim
dog	Animal	DNA/hAT-Blackjack	2139690	2312802198	external_ucsc_or_legacy_prelim
dog	Animal	DNA/TcMar-Tc2	1375435	2312802198	external_ucsc_or_legacy_prelim
dog	Animal	LTR?	1223607	2312802198	external_ucsc_or_legacy_prelim
dog	Animal	LTR	1171356	2312802198	external_ucsc_or_legacy_prelim
dog	Animal	LINE/RTE-BovB	1041998	2312802198	external_ucsc_or_legacy_prelim
dog	Animal	LTR/Gypsy?	883663	2312802198	external_ucsc_or_legacy_prelim
dog	Animal	DNA/hAT-Ac	721638	2312802198	external_ucsc_or_legacy_prelim
dog	Animal	DNA	711546	2312802198	external_ucsc_or_legacy_prelim
dog	Animal	LTR/ERVL?	668617	2312802198	external_ucsc_or_legacy_prelim
dog	Animal	DNA/TcMar-Mariner	594667	2312802198	external_ucsc_or_legacy_prelim
dog	Animal	Unknown	562064	2312802198	external_ucsc_or_legacy_prelim
dog	Animal	SINE/tRNA-RTE	528112	2312802198	external_ucsc_or_legacy_prelim
dog	Animal	DNA/hAT-Tag1	412873	2312802198	external_ucsc_or_legacy_prelim
dog	Animal	DNA/hAT	328295	2312802198	external_ucsc_or_legacy_prelim
dog	Animal	RC/Helitron	306955	2312802198	external_ucsc_or_legacy_prelim
dog	Animal	DNA?	305599	2312802198	external_ucsc_or_legacy_prelim
dog	Animal	SINE/5S-Deu-L2	237725	2312802198	external_ucsc_or_legacy_prelim
dog	Animal	LTR/ERV1?	187011	2312802198	external_ucsc_or_legacy_prelim
dog	Animal	DNA/PiggyBac	169554	2312802198	external_ucsc_or_legacy_prelim
dog	Animal	DNA/hAT-Tip100?	106009	2312802198	external_ucsc_or_legacy_prelim
dog	Animal	DNA/TcMar-Tc1	105233	2312802198	external_ucsc_or_legacy_prelim
dog	Animal	DNA?/hAT?	96241	2312802198	external_ucsc_or_legacy_prelim
dog	Animal	DNA?/hAT-Tip100?	95125	2312802198	external_ucsc_or_legacy_prelim
dog	Animal	LINE/Dong-R4	93105	2312802198	external_ucsc_or_legacy_prelim
dog	Animal	LINE/Penelope	92590	2312802198	external_ucsc_or_legacy_prelim
dog	Animal	DNA/MULE-MuDR	73127	2312802198	external_ucsc_or_legacy_prelim
dog	Animal	DNA/PIF-Harbinger	61887	2312802198	external_ucsc_or_legacy_prelim
dog	Animal	SINE/tRNA-Deu	60655	2312802198	external_ucsc_or_legacy_prelim
dog	Animal	DNA/Crypton	42615	2312802198	external_ucsc_or_legacy_prelim
dog	Animal	RC?/Helitron?	40679	2312802198	external_ucsc_or_legacy_prelim
dog	Animal	LINE/L1-Tx1	36559	2312802198	external_ucsc_or_legacy_prelim
dog	Animal	DNA/Kolobok	36356	2312802198	external_ucsc_or_legacy_prelim
dog	Animal	DNA?/PiggyBac?	35169	2312802198	external_ucsc_or_legacy_prelim
dog	Animal	DNA/TcMar?	29164	2312802198	external_ucsc_or_legacy_prelim
dog	Animal	DNA/hAT?	25653	2312802198	external_ucsc_or_legacy_prelim
dog	Animal	DNA/Merlin	23934	2312802198	external_ucsc_or_legacy_prelim
dog	Animal	DNA/Crypton-A?	22484	2312802198	external_ucsc_or_legacy_prelim
dog	Animal	LINE/I-Jockey	21682	2312802198	external_ucsc_or_legacy_prelim
dog	Animal	Unspecified	19423	2312802198	external_ucsc_or_legacy_prelim
dog	Animal	DNA/TcMar	10355	2312802198	external_ucsc_or_legacy_prelim
dog	Animal	RC/Helitron?	5970	2312802198	external_ucsc_or_legacy_prelim
dog	Animal	DNA/TcMar-Pogo	3186	2312802198	external_ucsc_or_legacy_prelim
dog	Animal	DNA/hAT-hAT19	40	2312802198	external_ucsc_or_legacy_prelim
drosophila_pseudoobscura	Animal	LTR/Gypsy	1782596	152738921	external_ucsc_or_legacy_prelim
drosophila_pseudoobscura	Animal	LTR/Pao	1026419	152738921	external_ucsc_or_legacy_prelim
drosophila_pseudoobscura	Animal	LINE/LOA	981462	152738921	external_ucsc_or_legacy_prelim
drosophila_pseudoobscura	Animal	LINE/CR1	948896	152738921	external_ucsc_or_legacy_prelim
drosophila_pseudoobscura	Animal	LINE/Penelope	681262	152738921	external_ucsc_or_legacy_prelim
drosophila_pseudoobscura	Animal	LINE/telomeric	343127	152738921	external_ucsc_or_legacy_prelim
drosophila_pseudoobscura	Animal	LINE/Jockey	242383	152738921	external_ucsc_or_legacy_prelim
drosophila_pseudoobscura	Animal	LINE/R1	210801	152738921	external_ucsc_or_legacy_prelim
drosophila_pseudoobscura	Animal	DNA/Transib	190684	152738921	external_ucsc_or_legacy_prelim
drosophila_pseudoobscura	Animal	LTR/Copia	177574	152738921	external_ucsc_or_legacy_prelim
drosophila_pseudoobscura	Animal	DNA/Tc1	109216	152738921	external_ucsc_or_legacy_prelim
drosophila_pseudoobscura	Animal	DNA/P	62922	152738921	external_ucsc_or_legacy_prelim
drosophila_pseudoobscura	Animal	DNA/hAT	55905	152738921	external_ucsc_or_legacy_prelim
drosophila_pseudoobscura	Animal	LINE/I	36310	152738921	external_ucsc_or_legacy_prelim
drosophila_pseudoobscura	Animal	DNA/TcMar-Tc1	29873	152738921	external_ucsc_or_legacy_prelim
drosophila_pseudoobscura	Animal	LINE/R2	19553	152738921	external_ucsc_or_legacy_prelim
drosophila_pseudoobscura	Animal	Unknown	14162	152738921	external_ucsc_or_legacy_prelim
drosophila_pseudoobscura	Animal	LINE/Composite	10426	152738921	external_ucsc_or_legacy_prelim
drosophila_pseudoobscura	Animal	DNA/Mariner	6778	152738921	external_ucsc_or_legacy_prelim
drosophila_pseudoobscura	Animal	RC/Helitron	1906	152738921	external_ucsc_or_legacy_prelim
drosophila_pseudoobscura	Animal	LTR	520	152738921	external_ucsc_or_legacy_prelim
drosophila_pseudoobscura	Animal	DNA/PiggyBac	436	152738921	external_ucsc_or_legacy_prelim
fruit_fly	Animal	1	1363097	143726002	external_ucsc_or_legacy_prelim
fruit_fly	Animal	0	1064717	143726002	external_ucsc_or_legacy_prelim
fruit_fly	Animal	2	754213	143726002	external_ucsc_or_legacy_prelim
fruit_fly	Animal	7	517927	143726002	external_ucsc_or_legacy_prelim
fruit_fly	Animal	6	473017	143726002	external_ucsc_or_legacy_prelim
fruit_fly	Animal	3	453366	143726002	external_ucsc_or_legacy_prelim
fruit_fly	Animal	5	411627	143726002	external_ucsc_or_legacy_prelim
fruit_fly	Animal	9	403338	143726002	external_ucsc_or_legacy_prelim
fruit_fly	Animal	4	371841	143726002	external_ucsc_or_legacy_prelim
fruit_fly	Animal	10	367578	143726002	external_ucsc_or_legacy_prelim
fruit_fly	Animal	11	364621	143726002	external_ucsc_or_legacy_prelim
fruit_fly	Animal	8	336053	143726002	external_ucsc_or_legacy_prelim
fruit_fly	Animal	18	213065	143726002	external_ucsc_or_legacy_prelim
fruit_fly	Animal	12	206104	143726002	external_ucsc_or_legacy_prelim
fruit_fly	Animal	25	200293	143726002	external_ucsc_or_legacy_prelim
fruit_fly	Animal	16	196831	143726002	external_ucsc_or_legacy_prelim
fruit_fly	Animal	14	190928	143726002	external_ucsc_or_legacy_prelim
fruit_fly	Animal	20	175975	143726002	external_ucsc_or_legacy_prelim
fruit_fly	Animal	42	172679	143726002	external_ucsc_or_legacy_prelim
fruit_fly	Animal	38	170638	143726002	external_ucsc_or_legacy_prelim
fruit_fly	Animal	28	167596	143726002	external_ucsc_or_legacy_prelim
fruit_fly	Animal	29	165864	143726002	external_ucsc_or_legacy_prelim
fruit_fly	Animal	30	165707	143726002	external_ucsc_or_legacy_prelim
fruit_fly	Animal	45	165296	143726002	external_ucsc_or_legacy_prelim
fruit_fly	Animal	33	160594	143726002	external_ucsc_or_legacy_prelim
fruit_fly	Animal	26	160167	143726002	external_ucsc_or_legacy_prelim
fruit_fly	Animal	19	159532	143726002	external_ucsc_or_legacy_prelim
fruit_fly	Animal	32	157507	143726002	external_ucsc_or_legacy_prelim
fruit_fly	Animal	13	153864	143726002	external_ucsc_or_legacy_prelim
fruit_fly	Animal	17	151225	143726002	external_ucsc_or_legacy_prelim
fruit_fly	Animal	35	146377	143726002	external_ucsc_or_legacy_prelim
fruit_fly	Animal	21	144575	143726002	external_ucsc_or_legacy_prelim
fruit_fly	Animal	46	141791	143726002	external_ucsc_or_legacy_prelim
fruit_fly	Animal	48	141668	143726002	external_ucsc_or_legacy_prelim
fruit_fly	Animal	15	139749	143726002	external_ucsc_or_legacy_prelim
fruit_fly	Animal	37	137308	143726002	external_ucsc_or_legacy_prelim
fruit_fly	Animal	40	136720	143726002	external_ucsc_or_legacy_prelim
fruit_fly	Animal	39	136215	143726002	external_ucsc_or_legacy_prelim
fruit_fly	Animal	44	134563	143726002	external_ucsc_or_legacy_prelim
fruit_fly	Animal	36	134214	143726002	external_ucsc_or_legacy_prelim
fruit_fly	Animal	47	133415	143726002	external_ucsc_or_legacy_prelim
fruit_fly	Animal	27	132945	143726002	external_ucsc_or_legacy_prelim
fruit_fly	Animal	24	131450	143726002	external_ucsc_or_legacy_prelim
fruit_fly	Animal	43	129685	143726002	external_ucsc_or_legacy_prelim
fruit_fly	Animal	34	129287	143726002	external_ucsc_or_legacy_prelim
fruit_fly	Animal	50	126253	143726002	external_ucsc_or_legacy_prelim
fruit_fly	Animal	23	124784	143726002	external_ucsc_or_legacy_prelim
fruit_fly	Animal	53	123826	143726002	external_ucsc_or_legacy_prelim
fruit_fly	Animal	31	119768	143726002	external_ucsc_or_legacy_prelim
fruit_fly	Animal	62	110076	143726002	external_ucsc_or_legacy_prelim
fruit_fly	Animal	52	109967	143726002	external_ucsc_or_legacy_prelim
fruit_fly	Animal	41	106553	143726002	external_ucsc_or_legacy_prelim
fruit_fly	Animal	58	106058	143726002	external_ucsc_or_legacy_prelim
fruit_fly	Animal	22	105710	143726002	external_ucsc_or_legacy_prelim
fruit_fly	Animal	65	105595	143726002	external_ucsc_or_legacy_prelim
fruit_fly	Animal	54	104870	143726002	external_ucsc_or_legacy_prelim
fruit_fly	Animal	51	102491	143726002	external_ucsc_or_legacy_prelim
fruit_fly	Animal	49	102204	143726002	external_ucsc_or_legacy_prelim
fruit_fly	Animal	60	100539	143726002	external_ucsc_or_legacy_prelim
fruit_fly	Animal	97	100533	143726002	external_ucsc_or_legacy_prelim
fruit_fly	Animal	69	97955	143726002	external_ucsc_or_legacy_prelim
fruit_fly	Animal	96	97939	143726002	external_ucsc_or_legacy_prelim
fruit_fly	Animal	57	97481	143726002	external_ucsc_or_legacy_prelim
fruit_fly	Animal	94	97250	143726002	external_ucsc_or_legacy_prelim
fruit_fly	Animal	68	95822	143726002	external_ucsc_or_legacy_prelim
fruit_fly	Animal	56	92434	143726002	external_ucsc_or_legacy_prelim
fruit_fly	Animal	71	88718	143726002	external_ucsc_or_legacy_prelim
fruit_fly	Animal	59	87750	143726002	external_ucsc_or_legacy_prelim
fruit_fly	Animal	98	86999	143726002	external_ucsc_or_legacy_prelim
fruit_fly	Animal	64	84226	143726002	external_ucsc_or_legacy_prelim
fruit_fly	Animal	101	83635	143726002	external_ucsc_or_legacy_prelim
fruit_fly	Animal	63	83517	143726002	external_ucsc_or_legacy_prelim
fruit_fly	Animal	132	83270	143726002	external_ucsc_or_legacy_prelim
fruit_fly	Animal	55	82779	143726002	external_ucsc_or_legacy_prelim
fruit_fly	Animal	61	80425	143726002	external_ucsc_or_legacy_prelim
fruit_fly	Animal	67	77296	143726002	external_ucsc_or_legacy_prelim
fruit_fly	Animal	66	77127	143726002	external_ucsc_or_legacy_prelim
fruit_fly	Animal	95	77022	143726002	external_ucsc_or_legacy_prelim
fruit_fly	Animal	72	75683	143726002	external_ucsc_or_legacy_prelim
fruit_fly	Animal	93	75254	143726002	external_ucsc_or_legacy_prelim
fruit_fly	Animal	91	73814	143726002	external_ucsc_or_legacy_prelim
fruit_fly	Animal	77	73155	143726002	external_ucsc_or_legacy_prelim
fruit_fly	Animal	78	71859	143726002	external_ucsc_or_legacy_prelim
fruit_fly	Animal	86	70994	143726002	external_ucsc_or_legacy_prelim
fruit_fly	Animal	89	70573	143726002	external_ucsc_or_legacy_prelim
fruit_fly	Animal	92	68868	143726002	external_ucsc_or_legacy_prelim
fruit_fly	Animal	88	68500	143726002	external_ucsc_or_legacy_prelim
fruit_fly	Animal	99	67577	143726002	external_ucsc_or_legacy_prelim
fruit_fly	Animal	112	66732	143726002	external_ucsc_or_legacy_prelim
fruit_fly	Animal	83	65733	143726002	external_ucsc_or_legacy_prelim
fruit_fly	Animal	106	65127	143726002	external_ucsc_or_legacy_prelim
fruit_fly	Animal	111	64734	143726002	external_ucsc_or_legacy_prelim
fruit_fly	Animal	171	64682	143726002	external_ucsc_or_legacy_prelim
fruit_fly	Animal	169	64050	143726002	external_ucsc_or_legacy_prelim
fruit_fly	Animal	122	62316	143726002	external_ucsc_or_legacy_prelim
fruit_fly	Animal	103	61261	143726002	external_ucsc_or_legacy_prelim
fruit_fly	Animal	75	61073	143726002	external_ucsc_or_legacy_prelim
fruit_fly	Animal	73	60873	143726002	external_ucsc_or_legacy_prelim
fruit_fly	Animal	70	59902	143726002	external_ucsc_or_legacy_prelim
fruit_fly	Animal	119	59859	143726002	external_ucsc_or_legacy_prelim
fruit_fly	Animal	87	58796	143726002	external_ucsc_or_legacy_prelim
fruit_fly	Animal	108	58531	143726002	external_ucsc_or_legacy_prelim
fruit_fly	Animal	81	58470	143726002	external_ucsc_or_legacy_prelim
fruit_fly	Animal	144	56496	143726002	external_ucsc_or_legacy_prelim
fruit_fly	Animal	104	55886	143726002	external_ucsc_or_legacy_prelim
fruit_fly	Animal	102	55523	143726002	external_ucsc_or_legacy_prelim
fruit_fly	Animal	74	55506	143726002	external_ucsc_or_legacy_prelim
fruit_fly	Animal	175	54674	143726002	external_ucsc_or_legacy_prelim
fruit_fly	Animal	146	54524	143726002	external_ucsc_or_legacy_prelim
fruit_fly	Animal	131	53799	143726002	external_ucsc_or_legacy_prelim
fruit_fly	Animal	183	53509	143726002	external_ucsc_or_legacy_prelim
fruit_fly	Animal	167	53344	143726002	external_ucsc_or_legacy_prelim
fruit_fly	Animal	82	53255	143726002	external_ucsc_or_legacy_prelim
fruit_fly	Animal	138	52572	143726002	external_ucsc_or_legacy_prelim
fruit_fly	Animal	118	52330	143726002	external_ucsc_or_legacy_prelim
fruit_fly	Animal	115	52312	143726002	external_ucsc_or_legacy_prelim
fruit_fly	Animal	158	51991	143726002	external_ucsc_or_legacy_prelim
fruit_fly	Animal	109	51893	143726002	external_ucsc_or_legacy_prelim
fruit_fly	Animal	114	51874	143726002	external_ucsc_or_legacy_prelim
fruit_fly	Animal	166	51843	143726002	external_ucsc_or_legacy_prelim
fruit_fly	Animal	100	51781	143726002	external_ucsc_or_legacy_prelim
fruit_fly	Animal	184	51528	143726002	external_ucsc_or_legacy_prelim
fruit_fly	Animal	105	51484	143726002	external_ucsc_or_legacy_prelim
fruit_fly	Animal	134	51449	143726002	external_ucsc_or_legacy_prelim
fruit_fly	Animal	84	51379	143726002	external_ucsc_or_legacy_prelim
fruit_fly	Animal	113	51216	143726002	external_ucsc_or_legacy_prelim
fruit_fly	Animal	160	51146	143726002	external_ucsc_or_legacy_prelim
fruit_fly	Animal	123	50796	143726002	external_ucsc_or_legacy_prelim
fruit_fly	Animal	90	50725	143726002	external_ucsc_or_legacy_prelim
fruit_fly	Animal	126	50650	143726002	external_ucsc_or_legacy_prelim
fruit_fly	Animal	157	50489	143726002	external_ucsc_or_legacy_prelim
fruit_fly	Animal	117	49388	143726002	external_ucsc_or_legacy_prelim
fruit_fly	Animal	133	49369	143726002	external_ucsc_or_legacy_prelim
fruit_fly	Animal	136	48967	143726002	external_ucsc_or_legacy_prelim
fruit_fly	Animal	143	48845	143726002	external_ucsc_or_legacy_prelim
fruit_fly	Animal	121	48726	143726002	external_ucsc_or_legacy_prelim
fruit_fly	Animal	139	48589	143726002	external_ucsc_or_legacy_prelim
fruit_fly	Animal	129	48346	143726002	external_ucsc_or_legacy_prelim
fruit_fly	Animal	128	46955	143726002	external_ucsc_or_legacy_prelim
fruit_fly	Animal	149	46681	143726002	external_ucsc_or_legacy_prelim
fruit_fly	Animal	155	46241	143726002	external_ucsc_or_legacy_prelim
fruit_fly	Animal	148	46054	143726002	external_ucsc_or_legacy_prelim
fruit_fly	Animal	116	44802	143726002	external_ucsc_or_legacy_prelim
fruit_fly	Animal	142	44723	143726002	external_ucsc_or_legacy_prelim
fruit_fly	Animal	79	44507	143726002	external_ucsc_or_legacy_prelim
fruit_fly	Animal	150	44090	143726002	external_ucsc_or_legacy_prelim
fruit_fly	Animal	76	44053	143726002	external_ucsc_or_legacy_prelim
fruit_fly	Animal	161	43666	143726002	external_ucsc_or_legacy_prelim
fruit_fly	Animal	127	43619	143726002	external_ucsc_or_legacy_prelim
fruit_fly	Animal	186	43469	143726002	external_ucsc_or_legacy_prelim
fruit_fly	Animal	107	43145	143726002	external_ucsc_or_legacy_prelim
fruit_fly	Animal	140	42835	143726002	external_ucsc_or_legacy_prelim
fruit_fly	Animal	305	42400	143726002	external_ucsc_or_legacy_prelim
fruit_fly	Animal	125	42387	143726002	external_ucsc_or_legacy_prelim
fruit_fly	Animal	153	42270	143726002	external_ucsc_or_legacy_prelim
fruit_fly	Animal	181	41604	143726002	external_ucsc_or_legacy_prelim
fruit_fly	Animal	156	41383	143726002	external_ucsc_or_legacy_prelim
fruit_fly	Animal	190	41328	143726002	external_ucsc_or_legacy_prelim
fruit_fly	Animal	164	41082	143726002	external_ucsc_or_legacy_prelim
fruit_fly	Animal	162	40892	143726002	external_ucsc_or_legacy_prelim
fruit_fly	Animal	168	40621	143726002	external_ucsc_or_legacy_prelim
fruit_fly	Animal	80	40606	143726002	external_ucsc_or_legacy_prelim
fruit_fly	Animal	199	40378	143726002	external_ucsc_or_legacy_prelim
fruit_fly	Animal	174	39899	143726002	external_ucsc_or_legacy_prelim
fruit_fly	Animal	124	39751	143726002	external_ucsc_or_legacy_prelim
fruit_fly	Animal	304	39538	143726002	external_ucsc_or_legacy_prelim
fruit_fly	Animal	279	39528	143726002	external_ucsc_or_legacy_prelim
fruit_fly	Animal	188	38915	143726002	external_ucsc_or_legacy_prelim
fruit_fly	Animal	147	38753	143726002	external_ucsc_or_legacy_prelim
fruit_fly	Animal	163	38554	143726002	external_ucsc_or_legacy_prelim
fruit_fly	Animal	154	38540	143726002	external_ucsc_or_legacy_prelim
fruit_fly	Animal	152	38475	143726002	external_ucsc_or_legacy_prelim
fruit_fly	Animal	303	38348	143726002	external_ucsc_or_legacy_prelim
fruit_fly	Animal	172	38277	143726002	external_ucsc_or_legacy_prelim
fruit_fly	Animal	311	38081	143726002	external_ucsc_or_legacy_prelim
fruit_fly	Animal	189	37757	143726002	external_ucsc_or_legacy_prelim
fruit_fly	Animal	179	37351	143726002	external_ucsc_or_legacy_prelim
fruit_fly	Animal	165	37341	143726002	external_ucsc_or_legacy_prelim
fruit_fly	Animal	196	37175	143726002	external_ucsc_or_legacy_prelim
fruit_fly	Animal	182	36648	143726002	external_ucsc_or_legacy_prelim
fruit_fly	Animal	191	36427	143726002	external_ucsc_or_legacy_prelim
fruit_fly	Animal	176	36362	143726002	external_ucsc_or_legacy_prelim
fruit_fly	Animal	268	36015	143726002	external_ucsc_or_legacy_prelim
fruit_fly	Animal	85	35934	143726002	external_ucsc_or_legacy_prelim
fruit_fly	Animal	120	35119	143726002	external_ucsc_or_legacy_prelim
fruit_fly	Animal	306	34505	143726002	external_ucsc_or_legacy_prelim
fruit_fly	Animal	151	34404	143726002	external_ucsc_or_legacy_prelim
fruit_fly	Animal	308	34223	143726002	external_ucsc_or_legacy_prelim
fruit_fly	Animal	185	34156	143726002	external_ucsc_or_legacy_prelim
fruit_fly	Animal	159	33813	143726002	external_ucsc_or_legacy_prelim
fruit_fly	Animal	135	33784	143726002	external_ucsc_or_legacy_prelim
fruit_fly	Animal	194	33674	143726002	external_ucsc_or_legacy_prelim
fruit_fly	Animal	309	33580	143726002	external_ucsc_or_legacy_prelim
fruit_fly	Animal	178	33121	143726002	external_ucsc_or_legacy_prelim
fruit_fly	Animal	110	32742	143726002	external_ucsc_or_legacy_prelim
fruit_fly	Animal	137	32228	143726002	external_ucsc_or_legacy_prelim
fruit_fly	Animal	204	31792	143726002	external_ucsc_or_legacy_prelim
fruit_fly	Animal	206	31383	143726002	external_ucsc_or_legacy_prelim
fruit_fly	Animal	313	31320	143726002	external_ucsc_or_legacy_prelim
fruit_fly	Animal	321	31197	143726002	external_ucsc_or_legacy_prelim
fruit_fly	Animal	192	31095	143726002	external_ucsc_or_legacy_prelim
fruit_fly	Animal	314	30911	143726002	external_ucsc_or_legacy_prelim
fruit_fly	Animal	312	30640	143726002	external_ucsc_or_legacy_prelim
fruit_fly	Animal	274	30459	143726002	external_ucsc_or_legacy_prelim
fruit_fly	Animal	177	30360	143726002	external_ucsc_or_legacy_prelim
fruit_fly	Animal	145	30252	143726002	external_ucsc_or_legacy_prelim
fruit_fly	Animal	141	30209	143726002	external_ucsc_or_legacy_prelim
fruit_fly	Animal	299	29895	143726002	external_ucsc_or_legacy_prelim
fruit_fly	Animal	292	29875	143726002	external_ucsc_or_legacy_prelim
fruit_fly	Animal	302	29816	143726002	external_ucsc_or_legacy_prelim
fruit_fly	Animal	315	29764	143726002	external_ucsc_or_legacy_prelim
fruit_fly	Animal	283	29674	143726002	external_ucsc_or_legacy_prelim
fruit_fly	Animal	170	29397	143726002	external_ucsc_or_legacy_prelim
fruit_fly	Animal	301	29360	143726002	external_ucsc_or_legacy_prelim
fruit_fly	Animal	298	29245	143726002	external_ucsc_or_legacy_prelim
fruit_fly	Animal	130	29066	143726002	external_ucsc_or_legacy_prelim
fruit_fly	Animal	269	28906	143726002	external_ucsc_or_legacy_prelim
fruit_fly	Animal	318	28811	143726002	external_ucsc_or_legacy_prelim
fruit_fly	Animal	173	28574	143726002	external_ucsc_or_legacy_prelim
fruit_fly	Animal	277	28479	143726002	external_ucsc_or_legacy_prelim
fruit_fly	Animal	266	28361	143726002	external_ucsc_or_legacy_prelim
fruit_fly	Animal	180	28313	143726002	external_ucsc_or_legacy_prelim
fruit_fly	Animal	316	26474	143726002	external_ucsc_or_legacy_prelim
fruit_fly	Animal	330	26435	143726002	external_ucsc_or_legacy_prelim
fruit_fly	Animal	284	26389	143726002	external_ucsc_or_legacy_prelim
fruit_fly	Animal	209	26378	143726002	external_ucsc_or_legacy_prelim
fruit_fly	Animal	297	26320	143726002	external_ucsc_or_legacy_prelim
fruit_fly	Animal	286	25781	143726002	external_ucsc_or_legacy_prelim
fruit_fly	Animal	256	25734	143726002	external_ucsc_or_legacy_prelim
fruit_fly	Animal	271	25672	143726002	external_ucsc_or_legacy_prelim
fruit_fly	Animal	219	25454	143726002	external_ucsc_or_legacy_prelim
fruit_fly	Animal	261	25237	143726002	external_ucsc_or_legacy_prelim
fruit_fly	Animal	200	25212	143726002	external_ucsc_or_legacy_prelim
fruit_fly	Animal	320	25159	143726002	external_ucsc_or_legacy_prelim
fruit_fly	Animal	205	24792	143726002	external_ucsc_or_legacy_prelim
fruit_fly	Animal	253	24618	143726002	external_ucsc_or_legacy_prelim
fruit_fly	Animal	294	24356	143726002	external_ucsc_or_legacy_prelim
fruit_fly	Animal	187	24239	143726002	external_ucsc_or_legacy_prelim
fruit_fly	Animal	293	24236	143726002	external_ucsc_or_legacy_prelim
fruit_fly	Animal	202	24181	143726002	external_ucsc_or_legacy_prelim
fruit_fly	Animal	216	23901	143726002	external_ucsc_or_legacy_prelim
fruit_fly	Animal	260	23646	143726002	external_ucsc_or_legacy_prelim
fruit_fly	Animal	319	23620	143726002	external_ucsc_or_legacy_prelim
fruit_fly	Animal	226	23566	143726002	external_ucsc_or_legacy_prelim
fruit_fly	Animal	201	23525	143726002	external_ucsc_or_legacy_prelim
fruit_fly	Animal	252	22690	143726002	external_ucsc_or_legacy_prelim
fruit_fly	Animal	198	22662	143726002	external_ucsc_or_legacy_prelim
fruit_fly	Animal	203	22621	143726002	external_ucsc_or_legacy_prelim
fruit_fly	Animal	307	22427	143726002	external_ucsc_or_legacy_prelim
fruit_fly	Animal	333	22197	143726002	external_ucsc_or_legacy_prelim
fruit_fly	Animal	270	22160	143726002	external_ucsc_or_legacy_prelim
fruit_fly	Animal	276	22114	143726002	external_ucsc_or_legacy_prelim
fruit_fly	Animal	291	22068	143726002	external_ucsc_or_legacy_prelim
fruit_fly	Animal	239	21830	143726002	external_ucsc_or_legacy_prelim
fruit_fly	Animal	220	21791	143726002	external_ucsc_or_legacy_prelim
fruit_fly	Animal	272	21772	143726002	external_ucsc_or_legacy_prelim
fruit_fly	Animal	295	21708	143726002	external_ucsc_or_legacy_prelim
fruit_fly	Animal	255	21510	143726002	external_ucsc_or_legacy_prelim
fruit_fly	Animal	328	21502	143726002	external_ucsc_or_legacy_prelim
fruit_fly	Animal	296	21423	143726002	external_ucsc_or_legacy_prelim
fruit_fly	Animal	273	21422	143726002	external_ucsc_or_legacy_prelim
fruit_fly	Animal	244	21321	143726002	external_ucsc_or_legacy_prelim
fruit_fly	Animal	288	21264	143726002	external_ucsc_or_legacy_prelim
fruit_fly	Animal	278	21194	143726002	external_ucsc_or_legacy_prelim
fruit_fly	Animal	300	21156	143726002	external_ucsc_or_legacy_prelim
fruit_fly	Animal	195	21000	143726002	external_ucsc_or_legacy_prelim
fruit_fly	Animal	246	20982	143726002	external_ucsc_or_legacy_prelim
fruit_fly	Animal	214	20692	143726002	external_ucsc_or_legacy_prelim
fruit_fly	Animal	287	20589	143726002	external_ucsc_or_legacy_prelim
fruit_fly	Animal	213	20581	143726002	external_ucsc_or_legacy_prelim
fruit_fly	Animal	207	20282	143726002	external_ucsc_or_legacy_prelim
fruit_fly	Animal	233	20274	143726002	external_ucsc_or_legacy_prelim
fruit_fly	Animal	317	20026	143726002	external_ucsc_or_legacy_prelim
fruit_fly	Animal	222	20014	143726002	external_ucsc_or_legacy_prelim
fruit_fly	Animal	242	19739	143726002	external_ucsc_or_legacy_prelim
fruit_fly	Animal	230	19716	143726002	external_ucsc_or_legacy_prelim
fruit_fly	Animal	217	19655	143726002	external_ucsc_or_legacy_prelim
fruit_fly	Animal	248	19545	143726002	external_ucsc_or_legacy_prelim
fruit_fly	Animal	212	19388	143726002	external_ucsc_or_legacy_prelim
fruit_fly	Animal	251	19291	143726002	external_ucsc_or_legacy_prelim
fruit_fly	Animal	193	19147	143726002	external_ucsc_or_legacy_prelim
fruit_fly	Animal	210	18989	143726002	external_ucsc_or_legacy_prelim
fruit_fly	Animal	329	18863	143726002	external_ucsc_or_legacy_prelim
fruit_fly	Animal	197	18804	143726002	external_ucsc_or_legacy_prelim
fruit_fly	Animal	280	18693	143726002	external_ucsc_or_legacy_prelim
fruit_fly	Animal	290	18683	143726002	external_ucsc_or_legacy_prelim
fruit_fly	Animal	258	18654	143726002	external_ucsc_or_legacy_prelim
fruit_fly	Animal	249	18591	143726002	external_ucsc_or_legacy_prelim
fruit_fly	Animal	327	18531	143726002	external_ucsc_or_legacy_prelim
fruit_fly	Animal	332	18492	143726002	external_ucsc_or_legacy_prelim
fruit_fly	Animal	221	18384	143726002	external_ucsc_or_legacy_prelim
fruit_fly	Animal	227	18178	143726002	external_ucsc_or_legacy_prelim
fruit_fly	Animal	208	18028	143726002	external_ucsc_or_legacy_prelim
fruit_fly	Animal	281	17886	143726002	external_ucsc_or_legacy_prelim
fruit_fly	Animal	247	17830	143726002	external_ucsc_or_legacy_prelim
fruit_fly	Animal	218	17801	143726002	external_ucsc_or_legacy_prelim
fruit_fly	Animal	241	17753	143726002	external_ucsc_or_legacy_prelim
fruit_fly	Animal	263	17681	143726002	external_ucsc_or_legacy_prelim
fruit_fly	Animal	254	17605	143726002	external_ucsc_or_legacy_prelim
fruit_fly	Animal	326	17385	143726002	external_ucsc_or_legacy_prelim
fruit_fly	Animal	228	17331	143726002	external_ucsc_or_legacy_prelim
fruit_fly	Animal	282	17169	143726002	external_ucsc_or_legacy_prelim
fruit_fly	Animal	331	16973	143726002	external_ucsc_or_legacy_prelim
fruit_fly	Animal	232	16828	143726002	external_ucsc_or_legacy_prelim
fruit_fly	Animal	324	16699	143726002	external_ucsc_or_legacy_prelim
fruit_fly	Animal	264	16551	143726002	external_ucsc_or_legacy_prelim
fruit_fly	Animal	224	16118	143726002	external_ucsc_or_legacy_prelim
fruit_fly	Animal	236	15983	143726002	external_ucsc_or_legacy_prelim
fruit_fly	Animal	336	15333	143726002	external_ucsc_or_legacy_prelim
fruit_fly	Animal	285	15210	143726002	external_ucsc_or_legacy_prelim
fruit_fly	Animal	240	15181	143726002	external_ucsc_or_legacy_prelim
fruit_fly	Animal	243	14870	143726002	external_ucsc_or_legacy_prelim
fruit_fly	Animal	250	14677	143726002	external_ucsc_or_legacy_prelim
fruit_fly	Animal	259	14620	143726002	external_ucsc_or_legacy_prelim
fruit_fly	Animal	238	14474	143726002	external_ucsc_or_legacy_prelim
fruit_fly	Animal	322	14428	143726002	external_ucsc_or_legacy_prelim
fruit_fly	Animal	229	14336	143726002	external_ucsc_or_legacy_prelim
fruit_fly	Animal	340	14336	143726002	external_ucsc_or_legacy_prelim
fruit_fly	Animal	231	13948	143726002	external_ucsc_or_legacy_prelim
fruit_fly	Animal	335	13854	143726002	external_ucsc_or_legacy_prelim
fruit_fly	Animal	310	13842	143726002	external_ucsc_or_legacy_prelim
fruit_fly	Animal	265	13786	143726002	external_ucsc_or_legacy_prelim
fruit_fly	Animal	325	13665	143726002	external_ucsc_or_legacy_prelim
fruit_fly	Animal	211	13629	143726002	external_ucsc_or_legacy_prelim
fruit_fly	Animal	215	13481	143726002	external_ucsc_or_legacy_prelim
fruit_fly	Animal	267	13398	143726002	external_ucsc_or_legacy_prelim
fruit_fly	Animal	262	13322	143726002	external_ucsc_or_legacy_prelim
fruit_fly	Animal	235	13295	143726002	external_ucsc_or_legacy_prelim
fruit_fly	Animal	289	13222	143726002	external_ucsc_or_legacy_prelim
fruit_fly	Animal	257	12917	143726002	external_ucsc_or_legacy_prelim
fruit_fly	Animal	323	12876	143726002	external_ucsc_or_legacy_prelim
fruit_fly	Animal	234	12803	143726002	external_ucsc_or_legacy_prelim
fruit_fly	Animal	237	12430	143726002	external_ucsc_or_legacy_prelim
fruit_fly	Animal	245	11709	143726002	external_ucsc_or_legacy_prelim
fruit_fly	Animal	338	11345	143726002	external_ucsc_or_legacy_prelim
fruit_fly	Animal	334	11260	143726002	external_ucsc_or_legacy_prelim
fruit_fly	Animal	225	10640	143726002	external_ucsc_or_legacy_prelim
fruit_fly	Animal	341	10479	143726002	external_ucsc_or_legacy_prelim
fruit_fly	Animal	223	10205	143726002	external_ucsc_or_legacy_prelim
fruit_fly	Animal	342	9381	143726002	external_ucsc_or_legacy_prelim
fruit_fly	Animal	343	8918	143726002	external_ucsc_or_legacy_prelim
fruit_fly	Animal	339	8759	143726002	external_ucsc_or_legacy_prelim
fruit_fly	Animal	275	8497	143726002	external_ucsc_or_legacy_prelim
fruit_fly	Animal	346	8383	143726002	external_ucsc_or_legacy_prelim
fruit_fly	Animal	349	8315	143726002	external_ucsc_or_legacy_prelim
fruit_fly	Animal	344	8313	143726002	external_ucsc_or_legacy_prelim
fruit_fly	Animal	347	7509	143726002	external_ucsc_or_legacy_prelim
fruit_fly	Animal	337	7344	143726002	external_ucsc_or_legacy_prelim
fruit_fly	Animal	345	6345	143726002	external_ucsc_or_legacy_prelim
fruit_fly	Animal	354	5627	143726002	external_ucsc_or_legacy_prelim
fruit_fly	Animal	352	5072	143726002	external_ucsc_or_legacy_prelim
fruit_fly	Animal	358	4804	143726002	external_ucsc_or_legacy_prelim
fruit_fly	Animal	353	4785	143726002	external_ucsc_or_legacy_prelim
fruit_fly	Animal	355	4492	143726002	external_ucsc_or_legacy_prelim
fruit_fly	Animal	350	4362	143726002	external_ucsc_or_legacy_prelim
fruit_fly	Animal	351	4048	143726002	external_ucsc_or_legacy_prelim
fruit_fly	Animal	363	2879	143726002	external_ucsc_or_legacy_prelim
fruit_fly	Animal	348	2514	143726002	external_ucsc_or_legacy_prelim
fruit_fly	Animal	360	2183	143726002	external_ucsc_or_legacy_prelim
fruit_fly	Animal	366	2013	143726002	external_ucsc_or_legacy_prelim
fruit_fly	Animal	369	1829	143726002	external_ucsc_or_legacy_prelim
fruit_fly	Animal	356	1686	143726002	external_ucsc_or_legacy_prelim
fruit_fly	Animal	357	1624	143726002	external_ucsc_or_legacy_prelim
fruit_fly	Animal	393	1603	143726002	external_ucsc_or_legacy_prelim
fruit_fly	Animal	359	1577	143726002	external_ucsc_or_legacy_prelim
fruit_fly	Animal	364	1523	143726002	external_ucsc_or_legacy_prelim
fruit_fly	Animal	368	1512	143726002	external_ucsc_or_legacy_prelim
fruit_fly	Animal	365	1197	143726002	external_ucsc_or_legacy_prelim
fruit_fly	Animal	376	1167	143726002	external_ucsc_or_legacy_prelim
fruit_fly	Animal	362	1135	143726002	external_ucsc_or_legacy_prelim
fruit_fly	Animal	367	704	143726002	external_ucsc_or_legacy_prelim
fruit_fly	Animal	380	647	143726002	external_ucsc_or_legacy_prelim
fruit_fly	Animal	375	630	143726002	external_ucsc_or_legacy_prelim
fruit_fly	Animal	377	439	143726002	external_ucsc_or_legacy_prelim
fruit_fly	Animal	370	387	143726002	external_ucsc_or_legacy_prelim
fruit_fly	Animal	379	337	143726002	external_ucsc_or_legacy_prelim
fruit_fly	Animal	372	336	143726002	external_ucsc_or_legacy_prelim
fruit_fly	Animal	383	320	143726002	external_ucsc_or_legacy_prelim
fruit_fly	Animal	374	213	143726002	external_ucsc_or_legacy_prelim
fruit_fly	Animal	361	207	143726002	external_ucsc_or_legacy_prelim
fruit_fly	Animal	378	181	143726002	external_ucsc_or_legacy_prelim
fruit_fly	Animal	371	83	143726002	external_ucsc_or_legacy_prelim
green_anole	Animal	SINE/Sauria	36446279	1799143587	external_ucsc_or_legacy_prelim
green_anole	Animal	LINE/Penelope	31565001	1799143587	external_ucsc_or_legacy_prelim
green_anole	Animal	DNA/Helitron	14434492	1799143587	external_ucsc_or_legacy_prelim
green_anole	Animal	DNA/Chapaev-Chap3	11955454	1799143587	external_ucsc_or_legacy_prelim
green_anole	Animal	DNA/Chapaev	2004290	1799143587	external_ucsc_or_legacy_prelim
green_anole	Animal	SINE/Deu	186539	1799143587	external_ucsc_or_legacy_prelim
green_anole	Animal	Unknown	147147	1799143587	external_ucsc_or_legacy_prelim
green_anole	Animal	DNA?	99248	1799143587	external_ucsc_or_legacy_prelim
green_anole	Animal	LINE/CR1	78075	1799143587	external_ucsc_or_legacy_prelim
green_anole	Animal	DNA	51720	1799143587	external_ucsc_or_legacy_prelim
green_anole	Animal	SINE	42799	1799143587	external_ucsc_or_legacy_prelim
green_anole	Animal	DNA/TcMar?	18906	1799143587	external_ucsc_or_legacy_prelim
green_anole	Animal	SINE?	17627	1799143587	external_ucsc_or_legacy_prelim
green_anole	Animal	DNA/PiggyBac?	14367	1799143587	external_ucsc_or_legacy_prelim
green_anole	Animal	LINE?/Penelope?	8499	1799143587	external_ucsc_or_legacy_prelim
green_anole	Animal	DNA/TcMar-Tigger	7761	1799143587	external_ucsc_or_legacy_prelim
green_anole	Animal	LTR?	3635	1799143587	external_ucsc_or_legacy_prelim
green_anole	Animal	DNA/TcMar-Pogo	1990	1799143587	external_ucsc_or_legacy_prelim
green_anole	Animal	LINE/L1?	1261	1799143587	external_ucsc_or_legacy_prelim
green_anole	Animal	ARTEFACT	245	1799143587	external_ucsc_or_legacy_prelim
human	Animal	LINE/L1	518048772	3117292070	external_ucsc_or_legacy_prelim
human	Animal	SINE/Alu	312500654	3117292070	external_ucsc_or_legacy_prelim
human	Animal	LTR/ERVL-MaLR	111733974	3117292070	external_ucsc_or_legacy_prelim
human	Animal	LINE/L2	111140210	3117292070	external_ucsc_or_legacy_prelim
human	Animal	LTR/ERV1	85397602	3117292070	external_ucsc_or_legacy_prelim
human	Animal	SINE/MIR	84541603	3117292070	external_ucsc_or_legacy_prelim
human	Animal	LTR/ERVL	56877379	3117292070	external_ucsc_or_legacy_prelim
human	Animal	DNA/hAT-Charlie	47001877	3117292070	external_ucsc_or_legacy_prelim
human	Animal	DNA/TcMar-Tigger	38093066	3117292070	external_ucsc_or_legacy_prelim
human	Animal	LINE/CR1	12064057	3117292070	external_ucsc_or_legacy_prelim
human	Animal	DNA/hAT-Tip100	12001339	3117292070	external_ucsc_or_legacy_prelim
human	Animal	LTR/ERVK	9171213	3117292070	external_ucsc_or_legacy_prelim
human	Animal	Retroposon/SVA	4335685	3117292070	external_ucsc_or_legacy_prelim
human	Animal	LTR/Gypsy	3710093	3117292070	external_ucsc_or_legacy_prelim
human	Animal	LINE/RTE-X	3512464	3117292070	external_ucsc_or_legacy_prelim
human	Animal	DNA/TcMar-Mariner	2885314	3117292070	external_ucsc_or_legacy_prelim
human	Animal	DNA/hAT-Blackjack	2557503	3117292070	external_ucsc_or_legacy_prelim
human	Animal	DNA/TcMar-Tc2	1659430	3117292070	external_ucsc_or_legacy_prelim
human	Animal	LTR?	1610664	3117292070	external_ucsc_or_legacy_prelim
human	Animal	LTR	1573694	3117292070	external_ucsc_or_legacy_prelim
human	Animal	LTR/Gypsy?	1348178	3117292070	external_ucsc_or_legacy_prelim
human	Animal	LINE/RTE-BovB	1310612	3117292070	external_ucsc_or_legacy_prelim
human	Animal	Unknown	905697	3117292070	external_ucsc_or_legacy_prelim
human	Animal	LTR/ERVL?	894245	3117292070	external_ucsc_or_legacy_prelim
human	Animal	DNA	855134	3117292070	external_ucsc_or_legacy_prelim
human	Animal	DNA/hAT-Ac	839502	3117292070	external_ucsc_or_legacy_prelim
human	Animal	DNA/MULE-MuDR	816123	3117292070	external_ucsc_or_legacy_prelim
human	Animal	SINE/tRNA-RTE	698199	3117292070	external_ucsc_or_legacy_prelim
human	Animal	DNA/hAT-Tag1	524828	3117292070	external_ucsc_or_legacy_prelim
human	Animal	DNA/PiggyBac	499830	3117292070	external_ucsc_or_legacy_prelim
human	Animal	DNA/hAT	383053	3117292070	external_ucsc_or_legacy_prelim
human	Animal	RC/Helitron	370663	3117292070	external_ucsc_or_legacy_prelim
human	Animal	DNA?	339510	3117292070	external_ucsc_or_legacy_prelim
human	Animal	SINE/tRNA	272246	3117292070	external_ucsc_or_legacy_prelim
human	Animal	SINE/5S-Deu-L2	270171	3117292070	external_ucsc_or_legacy_prelim
human	Animal	LTR/ERV1?	266697	3117292070	external_ucsc_or_legacy_prelim
human	Animal	DNA/hAT-Tip100?	138877	3117292070	external_ucsc_or_legacy_prelim
human	Animal	DNA/TcMar-Tc1	133317	3117292070	external_ucsc_or_legacy_prelim
human	Animal	DNA?/hAT?	127480	3117292070	external_ucsc_or_legacy_prelim
human	Animal	DNA?/hAT-Tip100?	119786	3117292070	external_ucsc_or_legacy_prelim
human	Animal	LINE/Dong-R4	113505	3117292070	external_ucsc_or_legacy_prelim
human	Animal	LINE/Penelope	95741	3117292070	external_ucsc_or_legacy_prelim
human	Animal	DNA/PIF-Harbinger	66880	3117292070	external_ucsc_or_legacy_prelim
human	Animal	SINE/tRNA-Deu	63492	3117292070	external_ucsc_or_legacy_prelim
human	Animal	RC?/Helitron?	60467	3117292070	external_ucsc_or_legacy_prelim
human	Animal	LINE/L1-Tx1	47002	3117292070	external_ucsc_or_legacy_prelim
human	Animal	DNA/Crypton	45402	3117292070	external_ucsc_or_legacy_prelim
human	Animal	DNA?/PiggyBac?	41499	3117292070	external_ucsc_or_legacy_prelim
human	Animal	DNA/Kolobok	41055	3117292070	external_ucsc_or_legacy_prelim
human	Animal	DNA/Merlin	39672	3117292070	external_ucsc_or_legacy_prelim
human	Animal	DNA/TcMar?	31495	3117292070	external_ucsc_or_legacy_prelim
human	Animal	DNA/hAT?	29930	3117292070	external_ucsc_or_legacy_prelim
human	Animal	LINE/I-Jockey	22388	3117292070	external_ucsc_or_legacy_prelim
human	Animal	DNA/Crypton-A?	20925	3117292070	external_ucsc_or_legacy_prelim
human	Animal	Unspecified	20631	3117292070	external_ucsc_or_legacy_prelim
human	Animal	DNA/TcMar	15320	3117292070	external_ucsc_or_legacy_prelim
human	Animal	RC/Helitron?	8401	3117292070	external_ucsc_or_legacy_prelim
human	Animal	DNA/TcMar-Pogo	3495	3117292070	external_ucsc_or_legacy_prelim
human	Animal	DNA/hAT-hAT19	86	3117292070	external_ucsc_or_legacy_prelim
medaka	Animal	DNA/PiggyBac?	5055319	869000216	external_ucsc_or_legacy_prelim
medaka	Animal	SINE/V	2101811	869000216	external_ucsc_or_legacy_prelim
medaka	Animal	DNA/TcMar-Tc1	2100099	869000216	external_ucsc_or_legacy_prelim
medaka	Animal	DNA/Tc1	1571753	869000216	external_ucsc_or_legacy_prelim
medaka	Animal	Unknown	1098772	869000216	external_ucsc_or_legacy_prelim
medaka	Animal	DNA/hAT	439436	869000216	external_ucsc_or_legacy_prelim
medaka	Animal	LINE/L1	394116	869000216	external_ucsc_or_legacy_prelim
medaka	Animal	LTR/Gypsy	263402	869000216	external_ucsc_or_legacy_prelim
medaka	Animal	DNA/Chapaev	21724	869000216	external_ucsc_or_legacy_prelim
medaka	Animal	LINE/RTE	9812	869000216	external_ucsc_or_legacy_prelim
mouse	Animal	3	5777496	2728222451	external_ucsc_or_legacy_prelim
mouse	Animal	8	5415585	2728222451	external_ucsc_or_legacy_prelim
mouse	Animal	48	5339238	2728222451	external_ucsc_or_legacy_prelim
mouse	Animal	14	5258566	2728222451	external_ucsc_or_legacy_prelim
mouse	Animal	16	5004022	2728222451	external_ucsc_or_legacy_prelim
mouse	Animal	11	4855589	2728222451	external_ucsc_or_legacy_prelim
mouse	Animal	5	4846562	2728222451	external_ucsc_or_legacy_prelim
mouse	Animal	4	4742282	2728222451	external_ucsc_or_legacy_prelim
mouse	Animal	6	4738421	2728222451	external_ucsc_or_legacy_prelim
mouse	Animal	55	4703482	2728222451	external_ucsc_or_legacy_prelim
mouse	Animal	7	4656172	2728222451	external_ucsc_or_legacy_prelim
mouse	Animal	50	4649530	2728222451	external_ucsc_or_legacy_prelim
mouse	Animal	15	4545939	2728222451	external_ucsc_or_legacy_prelim
mouse	Animal	12	4529559	2728222451	external_ucsc_or_legacy_prelim
mouse	Animal	68	4509874	2728222451	external_ucsc_or_legacy_prelim
mouse	Animal	250	4488095	2728222451	external_ucsc_or_legacy_prelim
mouse	Animal	52	4470846	2728222451	external_ucsc_or_legacy_prelim
mouse	Animal	18	4453155	2728222451	external_ucsc_or_legacy_prelim
mouse	Animal	62	4402134	2728222451	external_ucsc_or_legacy_prelim
mouse	Animal	9	4386072	2728222451	external_ucsc_or_legacy_prelim
mouse	Animal	58	4381726	2728222451	external_ucsc_or_legacy_prelim
mouse	Animal	286	4359146	2728222451	external_ucsc_or_legacy_prelim
mouse	Animal	45	4300179	2728222451	external_ucsc_or_legacy_prelim
mouse	Animal	10	4186772	2728222451	external_ucsc_or_legacy_prelim
mouse	Animal	43	4185031	2728222451	external_ucsc_or_legacy_prelim
mouse	Animal	279	4180863	2728222451	external_ucsc_or_legacy_prelim
mouse	Animal	75	4178195	2728222451	external_ucsc_or_legacy_prelim
mouse	Animal	284	4168016	2728222451	external_ucsc_or_legacy_prelim
mouse	Animal	19	4154806	2728222451	external_ucsc_or_legacy_prelim
mouse	Animal	274	4131949	2728222451	external_ucsc_or_legacy_prelim
mouse	Animal	289	4108009	2728222451	external_ucsc_or_legacy_prelim
mouse	Animal	53	4090119	2728222451	external_ucsc_or_legacy_prelim
mouse	Animal	281	4084060	2728222451	external_ucsc_or_legacy_prelim
mouse	Animal	20	4083338	2728222451	external_ucsc_or_legacy_prelim
mouse	Animal	271	4027607	2728222451	external_ucsc_or_legacy_prelim
mouse	Animal	42	4027199	2728222451	external_ucsc_or_legacy_prelim
mouse	Animal	276	3998712	2728222451	external_ucsc_or_legacy_prelim
mouse	Animal	41	3996758	2728222451	external_ucsc_or_legacy_prelim
mouse	Animal	296	3985252	2728222451	external_ucsc_or_legacy_prelim
mouse	Animal	2	3984299	2728222451	external_ucsc_or_legacy_prelim
mouse	Animal	291	3982404	2728222451	external_ucsc_or_legacy_prelim
mouse	Animal	269	3980242	2728222451	external_ucsc_or_legacy_prelim
mouse	Animal	13	3955688	2728222451	external_ucsc_or_legacy_prelim
mouse	Animal	254	3953905	2728222451	external_ucsc_or_legacy_prelim
mouse	Animal	25	3953291	2728222451	external_ucsc_or_legacy_prelim
mouse	Animal	54	3940172	2728222451	external_ucsc_or_legacy_prelim
mouse	Animal	264	3925147	2728222451	external_ucsc_or_legacy_prelim
mouse	Animal	294	3875582	2728222451	external_ucsc_or_legacy_prelim
mouse	Animal	35	3844708	2728222451	external_ucsc_or_legacy_prelim
mouse	Animal	47	3840827	2728222451	external_ucsc_or_legacy_prelim
mouse	Animal	261	3839380	2728222451	external_ucsc_or_legacy_prelim
mouse	Animal	21	3837371	2728222451	external_ucsc_or_legacy_prelim
mouse	Animal	299	3836005	2728222451	external_ucsc_or_legacy_prelim
mouse	Animal	40	3828141	2728222451	external_ucsc_or_legacy_prelim
mouse	Animal	60	3825741	2728222451	external_ucsc_or_legacy_prelim
mouse	Animal	82	3794454	2728222451	external_ucsc_or_legacy_prelim
mouse	Animal	49	3787633	2728222451	external_ucsc_or_legacy_prelim
mouse	Animal	301	3772660	2728222451	external_ucsc_or_legacy_prelim
mouse	Animal	278	3755524	2728222451	external_ucsc_or_legacy_prelim
mouse	Animal	259	3754898	2728222451	external_ucsc_or_legacy_prelim
mouse	Animal	266	3747827	2728222451	external_ucsc_or_legacy_prelim
mouse	Animal	256	3732483	2728222451	external_ucsc_or_legacy_prelim
mouse	Animal	70	3710183	2728222451	external_ucsc_or_legacy_prelim
mouse	Animal	246	3707961	2728222451	external_ucsc_or_legacy_prelim
mouse	Animal	288	3706799	2728222451	external_ucsc_or_legacy_prelim
mouse	Animal	65	3698911	2728222451	external_ucsc_or_legacy_prelim
mouse	Animal	282	3680344	2728222451	external_ucsc_or_legacy_prelim
mouse	Animal	57	3667053	2728222451	external_ucsc_or_legacy_prelim
mouse	Animal	28	3657859	2728222451	external_ucsc_or_legacy_prelim
mouse	Animal	61	3652301	2728222451	external_ucsc_or_legacy_prelim
mouse	Animal	292	3651799	2728222451	external_ucsc_or_legacy_prelim
mouse	Animal	17	3616856	2728222451	external_ucsc_or_legacy_prelim
mouse	Animal	92	3612684	2728222451	external_ucsc_or_legacy_prelim
mouse	Animal	38	3608247	2728222451	external_ucsc_or_legacy_prelim
mouse	Animal	51	3606270	2728222451	external_ucsc_or_legacy_prelim
mouse	Animal	88	3600522	2728222451	external_ucsc_or_legacy_prelim
mouse	Animal	268	3588277	2728222451	external_ucsc_or_legacy_prelim
mouse	Animal	34	3581226	2728222451	external_ucsc_or_legacy_prelim
mouse	Animal	30	3574595	2728222451	external_ucsc_or_legacy_prelim
mouse	Animal	306	3569391	2728222451	external_ucsc_or_legacy_prelim
mouse	Animal	239	3567092	2728222451	external_ucsc_or_legacy_prelim
mouse	Animal	56	3567091	2728222451	external_ucsc_or_legacy_prelim
mouse	Animal	241	3562480	2728222451	external_ucsc_or_legacy_prelim
mouse	Animal	262	3561889	2728222451	external_ucsc_or_legacy_prelim
mouse	Animal	304	3547999	2728222451	external_ucsc_or_legacy_prelim
mouse	Animal	244	3537269	2728222451	external_ucsc_or_legacy_prelim
mouse	Animal	27	3526447	2728222451	external_ucsc_or_legacy_prelim
mouse	Animal	63	3525893	2728222451	external_ucsc_or_legacy_prelim
mouse	Animal	39	3507623	2728222451	external_ucsc_or_legacy_prelim
mouse	Animal	273	3496402	2728222451	external_ucsc_or_legacy_prelim
mouse	Animal	252	3482371	2728222451	external_ucsc_or_legacy_prelim
mouse	Animal	229	3470680	2728222451	external_ucsc_or_legacy_prelim
mouse	Animal	72	3469383	2728222451	external_ucsc_or_legacy_prelim
mouse	Animal	26	3459383	2728222451	external_ucsc_or_legacy_prelim
mouse	Animal	236	3456814	2728222451	external_ucsc_or_legacy_prelim
mouse	Animal	298	3453853	2728222451	external_ucsc_or_legacy_prelim
mouse	Animal	44	3448120	2728222451	external_ucsc_or_legacy_prelim
mouse	Animal	36	3447159	2728222451	external_ucsc_or_legacy_prelim
mouse	Animal	272	3444325	2728222451	external_ucsc_or_legacy_prelim
mouse	Animal	24	3441617	2728222451	external_ucsc_or_legacy_prelim
mouse	Animal	22	3418820	2728222451	external_ucsc_or_legacy_prelim
mouse	Animal	267	3409983	2728222451	external_ucsc_or_legacy_prelim
mouse	Animal	89	3402024	2728222451	external_ucsc_or_legacy_prelim
mouse	Animal	290	3400381	2728222451	external_ucsc_or_legacy_prelim
mouse	Animal	46	3393609	2728222451	external_ucsc_or_legacy_prelim
mouse	Animal	23	3390287	2728222451	external_ucsc_or_legacy_prelim
mouse	Animal	226	3387072	2728222451	external_ucsc_or_legacy_prelim
mouse	Animal	309	3375316	2728222451	external_ucsc_or_legacy_prelim
mouse	Animal	258	3373323	2728222451	external_ucsc_or_legacy_prelim
mouse	Animal	283	3371574	2728222451	external_ucsc_or_legacy_prelim
mouse	Animal	231	3369431	2728222451	external_ucsc_or_legacy_prelim
mouse	Animal	224	3359673	2728222451	external_ucsc_or_legacy_prelim
mouse	Animal	59	3355666	2728222451	external_ucsc_or_legacy_prelim
mouse	Animal	275	3351437	2728222451	external_ucsc_or_legacy_prelim
mouse	Animal	248	3350861	2728222451	external_ucsc_or_legacy_prelim
mouse	Animal	280	3347987	2728222451	external_ucsc_or_legacy_prelim
mouse	Animal	78	3346880	2728222451	external_ucsc_or_legacy_prelim
mouse	Animal	31	3335430	2728222451	external_ucsc_or_legacy_prelim
mouse	Animal	211	3334194	2728222451	external_ucsc_or_legacy_prelim
mouse	Animal	221	3333949	2728222451	external_ucsc_or_legacy_prelim
mouse	Animal	287	3323987	2728222451	external_ucsc_or_legacy_prelim
mouse	Animal	214	3316271	2728222451	external_ucsc_or_legacy_prelim
mouse	Animal	277	3309300	2728222451	external_ucsc_or_legacy_prelim
mouse	Animal	270	3308663	2728222451	external_ucsc_or_legacy_prelim
mouse	Animal	234	3301998	2728222451	external_ucsc_or_legacy_prelim
mouse	Animal	73	3281452	2728222451	external_ucsc_or_legacy_prelim
mouse	Animal	67	3280278	2728222451	external_ucsc_or_legacy_prelim
mouse	Animal	293	3279231	2728222451	external_ucsc_or_legacy_prelim
mouse	Animal	333	3278180	2728222451	external_ucsc_or_legacy_prelim
mouse	Animal	94	3276706	2728222451	external_ucsc_or_legacy_prelim
mouse	Animal	83	3275909	2728222451	external_ucsc_or_legacy_prelim
mouse	Animal	302	3275605	2728222451	external_ucsc_or_legacy_prelim
mouse	Animal	295	3274320	2728222451	external_ucsc_or_legacy_prelim
mouse	Animal	191	3271722	2728222451	external_ucsc_or_legacy_prelim
mouse	Animal	219	3247059	2728222451	external_ucsc_or_legacy_prelim
mouse	Animal	102	3246774	2728222451	external_ucsc_or_legacy_prelim
mouse	Animal	161	3245184	2728222451	external_ucsc_or_legacy_prelim
mouse	Animal	206	3228278	2728222451	external_ucsc_or_legacy_prelim
mouse	Animal	93	3218520	2728222451	external_ucsc_or_legacy_prelim
mouse	Animal	64	3208301	2728222451	external_ucsc_or_legacy_prelim
mouse	Animal	204	3202099	2728222451	external_ucsc_or_legacy_prelim
mouse	Animal	186	3198251	2728222451	external_ucsc_or_legacy_prelim
mouse	Animal	260	3197329	2728222451	external_ucsc_or_legacy_prelim
mouse	Animal	242	3185769	2728222451	external_ucsc_or_legacy_prelim
mouse	Animal	81	3181829	2728222451	external_ucsc_or_legacy_prelim
mouse	Animal	257	3181497	2728222451	external_ucsc_or_legacy_prelim
mouse	Animal	311	3180878	2728222451	external_ucsc_or_legacy_prelim
mouse	Animal	98	3177018	2728222451	external_ucsc_or_legacy_prelim
mouse	Animal	265	3176450	2728222451	external_ucsc_or_legacy_prelim
mouse	Animal	95	3175854	2728222451	external_ucsc_or_legacy_prelim
mouse	Animal	238	3165544	2728222451	external_ucsc_or_legacy_prelim
mouse	Animal	297	3161989	2728222451	external_ucsc_or_legacy_prelim
mouse	Animal	158	3161974	2728222451	external_ucsc_or_legacy_prelim
mouse	Animal	86	3161811	2728222451	external_ucsc_or_legacy_prelim
mouse	Animal	196	3160993	2728222451	external_ucsc_or_legacy_prelim
mouse	Animal	108	3156155	2728222451	external_ucsc_or_legacy_prelim
mouse	Animal	255	3155023	2728222451	external_ucsc_or_legacy_prelim
mouse	Animal	91	3151628	2728222451	external_ucsc_or_legacy_prelim
mouse	Animal	69	3146821	2728222451	external_ucsc_or_legacy_prelim
mouse	Animal	216	3136632	2728222451	external_ucsc_or_legacy_prelim
mouse	Animal	312	3135195	2728222451	external_ucsc_or_legacy_prelim
mouse	Animal	222	3133988	2728222451	external_ucsc_or_legacy_prelim
mouse	Animal	308	3129804	2728222451	external_ucsc_or_legacy_prelim
mouse	Animal	71	3125690	2728222451	external_ucsc_or_legacy_prelim
mouse	Animal	263	3124386	2728222451	external_ucsc_or_legacy_prelim
mouse	Animal	164	3097898	2728222451	external_ucsc_or_legacy_prelim
mouse	Animal	194	3094715	2728222451	external_ucsc_or_legacy_prelim
mouse	Animal	209	3091070	2728222451	external_ucsc_or_legacy_prelim
mouse	Animal	169	3089465	2728222451	external_ucsc_or_legacy_prelim
mouse	Animal	84	3080944	2728222451	external_ucsc_or_legacy_prelim
mouse	Animal	96	3079990	2728222451	external_ucsc_or_legacy_prelim
mouse	Animal	228	3075968	2728222451	external_ucsc_or_legacy_prelim
mouse	Animal	76	3073811	2728222451	external_ucsc_or_legacy_prelim
mouse	Animal	200	3070543	2728222451	external_ucsc_or_legacy_prelim
mouse	Animal	171	3059876	2728222451	external_ucsc_or_legacy_prelim
mouse	Animal	32	3053914	2728222451	external_ucsc_or_legacy_prelim
mouse	Animal	179	3050398	2728222451	external_ucsc_or_legacy_prelim
mouse	Animal	232	3048853	2728222451	external_ucsc_or_legacy_prelim
mouse	Animal	314	3045977	2728222451	external_ucsc_or_legacy_prelim
mouse	Animal	74	3044956	2728222451	external_ucsc_or_legacy_prelim
mouse	Animal	303	3040307	2728222451	external_ucsc_or_legacy_prelim
mouse	Animal	184	3029045	2728222451	external_ucsc_or_legacy_prelim
mouse	Animal	29	3024881	2728222451	external_ucsc_or_legacy_prelim
mouse	Animal	189	3024044	2728222451	external_ucsc_or_legacy_prelim
mouse	Animal	174	3010086	2728222451	external_ucsc_or_legacy_prelim
mouse	Animal	77	3010005	2728222451	external_ucsc_or_legacy_prelim
mouse	Animal	316	2994047	2728222451	external_ucsc_or_legacy_prelim
mouse	Animal	66	2987437	2728222451	external_ucsc_or_legacy_prelim
mouse	Animal	247	2985356	2728222451	external_ucsc_or_legacy_prelim
mouse	Animal	176	2984355	2728222451	external_ucsc_or_legacy_prelim
mouse	Animal	188	2982209	2728222451	external_ucsc_or_legacy_prelim
mouse	Animal	300	2978695	2728222451	external_ucsc_or_legacy_prelim
mouse	Animal	97	2976679	2728222451	external_ucsc_or_legacy_prelim
mouse	Animal	245	2970197	2728222451	external_ucsc_or_legacy_prelim
mouse	Animal	80	2968567	2728222451	external_ucsc_or_legacy_prelim
mouse	Animal	251	2961824	2728222451	external_ucsc_or_legacy_prelim
mouse	Animal	101	2959137	2728222451	external_ucsc_or_legacy_prelim
mouse	Animal	212	2951834	2728222451	external_ucsc_or_legacy_prelim
mouse	Animal	208	2951094	2728222451	external_ucsc_or_legacy_prelim
mouse	Animal	152	2950587	2728222451	external_ucsc_or_legacy_prelim
mouse	Animal	233	2950483	2728222451	external_ucsc_or_legacy_prelim
mouse	Animal	285	2944491	2728222451	external_ucsc_or_legacy_prelim
mouse	Animal	181	2943626	2728222451	external_ucsc_or_legacy_prelim
mouse	Animal	33	2939149	2728222451	external_ucsc_or_legacy_prelim
mouse	Animal	253	2936776	2728222451	external_ucsc_or_legacy_prelim
mouse	Animal	243	2932161	2728222451	external_ucsc_or_legacy_prelim
mouse	Animal	199	2929099	2728222451	external_ucsc_or_legacy_prelim
mouse	Animal	87	2929033	2728222451	external_ucsc_or_legacy_prelim
mouse	Animal	37	2925009	2728222451	external_ucsc_or_legacy_prelim
mouse	Animal	202	2906459	2728222451	external_ucsc_or_legacy_prelim
mouse	Animal	157	2904999	2728222451	external_ucsc_or_legacy_prelim
mouse	Animal	305	2903049	2728222451	external_ucsc_or_legacy_prelim
mouse	Animal	235	2894612	2728222451	external_ucsc_or_legacy_prelim
mouse	Animal	319	2892174	2728222451	external_ucsc_or_legacy_prelim
mouse	Animal	103	2871082	2728222451	external_ucsc_or_legacy_prelim
mouse	Animal	79	2855394	2728222451	external_ucsc_or_legacy_prelim
mouse	Animal	218	2850291	2728222451	external_ucsc_or_legacy_prelim
mouse	Animal	182	2836033	2728222451	external_ucsc_or_legacy_prelim
mouse	Animal	159	2828498	2728222451	external_ucsc_or_legacy_prelim
mouse	Animal	240	2824586	2728222451	external_ucsc_or_legacy_prelim
mouse	Animal	90	2823563	2728222451	external_ucsc_or_legacy_prelim
mouse	Animal	201	2821059	2728222451	external_ucsc_or_legacy_prelim
mouse	Animal	198	2820330	2728222451	external_ucsc_or_legacy_prelim
mouse	Animal	112	2818997	2728222451	external_ucsc_or_legacy_prelim
mouse	Animal	325	2818492	2728222451	external_ucsc_or_legacy_prelim
mouse	Animal	172	2814253	2728222451	external_ucsc_or_legacy_prelim
mouse	Animal	217	2805712	2728222451	external_ucsc_or_legacy_prelim
mouse	Animal	99	2803110	2728222451	external_ucsc_or_legacy_prelim
mouse	Animal	162	2801971	2728222451	external_ucsc_or_legacy_prelim
mouse	Animal	227	2797883	2728222451	external_ucsc_or_legacy_prelim
mouse	Animal	156	2795790	2728222451	external_ucsc_or_legacy_prelim
mouse	Animal	237	2792266	2728222451	external_ucsc_or_legacy_prelim
mouse	Animal	307	2788773	2728222451	external_ucsc_or_legacy_prelim
mouse	Animal	249	2782784	2728222451	external_ucsc_or_legacy_prelim
mouse	Animal	138	2782481	2728222451	external_ucsc_or_legacy_prelim
mouse	Animal	148	2779730	2728222451	external_ucsc_or_legacy_prelim
mouse	Animal	167	2779162	2728222451	external_ucsc_or_legacy_prelim
mouse	Animal	109	2777360	2728222451	external_ucsc_or_legacy_prelim
mouse	Animal	151	2750351	2728222451	external_ucsc_or_legacy_prelim
mouse	Animal	230	2749236	2728222451	external_ucsc_or_legacy_prelim
mouse	Animal	168	2748002	2728222451	external_ucsc_or_legacy_prelim
mouse	Animal	225	2738400	2728222451	external_ucsc_or_legacy_prelim
mouse	Animal	122	2734092	2728222451	external_ucsc_or_legacy_prelim
mouse	Animal	104	2729472	2728222451	external_ucsc_or_legacy_prelim
mouse	Animal	118	2728273	2728222451	external_ucsc_or_legacy_prelim
mouse	Animal	106	2725186	2728222451	external_ucsc_or_legacy_prelim
mouse	Animal	142	2718510	2728222451	external_ucsc_or_legacy_prelim
mouse	Animal	132	2712845	2728222451	external_ucsc_or_legacy_prelim
mouse	Animal	192	2705534	2728222451	external_ucsc_or_legacy_prelim
mouse	Animal	154	2681661	2728222451	external_ucsc_or_legacy_prelim
mouse	Animal	324	2680434	2728222451	external_ucsc_or_legacy_prelim
mouse	Animal	146	2677873	2728222451	external_ucsc_or_legacy_prelim
mouse	Animal	153	2673607	2728222451	external_ucsc_or_legacy_prelim
mouse	Animal	116	2673545	2728222451	external_ucsc_or_legacy_prelim
mouse	Animal	310	2670804	2728222451	external_ucsc_or_legacy_prelim
mouse	Animal	144	2667483	2728222451	external_ucsc_or_legacy_prelim
mouse	Animal	320	2662234	2728222451	external_ucsc_or_legacy_prelim
mouse	Animal	223	2657775	2728222451	external_ucsc_or_legacy_prelim
mouse	Animal	113	2656375	2728222451	external_ucsc_or_legacy_prelim
mouse	Animal	207	2654701	2728222451	external_ucsc_or_legacy_prelim
mouse	Animal	215	2652847	2728222451	external_ucsc_or_legacy_prelim
mouse	Animal	128	2644912	2728222451	external_ucsc_or_legacy_prelim
mouse	Animal	111	2640182	2728222451	external_ucsc_or_legacy_prelim
mouse	Animal	197	2637082	2728222451	external_ucsc_or_legacy_prelim
mouse	Animal	203	2636865	2728222451	external_ucsc_or_legacy_prelim
mouse	Animal	178	2633717	2728222451	external_ucsc_or_legacy_prelim
mouse	Animal	166	2620912	2728222451	external_ucsc_or_legacy_prelim
mouse	Animal	318	2618029	2728222451	external_ucsc_or_legacy_prelim
mouse	Animal	147	2612232	2728222451	external_ucsc_or_legacy_prelim
mouse	Animal	321	2598892	2728222451	external_ucsc_or_legacy_prelim
mouse	Animal	326	2596593	2728222451	external_ucsc_or_legacy_prelim
mouse	Animal	119	2585059	2728222451	external_ucsc_or_legacy_prelim
mouse	Animal	85	2582354	2728222451	external_ucsc_or_legacy_prelim
mouse	Animal	163	2581918	2728222451	external_ucsc_or_legacy_prelim
mouse	Animal	114	2578516	2728222451	external_ucsc_or_legacy_prelim
mouse	Animal	107	2577305	2728222451	external_ucsc_or_legacy_prelim
mouse	Animal	160	2571091	2728222451	external_ucsc_or_legacy_prelim
mouse	Animal	315	2568951	2728222451	external_ucsc_or_legacy_prelim
mouse	Animal	220	2564753	2728222451	external_ucsc_or_legacy_prelim
mouse	Animal	121	2554706	2728222451	external_ucsc_or_legacy_prelim
mouse	Animal	190	2553681	2728222451	external_ucsc_or_legacy_prelim
mouse	Animal	143	2544283	2728222451	external_ucsc_or_legacy_prelim
mouse	Animal	117	2537612	2728222451	external_ucsc_or_legacy_prelim
mouse	Animal	175	2530400	2728222451	external_ucsc_or_legacy_prelim
mouse	Animal	322	2530360	2728222451	external_ucsc_or_legacy_prelim
mouse	Animal	149	2530188	2728222451	external_ucsc_or_legacy_prelim
mouse	Animal	213	2525308	2728222451	external_ucsc_or_legacy_prelim
mouse	Animal	139	2524179	2728222451	external_ucsc_or_legacy_prelim
mouse	Animal	195	2512702	2728222451	external_ucsc_or_legacy_prelim
mouse	Animal	155	2496165	2728222451	external_ucsc_or_legacy_prelim
mouse	Animal	185	2493497	2728222451	external_ucsc_or_legacy_prelim
mouse	Animal	124	2491518	2728222451	external_ucsc_or_legacy_prelim
mouse	Animal	129	2490749	2728222451	external_ucsc_or_legacy_prelim
mouse	Animal	173	2482795	2728222451	external_ucsc_or_legacy_prelim
mouse	Animal	105	2481156	2728222451	external_ucsc_or_legacy_prelim
mouse	Animal	136	2481085	2728222451	external_ucsc_or_legacy_prelim
mouse	Animal	110	2473006	2728222451	external_ucsc_or_legacy_prelim
mouse	Animal	141	2471415	2728222451	external_ucsc_or_legacy_prelim
mouse	Animal	133	2467226	2728222451	external_ucsc_or_legacy_prelim
mouse	Animal	183	2466605	2728222451	external_ucsc_or_legacy_prelim
mouse	Animal	170	2465264	2728222451	external_ucsc_or_legacy_prelim
mouse	Animal	126	2460977	2728222451	external_ucsc_or_legacy_prelim
mouse	Animal	100	2448334	2728222451	external_ucsc_or_legacy_prelim
mouse	Animal	123	2446077	2728222451	external_ucsc_or_legacy_prelim
mouse	Animal	210	2441081	2728222451	external_ucsc_or_legacy_prelim
mouse	Animal	115	2433100	2728222451	external_ucsc_or_legacy_prelim
mouse	Animal	193	2430397	2728222451	external_ucsc_or_legacy_prelim
mouse	Animal	180	2421618	2728222451	external_ucsc_or_legacy_prelim
mouse	Animal	150	2421609	2728222451	external_ucsc_or_legacy_prelim
mouse	Animal	205	2419837	2728222451	external_ucsc_or_legacy_prelim
mouse	Animal	131	2419625	2728222451	external_ucsc_or_legacy_prelim
mouse	Animal	137	2416517	2728222451	external_ucsc_or_legacy_prelim
mouse	Animal	177	2415298	2728222451	external_ucsc_or_legacy_prelim
mouse	Animal	330	2411636	2728222451	external_ucsc_or_legacy_prelim
mouse	Animal	127	2395286	2728222451	external_ucsc_or_legacy_prelim
mouse	Animal	165	2382473	2728222451	external_ucsc_or_legacy_prelim
mouse	Animal	313	2365511	2728222451	external_ucsc_or_legacy_prelim
mouse	Animal	317	2365401	2728222451	external_ucsc_or_legacy_prelim
mouse	Animal	145	2362829	2728222451	external_ucsc_or_legacy_prelim
mouse	Animal	187	2332522	2728222451	external_ucsc_or_legacy_prelim
mouse	Animal	328	2300504	2728222451	external_ucsc_or_legacy_prelim
mouse	Animal	323	2298987	2728222451	external_ucsc_or_legacy_prelim
mouse	Animal	140	2291409	2728222451	external_ucsc_or_legacy_prelim
mouse	Animal	134	2284409	2728222451	external_ucsc_or_legacy_prelim
mouse	Animal	331	2240390	2728222451	external_ucsc_or_legacy_prelim
mouse	Animal	327	2238302	2728222451	external_ucsc_or_legacy_prelim
mouse	Animal	130	2231460	2728222451	external_ucsc_or_legacy_prelim
mouse	Animal	120	2224916	2728222451	external_ucsc_or_legacy_prelim
mouse	Animal	125	2213329	2728222451	external_ucsc_or_legacy_prelim
mouse	Animal	329	2210198	2728222451	external_ucsc_or_legacy_prelim
mouse	Animal	135	2177524	2728222451	external_ucsc_or_legacy_prelim
mouse	Animal	336	2009497	2728222451	external_ucsc_or_legacy_prelim
mouse	Animal	1	1996649	2728222451	external_ucsc_or_legacy_prelim
mouse	Animal	335	1965618	2728222451	external_ucsc_or_legacy_prelim
mouse	Animal	339	1870644	2728222451	external_ucsc_or_legacy_prelim
mouse	Animal	340	1854918	2728222451	external_ucsc_or_legacy_prelim
mouse	Animal	338	1810224	2728222451	external_ucsc_or_legacy_prelim
mouse	Animal	342	1691924	2728222451	external_ucsc_or_legacy_prelim
mouse	Animal	332	1676956	2728222451	external_ucsc_or_legacy_prelim
mouse	Animal	341	1624977	2728222451	external_ucsc_or_legacy_prelim
mouse	Animal	337	1619483	2728222451	external_ucsc_or_legacy_prelim
mouse	Animal	345	1596106	2728222451	external_ucsc_or_legacy_prelim
mouse	Animal	344	1557255	2728222451	external_ucsc_or_legacy_prelim
mouse	Animal	343	1459239	2728222451	external_ucsc_or_legacy_prelim
mouse	Animal	346	1374625	2728222451	external_ucsc_or_legacy_prelim
mouse	Animal	350	1303676	2728222451	external_ucsc_or_legacy_prelim
mouse	Animal	348	1299914	2728222451	external_ucsc_or_legacy_prelim
mouse	Animal	349	1177012	2728222451	external_ucsc_or_legacy_prelim
mouse	Animal	347	1145587	2728222451	external_ucsc_or_legacy_prelim
mouse	Animal	351	1126568	2728222451	external_ucsc_or_legacy_prelim
mouse	Animal	355	1094430	2728222451	external_ucsc_or_legacy_prelim
mouse	Animal	0	1079432	2728222451	external_ucsc_or_legacy_prelim
mouse	Animal	352	1057219	2728222451	external_ucsc_or_legacy_prelim
mouse	Animal	354	1033536	2728222451	external_ucsc_or_legacy_prelim
mouse	Animal	360	986260	2728222451	external_ucsc_or_legacy_prelim
mouse	Animal	353	940302	2728222451	external_ucsc_or_legacy_prelim
mouse	Animal	356	934577	2728222451	external_ucsc_or_legacy_prelim
mouse	Animal	358	908965	2728222451	external_ucsc_or_legacy_prelim
mouse	Animal	334	900027	2728222451	external_ucsc_or_legacy_prelim
mouse	Animal	359	899180	2728222451	external_ucsc_or_legacy_prelim
mouse	Animal	365	833179	2728222451	external_ucsc_or_legacy_prelim
mouse	Animal	357	818672	2728222451	external_ucsc_or_legacy_prelim
mouse	Animal	361	816246	2728222451	external_ucsc_or_legacy_prelim
mouse	Animal	364	798704	2728222451	external_ucsc_or_legacy_prelim
mouse	Animal	362	789596	2728222451	external_ucsc_or_legacy_prelim
mouse	Animal	368	727674	2728222451	external_ucsc_or_legacy_prelim
mouse	Animal	366	680856	2728222451	external_ucsc_or_legacy_prelim
mouse	Animal	363	667194	2728222451	external_ucsc_or_legacy_prelim
mouse	Animal	370	628603	2728222451	external_ucsc_or_legacy_prelim
mouse	Animal	367	599437	2728222451	external_ucsc_or_legacy_prelim
mouse	Animal	369	598086	2728222451	external_ucsc_or_legacy_prelim
mouse	Animal	372	500607	2728222451	external_ucsc_or_legacy_prelim
mouse	Animal	371	486890	2728222451	external_ucsc_or_legacy_prelim
mouse	Animal	374	461235	2728222451	external_ucsc_or_legacy_prelim
mouse	Animal	375	429290	2728222451	external_ucsc_or_legacy_prelim
mouse	Animal	373	411150	2728222451	external_ucsc_or_legacy_prelim
mouse	Animal	376	390514	2728222451	external_ucsc_or_legacy_prelim
mouse	Animal	380	352121	2728222451	external_ucsc_or_legacy_prelim
mouse	Animal	378	337760	2728222451	external_ucsc_or_legacy_prelim
mouse	Animal	379	336899	2728222451	external_ucsc_or_legacy_prelim
mouse	Animal	377	329179	2728222451	external_ucsc_or_legacy_prelim
mouse	Animal	381	318162	2728222451	external_ucsc_or_legacy_prelim
mouse	Animal	382	283944	2728222451	external_ucsc_or_legacy_prelim
mouse	Animal	385	255288	2728222451	external_ucsc_or_legacy_prelim
mouse	Animal	384	239554	2728222451	external_ucsc_or_legacy_prelim
mouse	Animal	383	237175	2728222451	external_ucsc_or_legacy_prelim
mouse	Animal	386	227251	2728222451	external_ucsc_or_legacy_prelim
mouse	Animal	389	217021	2728222451	external_ucsc_or_legacy_prelim
mouse	Animal	390	206509	2728222451	external_ucsc_or_legacy_prelim
mouse	Animal	387	195541	2728222451	external_ucsc_or_legacy_prelim
mouse	Animal	388	184755	2728222451	external_ucsc_or_legacy_prelim
mouse	Animal	391	170321	2728222451	external_ucsc_or_legacy_prelim
mouse	Animal	392	160907	2728222451	external_ucsc_or_legacy_prelim
mouse	Animal	394	159055	2728222451	external_ucsc_or_legacy_prelim
mouse	Animal	395	152515	2728222451	external_ucsc_or_legacy_prelim
mouse	Animal	396	145734	2728222451	external_ucsc_or_legacy_prelim
mouse	Animal	393	143811	2728222451	external_ucsc_or_legacy_prelim
mouse	Animal	400	135186	2728222451	external_ucsc_or_legacy_prelim
mouse	Animal	397	114659	2728222451	external_ucsc_or_legacy_prelim
mouse	Animal	398	106886	2728222451	external_ucsc_or_legacy_prelim
mouse	Animal	399	100156	2728222451	external_ucsc_or_legacy_prelim
mouse	Animal	401	98343	2728222451	external_ucsc_or_legacy_prelim
mouse	Animal	402	92434	2728222451	external_ucsc_or_legacy_prelim
mouse	Animal	405	89355	2728222451	external_ucsc_or_legacy_prelim
mouse	Animal	403	83537	2728222451	external_ucsc_or_legacy_prelim
mouse	Animal	404	78483	2728222451	external_ucsc_or_legacy_prelim
mouse	Animal	406	77431	2728222451	external_ucsc_or_legacy_prelim
mouse	Animal	412	66303	2728222451	external_ucsc_or_legacy_prelim
mouse	Animal	410	63374	2728222451	external_ucsc_or_legacy_prelim
mouse	Animal	408	62034	2728222451	external_ucsc_or_legacy_prelim
mouse	Animal	415	61537	2728222451	external_ucsc_or_legacy_prelim
mouse	Animal	407	59657	2728222451	external_ucsc_or_legacy_prelim
mouse	Animal	409	58656	2728222451	external_ucsc_or_legacy_prelim
mouse	Animal	411	53457	2728222451	external_ucsc_or_legacy_prelim
mouse	Animal	413	42636	2728222451	external_ucsc_or_legacy_prelim
mouse	Animal	419	41519	2728222451	external_ucsc_or_legacy_prelim
mouse	Animal	420	38455	2728222451	external_ucsc_or_legacy_prelim
mouse	Animal	417	36044	2728222451	external_ucsc_or_legacy_prelim
mouse	Animal	414	36015	2728222451	external_ucsc_or_legacy_prelim
mouse	Animal	418	35687	2728222451	external_ucsc_or_legacy_prelim
mouse	Animal	424	33278	2728222451	external_ucsc_or_legacy_prelim
mouse	Animal	416	31998	2728222451	external_ucsc_or_legacy_prelim
mouse	Animal	425	30190	2728222451	external_ucsc_or_legacy_prelim
mouse	Animal	421	28726	2728222451	external_ucsc_or_legacy_prelim
mouse	Animal	422	24495	2728222451	external_ucsc_or_legacy_prelim
mouse	Animal	423	24141	2728222451	external_ucsc_or_legacy_prelim
mouse	Animal	430	24001	2728222451	external_ucsc_or_legacy_prelim
mouse	Animal	427	19354	2728222451	external_ucsc_or_legacy_prelim
mouse	Animal	429	18840	2728222451	external_ucsc_or_legacy_prelim
mouse	Animal	426	16528	2728222451	external_ucsc_or_legacy_prelim
mouse	Animal	435	16476	2728222451	external_ucsc_or_legacy_prelim
mouse	Animal	428	15657	2728222451	external_ucsc_or_legacy_prelim
mouse	Animal	431	15223	2728222451	external_ucsc_or_legacy_prelim
mouse	Animal	433	13784	2728222451	external_ucsc_or_legacy_prelim
mouse	Animal	434	13009	2728222451	external_ucsc_or_legacy_prelim
mouse	Animal	440	9203	2728222451	external_ucsc_or_legacy_prelim
mouse	Animal	432	9192	2728222451	external_ucsc_or_legacy_prelim
mouse	Animal	437	8579	2728222451	external_ucsc_or_legacy_prelim
mouse	Animal	438	7266	2728222451	external_ucsc_or_legacy_prelim
mouse	Animal	441	6637	2728222451	external_ucsc_or_legacy_prelim
mouse	Animal	436	6013	2728222451	external_ucsc_or_legacy_prelim
mouse	Animal	439	5874	2728222451	external_ucsc_or_legacy_prelim
mouse	Animal	442	5520	2728222451	external_ucsc_or_legacy_prelim
mouse	Animal	444	4871	2728222451	external_ucsc_or_legacy_prelim
mouse	Animal	449	4730	2728222451	external_ucsc_or_legacy_prelim
mouse	Animal	447	4551	2728222451	external_ucsc_or_legacy_prelim
mouse	Animal	445	3828	2728222451	external_ucsc_or_legacy_prelim
mouse	Animal	454	3764	2728222451	external_ucsc_or_legacy_prelim
mouse	Animal	452	3702	2728222451	external_ucsc_or_legacy_prelim
mouse	Animal	443	3284	2728222451	external_ucsc_or_legacy_prelim
mouse	Animal	455	2957	2728222451	external_ucsc_or_legacy_prelim
mouse	Animal	446	2928	2728222451	external_ucsc_or_legacy_prelim
mouse	Animal	456	2881	2728222451	external_ucsc_or_legacy_prelim
mouse	Animal	448	2855	2728222451	external_ucsc_or_legacy_prelim
mouse	Animal	451	2557	2728222451	external_ucsc_or_legacy_prelim
mouse	Animal	450	1949	2728222451	external_ucsc_or_legacy_prelim
mouse	Animal	457	1730	2728222451	external_ucsc_or_legacy_prelim
mouse	Animal	458	1658	2728222451	external_ucsc_or_legacy_prelim
mouse	Animal	453	1531	2728222451	external_ucsc_or_legacy_prelim
mouse	Animal	463	1387	2728222451	external_ucsc_or_legacy_prelim
mouse	Animal	460	1197	2728222451	external_ucsc_or_legacy_prelim
mouse	Animal	464	1135	2728222451	external_ucsc_or_legacy_prelim
mouse	Animal	466	1127	2728222451	external_ucsc_or_legacy_prelim
mouse	Animal	468	1103	2728222451	external_ucsc_or_legacy_prelim
mouse	Animal	469	927	2728222451	external_ucsc_or_legacy_prelim
mouse	Animal	465	884	2728222451	external_ucsc_or_legacy_prelim
mouse	Animal	471	788	2728222451	external_ucsc_or_legacy_prelim
mouse	Animal	461	761	2728222451	external_ucsc_or_legacy_prelim
mouse	Animal	462	605	2728222451	external_ucsc_or_legacy_prelim
mouse	Animal	472	601	2728222451	external_ucsc_or_legacy_prelim
mouse	Animal	482	560	2728222451	external_ucsc_or_legacy_prelim
mouse	Animal	478	552	2728222451	external_ucsc_or_legacy_prelim
mouse	Animal	477	512	2728222451	external_ucsc_or_legacy_prelim
mouse	Animal	473	457	2728222451	external_ucsc_or_legacy_prelim
mouse	Animal	470	444	2728222451	external_ucsc_or_legacy_prelim
mouse	Animal	490	416	2728222451	external_ucsc_or_legacy_prelim
mouse	Animal	459	340	2728222451	external_ucsc_or_legacy_prelim
mouse	Animal	476	324	2728222451	external_ucsc_or_legacy_prelim
mouse	Animal	480	299	2728222451	external_ucsc_or_legacy_prelim
mouse	Animal	485	252	2728222451	external_ucsc_or_legacy_prelim
mouse	Animal	483	245	2728222451	external_ucsc_or_legacy_prelim
mouse	Animal	491	235	2728222451	external_ucsc_or_legacy_prelim
mouse	Animal	486	215	2728222451	external_ucsc_or_legacy_prelim
mouse	Animal	467	207	2728222451	external_ucsc_or_legacy_prelim
mouse	Animal	479	196	2728222451	external_ucsc_or_legacy_prelim
mouse	Animal	495	186	2728222451	external_ucsc_or_legacy_prelim
mouse	Animal	474	174	2728222451	external_ucsc_or_legacy_prelim
mouse	Animal	500	128	2728222451	external_ucsc_or_legacy_prelim
mouse	Animal	475	21	2728222451	external_ucsc_or_legacy_prelim
pig	Animal	LINE/L1	449656477	2501912388	external_ucsc_or_legacy_prelim
pig	Animal	SINE/tRNA	293821699	2501912388	external_ucsc_or_legacy_prelim
pig	Animal	LINE/L2	77900363	2501912388	external_ucsc_or_legacy_prelim
pig	Animal	SINE/MIR	64940455	2501912388	external_ucsc_or_legacy_prelim
pig	Animal	LTR/ERVL-MaLR	45169102	2501912388	external_ucsc_or_legacy_prelim
pig	Animal	DNA/hAT-Charlie	33156091	2501912388	external_ucsc_or_legacy_prelim
pig	Animal	LTR/ERV1	32835600	2501912388	external_ucsc_or_legacy_prelim
pig	Animal	LTR/ERVL	32356000	2501912388	external_ucsc_or_legacy_prelim
pig	Animal	DNA/TcMar-Tigger	13126203	2501912388	external_ucsc_or_legacy_prelim
pig	Animal	LINE/CR1	9007602	2501912388	external_ucsc_or_legacy_prelim
pig	Animal	DNA/hAT-Tip100	7289774	2501912388	external_ucsc_or_legacy_prelim
pig	Animal	LTR/ERVK	3067721	2501912388	external_ucsc_or_legacy_prelim
pig	Animal	DNA/hAT-Blackjack	2575109	2501912388	external_ucsc_or_legacy_prelim
pig	Animal	LINE/RTE-X	2392984	2501912388	external_ucsc_or_legacy_prelim
pig	Animal	LTR/Gypsy	2301945	2501912388	external_ucsc_or_legacy_prelim
pig	Animal	DNA/TcMar-Tc2	1234830	2501912388	external_ucsc_or_legacy_prelim
pig	Animal	LTR?	1070918	2501912388	external_ucsc_or_legacy_prelim
pig	Animal	LTR	1041533	2501912388	external_ucsc_or_legacy_prelim
pig	Animal	LINE/RTE-BovB	965771	2501912388	external_ucsc_or_legacy_prelim
pig	Animal	DNA/hAT	904727	2501912388	external_ucsc_or_legacy_prelim
pig	Animal	LTR/Gypsy?	790094	2501912388	external_ucsc_or_legacy_prelim
pig	Animal	Unknown	688530	2501912388	external_ucsc_or_legacy_prelim
pig	Animal	DNA	677492	2501912388	external_ucsc_or_legacy_prelim
pig	Animal	DNA/hAT-Ac	648628	2501912388	external_ucsc_or_legacy_prelim
pig	Animal	LTR/ERVL?	609708	2501912388	external_ucsc_or_legacy_prelim
pig	Animal	DNA/TcMar-Mariner	535358	2501912388	external_ucsc_or_legacy_prelim
pig	Animal	SINE/tRNA-RTE	472085	2501912388	external_ucsc_or_legacy_prelim
pig	Animal	DNA?	366931	2501912388	external_ucsc_or_legacy_prelim
pig	Animal	DNA/hAT-Tag1	365664	2501912388	external_ucsc_or_legacy_prelim
pig	Animal	DNA/hAT?	296886	2501912388	external_ucsc_or_legacy_prelim
pig	Animal	RC/Helitron	264332	2501912388	external_ucsc_or_legacy_prelim
pig	Animal	DNA/hAT-Tip100?	238154	2501912388	external_ucsc_or_legacy_prelim
pig	Animal	SINE/5S-Deu-L2	212060	2501912388	external_ucsc_or_legacy_prelim
pig	Animal	DNA/TcMar	186316	2501912388	external_ucsc_or_legacy_prelim
pig	Animal	LTR/ERV1?	165183	2501912388	external_ucsc_or_legacy_prelim
pig	Animal	DNA/PiggyBac	154290	2501912388	external_ucsc_or_legacy_prelim
pig	Animal	LINE/Penelope	89564	2501912388	external_ucsc_or_legacy_prelim
pig	Animal	LINE/Dong-R4	83824	2501912388	external_ucsc_or_legacy_prelim
pig	Animal	DNA?/hAT-Tip100?	81710	2501912388	external_ucsc_or_legacy_prelim
pig	Animal	DNA/TcMar-Tc1	78998	2501912388	external_ucsc_or_legacy_prelim
pig	Animal	SINE/tRNA-Deu	54067	2501912388	external_ucsc_or_legacy_prelim
pig	Animal	RC?/Helitron?	40151	2501912388	external_ucsc_or_legacy_prelim
pig	Animal	DNA/Kolobok	35669	2501912388	external_ucsc_or_legacy_prelim
pig	Animal	LINE/L1-Tx1	33219	2501912388	external_ucsc_or_legacy_prelim
pig	Animal	DNA?/PiggyBac?	32163	2501912388	external_ucsc_or_legacy_prelim
pig	Animal	DNA/TcMar?	25928	2501912388	external_ucsc_or_legacy_prelim
pig	Animal	LINE/Jockey	17814	2501912388	external_ucsc_or_legacy_prelim
pig	Animal	DNA/TcMar-Pogo	3456	2501912388	external_ucsc_or_legacy_prelim
pig	Animal	DNA/PIF-Harbinger	1448	2501912388	external_ucsc_or_legacy_prelim
pig	Animal	SINE?/tRNA	167	2501912388	external_ucsc_or_legacy_prelim
rat	Animal	LINE/L1	545145471	2647915728	external_ucsc_or_legacy_prelim
rat	Animal	LTR/ERVL-MaLR	108516759	2647915728	external_ucsc_or_legacy_prelim
rat	Animal	LTR/ERVK	94998552	2647915728	external_ucsc_or_legacy_prelim
rat	Animal	Unknown	58550506	2647915728	external_ucsc_or_legacy_prelim
rat	Animal	SINE/B2	57271813	2647915728	external_ucsc_or_legacy_prelim
rat	Animal	SINE/B4	57153076	2647915728	external_ucsc_or_legacy_prelim
rat	Animal	SINE/Alu	44973595	2647915728	external_ucsc_or_legacy_prelim
rat	Animal	LTR/ERV1	26261314	2647915728	external_ucsc_or_legacy_prelim
rat	Animal	LTR/ERVL	25904293	2647915728	external_ucsc_or_legacy_prelim
rat	Animal	DNA/hAT-Charlie	17718386	2647915728	external_ucsc_or_legacy_prelim
rat	Animal	SINE/ID	15989291	2647915728	external_ucsc_or_legacy_prelim
rat	Animal	SINE/MIR	13501982	2647915728	external_ucsc_or_legacy_prelim
rat	Animal	LINE/L2	10619646	2647915728	external_ucsc_or_legacy_prelim
rat	Animal	Retroposon/L1-dep?	7163829	2647915728	external_ucsc_or_legacy_prelim
rat	Animal	DNA/TcMar-Tigger	4827381	2647915728	external_ucsc_or_legacy_prelim
rat	Animal	DNA/hAT-Tip100	2311000	2647915728	external_ucsc_or_legacy_prelim
rat	Animal	LINE/CR1	1821764	2647915728	external_ucsc_or_legacy_prelim
rat	Animal	DNA/hAT-Blackjack	501924	2647915728	external_ucsc_or_legacy_prelim
rat	Animal	DNA/hAT-Ac	450647	2647915728	external_ucsc_or_legacy_prelim
rat	Animal	LINE/RTE-BovB	396957	2647915728	external_ucsc_or_legacy_prelim
rat	Animal	LTR/Gypsy	374317	2647915728	external_ucsc_or_legacy_prelim
rat	Animal	DNA	306228	2647915728	external_ucsc_or_legacy_prelim
rat	Animal	LTR/ERVK?	299666	2647915728	external_ucsc_or_legacy_prelim
rat	Animal	DNA/TcMar-Tc2	293698	2647915728	external_ucsc_or_legacy_prelim
rat	Animal	LINE/RTE-X	269229	2647915728	external_ucsc_or_legacy_prelim
rat	Animal	LTR?	243306	2647915728	external_ucsc_or_legacy_prelim
rat	Animal	DNA/TcMar-Mariner	217833	2647915728	external_ucsc_or_legacy_prelim
rat	Animal	LTR	215050	2647915728	external_ucsc_or_legacy_prelim
rat	Animal	DNA/hAT	187565	2647915728	external_ucsc_or_legacy_prelim
rat	Animal	DNA?	158620	2647915728	external_ucsc_or_legacy_prelim
rat	Animal	LTR/ERVL?	128984	2647915728	external_ucsc_or_legacy_prelim
rat	Animal	SINE/tRNA	123113	2647915728	external_ucsc_or_legacy_prelim
rat	Animal	SINE/5S-Deu-L2	120671	2647915728	external_ucsc_or_legacy_prelim
rat	Animal	LTR/Gypsy?	120601	2647915728	external_ucsc_or_legacy_prelim
rat	Animal	DNA/hAT-Tag1	113710	2647915728	external_ucsc_or_legacy_prelim
rat	Animal	DNA/PIF-Harbinger	109123	2647915728	external_ucsc_or_legacy_prelim
rat	Animal	SINE/tRNA-RTE	95557	2647915728	external_ucsc_or_legacy_prelim
rat	Animal	LINE/Penelope	79454	2647915728	external_ucsc_or_legacy_prelim
rat	Animal	RC/Helitron	55945	2647915728	external_ucsc_or_legacy_prelim
rat	Animal	DNA/PiggyBac	39601	2647915728	external_ucsc_or_legacy_prelim
rat	Animal	SINE/tRNA-Deu	35154	2647915728	external_ucsc_or_legacy_prelim
rat	Animal	DNA/Crypton	32383	2647915728	external_ucsc_or_legacy_prelim
rat	Animal	DNA/TcMar-Tc1	27846	2647915728	external_ucsc_or_legacy_prelim
rat	Animal	LINE/Dong-R4	23866	2647915728	external_ucsc_or_legacy_prelim
rat	Animal	DNA/TcMar?	22440	2647915728	external_ucsc_or_legacy_prelim
rat	Animal	LTR/ERV1?	22183	2647915728	external_ucsc_or_legacy_prelim
rat	Animal	DNA/Kolobok	21119	2647915728	external_ucsc_or_legacy_prelim
rat	Animal	DNA/hAT-Tip100?	19296	2647915728	external_ucsc_or_legacy_prelim
rat	Animal	DNA?/hAT?	19070	2647915728	external_ucsc_or_legacy_prelim
rat	Animal	DNA/MULE-MuDR	17201	2647915728	external_ucsc_or_legacy_prelim
rat	Animal	DNA?/hAT-Tip100?	16928	2647915728	external_ucsc_or_legacy_prelim
rat	Animal	DNA/Merlin	15533	2647915728	external_ucsc_or_legacy_prelim
rat	Animal	DNA/Crypton-A?	15197	2647915728	external_ucsc_or_legacy_prelim
rat	Animal	LINE/I-Jockey	14927	2647915728	external_ucsc_or_legacy_prelim
rat	Animal	DNA/hAT?	13626	2647915728	external_ucsc_or_legacy_prelim
rat	Animal	Unspecified	12585	2647915728	external_ucsc_or_legacy_prelim
rat	Animal	DNA?/PiggyBac?	11545	2647915728	external_ucsc_or_legacy_prelim
rat	Animal	RC?/Helitron?	8694	2647915728	external_ucsc_or_legacy_prelim
rat	Animal	LINE/L1-Tx1	7691	2647915728	external_ucsc_or_legacy_prelim
rat	Animal	RC/Helitron?	3905	2647915728	external_ucsc_or_legacy_prelim
rat	Animal	DNA/TcMar-Pogo	2556	2647915728	external_ucsc_or_legacy_prelim
rat	Animal	DNA/TcMar	1439	2647915728	external_ucsc_or_legacy_prelim
rat	Animal	DNA/hAT-hAT19	88	2647915728	external_ucsc_or_legacy_prelim
red_flour_beetle	Animal	LINE/L1	67704	199682416	external_ucsc_or_legacy_prelim
red_flour_beetle	Animal	LINE/CR1	57240	199682416	external_ucsc_or_legacy_prelim
red_flour_beetle	Animal	LINE/L2	14472	199682416	external_ucsc_or_legacy_prelim
red_flour_beetle	Animal	DNA/Tip100	11964	199682416	external_ucsc_or_legacy_prelim
red_flour_beetle	Animal	DNA/Mariner	9498	199682416	external_ucsc_or_legacy_prelim
red_flour_beetle	Animal	LINE/RTE	9376	199682416	external_ucsc_or_legacy_prelim
red_flour_beetle	Animal	DNA/MER1_type	5868	199682416	external_ucsc_or_legacy_prelim
red_flour_beetle	Animal	SINE/MIR	1572	199682416	external_ucsc_or_legacy_prelim
red_flour_beetle	Animal	LTR/ERV1	1300	199682416	external_ucsc_or_legacy_prelim
red_flour_beetle	Animal	DNA/AcHobo	913	199682416	external_ucsc_or_legacy_prelim
red_flour_beetle	Animal	DNA/MER2_type	240	199682416	external_ucsc_or_legacy_prelim
red_flour_beetle	Animal	DNA/piggyBac	111	199682416	external_ucsc_or_legacy_prelim
silkworm	Animal	SINE/tRNA-CR1	36037483	460349660	external_ucsc_or_legacy_prelim
silkworm	Animal	LINE/I-Jockey	22894865	460349660	external_ucsc_or_legacy_prelim
silkworm	Animal	LINE/CR1	11330152	460349660	external_ucsc_or_legacy_prelim
silkworm	Animal	LINE/R1	10611486	460349660	external_ucsc_or_legacy_prelim
silkworm	Animal	LINE/I-Jockey?	9942753	460349660	external_ucsc_or_legacy_prelim
silkworm	Animal	RC/Helitron	7762546	460349660	external_ucsc_or_legacy_prelim
silkworm	Animal	LINE/L2	5089688	460349660	external_ucsc_or_legacy_prelim
silkworm	Animal	DNA/TcMar-Tc1	5044875	460349660	external_ucsc_or_legacy_prelim
silkworm	Animal	DNA/TcMar-Mariner	4336966	460349660	external_ucsc_or_legacy_prelim
silkworm	Animal	LINE/RTE-BovB	3255910	460349660	external_ucsc_or_legacy_prelim
silkworm	Animal	SINE	2842736	460349660	external_ucsc_or_legacy_prelim
silkworm	Animal	LTR/Gypsy	1618236	460349660	external_ucsc_or_legacy_prelim
silkworm	Animal	Unknown	1403919	460349660	external_ucsc_or_legacy_prelim
silkworm	Animal	LTR	1351124	460349660	external_ucsc_or_legacy_prelim
silkworm	Animal	SINE/tRNA	1156557	460349660	external_ucsc_or_legacy_prelim
silkworm	Animal	LTR/Pao	1017530	460349660	external_ucsc_or_legacy_prelim
silkworm	Animal	DNA/Sola-1	857392	460349660	external_ucsc_or_legacy_prelim
silkworm	Animal	LINE/RTE-RTE	692955	460349660	external_ucsc_or_legacy_prelim
silkworm	Animal	LINE/I	648497	460349660	external_ucsc_or_legacy_prelim
silkworm	Animal	LINE/Dong-R4	594340	460349660	external_ucsc_or_legacy_prelim
silkworm	Animal	LINE/CRE	276033	460349660	external_ucsc_or_legacy_prelim
silkworm	Animal	LINE/Proto2	246763	460349660	external_ucsc_or_legacy_prelim
silkworm	Animal	DNA/PIF-Harbinger	204188	460349660	external_ucsc_or_legacy_prelim
silkworm	Animal	LTR/Copia	158366	460349660	external_ucsc_or_legacy_prelim
silkworm	Animal	DNA/Sola	137182	460349660	external_ucsc_or_legacy_prelim
silkworm	Animal	LTR/DIRS	109361	460349660	external_ucsc_or_legacy_prelim
silkworm	Animal	DNA/PiggyBac	97754	460349660	external_ucsc_or_legacy_prelim
silkworm	Animal	LINE/R2	97161	460349660	external_ucsc_or_legacy_prelim
silkworm	Animal	DNA/Academ-1	52226	460349660	external_ucsc_or_legacy_prelim
silkworm	Animal	DNA/PIF-ISL2EU	48165	460349660	external_ucsc_or_legacy_prelim
silkworm	Animal	DNA/Sola-2	27418	460349660	external_ucsc_or_legacy_prelim
silkworm	Animal	DNA/CMC-Chapaev-3	26644	460349660	external_ucsc_or_legacy_prelim
silkworm	Animal	DNA/Academ	13175	460349660	external_ucsc_or_legacy_prelim
silkworm	Animal	ARTEFACT	2524	460349660	external_ucsc_or_legacy_prelim
silkworm	Animal	DNA/PIF-Harbinger?	1057	460349660	external_ucsc_or_legacy_prelim
spotted_gar	Animal	LINE/CR1	3005	945874548	external_ucsc_or_legacy_prelim
spotted_gar	Animal	SINE/Deu	1430	945874548	external_ucsc_or_legacy_prelim
torafugu	Animal	LINE/L2	5028889	391484715	external_ucsc_or_legacy_prelim
torafugu	Animal	LINE/RTE	2129660	391484715	external_ucsc_or_legacy_prelim
torafugu	Animal	LTR/Gypsy	1853402	391484715	external_ucsc_or_legacy_prelim
torafugu	Animal	DNA/TcMar-Tc2	1315351	391484715	external_ucsc_or_legacy_prelim
torafugu	Animal	LINE/Rex-Babar	1258967	391484715	external_ucsc_or_legacy_prelim
torafugu	Animal	Unknown	1005012	391484715	external_ucsc_or_legacy_prelim
torafugu	Animal	DNA/TcMar-Tc1	862802	391484715	external_ucsc_or_legacy_prelim
torafugu	Animal	LINE/L1	823202	391484715	external_ucsc_or_legacy_prelim
torafugu	Animal	DNA/hAT-Charlie	773401	391484715	external_ucsc_or_legacy_prelim
torafugu	Animal	LINE/Dong-R4	672307	391484715	external_ucsc_or_legacy_prelim
torafugu	Animal	LINE/Penelope	637859	391484715	external_ucsc_or_legacy_prelim
torafugu	Animal	SINE/Mermaid	600089	391484715	external_ucsc_or_legacy_prelim
torafugu	Animal	LTR/ERV1	522369	391484715	external_ucsc_or_legacy_prelim
torafugu	Animal	DNA/PIF-Harbinger	445612	391484715	external_ucsc_or_legacy_prelim
torafugu	Animal	DNA/TcMar-Tigger	312910	391484715	external_ucsc_or_legacy_prelim
torafugu	Animal	SINE/V	229958	391484715	external_ucsc_or_legacy_prelim
torafugu	Animal	DNA/hAT-Tip100	165728	391484715	external_ucsc_or_legacy_prelim
torafugu	Animal	LTR	121775	391484715	external_ucsc_or_legacy_prelim
torafugu	Animal	DNA/hAT-Ac	111028	391484715	external_ucsc_or_legacy_prelim
torafugu	Animal	LINE/R2-Hero	107858	391484715	external_ucsc_or_legacy_prelim
torafugu	Animal	DNA/hAT-Tol2	91538	391484715	external_ucsc_or_legacy_prelim
torafugu	Animal	LTR/DIRS	91235	391484715	external_ucsc_or_legacy_prelim
torafugu	Animal	DNA/Harbinger	85375	391484715	external_ucsc_or_legacy_prelim
torafugu	Animal	LTR/Pao	81135	391484715	external_ucsc_or_legacy_prelim
torafugu	Animal	LTR/Copia	68879	391484715	external_ucsc_or_legacy_prelim
torafugu	Animal	DNA/PiggyBac	57228	391484715	external_ucsc_or_legacy_prelim
torafugu	Animal	DNA/MULE-MuDR?	50705	391484715	external_ucsc_or_legacy_prelim
torafugu	Animal	DNA/CMC-Chapaev-3	45908	391484715	external_ucsc_or_legacy_prelim
torafugu	Animal	DNA	41313	391484715	external_ucsc_or_legacy_prelim
torafugu	Animal	DNA/hAT-Ac?	29326	391484715	external_ucsc_or_legacy_prelim
torafugu	Animal	DNA/MuDR?	23752	391484715	external_ucsc_or_legacy_prelim
torafugu	Animal	DNA/hAT	7807	391484715	external_ucsc_or_legacy_prelim
torafugu	Animal	DNA/TcMar-Tc4?	6667	391484715	external_ucsc_or_legacy_prelim
torafugu	Animal	SINE/Deu	244	391484715	external_ucsc_or_legacy_prelim
torafugu	Animal	ARTEFACT	140	391484715	external_ucsc_or_legacy_prelim
torafugu	Animal	LINE/CR1	62	391484715	external_ucsc_or_legacy_prelim
western_clawed_frog	Animal	68	5108817	1451301209	external_ucsc_or_legacy_prelim
western_clawed_frog	Animal	51	3390670	1451301209	external_ucsc_or_legacy_prelim
western_clawed_frog	Animal	85	3246612	1451301209	external_ucsc_or_legacy_prelim
western_clawed_frog	Animal	14	3246488	1451301209	external_ucsc_or_legacy_prelim
western_clawed_frog	Animal	16	2887933	1451301209	external_ucsc_or_legacy_prelim
western_clawed_frog	Animal	112	2794580	1451301209	external_ucsc_or_legacy_prelim
western_clawed_frog	Animal	12	2727638	1451301209	external_ucsc_or_legacy_prelim
western_clawed_frog	Animal	102	2484926	1451301209	external_ucsc_or_legacy_prelim
western_clawed_frog	Animal	15	2451061	1451301209	external_ucsc_or_legacy_prelim
western_clawed_frog	Animal	105	2440186	1451301209	external_ucsc_or_legacy_prelim
western_clawed_frog	Animal	19	2413509	1451301209	external_ucsc_or_legacy_prelim
western_clawed_frog	Animal	104	2395690	1451301209	external_ucsc_or_legacy_prelim
western_clawed_frog	Animal	48	2359548	1451301209	external_ucsc_or_legacy_prelim
western_clawed_frog	Animal	11	2338170	1451301209	external_ucsc_or_legacy_prelim
western_clawed_frog	Animal	50	2331514	1451301209	external_ucsc_or_legacy_prelim
western_clawed_frog	Animal	45	2326684	1451301209	external_ucsc_or_legacy_prelim
western_clawed_frog	Animal	92	2305492	1451301209	external_ucsc_or_legacy_prelim
western_clawed_frog	Animal	17	2281649	1451301209	external_ucsc_or_legacy_prelim
western_clawed_frog	Animal	25	2277441	1451301209	external_ucsc_or_legacy_prelim
western_clawed_frog	Animal	13	2273561	1451301209	external_ucsc_or_legacy_prelim
western_clawed_frog	Animal	18	2255825	1451301209	external_ucsc_or_legacy_prelim
western_clawed_frog	Animal	122	2255340	1451301209	external_ucsc_or_legacy_prelim
western_clawed_frog	Animal	138	2239721	1451301209	external_ucsc_or_legacy_prelim
western_clawed_frog	Animal	124	2239529	1451301209	external_ucsc_or_legacy_prelim
western_clawed_frog	Animal	30	2231196	1451301209	external_ucsc_or_legacy_prelim
western_clawed_frog	Animal	39	2213023	1451301209	external_ucsc_or_legacy_prelim
western_clawed_frog	Animal	35	2207549	1451301209	external_ucsc_or_legacy_prelim
western_clawed_frog	Animal	118	2189545	1451301209	external_ucsc_or_legacy_prelim
western_clawed_frog	Animal	36	2173655	1451301209	external_ucsc_or_legacy_prelim
western_clawed_frog	Animal	108	2170618	1451301209	external_ucsc_or_legacy_prelim
western_clawed_frog	Animal	114	2168120	1451301209	external_ucsc_or_legacy_prelim
western_clawed_frog	Animal	42	2159667	1451301209	external_ucsc_or_legacy_prelim
western_clawed_frog	Animal	88	2155435	1451301209	external_ucsc_or_legacy_prelim
western_clawed_frog	Animal	98	2150619	1451301209	external_ucsc_or_legacy_prelim
western_clawed_frog	Animal	128	2143385	1451301209	external_ucsc_or_legacy_prelim
western_clawed_frog	Animal	167	2142830	1451301209	external_ucsc_or_legacy_prelim
western_clawed_frog	Animal	132	2141540	1451301209	external_ucsc_or_legacy_prelim
western_clawed_frog	Animal	97	2126629	1451301209	external_ucsc_or_legacy_prelim
western_clawed_frog	Animal	70	2115774	1451301209	external_ucsc_or_legacy_prelim
western_clawed_frog	Animal	43	2110084	1451301209	external_ucsc_or_legacy_prelim
western_clawed_frog	Animal	75	2108310	1451301209	external_ucsc_or_legacy_prelim
western_clawed_frog	Animal	29	2096600	1451301209	external_ucsc_or_legacy_prelim
western_clawed_frog	Animal	152	2094001	1451301209	external_ucsc_or_legacy_prelim
western_clawed_frog	Animal	20	2092657	1451301209	external_ucsc_or_legacy_prelim
western_clawed_frog	Animal	67	2092596	1451301209	external_ucsc_or_legacy_prelim
western_clawed_frog	Animal	106	2091695	1451301209	external_ucsc_or_legacy_prelim
western_clawed_frog	Animal	58	2091397	1451301209	external_ucsc_or_legacy_prelim
western_clawed_frog	Animal	82	2085250	1451301209	external_ucsc_or_legacy_prelim
western_clawed_frog	Animal	62	2076368	1451301209	external_ucsc_or_legacy_prelim
western_clawed_frog	Animal	111	2075660	1451301209	external_ucsc_or_legacy_prelim
western_clawed_frog	Animal	119	2073716	1451301209	external_ucsc_or_legacy_prelim
western_clawed_frog	Animal	52	2072873	1451301209	external_ucsc_or_legacy_prelim
western_clawed_frog	Animal	34	2069444	1451301209	external_ucsc_or_legacy_prelim
western_clawed_frog	Animal	161	2066560	1451301209	external_ucsc_or_legacy_prelim
western_clawed_frog	Animal	123	2049250	1451301209	external_ucsc_or_legacy_prelim
western_clawed_frog	Animal	101	2044820	1451301209	external_ucsc_or_legacy_prelim
western_clawed_frog	Animal	40	2044229	1451301209	external_ucsc_or_legacy_prelim
western_clawed_frog	Animal	148	2039160	1451301209	external_ucsc_or_legacy_prelim
western_clawed_frog	Animal	78	2038826	1451301209	external_ucsc_or_legacy_prelim
western_clawed_frog	Animal	129	2032557	1451301209	external_ucsc_or_legacy_prelim
western_clawed_frog	Animal	169	2031257	1451301209	external_ucsc_or_legacy_prelim
western_clawed_frog	Animal	55	2029859	1451301209	external_ucsc_or_legacy_prelim
western_clawed_frog	Animal	113	2027074	1451301209	external_ucsc_or_legacy_prelim
western_clawed_frog	Animal	86	2020612	1451301209	external_ucsc_or_legacy_prelim
western_clawed_frog	Animal	32	2018749	1451301209	external_ucsc_or_legacy_prelim
western_clawed_frog	Animal	81	2015902	1451301209	external_ucsc_or_legacy_prelim
western_clawed_frog	Animal	91	2012934	1451301209	external_ucsc_or_legacy_prelim
western_clawed_frog	Animal	83	2009716	1451301209	external_ucsc_or_legacy_prelim
western_clawed_frog	Animal	94	2007760	1451301209	external_ucsc_or_legacy_prelim
western_clawed_frog	Animal	158	1991534	1451301209	external_ucsc_or_legacy_prelim
western_clawed_frog	Animal	109	1987789	1451301209	external_ucsc_or_legacy_prelim
western_clawed_frog	Animal	103	1983459	1451301209	external_ucsc_or_legacy_prelim
western_clawed_frog	Animal	176	1983040	1451301209	external_ucsc_or_legacy_prelim
western_clawed_frog	Animal	164	1980797	1451301209	external_ucsc_or_legacy_prelim
western_clawed_frog	Animal	143	1976878	1451301209	external_ucsc_or_legacy_prelim
western_clawed_frog	Animal	73	1976113	1451301209	external_ucsc_or_legacy_prelim
western_clawed_frog	Animal	96	1967303	1451301209	external_ucsc_or_legacy_prelim
western_clawed_frog	Animal	60	1955031	1451301209	external_ucsc_or_legacy_prelim
western_clawed_frog	Animal	127	1952485	1451301209	external_ucsc_or_legacy_prelim
western_clawed_frog	Animal	93	1952168	1451301209	external_ucsc_or_legacy_prelim
western_clawed_frog	Animal	146	1947851	1451301209	external_ucsc_or_legacy_prelim
western_clawed_frog	Animal	26	1945200	1451301209	external_ucsc_or_legacy_prelim
western_clawed_frog	Animal	65	1941093	1451301209	external_ucsc_or_legacy_prelim
western_clawed_frog	Animal	77	1937588	1451301209	external_ucsc_or_legacy_prelim
western_clawed_frog	Animal	121	1936446	1451301209	external_ucsc_or_legacy_prelim
western_clawed_frog	Animal	116	1927676	1451301209	external_ucsc_or_legacy_prelim
western_clawed_frog	Animal	136	1924884	1451301209	external_ucsc_or_legacy_prelim
western_clawed_frog	Animal	22	1924259	1451301209	external_ucsc_or_legacy_prelim
western_clawed_frog	Animal	71	1922417	1451301209	external_ucsc_or_legacy_prelim
western_clawed_frog	Animal	125	1920461	1451301209	external_ucsc_or_legacy_prelim
western_clawed_frog	Animal	107	1918190	1451301209	external_ucsc_or_legacy_prelim
western_clawed_frog	Animal	24	1913560	1451301209	external_ucsc_or_legacy_prelim
western_clawed_frog	Animal	149	1906198	1451301209	external_ucsc_or_legacy_prelim
western_clawed_frog	Animal	154	1905032	1451301209	external_ucsc_or_legacy_prelim
western_clawed_frog	Animal	133	1902652	1451301209	external_ucsc_or_legacy_prelim
western_clawed_frog	Animal	139	1899361	1451301209	external_ucsc_or_legacy_prelim
western_clawed_frog	Animal	33	1897877	1451301209	external_ucsc_or_legacy_prelim
western_clawed_frog	Animal	21	1887613	1451301209	external_ucsc_or_legacy_prelim
western_clawed_frog	Animal	53	1885351	1451301209	external_ucsc_or_legacy_prelim
western_clawed_frog	Animal	41	1884894	1451301209	external_ucsc_or_legacy_prelim
western_clawed_frog	Animal	49	1882924	1451301209	external_ucsc_or_legacy_prelim
western_clawed_frog	Animal	72	1877770	1451301209	external_ucsc_or_legacy_prelim
western_clawed_frog	Animal	135	1877513	1451301209	external_ucsc_or_legacy_prelim
western_clawed_frog	Animal	76	1877419	1451301209	external_ucsc_or_legacy_prelim
western_clawed_frog	Animal	179	1876038	1451301209	external_ucsc_or_legacy_prelim
western_clawed_frog	Animal	99	1875125	1451301209	external_ucsc_or_legacy_prelim
western_clawed_frog	Animal	89	1869918	1451301209	external_ucsc_or_legacy_prelim
western_clawed_frog	Animal	80	1869741	1451301209	external_ucsc_or_legacy_prelim
western_clawed_frog	Animal	115	1866684	1451301209	external_ucsc_or_legacy_prelim
western_clawed_frog	Animal	141	1866393	1451301209	external_ucsc_or_legacy_prelim
western_clawed_frog	Animal	171	1860510	1451301209	external_ucsc_or_legacy_prelim
western_clawed_frog	Animal	131	1853828	1451301209	external_ucsc_or_legacy_prelim
western_clawed_frog	Animal	87	1847962	1451301209	external_ucsc_or_legacy_prelim
western_clawed_frog	Animal	100	1847742	1451301209	external_ucsc_or_legacy_prelim
western_clawed_frog	Animal	9	1847663	1451301209	external_ucsc_or_legacy_prelim
western_clawed_frog	Animal	174	1842711	1451301209	external_ucsc_or_legacy_prelim
western_clawed_frog	Animal	151	1841526	1451301209	external_ucsc_or_legacy_prelim
western_clawed_frog	Animal	134	1840957	1451301209	external_ucsc_or_legacy_prelim
western_clawed_frog	Animal	147	1837527	1451301209	external_ucsc_or_legacy_prelim
western_clawed_frog	Animal	156	1837349	1451301209	external_ucsc_or_legacy_prelim
western_clawed_frog	Animal	84	1837199	1451301209	external_ucsc_or_legacy_prelim
western_clawed_frog	Animal	79	1836988	1451301209	external_ucsc_or_legacy_prelim
western_clawed_frog	Animal	162	1835164	1451301209	external_ucsc_or_legacy_prelim
western_clawed_frog	Animal	10	1823760	1451301209	external_ucsc_or_legacy_prelim
western_clawed_frog	Animal	142	1822130	1451301209	external_ucsc_or_legacy_prelim
western_clawed_frog	Animal	157	1800355	1451301209	external_ucsc_or_legacy_prelim
western_clawed_frog	Animal	46	1799416	1451301209	external_ucsc_or_legacy_prelim
western_clawed_frog	Animal	57	1795147	1451301209	external_ucsc_or_legacy_prelim
western_clawed_frog	Animal	130	1793082	1451301209	external_ucsc_or_legacy_prelim
western_clawed_frog	Animal	145	1791946	1451301209	external_ucsc_or_legacy_prelim
western_clawed_frog	Animal	117	1790672	1451301209	external_ucsc_or_legacy_prelim
western_clawed_frog	Animal	155	1788406	1451301209	external_ucsc_or_legacy_prelim
western_clawed_frog	Animal	31	1786881	1451301209	external_ucsc_or_legacy_prelim
western_clawed_frog	Animal	28	1781418	1451301209	external_ucsc_or_legacy_prelim
western_clawed_frog	Animal	172	1777565	1451301209	external_ucsc_or_legacy_prelim
western_clawed_frog	Animal	159	1775819	1451301209	external_ucsc_or_legacy_prelim
western_clawed_frog	Animal	95	1771641	1451301209	external_ucsc_or_legacy_prelim
western_clawed_frog	Animal	44	1770006	1451301209	external_ucsc_or_legacy_prelim
western_clawed_frog	Animal	144	1768770	1451301209	external_ucsc_or_legacy_prelim
western_clawed_frog	Animal	137	1766919	1451301209	external_ucsc_or_legacy_prelim
western_clawed_frog	Animal	184	1749926	1451301209	external_ucsc_or_legacy_prelim
western_clawed_frog	Animal	191	1741427	1451301209	external_ucsc_or_legacy_prelim
western_clawed_frog	Animal	69	1739560	1451301209	external_ucsc_or_legacy_prelim
western_clawed_frog	Animal	90	1736607	1451301209	external_ucsc_or_legacy_prelim
western_clawed_frog	Animal	126	1734973	1451301209	external_ucsc_or_legacy_prelim
western_clawed_frog	Animal	153	1734225	1451301209	external_ucsc_or_legacy_prelim
western_clawed_frog	Animal	63	1712445	1451301209	external_ucsc_or_legacy_prelim
western_clawed_frog	Animal	188	1698468	1451301209	external_ucsc_or_legacy_prelim
western_clawed_frog	Animal	56	1696490	1451301209	external_ucsc_or_legacy_prelim
western_clawed_frog	Animal	61	1695962	1451301209	external_ucsc_or_legacy_prelim
western_clawed_frog	Animal	163	1686548	1451301209	external_ucsc_or_legacy_prelim
western_clawed_frog	Animal	181	1679453	1451301209	external_ucsc_or_legacy_prelim
western_clawed_frog	Animal	66	1678535	1451301209	external_ucsc_or_legacy_prelim
western_clawed_frog	Animal	54	1677923	1451301209	external_ucsc_or_legacy_prelim
western_clawed_frog	Animal	59	1674822	1451301209	external_ucsc_or_legacy_prelim
western_clawed_frog	Animal	27	1673135	1451301209	external_ucsc_or_legacy_prelim
western_clawed_frog	Animal	120	1671612	1451301209	external_ucsc_or_legacy_prelim
western_clawed_frog	Animal	150	1671533	1451301209	external_ucsc_or_legacy_prelim
western_clawed_frog	Animal	47	1670100	1451301209	external_ucsc_or_legacy_prelim
western_clawed_frog	Animal	182	1667519	1451301209	external_ucsc_or_legacy_prelim
western_clawed_frog	Animal	140	1665787	1451301209	external_ucsc_or_legacy_prelim
western_clawed_frog	Animal	38	1663186	1451301209	external_ucsc_or_legacy_prelim
western_clawed_frog	Animal	186	1658290	1451301209	external_ucsc_or_legacy_prelim
western_clawed_frog	Animal	160	1650506	1451301209	external_ucsc_or_legacy_prelim
western_clawed_frog	Animal	23	1649470	1451301209	external_ucsc_or_legacy_prelim
western_clawed_frog	Animal	200	1645582	1451301209	external_ucsc_or_legacy_prelim
western_clawed_frog	Animal	168	1638601	1451301209	external_ucsc_or_legacy_prelim
western_clawed_frog	Animal	178	1635061	1451301209	external_ucsc_or_legacy_prelim
western_clawed_frog	Animal	110	1635033	1451301209	external_ucsc_or_legacy_prelim
western_clawed_frog	Animal	8	1620178	1451301209	external_ucsc_or_legacy_prelim
western_clawed_frog	Animal	194	1614014	1451301209	external_ucsc_or_legacy_prelim
western_clawed_frog	Animal	6	1606692	1451301209	external_ucsc_or_legacy_prelim
western_clawed_frog	Animal	173	1602104	1451301209	external_ucsc_or_legacy_prelim
western_clawed_frog	Animal	189	1599559	1451301209	external_ucsc_or_legacy_prelim
western_clawed_frog	Animal	7	1567700	1451301209	external_ucsc_or_legacy_prelim
western_clawed_frog	Animal	165	1560823	1451301209	external_ucsc_or_legacy_prelim
western_clawed_frog	Animal	170	1555860	1451301209	external_ucsc_or_legacy_prelim
western_clawed_frog	Animal	74	1547623	1451301209	external_ucsc_or_legacy_prelim
western_clawed_frog	Animal	37	1538290	1451301209	external_ucsc_or_legacy_prelim
western_clawed_frog	Animal	166	1520768	1451301209	external_ucsc_or_legacy_prelim
western_clawed_frog	Animal	196	1516272	1451301209	external_ucsc_or_legacy_prelim
western_clawed_frog	Animal	175	1516229	1451301209	external_ucsc_or_legacy_prelim
western_clawed_frog	Animal	64	1509294	1451301209	external_ucsc_or_legacy_prelim
western_clawed_frog	Animal	192	1502784	1451301209	external_ucsc_or_legacy_prelim
western_clawed_frog	Animal	177	1449568	1451301209	external_ucsc_or_legacy_prelim
western_clawed_frog	Animal	206	1446113	1451301209	external_ucsc_or_legacy_prelim
western_clawed_frog	Animal	183	1442405	1451301209	external_ucsc_or_legacy_prelim
western_clawed_frog	Animal	180	1417889	1451301209	external_ucsc_or_legacy_prelim
western_clawed_frog	Animal	204	1410009	1451301209	external_ucsc_or_legacy_prelim
western_clawed_frog	Animal	211	1405389	1451301209	external_ucsc_or_legacy_prelim
western_clawed_frog	Animal	198	1397370	1451301209	external_ucsc_or_legacy_prelim
western_clawed_frog	Animal	4	1394587	1451301209	external_ucsc_or_legacy_prelim
western_clawed_frog	Animal	185	1393185	1451301209	external_ucsc_or_legacy_prelim
western_clawed_frog	Animal	221	1364749	1451301209	external_ucsc_or_legacy_prelim
western_clawed_frog	Animal	202	1355397	1451301209	external_ucsc_or_legacy_prelim
western_clawed_frog	Animal	208	1340068	1451301209	external_ucsc_or_legacy_prelim
western_clawed_frog	Animal	195	1329932	1451301209	external_ucsc_or_legacy_prelim
western_clawed_frog	Animal	214	1321913	1451301209	external_ucsc_or_legacy_prelim
western_clawed_frog	Animal	190	1311859	1451301209	external_ucsc_or_legacy_prelim
western_clawed_frog	Animal	193	1295726	1451301209	external_ucsc_or_legacy_prelim
western_clawed_frog	Animal	219	1292755	1451301209	external_ucsc_or_legacy_prelim
western_clawed_frog	Animal	209	1290639	1451301209	external_ucsc_or_legacy_prelim
western_clawed_frog	Animal	197	1290251	1451301209	external_ucsc_or_legacy_prelim
western_clawed_frog	Animal	199	1275593	1451301209	external_ucsc_or_legacy_prelim
western_clawed_frog	Animal	216	1260628	1451301209	external_ucsc_or_legacy_prelim
western_clawed_frog	Animal	201	1260576	1451301209	external_ucsc_or_legacy_prelim
western_clawed_frog	Animal	222	1258616	1451301209	external_ucsc_or_legacy_prelim
western_clawed_frog	Animal	203	1241607	1451301209	external_ucsc_or_legacy_prelim
western_clawed_frog	Animal	224	1211877	1451301209	external_ucsc_or_legacy_prelim
western_clawed_frog	Animal	187	1205807	1451301209	external_ucsc_or_legacy_prelim
western_clawed_frog	Animal	5	1200962	1451301209	external_ucsc_or_legacy_prelim
western_clawed_frog	Animal	212	1180963	1451301209	external_ucsc_or_legacy_prelim
western_clawed_frog	Animal	217	1162022	1451301209	external_ucsc_or_legacy_prelim
western_clawed_frog	Animal	226	1159892	1451301209	external_ucsc_or_legacy_prelim
western_clawed_frog	Animal	229	1129048	1451301209	external_ucsc_or_legacy_prelim
western_clawed_frog	Animal	207	1117876	1451301209	external_ucsc_or_legacy_prelim
western_clawed_frog	Animal	205	1086763	1451301209	external_ucsc_or_legacy_prelim
western_clawed_frog	Animal	250	1080586	1451301209	external_ucsc_or_legacy_prelim
western_clawed_frog	Animal	218	1080001	1451301209	external_ucsc_or_legacy_prelim
western_clawed_frog	Animal	231	1047310	1451301209	external_ucsc_or_legacy_prelim
western_clawed_frog	Animal	215	1031799	1451301209	external_ucsc_or_legacy_prelim
western_clawed_frog	Animal	228	1031132	1451301209	external_ucsc_or_legacy_prelim
western_clawed_frog	Animal	213	1026987	1451301209	external_ucsc_or_legacy_prelim
western_clawed_frog	Animal	220	1025696	1451301209	external_ucsc_or_legacy_prelim
western_clawed_frog	Animal	234	1000115	1451301209	external_ucsc_or_legacy_prelim
western_clawed_frog	Animal	210	988685	1451301209	external_ucsc_or_legacy_prelim
western_clawed_frog	Animal	236	982870	1451301209	external_ucsc_or_legacy_prelim
western_clawed_frog	Animal	223	954710	1451301209	external_ucsc_or_legacy_prelim
western_clawed_frog	Animal	241	952157	1451301209	external_ucsc_or_legacy_prelim
western_clawed_frog	Animal	232	947346	1451301209	external_ucsc_or_legacy_prelim
western_clawed_frog	Animal	225	934123	1451301209	external_ucsc_or_legacy_prelim
western_clawed_frog	Animal	239	931877	1451301209	external_ucsc_or_legacy_prelim
western_clawed_frog	Animal	227	928847	1451301209	external_ucsc_or_legacy_prelim
western_clawed_frog	Animal	2	899914	1451301209	external_ucsc_or_legacy_prelim
western_clawed_frog	Animal	235	894916	1451301209	external_ucsc_or_legacy_prelim
western_clawed_frog	Animal	233	888540	1451301209	external_ucsc_or_legacy_prelim
western_clawed_frog	Animal	246	883196	1451301209	external_ucsc_or_legacy_prelim
western_clawed_frog	Animal	244	875271	1451301209	external_ucsc_or_legacy_prelim
western_clawed_frog	Animal	238	866434	1451301209	external_ucsc_or_legacy_prelim
western_clawed_frog	Animal	230	855357	1451301209	external_ucsc_or_legacy_prelim
western_clawed_frog	Animal	3	844732	1451301209	external_ucsc_or_legacy_prelim
western_clawed_frog	Animal	242	824000	1451301209	external_ucsc_or_legacy_prelim
western_clawed_frog	Animal	237	813607	1451301209	external_ucsc_or_legacy_prelim
western_clawed_frog	Animal	254	771150	1451301209	external_ucsc_or_legacy_prelim
western_clawed_frog	Animal	240	767313	1451301209	external_ucsc_or_legacy_prelim
western_clawed_frog	Animal	248	765480	1451301209	external_ucsc_or_legacy_prelim
western_clawed_frog	Animal	256	763436	1451301209	external_ucsc_or_legacy_prelim
western_clawed_frog	Animal	252	748288	1451301209	external_ucsc_or_legacy_prelim
western_clawed_frog	Animal	247	732772	1451301209	external_ucsc_or_legacy_prelim
western_clawed_frog	Animal	243	730507	1451301209	external_ucsc_or_legacy_prelim
western_clawed_frog	Animal	245	721894	1451301209	external_ucsc_or_legacy_prelim
western_clawed_frog	Animal	258	671842	1451301209	external_ucsc_or_legacy_prelim
western_clawed_frog	Animal	259	667582	1451301209	external_ucsc_or_legacy_prelim
western_clawed_frog	Animal	261	652740	1451301209	external_ucsc_or_legacy_prelim
western_clawed_frog	Animal	264	637590	1451301209	external_ucsc_or_legacy_prelim
western_clawed_frog	Animal	255	632438	1451301209	external_ucsc_or_legacy_prelim
western_clawed_frog	Animal	253	631681	1451301209	external_ucsc_or_legacy_prelim
western_clawed_frog	Animal	257	621121	1451301209	external_ucsc_or_legacy_prelim
western_clawed_frog	Animal	0	620868	1451301209	external_ucsc_or_legacy_prelim
western_clawed_frog	Animal	262	609919	1451301209	external_ucsc_or_legacy_prelim
western_clawed_frog	Animal	249	585107	1451301209	external_ucsc_or_legacy_prelim
western_clawed_frog	Animal	260	571078	1451301209	external_ucsc_or_legacy_prelim
western_clawed_frog	Animal	269	570047	1451301209	external_ucsc_or_legacy_prelim
western_clawed_frog	Animal	271	568529	1451301209	external_ucsc_or_legacy_prelim
western_clawed_frog	Animal	251	560697	1451301209	external_ucsc_or_legacy_prelim
western_clawed_frog	Animal	266	549231	1451301209	external_ucsc_or_legacy_prelim
western_clawed_frog	Animal	267	538846	1451301209	external_ucsc_or_legacy_prelim
western_clawed_frog	Animal	274	533896	1451301209	external_ucsc_or_legacy_prelim
western_clawed_frog	Animal	286	524141	1451301209	external_ucsc_or_legacy_prelim
western_clawed_frog	Animal	265	523744	1451301209	external_ucsc_or_legacy_prelim
western_clawed_frog	Animal	268	512898	1451301209	external_ucsc_or_legacy_prelim
western_clawed_frog	Animal	263	506486	1451301209	external_ucsc_or_legacy_prelim
western_clawed_frog	Animal	273	500092	1451301209	external_ucsc_or_legacy_prelim
western_clawed_frog	Animal	299	476500	1451301209	external_ucsc_or_legacy_prelim
western_clawed_frog	Animal	276	476371	1451301209	external_ucsc_or_legacy_prelim
western_clawed_frog	Animal	284	474682	1451301209	external_ucsc_or_legacy_prelim
western_clawed_frog	Animal	279	473229	1451301209	external_ucsc_or_legacy_prelim
western_clawed_frog	Animal	270	472226	1451301209	external_ucsc_or_legacy_prelim
western_clawed_frog	Animal	281	463552	1451301209	external_ucsc_or_legacy_prelim
western_clawed_frog	Animal	291	449130	1451301209	external_ucsc_or_legacy_prelim
western_clawed_frog	Animal	277	430219	1451301209	external_ucsc_or_legacy_prelim
western_clawed_frog	Animal	272	429367	1451301209	external_ucsc_or_legacy_prelim
western_clawed_frog	Animal	278	422632	1451301209	external_ucsc_or_legacy_prelim
western_clawed_frog	Animal	289	418201	1451301209	external_ucsc_or_legacy_prelim
western_clawed_frog	Animal	282	406154	1451301209	external_ucsc_or_legacy_prelim
western_clawed_frog	Animal	301	404909	1451301209	external_ucsc_or_legacy_prelim
western_clawed_frog	Animal	280	402316	1451301209	external_ucsc_or_legacy_prelim
western_clawed_frog	Animal	275	401644	1451301209	external_ucsc_or_legacy_prelim
western_clawed_frog	Animal	296	400496	1451301209	external_ucsc_or_legacy_prelim
western_clawed_frog	Animal	311	400112	1451301209	external_ucsc_or_legacy_prelim
western_clawed_frog	Animal	309	395543	1451301209	external_ucsc_or_legacy_prelim
western_clawed_frog	Animal	1	391164	1451301209	external_ucsc_or_legacy_prelim
western_clawed_frog	Animal	292	389361	1451301209	external_ucsc_or_legacy_prelim
western_clawed_frog	Animal	304	385285	1451301209	external_ucsc_or_legacy_prelim
western_clawed_frog	Animal	287	385158	1451301209	external_ucsc_or_legacy_prelim
western_clawed_frog	Animal	306	378364	1451301209	external_ucsc_or_legacy_prelim
western_clawed_frog	Animal	294	377512	1451301209	external_ucsc_or_legacy_prelim
western_clawed_frog	Animal	288	373377	1451301209	external_ucsc_or_legacy_prelim
western_clawed_frog	Animal	314	372155	1451301209	external_ucsc_or_legacy_prelim
western_clawed_frog	Animal	293	362095	1451301209	external_ucsc_or_legacy_prelim
western_clawed_frog	Animal	283	361977	1451301209	external_ucsc_or_legacy_prelim
western_clawed_frog	Animal	302	361720	1451301209	external_ucsc_or_legacy_prelim
western_clawed_frog	Animal	297	361314	1451301209	external_ucsc_or_legacy_prelim
western_clawed_frog	Animal	298	360823	1451301209	external_ucsc_or_legacy_prelim
western_clawed_frog	Animal	308	346195	1451301209	external_ucsc_or_legacy_prelim
western_clawed_frog	Animal	290	341446	1451301209	external_ucsc_or_legacy_prelim
western_clawed_frog	Animal	312	340996	1451301209	external_ucsc_or_legacy_prelim
western_clawed_frog	Animal	319	338053	1451301209	external_ucsc_or_legacy_prelim
western_clawed_frog	Animal	295	336137	1451301209	external_ucsc_or_legacy_prelim
western_clawed_frog	Animal	316	328852	1451301209	external_ucsc_or_legacy_prelim
western_clawed_frog	Animal	285	324651	1451301209	external_ucsc_or_legacy_prelim
western_clawed_frog	Animal	307	324531	1451301209	external_ucsc_or_legacy_prelim
western_clawed_frog	Animal	300	319547	1451301209	external_ucsc_or_legacy_prelim
western_clawed_frog	Animal	303	317787	1451301209	external_ucsc_or_legacy_prelim
western_clawed_frog	Animal	305	301397	1451301209	external_ucsc_or_legacy_prelim
western_clawed_frog	Animal	315	290457	1451301209	external_ucsc_or_legacy_prelim
western_clawed_frog	Animal	313	289081	1451301209	external_ucsc_or_legacy_prelim
western_clawed_frog	Animal	322	287363	1451301209	external_ucsc_or_legacy_prelim
western_clawed_frog	Animal	318	280258	1451301209	external_ucsc_or_legacy_prelim
western_clawed_frog	Animal	310	277534	1451301209	external_ucsc_or_legacy_prelim
western_clawed_frog	Animal	320	276402	1451301209	external_ucsc_or_legacy_prelim
western_clawed_frog	Animal	325	266148	1451301209	external_ucsc_or_legacy_prelim
western_clawed_frog	Animal	317	257736	1451301209	external_ucsc_or_legacy_prelim
western_clawed_frog	Animal	321	256704	1451301209	external_ucsc_or_legacy_prelim
western_clawed_frog	Animal	324	231752	1451301209	external_ucsc_or_legacy_prelim
western_clawed_frog	Animal	323	212757	1451301209	external_ucsc_or_legacy_prelim
western_clawed_frog	Animal	330	208271	1451301209	external_ucsc_or_legacy_prelim
western_clawed_frog	Animal	333	204256	1451301209	external_ucsc_or_legacy_prelim
western_clawed_frog	Animal	326	202429	1451301209	external_ucsc_or_legacy_prelim
western_clawed_frog	Animal	328	192520	1451301209	external_ucsc_or_legacy_prelim
western_clawed_frog	Animal	329	191932	1451301209	external_ucsc_or_legacy_prelim
western_clawed_frog	Animal	331	187217	1451301209	external_ucsc_or_legacy_prelim
western_clawed_frog	Animal	332	168919	1451301209	external_ucsc_or_legacy_prelim
western_clawed_frog	Animal	327	157574	1451301209	external_ucsc_or_legacy_prelim
western_clawed_frog	Animal	335	148733	1451301209	external_ucsc_or_legacy_prelim
western_clawed_frog	Animal	336	139455	1451301209	external_ucsc_or_legacy_prelim
western_clawed_frog	Animal	337	127548	1451301209	external_ucsc_or_legacy_prelim
western_clawed_frog	Animal	340	118986	1451301209	external_ucsc_or_legacy_prelim
western_clawed_frog	Animal	339	110375	1451301209	external_ucsc_or_legacy_prelim
western_clawed_frog	Animal	338	108883	1451301209	external_ucsc_or_legacy_prelim
western_clawed_frog	Animal	341	95714	1451301209	external_ucsc_or_legacy_prelim
western_clawed_frog	Animal	342	91419	1451301209	external_ucsc_or_legacy_prelim
western_clawed_frog	Animal	344	89070	1451301209	external_ucsc_or_legacy_prelim
western_clawed_frog	Animal	334	87703	1451301209	external_ucsc_or_legacy_prelim
western_clawed_frog	Animal	343	82347	1451301209	external_ucsc_or_legacy_prelim
western_clawed_frog	Animal	345	79098	1451301209	external_ucsc_or_legacy_prelim
western_clawed_frog	Animal	348	67238	1451301209	external_ucsc_or_legacy_prelim
western_clawed_frog	Animal	346	66471	1451301209	external_ucsc_or_legacy_prelim
western_clawed_frog	Animal	350	60949	1451301209	external_ucsc_or_legacy_prelim
western_clawed_frog	Animal	349	53124	1451301209	external_ucsc_or_legacy_prelim
western_clawed_frog	Animal	351	50579	1451301209	external_ucsc_or_legacy_prelim
western_clawed_frog	Animal	352	50494	1451301209	external_ucsc_or_legacy_prelim
western_clawed_frog	Animal	355	48265	1451301209	external_ucsc_or_legacy_prelim
western_clawed_frog	Animal	354	45963	1451301209	external_ucsc_or_legacy_prelim
western_clawed_frog	Animal	347	45424	1451301209	external_ucsc_or_legacy_prelim
western_clawed_frog	Animal	353	39922	1451301209	external_ucsc_or_legacy_prelim
western_clawed_frog	Animal	356	38757	1451301209	external_ucsc_or_legacy_prelim
western_clawed_frog	Animal	360	36117	1451301209	external_ucsc_or_legacy_prelim
western_clawed_frog	Animal	357	33382	1451301209	external_ucsc_or_legacy_prelim
western_clawed_frog	Animal	358	27508	1451301209	external_ucsc_or_legacy_prelim
western_clawed_frog	Animal	364	27499	1451301209	external_ucsc_or_legacy_prelim
western_clawed_frog	Animal	359	27211	1451301209	external_ucsc_or_legacy_prelim
western_clawed_frog	Animal	362	26292	1451301209	external_ucsc_or_legacy_prelim
western_clawed_frog	Animal	361	22647	1451301209	external_ucsc_or_legacy_prelim
western_clawed_frog	Animal	366	22453	1451301209	external_ucsc_or_legacy_prelim
western_clawed_frog	Animal	365	17372	1451301209	external_ucsc_or_legacy_prelim
western_clawed_frog	Animal	371	16077	1451301209	external_ucsc_or_legacy_prelim
western_clawed_frog	Animal	363	16031	1451301209	external_ucsc_or_legacy_prelim
western_clawed_frog	Animal	368	14948	1451301209	external_ucsc_or_legacy_prelim
western_clawed_frog	Animal	369	13604	1451301209	external_ucsc_or_legacy_prelim
western_clawed_frog	Animal	367	13394	1451301209	external_ucsc_or_legacy_prelim
western_clawed_frog	Animal	373	11912	1451301209	external_ucsc_or_legacy_prelim
western_clawed_frog	Animal	372	11149	1451301209	external_ucsc_or_legacy_prelim
western_clawed_frog	Animal	380	9715	1451301209	external_ucsc_or_legacy_prelim
western_clawed_frog	Animal	375	8831	1451301209	external_ucsc_or_legacy_prelim
western_clawed_frog	Animal	376	8421	1451301209	external_ucsc_or_legacy_prelim
western_clawed_frog	Animal	370	7873	1451301209	external_ucsc_or_legacy_prelim
western_clawed_frog	Animal	377	6729	1451301209	external_ucsc_or_legacy_prelim
western_clawed_frog	Animal	388	6495	1451301209	external_ucsc_or_legacy_prelim
western_clawed_frog	Animal	379	5957	1451301209	external_ucsc_or_legacy_prelim
western_clawed_frog	Animal	374	5785	1451301209	external_ucsc_or_legacy_prelim
western_clawed_frog	Animal	378	5775	1451301209	external_ucsc_or_legacy_prelim
western_clawed_frog	Animal	419	5094	1451301209	external_ucsc_or_legacy_prelim
western_clawed_frog	Animal	384	4822	1451301209	external_ucsc_or_legacy_prelim
western_clawed_frog	Animal	390	4580	1451301209	external_ucsc_or_legacy_prelim
western_clawed_frog	Animal	385	4554	1451301209	external_ucsc_or_legacy_prelim
western_clawed_frog	Animal	386	4292	1451301209	external_ucsc_or_legacy_prelim
western_clawed_frog	Animal	381	4193	1451301209	external_ucsc_or_legacy_prelim
western_clawed_frog	Animal	387	3315	1451301209	external_ucsc_or_legacy_prelim
western_clawed_frog	Animal	383	3266	1451301209	external_ucsc_or_legacy_prelim
western_clawed_frog	Animal	382	3062	1451301209	external_ucsc_or_legacy_prelim
western_clawed_frog	Animal	415	2498	1451301209	external_ucsc_or_legacy_prelim
western_clawed_frog	Animal	392	2283	1451301209	external_ucsc_or_legacy_prelim
western_clawed_frog	Animal	396	2147	1451301209	external_ucsc_or_legacy_prelim
western_clawed_frog	Animal	389	1962	1451301209	external_ucsc_or_legacy_prelim
western_clawed_frog	Animal	414	1933	1451301209	external_ucsc_or_legacy_prelim
western_clawed_frog	Animal	404	1872	1451301209	external_ucsc_or_legacy_prelim
western_clawed_frog	Animal	430	1716	1451301209	external_ucsc_or_legacy_prelim
western_clawed_frog	Animal	399	1594	1451301209	external_ucsc_or_legacy_prelim
western_clawed_frog	Animal	410	1317	1451301209	external_ucsc_or_legacy_prelim
western_clawed_frog	Animal	411	1235	1451301209	external_ucsc_or_legacy_prelim
western_clawed_frog	Animal	406	1144	1451301209	external_ucsc_or_legacy_prelim
western_clawed_frog	Animal	391	1109	1451301209	external_ucsc_or_legacy_prelim
western_clawed_frog	Animal	412	1028	1451301209	external_ucsc_or_legacy_prelim
western_clawed_frog	Animal	400	994	1451301209	external_ucsc_or_legacy_prelim
western_clawed_frog	Animal	405	964	1451301209	external_ucsc_or_legacy_prelim
western_clawed_frog	Animal	393	888	1451301209	external_ucsc_or_legacy_prelim
western_clawed_frog	Animal	445	872	1451301209	external_ucsc_or_legacy_prelim
western_clawed_frog	Animal	401	810	1451301209	external_ucsc_or_legacy_prelim
western_clawed_frog	Animal	402	798	1451301209	external_ucsc_or_legacy_prelim
western_clawed_frog	Animal	416	788	1451301209	external_ucsc_or_legacy_prelim
western_clawed_frog	Animal	394	667	1451301209	external_ucsc_or_legacy_prelim
western_clawed_frog	Animal	421	646	1451301209	external_ucsc_or_legacy_prelim
western_clawed_frog	Animal	464	582	1451301209	external_ucsc_or_legacy_prelim
western_clawed_frog	Animal	427	554	1451301209	external_ucsc_or_legacy_prelim
western_clawed_frog	Animal	447	526	1451301209	external_ucsc_or_legacy_prelim
western_clawed_frog	Animal	417	516	1451301209	external_ucsc_or_legacy_prelim
western_clawed_frog	Animal	413	511	1451301209	external_ucsc_or_legacy_prelim
western_clawed_frog	Animal	440	507	1451301209	external_ucsc_or_legacy_prelim
western_clawed_frog	Animal	438	448	1451301209	external_ucsc_or_legacy_prelim
western_clawed_frog	Animal	455	364	1451301209	external_ucsc_or_legacy_prelim
western_clawed_frog	Animal	420	348	1451301209	external_ucsc_or_legacy_prelim
western_clawed_frog	Animal	433	308	1451301209	external_ucsc_or_legacy_prelim
western_clawed_frog	Animal	395	292	1451301209	external_ucsc_or_legacy_prelim
western_clawed_frog	Animal	468	276	1451301209	external_ucsc_or_legacy_prelim
western_clawed_frog	Animal	408	259	1451301209	external_ucsc_or_legacy_prelim
western_clawed_frog	Animal	397	258	1451301209	external_ucsc_or_legacy_prelim
western_clawed_frog	Animal	407	211	1451301209	external_ucsc_or_legacy_prelim
western_clawed_frog	Animal	422	192	1451301209	external_ucsc_or_legacy_prelim
western_clawed_frog	Animal	398	108	1451301209	external_ucsc_or_legacy_prelim
zebra_finch	Animal	LINE/CR1	37616763	1232135591	external_ucsc_or_legacy_prelim
zebra_finch	Animal	LTR/ERVK	19918612	1232135591	external_ucsc_or_legacy_prelim
zebra_finch	Animal	LTR/ERVL	14517872	1232135591	external_ucsc_or_legacy_prelim
zebra_finch	Animal	LTR/ERV1	7275649	1232135591	external_ucsc_or_legacy_prelim
zebra_finch	Animal	LTR/ERVL?	435686	1232135591	external_ucsc_or_legacy_prelim
zebra_finch	Animal	Unknown	412129	1232135591	external_ucsc_or_legacy_prelim
zebra_finch	Animal	SINE/tRNA-CR1	279078	1232135591	external_ucsc_or_legacy_prelim
zebra_finch	Animal	SINE/MIR	258520	1232135591	external_ucsc_or_legacy_prelim
zebra_finch	Animal	DNA?	227394	1232135591	external_ucsc_or_legacy_prelim
zebra_finch	Animal	DNA	222882	1232135591	external_ucsc_or_legacy_prelim
zebra_finch	Animal	SINE/Deu	222340	1232135591	external_ucsc_or_legacy_prelim
zebra_finch	Animal	SINE/tRNA	191668	1232135591	external_ucsc_or_legacy_prelim
zebra_finch	Animal	DNA/PiggyBac?	103896	1232135591	external_ucsc_or_legacy_prelim
zebra_finch	Animal	LINE/R2	100196	1232135591	external_ucsc_or_legacy_prelim
zebra_finch	Animal	SINE?	58283	1232135591	external_ucsc_or_legacy_prelim
zebra_finch	Animal	DNA/hAT-Charlie	54903	1232135591	external_ucsc_or_legacy_prelim
zebra_finch	Animal	DNA/TcMar-Tigger	42892	1232135591	external_ucsc_or_legacy_prelim
zebra_finch	Animal	DNA/TcMar?	33715	1232135591	external_ucsc_or_legacy_prelim
zebra_finch	Animal	LINE/L1	17978	1232135591	external_ucsc_or_legacy_prelim
zebra_finch	Animal	LINE/Penelope	17582	1232135591	external_ucsc_or_legacy_prelim
zebra_finch	Animal	LTR?	14915	1232135591	external_ucsc_or_legacy_prelim
zebra_finch	Animal	DNA/TcMar-Pogo	7726	1232135591	external_ucsc_or_legacy_prelim
zebra_finch	Animal	DNA/hAT-Tip100?	3547	1232135591	external_ucsc_or_legacy_prelim
zebra_finch	Animal	ARTEFACT	3481	1232135591	external_ucsc_or_legacy_prelim
zebrafish	Animal	122	5885609	1679203469	external_ucsc_or_legacy_prelim
zebrafish	Animal	108	5858315	1679203469	external_ucsc_or_legacy_prelim
zebrafish	Animal	118	5838742	1679203469	external_ucsc_or_legacy_prelim
zebrafish	Animal	98	5801751	1679203469	external_ucsc_or_legacy_prelim
zebrafish	Animal	102	5748531	1679203469	external_ucsc_or_legacy_prelim
zebrafish	Animal	112	5681371	1679203469	external_ucsc_or_legacy_prelim
zebrafish	Animal	92	5530046	1679203469	external_ucsc_or_legacy_prelim
zebrafish	Animal	128	5524200	1679203469	external_ucsc_or_legacy_prelim
zebrafish	Animal	119	5512167	1679203469	external_ucsc_or_legacy_prelim
zebrafish	Animal	111	5464065	1679203469	external_ucsc_or_legacy_prelim
zebrafish	Animal	109	5454463	1679203469	external_ucsc_or_legacy_prelim
zebrafish	Animal	88	5440193	1679203469	external_ucsc_or_legacy_prelim
zebrafish	Animal	103	5438956	1679203469	external_ucsc_or_legacy_prelim
zebrafish	Animal	121	5410076	1679203469	external_ucsc_or_legacy_prelim
zebrafish	Animal	113	5402633	1679203469	external_ucsc_or_legacy_prelim
zebrafish	Animal	114	5356240	1679203469	external_ucsc_or_legacy_prelim
zebrafish	Animal	106	5350262	1679203469	external_ucsc_or_legacy_prelim
zebrafish	Animal	104	5318525	1679203469	external_ucsc_or_legacy_prelim
zebrafish	Animal	99	5308419	1679203469	external_ucsc_or_legacy_prelim
zebrafish	Animal	132	5292242	1679203469	external_ucsc_or_legacy_prelim
zebrafish	Animal	107	5290393	1679203469	external_ucsc_or_legacy_prelim
zebrafish	Animal	93	5279409	1679203469	external_ucsc_or_legacy_prelim
zebrafish	Animal	123	5279066	1679203469	external_ucsc_or_legacy_prelim
zebrafish	Animal	94	5258517	1679203469	external_ucsc_or_legacy_prelim
zebrafish	Animal	117	5256963	1679203469	external_ucsc_or_legacy_prelim
zebrafish	Animal	116	5250237	1679203469	external_ucsc_or_legacy_prelim
zebrafish	Animal	96	5247741	1679203469	external_ucsc_or_legacy_prelim
zebrafish	Animal	101	5166592	1679203469	external_ucsc_or_legacy_prelim
zebrafish	Animal	124	5152102	1679203469	external_ucsc_or_legacy_prelim
zebrafish	Animal	97	5141905	1679203469	external_ucsc_or_legacy_prelim
zebrafish	Animal	129	5102886	1679203469	external_ucsc_or_legacy_prelim
zebrafish	Animal	82	5092967	1679203469	external_ucsc_or_legacy_prelim
zebrafish	Animal	75	5079615	1679203469	external_ucsc_or_legacy_prelim
zebrafish	Animal	78	5070050	1679203469	external_ucsc_or_legacy_prelim
zebrafish	Animal	91	5060608	1679203469	external_ucsc_or_legacy_prelim
zebrafish	Animal	127	5029278	1679203469	external_ucsc_or_legacy_prelim
zebrafish	Animal	126	5011871	1679203469	external_ucsc_or_legacy_prelim
zebrafish	Animal	83	5008061	1679203469	external_ucsc_or_legacy_prelim
zebrafish	Animal	138	5003163	1679203469	external_ucsc_or_legacy_prelim
zebrafish	Animal	89	4991685	1679203469	external_ucsc_or_legacy_prelim
zebrafish	Animal	125	4958328	1679203469	external_ucsc_or_legacy_prelim
zebrafish	Animal	105	4947904	1679203469	external_ucsc_or_legacy_prelim
zebrafish	Animal	100	4931843	1679203469	external_ucsc_or_legacy_prelim
zebrafish	Animal	133	4894982	1679203469	external_ucsc_or_legacy_prelim
zebrafish	Animal	115	4861016	1679203469	external_ucsc_or_legacy_prelim
zebrafish	Animal	87	4819482	1679203469	external_ucsc_or_legacy_prelim
zebrafish	Animal	86	4816334	1679203469	external_ucsc_or_legacy_prelim
zebrafish	Animal	136	4814148	1679203469	external_ucsc_or_legacy_prelim
zebrafish	Animal	120	4798718	1679203469	external_ucsc_or_legacy_prelim
zebrafish	Animal	110	4782945	1679203469	external_ucsc_or_legacy_prelim
zebrafish	Animal	72	4747503	1679203469	external_ucsc_or_legacy_prelim
zebrafish	Animal	131	4745352	1679203469	external_ucsc_or_legacy_prelim
zebrafish	Animal	134	4723906	1679203469	external_ucsc_or_legacy_prelim
zebrafish	Animal	84	4694646	1679203469	external_ucsc_or_legacy_prelim
zebrafish	Animal	73	4682057	1679203469	external_ucsc_or_legacy_prelim
zebrafish	Animal	130	4663854	1679203469	external_ucsc_or_legacy_prelim
zebrafish	Animal	70	4653985	1679203469	external_ucsc_or_legacy_prelim
zebrafish	Animal	81	4652529	1679203469	external_ucsc_or_legacy_prelim
zebrafish	Animal	95	4650759	1679203469	external_ucsc_or_legacy_prelim
zebrafish	Animal	143	4607237	1679203469	external_ucsc_or_legacy_prelim
zebrafish	Animal	90	4591056	1679203469	external_ucsc_or_legacy_prelim
zebrafish	Animal	80	4575223	1679203469	external_ucsc_or_legacy_prelim
zebrafish	Animal	77	4559693	1679203469	external_ucsc_or_legacy_prelim
zebrafish	Animal	139	4511928	1679203469	external_ucsc_or_legacy_prelim
zebrafish	Animal	148	4502158	1679203469	external_ucsc_or_legacy_prelim
zebrafish	Animal	142	4498856	1679203469	external_ucsc_or_legacy_prelim
zebrafish	Animal	68	4482315	1679203469	external_ucsc_or_legacy_prelim
zebrafish	Animal	141	4464604	1679203469	external_ucsc_or_legacy_prelim
zebrafish	Animal	137	4461687	1679203469	external_ucsc_or_legacy_prelim
zebrafish	Animal	62	4317224	1679203469	external_ucsc_or_legacy_prelim
zebrafish	Animal	146	4309292	1679203469	external_ucsc_or_legacy_prelim
zebrafish	Animal	85	4295040	1679203469	external_ucsc_or_legacy_prelim
zebrafish	Animal	79	4269554	1679203469	external_ucsc_or_legacy_prelim
zebrafish	Animal	152	4255649	1679203469	external_ucsc_or_legacy_prelim
zebrafish	Animal	65	4222584	1679203469	external_ucsc_or_legacy_prelim
zebrafish	Animal	144	4193924	1679203469	external_ucsc_or_legacy_prelim
zebrafish	Animal	135	4175855	1679203469	external_ucsc_or_legacy_prelim
zebrafish	Animal	74	4092765	1679203469	external_ucsc_or_legacy_prelim
zebrafish	Animal	147	4070334	1679203469	external_ucsc_or_legacy_prelim
zebrafish	Animal	76	4069238	1679203469	external_ucsc_or_legacy_prelim
zebrafish	Animal	149	4041855	1679203469	external_ucsc_or_legacy_prelim
zebrafish	Animal	67	4024021	1679203469	external_ucsc_or_legacy_prelim
zebrafish	Animal	71	4001231	1679203469	external_ucsc_or_legacy_prelim
zebrafish	Animal	140	3937256	1679203469	external_ucsc_or_legacy_prelim
zebrafish	Animal	151	3926787	1679203469	external_ucsc_or_legacy_prelim
zebrafish	Animal	60	3798452	1679203469	external_ucsc_or_legacy_prelim
zebrafish	Animal	69	3760092	1679203469	external_ucsc_or_legacy_prelim
zebrafish	Animal	145	3759787	1679203469	external_ucsc_or_legacy_prelim
zebrafish	Animal	154	3753202	1679203469	external_ucsc_or_legacy_prelim
zebrafish	Animal	153	3710248	1679203469	external_ucsc_or_legacy_prelim
zebrafish	Animal	58	3693367	1679203469	external_ucsc_or_legacy_prelim
zebrafish	Animal	158	3684109	1679203469	external_ucsc_or_legacy_prelim
zebrafish	Animal	161	3593836	1679203469	external_ucsc_or_legacy_prelim
zebrafish	Animal	156	3590387	1679203469	external_ucsc_or_legacy_prelim
zebrafish	Animal	63	3540364	1679203469	external_ucsc_or_legacy_prelim
zebrafish	Animal	66	3523732	1679203469	external_ucsc_or_legacy_prelim
zebrafish	Animal	164	3517723	1679203469	external_ucsc_or_legacy_prelim
zebrafish	Animal	167	3504575	1679203469	external_ucsc_or_legacy_prelim
zebrafish	Animal	157	3498263	1679203469	external_ucsc_or_legacy_prelim
zebrafish	Animal	64	3495226	1679203469	external_ucsc_or_legacy_prelim
zebrafish	Animal	150	3458435	1679203469	external_ucsc_or_legacy_prelim
zebrafish	Animal	61	3411943	1679203469	external_ucsc_or_legacy_prelim
zebrafish	Animal	55	3377122	1679203469	external_ucsc_or_legacy_prelim
zebrafish	Animal	159	3333740	1679203469	external_ucsc_or_legacy_prelim
zebrafish	Animal	57	3314297	1679203469	external_ucsc_or_legacy_prelim
zebrafish	Animal	155	3293195	1679203469	external_ucsc_or_legacy_prelim
zebrafish	Animal	169	3210547	1679203469	external_ucsc_or_legacy_prelim
zebrafish	Animal	50	3200483	1679203469	external_ucsc_or_legacy_prelim
zebrafish	Animal	5	3183816	1679203469	external_ucsc_or_legacy_prelim
zebrafish	Animal	162	3161324	1679203469	external_ucsc_or_legacy_prelim
zebrafish	Animal	4	3144942	1679203469	external_ucsc_or_legacy_prelim
zebrafish	Animal	53	3129449	1679203469	external_ucsc_or_legacy_prelim
zebrafish	Animal	16	3089659	1679203469	external_ucsc_or_legacy_prelim
zebrafish	Animal	171	3084956	1679203469	external_ucsc_or_legacy_prelim
zebrafish	Animal	59	3081064	1679203469	external_ucsc_or_legacy_prelim
zebrafish	Animal	52	3057188	1679203469	external_ucsc_or_legacy_prelim
zebrafish	Animal	19	3014457	1679203469	external_ucsc_or_legacy_prelim
zebrafish	Animal	176	2985967	1679203469	external_ucsc_or_legacy_prelim
zebrafish	Animal	160	2960095	1679203469	external_ucsc_or_legacy_prelim
zebrafish	Animal	48	2956132	1679203469	external_ucsc_or_legacy_prelim
zebrafish	Animal	179	2936636	1679203469	external_ucsc_or_legacy_prelim
zebrafish	Animal	174	2928822	1679203469	external_ucsc_or_legacy_prelim
zebrafish	Animal	56	2907179	1679203469	external_ucsc_or_legacy_prelim
zebrafish	Animal	165	2824529	1679203469	external_ucsc_or_legacy_prelim
zebrafish	Animal	163	2811700	1679203469	external_ucsc_or_legacy_prelim
zebrafish	Animal	172	2798791	1679203469	external_ucsc_or_legacy_prelim
zebrafish	Animal	54	2791913	1679203469	external_ucsc_or_legacy_prelim
zebrafish	Animal	9	2788327	1679203469	external_ucsc_or_legacy_prelim
zebrafish	Animal	168	2779099	1679203469	external_ucsc_or_legacy_prelim
zebrafish	Animal	14	2752015	1679203469	external_ucsc_or_legacy_prelim
zebrafish	Animal	47	2746367	1679203469	external_ucsc_or_legacy_prelim
zebrafish	Animal	18	2726683	1679203469	external_ucsc_or_legacy_prelim
zebrafish	Animal	45	2725382	1679203469	external_ucsc_or_legacy_prelim
zebrafish	Animal	8	2717695	1679203469	external_ucsc_or_legacy_prelim
zebrafish	Animal	11	2706810	1679203469	external_ucsc_or_legacy_prelim
zebrafish	Animal	25	2647726	1679203469	external_ucsc_or_legacy_prelim
zebrafish	Animal	51	2641473	1679203469	external_ucsc_or_legacy_prelim
zebrafish	Animal	30	2639103	1679203469	external_ucsc_or_legacy_prelim
zebrafish	Animal	181	2615785	1679203469	external_ucsc_or_legacy_prelim
zebrafish	Animal	22	2609065	1679203469	external_ucsc_or_legacy_prelim
zebrafish	Animal	186	2560909	1679203469	external_ucsc_or_legacy_prelim
zebrafish	Animal	170	2556442	1679203469	external_ucsc_or_legacy_prelim
zebrafish	Animal	182	2551980	1679203469	external_ucsc_or_legacy_prelim
zebrafish	Animal	191	2547743	1679203469	external_ucsc_or_legacy_prelim
zebrafish	Animal	21	2546672	1679203469	external_ucsc_or_legacy_prelim
zebrafish	Animal	184	2538826	1679203469	external_ucsc_or_legacy_prelim
zebrafish	Animal	42	2534896	1679203469	external_ucsc_or_legacy_prelim
zebrafish	Animal	20	2525740	1679203469	external_ucsc_or_legacy_prelim
zebrafish	Animal	166	2513063	1679203469	external_ucsc_or_legacy_prelim
zebrafish	Animal	10	2512338	1679203469	external_ucsc_or_legacy_prelim
zebrafish	Animal	43	2505182	1679203469	external_ucsc_or_legacy_prelim
zebrafish	Animal	24	2486256	1679203469	external_ucsc_or_legacy_prelim
zebrafish	Animal	12	2480930	1679203469	external_ucsc_or_legacy_prelim
zebrafish	Animal	178	2471229	1679203469	external_ucsc_or_legacy_prelim
zebrafish	Animal	175	2468609	1679203469	external_ucsc_or_legacy_prelim
zebrafish	Animal	35	2461867	1679203469	external_ucsc_or_legacy_prelim
zebrafish	Animal	188	2458407	1679203469	external_ucsc_or_legacy_prelim
zebrafish	Animal	40	2452097	1679203469	external_ucsc_or_legacy_prelim
zebrafish	Animal	26	2445807	1679203469	external_ucsc_or_legacy_prelim
zebrafish	Animal	49	2438809	1679203469	external_ucsc_or_legacy_prelim
zebrafish	Animal	7	2429561	1679203469	external_ucsc_or_legacy_prelim
zebrafish	Animal	173	2422673	1679203469	external_ucsc_or_legacy_prelim
zebrafish	Animal	17	2418636	1679203469	external_ucsc_or_legacy_prelim
zebrafish	Animal	28	2415621	1679203469	external_ucsc_or_legacy_prelim
zebrafish	Animal	6	2414975	1679203469	external_ucsc_or_legacy_prelim
zebrafish	Animal	39	2388615	1679203469	external_ucsc_or_legacy_prelim
zebrafish	Animal	32	2357721	1679203469	external_ucsc_or_legacy_prelim
zebrafish	Animal	189	2356207	1679203469	external_ucsc_or_legacy_prelim
zebrafish	Animal	31	2318811	1679203469	external_ucsc_or_legacy_prelim
zebrafish	Animal	38	2311271	1679203469	external_ucsc_or_legacy_prelim
zebrafish	Animal	200	2303289	1679203469	external_ucsc_or_legacy_prelim
zebrafish	Animal	194	2295952	1679203469	external_ucsc_or_legacy_prelim
zebrafish	Animal	15	2290180	1679203469	external_ucsc_or_legacy_prelim
zebrafish	Animal	13	2281227	1679203469	external_ucsc_or_legacy_prelim
zebrafish	Animal	44	2272019	1679203469	external_ucsc_or_legacy_prelim
zebrafish	Animal	3	2263324	1679203469	external_ucsc_or_legacy_prelim
zebrafish	Animal	36	2233434	1679203469	external_ucsc_or_legacy_prelim
zebrafish	Animal	29	2226590	1679203469	external_ucsc_or_legacy_prelim
zebrafish	Animal	196	2218146	1679203469	external_ucsc_or_legacy_prelim
zebrafish	Animal	46	2213977	1679203469	external_ucsc_or_legacy_prelim
zebrafish	Animal	183	2194578	1679203469	external_ucsc_or_legacy_prelim
zebrafish	Animal	23	2191908	1679203469	external_ucsc_or_legacy_prelim
zebrafish	Animal	180	2133996	1679203469	external_ucsc_or_legacy_prelim
zebrafish	Animal	177	2121060	1679203469	external_ucsc_or_legacy_prelim
zebrafish	Animal	185	2121041	1679203469	external_ucsc_or_legacy_prelim
zebrafish	Animal	192	2115506	1679203469	external_ucsc_or_legacy_prelim
zebrafish	Animal	34	2111215	1679203469	external_ucsc_or_legacy_prelim
zebrafish	Animal	41	2102454	1679203469	external_ucsc_or_legacy_prelim
zebrafish	Animal	33	2074367	1679203469	external_ucsc_or_legacy_prelim
zebrafish	Animal	27	2048514	1679203469	external_ucsc_or_legacy_prelim
zebrafish	Animal	37	2001693	1679203469	external_ucsc_or_legacy_prelim
zebrafish	Animal	204	1971733	1679203469	external_ucsc_or_legacy_prelim
zebrafish	Animal	198	1948117	1679203469	external_ucsc_or_legacy_prelim
zebrafish	Animal	2	1946141	1679203469	external_ucsc_or_legacy_prelim
zebrafish	Animal	206	1937461	1679203469	external_ucsc_or_legacy_prelim
zebrafish	Animal	211	1933778	1679203469	external_ucsc_or_legacy_prelim
zebrafish	Animal	202	1923662	1679203469	external_ucsc_or_legacy_prelim
zebrafish	Animal	187	1847202	1679203469	external_ucsc_or_legacy_prelim
zebrafish	Animal	193	1841372	1679203469	external_ucsc_or_legacy_prelim
zebrafish	Animal	190	1839627	1679203469	external_ucsc_or_legacy_prelim
zebrafish	Animal	197	1825147	1679203469	external_ucsc_or_legacy_prelim
zebrafish	Animal	209	1788223	1679203469	external_ucsc_or_legacy_prelim
zebrafish	Animal	195	1760321	1679203469	external_ucsc_or_legacy_prelim
zebrafish	Animal	199	1719844	1679203469	external_ucsc_or_legacy_prelim
zebrafish	Animal	214	1685374	1679203469	external_ucsc_or_legacy_prelim
zebrafish	Animal	203	1653949	1679203469	external_ucsc_or_legacy_prelim
zebrafish	Animal	208	1645238	1679203469	external_ucsc_or_legacy_prelim
zebrafish	Animal	0	1635247	1679203469	external_ucsc_or_legacy_prelim
zebrafish	Animal	201	1620774	1679203469	external_ucsc_or_legacy_prelim
zebrafish	Animal	212	1546197	1679203469	external_ucsc_or_legacy_prelim
zebrafish	Animal	216	1544374	1679203469	external_ucsc_or_legacy_prelim
zebrafish	Animal	219	1530018	1679203469	external_ucsc_or_legacy_prelim
zebrafish	Animal	221	1519467	1679203469	external_ucsc_or_legacy_prelim
zebrafish	Animal	207	1506546	1679203469	external_ucsc_or_legacy_prelim
zebrafish	Animal	205	1430707	1679203469	external_ucsc_or_legacy_prelim
zebrafish	Animal	1	1373075	1679203469	external_ucsc_or_legacy_prelim
zebrafish	Animal	224	1370360	1679203469	external_ucsc_or_legacy_prelim
zebrafish	Animal	213	1339293	1679203469	external_ucsc_or_legacy_prelim
zebrafish	Animal	217	1328061	1679203469	external_ucsc_or_legacy_prelim
zebrafish	Animal	218	1326533	1679203469	external_ucsc_or_legacy_prelim
zebrafish	Animal	210	1313224	1679203469	external_ucsc_or_legacy_prelim
zebrafish	Animal	222	1298553	1679203469	external_ucsc_or_legacy_prelim
zebrafish	Animal	215	1291200	1679203469	external_ucsc_or_legacy_prelim
zebrafish	Animal	226	1273294	1679203469	external_ucsc_or_legacy_prelim
zebrafish	Animal	229	1262954	1679203469	external_ucsc_or_legacy_prelim
zebrafish	Animal	220	1174387	1679203469	external_ucsc_or_legacy_prelim
zebrafish	Animal	231	1110648	1679203469	external_ucsc_or_legacy_prelim
zebrafish	Animal	228	1104506	1679203469	external_ucsc_or_legacy_prelim
zebrafish	Animal	225	1085244	1679203469	external_ucsc_or_legacy_prelim
zebrafish	Animal	250	1060455	1679203469	external_ucsc_or_legacy_prelim
zebrafish	Animal	234	1052730	1679203469	external_ucsc_or_legacy_prelim
zebrafish	Animal	227	1050852	1679203469	external_ucsc_or_legacy_prelim
zebrafish	Animal	223	1031149	1679203469	external_ucsc_or_legacy_prelim
zebrafish	Animal	232	1023213	1679203469	external_ucsc_or_legacy_prelim
zebrafish	Animal	236	990225	1679203469	external_ucsc_or_legacy_prelim
zebrafish	Animal	230	981228	1679203469	external_ucsc_or_legacy_prelim
zebrafish	Animal	239	978081	1679203469	external_ucsc_or_legacy_prelim
zebrafish	Animal	241	942159	1679203469	external_ucsc_or_legacy_prelim
zebrafish	Animal	235	932154	1679203469	external_ucsc_or_legacy_prelim
zebrafish	Animal	233	927035	1679203469	external_ucsc_or_legacy_prelim
zebrafish	Animal	238	922496	1679203469	external_ucsc_or_legacy_prelim
zebrafish	Animal	244	852692	1679203469	external_ucsc_or_legacy_prelim
zebrafish	Animal	237	848278	1679203469	external_ucsc_or_legacy_prelim
zebrafish	Animal	246	833957	1679203469	external_ucsc_or_legacy_prelim
zebrafish	Animal	242	815672	1679203469	external_ucsc_or_legacy_prelim
zebrafish	Animal	240	769794	1679203469	external_ucsc_or_legacy_prelim
zebrafish	Animal	248	722190	1679203469	external_ucsc_or_legacy_prelim
zebrafish	Animal	243	711451	1679203469	external_ucsc_or_legacy_prelim
zebrafish	Animal	247	710326	1679203469	external_ucsc_or_legacy_prelim
zebrafish	Animal	245	705625	1679203469	external_ucsc_or_legacy_prelim
zebrafish	Animal	254	659921	1679203469	external_ucsc_or_legacy_prelim
zebrafish	Animal	256	655237	1679203469	external_ucsc_or_legacy_prelim
zebrafish	Animal	252	626898	1679203469	external_ucsc_or_legacy_prelim
zebrafish	Animal	259	595251	1679203469	external_ucsc_or_legacy_prelim
zebrafish	Animal	253	591703	1679203469	external_ucsc_or_legacy_prelim
zebrafish	Animal	258	546190	1679203469	external_ucsc_or_legacy_prelim
zebrafish	Animal	261	532775	1679203469	external_ucsc_or_legacy_prelim
zebrafish	Animal	264	527765	1679203469	external_ucsc_or_legacy_prelim
zebrafish	Animal	255	515855	1679203469	external_ucsc_or_legacy_prelim
zebrafish	Animal	257	503961	1679203469	external_ucsc_or_legacy_prelim
zebrafish	Animal	262	493078	1679203469	external_ucsc_or_legacy_prelim
zebrafish	Animal	260	486504	1679203469	external_ucsc_or_legacy_prelim
zebrafish	Animal	251	477482	1679203469	external_ucsc_or_legacy_prelim
zebrafish	Animal	269	465884	1679203469	external_ucsc_or_legacy_prelim
zebrafish	Animal	249	463757	1679203469	external_ucsc_or_legacy_prelim
zebrafish	Animal	266	459959	1679203469	external_ucsc_or_legacy_prelim
zebrafish	Animal	274	445740	1679203469	external_ucsc_or_legacy_prelim
zebrafish	Animal	267	442872	1679203469	external_ucsc_or_legacy_prelim
zebrafish	Animal	263	432786	1679203469	external_ucsc_or_legacy_prelim
zebrafish	Animal	268	430674	1679203469	external_ucsc_or_legacy_prelim
zebrafish	Animal	271	417671	1679203469	external_ucsc_or_legacy_prelim
zebrafish	Animal	265	404771	1679203469	external_ucsc_or_legacy_prelim
zebrafish	Animal	273	388626	1679203469	external_ucsc_or_legacy_prelim
zebrafish	Animal	276	378097	1679203469	external_ucsc_or_legacy_prelim
zebrafish	Animal	272	376787	1679203469	external_ucsc_or_legacy_prelim
zebrafish	Animal	270	375047	1679203469	external_ucsc_or_legacy_prelim
zebrafish	Animal	286	367464	1679203469	external_ucsc_or_legacy_prelim
zebrafish	Animal	281	348246	1679203469	external_ucsc_or_legacy_prelim
zebrafish	Animal	284	343138	1679203469	external_ucsc_or_legacy_prelim
zebrafish	Animal	279	340870	1679203469	external_ucsc_or_legacy_prelim
zebrafish	Animal	275	335131	1679203469	external_ucsc_or_legacy_prelim
zebrafish	Animal	278	322196	1679203469	external_ucsc_or_legacy_prelim
zebrafish	Animal	282	322073	1679203469	external_ucsc_or_legacy_prelim
zebrafish	Animal	289	318144	1679203469	external_ucsc_or_legacy_prelim
zebrafish	Animal	291	312202	1679203469	external_ucsc_or_legacy_prelim
zebrafish	Animal	304	309375	1679203469	external_ucsc_or_legacy_prelim
zebrafish	Animal	314	308334	1679203469	external_ucsc_or_legacy_prelim
zebrafish	Animal	277	305792	1679203469	external_ucsc_or_legacy_prelim
zebrafish	Animal	306	305148	1679203469	external_ucsc_or_legacy_prelim
zebrafish	Animal	311	301940	1679203469	external_ucsc_or_legacy_prelim
zebrafish	Animal	288	293948	1679203469	external_ucsc_or_legacy_prelim
zebrafish	Animal	301	293004	1679203469	external_ucsc_or_legacy_prelim
zebrafish	Animal	296	290383	1679203469	external_ucsc_or_legacy_prelim
zebrafish	Animal	280	289747	1679203469	external_ucsc_or_legacy_prelim
zebrafish	Animal	299	284538	1679203469	external_ucsc_or_legacy_prelim
zebrafish	Animal	294	281216	1679203469	external_ucsc_or_legacy_prelim
zebrafish	Animal	298	280110	1679203469	external_ucsc_or_legacy_prelim
zebrafish	Animal	287	276377	1679203469	external_ucsc_or_legacy_prelim
zebrafish	Animal	309	273869	1679203469	external_ucsc_or_legacy_prelim
zebrafish	Animal	283	268746	1679203469	external_ucsc_or_legacy_prelim
zebrafish	Animal	325	267041	1679203469	external_ucsc_or_legacy_prelim
zebrafish	Animal	292	266908	1679203469	external_ucsc_or_legacy_prelim
zebrafish	Animal	293	263494	1679203469	external_ucsc_or_legacy_prelim
zebrafish	Animal	312	262221	1679203469	external_ucsc_or_legacy_prelim
zebrafish	Animal	290	253152	1679203469	external_ucsc_or_legacy_prelim
zebrafish	Animal	305	249470	1679203469	external_ucsc_or_legacy_prelim
zebrafish	Animal	307	247426	1679203469	external_ucsc_or_legacy_prelim
zebrafish	Animal	316	247098	1679203469	external_ucsc_or_legacy_prelim
zebrafish	Animal	285	243067	1679203469	external_ucsc_or_legacy_prelim
zebrafish	Animal	321	241636	1679203469	external_ucsc_or_legacy_prelim
zebrafish	Animal	308	240527	1679203469	external_ucsc_or_legacy_prelim
zebrafish	Animal	297	239830	1679203469	external_ucsc_or_legacy_prelim
zebrafish	Animal	317	232478	1679203469	external_ucsc_or_legacy_prelim
zebrafish	Animal	319	232163	1679203469	external_ucsc_or_legacy_prelim
zebrafish	Animal	322	230425	1679203469	external_ucsc_or_legacy_prelim
zebrafish	Animal	295	229123	1679203469	external_ucsc_or_legacy_prelim
zebrafish	Animal	324	224578	1679203469	external_ucsc_or_legacy_prelim
zebrafish	Animal	318	222033	1679203469	external_ucsc_or_legacy_prelim
zebrafish	Animal	303	221971	1679203469	external_ucsc_or_legacy_prelim
zebrafish	Animal	300	221253	1679203469	external_ucsc_or_legacy_prelim
zebrafish	Animal	302	220537	1679203469	external_ucsc_or_legacy_prelim
zebrafish	Animal	310	215252	1679203469	external_ucsc_or_legacy_prelim
zebrafish	Animal	315	214481	1679203469	external_ucsc_or_legacy_prelim
zebrafish	Animal	313	207740	1679203469	external_ucsc_or_legacy_prelim
zebrafish	Animal	320	206597	1679203469	external_ucsc_or_legacy_prelim
zebrafish	Animal	328	200688	1679203469	external_ucsc_or_legacy_prelim
zebrafish	Animal	326	198798	1679203469	external_ucsc_or_legacy_prelim
zebrafish	Animal	323	192424	1679203469	external_ucsc_or_legacy_prelim
zebrafish	Animal	331	191487	1679203469	external_ucsc_or_legacy_prelim
zebrafish	Animal	329	186773	1679203469	external_ucsc_or_legacy_prelim
zebrafish	Animal	333	180315	1679203469	external_ucsc_or_legacy_prelim
zebrafish	Animal	335	178861	1679203469	external_ucsc_or_legacy_prelim
zebrafish	Animal	330	175257	1679203469	external_ucsc_or_legacy_prelim
zebrafish	Animal	327	152274	1679203469	external_ucsc_or_legacy_prelim
zebrafish	Animal	336	151828	1679203469	external_ucsc_or_legacy_prelim
zebrafish	Animal	332	149181	1679203469	external_ucsc_or_legacy_prelim
zebrafish	Animal	334	138445	1679203469	external_ucsc_or_legacy_prelim
zebrafish	Animal	338	134898	1679203469	external_ucsc_or_legacy_prelim
zebrafish	Animal	340	131071	1679203469	external_ucsc_or_legacy_prelim
zebrafish	Animal	337	100606	1679203469	external_ucsc_or_legacy_prelim
zebrafish	Animal	339	88464	1679203469	external_ucsc_or_legacy_prelim
zebrafish	Animal	345	81950	1679203469	external_ucsc_or_legacy_prelim
zebrafish	Animal	341	79775	1679203469	external_ucsc_or_legacy_prelim
zebrafish	Animal	346	73986	1679203469	external_ucsc_or_legacy_prelim
zebrafish	Animal	344	68963	1679203469	external_ucsc_or_legacy_prelim
zebrafish	Animal	343	66368	1679203469	external_ucsc_or_legacy_prelim
zebrafish	Animal	342	62505	1679203469	external_ucsc_or_legacy_prelim
zebrafish	Animal	347	50505	1679203469	external_ucsc_or_legacy_prelim
zebrafish	Animal	348	47484	1679203469	external_ucsc_or_legacy_prelim
zebrafish	Animal	350	44095	1679203469	external_ucsc_or_legacy_prelim
zebrafish	Animal	349	39979	1679203469	external_ucsc_or_legacy_prelim
zebrafish	Animal	351	34884	1679203469	external_ucsc_or_legacy_prelim
zebrafish	Animal	352	30678	1679203469	external_ucsc_or_legacy_prelim
zebrafish	Animal	354	28298	1679203469	external_ucsc_or_legacy_prelim
zebrafish	Animal	353	25034	1679203469	external_ucsc_or_legacy_prelim
zebrafish	Animal	356	23997	1679203469	external_ucsc_or_legacy_prelim
zebrafish	Animal	355	23491	1679203469	external_ucsc_or_legacy_prelim
zebrafish	Animal	358	19714	1679203469	external_ucsc_or_legacy_prelim
zebrafish	Animal	360	18384	1679203469	external_ucsc_or_legacy_prelim
zebrafish	Animal	357	18349	1679203469	external_ucsc_or_legacy_prelim
zebrafish	Animal	361	18249	1679203469	external_ucsc_or_legacy_prelim
zebrafish	Animal	364	18106	1679203469	external_ucsc_or_legacy_prelim
zebrafish	Animal	362	17274	1679203469	external_ucsc_or_legacy_prelim
zebrafish	Animal	366	14202	1679203469	external_ucsc_or_legacy_prelim
zebrafish	Animal	359	13482	1679203469	external_ucsc_or_legacy_prelim
zebrafish	Animal	368	12720	1679203469	external_ucsc_or_legacy_prelim
zebrafish	Animal	369	11101	1679203469	external_ucsc_or_legacy_prelim
zebrafish	Animal	370	11081	1679203469	external_ucsc_or_legacy_prelim
zebrafish	Animal	363	10296	1679203469	external_ucsc_or_legacy_prelim
zebrafish	Animal	372	9375	1679203469	external_ucsc_or_legacy_prelim
zebrafish	Animal	365	9293	1679203469	external_ucsc_or_legacy_prelim
zebrafish	Animal	367	8999	1679203469	external_ucsc_or_legacy_prelim
zebrafish	Animal	371	8477	1679203469	external_ucsc_or_legacy_prelim
zebrafish	Animal	377	7762	1679203469	external_ucsc_or_legacy_prelim
zebrafish	Animal	376	6671	1679203469	external_ucsc_or_legacy_prelim
zebrafish	Animal	374	5416	1679203469	external_ucsc_or_legacy_prelim
zebrafish	Animal	373	5131	1679203469	external_ucsc_or_legacy_prelim
zebrafish	Animal	382	4746	1679203469	external_ucsc_or_legacy_prelim
zebrafish	Animal	380	4247	1679203469	external_ucsc_or_legacy_prelim
zebrafish	Animal	378	4056	1679203469	external_ucsc_or_legacy_prelim
zebrafish	Animal	386	3989	1679203469	external_ucsc_or_legacy_prelim
zebrafish	Animal	375	3881	1679203469	external_ucsc_or_legacy_prelim
zebrafish	Animal	397	2620	1679203469	external_ucsc_or_legacy_prelim
zebrafish	Animal	383	2519	1679203469	external_ucsc_or_legacy_prelim
zebrafish	Animal	379	2410	1679203469	external_ucsc_or_legacy_prelim
zebrafish	Animal	384	2305	1679203469	external_ucsc_or_legacy_prelim
zebrafish	Animal	396	1973	1679203469	external_ucsc_or_legacy_prelim
zebrafish	Animal	391	1969	1679203469	external_ucsc_or_legacy_prelim
zebrafish	Animal	388	1952	1679203469	external_ucsc_or_legacy_prelim
zebrafish	Animal	443	1632	1679203469	external_ucsc_or_legacy_prelim
zebrafish	Animal	424	1578	1679203469	external_ucsc_or_legacy_prelim
zebrafish	Animal	387	1505	1679203469	external_ucsc_or_legacy_prelim
zebrafish	Animal	404	1499	1679203469	external_ucsc_or_legacy_prelim
zebrafish	Animal	389	1365	1679203469	external_ucsc_or_legacy_prelim
zebrafish	Animal	390	1363	1679203469	external_ucsc_or_legacy_prelim
zebrafish	Animal	394	1323	1679203469	external_ucsc_or_legacy_prelim
zebrafish	Animal	408	1319	1679203469	external_ucsc_or_legacy_prelim
zebrafish	Animal	420	1289	1679203469	external_ucsc_or_legacy_prelim
zebrafish	Animal	403	1150	1679203469	external_ucsc_or_legacy_prelim
zebrafish	Animal	381	1123	1679203469	external_ucsc_or_legacy_prelim
zebrafish	Animal	385	1108	1679203469	external_ucsc_or_legacy_prelim
zebrafish	Animal	445	1047	1679203469	external_ucsc_or_legacy_prelim
zebrafish	Animal	409	997	1679203469	external_ucsc_or_legacy_prelim
zebrafish	Animal	411	989	1679203469	external_ucsc_or_legacy_prelim
zebrafish	Animal	444	963	1679203469	external_ucsc_or_legacy_prelim
zebrafish	Animal	392	948	1679203469	external_ucsc_or_legacy_prelim
zebrafish	Animal	440	943	1679203469	external_ucsc_or_legacy_prelim
zebrafish	Animal	425	939	1679203469	external_ucsc_or_legacy_prelim
zebrafish	Animal	506	934	1679203469	external_ucsc_or_legacy_prelim
zebrafish	Animal	442	925	1679203469	external_ucsc_or_legacy_prelim
zebrafish	Animal	418	894	1679203469	external_ucsc_or_legacy_prelim
zebrafish	Animal	399	881	1679203469	external_ucsc_or_legacy_prelim
zebrafish	Animal	405	875	1679203469	external_ucsc_or_legacy_prelim
zebrafish	Animal	398	760	1679203469	external_ucsc_or_legacy_prelim
zebrafish	Animal	446	754	1679203469	external_ucsc_or_legacy_prelim
zebrafish	Animal	422	738	1679203469	external_ucsc_or_legacy_prelim
zebrafish	Animal	419	691	1679203469	external_ucsc_or_legacy_prelim
zebrafish	Animal	514	679	1679203469	external_ucsc_or_legacy_prelim
zebrafish	Animal	393	673	1679203469	external_ucsc_or_legacy_prelim
zebrafish	Animal	484	638	1679203469	external_ucsc_or_legacy_prelim
zebrafish	Animal	459	629	1679203469	external_ucsc_or_legacy_prelim
zebrafish	Animal	580	628	1679203469	external_ucsc_or_legacy_prelim
zebrafish	Animal	450	620	1679203469	external_ucsc_or_legacy_prelim
zebrafish	Animal	395	618	1679203469	external_ucsc_or_legacy_prelim
zebrafish	Animal	505	609	1679203469	external_ucsc_or_legacy_prelim
zebrafish	Animal	406	602	1679203469	external_ucsc_or_legacy_prelim
zebrafish	Animal	402	602	1679203469	external_ucsc_or_legacy_prelim
zebrafish	Animal	573	581	1679203469	external_ucsc_or_legacy_prelim
zebrafish	Animal	504	580	1679203469	external_ucsc_or_legacy_prelim
zebrafish	Animal	435	579	1679203469	external_ucsc_or_legacy_prelim
zebrafish	Animal	430	566	1679203469	external_ucsc_or_legacy_prelim
zebrafish	Animal	457	555	1679203469	external_ucsc_or_legacy_prelim
zebrafish	Animal	460	532	1679203469	external_ucsc_or_legacy_prelim
zebrafish	Animal	458	531	1679203469	external_ucsc_or_legacy_prelim
zebrafish	Animal	498	529	1679203469	external_ucsc_or_legacy_prelim
zebrafish	Animal	475	528	1679203469	external_ucsc_or_legacy_prelim
zebrafish	Animal	437	522	1679203469	external_ucsc_or_legacy_prelim
zebrafish	Animal	466	516	1679203469	external_ucsc_or_legacy_prelim
zebrafish	Animal	477	512	1679203469	external_ucsc_or_legacy_prelim
zebrafish	Animal	467	510	1679203469	external_ucsc_or_legacy_prelim
zebrafish	Animal	494	501	1679203469	external_ucsc_or_legacy_prelim
zebrafish	Animal	423	498	1679203469	external_ucsc_or_legacy_prelim
zebrafish	Animal	465	494	1679203469	external_ucsc_or_legacy_prelim
zebrafish	Animal	508	487	1679203469	external_ucsc_or_legacy_prelim
zebrafish	Animal	427	467	1679203469	external_ucsc_or_legacy_prelim
zebrafish	Animal	577	467	1679203469	external_ucsc_or_legacy_prelim
zebrafish	Animal	480	466	1679203469	external_ucsc_or_legacy_prelim
zebrafish	Animal	413	463	1679203469	external_ucsc_or_legacy_prelim
zebrafish	Animal	536	445	1679203469	external_ucsc_or_legacy_prelim
zebrafish	Animal	401	442	1679203469	external_ucsc_or_legacy_prelim
zebrafish	Animal	469	434	1679203469	external_ucsc_or_legacy_prelim
zebrafish	Animal	500	431	1679203469	external_ucsc_or_legacy_prelim
zebrafish	Animal	474	426	1679203469	external_ucsc_or_legacy_prelim
zebrafish	Animal	526	422	1679203469	external_ucsc_or_legacy_prelim
zebrafish	Animal	569	406	1679203469	external_ucsc_or_legacy_prelim
zebrafish	Animal	410	396	1679203469	external_ucsc_or_legacy_prelim
zebrafish	Animal	478	395	1679203469	external_ucsc_or_legacy_prelim
zebrafish	Animal	566	392	1679203469	external_ucsc_or_legacy_prelim
zebrafish	Animal	525	390	1679203469	external_ucsc_or_legacy_prelim
zebrafish	Animal	584	370	1679203469	external_ucsc_or_legacy_prelim
zebrafish	Animal	412	359	1679203469	external_ucsc_or_legacy_prelim
zebrafish	Animal	490	355	1679203469	external_ucsc_or_legacy_prelim
zebrafish	Animal	509	353	1679203469	external_ucsc_or_legacy_prelim
zebrafish	Animal	627	346	1679203469	external_ucsc_or_legacy_prelim
zebrafish	Animal	407	345	1679203469	external_ucsc_or_legacy_prelim
zebrafish	Animal	497	342	1679203469	external_ucsc_or_legacy_prelim
zebrafish	Animal	572	338	1679203469	external_ucsc_or_legacy_prelim
zebrafish	Animal	462	335	1679203469	external_ucsc_or_legacy_prelim
zebrafish	Animal	629	327	1679203469	external_ucsc_or_legacy_prelim
zebrafish	Animal	414	322	1679203469	external_ucsc_or_legacy_prelim
zebrafish	Animal	472	320	1679203469	external_ucsc_or_legacy_prelim
zebrafish	Animal	436	311	1679203469	external_ucsc_or_legacy_prelim
zebrafish	Animal	483	295	1679203469	external_ucsc_or_legacy_prelim
zebrafish	Animal	495	288	1679203469	external_ucsc_or_legacy_prelim
zebrafish	Animal	456	286	1679203469	external_ucsc_or_legacy_prelim
zebrafish	Animal	441	281	1679203469	external_ucsc_or_legacy_prelim
zebrafish	Animal	428	277	1679203469	external_ucsc_or_legacy_prelim
zebrafish	Animal	452	272	1679203469	external_ucsc_or_legacy_prelim
zebrafish	Animal	421	271	1679203469	external_ucsc_or_legacy_prelim
zebrafish	Animal	400	270	1679203469	external_ucsc_or_legacy_prelim
zebrafish	Animal	433	254	1679203469	external_ucsc_or_legacy_prelim
zebrafish	Animal	485	249	1679203469	external_ucsc_or_legacy_prelim
zebrafish	Animal	432	248	1679203469	external_ucsc_or_legacy_prelim
zebrafish	Animal	519	244	1679203469	external_ucsc_or_legacy_prelim
zebrafish	Animal	471	244	1679203469	external_ucsc_or_legacy_prelim
zebrafish	Animal	515	241	1679203469	external_ucsc_or_legacy_prelim
zebrafish	Animal	461	240	1679203469	external_ucsc_or_legacy_prelim
zebrafish	Animal	561	236	1679203469	external_ucsc_or_legacy_prelim
zebrafish	Animal	448	236	1679203469	external_ucsc_or_legacy_prelim
zebrafish	Animal	521	232	1679203469	external_ucsc_or_legacy_prelim
zebrafish	Animal	591	226	1679203469	external_ucsc_or_legacy_prelim
zebrafish	Animal	451	225	1679203469	external_ucsc_or_legacy_prelim
zebrafish	Animal	560	216	1679203469	external_ucsc_or_legacy_prelim
zebrafish	Animal	548	216	1679203469	external_ucsc_or_legacy_prelim
zebrafish	Animal	530	215	1679203469	external_ucsc_or_legacy_prelim
zebrafish	Animal	516	210	1679203469	external_ucsc_or_legacy_prelim
zebrafish	Animal	522	208	1679203469	external_ucsc_or_legacy_prelim
zebrafish	Animal	481	208	1679203469	external_ucsc_or_legacy_prelim
zebrafish	Animal	578	206	1679203469	external_ucsc_or_legacy_prelim
zebrafish	Animal	559	205	1679203469	external_ucsc_or_legacy_prelim
zebrafish	Animal	549	200	1679203469	external_ucsc_or_legacy_prelim
zebrafish	Animal	603	199	1679203469	external_ucsc_or_legacy_prelim
zebrafish	Animal	589	197	1679203469	external_ucsc_or_legacy_prelim
zebrafish	Animal	609	197	1679203469	external_ucsc_or_legacy_prelim
zebrafish	Animal	568	195	1679203469	external_ucsc_or_legacy_prelim
zebrafish	Animal	541	194	1679203469	external_ucsc_or_legacy_prelim
zebrafish	Animal	576	194	1679203469	external_ucsc_or_legacy_prelim
zebrafish	Animal	604	193	1679203469	external_ucsc_or_legacy_prelim
zebrafish	Animal	518	192	1679203469	external_ucsc_or_legacy_prelim
zebrafish	Animal	537	191	1679203469	external_ucsc_or_legacy_prelim
zebrafish	Animal	486	191	1679203469	external_ucsc_or_legacy_prelim
zebrafish	Animal	545	184	1679203469	external_ucsc_or_legacy_prelim
zebrafish	Animal	575	180	1679203469	external_ucsc_or_legacy_prelim
zebrafish	Animal	594	180	1679203469	external_ucsc_or_legacy_prelim
zebrafish	Animal	586	178	1679203469	external_ucsc_or_legacy_prelim
zebrafish	Animal	614	176	1679203469	external_ucsc_or_legacy_prelim
zebrafish	Animal	585	176	1679203469	external_ucsc_or_legacy_prelim
zebrafish	Animal	640	175	1679203469	external_ucsc_or_legacy_prelim
zebrafish	Animal	647	175	1679203469	external_ucsc_or_legacy_prelim
zebrafish	Animal	605	173	1679203469	external_ucsc_or_legacy_prelim
zebrafish	Animal	449	171	1679203469	external_ucsc_or_legacy_prelim
zebrafish	Animal	632	171	1679203469	external_ucsc_or_legacy_prelim
zebrafish	Animal	663	166	1679203469	external_ucsc_or_legacy_prelim
zebrafish	Animal	630	162	1679203469	external_ucsc_or_legacy_prelim
zebrafish	Animal	638	160	1679203469	external_ucsc_or_legacy_prelim
zebrafish	Animal	579	158	1679203469	external_ucsc_or_legacy_prelim
zebrafish	Animal	512	145	1679203469	external_ucsc_or_legacy_prelim
zebrafish	Animal	464	143	1679203469	external_ucsc_or_legacy_prelim
zebrafish	Animal	571	138	1679203469	external_ucsc_or_legacy_prelim
zebrafish	Animal	595	126	1679203469	external_ucsc_or_legacy_prelim
zebrafish	Animal	619	121	1679203469	external_ucsc_or_legacy_prelim
zebrafish	Animal	551	121	1679203469	external_ucsc_or_legacy_prelim
zebrafish	Animal	628	120	1679203469	external_ucsc_or_legacy_prelim
zebrafish	Animal	455	100	1679203469	external_ucsc_or_legacy_prelim
zebrafish	Animal	415	74	1679203469	external_ucsc_or_legacy_prelim
zebrafish	Animal	538	51	1679203469	external_ucsc_or_legacy_prelim
zebrafish	Animal	557	42	1679203469	external_ucsc_or_legacy_prelim
zebrafish	Animal	529	36	1679203469	external_ucsc_or_legacy_prelim
zebrafish	Animal	524	35	1679203469	external_ucsc_or_legacy_prelim
zebrafish	Animal	562	29	1679203469	external_ucsc_or_legacy_prelim
zebrafish	Animal	535	26	1679203469	external_ucsc_or_legacy_prelim
zebrafish	Animal	574	25	1679203469	external_ucsc_or_legacy_prelim
zebrafish	Animal	612	16	1679203469	external_ucsc_or_legacy_prelim
black_cottonwood	Plant	repeatdetector	137796279	392162179	external_ucsc_or_legacy_prelim
black_cottonwood	Plant	LTR	17368499	392162179	external_ucsc_or_legacy_prelim
black_cottonwood	Plant	LTR/Gypsy	8342471	392162179	external_ucsc_or_legacy_prelim
black_cottonwood	Plant	Unclassified	5788038	392162179	external_ucsc_or_legacy_prelim
black_cottonwood	Plant	LTR/Copia	5735218	392162179	external_ucsc_or_legacy_prelim
black_cottonwood	Plant	TIR	2261022	392162179	external_ucsc_or_legacy_prelim
black_cottonwood	Plant	TIR/CACTA	1980080	392162179	external_ucsc_or_legacy_prelim
black_cottonwood	Plant	Helitron	1617818	392162179	external_ucsc_or_legacy_prelim
black_cottonwood	Plant	SINE	1373809	392162179	external_ucsc_or_legacy_prelim
black_cottonwood	Plant	LINE/L2	385273	392162179	external_ucsc_or_legacy_prelim
black_cottonwood	Plant	DIRS	368278	392162179	external_ucsc_or_legacy_prelim
black_cottonwood	Plant	DNA/En-Spm	309382	392162179	external_ucsc_or_legacy_prelim
black_cottonwood	Plant	TIR/hAT	306172	392162179	external_ucsc_or_legacy_prelim
black_cottonwood	Plant	TIR/Mutator	270833	392162179	external_ucsc_or_legacy_prelim
black_cottonwood	Plant	LINE	191750	392162179	external_ucsc_or_legacy_prelim
black_cottonwood	Plant	TRIM	173331	392162179	external_ucsc_or_legacy_prelim
black_cottonwood	Plant	TIR/Tc1-Mariner	102466	392162179	external_ucsc_or_legacy_prelim
black_cottonwood	Plant	DNA/Harbinger	67795	392162179	external_ucsc_or_legacy_prelim
black_cottonwood	Plant	Retroelement	59445	392162179	external_ucsc_or_legacy_prelim
black_cottonwood	Plant	TIR/PIF-Harbinger	58659	392162179	external_ucsc_or_legacy_prelim
black_cottonwood	Plant	DNA/MuDR	51398	392162179	external_ucsc_or_legacy_prelim
black_cottonwood	Plant	Maverick	45646	392162179	external_ucsc_or_legacy_prelim
black_cottonwood	Plant	TIR/Harbinger	44103	392162179	external_ucsc_or_legacy_prelim
black_cottonwood	Plant	RC/Helitron	41154	392162179	external_ucsc_or_legacy_prelim
black_cottonwood	Plant	MobileElement	39593	392162179	external_ucsc_or_legacy_prelim
black_cottonwood	Plant	Mutator	24587	392162179	external_ucsc_or_legacy_prelim
black_cottonwood	Plant	LINE/Ukn	22497	392162179	external_ucsc_or_legacy_prelim
black_cottonwood	Plant	LARD	22010	392162179	external_ucsc_or_legacy_prelim
black_cottonwood	Plant	MITE	16565	392162179	external_ucsc_or_legacy_prelim
black_cottonwood	Plant	DNA	16011	392162179	external_ucsc_or_legacy_prelim
black_cottonwood	Plant	TIR/PIF-Harbinge	13346	392162179	external_ucsc_or_legacy_prelim
black_cottonwood	Plant	non	12894	392162179	external_ucsc_or_legacy_prelim
black_cottonwood	Plant	Other	12596	392162179	external_ucsc_or_legacy_prelim
black_cottonwood	Plant	DNAauto/CACTA	12319	392162179	external_ucsc_or_legacy_prelim
black_cottonwood	Plant	DNA/Pogo	12026	392162179	external_ucsc_or_legacy_prelim
black_cottonwood	Plant	DNA/hAT	10391	392162179	external_ucsc_or_legacy_prelim
black_cottonwood	Plant	Crypton	8584	392162179	external_ucsc_or_legacy_prelim
black_cottonwood	Plant	Other/Simple	8567	392162179	external_ucsc_or_legacy_prelim
black_cottonwood	Plant	TIR/EnSpm/CACTA	8477	392162179	external_ucsc_or_legacy_prelim
black_cottonwood	Plant	hAT	7507	392162179	external_ucsc_or_legacy_prelim
black_cottonwood	Plant	LINE/L1	6355	392162179	external_ucsc_or_legacy_prelim
black_cottonwood	Plant	Helitron/Helitron	5426	392162179	external_ucsc_or_legacy_prelim
black_cottonwood	Plant	DNA/Mutator	5103	392162179	external_ucsc_or_legacy_prelim
black_cottonwood	Plant	DNAauto/PILE	4414	392162179	external_ucsc_or_legacy_prelim
black_cottonwood	Plant	DNA/HAT	3643	392162179	external_ucsc_or_legacy_prelim
black_cottonwood	Plant	nonLTR	3291	392162179	external_ucsc_or_legacy_prelim
black_cottonwood	Plant	DNAnona/Helitron	2733	392162179	external_ucsc_or_legacy_prelim
black_cottonwood	Plant	DNA/CACTA	2127	392162179	external_ucsc_or_legacy_prelim
black_cottonwood	Plant	DNAauto/hAT	1999	392162179	external_ucsc_or_legacy_prelim
black_cottonwood	Plant	DNA/Mite	1681	392162179	external_ucsc_or_legacy_prelim
black_cottonwood	Plant	DNA/TcMar	1610	392162179	external_ucsc_or_legacy_prelim
black_cottonwood	Plant	Evirus/ERTBV-A	1274	392162179	external_ucsc_or_legacy_prelim
black_cottonwood	Plant	DIRS|TIR	960	392162179	external_ucsc_or_legacy_prelim
black_cottonwood	Plant	PLE	844	392162179	external_ucsc_or_legacy_prelim
black_cottonwood	Plant	DNAauto/MULE	836	392162179	external_ucsc_or_legacy_prelim
black_cottonwood	Plant	TIR/PONG	727	392162179	external_ucsc_or_legacy_prelim
black_cottonwood	Plant	DNAnona/MULE	692	392162179	external_ucsc_or_legacy_prelim
black_cottonwood	Plant	Helitron|LARD	274	392162179	external_ucsc_or_legacy_prelim
black_cottonwood	Plant	SINE|LARD	249	392162179	external_ucsc_or_legacy_prelim
black_cottonwood	Plant	non-LTR(SINE)/L1	158	392162179	external_ucsc_or_legacy_prelim
black_cottonwood	Plant	DNAnona/hAT	150	392162179	external_ucsc_or_legacy_prelim
black_cottonwood	Plant	DNAnona/CACTA	127	392162179	external_ucsc_or_legacy_prelim
black_cottonwood	Plant	DNAauto/Helitron	80	392162179	external_ucsc_or_legacy_prelim
black_cottonwood	Plant	non-LTR(SINE)/I	62	392162179	external_ucsc_or_legacy_prelim
maize	Plant	LTR/Gypsy	1361746546	2182075994	external_ucsc_or_legacy_prelim
maize	Plant	LTR/Copia	773827071	2182075994	external_ucsc_or_legacy_prelim
maize	Plant	LTR/unknown	220171806	2182075994	external_ucsc_or_legacy_prelim
maize	Plant	DNA/DTC	67420531	2182075994	external_ucsc_or_legacy_prelim
maize	Plant	DNA/Helitron	52795354	2182075994	external_ucsc_or_legacy_prelim
maize	Plant	knob/knob180	33084173	2182075994	external_ucsc_or_legacy_prelim
maize	Plant	DNA/DTM	20964943	2182075994	external_ucsc_or_legacy_prelim
maize	Plant	DNA/DTA	17348476	2182075994	external_ucsc_or_legacy_prelim
maize	Plant	MITE/DTH	16512533	2182075994	external_ucsc_or_legacy_prelim
maize	Plant	MITE/DTT	12252230	2182075994	external_ucsc_or_legacy_prelim
maize	Plant	MITE/DTA	9181004	2182075994	external_ucsc_or_legacy_prelim
maize	Plant	DNA/DTH	8273149	2182075994	external_ucsc_or_legacy_prelim
maize	Plant	LINE/L1	5765411	2182075994	external_ucsc_or_legacy_prelim
maize	Plant	Cent/CentC	4889457	2182075994	external_ucsc_or_legacy_prelim
maize	Plant	knob/TR-1	3458002	2182075994	external_ucsc_or_legacy_prelim
maize	Plant	LTR/CRM	3227964	2182075994	external_ucsc_or_legacy_prelim
maize	Plant	rDNA/spacer	1951943	2182075994	external_ucsc_or_legacy_prelim
maize	Plant	DNA/DTT	1869463	2182075994	external_ucsc_or_legacy_prelim
maize	Plant	LINE/RTE	1861798	2182075994	external_ucsc_or_legacy_prelim
maize	Plant	LINE/unknown	1396131	2182075994	external_ucsc_or_legacy_prelim
maize	Plant	MITE/DTM	1281837	2182075994	external_ucsc_or_legacy_prelim
maize	Plant	subtelomere/4-12-1	1060530	2182075994	external_ucsc_or_legacy_prelim
maize	Plant	Simple_repeat	848408	2182075994	external_ucsc_or_legacy_prelim
maize	Plant	MITE/DTC	806108	2182075994	external_ucsc_or_legacy_prelim
maize	Plant	Low_complexity	736	2182075994	external_ucsc_or_legacy_prelim
purple_false_brome	Plant	LTR/Gypsy	34478174	271298618	external_ucsc_or_legacy_prelim
purple_false_brome	Plant	LTR/Copia	9292812	271298618	external_ucsc_or_legacy_prelim
purple_false_brome	Plant	DNA/TcMar-Stowaway	294564	271298618	external_ucsc_or_legacy_prelim
purple_false_brome	Plant	LTR/Caulimovirus	258693	271298618	external_ucsc_or_legacy_prelim
purple_false_brome	Plant	DNA	51619	271298618	external_ucsc_or_legacy_prelim
purple_false_brome	Plant	ARTEFACT	65	271298618	external_ucsc_or_legacy_prelim
rice	Plant	LTR	143511275	375049285	external_ucsc_or_legacy_prelim
rice	Plant	LTR/Gypsy	96682728	375049285	external_ucsc_or_legacy_prelim
rice	Plant	LTR/Copia	35169074	375049285	external_ucsc_or_legacy_prelim
rice	Plant	MITE/MITE	33278753	375049285	external_ucsc_or_legacy_prelim
rice	Plant	DNA/En-Spm	20900739	375049285	external_ucsc_or_legacy_prelim
rice	Plant	DNA	19423219	375049285	external_ucsc_or_legacy_prelim
rice	Plant	DNAnona/Helitron	7051890	375049285	external_ucsc_or_legacy_prelim
rice	Plant	DNA/unclassified	6061642	375049285	external_ucsc_or_legacy_prelim
rice	Plant	Other	5711314	375049285	external_ucsc_or_legacy_prelim
rice	Plant	DNAnona/MULE	5706680	375049285	external_ucsc_or_legacy_prelim
rice	Plant	LINE	5257650	375049285	external_ucsc_or_legacy_prelim
rice	Plant	HELITRON/HELITRON	4879099	375049285	external_ucsc_or_legacy_prelim
rice	Plant	DNA/MuDR	4586790	375049285	external_ucsc_or_legacy_prelim
rice	Plant	LTR/unclassified	3458972	375049285	external_ucsc_or_legacy_prelim
rice	Plant	DNA/Mite	3356994	375049285	external_ucsc_or_legacy_prelim
rice	Plant	DNA/hAT	3175054	375049285	external_ucsc_or_legacy_prelim
rice	Plant	SINE	3051318	375049285	external_ucsc_or_legacy_prelim
rice	Plant	TIR/Mariner	2272580	375049285	external_ucsc_or_legacy_prelim
rice	Plant	Retroelement	2269716	375049285	external_ucsc_or_legacy_prelim
rice	Plant	MITE/Tourist	2230727	375049285	external_ucsc_or_legacy_prelim
rice	Plant	DNAauto/MULE	2036240	375049285	external_ucsc_or_legacy_prelim
rice	Plant	TIR/Harbinger	2003727	375049285	external_ucsc_or_legacy_prelim
rice	Plant	DNAnona/hAT	1977753	375049285	external_ucsc_or_legacy_prelim
rice	Plant	LINE/LINE	1641158	375049285	external_ucsc_or_legacy_prelim
rice	Plant	DNAauto/CACTG	1618691	375049285	external_ucsc_or_legacy_prelim
rice	Plant	DNAnona/CACTA	1605086	375049285	external_ucsc_or_legacy_prelim
rice	Plant	Unclassified/unclassified	1601844	375049285	external_ucsc_or_legacy_prelim
rice	Plant	DNA/Tourist	1570100	375049285	external_ucsc_or_legacy_prelim
rice	Plant	DNA/EnSPm	1391795	375049285	external_ucsc_or_legacy_prelim
rice	Plant	LTR/RETRO2	1352296	375049285	external_ucsc_or_legacy_prelim
rice	Plant	DNATE/MuDR	1306123	375049285	external_ucsc_or_legacy_prelim
rice	Plant	DNAauto/CACTA	1209025	375049285	external_ucsc_or_legacy_prelim
rice	Plant	LTR/ATLANTYS	1140533	375049285	external_ucsc_or_legacy_prelim
rice	Plant	MITE/Stow	1138038	375049285	external_ucsc_or_legacy_prelim
rice	Plant	Unclassified	1033965	375049285	external_ucsc_or_legacy_prelim
rice	Plant	RC/Helitron	1001059	375049285	external_ucsc_or_legacy_prelim
rice	Plant	LTR/RIRE3	993618	375049285	external_ucsc_or_legacy_prelim
rice	Plant	DNATE/EnSPm	894206	375049285	external_ucsc_or_legacy_prelim
rice	Plant	DNA/EnSpm	892599	375049285	external_ucsc_or_legacy_prelim
rice	Plant	TIR/Mutator	828004	375049285	external_ucsc_or_legacy_prelim
rice	Plant	Other/Simple	816345	375049285	external_ucsc_or_legacy_prelim
rice	Plant	Unknown	798310	375049285	external_ucsc_or_legacy_prelim
rice	Plant	LTR/BAJIE	791791	375049285	external_ucsc_or_legacy_prelim
rice	Plant	LTR/Dasheng	722123	375049285	external_ucsc_or_legacy_prelim
rice	Plant	DNATE/MUDR	665848	375049285	external_ucsc_or_legacy_prelim
rice	Plant	DNA/hAT-Ac	653514	375049285	external_ucsc_or_legacy_prelim
rice	Plant	LTR/LTR	636340	375049285	external_ucsc_or_legacy_prelim
rice	Plant	LTR/Gypsy/U	630843	375049285	external_ucsc_or_legacy_prelim
rice	Plant	LINE/L1	606104	375049285	external_ucsc_or_legacy_prelim
rice	Plant	LTR/RETROSAT4	603805	375049285	external_ucsc_or_legacy_prelim
rice	Plant	DNAauto/hAT	594805	375049285	external_ucsc_or_legacy_prelim
rice	Plant	Centromeric	584418	375049285	external_ucsc_or_legacy_prelim
rice	Plant	DNAnona/MULEtir	575506	375049285	external_ucsc_or_legacy_prelim
rice	Plant	LTR/RIRE8	539213	375049285	external_ucsc_or_legacy_prelim
rice	Plant	LTR/SZ-7	537456	375049285	external_ucsc_or_legacy_prelim
rice	Plant	Telomeric	510864	375049285	external_ucsc_or_legacy_prelim
rice	Plant	LTR/Gypsy/J	479371	375049285	external_ucsc_or_legacy_prelim
rice	Plant	DNAauto/Helitron	458355	375049285	external_ucsc_or_legacy_prelim
rice	Plant	LTR/CopIa	454770	375049285	external_ucsc_or_legacy_prelim
rice	Plant	Helitron/Helitron	450310	375049285	external_ucsc_or_legacy_prelim
rice	Plant	Evirus/ERTBV-A	444927	375049285	external_ucsc_or_legacy_prelim
rice	Plant	TIR/CACTA	434685	375049285	external_ucsc_or_legacy_prelim
rice	Plant	DNA/DNA	418737	375049285	external_ucsc_or_legacy_prelim
rice	Plant	LTR/COPIA1	413791	375049285	external_ucsc_or_legacy_prelim
rice	Plant	DNA_TE/unclassified	412394	375049285	external_ucsc_or_legacy_prelim
rice	Plant	TIR	387888	375049285	external_ucsc_or_legacy_prelim
rice	Plant	DNA/Harbinger	384844	375049285	external_ucsc_or_legacy_prelim
rice	Plant	DNATE/hAT	377874	375049285	external_ucsc_or_legacy_prelim
rice	Plant	LTR/RETROSAT3	377590	375049285	external_ucsc_or_legacy_prelim
rice	Plant	LTR/COPIA2	369821	375049285	external_ucsc_or_legacy_prelim
rice	Plant	SINE/SINE	356362	375049285	external_ucsc_or_legacy_prelim
rice	Plant	DNAnona	321759	375049285	external_ucsc_or_legacy_prelim
rice	Plant	nonLTR	310925	375049285	external_ucsc_or_legacy_prelim
rice	Plant	TIR/hAT	310913	375049285	external_ucsc_or_legacy_prelim
rice	Plant	DNA/Stowaway	284453	375049285	external_ucsc_or_legacy_prelim
rice	Plant	DNAnona/PILE	284223	375049285	external_ucsc_or_legacy_prelim
rice	Plant	DNATE/UnClassified	284188	375049285	external_ucsc_or_legacy_prelim
rice	Plant	DNATE/unclassified	284073	375049285	external_ucsc_or_legacy_prelim
rice	Plant	DNAnona/Tourist	258098	375049285	external_ucsc_or_legacy_prelim
rice	Plant	LTR/RIRE2	249843	375049285	external_ucsc_or_legacy_prelim
rice	Plant	LTR/GYPSY1	239801	375049285	external_ucsc_or_legacy_prelim
rice	Plant	LTR/SZ-50	235119	375049285	external_ucsc_or_legacy_prelim
rice	Plant	LTR/Gypsy/T	227779	375049285	external_ucsc_or_legacy_prelim
rice	Plant	LTR/Unclassified	224368	375049285	external_ucsc_or_legacy_prelim
rice	Plant	LTR/ERV	203437	375049285	external_ucsc_or_legacy_prelim
rice	Plant	Gypsy	201205	375049285	external_ucsc_or_legacy_prelim
rice	Plant	DNA/Mariner	197192	375049285	external_ucsc_or_legacy_prelim
rice	Plant	DNAnona/CACTG	195262	375049285	external_ucsc_or_legacy_prelim
rice	Plant	LTR/RIRE5	194661	375049285	external_ucsc_or_legacy_prelim
rice	Plant	LTR/Gypsy/	172693	375049285	external_ucsc_or_legacy_prelim
rice	Plant	LINE/CR1	163118	375049285	external_ucsc_or_legacy_prelim
rice	Plant	DNAauto/MLE	161193	375049285	external_ucsc_or_legacy_prelim
rice	Plant	LTR/SZ-42	152872	375049285	external_ucsc_or_legacy_prelim
rice	Plant	DNA/TcMar	149812	375049285	external_ucsc_or_legacy_prelim
rice	Plant	DNAauto/POLE	144626	375049285	external_ucsc_or_legacy_prelim
rice	Plant	Ribosomal	137670	375049285	external_ucsc_or_legacy_prelim
rice	Plant	MobileElement	133141	375049285	external_ucsc_or_legacy_prelim
rice	Plant	DNAauto/PILE	132946	375049285	external_ucsc_or_legacy_prelim
rice	Plant	LTR/Gypsy/C	132384	375049285	external_ucsc_or_legacy_prelim
rice	Plant	LTR/RETROSAT2	127385	375049285	external_ucsc_or_legacy_prelim
rice	Plant	Helitron	114985	375049285	external_ucsc_or_legacy_prelim
rice	Plant	DNATE/Unclassified	114764	375049285	external_ucsc_or_legacy_prelim
rice	Plant	HELITRON/Helitron	114558	375049285	external_ucsc_or_legacy_prelim
rice	Plant	LTR/Gypsy/Acgs	111505	375049285	external_ucsc_or_legacy_prelim
rice	Plant	LTR/Solo	103778	375049285	external_ucsc_or_legacy_prelim
rice	Plant	LARD	98243	375049285	external_ucsc_or_legacy_prelim
rice	Plant	DNA/Polinton	97699	375049285	external_ucsc_or_legacy_prelim
rice	Plant	LTR/Gypsy/Bcgs	97023	375049285	external_ucsc_or_legacy_prelim
rice	Plant	DNAnona/POLE	92106	375049285	external_ucsc_or_legacy_prelim
rice	Plant	Copia/L	91013	375049285	external_ucsc_or_legacy_prelim
rice	Plant	LTR/SZ-22	87785	375049285	external_ucsc_or_legacy_prelim
rice	Plant	LTR/Copia/	85074	375049285	external_ucsc_or_legacy_prelim
rice	Plant	LTR/OSTONOR1	78684	375049285	external_ucsc_or_legacy_prelim
rice	Plant	LTR/Copia/E	78405	375049285	external_ucsc_or_legacy_prelim
rice	Plant	LTR/Copia/Tcgs	72212	375049285	external_ucsc_or_legacy_prelim
rice	Plant	non-LTR(SINE)	67233	375049285	external_ucsc_or_legacy_prelim
rice	Plant	LTR/Gypsy/K	63576	375049285	external_ucsc_or_legacy_prelim
rice	Plant	LTR/TRIM	61386	375049285	external_ucsc_or_legacy_prelim
rice	Plant	DNA/Mutator	58186	375049285	external_ucsc_or_legacy_prelim
rice	Plant	Evirus/ERTBV	51266	375049285	external_ucsc_or_legacy_prelim
rice	Plant	LINE/Non-LTRRetrotransposon	47552	375049285	external_ucsc_or_legacy_prelim
rice	Plant	LTR/Copia/I	44989	375049285	external_ucsc_or_legacy_prelim
rice	Plant	DNATE/EnSpm	44622	375049285	external_ucsc_or_legacy_prelim
rice	Plant	non-LTR(SINE)/L1	40804	375049285	external_ucsc_or_legacy_prelim
rice	Plant	LTR/Gypsy/Fcgs	40479	375049285	external_ucsc_or_legacy_prelim
rice	Plant	LTR/Copia/Qcgs	38193	375049285	external_ucsc_or_legacy_prelim
rice	Plant	LTR/SZ-10	35066	375049285	external_ucsc_or_legacy_prelim
rice	Plant	DNA/CACTA	33861	375049285	external_ucsc_or_legacy_prelim
rice	Plant	DNATE/MDR1	32737	375049285	external_ucsc_or_legacy_prelim
rice	Plant	LTR/Copia/L	32645	375049285	external_ucsc_or_legacy_prelim
rice	Plant	DNAnona/MLE	30332	375049285	external_ucsc_or_legacy_prelim
rice	Plant	LTR/Copia/Pcgs	29307	375049285	external_ucsc_or_legacy_prelim
rice	Plant	COPIA1	28387	375049285	external_ucsc_or_legacy_prelim
rice	Plant	Copia/E	27155	375049285	external_ucsc_or_legacy_prelim
rice	Plant	DIRS	25686	375049285	external_ucsc_or_legacy_prelim
rice	Plant	LINE/Penelope	24342	375049285	external_ucsc_or_legacy_prelim
rice	Plant	LTR/Copia/Ccgs	24169	375049285	external_ucsc_or_legacy_prelim
rice	Plant	Helitron|LARD	23184	375049285	external_ucsc_or_legacy_prelim
rice	Plant	LTR/Gypsy/Ccgs	23176	375049285	external_ucsc_or_legacy_prelim
rice	Plant	Copia/I	20603	375049285	external_ucsc_or_legacy_prelim
rice	Plant	LTR/Gypsy/Q\\	20085	375049285	external_ucsc_or_legacy_prelim
rice	Plant	LTR/Copia/Icgs	19149	375049285	external_ucsc_or_legacy_prelim
rice	Plant	LTR/R?	15988	375049285	external_ucsc_or_legacy_prelim
rice	Plant	LTR/BEL	14644	375049285	external_ucsc_or_legacy_prelim
rice	Plant	COPIO	14288	375049285	external_ucsc_or_legacy_prelim
rice	Plant	Copia	13309	375049285	external_ucsc_or_legacy_prelim
rice	Plant	DNA/piggyBac	13034	375049285	external_ucsc_or_legacy_prelim
rice	Plant	LTR/SC-1	12314	375049285	external_ucsc_or_legacy_prelim
rice	Plant	DNA/TcMar-Pogo	11869	375049285	external_ucsc_or_legacy_prelim
rice	Plant	DNATE/OSMU4	10493	375049285	external_ucsc_or_legacy_prelim
rice	Plant	DNA/Tc1-Mariner	10400	375049285	external_ucsc_or_legacy_prelim
rice	Plant	LTR/COPIA3	10260	375049285	external_ucsc_or_legacy_prelim
rice	Plant	LTR/Copia/Lcgs	9891	375049285	external_ucsc_or_legacy_prelim
rice	Plant	LTR/Gypsy/Ecgs	8777	375049285	external_ucsc_or_legacy_prelim
rice	Plant	Unassigned	8166	375049285	external_ucsc_or_legacy_prelim
rice	Plant	DNA/TcMar-Stowaway	7938	375049285	external_ucsc_or_legacy_prelim
rice	Plant	LINE/Jockey	7879	375049285	external_ucsc_or_legacy_prelim
rice	Plant	LTR/Copia/A	7770	375049285	external_ucsc_or_legacy_prelim
rice	Plant	TIR/PIF-Harbinger	7680	375049285	external_ucsc_or_legacy_prelim
rice	Plant	Ty3-gypsy/Gypsy	7489	375049285	external_ucsc_or_legacy_prelim
rice	Plant	LINE/RTE	6599	375049285	external_ucsc_or_legacy_prelim
rice	Plant	LTR/Copia/D	5859	375049285	external_ucsc_or_legacy_prelim
rice	Plant	LTR/Hopscotch	5587	375049285	external_ucsc_or_legacy_prelim
rice	Plant	LTR/Copia/Fcgs	5581	375049285	external_ucsc_or_legacy_prelim
rice	Plant	TRIM	5543	375049285	external_ucsc_or_legacy_prelim
rice	Plant	Maverick	5189	375049285	external_ucsc_or_legacy_prelim
rice	Plant	DNATE/Unclasified	4149	375049285	external_ucsc_or_legacy_prelim
rice	Plant	LTR/GYpsy/O	3854	375049285	external_ucsc_or_legacy_prelim
rice	Plant	Centro/tandem	3755	375049285	external_ucsc_or_legacy_prelim
rice	Plant	DNATE/MDR2	2209	375049285	external_ucsc_or_legacy_prelim
rice	Plant	SZ-6	2192	375049285	external_ucsc_or_legacy_prelim
rice	Plant	Crypton	2131	375049285	external_ucsc_or_legacy_prelim
rice	Plant	DIRS|TIR	2120	375049285	external_ucsc_or_legacy_prelim
rice	Plant	MITE	1966	375049285	external_ucsc_or_legacy_prelim
rice	Plant	COPIA2	1792	375049285	external_ucsc_or_legacy_prelim
rice	Plant	DNATE/HARB6_ZM	1748	375049285	external_ucsc_or_legacy_prelim
rice	Plant	LTR/RETROFIT4	1433	375049285	external_ucsc_or_legacy_prelim
rice	Plant	LTR/Copia/Ecgs	1399	375049285	external_ucsc_or_legacy_prelim
rice	Plant	LTR/Gypsy/Singlets	1394	375049285	external_ucsc_or_legacy_prelim
rice	Plant	PLE	1291	375049285	external_ucsc_or_legacy_prelim
rice	Plant	DNA/HARB4_ZM	1268	375049285	external_ucsc_or_legacy_prelim
rice	Plant	TIR/PIF-Harbinge	1187	375049285	external_ucsc_or_legacy_prelim
rice	Plant	DNA/Unclassified	1170	375049285	external_ucsc_or_legacy_prelim
rice	Plant	TIR/EnSpm/CACTA	1098	375049285	external_ucsc_or_legacy_prelim
rice	Plant	SINE|LARD	1023	375049285	external_ucsc_or_legacy_prelim
rice	Plant	DNATE/HARB2_ZM	982	375049285	external_ucsc_or_legacy_prelim
rice	Plant	LTR/Copia/Bcgs	872	375049285	external_ucsc_or_legacy_prelim
rice	Plant	LTR/Gypsy_1	849	375049285	external_ucsc_or_legacy_prelim
rice	Plant	DNA/HARB6_ZM	789	375049285	external_ucsc_or_legacy_prelim
rice	Plant	DNA/Maverick	763	375049285	external_ucsc_or_legacy_prelim
rice	Plant	DNA/HARB2_ZM	663	375049285	external_ucsc_or_legacy_prelim
rice	Plant	LTR/LTR_Changed_12	513	375049285	external_ucsc_or_legacy_prelim
rice	Plant	DNA/HAT	484	375049285	external_ucsc_or_legacy_prelim
rice	Plant	LTR/LTR_Changed_40	483	375049285	external_ucsc_or_legacy_prelim
rice	Plant	Ty1-copia/Copia	363	375049285	external_ucsc_or_legacy_prelim
rice	Plant	LTR/Gypsy_Changed_1	282	375049285	external_ucsc_or_legacy_prelim
rice	Plant	DNA/TcMar-Tc1	276	375049285	external_ucsc_or_legacy_prelim
rice	Plant	LTR|TIR	272	375049285	external_ucsc_or_legacy_prelim
rice	Plant	LTR/GypsyH	239	375049285	external_ucsc_or_legacy_prelim
rice	Plant	LTR/LTR_Changed_27	226	375049285	external_ucsc_or_legacy_prelim
rice	Plant	LTR/Copia_1	186	375049285	external_ucsc_or_legacy_prelim
rice	Plant	DNATE/HATOS1	155	375049285	external_ucsc_or_legacy_prelim
rice	Plant	LTR/Copia/Jcgs	141	375049285	external_ucsc_or_legacy_prelim
rice	Plant	SINE/ID	133	375049285	external_ucsc_or_legacy_prelim
rice	Plant	subtelomere/4-12-1	115	375049285	external_ucsc_or_legacy_prelim
rice	Plant	LTR/LTR_Changed_46	99	375049285	external_ucsc_or_legacy_prelim
rice	Plant	LTR/LTR_Changed_24	94	375049285	external_ucsc_or_legacy_prelim
rice	Plant	TIR/Tc1-Mariner	84	375049285	external_ucsc_or_legacy_prelim
rice	Plant	LTR/Gypsy/Dcgs	75	375049285	external_ucsc_or_legacy_prelim
rice	Plant	LTR/Copia/Singlets	40	375049285	external_ucsc_or_legacy_prelim
rice	Plant	LTR/Copia/Kcgs	26	375049285	external_ucsc_or_legacy_prelim
sorghum	Plant	LTR/Gypsy	293503865	709344700	external_ucsc_or_legacy_prelim
sorghum	Plant	LTR/Copia	43923564	709344700	external_ucsc_or_legacy_prelim
sorghum	Plant	DNA/CMC-EnSpm	34863775	709344700	external_ucsc_or_legacy_prelim
sorghum	Plant	DNA/PIF-Harbinger	17125364	709344700	external_ucsc_or_legacy_prelim
sorghum	Plant	LINE/L1	10639345	709344700	external_ucsc_or_legacy_prelim
sorghum	Plant	DNA/MULE-MuDR	5835831	709344700	external_ucsc_or_legacy_prelim
sorghum	Plant	DNA/TcMar-Stowaway	5338165	709344700	external_ucsc_or_legacy_prelim
sorghum	Plant	DNA/hAT-Ac	2371503	709344700	external_ucsc_or_legacy_prelim
sorghum	Plant	RC/Helitron	2327867	709344700	external_ucsc_or_legacy_prelim
sorghum	Plant	DNA/hAT-Tip100	2076598	709344700	external_ucsc_or_legacy_prelim
sorghum	Plant	DNA/hAT-Tag1	941574	709344700	external_ucsc_or_legacy_prelim
sorghum	Plant	DNA	752716	709344700	external_ucsc_or_legacy_prelim
sorghum	Plant	Unknown	615433	709344700	external_ucsc_or_legacy_prelim
sorghum	Plant	SINE/tRNA	586204	709344700	external_ucsc_or_legacy_prelim
sorghum	Plant	LTR/Cassandra	243362	709344700	external_ucsc_or_legacy_prelim
sorghum	Plant	DNA/PIF-Harbinger?	190826	709344700	external_ucsc_or_legacy_prelim
sorghum	Plant	DNA/hAT	148940	709344700	external_ucsc_or_legacy_prelim
sorghum	Plant	LTR/Caulimovirus	128433	709344700	external_ucsc_or_legacy_prelim
sorghum	Plant	LINE/RTE-BovB	52971	709344700	external_ucsc_or_legacy_prelim
sorghum	Plant	LINE	45515	709344700	external_ucsc_or_legacy_prelim
soybean	Plant	LTR/Gypsy	311724384	978491270	external_ucsc_or_legacy_prelim
soybean	Plant	LTR	262435278	978491270	external_ucsc_or_legacy_prelim
soybean	Plant	LTR/Copia	128186645	978491270	external_ucsc_or_legacy_prelim
soybean	Plant	DNA/MULE-MuDR	21644452	978491270	external_ucsc_or_legacy_prelim
soybean	Plant	DNA/CMC-EnSpm	16150138	978491270	external_ucsc_or_legacy_prelim
soybean	Plant	LINE/L1	7908682	978491270	external_ucsc_or_legacy_prelim
soybean	Plant	LTR/Caulimovirus	2644370	978491270	external_ucsc_or_legacy_prelim
soybean	Plant	Other/Simple	2226029	978491270	external_ucsc_or_legacy_prelim
soybean	Plant	LINE/RTE-BovB	1604252	978491270	external_ucsc_or_legacy_prelim
soybean	Plant	DNA/hAT-Ac	1135865	978491270	external_ucsc_or_legacy_prelim
soybean	Plant	DNA/hAT-Tag1	537370	978491270	external_ucsc_or_legacy_prelim
soybean	Plant	DNA/PIF-Harbinger	483554	978491270	external_ucsc_or_legacy_prelim
soybean	Plant	DNA/En-Spm	427495	978491270	external_ucsc_or_legacy_prelim
soybean	Plant	LTR/Gypsy?	192072	978491270	external_ucsc_or_legacy_prelim
soybean	Plant	RC/Helitron	183733	978491270	external_ucsc_or_legacy_prelim
soybean	Plant	DNA/hAT-Tip100	155222	978491270	external_ucsc_or_legacy_prelim
soybean	Plant	DNA/Harbinger	89192	978491270	external_ucsc_or_legacy_prelim
soybean	Plant	DNA/Mite	70640	978491270	external_ucsc_or_legacy_prelim
soybean	Plant	DNA/hAT	60487	978491270	external_ucsc_or_legacy_prelim
soybean	Plant	MobileElement	59378	978491270	external_ucsc_or_legacy_prelim
soybean	Plant	Other	51944	978491270	external_ucsc_or_legacy_prelim
soybean	Plant	LINE	49582	978491270	external_ucsc_or_legacy_prelim
soybean	Plant	DNA/MuDR	46288	978491270	external_ucsc_or_legacy_prelim
soybean	Plant	DNA/TcMar-Stowaway	43496	978491270	external_ucsc_or_legacy_prelim
soybean	Plant	DNA/TcMar	38653	978491270	external_ucsc_or_legacy_prelim
soybean	Plant	DNA	35803	978491270	external_ucsc_or_legacy_prelim
soybean	Plant	Retroelement	31234	978491270	external_ucsc_or_legacy_prelim
soybean	Plant	nonLTR	20371	978491270	external_ucsc_or_legacy_prelim
soybean	Plant	SINE	423	978491270	external_ucsc_or_legacy_prelim
soybean	Plant	DNA/TcMar-Pogo	50	978491270	external_ucsc_or_legacy_prelim
spreading_earthmoss	Plant	LTR/Gypsy	317556707	471852792	external_ucsc_or_legacy_prelim
spreading_earthmoss	Plant	LTR	154790925	471852792	external_ucsc_or_legacy_prelim
spreading_earthmoss	Plant	LTR/Copia	29417489	471852792	external_ucsc_or_legacy_prelim
spreading_earthmoss	Plant	RC/Helitron	1654838	471852792	external_ucsc_or_legacy_prelim
spreading_earthmoss	Plant	DNA/TcMar-Tc1	755228	471852792	external_ucsc_or_legacy_prelim
spreading_earthmoss	Plant	DNA/MULE-MuDR	566045	471852792	external_ucsc_or_legacy_prelim
spreading_earthmoss	Plant	DNA	559320	471852792	external_ucsc_or_legacy_prelim
spreading_earthmoss	Plant	DNA/Sola-1	292092	471852792	external_ucsc_or_legacy_prelim
spreading_earthmoss	Plant	DNA/En-Spm	41820	471852792	external_ucsc_or_legacy_prelim
spreading_earthmoss	Plant	DNA/MULE-MuDR?	20790	471852792	external_ucsc_or_legacy_prelim
spreading_earthmoss	Plant	Other/Simple	18563	471852792	external_ucsc_or_legacy_prelim
spreading_earthmoss	Plant	DNA?	18042	471852792	external_ucsc_or_legacy_prelim
spreading_earthmoss	Plant	DNA/Mite	4873	471852792	external_ucsc_or_legacy_prelim
spreading_earthmoss	Plant	Other	3613	471852792	external_ucsc_or_legacy_prelim
spreading_earthmoss	Plant	DNA/MuDR	2830	471852792	external_ucsc_or_legacy_prelim
spreading_earthmoss	Plant	DNA/Harbinger	2366	471852792	external_ucsc_or_legacy_prelim
spreading_earthmoss	Plant	DNA/hAT	1718	471852792	external_ucsc_or_legacy_prelim
spreading_earthmoss	Plant	MobileElement	1579	471852792	external_ucsc_or_legacy_prelim
spreading_earthmoss	Plant	Retroelement	975	471852792	external_ucsc_or_legacy_prelim
spreading_earthmoss	Plant	DNA/hAT-Ac	104	471852792	external_ucsc_or_legacy_prelim
spreading_earthmoss	Plant	DNA/TcMar	74	471852792	external_ucsc_or_legacy_prelim
spreading_earthmoss	Plant	LINE	41	471852792	external_ucsc_or_legacy_prelim
thale_cress	Plant	LTR	14858577	119667750	external_ucsc_or_legacy_prelim
thale_cress	Plant	LTR/Gypsy	10314088	119667750	external_ucsc_or_legacy_prelim
thale_cress	Plant	RC/Helitron	7191787	119667750	external_ucsc_or_legacy_prelim
thale_cress	Plant	Unclassified	3713112	119667750	external_ucsc_or_legacy_prelim
thale_cress	Plant	LTR/Copia	3592190	119667750	external_ucsc_or_legacy_prelim
thale_cress	Plant	DNA/MuDR	3305160	119667750	external_ucsc_or_legacy_prelim
thale_cress	Plant	DNA/En-Spm	1942643	119667750	external_ucsc_or_legacy_prelim
thale_cress	Plant	TIR	1941132	119667750	external_ucsc_or_legacy_prelim
thale_cress	Plant	LINE/L1	1047327	119667750	external_ucsc_or_legacy_prelim
thale_cress	Plant	LINE	979852	119667750	external_ucsc_or_legacy_prelim
thale_cress	Plant	Other	969852	119667750	external_ucsc_or_legacy_prelim
thale_cress	Plant	Helitron	868004	119667750	external_ucsc_or_legacy_prelim
thale_cress	Plant	DNA	695830	119667750	external_ucsc_or_legacy_prelim
thale_cress	Plant	TRIM	461526	119667750	external_ucsc_or_legacy_prelim
thale_cress	Plant	DNA/HAT	350575	119667750	external_ucsc_or_legacy_prelim
thale_cress	Plant	Other/Simple	278307	119667750	external_ucsc_or_legacy_prelim
thale_cress	Plant	Unassigned	275184	119667750	external_ucsc_or_legacy_prelim
thale_cress	Plant	DNA/Harbinger	207543	119667750	external_ucsc_or_legacy_prelim
thale_cress	Plant	SINE|LARD	203628	119667750	external_ucsc_or_legacy_prelim
thale_cress	Plant	SINE	194421	119667750	external_ucsc_or_legacy_prelim
thale_cress	Plant	LARD	166776	119667750	external_ucsc_or_legacy_prelim
thale_cress	Plant	DNA/Pogo	120028	119667750	external_ucsc_or_legacy_prelim
thale_cress	Plant	MITE	87084	119667750	external_ucsc_or_legacy_prelim
thale_cress	Plant	TIR/Mutator	65231	119667750	external_ucsc_or_legacy_prelim
thale_cress	Plant	Helitron/Helitron	56455	119667750	external_ucsc_or_legacy_prelim
thale_cress	Plant	DNA/hAT	54503	119667750	external_ucsc_or_legacy_prelim
thale_cress	Plant	MobileElement	47494	119667750	external_ucsc_or_legacy_prelim
thale_cress	Plant	Retroelement	41339	119667750	external_ucsc_or_legacy_prelim
thale_cress	Plant	DIRS	29858	119667750	external_ucsc_or_legacy_prelim
thale_cress	Plant	DNA/Mariner	24573	119667750	external_ucsc_or_legacy_prelim
thale_cress	Plant	TIR/CACTA	23344	119667750	external_ucsc_or_legacy_prelim
thale_cress	Plant	TIR/hAT	23175	119667750	external_ucsc_or_legacy_prelim
thale_cress	Plant	LINE?	21922	119667750	external_ucsc_or_legacy_prelim
thale_cress	Plant	SINE|TRIM	20779	119667750	external_ucsc_or_legacy_prelim
thale_cress	Plant	Maverick	20181	119667750	external_ucsc_or_legacy_prelim
thale_cress	Plant	Other/Centromeric	17424	119667750	external_ucsc_or_legacy_prelim
thale_cress	Plant	RathE1_cons	17038	119667750	external_ucsc_or_legacy_prelim
thale_cress	Plant	DNA/Tc1	17033	119667750	external_ucsc_or_legacy_prelim
thale_cress	Plant	Crypton	15792	119667750	external_ucsc_or_legacy_prelim
thale_cress	Plant	TIR/PIF-Harbinger	13043	119667750	external_ucsc_or_legacy_prelim
thale_cress	Plant	DNA/Mite	11578	119667750	external_ucsc_or_legacy_prelim
thale_cress	Plant	RathE2_cons	11134	119667750	external_ucsc_or_legacy_prelim
thale_cress	Plant	nonLTR	9272	119667750	external_ucsc_or_legacy_prelim
thale_cress	Plant	DNA/TcMar	8029	119667750	external_ucsc_or_legacy_prelim
thale_cress	Plant	RathE3_cons	7612	119667750	external_ucsc_or_legacy_prelim
thale_cress	Plant	TIR/PIF-Harbinge	6207	119667750	external_ucsc_or_legacy_prelim
thale_cress	Plant	DNAnona/Helitron	3047	119667750	external_ucsc_or_legacy_prelim
thale_cress	Plant	DIRS|TIR	2393	119667750	external_ucsc_or_legacy_prelim
thale_cress	Plant	DNA/Mutator	1984	119667750	external_ucsc_or_legacy_prelim
thale_cress	Plant	TIR/EnSpm/CACTA	1152	119667750	external_ucsc_or_legacy_prelim
thale_cress	Plant	DNAnona/MULE	1031	119667750	external_ucsc_or_legacy_prelim
thale_cress	Plant	DNA/hAT-Ac	998	119667750	external_ucsc_or_legacy_prelim
thale_cress	Plant	DNAauto/MULE	943	119667750	external_ucsc_or_legacy_prelim
thale_cress	Plant	TIR/Harbinger	555	119667750	external_ucsc_or_legacy_prelim
thale_cress	Plant	Helitron|LARD	523	119667750	external_ucsc_or_legacy_prelim
thale_cress	Plant	PLE	433	119667750	external_ucsc_or_legacy_prelim
thale_cress	Plant	DNAnona/hAT	418	119667750	external_ucsc_or_legacy_prelim
thale_cress	Plant	TIR/PONG	253	119667750	external_ucsc_or_legacy_prelim
thale_cress	Plant	subtelomere/4-12-1	231	119667750	external_ucsc_or_legacy_prelim
thale_cress	Plant	TIR/Tc1-Mariner	205	119667750	external_ucsc_or_legacy_prelim
thale_cress	Plant	DNAnona/CACTA	178	119667750	external_ucsc_or_legacy_prelim
thale_cress	Plant	DNAauto/hAT	150	119667750	external_ucsc_or_legacy_prelim
thale_cress	Plant	DNAauto/PILE	132	119667750	external_ucsc_or_legacy_prelim
thale_cress	Plant	DNA/CACTA	105	119667750	external_ucsc_or_legacy_prelim
thale_cress	Plant	TIR/Mariner	83	119667750	external_ucsc_or_legacy_prelim
thale_cress	Plant	Helitron|TRIM	73	119667750	external_ucsc_or_legacy_prelim
thale_cress	Plant	non-LTR(SINE)/Pan	73	119667750	external_ucsc_or_legacy_prelim
thale_cress	Plant	DNAauto/MLE	71	119667750	external_ucsc_or_legacy_prelim
thale_cress	Plant	non-LTR(SINE)	61	119667750	external_ucsc_or_legacy_prelim
thale_cress	Plant	DNA/TcMar-Pogo	48	119667750	external_ucsc_or_legacy_prelim
zea_diploperennis_gigi	Plant	LTR/Gypsy	1770650345	3290921811	external_ucsc_or_legacy_prelim
zea_diploperennis_gigi	Plant	LTR/Copia	759813048	3290921811	external_ucsc_or_legacy_prelim
zea_diploperennis_gigi	Plant	LTR/unknown	585311894	3290921811	external_ucsc_or_legacy_prelim
zea_diploperennis_gigi	Plant	DNA/Helitron	525477989	3290921811	external_ucsc_or_legacy_prelim
zea_diploperennis_gigi	Plant	DNA/DTC	86164658	3290921811	external_ucsc_or_legacy_prelim
zea_diploperennis_gigi	Plant	DNA/DTM	43318215	3290921811	external_ucsc_or_legacy_prelim
zea_diploperennis_gigi	Plant	DNA/DTH	31723900	3290921811	external_ucsc_or_legacy_prelim
zea_diploperennis_gigi	Plant	DNA/DTA	27018756	3290921811	external_ucsc_or_legacy_prelim
zea_diploperennis_gigi	Plant	MITE/DTH	9511148	3290921811	external_ucsc_or_legacy_prelim
zea_diploperennis_gigi	Plant	DNA/DTT	7823638	3290921811	external_ucsc_or_legacy_prelim
zea_diploperennis_gigi	Plant	MITE/DTA	7507564	3290921811	external_ucsc_or_legacy_prelim
zea_diploperennis_gigi	Plant	MITE/DTM	6179094	3290921811	external_ucsc_or_legacy_prelim
zea_diploperennis_gigi	Plant	MITE/DTT	1262706	3290921811	external_ucsc_or_legacy_prelim
zea_diploperennis_gigi	Plant	MITE/DTC	907608	3290921811	external_ucsc_or_legacy_prelim
batrachochytrium	Fungus	Simple_repeat	86332	23810896	external_ucsc_or_legacy_prelim
batrachochytrium	Fungus	Low_complexity	10249	23810896	external_ucsc_or_legacy_prelim
bread_mold	Fungus	LTR/Gypsy	113506	41102378	external_ucsc_or_legacy_prelim
bread_mold	Fungus	Unknown	26684	41102378	external_ucsc_or_legacy_prelim
bread_mold	Fungus	LINE	10069	41102378	external_ucsc_or_legacy_prelim
bread_mold	Fungus	RC/Helitron	8135	41102378	external_ucsc_or_legacy_prelim
bread_mold	Fungus	LTR	7254	41102378	external_ucsc_or_legacy_prelim
bread_mold	Fungus	LTR/Copia	3602	41102378	external_ucsc_or_legacy_prelim
bread_mold	Fungus	DNA	1663	41102378	external_ucsc_or_legacy_prelim
bread_mold	Fungus	DNA/PIF-Harbinger	962	41102378	external_ucsc_or_legacy_prelim
bread_mold	Fungus	LINE/I-Jockey	711	41102378	external_ucsc_or_legacy_prelim
bread_mold	Fungus	DNA/hAT	153	41102378	external_ucsc_or_legacy_prelim
bread_mold	Fungus	DNA/Crypton	78	41102378	external_ucsc_or_legacy_prelim
bread_mold	Fungus	DNA/MULE-MuDR	42	41102378	external_ucsc_or_legacy_prelim
bread_mold	Fungus	LINE/I	31	41102378	external_ucsc_or_legacy_prelim
budding_yeast	Fungus	LINE	4472	12157105	external_ucsc_or_legacy_prelim
budding_yeast	Fungus	Unknown	3361	12157105	external_ucsc_or_legacy_prelim
budding_yeast	Fungus	RC/Helitron	2867	12157105	external_ucsc_or_legacy_prelim
budding_yeast	Fungus	LTR/Gypsy	133	12157105	external_ucsc_or_legacy_prelim
budding_yeast	Fungus	DNA/MULE-MuDR	73	12157105	external_ucsc_or_legacy_prelim
budding_yeast	Fungus	LINE/I-Jockey	57	12157105	external_ucsc_or_legacy_prelim
candida	Fungus	Unknown	23998	14282666	external_ucsc_or_legacy_prelim
candida	Fungus	LTR/Copia	20784	14282666	external_ucsc_or_legacy_prelim
candida	Fungus	LTR	15684	14282666	external_ucsc_or_legacy_prelim
candida	Fungus	LINE/L1-Zorro	9237	14282666	external_ucsc_or_legacy_prelim
candida	Fungus	LTR/Gypsy	7392	14282666	external_ucsc_or_legacy_prelim
candida	Fungus	DNA/TcMar-Fot1	6521	14282666	external_ucsc_or_legacy_prelim
cryptococcus	Fungus	LTR/Gypsy	425521	18916112	external_ucsc_or_legacy_prelim
cryptococcus	Fungus	LTR	51378	18916112	external_ucsc_or_legacy_prelim
cryptococcus	Fungus	DNA/PIF-Harbinger	26622	18916112	external_ucsc_or_legacy_prelim
cryptococcus	Fungus	LTR/Copia	22958	18916112	external_ucsc_or_legacy_prelim
cryptococcus	Fungus	LINE/CRE	17372	18916112	external_ucsc_or_legacy_prelim
cryptococcus	Fungus	DNA/Crypton-F	8726	18916112	external_ucsc_or_legacy_prelim
fusarium_wilt_fungus	Fungus	RC/Helitron	668418	61471697	external_ucsc_or_legacy_prelim
fusarium_wilt_fungus	Fungus	DNA/TcMar-Fot1	641172	61471697	external_ucsc_or_legacy_prelim
fusarium_wilt_fungus	Fungus	DNA/MULE-MuDR	282215	61471697	external_ucsc_or_legacy_prelim
fusarium_wilt_fungus	Fungus	LTR/Gypsy	162994	61471697	external_ucsc_or_legacy_prelim
fusarium_wilt_fungus	Fungus	DNA/PiggyBac	154813	61471697	external_ucsc_or_legacy_prelim
fusarium_wilt_fungus	Fungus	Unknown	102616	61471697	external_ucsc_or_legacy_prelim
fusarium_wilt_fungus	Fungus	DNA/hAT-Tag1	94556	61471697	external_ucsc_or_legacy_prelim
fusarium_wilt_fungus	Fungus	DNA/TcMar-Pogo	26861	61471697	external_ucsc_or_legacy_prelim
fusarium_wilt_fungus	Fungus	DNA/hAT-Restless	17693	61471697	external_ucsc_or_legacy_prelim
fusarium_wilt_fungus	Fungus	DNA/TcMar-Tc1	11591	61471697	external_ucsc_or_legacy_prelim
fusarium_wilt_fungus	Fungus	DNA/hAT	10948	61471697	external_ucsc_or_legacy_prelim
koji_mold	Fungus	Unknown	23431	37912014	external_ucsc_or_legacy_prelim
koji_mold	Fungus	LTR/Gypsy	13788	37912014	external_ucsc_or_legacy_prelim
koji_mold	Fungus	LINE	5609	37912014	external_ucsc_or_legacy_prelim
koji_mold	Fungus	DNA/TcMar-Tc1	4311	37912014	external_ucsc_or_legacy_prelim
koji_mold	Fungus	LTR	2729	37912014	external_ucsc_or_legacy_prelim
koji_mold	Fungus	RC/Helitron	1084	37912014	external_ucsc_or_legacy_prelim
koji_mold	Fungus	DNA	725	37912014	external_ucsc_or_legacy_prelim
koji_mold	Fungus	LINE/I	168	37912014	external_ucsc_or_legacy_prelim
koji_mold	Fungus	LINE/I-Jockey	150	37912014	external_ucsc_or_legacy_prelim
koji_mold	Fungus	LTR/Copia	83	37912014	external_ucsc_or_legacy_prelim
koji_mold	Fungus	ARTEFACT	32	37912014	external_ucsc_or_legacy_prelim
mucor	Fungus	Simple_repeat	535447	36348485	external_ucsc_or_legacy_prelim
mucor	Fungus	Low_complexity	90321	36348485	external_ucsc_or_legacy_prelim
mucor	Fungus	rRNA	2668	36348485	external_ucsc_or_legacy_prelim
nidulans_mold	Fungus	LTR/Gypsy	38525	29828291	external_ucsc_or_legacy_prelim
nidulans_mold	Fungus	Unknown	17433	29828291	external_ucsc_or_legacy_prelim
nidulans_mold	Fungus	LINE	9275	29828291	external_ucsc_or_legacy_prelim
nidulans_mold	Fungus	DNA/TcMar-Tc1	4988	29828291	external_ucsc_or_legacy_prelim
nidulans_mold	Fungus	DNA	2904	29828291	external_ucsc_or_legacy_prelim
nidulans_mold	Fungus	DNA/TcMar-Fot1	2875	29828291	external_ucsc_or_legacy_prelim
nidulans_mold	Fungus	LTR	855	29828291	external_ucsc_or_legacy_prelim
nidulans_mold	Fungus	RC/Helitron	846	29828291	external_ucsc_or_legacy_prelim
nidulans_mold	Fungus	LTR/Copia	733	29828291	external_ucsc_or_legacy_prelim
nidulans_mold	Fungus	DNA/PIF-Harbinger	54	29828291	external_ucsc_or_legacy_prelim
nidulans_mold	Fungus	DNA/hAT-Restless	54	29828291	external_ucsc_or_legacy_prelim
rhizophagus	Fungus	DNA/Kolobok-H	122106	136726313	external_ucsc_or_legacy_prelim
rice_blast_fungus	Fungus	LINE/CRE	3996	40979121	external_ucsc_or_legacy_prelim
stem_rust_fungus	Fungus	LTR/Gypsy	7708598	88724376	external_ucsc_or_legacy_prelim
stem_rust_fungus	Fungus	LTR/Copia	2290513	88724376	external_ucsc_or_legacy_prelim
stem_rust_fungus	Fungus	DNA/MULE-MuDR	1744554	88724376	external_ucsc_or_legacy_prelim
stem_rust_fungus	Fungus	DNA/hAT	931362	88724376	external_ucsc_or_legacy_prelim
stem_rust_fungus	Fungus	DNA/PIF-Harbinger	780649	88724376	external_ucsc_or_legacy_prelim
stem_rust_fungus	Fungus	DNA/Academ-H	674149	88724376	external_ucsc_or_legacy_prelim
stem_rust_fungus	Fungus	DNA	644064	88724376	external_ucsc_or_legacy_prelim
stem_rust_fungus	Fungus	DNA/TcMar-Tc1	621492	88724376	external_ucsc_or_legacy_prelim
stem_rust_fungus	Fungus	DNA/Zisupton	566275	88724376	external_ucsc_or_legacy_prelim
stem_rust_fungus	Fungus	DNA/hAT-Ac	491543	88724376	external_ucsc_or_legacy_prelim
stem_rust_fungus	Fungus	RC/Helitron	410895	88724376	external_ucsc_or_legacy_prelim
stem_rust_fungus	Fungus	LINE/Tad1	402007	88724376	external_ucsc_or_legacy_prelim
stem_rust_fungus	Fungus	LTR/Ngaro	386916	88724376	external_ucsc_or_legacy_prelim
stem_rust_fungus	Fungus	DNA/CMC-EnSpm	381648	88724376	external_ucsc_or_legacy_prelim
stem_rust_fungus	Fungus	DNA/IS3EU	319030	88724376	external_ucsc_or_legacy_prelim
stem_rust_fungus	Fungus	DNA/MULE-F	229390	88724376	external_ucsc_or_legacy_prelim
stem_rust_fungus	Fungus	DNA/TcMar-Ant1	228898	88724376	external_ucsc_or_legacy_prelim
stem_rust_fungus	Fungus	DNA/TcMar-Sagan	154642	88724376	external_ucsc_or_legacy_prelim
stem_rust_fungus	Fungus	DNA/PIF-Harbinger?	51876	88724376	external_ucsc_or_legacy_prelim
stem_rust_fungus	Fungus	DNA/P-Fungi	27582	88724376	external_ucsc_or_legacy_prelim
stem_rust_fungus	Fungus	DNA/TcMar-Pogo	11801	88724376	external_ucsc_or_legacy_prelim
stem_rust_fungus	Fungus	LTR	8792	88724376	external_ucsc_or_legacy_prelim
stem_rust_fungus	Fungus	DNA/TcMar	179	88724376	external_ucsc_or_legacy_prelim
wheat_scab_fungus	Fungus	Simple_repeat	224511	36565771	external_ucsc_or_legacy_prelim
wheat_scab_fungus	Fungus	rRNA	70274	36565771	external_ucsc_or_legacy_prelim
wheat_scab_fungus	Fungus	Low_complexity	29536	36565771	external_ucsc_or_legacy_prelim
