feature_set	split	margin	min_pred	max_sd	n_species	single_anchor_coverage	single_anchor_top1_accuracy	top2_or_probe_coverage	action_contains_true_best_rate	action_contains_true_top2_rate	mean_regret_after_action	p90_regret_after_action	low_best_species_rate	low_chosen_species_rate	usable_action_policy
baseline_deployable	leave_clade_out	0.0	0.0	0.05	22	0.0	nan	1.0	0.36363636363636365	0.6818181818181818	0.09070177157507305	0.13604962842907	0.13636363636363635	0.2727272727272727	False
baseline_deployable	leave_clade_out	0.0	0.0	0.1	22	0.0	nan	1.0	0.36363636363636365	0.6818181818181818	0.09070177157507305	0.13604962842907	0.13636363636363635	0.2727272727272727	False
baseline_deployable	leave_clade_out	0.0	0.0	0.2	22	0.4090909090909091	0.0	0.5909090909090909	0.36363636363636365	0.45454545454545453	0.12967931399482885	0.3535225040988618	0.13636363636363635	0.3181818181818182	False
baseline_deployable	leave_clade_out	0.0	0.0	1.0	22	1.0	0.0	0.0	0.0	0.045454545454545456	0.3290885813407539	0.7246467850377012	0.13636363636363635	0.5454545454545454	False
baseline_deployable	leave_clade_out	0.0	0.5	0.05	22	0.0	nan	1.0	0.36363636363636365	0.6818181818181818	0.09070177157507305	0.13604962842907	0.13636363636363635	0.2727272727272727	False
baseline_deployable	leave_clade_out	0.0	0.5	0.1	22	0.0	nan	1.0	0.36363636363636365	0.6818181818181818	0.09070177157507305	0.13604962842907	0.13636363636363635	0.2727272727272727	False
baseline_deployable	leave_clade_out	0.0	0.5	0.2	22	0.3181818181818182	0.0	0.6818181818181818	0.36363636363636365	0.45454545454545453	0.12967931399482885	0.3535225040988618	0.13636363636363635	0.3181818181818182	False
baseline_deployable	leave_clade_out	0.0	0.5	1.0	22	0.7727272727272727	0.0	0.22727272727272727	0.13636363636363635	0.18181818181818182	0.2979021074811341	0.7246467850377012	0.13636363636363635	0.5454545454545454	False
baseline_deployable	leave_clade_out	0.0	0.7	0.05	22	0.0	nan	1.0	0.36363636363636365	0.6818181818181818	0.09070177157507305	0.13604962842907	0.13636363636363635	0.2727272727272727	False
baseline_deployable	leave_clade_out	0.0	0.7	0.1	22	0.0	nan	1.0	0.36363636363636365	0.6818181818181818	0.09070177157507305	0.13604962842907	0.13636363636363635	0.2727272727272727	False
baseline_deployable	leave_clade_out	0.0	0.7	0.2	22	0.3181818181818182	0.0	0.6818181818181818	0.36363636363636365	0.45454545454545453	0.12967931399482885	0.3535225040988618	0.13636363636363635	0.3181818181818182	False
baseline_deployable	leave_clade_out	0.0	0.7	1.0	22	0.3181818181818182	0.0	0.6818181818181818	0.36363636363636365	0.45454545454545453	0.12967931399482885	0.3535225040988618	0.13636363636363635	0.3181818181818182	False
baseline_deployable	leave_clade_out	0.0	0.8	0.05	22	0.0	nan	1.0	0.36363636363636365	0.6818181818181818	0.09070177157507305	0.13604962842907	0.13636363636363635	0.2727272727272727	False
baseline_deployable	leave_clade_out	0.0	0.8	0.1	22	0.0	nan	1.0	0.36363636363636365	0.6818181818181818	0.09070177157507305	0.13604962842907	0.13636363636363635	0.2727272727272727	False
baseline_deployable	leave_clade_out	0.0	0.8	0.2	22	0.045454545454545456	0.0	0.9545454545454546	0.36363636363636365	0.6363636363636364	0.09076234391203976	0.13604962842907	0.13636363636363635	0.2727272727272727	False
baseline_deployable	leave_clade_out	0.0	0.8	1.0	22	0.045454545454545456	0.0	0.9545454545454546	0.36363636363636365	0.6363636363636364	0.09076234391203976	0.13604962842907	0.13636363636363635	0.2727272727272727	False
baseline_deployable	leave_clade_out	0.05	0.0	0.05	22	0.0	nan	1.0	0.36363636363636365	0.6818181818181818	0.09070177157507305	0.13604962842907	0.13636363636363635	0.2727272727272727	False
baseline_deployable	leave_clade_out	0.05	0.0	0.1	22	0.0	nan	1.0	0.36363636363636365	0.6818181818181818	0.09070177157507305	0.13604962842907	0.13636363636363635	0.2727272727272727	False
baseline_deployable	leave_clade_out	0.05	0.0	0.2	22	0.045454545454545456	0.0	0.9545454545454546	0.36363636363636365	0.6363636363636364	0.09076234391203976	0.13604962842907	0.13636363636363635	0.2727272727272727	False
baseline_deployable	leave_clade_out	0.05	0.0	1.0	22	0.5	0.0	0.5	0.0	0.22727272727272727	0.2870056382488919	0.7246467850377012	0.13636363636363635	0.5	False
baseline_deployable	leave_clade_out	0.05	0.5	0.05	22	0.0	nan	1.0	0.36363636363636365	0.6818181818181818	0.09070177157507305	0.13604962842907	0.13636363636363635	0.2727272727272727	False
baseline_deployable	leave_clade_out	0.05	0.5	0.1	22	0.0	nan	1.0	0.36363636363636365	0.6818181818181818	0.09070177157507305	0.13604962842907	0.13636363636363635	0.2727272727272727	False
baseline_deployable	leave_clade_out	0.05	0.5	0.2	22	0.045454545454545456	0.0	0.9545454545454546	0.36363636363636365	0.6363636363636364	0.09076234391203976	0.13604962842907	0.13636363636363635	0.2727272727272727	False
baseline_deployable	leave_clade_out	0.05	0.5	1.0	22	0.36363636363636365	0.0	0.6363636363636364	0.13636363636363635	0.36363636363636365	0.25581916438927216	0.7246467850377012	0.13636363636363635	0.5	False
baseline_deployable	leave_clade_out	0.05	0.7	0.05	22	0.0	nan	1.0	0.36363636363636365	0.6818181818181818	0.09070177157507305	0.13604962842907	0.13636363636363635	0.2727272727272727	False
baseline_deployable	leave_clade_out	0.05	0.7	0.1	22	0.0	nan	1.0	0.36363636363636365	0.6818181818181818	0.09070177157507305	0.13604962842907	0.13636363636363635	0.2727272727272727	False
baseline_deployable	leave_clade_out	0.05	0.7	0.2	22	0.045454545454545456	0.0	0.9545454545454546	0.36363636363636365	0.6363636363636364	0.09076234391203976	0.13604962842907	0.13636363636363635	0.2727272727272727	False
baseline_deployable	leave_clade_out	0.05	0.7	1.0	22	0.045454545454545456	0.0	0.9545454545454546	0.36363636363636365	0.6363636363636364	0.09076234391203976	0.13604962842907	0.13636363636363635	0.2727272727272727	False
baseline_deployable	leave_clade_out	0.05	0.8	0.05	22	0.0	nan	1.0	0.36363636363636365	0.6818181818181818	0.09070177157507305	0.13604962842907	0.13636363636363635	0.2727272727272727	False
baseline_deployable	leave_clade_out	0.05	0.8	0.1	22	0.0	nan	1.0	0.36363636363636365	0.6818181818181818	0.09070177157507305	0.13604962842907	0.13636363636363635	0.2727272727272727	False
baseline_deployable	leave_clade_out	0.05	0.8	0.2	22	0.045454545454545456	0.0	0.9545454545454546	0.36363636363636365	0.6363636363636364	0.09076234391203976	0.13604962842907	0.13636363636363635	0.2727272727272727	False
baseline_deployable	leave_clade_out	0.05	0.8	1.0	22	0.045454545454545456	0.0	0.9545454545454546	0.36363636363636365	0.6363636363636364	0.09076234391203976	0.13604962842907	0.13636363636363635	0.2727272727272727	False
baseline_deployable	leave_clade_out	0.1	0.0	0.05	22	0.0	nan	1.0	0.36363636363636365	0.6818181818181818	0.09070177157507305	0.13604962842907	0.13636363636363635	0.2727272727272727	False
baseline_deployable	leave_clade_out	0.1	0.0	0.1	22	0.0	nan	1.0	0.36363636363636365	0.6818181818181818	0.09070177157507305	0.13604962842907	0.13636363636363635	0.2727272727272727	False
baseline_deployable	leave_clade_out	0.1	0.0	0.2	22	0.0	nan	1.0	0.36363636363636365	0.6818181818181818	0.09070177157507305	0.13604962842907	0.13636363636363635	0.2727272727272727	False
baseline_deployable	leave_clade_out	0.1	0.0	1.0	22	0.22727272727272727	0.0	0.7727272727272727	0.22727272727272727	0.45454545454545453	0.243999624298771	0.7246467850377012	0.13636363636363635	0.5	False
baseline_deployable	leave_clade_out	0.1	0.5	0.05	22	0.0	nan	1.0	0.36363636363636365	0.6818181818181818	0.09070177157507305	0.13604962842907	0.13636363636363635	0.2727272727272727	False
baseline_deployable	leave_clade_out	0.1	0.5	0.1	22	0.0	nan	1.0	0.36363636363636365	0.6818181818181818	0.09070177157507305	0.13604962842907	0.13636363636363635	0.2727272727272727	False
baseline_deployable	leave_clade_out	0.1	0.5	0.2	22	0.0	nan	1.0	0.36363636363636365	0.6818181818181818	0.09070177157507305	0.13604962842907	0.13636363636363635	0.2727272727272727	False
baseline_deployable	leave_clade_out	0.1	0.5	1.0	22	0.22727272727272727	0.0	0.7727272727272727	0.22727272727272727	0.45454545454545453	0.243999624298771	0.7246467850377012	0.13636363636363635	0.5	False
baseline_deployable	leave_clade_out	0.1	0.7	0.05	22	0.0	nan	1.0	0.36363636363636365	0.6818181818181818	0.09070177157507305	0.13604962842907	0.13636363636363635	0.2727272727272727	False
baseline_deployable	leave_clade_out	0.1	0.7	0.1	22	0.0	nan	1.0	0.36363636363636365	0.6818181818181818	0.09070177157507305	0.13604962842907	0.13636363636363635	0.2727272727272727	False
baseline_deployable	leave_clade_out	0.1	0.7	0.2	22	0.0	nan	1.0	0.36363636363636365	0.6818181818181818	0.09070177157507305	0.13604962842907	0.13636363636363635	0.2727272727272727	False
baseline_deployable	leave_clade_out	0.1	0.7	1.0	22	0.0	nan	1.0	0.36363636363636365	0.6818181818181818	0.09070177157507305	0.13604962842907	0.13636363636363635	0.2727272727272727	False
baseline_deployable	leave_clade_out	0.1	0.8	0.05	22	0.0	nan	1.0	0.36363636363636365	0.6818181818181818	0.09070177157507305	0.13604962842907	0.13636363636363635	0.2727272727272727	False
baseline_deployable	leave_clade_out	0.1	0.8	0.1	22	0.0	nan	1.0	0.36363636363636365	0.6818181818181818	0.09070177157507305	0.13604962842907	0.13636363636363635	0.2727272727272727	False
baseline_deployable	leave_clade_out	0.1	0.8	0.2	22	0.0	nan	1.0	0.36363636363636365	0.6818181818181818	0.09070177157507305	0.13604962842907	0.13636363636363635	0.2727272727272727	False
baseline_deployable	leave_clade_out	0.1	0.8	1.0	22	0.0	nan	1.0	0.36363636363636365	0.6818181818181818	0.09070177157507305	0.13604962842907	0.13636363636363635	0.2727272727272727	False
baseline_deployable	leave_clade_out	0.15	0.0	0.05	22	0.0	nan	1.0	0.36363636363636365	0.6818181818181818	0.09070177157507305	0.13604962842907	0.13636363636363635	0.2727272727272727	False
baseline_deployable	leave_clade_out	0.15	0.0	0.1	22	0.0	nan	1.0	0.36363636363636365	0.6818181818181818	0.09070177157507305	0.13604962842907	0.13636363636363635	0.2727272727272727	False
baseline_deployable	leave_clade_out	0.15	0.0	0.2	22	0.0	nan	1.0	0.36363636363636365	0.6818181818181818	0.09070177157507305	0.13604962842907	0.13636363636363635	0.2727272727272727	False
baseline_deployable	leave_clade_out	0.15	0.0	1.0	22	0.0	nan	1.0	0.36363636363636365	0.6818181818181818	0.09070177157507305	0.13604962842907	0.13636363636363635	0.2727272727272727	False
baseline_deployable	leave_clade_out	0.15	0.5	0.05	22	0.0	nan	1.0	0.36363636363636365	0.6818181818181818	0.09070177157507305	0.13604962842907	0.13636363636363635	0.2727272727272727	False
baseline_deployable	leave_clade_out	0.15	0.5	0.1	22	0.0	nan	1.0	0.36363636363636365	0.6818181818181818	0.09070177157507305	0.13604962842907	0.13636363636363635	0.2727272727272727	False
baseline_deployable	leave_clade_out	0.15	0.5	0.2	22	0.0	nan	1.0	0.36363636363636365	0.6818181818181818	0.09070177157507305	0.13604962842907	0.13636363636363635	0.2727272727272727	False
baseline_deployable	leave_clade_out	0.15	0.5	1.0	22	0.0	nan	1.0	0.36363636363636365	0.6818181818181818	0.09070177157507305	0.13604962842907	0.13636363636363635	0.2727272727272727	False
baseline_deployable	leave_clade_out	0.15	0.7	0.05	22	0.0	nan	1.0	0.36363636363636365	0.6818181818181818	0.09070177157507305	0.13604962842907	0.13636363636363635	0.2727272727272727	False
baseline_deployable	leave_clade_out	0.15	0.7	0.1	22	0.0	nan	1.0	0.36363636363636365	0.6818181818181818	0.09070177157507305	0.13604962842907	0.13636363636363635	0.2727272727272727	False
baseline_deployable	leave_clade_out	0.15	0.7	0.2	22	0.0	nan	1.0	0.36363636363636365	0.6818181818181818	0.09070177157507305	0.13604962842907	0.13636363636363635	0.2727272727272727	False
baseline_deployable	leave_clade_out	0.15	0.7	1.0	22	0.0	nan	1.0	0.36363636363636365	0.6818181818181818	0.09070177157507305	0.13604962842907	0.13636363636363635	0.2727272727272727	False
baseline_deployable	leave_clade_out	0.15	0.8	0.05	22	0.0	nan	1.0	0.36363636363636365	0.6818181818181818	0.09070177157507305	0.13604962842907	0.13636363636363635	0.2727272727272727	False
baseline_deployable	leave_clade_out	0.15	0.8	0.1	22	0.0	nan	1.0	0.36363636363636365	0.6818181818181818	0.09070177157507305	0.13604962842907	0.13636363636363635	0.2727272727272727	False
baseline_deployable	leave_clade_out	0.15	0.8	0.2	22	0.0	nan	1.0	0.36363636363636365	0.6818181818181818	0.09070177157507305	0.13604962842907	0.13636363636363635	0.2727272727272727	False
baseline_deployable	leave_clade_out	0.15	0.8	1.0	22	0.0	nan	1.0	0.36363636363636365	0.6818181818181818	0.09070177157507305	0.13604962842907	0.13636363636363635	0.2727272727272727	False
baseline_deployable	leave_species_out	0.0	0.0	0.05	22	0.0	nan	1.0	0.8181818181818182	0.8636363636363636	0.052271168411103436	0.05090432272386858	0.13636363636363635	0.22727272727272727	True
baseline_deployable	leave_species_out	0.0	0.0	0.1	22	0.045454545454545456	0.0	0.9545454545454546	0.8181818181818182	0.8636363636363636	0.052271168411103436	0.05090432272386858	0.13636363636363635	0.22727272727272727	True
baseline_deployable	leave_species_out	0.0	0.0	0.2	22	0.6363636363636364	0.42857142857142855	0.36363636363636365	0.5909090909090909	0.8636363636363636	0.054514591228249615	0.05492095619892645	0.13636363636363635	0.22727272727272727	True
baseline_deployable	leave_species_out	0.0	0.0	1.0	22	1.0	0.5	0.0	0.5	0.8636363636363636	0.055031102463486435	0.05492095619892645	0.13636363636363635	0.22727272727272727	True
baseline_deployable	leave_species_out	0.0	0.5	0.05	22	0.0	nan	1.0	0.8181818181818182	0.8636363636363636	0.052271168411103436	0.05090432272386858	0.13636363636363635	0.22727272727272727	True
baseline_deployable	leave_species_out	0.0	0.5	0.1	22	0.0	nan	1.0	0.8181818181818182	0.8636363636363636	0.052271168411103436	0.05090432272386858	0.13636363636363635	0.22727272727272727	True
baseline_deployable	leave_species_out	0.0	0.5	0.2	22	0.5	0.45454545454545453	0.5	0.5909090909090909	0.8636363636363636	0.054514591228249615	0.05492095619892645	0.13636363636363635	0.22727272727272727	True
baseline_deployable	leave_species_out	0.0	0.5	1.0	22	0.8181818181818182	0.5	0.18181818181818182	0.5	0.8636363636363636	0.055031102463486435	0.05492095619892645	0.13636363636363635	0.22727272727272727	True
baseline_deployable	leave_species_out	0.0	0.7	0.05	22	0.0	nan	1.0	0.8181818181818182	0.8636363636363636	0.052271168411103436	0.05090432272386858	0.13636363636363635	0.22727272727272727	True
baseline_deployable	leave_species_out	0.0	0.7	0.1	22	0.0	nan	1.0	0.8181818181818182	0.8636363636363636	0.052271168411103436	0.05090432272386858	0.13636363636363635	0.22727272727272727	True
baseline_deployable	leave_species_out	0.0	0.7	0.2	22	0.3181818181818182	0.14285714285714285	0.6818181818181818	0.5909090909090909	0.8636363636363636	0.054514591228249615	0.05492095619892645	0.13636363636363635	0.22727272727272727	True
baseline_deployable	leave_species_out	0.0	0.7	1.0	22	0.4090909090909091	0.1111111111111111	0.5909090909090909	0.5454545454545454	0.8636363636363636	0.054568100641187424	0.05492095619892645	0.13636363636363635	0.22727272727272727	True
baseline_deployable	leave_species_out	0.0	0.8	0.05	22	0.0	nan	1.0	0.8181818181818182	0.8636363636363636	0.052271168411103436	0.05090432272386858	0.13636363636363635	0.22727272727272727	True
baseline_deployable	leave_species_out	0.0	0.8	0.1	22	0.0	nan	1.0	0.8181818181818182	0.8636363636363636	0.052271168411103436	0.05090432272386858	0.13636363636363635	0.22727272727272727	True
baseline_deployable	leave_species_out	0.0	0.8	0.2	22	0.045454545454545456	0.0	0.9545454545454546	0.7727272727272727	0.8636363636363636	0.054135835851331034	0.05492095619892645	0.13636363636363635	0.22727272727272727	True
baseline_deployable	leave_species_out	0.0	0.8	1.0	22	0.045454545454545456	0.0	0.9545454545454546	0.7727272727272727	0.8636363636363636	0.054135835851331034	0.05492095619892645	0.13636363636363635	0.22727272727272727	True
baseline_deployable	leave_species_out	0.05	0.0	0.05	22	0.0	nan	1.0	0.8181818181818182	0.8636363636363636	0.052271168411103436	0.05090432272386858	0.13636363636363635	0.22727272727272727	True
baseline_deployable	leave_species_out	0.05	0.0	0.1	22	0.0	nan	1.0	0.8181818181818182	0.8636363636363636	0.052271168411103436	0.05090432272386858	0.13636363636363635	0.22727272727272727	True
baseline_deployable	leave_species_out	0.05	0.0	0.2	22	0.045454545454545456	1.0	0.9545454545454546	0.8181818181818182	0.8636363636363636	0.052271168411103436	0.05090432272386858	0.13636363636363635	0.22727272727272727	True
baseline_deployable	leave_species_out	0.05	0.0	1.0	22	0.09090909090909091	0.5	0.9090909090909091	0.7727272727272727	0.8636363636363636	0.05273417023340244	0.05183729183948362	0.13636363636363635	0.22727272727272727	True
baseline_deployable	leave_species_out	0.05	0.5	0.05	22	0.0	nan	1.0	0.8181818181818182	0.8636363636363636	0.052271168411103436	0.05090432272386858	0.13636363636363635	0.22727272727272727	True
baseline_deployable	leave_species_out	0.05	0.5	0.1	22	0.0	nan	1.0	0.8181818181818182	0.8636363636363636	0.052271168411103436	0.05090432272386858	0.13636363636363635	0.22727272727272727	True
baseline_deployable	leave_species_out	0.05	0.5	0.2	22	0.045454545454545456	1.0	0.9545454545454546	0.8181818181818182	0.8636363636363636	0.052271168411103436	0.05090432272386858	0.13636363636363635	0.22727272727272727	True
baseline_deployable	leave_species_out	0.05	0.5	1.0	22	0.09090909090909091	0.5	0.9090909090909091	0.7727272727272727	0.8636363636363636	0.05273417023340244	0.05183729183948362	0.13636363636363635	0.22727272727272727	True
baseline_deployable	leave_species_out	0.05	0.7	0.05	22	0.0	nan	1.0	0.8181818181818182	0.8636363636363636	0.052271168411103436	0.05090432272386858	0.13636363636363635	0.22727272727272727	True
baseline_deployable	leave_species_out	0.05	0.7	0.1	22	0.0	nan	1.0	0.8181818181818182	0.8636363636363636	0.052271168411103436	0.05090432272386858	0.13636363636363635	0.22727272727272727	True
baseline_deployable	leave_species_out	0.05	0.7	0.2	22	0.0	nan	1.0	0.8181818181818182	0.8636363636363636	0.052271168411103436	0.05090432272386858	0.13636363636363635	0.22727272727272727	True
baseline_deployable	leave_species_out	0.05	0.7	1.0	22	0.0	nan	1.0	0.8181818181818182	0.8636363636363636	0.052271168411103436	0.05090432272386858	0.13636363636363635	0.22727272727272727	True
baseline_deployable	leave_species_out	0.05	0.8	0.05	22	0.0	nan	1.0	0.8181818181818182	0.8636363636363636	0.052271168411103436	0.05090432272386858	0.13636363636363635	0.22727272727272727	True
baseline_deployable	leave_species_out	0.05	0.8	0.1	22	0.0	nan	1.0	0.8181818181818182	0.8636363636363636	0.052271168411103436	0.05090432272386858	0.13636363636363635	0.22727272727272727	True
baseline_deployable	leave_species_out	0.05	0.8	0.2	22	0.0	nan	1.0	0.8181818181818182	0.8636363636363636	0.052271168411103436	0.05090432272386858	0.13636363636363635	0.22727272727272727	True
baseline_deployable	leave_species_out	0.05	0.8	1.0	22	0.0	nan	1.0	0.8181818181818182	0.8636363636363636	0.052271168411103436	0.05090432272386858	0.13636363636363635	0.22727272727272727	True
baseline_deployable	leave_species_out	0.1	0.0	0.05	22	0.0	nan	1.0	0.8181818181818182	0.8636363636363636	0.052271168411103436	0.05090432272386858	0.13636363636363635	0.22727272727272727	True
baseline_deployable	leave_species_out	0.1	0.0	0.1	22	0.0	nan	1.0	0.8181818181818182	0.8636363636363636	0.052271168411103436	0.05090432272386858	0.13636363636363635	0.22727272727272727	True
baseline_deployable	leave_species_out	0.1	0.0	0.2	22	0.0	nan	1.0	0.8181818181818182	0.8636363636363636	0.052271168411103436	0.05090432272386858	0.13636363636363635	0.22727272727272727	True
baseline_deployable	leave_species_out	0.1	0.0	1.0	22	0.0	nan	1.0	0.8181818181818182	0.8636363636363636	0.052271168411103436	0.05090432272386858	0.13636363636363635	0.22727272727272727	True
baseline_deployable	leave_species_out	0.1	0.5	0.05	22	0.0	nan	1.0	0.8181818181818182	0.8636363636363636	0.052271168411103436	0.05090432272386858	0.13636363636363635	0.22727272727272727	True
baseline_deployable	leave_species_out	0.1	0.5	0.1	22	0.0	nan	1.0	0.8181818181818182	0.8636363636363636	0.052271168411103436	0.05090432272386858	0.13636363636363635	0.22727272727272727	True
baseline_deployable	leave_species_out	0.1	0.5	0.2	22	0.0	nan	1.0	0.8181818181818182	0.8636363636363636	0.052271168411103436	0.05090432272386858	0.13636363636363635	0.22727272727272727	True
baseline_deployable	leave_species_out	0.1	0.5	1.0	22	0.0	nan	1.0	0.8181818181818182	0.8636363636363636	0.052271168411103436	0.05090432272386858	0.13636363636363635	0.22727272727272727	True
baseline_deployable	leave_species_out	0.1	0.7	0.05	22	0.0	nan	1.0	0.8181818181818182	0.8636363636363636	0.052271168411103436	0.05090432272386858	0.13636363636363635	0.22727272727272727	True
baseline_deployable	leave_species_out	0.1	0.7	0.1	22	0.0	nan	1.0	0.8181818181818182	0.8636363636363636	0.052271168411103436	0.05090432272386858	0.13636363636363635	0.22727272727272727	True
baseline_deployable	leave_species_out	0.1	0.7	0.2	22	0.0	nan	1.0	0.8181818181818182	0.8636363636363636	0.052271168411103436	0.05090432272386858	0.13636363636363635	0.22727272727272727	True
baseline_deployable	leave_species_out	0.1	0.7	1.0	22	0.0	nan	1.0	0.8181818181818182	0.8636363636363636	0.052271168411103436	0.05090432272386858	0.13636363636363635	0.22727272727272727	True
baseline_deployable	leave_species_out	0.1	0.8	0.05	22	0.0	nan	1.0	0.8181818181818182	0.8636363636363636	0.052271168411103436	0.05090432272386858	0.13636363636363635	0.22727272727272727	True
baseline_deployable	leave_species_out	0.1	0.8	0.1	22	0.0	nan	1.0	0.8181818181818182	0.8636363636363636	0.052271168411103436	0.05090432272386858	0.13636363636363635	0.22727272727272727	True
baseline_deployable	leave_species_out	0.1	0.8	0.2	22	0.0	nan	1.0	0.8181818181818182	0.8636363636363636	0.052271168411103436	0.05090432272386858	0.13636363636363635	0.22727272727272727	True
baseline_deployable	leave_species_out	0.1	0.8	1.0	22	0.0	nan	1.0	0.8181818181818182	0.8636363636363636	0.052271168411103436	0.05090432272386858	0.13636363636363635	0.22727272727272727	True
baseline_deployable	leave_species_out	0.15	0.0	0.05	22	0.0	nan	1.0	0.8181818181818182	0.8636363636363636	0.052271168411103436	0.05090432272386858	0.13636363636363635	0.22727272727272727	True
baseline_deployable	leave_species_out	0.15	0.0	0.1	22	0.0	nan	1.0	0.8181818181818182	0.8636363636363636	0.052271168411103436	0.05090432272386858	0.13636363636363635	0.22727272727272727	True
baseline_deployable	leave_species_out	0.15	0.0	0.2	22	0.0	nan	1.0	0.8181818181818182	0.8636363636363636	0.052271168411103436	0.05090432272386858	0.13636363636363635	0.22727272727272727	True
baseline_deployable	leave_species_out	0.15	0.0	1.0	22	0.0	nan	1.0	0.8181818181818182	0.8636363636363636	0.052271168411103436	0.05090432272386858	0.13636363636363635	0.22727272727272727	True
baseline_deployable	leave_species_out	0.15	0.5	0.05	22	0.0	nan	1.0	0.8181818181818182	0.8636363636363636	0.052271168411103436	0.05090432272386858	0.13636363636363635	0.22727272727272727	True
baseline_deployable	leave_species_out	0.15	0.5	0.1	22	0.0	nan	1.0	0.8181818181818182	0.8636363636363636	0.052271168411103436	0.05090432272386858	0.13636363636363635	0.22727272727272727	True
baseline_deployable	leave_species_out	0.15	0.5	0.2	22	0.0	nan	1.0	0.8181818181818182	0.8636363636363636	0.052271168411103436	0.05090432272386858	0.13636363636363635	0.22727272727272727	True
baseline_deployable	leave_species_out	0.15	0.5	1.0	22	0.0	nan	1.0	0.8181818181818182	0.8636363636363636	0.052271168411103436	0.05090432272386858	0.13636363636363635	0.22727272727272727	True
baseline_deployable	leave_species_out	0.15	0.7	0.05	22	0.0	nan	1.0	0.8181818181818182	0.8636363636363636	0.052271168411103436	0.05090432272386858	0.13636363636363635	0.22727272727272727	True
baseline_deployable	leave_species_out	0.15	0.7	0.1	22	0.0	nan	1.0	0.8181818181818182	0.8636363636363636	0.052271168411103436	0.05090432272386858	0.13636363636363635	0.22727272727272727	True
baseline_deployable	leave_species_out	0.15	0.7	0.2	22	0.0	nan	1.0	0.8181818181818182	0.8636363636363636	0.052271168411103436	0.05090432272386858	0.13636363636363635	0.22727272727272727	True
baseline_deployable	leave_species_out	0.15	0.7	1.0	22	0.0	nan	1.0	0.8181818181818182	0.8636363636363636	0.052271168411103436	0.05090432272386858	0.13636363636363635	0.22727272727272727	True
baseline_deployable	leave_species_out	0.15	0.8	0.05	22	0.0	nan	1.0	0.8181818181818182	0.8636363636363636	0.052271168411103436	0.05090432272386858	0.13636363636363635	0.22727272727272727	True
baseline_deployable	leave_species_out	0.15	0.8	0.1	22	0.0	nan	1.0	0.8181818181818182	0.8636363636363636	0.052271168411103436	0.05090432272386858	0.13636363636363635	0.22727272727272727	True
baseline_deployable	leave_species_out	0.15	0.8	0.2	22	0.0	nan	1.0	0.8181818181818182	0.8636363636363636	0.052271168411103436	0.05090432272386858	0.13636363636363635	0.22727272727272727	True
baseline_deployable	leave_species_out	0.15	0.8	1.0	22	0.0	nan	1.0	0.8181818181818182	0.8636363636363636	0.052271168411103436	0.05090432272386858	0.13636363636363635	0.22727272727272727	True
baseline_plus_assembly_kmer	leave_clade_out	0.0	0.0	0.05	22	0.0	nan	1.0	0.6363636363636364	0.7272727272727273	0.019916880727580747	0.08809539002095826	0.13636363636363635	0.18181818181818182	False
baseline_plus_assembly_kmer	leave_clade_out	0.0	0.0	0.1	22	0.045454545454545456	1.0	0.9545454545454546	0.6363636363636364	0.7272727272727273	0.019916880727580747	0.08809539002095826	0.13636363636363635	0.18181818181818182	False
baseline_plus_assembly_kmer	leave_clade_out	0.0	0.0	0.2	22	0.5909090909090909	0.46153846153846156	0.4090909090909091	0.5454545454545454	0.5454545454545454	0.05236688995541239	0.22400700151960018	0.13636363636363635	0.18181818181818182	False
baseline_plus_assembly_kmer	leave_clade_out	0.0	0.0	1.0	22	1.0	0.3181818181818182	0.0	0.3181818181818182	0.4090909090909091	0.1315650358472381	0.28914676472046313	0.13636363636363635	0.2727272727272727	False
baseline_plus_assembly_kmer	leave_clade_out	0.0	0.5	0.05	22	0.0	nan	1.0	0.6363636363636364	0.7272727272727273	0.019916880727580747	0.08809539002095826	0.13636363636363635	0.18181818181818182	False
baseline_plus_assembly_kmer	leave_clade_out	0.0	0.5	0.1	22	0.045454545454545456	1.0	0.9545454545454546	0.6363636363636364	0.7272727272727273	0.019916880727580747	0.08809539002095826	0.13636363636363635	0.18181818181818182	False
baseline_plus_assembly_kmer	leave_clade_out	0.0	0.5	0.2	22	0.5	0.5454545454545454	0.5	0.5909090909090909	0.5909090909090909	0.04107092402417697	0.14811066345513002	0.13636363636363635	0.18181818181818182	False
baseline_plus_assembly_kmer	leave_clade_out	0.0	0.5	1.0	22	0.7272727272727273	0.4375	0.2727272727272727	0.45454545454545453	0.5454545454545454	0.04843122605056113	0.1594715181748264	0.13636363636363635	0.18181818181818182	False
baseline_plus_assembly_kmer	leave_clade_out	0.0	0.7	0.05	22	0.0	nan	1.0	0.6363636363636364	0.7272727272727273	0.019916880727580747	0.08809539002095826	0.13636363636363635	0.18181818181818182	False
baseline_plus_assembly_kmer	leave_clade_out	0.0	0.7	0.1	22	0.045454545454545456	1.0	0.9545454545454546	0.6363636363636364	0.7272727272727273	0.019916880727580747	0.08809539002095826	0.13636363636363635	0.18181818181818182	False
baseline_plus_assembly_kmer	leave_clade_out	0.0	0.7	0.2	22	0.45454545454545453	0.6	0.5454545454545454	0.5909090909090909	0.6363636363636364	0.030526241602262118	0.1156789613690566	0.13636363636363635	0.18181818181818182	False
baseline_plus_assembly_kmer	leave_clade_out	0.0	0.7	1.0	22	0.5	0.5454545454545454	0.5	0.5454545454545454	0.6363636363636364	0.030543613523689447	0.1156789613690566	0.13636363636363635	0.18181818181818182	False
baseline_plus_assembly_kmer	leave_clade_out	0.0	0.8	0.05	22	0.0	nan	1.0	0.6363636363636364	0.7272727272727273	0.019916880727580747	0.08809539002095826	0.13636363636363635	0.18181818181818182	False
baseline_plus_assembly_kmer	leave_clade_out	0.0	0.8	0.1	22	0.045454545454545456	1.0	0.9545454545454546	0.6363636363636364	0.7272727272727273	0.019916880727580747	0.08809539002095826	0.13636363636363635	0.18181818181818182	False
baseline_plus_assembly_kmer	leave_clade_out	0.0	0.8	0.2	22	0.36363636363636365	0.625	0.6363636363636364	0.6363636363636364	0.6818181818181818	0.019977453064547453	0.08809539002095826	0.13636363636363635	0.18181818181818182	False
baseline_plus_assembly_kmer	leave_clade_out	0.0	0.8	1.0	22	0.36363636363636365	0.625	0.6363636363636364	0.6363636363636364	0.6818181818181818	0.019977453064547453	0.08809539002095826	0.13636363636363635	0.18181818181818182	False
baseline_plus_assembly_kmer	leave_clade_out	0.05	0.0	0.05	22	0.0	nan	1.0	0.6363636363636364	0.7272727272727273	0.019916880727580747	0.08809539002095826	0.13636363636363635	0.18181818181818182	False
baseline_plus_assembly_kmer	leave_clade_out	0.05	0.0	0.1	22	0.0	nan	1.0	0.6363636363636364	0.7272727272727273	0.019916880727580747	0.08809539002095826	0.13636363636363635	0.18181818181818182	False
baseline_plus_assembly_kmer	leave_clade_out	0.05	0.0	0.2	22	0.045454545454545456	1.0	0.9545454545454546	0.6363636363636364	0.7272727272727273	0.019916880727580747	0.08809539002095826	0.13636363636363635	0.18181818181818182	False
baseline_plus_assembly_kmer	leave_clade_out	0.05	0.0	1.0	22	0.045454545454545456	1.0	0.9545454545454546	0.6363636363636364	0.7272727272727273	0.019916880727580747	0.08809539002095826	0.13636363636363635	0.18181818181818182	False
baseline_plus_assembly_kmer	leave_clade_out	0.05	0.5	0.05	22	0.0	nan	1.0	0.6363636363636364	0.7272727272727273	0.019916880727580747	0.08809539002095826	0.13636363636363635	0.18181818181818182	False
baseline_plus_assembly_kmer	leave_clade_out	0.05	0.5	0.1	22	0.0	nan	1.0	0.6363636363636364	0.7272727272727273	0.019916880727580747	0.08809539002095826	0.13636363636363635	0.18181818181818182	False
baseline_plus_assembly_kmer	leave_clade_out	0.05	0.5	0.2	22	0.045454545454545456	1.0	0.9545454545454546	0.6363636363636364	0.7272727272727273	0.019916880727580747	0.08809539002095826	0.13636363636363635	0.18181818181818182	False
baseline_plus_assembly_kmer	leave_clade_out	0.05	0.5	1.0	22	0.045454545454545456	1.0	0.9545454545454546	0.6363636363636364	0.7272727272727273	0.019916880727580747	0.08809539002095826	0.13636363636363635	0.18181818181818182	False
baseline_plus_assembly_kmer	leave_clade_out	0.05	0.7	0.05	22	0.0	nan	1.0	0.6363636363636364	0.7272727272727273	0.019916880727580747	0.08809539002095826	0.13636363636363635	0.18181818181818182	False
baseline_plus_assembly_kmer	leave_clade_out	0.05	0.7	0.1	22	0.0	nan	1.0	0.6363636363636364	0.7272727272727273	0.019916880727580747	0.08809539002095826	0.13636363636363635	0.18181818181818182	False
baseline_plus_assembly_kmer	leave_clade_out	0.05	0.7	0.2	22	0.045454545454545456	1.0	0.9545454545454546	0.6363636363636364	0.7272727272727273	0.019916880727580747	0.08809539002095826	0.13636363636363635	0.18181818181818182	False
baseline_plus_assembly_kmer	leave_clade_out	0.05	0.7	1.0	22	0.045454545454545456	1.0	0.9545454545454546	0.6363636363636364	0.7272727272727273	0.019916880727580747	0.08809539002095826	0.13636363636363635	0.18181818181818182	False
baseline_plus_assembly_kmer	leave_clade_out	0.05	0.8	0.05	22	0.0	nan	1.0	0.6363636363636364	0.7272727272727273	0.019916880727580747	0.08809539002095826	0.13636363636363635	0.18181818181818182	False
baseline_plus_assembly_kmer	leave_clade_out	0.05	0.8	0.1	22	0.0	nan	1.0	0.6363636363636364	0.7272727272727273	0.019916880727580747	0.08809539002095826	0.13636363636363635	0.18181818181818182	False
baseline_plus_assembly_kmer	leave_clade_out	0.05	0.8	0.2	22	0.0	nan	1.0	0.6363636363636364	0.7272727272727273	0.019916880727580747	0.08809539002095826	0.13636363636363635	0.18181818181818182	False
baseline_plus_assembly_kmer	leave_clade_out	0.05	0.8	1.0	22	0.0	nan	1.0	0.6363636363636364	0.7272727272727273	0.019916880727580747	0.08809539002095826	0.13636363636363635	0.18181818181818182	False
baseline_plus_assembly_kmer	leave_clade_out	0.1	0.0	0.05	22	0.0	nan	1.0	0.6363636363636364	0.7272727272727273	0.019916880727580747	0.08809539002095826	0.13636363636363635	0.18181818181818182	False
baseline_plus_assembly_kmer	leave_clade_out	0.1	0.0	0.1	22	0.0	nan	1.0	0.6363636363636364	0.7272727272727273	0.019916880727580747	0.08809539002095826	0.13636363636363635	0.18181818181818182	False
baseline_plus_assembly_kmer	leave_clade_out	0.1	0.0	0.2	22	0.045454545454545456	1.0	0.9545454545454546	0.6363636363636364	0.7272727272727273	0.019916880727580747	0.08809539002095826	0.13636363636363635	0.18181818181818182	False
baseline_plus_assembly_kmer	leave_clade_out	0.1	0.0	1.0	22	0.045454545454545456	1.0	0.9545454545454546	0.6363636363636364	0.7272727272727273	0.019916880727580747	0.08809539002095826	0.13636363636363635	0.18181818181818182	False
baseline_plus_assembly_kmer	leave_clade_out	0.1	0.5	0.05	22	0.0	nan	1.0	0.6363636363636364	0.7272727272727273	0.019916880727580747	0.08809539002095826	0.13636363636363635	0.18181818181818182	False
baseline_plus_assembly_kmer	leave_clade_out	0.1	0.5	0.1	22	0.0	nan	1.0	0.6363636363636364	0.7272727272727273	0.019916880727580747	0.08809539002095826	0.13636363636363635	0.18181818181818182	False
baseline_plus_assembly_kmer	leave_clade_out	0.1	0.5	0.2	22	0.045454545454545456	1.0	0.9545454545454546	0.6363636363636364	0.7272727272727273	0.019916880727580747	0.08809539002095826	0.13636363636363635	0.18181818181818182	False
baseline_plus_assembly_kmer	leave_clade_out	0.1	0.5	1.0	22	0.045454545454545456	1.0	0.9545454545454546	0.6363636363636364	0.7272727272727273	0.019916880727580747	0.08809539002095826	0.13636363636363635	0.18181818181818182	False
baseline_plus_assembly_kmer	leave_clade_out	0.1	0.7	0.05	22	0.0	nan	1.0	0.6363636363636364	0.7272727272727273	0.019916880727580747	0.08809539002095826	0.13636363636363635	0.18181818181818182	False
baseline_plus_assembly_kmer	leave_clade_out	0.1	0.7	0.1	22	0.0	nan	1.0	0.6363636363636364	0.7272727272727273	0.019916880727580747	0.08809539002095826	0.13636363636363635	0.18181818181818182	False
baseline_plus_assembly_kmer	leave_clade_out	0.1	0.7	0.2	22	0.045454545454545456	1.0	0.9545454545454546	0.6363636363636364	0.7272727272727273	0.019916880727580747	0.08809539002095826	0.13636363636363635	0.18181818181818182	False
baseline_plus_assembly_kmer	leave_clade_out	0.1	0.7	1.0	22	0.045454545454545456	1.0	0.9545454545454546	0.6363636363636364	0.7272727272727273	0.019916880727580747	0.08809539002095826	0.13636363636363635	0.18181818181818182	False
baseline_plus_assembly_kmer	leave_clade_out	0.1	0.8	0.05	22	0.0	nan	1.0	0.6363636363636364	0.7272727272727273	0.019916880727580747	0.08809539002095826	0.13636363636363635	0.18181818181818182	False
baseline_plus_assembly_kmer	leave_clade_out	0.1	0.8	0.1	22	0.0	nan	1.0	0.6363636363636364	0.7272727272727273	0.019916880727580747	0.08809539002095826	0.13636363636363635	0.18181818181818182	False
baseline_plus_assembly_kmer	leave_clade_out	0.1	0.8	0.2	22	0.0	nan	1.0	0.6363636363636364	0.7272727272727273	0.019916880727580747	0.08809539002095826	0.13636363636363635	0.18181818181818182	False
baseline_plus_assembly_kmer	leave_clade_out	0.1	0.8	1.0	22	0.0	nan	1.0	0.6363636363636364	0.7272727272727273	0.019916880727580747	0.08809539002095826	0.13636363636363635	0.18181818181818182	False
baseline_plus_assembly_kmer	leave_clade_out	0.15	0.0	0.05	22	0.0	nan	1.0	0.6363636363636364	0.7272727272727273	0.019916880727580747	0.08809539002095826	0.13636363636363635	0.18181818181818182	False
baseline_plus_assembly_kmer	leave_clade_out	0.15	0.0	0.1	22	0.0	nan	1.0	0.6363636363636364	0.7272727272727273	0.019916880727580747	0.08809539002095826	0.13636363636363635	0.18181818181818182	False
baseline_plus_assembly_kmer	leave_clade_out	0.15	0.0	0.2	22	0.045454545454545456	1.0	0.9545454545454546	0.6363636363636364	0.7272727272727273	0.019916880727580747	0.08809539002095826	0.13636363636363635	0.18181818181818182	False
baseline_plus_assembly_kmer	leave_clade_out	0.15	0.0	1.0	22	0.045454545454545456	1.0	0.9545454545454546	0.6363636363636364	0.7272727272727273	0.019916880727580747	0.08809539002095826	0.13636363636363635	0.18181818181818182	False
baseline_plus_assembly_kmer	leave_clade_out	0.15	0.5	0.05	22	0.0	nan	1.0	0.6363636363636364	0.7272727272727273	0.019916880727580747	0.08809539002095826	0.13636363636363635	0.18181818181818182	False
baseline_plus_assembly_kmer	leave_clade_out	0.15	0.5	0.1	22	0.0	nan	1.0	0.6363636363636364	0.7272727272727273	0.019916880727580747	0.08809539002095826	0.13636363636363635	0.18181818181818182	False
baseline_plus_assembly_kmer	leave_clade_out	0.15	0.5	0.2	22	0.045454545454545456	1.0	0.9545454545454546	0.6363636363636364	0.7272727272727273	0.019916880727580747	0.08809539002095826	0.13636363636363635	0.18181818181818182	False
baseline_plus_assembly_kmer	leave_clade_out	0.15	0.5	1.0	22	0.045454545454545456	1.0	0.9545454545454546	0.6363636363636364	0.7272727272727273	0.019916880727580747	0.08809539002095826	0.13636363636363635	0.18181818181818182	False
baseline_plus_assembly_kmer	leave_clade_out	0.15	0.7	0.05	22	0.0	nan	1.0	0.6363636363636364	0.7272727272727273	0.019916880727580747	0.08809539002095826	0.13636363636363635	0.18181818181818182	False
baseline_plus_assembly_kmer	leave_clade_out	0.15	0.7	0.1	22	0.0	nan	1.0	0.6363636363636364	0.7272727272727273	0.019916880727580747	0.08809539002095826	0.13636363636363635	0.18181818181818182	False
baseline_plus_assembly_kmer	leave_clade_out	0.15	0.7	0.2	22	0.045454545454545456	1.0	0.9545454545454546	0.6363636363636364	0.7272727272727273	0.019916880727580747	0.08809539002095826	0.13636363636363635	0.18181818181818182	False
baseline_plus_assembly_kmer	leave_clade_out	0.15	0.7	1.0	22	0.045454545454545456	1.0	0.9545454545454546	0.6363636363636364	0.7272727272727273	0.019916880727580747	0.08809539002095826	0.13636363636363635	0.18181818181818182	False
baseline_plus_assembly_kmer	leave_clade_out	0.15	0.8	0.05	22	0.0	nan	1.0	0.6363636363636364	0.7272727272727273	0.019916880727580747	0.08809539002095826	0.13636363636363635	0.18181818181818182	False
baseline_plus_assembly_kmer	leave_clade_out	0.15	0.8	0.1	22	0.0	nan	1.0	0.6363636363636364	0.7272727272727273	0.019916880727580747	0.08809539002095826	0.13636363636363635	0.18181818181818182	False
baseline_plus_assembly_kmer	leave_clade_out	0.15	0.8	0.2	22	0.0	nan	1.0	0.6363636363636364	0.7272727272727273	0.019916880727580747	0.08809539002095826	0.13636363636363635	0.18181818181818182	False
baseline_plus_assembly_kmer	leave_clade_out	0.15	0.8	1.0	22	0.0	nan	1.0	0.6363636363636364	0.7272727272727273	0.019916880727580747	0.08809539002095826	0.13636363636363635	0.18181818181818182	False
baseline_plus_assembly_kmer	leave_species_out	0.0	0.0	0.05	22	0.0	nan	1.0	0.7727272727272727	0.8181818181818182	0.009407337368506607	0.009906341324510057	0.13636363636363635	0.18181818181818182	False
baseline_plus_assembly_kmer	leave_species_out	0.0	0.0	0.1	22	0.09090909090909091	1.0	0.9090909090909091	0.7727272727272727	0.8181818181818182	0.009407337368506607	0.009906341324510057	0.13636363636363635	0.18181818181818182	False
baseline_plus_assembly_kmer	leave_species_out	0.0	0.0	0.2	22	0.36363636363636365	0.625	0.6363636363636364	0.6818181818181818	0.7727272727272727	0.01674220506402469	0.039005920673456575	0.13636363636363635	0.18181818181818182	False
baseline_plus_assembly_kmer	leave_species_out	0.0	0.0	1.0	22	1.0	0.5	0.0	0.5	0.5909090909090909	0.05204976265112548	0.2249027385691923	0.13636363636363635	0.18181818181818182	False
baseline_plus_assembly_kmer	leave_species_out	0.0	0.5	0.05	22	0.0	nan	1.0	0.7727272727272727	0.8181818181818182	0.009407337368506607	0.009906341324510057	0.13636363636363635	0.18181818181818182	False
baseline_plus_assembly_kmer	leave_species_out	0.0	0.5	0.1	22	0.09090909090909091	1.0	0.9090909090909091	0.7727272727272727	0.8181818181818182	0.009407337368506607	0.009906341324510057	0.13636363636363635	0.18181818181818182	False
baseline_plus_assembly_kmer	leave_species_out	0.0	0.5	0.2	22	0.2727272727272727	0.8333333333333334	0.7272727272727273	0.7272727272727273	0.8181818181818182	0.009452784372005668	0.009906341324510057	0.13636363636363635	0.18181818181818182	False
baseline_plus_assembly_kmer	leave_species_out	0.0	0.5	1.0	22	0.7272727272727273	0.625	0.2727272727272727	0.5909090909090909	0.6818181818181818	0.031412077329220335	0.1404824154053055	0.13636363636363635	0.18181818181818182	False
baseline_plus_assembly_kmer	leave_species_out	0.0	0.7	0.05	22	0.0	nan	1.0	0.7727272727272727	0.8181818181818182	0.009407337368506607	0.009906341324510057	0.13636363636363635	0.18181818181818182	False
baseline_plus_assembly_kmer	leave_species_out	0.0	0.7	0.1	22	0.09090909090909091	1.0	0.9090909090909091	0.7727272727272727	0.8181818181818182	0.009407337368506607	0.009906341324510057	0.13636363636363635	0.18181818181818182	False
baseline_plus_assembly_kmer	leave_species_out	0.0	0.7	0.2	22	0.2727272727272727	0.8333333333333334	0.7272727272727273	0.7272727272727273	0.8181818181818182	0.009452784372005668	0.009906341324510057	0.13636363636363635	0.18181818181818182	False
baseline_plus_assembly_kmer	leave_species_out	0.0	0.7	1.0	22	0.36363636363636365	0.75	0.6363636363636364	0.7272727272727273	0.7727272727272727	0.009513356708972376	0.010000773956127891	0.13636363636363635	0.18181818181818182	False
baseline_plus_assembly_kmer	leave_species_out	0.0	0.8	0.05	22	0.0	nan	1.0	0.7727272727272727	0.8181818181818182	0.009407337368506607	0.009906341324510057	0.13636363636363635	0.18181818181818182	False
baseline_plus_assembly_kmer	leave_species_out	0.0	0.8	0.1	22	0.09090909090909091	1.0	0.9090909090909091	0.7727272727272727	0.8181818181818182	0.009407337368506607	0.009906341324510057	0.13636363636363635	0.18181818181818182	False
baseline_plus_assembly_kmer	leave_species_out	0.0	0.8	0.2	22	0.18181818181818182	0.75	0.8181818181818182	0.7272727272727273	0.8181818181818182	0.009452784372005668	0.009906341324510057	0.13636363636363635	0.18181818181818182	False
baseline_plus_assembly_kmer	leave_species_out	0.0	0.8	1.0	22	0.18181818181818182	0.75	0.8181818181818182	0.7272727272727273	0.8181818181818182	0.009452784372005668	0.009906341324510057	0.13636363636363635	0.18181818181818182	False
baseline_plus_assembly_kmer	leave_species_out	0.05	0.0	0.05	22	0.0	nan	1.0	0.7727272727272727	0.8181818181818182	0.009407337368506607	0.009906341324510057	0.13636363636363635	0.18181818181818182	False
baseline_plus_assembly_kmer	leave_species_out	0.05	0.0	0.1	22	0.0	nan	1.0	0.7727272727272727	0.8181818181818182	0.009407337368506607	0.009906341324510057	0.13636363636363635	0.18181818181818182	False
baseline_plus_assembly_kmer	leave_species_out	0.05	0.0	0.2	22	0.09090909090909091	0.5	0.9090909090909091	0.7272727272727273	0.8181818181818182	0.009452784372005668	0.009906341324510057	0.13636363636363635	0.18181818181818182	False
baseline_plus_assembly_kmer	leave_species_out	0.05	0.0	1.0	22	0.09090909090909091	0.5	0.9090909090909091	0.7272727272727273	0.8181818181818182	0.009452784372005668	0.009906341324510057	0.13636363636363635	0.18181818181818182	False
baseline_plus_assembly_kmer	leave_species_out	0.05	0.5	0.05	22	0.0	nan	1.0	0.7727272727272727	0.8181818181818182	0.009407337368506607	0.009906341324510057	0.13636363636363635	0.18181818181818182	False
baseline_plus_assembly_kmer	leave_species_out	0.05	0.5	0.1	22	0.0	nan	1.0	0.7727272727272727	0.8181818181818182	0.009407337368506607	0.009906341324510057	0.13636363636363635	0.18181818181818182	False
baseline_plus_assembly_kmer	leave_species_out	0.05	0.5	0.2	22	0.09090909090909091	0.5	0.9090909090909091	0.7272727272727273	0.8181818181818182	0.009452784372005668	0.009906341324510057	0.13636363636363635	0.18181818181818182	False
baseline_plus_assembly_kmer	leave_species_out	0.05	0.5	1.0	22	0.09090909090909091	0.5	0.9090909090909091	0.7272727272727273	0.8181818181818182	0.009452784372005668	0.009906341324510057	0.13636363636363635	0.18181818181818182	False
baseline_plus_assembly_kmer	leave_species_out	0.05	0.7	0.05	22	0.0	nan	1.0	0.7727272727272727	0.8181818181818182	0.009407337368506607	0.009906341324510057	0.13636363636363635	0.18181818181818182	False
baseline_plus_assembly_kmer	leave_species_out	0.05	0.7	0.1	22	0.0	nan	1.0	0.7727272727272727	0.8181818181818182	0.009407337368506607	0.009906341324510057	0.13636363636363635	0.18181818181818182	False
baseline_plus_assembly_kmer	leave_species_out	0.05	0.7	0.2	22	0.09090909090909091	0.5	0.9090909090909091	0.7272727272727273	0.8181818181818182	0.009452784372005668	0.009906341324510057	0.13636363636363635	0.18181818181818182	False
baseline_plus_assembly_kmer	leave_species_out	0.05	0.7	1.0	22	0.09090909090909091	0.5	0.9090909090909091	0.7272727272727273	0.8181818181818182	0.009452784372005668	0.009906341324510057	0.13636363636363635	0.18181818181818182	False
baseline_plus_assembly_kmer	leave_species_out	0.05	0.8	0.05	22	0.0	nan	1.0	0.7727272727272727	0.8181818181818182	0.009407337368506607	0.009906341324510057	0.13636363636363635	0.18181818181818182	False
baseline_plus_assembly_kmer	leave_species_out	0.05	0.8	0.1	22	0.0	nan	1.0	0.7727272727272727	0.8181818181818182	0.009407337368506607	0.009906341324510057	0.13636363636363635	0.18181818181818182	False
baseline_plus_assembly_kmer	leave_species_out	0.05	0.8	0.2	22	0.045454545454545456	0.0	0.9545454545454546	0.7272727272727273	0.8181818181818182	0.009452784372005668	0.009906341324510057	0.13636363636363635	0.18181818181818182	False
baseline_plus_assembly_kmer	leave_species_out	0.05	0.8	1.0	22	0.045454545454545456	0.0	0.9545454545454546	0.7272727272727273	0.8181818181818182	0.009452784372005668	0.009906341324510057	0.13636363636363635	0.18181818181818182	False
baseline_plus_assembly_kmer	leave_species_out	0.1	0.0	0.05	22	0.0	nan	1.0	0.7727272727272727	0.8181818181818182	0.009407337368506607	0.009906341324510057	0.13636363636363635	0.18181818181818182	False
baseline_plus_assembly_kmer	leave_species_out	0.1	0.0	0.1	22	0.0	nan	1.0	0.7727272727272727	0.8181818181818182	0.009407337368506607	0.009906341324510057	0.13636363636363635	0.18181818181818182	False
baseline_plus_assembly_kmer	leave_species_out	0.1	0.0	0.2	22	0.045454545454545456	1.0	0.9545454545454546	0.7727272727272727	0.8181818181818182	0.009407337368506607	0.009906341324510057	0.13636363636363635	0.18181818181818182	False
baseline_plus_assembly_kmer	leave_species_out	0.1	0.0	1.0	22	0.045454545454545456	1.0	0.9545454545454546	0.7727272727272727	0.8181818181818182	0.009407337368506607	0.009906341324510057	0.13636363636363635	0.18181818181818182	False
baseline_plus_assembly_kmer	leave_species_out	0.1	0.5	0.05	22	0.0	nan	1.0	0.7727272727272727	0.8181818181818182	0.009407337368506607	0.009906341324510057	0.13636363636363635	0.18181818181818182	False
baseline_plus_assembly_kmer	leave_species_out	0.1	0.5	0.1	22	0.0	nan	1.0	0.7727272727272727	0.8181818181818182	0.009407337368506607	0.009906341324510057	0.13636363636363635	0.18181818181818182	False
baseline_plus_assembly_kmer	leave_species_out	0.1	0.5	0.2	22	0.045454545454545456	1.0	0.9545454545454546	0.7727272727272727	0.8181818181818182	0.009407337368506607	0.009906341324510057	0.13636363636363635	0.18181818181818182	False
baseline_plus_assembly_kmer	leave_species_out	0.1	0.5	1.0	22	0.045454545454545456	1.0	0.9545454545454546	0.7727272727272727	0.8181818181818182	0.009407337368506607	0.009906341324510057	0.13636363636363635	0.18181818181818182	False
baseline_plus_assembly_kmer	leave_species_out	0.1	0.7	0.05	22	0.0	nan	1.0	0.7727272727272727	0.8181818181818182	0.009407337368506607	0.009906341324510057	0.13636363636363635	0.18181818181818182	False
baseline_plus_assembly_kmer	leave_species_out	0.1	0.7	0.1	22	0.0	nan	1.0	0.7727272727272727	0.8181818181818182	0.009407337368506607	0.009906341324510057	0.13636363636363635	0.18181818181818182	False
baseline_plus_assembly_kmer	leave_species_out	0.1	0.7	0.2	22	0.045454545454545456	1.0	0.9545454545454546	0.7727272727272727	0.8181818181818182	0.009407337368506607	0.009906341324510057	0.13636363636363635	0.18181818181818182	False
baseline_plus_assembly_kmer	leave_species_out	0.1	0.7	1.0	22	0.045454545454545456	1.0	0.9545454545454546	0.7727272727272727	0.8181818181818182	0.009407337368506607	0.009906341324510057	0.13636363636363635	0.18181818181818182	False
baseline_plus_assembly_kmer	leave_species_out	0.1	0.8	0.05	22	0.0	nan	1.0	0.7727272727272727	0.8181818181818182	0.009407337368506607	0.009906341324510057	0.13636363636363635	0.18181818181818182	False
baseline_plus_assembly_kmer	leave_species_out	0.1	0.8	0.1	22	0.0	nan	1.0	0.7727272727272727	0.8181818181818182	0.009407337368506607	0.009906341324510057	0.13636363636363635	0.18181818181818182	False
baseline_plus_assembly_kmer	leave_species_out	0.1	0.8	0.2	22	0.0	nan	1.0	0.7727272727272727	0.8181818181818182	0.009407337368506607	0.009906341324510057	0.13636363636363635	0.18181818181818182	False
baseline_plus_assembly_kmer	leave_species_out	0.1	0.8	1.0	22	0.0	nan	1.0	0.7727272727272727	0.8181818181818182	0.009407337368506607	0.009906341324510057	0.13636363636363635	0.18181818181818182	False
baseline_plus_assembly_kmer	leave_species_out	0.15	0.0	0.05	22	0.0	nan	1.0	0.7727272727272727	0.8181818181818182	0.009407337368506607	0.009906341324510057	0.13636363636363635	0.18181818181818182	False
baseline_plus_assembly_kmer	leave_species_out	0.15	0.0	0.1	22	0.0	nan	1.0	0.7727272727272727	0.8181818181818182	0.009407337368506607	0.009906341324510057	0.13636363636363635	0.18181818181818182	False
baseline_plus_assembly_kmer	leave_species_out	0.15	0.0	0.2	22	0.045454545454545456	1.0	0.9545454545454546	0.7727272727272727	0.8181818181818182	0.009407337368506607	0.009906341324510057	0.13636363636363635	0.18181818181818182	False
baseline_plus_assembly_kmer	leave_species_out	0.15	0.0	1.0	22	0.045454545454545456	1.0	0.9545454545454546	0.7727272727272727	0.8181818181818182	0.009407337368506607	0.009906341324510057	0.13636363636363635	0.18181818181818182	False
baseline_plus_assembly_kmer	leave_species_out	0.15	0.5	0.05	22	0.0	nan	1.0	0.7727272727272727	0.8181818181818182	0.009407337368506607	0.009906341324510057	0.13636363636363635	0.18181818181818182	False
baseline_plus_assembly_kmer	leave_species_out	0.15	0.5	0.1	22	0.0	nan	1.0	0.7727272727272727	0.8181818181818182	0.009407337368506607	0.009906341324510057	0.13636363636363635	0.18181818181818182	False
baseline_plus_assembly_kmer	leave_species_out	0.15	0.5	0.2	22	0.045454545454545456	1.0	0.9545454545454546	0.7727272727272727	0.8181818181818182	0.009407337368506607	0.009906341324510057	0.13636363636363635	0.18181818181818182	False
baseline_plus_assembly_kmer	leave_species_out	0.15	0.5	1.0	22	0.045454545454545456	1.0	0.9545454545454546	0.7727272727272727	0.8181818181818182	0.009407337368506607	0.009906341324510057	0.13636363636363635	0.18181818181818182	False
baseline_plus_assembly_kmer	leave_species_out	0.15	0.7	0.05	22	0.0	nan	1.0	0.7727272727272727	0.8181818181818182	0.009407337368506607	0.009906341324510057	0.13636363636363635	0.18181818181818182	False
baseline_plus_assembly_kmer	leave_species_out	0.15	0.7	0.1	22	0.0	nan	1.0	0.7727272727272727	0.8181818181818182	0.009407337368506607	0.009906341324510057	0.13636363636363635	0.18181818181818182	False
baseline_plus_assembly_kmer	leave_species_out	0.15	0.7	0.2	22	0.045454545454545456	1.0	0.9545454545454546	0.7727272727272727	0.8181818181818182	0.009407337368506607	0.009906341324510057	0.13636363636363635	0.18181818181818182	False
baseline_plus_assembly_kmer	leave_species_out	0.15	0.7	1.0	22	0.045454545454545456	1.0	0.9545454545454546	0.7727272727272727	0.8181818181818182	0.009407337368506607	0.009906341324510057	0.13636363636363635	0.18181818181818182	False
baseline_plus_assembly_kmer	leave_species_out	0.15	0.8	0.05	22	0.0	nan	1.0	0.7727272727272727	0.8181818181818182	0.009407337368506607	0.009906341324510057	0.13636363636363635	0.18181818181818182	False
baseline_plus_assembly_kmer	leave_species_out	0.15	0.8	0.1	22	0.0	nan	1.0	0.7727272727272727	0.8181818181818182	0.009407337368506607	0.009906341324510057	0.13636363636363635	0.18181818181818182	False
baseline_plus_assembly_kmer	leave_species_out	0.15	0.8	0.2	22	0.0	nan	1.0	0.7727272727272727	0.8181818181818182	0.009407337368506607	0.009906341324510057	0.13636363636363635	0.18181818181818182	False
baseline_plus_assembly_kmer	leave_species_out	0.15	0.8	1.0	22	0.0	nan	1.0	0.7727272727272727	0.8181818181818182	0.009407337368506607	0.009906341324510057	0.13636363636363635	0.18181818181818182	False
baseline_plus_kmer	leave_clade_out	0.0	0.0	0.05	22	0.0	nan	1.0	0.5909090909090909	0.7272727272727273	0.05069119716487425	0.008046852787746297	0.13636363636363635	0.22727272727272727	False
baseline_plus_kmer	leave_clade_out	0.0	0.0	0.1	22	0.09090909090909091	0.5	0.9090909090909091	0.5909090909090909	0.6818181818181818	0.050751769501840946	0.008046852787746297	0.13636363636363635	0.22727272727272727	False
baseline_plus_kmer	leave_clade_out	0.0	0.0	0.2	22	0.5454545454545454	0.4166666666666667	0.45454545454545453	0.5	0.5909090909090909	0.0713894548237461	0.1594715181748264	0.13636363636363635	0.22727272727272727	False
baseline_plus_kmer	leave_clade_out	0.0	0.0	1.0	22	1.0	0.2727272727272727	0.0	0.2727272727272727	0.4090909090909091	0.1779651105809863	0.7004465510384915	0.13636363636363635	0.36363636363636365	False
baseline_plus_kmer	leave_clade_out	0.0	0.5	0.05	22	0.0	nan	1.0	0.5909090909090909	0.7272727272727273	0.05069119716487425	0.008046852787746297	0.13636363636363635	0.22727272727272727	False
baseline_plus_kmer	leave_clade_out	0.0	0.5	0.1	22	0.09090909090909091	0.5	0.9090909090909091	0.5909090909090909	0.6818181818181818	0.050751769501840946	0.008046852787746297	0.13636363636363635	0.22727272727272727	False
baseline_plus_kmer	leave_clade_out	0.0	0.5	0.2	22	0.45454545454545453	0.5	0.5454545454545454	0.5909090909090909	0.6818181818181818	0.050751769501840946	0.008046852787746297	0.13636363636363635	0.22727272727272727	False
baseline_plus_kmer	leave_clade_out	0.0	0.5	1.0	22	0.5909090909090909	0.46153846153846156	0.4090909090909091	0.5454545454545454	0.6818181818181818	0.051214771324139964	0.009986030979703213	0.13636363636363635	0.22727272727272727	False
baseline_plus_kmer	leave_clade_out	0.0	0.7	0.05	22	0.0	nan	1.0	0.5909090909090909	0.7272727272727273	0.05069119716487425	0.008046852787746297	0.13636363636363635	0.22727272727272727	False
baseline_plus_kmer	leave_clade_out	0.0	0.7	0.1	22	0.09090909090909091	0.5	0.9090909090909091	0.5909090909090909	0.6818181818181818	0.050751769501840946	0.008046852787746297	0.13636363636363635	0.22727272727272727	False
baseline_plus_kmer	leave_clade_out	0.0	0.7	0.2	22	0.45454545454545453	0.5	0.5454545454545454	0.5909090909090909	0.6818181818181818	0.050751769501840946	0.008046852787746297	0.13636363636363635	0.22727272727272727	False
baseline_plus_kmer	leave_clade_out	0.0	0.7	1.0	22	0.5	0.5454545454545454	0.5	0.5909090909090909	0.6818181818181818	0.050751769501840946	0.008046852787746297	0.13636363636363635	0.22727272727272727	False
baseline_plus_kmer	leave_clade_out	0.0	0.8	0.05	22	0.0	nan	1.0	0.5909090909090909	0.7272727272727273	0.05069119716487425	0.008046852787746297	0.13636363636363635	0.22727272727272727	False
baseline_plus_kmer	leave_clade_out	0.0	0.8	0.1	22	0.09090909090909091	0.5	0.9090909090909091	0.5909090909090909	0.6818181818181818	0.050751769501840946	0.008046852787746297	0.13636363636363635	0.22727272727272727	False
baseline_plus_kmer	leave_clade_out	0.0	0.8	0.2	22	0.3181818181818182	0.7142857142857143	0.6818181818181818	0.5909090909090909	0.6818181818181818	0.050751769501840946	0.008046852787746297	0.13636363636363635	0.22727272727272727	False
baseline_plus_kmer	leave_clade_out	0.0	0.8	1.0	22	0.3181818181818182	0.7142857142857143	0.6818181818181818	0.5909090909090909	0.6818181818181818	0.050751769501840946	0.008046852787746297	0.13636363636363635	0.22727272727272727	False
baseline_plus_kmer	leave_clade_out	0.05	0.0	0.05	22	0.0	nan	1.0	0.5909090909090909	0.7272727272727273	0.05069119716487425	0.008046852787746297	0.13636363636363635	0.22727272727272727	False
baseline_plus_kmer	leave_clade_out	0.05	0.0	0.1	22	0.045454545454545456	1.0	0.9545454545454546	0.5909090909090909	0.7272727272727273	0.05069119716487425	0.008046852787746297	0.13636363636363635	0.22727272727272727	False
baseline_plus_kmer	leave_clade_out	0.05	0.0	0.2	22	0.045454545454545456	1.0	0.9545454545454546	0.5909090909090909	0.7272727272727273	0.05069119716487425	0.008046852787746297	0.13636363636363635	0.22727272727272727	False
baseline_plus_kmer	leave_clade_out	0.05	0.0	1.0	22	0.09090909090909091	0.5	0.9090909090909091	0.5454545454545454	0.7272727272727273	0.051154198987173244	0.009986030979703213	0.13636363636363635	0.22727272727272727	False
baseline_plus_kmer	leave_clade_out	0.05	0.5	0.05	22	0.0	nan	1.0	0.5909090909090909	0.7272727272727273	0.05069119716487425	0.008046852787746297	0.13636363636363635	0.22727272727272727	False
baseline_plus_kmer	leave_clade_out	0.05	0.5	0.1	22	0.045454545454545456	1.0	0.9545454545454546	0.5909090909090909	0.7272727272727273	0.05069119716487425	0.008046852787746297	0.13636363636363635	0.22727272727272727	False
baseline_plus_kmer	leave_clade_out	0.05	0.5	0.2	22	0.045454545454545456	1.0	0.9545454545454546	0.5909090909090909	0.7272727272727273	0.05069119716487425	0.008046852787746297	0.13636363636363635	0.22727272727272727	False
baseline_plus_kmer	leave_clade_out	0.05	0.5	1.0	22	0.09090909090909091	0.5	0.9090909090909091	0.5454545454545454	0.7272727272727273	0.051154198987173244	0.009986030979703213	0.13636363636363635	0.22727272727272727	False
baseline_plus_kmer	leave_clade_out	0.05	0.7	0.05	22	0.0	nan	1.0	0.5909090909090909	0.7272727272727273	0.05069119716487425	0.008046852787746297	0.13636363636363635	0.22727272727272727	False
baseline_plus_kmer	leave_clade_out	0.05	0.7	0.1	22	0.045454545454545456	1.0	0.9545454545454546	0.5909090909090909	0.7272727272727273	0.05069119716487425	0.008046852787746297	0.13636363636363635	0.22727272727272727	False
baseline_plus_kmer	leave_clade_out	0.05	0.7	0.2	22	0.045454545454545456	1.0	0.9545454545454546	0.5909090909090909	0.7272727272727273	0.05069119716487425	0.008046852787746297	0.13636363636363635	0.22727272727272727	False
baseline_plus_kmer	leave_clade_out	0.05	0.7	1.0	22	0.045454545454545456	1.0	0.9545454545454546	0.5909090909090909	0.7272727272727273	0.05069119716487425	0.008046852787746297	0.13636363636363635	0.22727272727272727	False
baseline_plus_kmer	leave_clade_out	0.05	0.8	0.05	22	0.0	nan	1.0	0.5909090909090909	0.7272727272727273	0.05069119716487425	0.008046852787746297	0.13636363636363635	0.22727272727272727	False
baseline_plus_kmer	leave_clade_out	0.05	0.8	0.1	22	0.045454545454545456	1.0	0.9545454545454546	0.5909090909090909	0.7272727272727273	0.05069119716487425	0.008046852787746297	0.13636363636363635	0.22727272727272727	False
baseline_plus_kmer	leave_clade_out	0.05	0.8	0.2	22	0.045454545454545456	1.0	0.9545454545454546	0.5909090909090909	0.7272727272727273	0.05069119716487425	0.008046852787746297	0.13636363636363635	0.22727272727272727	False
baseline_plus_kmer	leave_clade_out	0.05	0.8	1.0	22	0.045454545454545456	1.0	0.9545454545454546	0.5909090909090909	0.7272727272727273	0.05069119716487425	0.008046852787746297	0.13636363636363635	0.22727272727272727	False
baseline_plus_kmer	leave_clade_out	0.1	0.0	0.05	22	0.0	nan	1.0	0.5909090909090909	0.7272727272727273	0.05069119716487425	0.008046852787746297	0.13636363636363635	0.22727272727272727	False
baseline_plus_kmer	leave_clade_out	0.1	0.0	0.1	22	0.045454545454545456	1.0	0.9545454545454546	0.5909090909090909	0.7272727272727273	0.05069119716487425	0.008046852787746297	0.13636363636363635	0.22727272727272727	False
baseline_plus_kmer	leave_clade_out	0.1	0.0	0.2	22	0.045454545454545456	1.0	0.9545454545454546	0.5909090909090909	0.7272727272727273	0.05069119716487425	0.008046852787746297	0.13636363636363635	0.22727272727272727	False
baseline_plus_kmer	leave_clade_out	0.1	0.0	1.0	22	0.045454545454545456	1.0	0.9545454545454546	0.5909090909090909	0.7272727272727273	0.05069119716487425	0.008046852787746297	0.13636363636363635	0.22727272727272727	False
baseline_plus_kmer	leave_clade_out	0.1	0.5	0.05	22	0.0	nan	1.0	0.5909090909090909	0.7272727272727273	0.05069119716487425	0.008046852787746297	0.13636363636363635	0.22727272727272727	False
baseline_plus_kmer	leave_clade_out	0.1	0.5	0.1	22	0.045454545454545456	1.0	0.9545454545454546	0.5909090909090909	0.7272727272727273	0.05069119716487425	0.008046852787746297	0.13636363636363635	0.22727272727272727	False
baseline_plus_kmer	leave_clade_out	0.1	0.5	0.2	22	0.045454545454545456	1.0	0.9545454545454546	0.5909090909090909	0.7272727272727273	0.05069119716487425	0.008046852787746297	0.13636363636363635	0.22727272727272727	False
baseline_plus_kmer	leave_clade_out	0.1	0.5	1.0	22	0.045454545454545456	1.0	0.9545454545454546	0.5909090909090909	0.7272727272727273	0.05069119716487425	0.008046852787746297	0.13636363636363635	0.22727272727272727	False
baseline_plus_kmer	leave_clade_out	0.1	0.7	0.05	22	0.0	nan	1.0	0.5909090909090909	0.7272727272727273	0.05069119716487425	0.008046852787746297	0.13636363636363635	0.22727272727272727	False
baseline_plus_kmer	leave_clade_out	0.1	0.7	0.1	22	0.045454545454545456	1.0	0.9545454545454546	0.5909090909090909	0.7272727272727273	0.05069119716487425	0.008046852787746297	0.13636363636363635	0.22727272727272727	False
baseline_plus_kmer	leave_clade_out	0.1	0.7	0.2	22	0.045454545454545456	1.0	0.9545454545454546	0.5909090909090909	0.7272727272727273	0.05069119716487425	0.008046852787746297	0.13636363636363635	0.22727272727272727	False
baseline_plus_kmer	leave_clade_out	0.1	0.7	1.0	22	0.045454545454545456	1.0	0.9545454545454546	0.5909090909090909	0.7272727272727273	0.05069119716487425	0.008046852787746297	0.13636363636363635	0.22727272727272727	False
baseline_plus_kmer	leave_clade_out	0.1	0.8	0.05	22	0.0	nan	1.0	0.5909090909090909	0.7272727272727273	0.05069119716487425	0.008046852787746297	0.13636363636363635	0.22727272727272727	False
baseline_plus_kmer	leave_clade_out	0.1	0.8	0.1	22	0.045454545454545456	1.0	0.9545454545454546	0.5909090909090909	0.7272727272727273	0.05069119716487425	0.008046852787746297	0.13636363636363635	0.22727272727272727	False
baseline_plus_kmer	leave_clade_out	0.1	0.8	0.2	22	0.045454545454545456	1.0	0.9545454545454546	0.5909090909090909	0.7272727272727273	0.05069119716487425	0.008046852787746297	0.13636363636363635	0.22727272727272727	False
baseline_plus_kmer	leave_clade_out	0.1	0.8	1.0	22	0.045454545454545456	1.0	0.9545454545454546	0.5909090909090909	0.7272727272727273	0.05069119716487425	0.008046852787746297	0.13636363636363635	0.22727272727272727	False
baseline_plus_kmer	leave_clade_out	0.15	0.0	0.05	22	0.0	nan	1.0	0.5909090909090909	0.7272727272727273	0.05069119716487425	0.008046852787746297	0.13636363636363635	0.22727272727272727	False
baseline_plus_kmer	leave_clade_out	0.15	0.0	0.1	22	0.045454545454545456	1.0	0.9545454545454546	0.5909090909090909	0.7272727272727273	0.05069119716487425	0.008046852787746297	0.13636363636363635	0.22727272727272727	False
baseline_plus_kmer	leave_clade_out	0.15	0.0	0.2	22	0.045454545454545456	1.0	0.9545454545454546	0.5909090909090909	0.7272727272727273	0.05069119716487425	0.008046852787746297	0.13636363636363635	0.22727272727272727	False
baseline_plus_kmer	leave_clade_out	0.15	0.0	1.0	22	0.045454545454545456	1.0	0.9545454545454546	0.5909090909090909	0.7272727272727273	0.05069119716487425	0.008046852787746297	0.13636363636363635	0.22727272727272727	False
baseline_plus_kmer	leave_clade_out	0.15	0.5	0.05	22	0.0	nan	1.0	0.5909090909090909	0.7272727272727273	0.05069119716487425	0.008046852787746297	0.13636363636363635	0.22727272727272727	False
baseline_plus_kmer	leave_clade_out	0.15	0.5	0.1	22	0.045454545454545456	1.0	0.9545454545454546	0.5909090909090909	0.7272727272727273	0.05069119716487425	0.008046852787746297	0.13636363636363635	0.22727272727272727	False
baseline_plus_kmer	leave_clade_out	0.15	0.5	0.2	22	0.045454545454545456	1.0	0.9545454545454546	0.5909090909090909	0.7272727272727273	0.05069119716487425	0.008046852787746297	0.13636363636363635	0.22727272727272727	False
baseline_plus_kmer	leave_clade_out	0.15	0.5	1.0	22	0.045454545454545456	1.0	0.9545454545454546	0.5909090909090909	0.7272727272727273	0.05069119716487425	0.008046852787746297	0.13636363636363635	0.22727272727272727	False
baseline_plus_kmer	leave_clade_out	0.15	0.7	0.05	22	0.0	nan	1.0	0.5909090909090909	0.7272727272727273	0.05069119716487425	0.008046852787746297	0.13636363636363635	0.22727272727272727	False
baseline_plus_kmer	leave_clade_out	0.15	0.7	0.1	22	0.045454545454545456	1.0	0.9545454545454546	0.5909090909090909	0.7272727272727273	0.05069119716487425	0.008046852787746297	0.13636363636363635	0.22727272727272727	False
baseline_plus_kmer	leave_clade_out	0.15	0.7	0.2	22	0.045454545454545456	1.0	0.9545454545454546	0.5909090909090909	0.7272727272727273	0.05069119716487425	0.008046852787746297	0.13636363636363635	0.22727272727272727	False
baseline_plus_kmer	leave_clade_out	0.15	0.7	1.0	22	0.045454545454545456	1.0	0.9545454545454546	0.5909090909090909	0.7272727272727273	0.05069119716487425	0.008046852787746297	0.13636363636363635	0.22727272727272727	False
baseline_plus_kmer	leave_clade_out	0.15	0.8	0.05	22	0.0	nan	1.0	0.5909090909090909	0.7272727272727273	0.05069119716487425	0.008046852787746297	0.13636363636363635	0.22727272727272727	False
baseline_plus_kmer	leave_clade_out	0.15	0.8	0.1	22	0.045454545454545456	1.0	0.9545454545454546	0.5909090909090909	0.7272727272727273	0.05069119716487425	0.008046852787746297	0.13636363636363635	0.22727272727272727	False
baseline_plus_kmer	leave_clade_out	0.15	0.8	0.2	22	0.045454545454545456	1.0	0.9545454545454546	0.5909090909090909	0.7272727272727273	0.05069119716487425	0.008046852787746297	0.13636363636363635	0.22727272727272727	False
baseline_plus_kmer	leave_clade_out	0.15	0.8	1.0	22	0.045454545454545456	1.0	0.9545454545454546	0.5909090909090909	0.7272727272727273	0.05069119716487425	0.008046852787746297	0.13636363636363635	0.22727272727272727	False
baseline_plus_kmer	leave_species_out	0.0	0.0	0.05	22	0.0	nan	1.0	0.8636363636363636	0.8636363636363636	0.007082966203372802	0.0007707140409847897	0.13636363636363635	0.18181818181818182	True
baseline_plus_kmer	leave_species_out	0.0	0.0	0.1	22	0.18181818181818182	0.0	0.8181818181818182	0.6818181818181818	0.8636363636363636	0.009528270128732398	0.0065808549639367366	0.13636363636363635	0.18181818181818182	True
baseline_plus_kmer	leave_species_out	0.0	0.0	0.2	22	0.3181818181818182	0.2857142857142857	0.6818181818181818	0.6363636363636364	0.8181818181818182	0.03561606922302001	0.03759584507954956	0.13636363636363635	0.22727272727272727	False
baseline_plus_kmer	leave_species_out	0.0	0.0	1.0	22	1.0	0.45454545454545453	0.0	0.45454545454545453	0.6818181818181818	0.06801272229845959	0.23969685096090357	0.13636363636363635	0.22727272727272727	False
baseline_plus_kmer	leave_species_out	0.0	0.5	0.05	22	0.0	nan	1.0	0.8636363636363636	0.8636363636363636	0.007082966203372802	0.0007707140409847897	0.13636363636363635	0.18181818181818182	True
baseline_plus_kmer	leave_species_out	0.0	0.5	0.1	22	0.18181818181818182	0.0	0.8181818181818182	0.6818181818181818	0.8636363636363636	0.009528270128732398	0.0065808549639367366	0.13636363636363635	0.18181818181818182	True
baseline_plus_kmer	leave_species_out	0.0	0.5	0.2	22	0.2727272727272727	0.16666666666666666	0.7272727272727273	0.6363636363636364	0.8181818181818182	0.03561606922302001	0.03759584507954956	0.13636363636363635	0.22727272727272727	False
baseline_plus_kmer	leave_species_out	0.0	0.5	1.0	22	0.6363636363636364	0.5	0.36363636363636365	0.5909090909090909	0.8181818181818182	0.03607907104531902	0.03793901932556434	0.13636363636363635	0.22727272727272727	False
baseline_plus_kmer	leave_species_out	0.0	0.7	0.05	22	0.0	nan	1.0	0.8636363636363636	0.8636363636363636	0.007082966203372802	0.0007707140409847897	0.13636363636363635	0.18181818181818182	True
baseline_plus_kmer	leave_species_out	0.0	0.7	0.1	22	0.18181818181818182	0.0	0.8181818181818182	0.6818181818181818	0.8636363636363636	0.009528270128732398	0.0065808549639367366	0.13636363636363635	0.18181818181818182	True
baseline_plus_kmer	leave_species_out	0.0	0.7	0.2	22	0.22727272727272727	0.2	0.7727272727272727	0.6818181818181818	0.8636363636363636	0.009528270128732398	0.0065808549639367366	0.13636363636363635	0.18181818181818182	True
baseline_plus_kmer	leave_species_out	0.0	0.7	1.0	22	0.3181818181818182	0.42857142857142855	0.6818181818181818	0.6818181818181818	0.8636363636363636	0.009528270128732398	0.0065808549639367366	0.13636363636363635	0.18181818181818182	True
baseline_plus_kmer	leave_species_out	0.0	0.8	0.05	22	0.0	nan	1.0	0.8636363636363636	0.8636363636363636	0.007082966203372802	0.0007707140409847897	0.13636363636363635	0.18181818181818182	True
baseline_plus_kmer	leave_species_out	0.0	0.8	0.1	22	0.18181818181818182	0.0	0.8181818181818182	0.6818181818181818	0.8636363636363636	0.009528270128732398	0.0065808549639367366	0.13636363636363635	0.18181818181818182	True
baseline_plus_kmer	leave_species_out	0.0	0.8	0.2	22	0.22727272727272727	0.2	0.7727272727272727	0.6818181818181818	0.8636363636363636	0.009528270128732398	0.0065808549639367366	0.13636363636363635	0.18181818181818182	True
baseline_plus_kmer	leave_species_out	0.0	0.8	1.0	22	0.22727272727272727	0.2	0.7727272727272727	0.6818181818181818	0.8636363636363636	0.009528270128732398	0.0065808549639367366	0.13636363636363635	0.18181818181818182	True
baseline_plus_kmer	leave_species_out	0.05	0.0	0.05	22	0.0	nan	1.0	0.8636363636363636	0.8636363636363636	0.007082966203372802	0.0007707140409847897	0.13636363636363635	0.18181818181818182	True
baseline_plus_kmer	leave_species_out	0.05	0.0	0.1	22	0.045454545454545456	0.0	0.9545454545454546	0.8181818181818182	0.8636363636363636	0.0071284132068718635	0.0009854855627241647	0.13636363636363635	0.18181818181818182	True
baseline_plus_kmer	leave_species_out	0.05	0.0	0.2	22	0.045454545454545456	0.0	0.9545454545454546	0.8181818181818182	0.8636363636363636	0.0071284132068718635	0.0009854855627241647	0.13636363636363635	0.18181818181818182	True
baseline_plus_kmer	leave_species_out	0.05	0.0	1.0	22	0.13636363636363635	0.3333333333333333	0.8636363636363636	0.7727272727272727	0.8636363636363636	0.007591415029170873	0.00330310393784724	0.13636363636363635	0.18181818181818182	True
baseline_plus_kmer	leave_species_out	0.05	0.5	0.05	22	0.0	nan	1.0	0.8636363636363636	0.8636363636363636	0.007082966203372802	0.0007707140409847897	0.13636363636363635	0.18181818181818182	True
baseline_plus_kmer	leave_species_out	0.05	0.5	0.1	22	0.045454545454545456	0.0	0.9545454545454546	0.8181818181818182	0.8636363636363636	0.0071284132068718635	0.0009854855627241647	0.13636363636363635	0.18181818181818182	True
baseline_plus_kmer	leave_species_out	0.05	0.5	0.2	22	0.045454545454545456	0.0	0.9545454545454546	0.8181818181818182	0.8636363636363636	0.0071284132068718635	0.0009854855627241647	0.13636363636363635	0.18181818181818182	True
baseline_plus_kmer	leave_species_out	0.05	0.5	1.0	22	0.13636363636363635	0.3333333333333333	0.8636363636363636	0.7727272727272727	0.8636363636363636	0.007591415029170873	0.00330310393784724	0.13636363636363635	0.18181818181818182	True
baseline_plus_kmer	leave_species_out	0.05	0.7	0.05	22	0.0	nan	1.0	0.8636363636363636	0.8636363636363636	0.007082966203372802	0.0007707140409847897	0.13636363636363635	0.18181818181818182	True
baseline_plus_kmer	leave_species_out	0.05	0.7	0.1	22	0.045454545454545456	0.0	0.9545454545454546	0.8181818181818182	0.8636363636363636	0.0071284132068718635	0.0009854855627241647	0.13636363636363635	0.18181818181818182	True
baseline_plus_kmer	leave_species_out	0.05	0.7	0.2	22	0.045454545454545456	0.0	0.9545454545454546	0.8181818181818182	0.8636363636363636	0.0071284132068718635	0.0009854855627241647	0.13636363636363635	0.18181818181818182	True
baseline_plus_kmer	leave_species_out	0.05	0.7	1.0	22	0.09090909090909091	0.5	0.9090909090909091	0.8181818181818182	0.8636363636363636	0.0071284132068718635	0.0009854855627241647	0.13636363636363635	0.18181818181818182	True
baseline_plus_kmer	leave_species_out	0.05	0.8	0.05	22	0.0	nan	1.0	0.8636363636363636	0.8636363636363636	0.007082966203372802	0.0007707140409847897	0.13636363636363635	0.18181818181818182	True
baseline_plus_kmer	leave_species_out	0.05	0.8	0.1	22	0.045454545454545456	0.0	0.9545454545454546	0.8181818181818182	0.8636363636363636	0.0071284132068718635	0.0009854855627241647	0.13636363636363635	0.18181818181818182	True
baseline_plus_kmer	leave_species_out	0.05	0.8	0.2	22	0.045454545454545456	0.0	0.9545454545454546	0.8181818181818182	0.8636363636363636	0.0071284132068718635	0.0009854855627241647	0.13636363636363635	0.18181818181818182	True
baseline_plus_kmer	leave_species_out	0.05	0.8	1.0	22	0.045454545454545456	0.0	0.9545454545454546	0.8181818181818182	0.8636363636363636	0.0071284132068718635	0.0009854855627241647	0.13636363636363635	0.18181818181818182	True
baseline_plus_kmer	leave_species_out	0.1	0.0	0.05	22	0.0	nan	1.0	0.8636363636363636	0.8636363636363636	0.007082966203372802	0.0007707140409847897	0.13636363636363635	0.18181818181818182	True
baseline_plus_kmer	leave_species_out	0.1	0.0	0.1	22	0.045454545454545456	0.0	0.9545454545454546	0.8181818181818182	0.8636363636363636	0.0071284132068718635	0.0009854855627241647	0.13636363636363635	0.18181818181818182	True
baseline_plus_kmer	leave_species_out	0.1	0.0	0.2	22	0.045454545454545456	0.0	0.9545454545454546	0.8181818181818182	0.8636363636363636	0.0071284132068718635	0.0009854855627241647	0.13636363636363635	0.18181818181818182	True
baseline_plus_kmer	leave_species_out	0.1	0.0	1.0	22	0.045454545454545456	0.0	0.9545454545454546	0.8181818181818182	0.8636363636363636	0.0071284132068718635	0.0009854855627241647	0.13636363636363635	0.18181818181818182	True
baseline_plus_kmer	leave_species_out	0.1	0.5	0.05	22	0.0	nan	1.0	0.8636363636363636	0.8636363636363636	0.007082966203372802	0.0007707140409847897	0.13636363636363635	0.18181818181818182	True
baseline_plus_kmer	leave_species_out	0.1	0.5	0.1	22	0.045454545454545456	0.0	0.9545454545454546	0.8181818181818182	0.8636363636363636	0.0071284132068718635	0.0009854855627241647	0.13636363636363635	0.18181818181818182	True
baseline_plus_kmer	leave_species_out	0.1	0.5	0.2	22	0.045454545454545456	0.0	0.9545454545454546	0.8181818181818182	0.8636363636363636	0.0071284132068718635	0.0009854855627241647	0.13636363636363635	0.18181818181818182	True
baseline_plus_kmer	leave_species_out	0.1	0.5	1.0	22	0.045454545454545456	0.0	0.9545454545454546	0.8181818181818182	0.8636363636363636	0.0071284132068718635	0.0009854855627241647	0.13636363636363635	0.18181818181818182	True
baseline_plus_kmer	leave_species_out	0.1	0.7	0.05	22	0.0	nan	1.0	0.8636363636363636	0.8636363636363636	0.007082966203372802	0.0007707140409847897	0.13636363636363635	0.18181818181818182	True
baseline_plus_kmer	leave_species_out	0.1	0.7	0.1	22	0.045454545454545456	0.0	0.9545454545454546	0.8181818181818182	0.8636363636363636	0.0071284132068718635	0.0009854855627241647	0.13636363636363635	0.18181818181818182	True
baseline_plus_kmer	leave_species_out	0.1	0.7	0.2	22	0.045454545454545456	0.0	0.9545454545454546	0.8181818181818182	0.8636363636363636	0.0071284132068718635	0.0009854855627241647	0.13636363636363635	0.18181818181818182	True
baseline_plus_kmer	leave_species_out	0.1	0.7	1.0	22	0.045454545454545456	0.0	0.9545454545454546	0.8181818181818182	0.8636363636363636	0.0071284132068718635	0.0009854855627241647	0.13636363636363635	0.18181818181818182	True
baseline_plus_kmer	leave_species_out	0.1	0.8	0.05	22	0.0	nan	1.0	0.8636363636363636	0.8636363636363636	0.007082966203372802	0.0007707140409847897	0.13636363636363635	0.18181818181818182	True
baseline_plus_kmer	leave_species_out	0.1	0.8	0.1	22	0.045454545454545456	0.0	0.9545454545454546	0.8181818181818182	0.8636363636363636	0.0071284132068718635	0.0009854855627241647	0.13636363636363635	0.18181818181818182	True
baseline_plus_kmer	leave_species_out	0.1	0.8	0.2	22	0.045454545454545456	0.0	0.9545454545454546	0.8181818181818182	0.8636363636363636	0.0071284132068718635	0.0009854855627241647	0.13636363636363635	0.18181818181818182	True
baseline_plus_kmer	leave_species_out	0.1	0.8	1.0	22	0.045454545454545456	0.0	0.9545454545454546	0.8181818181818182	0.8636363636363636	0.0071284132068718635	0.0009854855627241647	0.13636363636363635	0.18181818181818182	True
baseline_plus_kmer	leave_species_out	0.15	0.0	0.05	22	0.0	nan	1.0	0.8636363636363636	0.8636363636363636	0.007082966203372802	0.0007707140409847897	0.13636363636363635	0.18181818181818182	True
baseline_plus_kmer	leave_species_out	0.15	0.0	0.1	22	0.045454545454545456	0.0	0.9545454545454546	0.8181818181818182	0.8636363636363636	0.0071284132068718635	0.0009854855627241647	0.13636363636363635	0.18181818181818182	True
baseline_plus_kmer	leave_species_out	0.15	0.0	0.2	22	0.045454545454545456	0.0	0.9545454545454546	0.8181818181818182	0.8636363636363636	0.0071284132068718635	0.0009854855627241647	0.13636363636363635	0.18181818181818182	True
baseline_plus_kmer	leave_species_out	0.15	0.0	1.0	22	0.045454545454545456	0.0	0.9545454545454546	0.8181818181818182	0.8636363636363636	0.0071284132068718635	0.0009854855627241647	0.13636363636363635	0.18181818181818182	True
baseline_plus_kmer	leave_species_out	0.15	0.5	0.05	22	0.0	nan	1.0	0.8636363636363636	0.8636363636363636	0.007082966203372802	0.0007707140409847897	0.13636363636363635	0.18181818181818182	True
baseline_plus_kmer	leave_species_out	0.15	0.5	0.1	22	0.045454545454545456	0.0	0.9545454545454546	0.8181818181818182	0.8636363636363636	0.0071284132068718635	0.0009854855627241647	0.13636363636363635	0.18181818181818182	True
baseline_plus_kmer	leave_species_out	0.15	0.5	0.2	22	0.045454545454545456	0.0	0.9545454545454546	0.8181818181818182	0.8636363636363636	0.0071284132068718635	0.0009854855627241647	0.13636363636363635	0.18181818181818182	True
baseline_plus_kmer	leave_species_out	0.15	0.5	1.0	22	0.045454545454545456	0.0	0.9545454545454546	0.8181818181818182	0.8636363636363636	0.0071284132068718635	0.0009854855627241647	0.13636363636363635	0.18181818181818182	True
baseline_plus_kmer	leave_species_out	0.15	0.7	0.05	22	0.0	nan	1.0	0.8636363636363636	0.8636363636363636	0.007082966203372802	0.0007707140409847897	0.13636363636363635	0.18181818181818182	True
baseline_plus_kmer	leave_species_out	0.15	0.7	0.1	22	0.045454545454545456	0.0	0.9545454545454546	0.8181818181818182	0.8636363636363636	0.0071284132068718635	0.0009854855627241647	0.13636363636363635	0.18181818181818182	True
baseline_plus_kmer	leave_species_out	0.15	0.7	0.2	22	0.045454545454545456	0.0	0.9545454545454546	0.8181818181818182	0.8636363636363636	0.0071284132068718635	0.0009854855627241647	0.13636363636363635	0.18181818181818182	True
baseline_plus_kmer	leave_species_out	0.15	0.7	1.0	22	0.045454545454545456	0.0	0.9545454545454546	0.8181818181818182	0.8636363636363636	0.0071284132068718635	0.0009854855627241647	0.13636363636363635	0.18181818181818182	True
baseline_plus_kmer	leave_species_out	0.15	0.8	0.05	22	0.0	nan	1.0	0.8636363636363636	0.8636363636363636	0.007082966203372802	0.0007707140409847897	0.13636363636363635	0.18181818181818182	True
baseline_plus_kmer	leave_species_out	0.15	0.8	0.1	22	0.045454545454545456	0.0	0.9545454545454546	0.8181818181818182	0.8636363636363636	0.0071284132068718635	0.0009854855627241647	0.13636363636363635	0.18181818181818182	True
baseline_plus_kmer	leave_species_out	0.15	0.8	0.2	22	0.045454545454545456	0.0	0.9545454545454546	0.8181818181818182	0.8636363636363636	0.0071284132068718635	0.0009854855627241647	0.13636363636363635	0.18181818181818182	True
baseline_plus_kmer	leave_species_out	0.15	0.8	1.0	22	0.045454545454545456	0.0	0.9545454545454546	0.8181818181818182	0.8636363636363636	0.0071284132068718635	0.0009854855627241647	0.13636363636363635	0.18181818181818182	True
genome_only	leave_clade_out	0.0	0.0	0.05	22	0.0	nan	1.0	0.6363636363636364	0.7272727272727273	0.015851947610477878	0.05659517604436676	0.13636363636363635	0.18181818181818182	False
genome_only	leave_clade_out	0.0	0.0	0.1	22	0.045454545454545456	1.0	0.9545454545454546	0.6363636363636364	0.7272727272727273	0.015851947610477878	0.05659517604436676	0.13636363636363635	0.18181818181818182	False
genome_only	leave_clade_out	0.0	0.0	0.2	22	0.6818181818181818	0.4	0.3181818181818182	0.45454545454545453	0.45454545454545453	0.12013980070375109	0.28914676472046313	0.13636363636363635	0.2727272727272727	False
genome_only	leave_clade_out	0.0	0.0	1.0	22	1.0	0.36363636363636365	0.0	0.36363636363636365	0.4090909090909091	0.12748273080870792	0.28914676472046313	0.13636363636363635	0.2727272727272727	False
genome_only	leave_clade_out	0.0	0.5	0.05	22	0.0	nan	1.0	0.6363636363636364	0.7272727272727273	0.015851947610477878	0.05659517604436676	0.13636363636363635	0.18181818181818182	False
genome_only	leave_clade_out	0.0	0.5	0.1	22	0.045454545454545456	1.0	0.9545454545454546	0.6363636363636364	0.7272727272727273	0.015851947610477878	0.05659517604436676	0.13636363636363635	0.18181818181818182	False
genome_only	leave_clade_out	0.0	0.5	0.2	22	0.5	0.5454545454545454	0.5	0.5909090909090909	0.5909090909090909	0.0370059909070741	0.14811066345513002	0.13636363636363635	0.18181818181818182	False
genome_only	leave_clade_out	0.0	0.5	1.0	22	0.7727272727272727	0.47058823529411764	0.22727272727272727	0.5	0.5454545454545454	0.04434892101203093	0.1594715181748264	0.13636363636363635	0.18181818181818182	False
genome_only	leave_clade_out	0.0	0.7	0.05	22	0.0	nan	1.0	0.6363636363636364	0.7272727272727273	0.015851947610477878	0.05659517604436676	0.13636363636363635	0.18181818181818182	False
genome_only	leave_clade_out	0.0	0.7	0.1	22	0.045454545454545456	1.0	0.9545454545454546	0.6363636363636364	0.7272727272727273	0.015851947610477878	0.05659517604436676	0.13636363636363635	0.18181818181818182	False
genome_only	leave_clade_out	0.0	0.7	0.2	22	0.45454545454545453	0.6	0.5454545454545454	0.5909090909090909	0.6363636363636364	0.026461308485159252	0.11274378565287996	0.13636363636363635	0.18181818181818182	False
genome_only	leave_clade_out	0.0	0.7	1.0	22	0.5454545454545454	0.5833333333333334	0.45454545454545453	0.5909090909090909	0.6363636363636364	0.026461308485159252	0.11274378565287996	0.13636363636363635	0.18181818181818182	False
genome_only	leave_clade_out	0.0	0.8	0.05	22	0.0	nan	1.0	0.6363636363636364	0.7272727272727273	0.015851947610477878	0.05659517604436676	0.13636363636363635	0.18181818181818182	False
genome_only	leave_clade_out	0.0	0.8	0.1	22	0.045454545454545456	1.0	0.9545454545454546	0.6363636363636364	0.7272727272727273	0.015851947610477878	0.05659517604436676	0.13636363636363635	0.18181818181818182	False
genome_only	leave_clade_out	0.0	0.8	0.2	22	0.36363636363636365	0.625	0.6363636363636364	0.6363636363636364	0.6818181818181818	0.015912519947444585	0.05659517604436676	0.13636363636363635	0.18181818181818182	False
genome_only	leave_clade_out	0.0	0.8	1.0	22	0.36363636363636365	0.625	0.6363636363636364	0.6363636363636364	0.6818181818181818	0.015912519947444585	0.05659517604436676	0.13636363636363635	0.18181818181818182	False
genome_only	leave_clade_out	0.05	0.0	0.05	22	0.0	nan	1.0	0.6363636363636364	0.7272727272727273	0.015851947610477878	0.05659517604436676	0.13636363636363635	0.18181818181818182	False
genome_only	leave_clade_out	0.05	0.0	0.1	22	0.0	nan	1.0	0.6363636363636364	0.7272727272727273	0.015851947610477878	0.05659517604436676	0.13636363636363635	0.18181818181818182	False
genome_only	leave_clade_out	0.05	0.0	0.2	22	0.09090909090909091	1.0	0.9090909090909091	0.6363636363636364	0.7272727272727273	0.015851947610477878	0.05659517604436676	0.13636363636363635	0.18181818181818182	False
genome_only	leave_clade_out	0.05	0.0	1.0	22	0.09090909090909091	1.0	0.9090909090909091	0.6363636363636364	0.7272727272727273	0.015851947610477878	0.05659517604436676	0.13636363636363635	0.18181818181818182	False
genome_only	leave_clade_out	0.05	0.5	0.05	22	0.0	nan	1.0	0.6363636363636364	0.7272727272727273	0.015851947610477878	0.05659517604436676	0.13636363636363635	0.18181818181818182	False
genome_only	leave_clade_out	0.05	0.5	0.1	22	0.0	nan	1.0	0.6363636363636364	0.7272727272727273	0.015851947610477878	0.05659517604436676	0.13636363636363635	0.18181818181818182	False
genome_only	leave_clade_out	0.05	0.5	0.2	22	0.09090909090909091	1.0	0.9090909090909091	0.6363636363636364	0.7272727272727273	0.015851947610477878	0.05659517604436676	0.13636363636363635	0.18181818181818182	False
genome_only	leave_clade_out	0.05	0.5	1.0	22	0.09090909090909091	1.0	0.9090909090909091	0.6363636363636364	0.7272727272727273	0.015851947610477878	0.05659517604436676	0.13636363636363635	0.18181818181818182	False
genome_only	leave_clade_out	0.05	0.7	0.05	22	0.0	nan	1.0	0.6363636363636364	0.7272727272727273	0.015851947610477878	0.05659517604436676	0.13636363636363635	0.18181818181818182	False
genome_only	leave_clade_out	0.05	0.7	0.1	22	0.0	nan	1.0	0.6363636363636364	0.7272727272727273	0.015851947610477878	0.05659517604436676	0.13636363636363635	0.18181818181818182	False
genome_only	leave_clade_out	0.05	0.7	0.2	22	0.09090909090909091	1.0	0.9090909090909091	0.6363636363636364	0.7272727272727273	0.015851947610477878	0.05659517604436676	0.13636363636363635	0.18181818181818182	False
genome_only	leave_clade_out	0.05	0.7	1.0	22	0.09090909090909091	1.0	0.9090909090909091	0.6363636363636364	0.7272727272727273	0.015851947610477878	0.05659517604436676	0.13636363636363635	0.18181818181818182	False
genome_only	leave_clade_out	0.05	0.8	0.05	22	0.0	nan	1.0	0.6363636363636364	0.7272727272727273	0.015851947610477878	0.05659517604436676	0.13636363636363635	0.18181818181818182	False
genome_only	leave_clade_out	0.05	0.8	0.1	22	0.0	nan	1.0	0.6363636363636364	0.7272727272727273	0.015851947610477878	0.05659517604436676	0.13636363636363635	0.18181818181818182	False
genome_only	leave_clade_out	0.05	0.8	0.2	22	0.045454545454545456	1.0	0.9545454545454546	0.6363636363636364	0.7272727272727273	0.015851947610477878	0.05659517604436676	0.13636363636363635	0.18181818181818182	False
genome_only	leave_clade_out	0.05	0.8	1.0	22	0.045454545454545456	1.0	0.9545454545454546	0.6363636363636364	0.7272727272727273	0.015851947610477878	0.05659517604436676	0.13636363636363635	0.18181818181818182	False
genome_only	leave_clade_out	0.1	0.0	0.05	22	0.0	nan	1.0	0.6363636363636364	0.7272727272727273	0.015851947610477878	0.05659517604436676	0.13636363636363635	0.18181818181818182	False
genome_only	leave_clade_out	0.1	0.0	0.1	22	0.0	nan	1.0	0.6363636363636364	0.7272727272727273	0.015851947610477878	0.05659517604436676	0.13636363636363635	0.18181818181818182	False
genome_only	leave_clade_out	0.1	0.0	0.2	22	0.045454545454545456	1.0	0.9545454545454546	0.6363636363636364	0.7272727272727273	0.015851947610477878	0.05659517604436676	0.13636363636363635	0.18181818181818182	False
genome_only	leave_clade_out	0.1	0.0	1.0	22	0.045454545454545456	1.0	0.9545454545454546	0.6363636363636364	0.7272727272727273	0.015851947610477878	0.05659517604436676	0.13636363636363635	0.18181818181818182	False
genome_only	leave_clade_out	0.1	0.5	0.05	22	0.0	nan	1.0	0.6363636363636364	0.7272727272727273	0.015851947610477878	0.05659517604436676	0.13636363636363635	0.18181818181818182	False
genome_only	leave_clade_out	0.1	0.5	0.1	22	0.0	nan	1.0	0.6363636363636364	0.7272727272727273	0.015851947610477878	0.05659517604436676	0.13636363636363635	0.18181818181818182	False
genome_only	leave_clade_out	0.1	0.5	0.2	22	0.045454545454545456	1.0	0.9545454545454546	0.6363636363636364	0.7272727272727273	0.015851947610477878	0.05659517604436676	0.13636363636363635	0.18181818181818182	False
genome_only	leave_clade_out	0.1	0.5	1.0	22	0.045454545454545456	1.0	0.9545454545454546	0.6363636363636364	0.7272727272727273	0.015851947610477878	0.05659517604436676	0.13636363636363635	0.18181818181818182	False
genome_only	leave_clade_out	0.1	0.7	0.05	22	0.0	nan	1.0	0.6363636363636364	0.7272727272727273	0.015851947610477878	0.05659517604436676	0.13636363636363635	0.18181818181818182	False
genome_only	leave_clade_out	0.1	0.7	0.1	22	0.0	nan	1.0	0.6363636363636364	0.7272727272727273	0.015851947610477878	0.05659517604436676	0.13636363636363635	0.18181818181818182	False
genome_only	leave_clade_out	0.1	0.7	0.2	22	0.045454545454545456	1.0	0.9545454545454546	0.6363636363636364	0.7272727272727273	0.015851947610477878	0.05659517604436676	0.13636363636363635	0.18181818181818182	False
genome_only	leave_clade_out	0.1	0.7	1.0	22	0.045454545454545456	1.0	0.9545454545454546	0.6363636363636364	0.7272727272727273	0.015851947610477878	0.05659517604436676	0.13636363636363635	0.18181818181818182	False
genome_only	leave_clade_out	0.1	0.8	0.05	22	0.0	nan	1.0	0.6363636363636364	0.7272727272727273	0.015851947610477878	0.05659517604436676	0.13636363636363635	0.18181818181818182	False
genome_only	leave_clade_out	0.1	0.8	0.1	22	0.0	nan	1.0	0.6363636363636364	0.7272727272727273	0.015851947610477878	0.05659517604436676	0.13636363636363635	0.18181818181818182	False
genome_only	leave_clade_out	0.1	0.8	0.2	22	0.0	nan	1.0	0.6363636363636364	0.7272727272727273	0.015851947610477878	0.05659517604436676	0.13636363636363635	0.18181818181818182	False
genome_only	leave_clade_out	0.1	0.8	1.0	22	0.0	nan	1.0	0.6363636363636364	0.7272727272727273	0.015851947610477878	0.05659517604436676	0.13636363636363635	0.18181818181818182	False
genome_only	leave_clade_out	0.15	0.0	0.05	22	0.0	nan	1.0	0.6363636363636364	0.7272727272727273	0.015851947610477878	0.05659517604436676	0.13636363636363635	0.18181818181818182	False
genome_only	leave_clade_out	0.15	0.0	0.1	22	0.0	nan	1.0	0.6363636363636364	0.7272727272727273	0.015851947610477878	0.05659517604436676	0.13636363636363635	0.18181818181818182	False
genome_only	leave_clade_out	0.15	0.0	0.2	22	0.045454545454545456	1.0	0.9545454545454546	0.6363636363636364	0.7272727272727273	0.015851947610477878	0.05659517604436676	0.13636363636363635	0.18181818181818182	False
genome_only	leave_clade_out	0.15	0.0	1.0	22	0.045454545454545456	1.0	0.9545454545454546	0.6363636363636364	0.7272727272727273	0.015851947610477878	0.05659517604436676	0.13636363636363635	0.18181818181818182	False
genome_only	leave_clade_out	0.15	0.5	0.05	22	0.0	nan	1.0	0.6363636363636364	0.7272727272727273	0.015851947610477878	0.05659517604436676	0.13636363636363635	0.18181818181818182	False
genome_only	leave_clade_out	0.15	0.5	0.1	22	0.0	nan	1.0	0.6363636363636364	0.7272727272727273	0.015851947610477878	0.05659517604436676	0.13636363636363635	0.18181818181818182	False
genome_only	leave_clade_out	0.15	0.5	0.2	22	0.045454545454545456	1.0	0.9545454545454546	0.6363636363636364	0.7272727272727273	0.015851947610477878	0.05659517604436676	0.13636363636363635	0.18181818181818182	False
genome_only	leave_clade_out	0.15	0.5	1.0	22	0.045454545454545456	1.0	0.9545454545454546	0.6363636363636364	0.7272727272727273	0.015851947610477878	0.05659517604436676	0.13636363636363635	0.18181818181818182	False
genome_only	leave_clade_out	0.15	0.7	0.05	22	0.0	nan	1.0	0.6363636363636364	0.7272727272727273	0.015851947610477878	0.05659517604436676	0.13636363636363635	0.18181818181818182	False
genome_only	leave_clade_out	0.15	0.7	0.1	22	0.0	nan	1.0	0.6363636363636364	0.7272727272727273	0.015851947610477878	0.05659517604436676	0.13636363636363635	0.18181818181818182	False
genome_only	leave_clade_out	0.15	0.7	0.2	22	0.045454545454545456	1.0	0.9545454545454546	0.6363636363636364	0.7272727272727273	0.015851947610477878	0.05659517604436676	0.13636363636363635	0.18181818181818182	False
genome_only	leave_clade_out	0.15	0.7	1.0	22	0.045454545454545456	1.0	0.9545454545454546	0.6363636363636364	0.7272727272727273	0.015851947610477878	0.05659517604436676	0.13636363636363635	0.18181818181818182	False
genome_only	leave_clade_out	0.15	0.8	0.05	22	0.0	nan	1.0	0.6363636363636364	0.7272727272727273	0.015851947610477878	0.05659517604436676	0.13636363636363635	0.18181818181818182	False
genome_only	leave_clade_out	0.15	0.8	0.1	22	0.0	nan	1.0	0.6363636363636364	0.7272727272727273	0.015851947610477878	0.05659517604436676	0.13636363636363635	0.18181818181818182	False
genome_only	leave_clade_out	0.15	0.8	0.2	22	0.0	nan	1.0	0.6363636363636364	0.7272727272727273	0.015851947610477878	0.05659517604436676	0.13636363636363635	0.18181818181818182	False
genome_only	leave_clade_out	0.15	0.8	1.0	22	0.0	nan	1.0	0.6363636363636364	0.7272727272727273	0.015851947610477878	0.05659517604436676	0.13636363636363635	0.18181818181818182	False
genome_only	leave_species_out	0.0	0.0	0.05	22	0.0	nan	1.0	0.7727272727272727	0.8181818181818182	0.007531026342954275	0.0014422373471926796	0.13636363636363635	0.18181818181818182	False
genome_only	leave_species_out	0.0	0.0	0.1	22	0.09090909090909091	1.0	0.9090909090909091	0.7727272727272727	0.8181818181818182	0.007531026342954275	0.0014422373471926796	0.13636363636363635	0.18181818181818182	False
genome_only	leave_species_out	0.0	0.0	0.2	22	0.4090909090909091	0.5555555555555556	0.5909090909090909	0.6363636363636364	0.7272727272727273	0.025414682576187023	0.13735314458218323	0.13636363636363635	0.18181818181818182	False
genome_only	leave_species_out	0.0	0.0	1.0	22	1.0	0.45454545454545453	0.0	0.45454545454545453	0.5909090909090909	0.05019082354700047	0.2249027385691923	0.13636363636363635	0.18181818181818182	False
genome_only	leave_species_out	0.0	0.5	0.05	22	0.0	nan	1.0	0.7727272727272727	0.8181818181818182	0.007531026342954275	0.0014422373471926796	0.13636363636363635	0.18181818181818182	False
genome_only	leave_species_out	0.0	0.5	0.1	22	0.09090909090909091	1.0	0.9090909090909091	0.7727272727272727	0.8181818181818182	0.007531026342954275	0.0014422373471926796	0.13636363636363635	0.18181818181818182	False
genome_only	leave_species_out	0.0	0.5	0.2	22	0.3181818181818182	0.7142857142857143	0.6818181818181818	0.6818181818181818	0.7727272727272727	0.018125261884167996	0.009906341324510057	0.13636363636363635	0.18181818181818182	False
genome_only	leave_species_out	0.0	0.5	1.0	22	0.7727272727272727	0.5294117647058824	0.22727272727272727	0.5454545454545454	0.6818181818181818	0.02955313822509533	0.13735314458218323	0.13636363636363635	0.18181818181818182	False
genome_only	leave_species_out	0.0	0.7	0.05	22	0.0	nan	1.0	0.7727272727272727	0.8181818181818182	0.007531026342954275	0.0014422373471926796	0.13636363636363635	0.18181818181818182	False
genome_only	leave_species_out	0.0	0.7	0.1	22	0.09090909090909091	1.0	0.9090909090909091	0.7727272727272727	0.8181818181818182	0.007531026342954275	0.0014422373471926796	0.13636363636363635	0.18181818181818182	False
genome_only	leave_species_out	0.0	0.7	0.2	22	0.2727272727272727	0.8333333333333334	0.7272727272727273	0.7272727272727273	0.8181818181818182	0.007576473346453336	0.0014422373471926796	0.13636363636363635	0.18181818181818182	False
genome_only	leave_species_out	0.0	0.7	1.0	22	0.36363636363636365	0.75	0.6363636363636364	0.7272727272727273	0.7727272727272727	0.007637045683420044	0.002330957541462132	0.13636363636363635	0.18181818181818182	False
genome_only	leave_species_out	0.0	0.8	0.05	22	0.0	nan	1.0	0.7727272727272727	0.8181818181818182	0.007531026342954275	0.0014422373471926796	0.13636363636363635	0.18181818181818182	False
genome_only	leave_species_out	0.0	0.8	0.1	22	0.09090909090909091	1.0	0.9090909090909091	0.7727272727272727	0.8181818181818182	0.007531026342954275	0.0014422373471926796	0.13636363636363635	0.18181818181818182	False
genome_only	leave_species_out	0.0	0.8	0.2	22	0.18181818181818182	0.75	0.8181818181818182	0.7272727272727273	0.8181818181818182	0.007576473346453336	0.0014422373471926796	0.13636363636363635	0.18181818181818182	False
genome_only	leave_species_out	0.0	0.8	1.0	22	0.18181818181818182	0.75	0.8181818181818182	0.7272727272727273	0.8181818181818182	0.007576473346453336	0.0014422373471926796	0.13636363636363635	0.18181818181818182	False
genome_only	leave_species_out	0.05	0.0	0.05	22	0.0	nan	1.0	0.7727272727272727	0.8181818181818182	0.007531026342954275	0.0014422373471926796	0.13636363636363635	0.18181818181818182	False
genome_only	leave_species_out	0.05	0.0	0.1	22	0.0	nan	1.0	0.7727272727272727	0.8181818181818182	0.007531026342954275	0.0014422373471926796	0.13636363636363635	0.18181818181818182	False
genome_only	leave_species_out	0.05	0.0	0.2	22	0.09090909090909091	0.5	0.9090909090909091	0.7272727272727273	0.8181818181818182	0.007576473346453336	0.0014422373471926796	0.13636363636363635	0.18181818181818182	False
genome_only	leave_species_out	0.05	0.0	1.0	22	0.09090909090909091	0.5	0.9090909090909091	0.7272727272727273	0.8181818181818182	0.007576473346453336	0.0014422373471926796	0.13636363636363635	0.18181818181818182	False
genome_only	leave_species_out	0.05	0.5	0.05	22	0.0	nan	1.0	0.7727272727272727	0.8181818181818182	0.007531026342954275	0.0014422373471926796	0.13636363636363635	0.18181818181818182	False
genome_only	leave_species_out	0.05	0.5	0.1	22	0.0	nan	1.0	0.7727272727272727	0.8181818181818182	0.007531026342954275	0.0014422373471926796	0.13636363636363635	0.18181818181818182	False
genome_only	leave_species_out	0.05	0.5	0.2	22	0.09090909090909091	0.5	0.9090909090909091	0.7272727272727273	0.8181818181818182	0.007576473346453336	0.0014422373471926796	0.13636363636363635	0.18181818181818182	False
genome_only	leave_species_out	0.05	0.5	1.0	22	0.09090909090909091	0.5	0.9090909090909091	0.7272727272727273	0.8181818181818182	0.007576473346453336	0.0014422373471926796	0.13636363636363635	0.18181818181818182	False
genome_only	leave_species_out	0.05	0.7	0.05	22	0.0	nan	1.0	0.7727272727272727	0.8181818181818182	0.007531026342954275	0.0014422373471926796	0.13636363636363635	0.18181818181818182	False
genome_only	leave_species_out	0.05	0.7	0.1	22	0.0	nan	1.0	0.7727272727272727	0.8181818181818182	0.007531026342954275	0.0014422373471926796	0.13636363636363635	0.18181818181818182	False
genome_only	leave_species_out	0.05	0.7	0.2	22	0.09090909090909091	0.5	0.9090909090909091	0.7272727272727273	0.8181818181818182	0.007576473346453336	0.0014422373471926796	0.13636363636363635	0.18181818181818182	False
genome_only	leave_species_out	0.05	0.7	1.0	22	0.09090909090909091	0.5	0.9090909090909091	0.7272727272727273	0.8181818181818182	0.007576473346453336	0.0014422373471926796	0.13636363636363635	0.18181818181818182	False
genome_only	leave_species_out	0.05	0.8	0.05	22	0.0	nan	1.0	0.7727272727272727	0.8181818181818182	0.007531026342954275	0.0014422373471926796	0.13636363636363635	0.18181818181818182	False
genome_only	leave_species_out	0.05	0.8	0.1	22	0.0	nan	1.0	0.7727272727272727	0.8181818181818182	0.007531026342954275	0.0014422373471926796	0.13636363636363635	0.18181818181818182	False
genome_only	leave_species_out	0.05	0.8	0.2	22	0.045454545454545456	0.0	0.9545454545454546	0.7272727272727273	0.8181818181818182	0.007576473346453336	0.0014422373471926796	0.13636363636363635	0.18181818181818182	False
genome_only	leave_species_out	0.05	0.8	1.0	22	0.045454545454545456	0.0	0.9545454545454546	0.7272727272727273	0.8181818181818182	0.007576473346453336	0.0014422373471926796	0.13636363636363635	0.18181818181818182	False
genome_only	leave_species_out	0.1	0.0	0.05	22	0.0	nan	1.0	0.7727272727272727	0.8181818181818182	0.007531026342954275	0.0014422373471926796	0.13636363636363635	0.18181818181818182	False
genome_only	leave_species_out	0.1	0.0	0.1	22	0.0	nan	1.0	0.7727272727272727	0.8181818181818182	0.007531026342954275	0.0014422373471926796	0.13636363636363635	0.18181818181818182	False
genome_only	leave_species_out	0.1	0.0	0.2	22	0.045454545454545456	1.0	0.9545454545454546	0.7727272727272727	0.8181818181818182	0.007531026342954275	0.0014422373471926796	0.13636363636363635	0.18181818181818182	False
genome_only	leave_species_out	0.1	0.0	1.0	22	0.045454545454545456	1.0	0.9545454545454546	0.7727272727272727	0.8181818181818182	0.007531026342954275	0.0014422373471926796	0.13636363636363635	0.18181818181818182	False
genome_only	leave_species_out	0.1	0.5	0.05	22	0.0	nan	1.0	0.7727272727272727	0.8181818181818182	0.007531026342954275	0.0014422373471926796	0.13636363636363635	0.18181818181818182	False
genome_only	leave_species_out	0.1	0.5	0.1	22	0.0	nan	1.0	0.7727272727272727	0.8181818181818182	0.007531026342954275	0.0014422373471926796	0.13636363636363635	0.18181818181818182	False
genome_only	leave_species_out	0.1	0.5	0.2	22	0.045454545454545456	1.0	0.9545454545454546	0.7727272727272727	0.8181818181818182	0.007531026342954275	0.0014422373471926796	0.13636363636363635	0.18181818181818182	False
genome_only	leave_species_out	0.1	0.5	1.0	22	0.045454545454545456	1.0	0.9545454545454546	0.7727272727272727	0.8181818181818182	0.007531026342954275	0.0014422373471926796	0.13636363636363635	0.18181818181818182	False
genome_only	leave_species_out	0.1	0.7	0.05	22	0.0	nan	1.0	0.7727272727272727	0.8181818181818182	0.007531026342954275	0.0014422373471926796	0.13636363636363635	0.18181818181818182	False
genome_only	leave_species_out	0.1	0.7	0.1	22	0.0	nan	1.0	0.7727272727272727	0.8181818181818182	0.007531026342954275	0.0014422373471926796	0.13636363636363635	0.18181818181818182	False
genome_only	leave_species_out	0.1	0.7	0.2	22	0.045454545454545456	1.0	0.9545454545454546	0.7727272727272727	0.8181818181818182	0.007531026342954275	0.0014422373471926796	0.13636363636363635	0.18181818181818182	False
genome_only	leave_species_out	0.1	0.7	1.0	22	0.045454545454545456	1.0	0.9545454545454546	0.7727272727272727	0.8181818181818182	0.007531026342954275	0.0014422373471926796	0.13636363636363635	0.18181818181818182	False
genome_only	leave_species_out	0.1	0.8	0.05	22	0.0	nan	1.0	0.7727272727272727	0.8181818181818182	0.007531026342954275	0.0014422373471926796	0.13636363636363635	0.18181818181818182	False
genome_only	leave_species_out	0.1	0.8	0.1	22	0.0	nan	1.0	0.7727272727272727	0.8181818181818182	0.007531026342954275	0.0014422373471926796	0.13636363636363635	0.18181818181818182	False
genome_only	leave_species_out	0.1	0.8	0.2	22	0.0	nan	1.0	0.7727272727272727	0.8181818181818182	0.007531026342954275	0.0014422373471926796	0.13636363636363635	0.18181818181818182	False
genome_only	leave_species_out	0.1	0.8	1.0	22	0.0	nan	1.0	0.7727272727272727	0.8181818181818182	0.007531026342954275	0.0014422373471926796	0.13636363636363635	0.18181818181818182	False
genome_only	leave_species_out	0.15	0.0	0.05	22	0.0	nan	1.0	0.7727272727272727	0.8181818181818182	0.007531026342954275	0.0014422373471926796	0.13636363636363635	0.18181818181818182	False
genome_only	leave_species_out	0.15	0.0	0.1	22	0.0	nan	1.0	0.7727272727272727	0.8181818181818182	0.007531026342954275	0.0014422373471926796	0.13636363636363635	0.18181818181818182	False
genome_only	leave_species_out	0.15	0.0	0.2	22	0.045454545454545456	1.0	0.9545454545454546	0.7727272727272727	0.8181818181818182	0.007531026342954275	0.0014422373471926796	0.13636363636363635	0.18181818181818182	False
genome_only	leave_species_out	0.15	0.0	1.0	22	0.045454545454545456	1.0	0.9545454545454546	0.7727272727272727	0.8181818181818182	0.007531026342954275	0.0014422373471926796	0.13636363636363635	0.18181818181818182	False
genome_only	leave_species_out	0.15	0.5	0.05	22	0.0	nan	1.0	0.7727272727272727	0.8181818181818182	0.007531026342954275	0.0014422373471926796	0.13636363636363635	0.18181818181818182	False
genome_only	leave_species_out	0.15	0.5	0.1	22	0.0	nan	1.0	0.7727272727272727	0.8181818181818182	0.007531026342954275	0.0014422373471926796	0.13636363636363635	0.18181818181818182	False
genome_only	leave_species_out	0.15	0.5	0.2	22	0.045454545454545456	1.0	0.9545454545454546	0.7727272727272727	0.8181818181818182	0.007531026342954275	0.0014422373471926796	0.13636363636363635	0.18181818181818182	False
genome_only	leave_species_out	0.15	0.5	1.0	22	0.045454545454545456	1.0	0.9545454545454546	0.7727272727272727	0.8181818181818182	0.007531026342954275	0.0014422373471926796	0.13636363636363635	0.18181818181818182	False
genome_only	leave_species_out	0.15	0.7	0.05	22	0.0	nan	1.0	0.7727272727272727	0.8181818181818182	0.007531026342954275	0.0014422373471926796	0.13636363636363635	0.18181818181818182	False
genome_only	leave_species_out	0.15	0.7	0.1	22	0.0	nan	1.0	0.7727272727272727	0.8181818181818182	0.007531026342954275	0.0014422373471926796	0.13636363636363635	0.18181818181818182	False
genome_only	leave_species_out	0.15	0.7	0.2	22	0.045454545454545456	1.0	0.9545454545454546	0.7727272727272727	0.8181818181818182	0.007531026342954275	0.0014422373471926796	0.13636363636363635	0.18181818181818182	False
genome_only	leave_species_out	0.15	0.7	1.0	22	0.045454545454545456	1.0	0.9545454545454546	0.7727272727272727	0.8181818181818182	0.007531026342954275	0.0014422373471926796	0.13636363636363635	0.18181818181818182	False
genome_only	leave_species_out	0.15	0.8	0.05	22	0.0	nan	1.0	0.7727272727272727	0.8181818181818182	0.007531026342954275	0.0014422373471926796	0.13636363636363635	0.18181818181818182	False
genome_only	leave_species_out	0.15	0.8	0.1	22	0.0	nan	1.0	0.7727272727272727	0.8181818181818182	0.007531026342954275	0.0014422373471926796	0.13636363636363635	0.18181818181818182	False
genome_only	leave_species_out	0.15	0.8	0.2	22	0.0	nan	1.0	0.7727272727272727	0.8181818181818182	0.007531026342954275	0.0014422373471926796	0.13636363636363635	0.18181818181818182	False
genome_only	leave_species_out	0.15	0.8	1.0	22	0.0	nan	1.0	0.7727272727272727	0.8181818181818182	0.007531026342954275	0.0014422373471926796	0.13636363636363635	0.18181818181818182	False
