model_tag	panel	variant	iou_threshold	boundary_tol_bp	n_rows	bp_precision_mean	bp_precision_std	bp_precision_min	bp_precision_max	bp_recall_mean	bp_recall_std	bp_recall_min	bp_recall_max	bp_f1_mean	bp_f1_std	bp_f1_min	bp_f1_max	segment_precision_mean	segment_precision_std	segment_precision_min	segment_precision_max	segment_recall_mean	segment_recall_std	segment_recall_min	segment_recall_max	segment_f1_mean	segment_f1_std	segment_f1_min	segment_f1_max	mean_matched_iou_mean	mean_matched_iou_std	mean_matched_iou_min	mean_matched_iou_max	boundary_precision_mean	boundary_precision_std	boundary_precision_min	boundary_precision_max	boundary_recall_mean	boundary_recall_std	boundary_recall_min	boundary_recall_max	boundary_f1_mean	boundary_f1_std	boundary_f1_min	boundary_f1_max	median_boundary_error_bp_mean	median_boundary_error_bp_std	median_boundary_error_bp_min	median_boundary_error_bp_max	pred_true_backed_rate_mean	pred_true_backed_rate_std	pred_true_backed_rate_min	pred_true_backed_rate_max	short_pred_segments_mean	short_pred_segments_std	short_pred_segments_min	short_pred_segments_max	short_true_backed_rate_mean	short_true_backed_rate_std	short_true_backed_rate_min	short_true_backed_rate_max	short_mean_best_iou_mean	short_mean_best_iou_std	short_mean_best_iou_min	short_mean_best_iou_max	mean_fragments_per_true_mean	mean_fragments_per_true_std	mean_fragments_per_true_min	mean_fragments_per_true_max	split_true_rate_mean	split_true_rate_std	split_true_rate_min	split_true_rate_max	missed_true_rate_mean	missed_true_rate_std	missed_true_rate_min	missed_true_rate_max	true_segments_mean	true_segments_std	true_segments_min	true_segments_max	pred_segments_mean	pred_segments_std	pred_segments_min	pred_segments_max	bp_n_mean	bp_n_std	bp_n_min	bp_n_max
ntv2_250m_w4096	animal_fine	crf_style_penalty4	0.5	5	18	0.8349667441256957	0.09850743239232371	0.6307574545920464	0.9469646962245744	0.5953517439251844	0.3008248959825411	0.0618001731488054	0.9537934793694371	0.6452666459718914	0.26339793201838746	0.1133202590120026	0.9460619556054832	0.36841228189393693	0.24494494479397033	0.0365853658536585	0.6782477341389728	0.3894332656382338	0.29237893484211624	0.0146953405017921	0.8708022388059702	0.37211448337305053	0.2657510916611885	0.0244630071599045	0.7128675066819397	0.7950556616356883	0.08498413611955052	0.5844836092221074	0.8982950240128141	0.09466215900690912	0.08409697479474487	0.0	0.2444587214905236	0.10656903004023004	0.11136976626891476	0.0	0.3507462686567164	0.0989429283484738	0.09548503316712616	0.0	0.2871324933180603	90.36111111111111	253.12154459837922	4.5	1091.5	0.6891182635333108	0.13061626057983308	0.4746644754861682	0.9199400299850076	850.2222222222222	430.15887018027564	91	1512	0.483776153109123	0.18394719012010344	0.2857142857142857	0.893970893970894	0.13363307423304807	0.08894798637112018	0.009916752765721	0.3203031690697365	0.8013069270718344	0.30989031826116226	0.1232974910394265	1.05297580117724	0.09095149509466956	0.05869791424774532	0.0268817204301075	0.2266187050359712	0.3848577137472662	0.31171563425873516	0.0494402985074626	0.9186379928315412	3480.4444444444443	1782.4979241707977	122	6620	3233.6111111111113	1880.204060855501	164	5958	4890357.444444444	43828.56139446618	4777948	4914993
ntv2_250m_w4096	animal_fine	crf_style_penalty4	0.5	10	18	0.8349667441256957	0.09850743239232371	0.6307574545920464	0.9469646962245744	0.5953517439251844	0.3008248959825411	0.0618001731488054	0.9537934793694371	0.6452666459718914	0.26339793201838746	0.1133202590120026	0.9460619556054832	0.36841228189393693	0.24494494479397033	0.0365853658536585	0.6782477341389728	0.3894332656382338	0.29237893484211624	0.0146953405017921	0.8708022388059702	0.37211448337305053	0.2657510916611885	0.0244630071599045	0.7128675066819397	0.7950556616356883	0.08498413611955052	0.5844836092221074	0.8982950240128141	0.1498193276383024	0.1314395474905374	0.0	0.3870864118213941	0.16732630742845156	0.17167537094863652	0.0	0.5307835820895522	0.155887218079374	0.14829547250889796	0.0	0.4345169912180221	90.36111111111111	253.12154459837922	4.5	1091.5	0.6891182635333108	0.13061626057983308	0.4746644754861682	0.9199400299850076	850.2222222222222	430.15887018027564	91	1512	0.483776153109123	0.18394719012010344	0.2857142857142857	0.893970893970894	0.13363307423304807	0.08894798637112018	0.009916752765721	0.3203031690697365	0.8013069270718344	0.30989031826116226	0.1232974910394265	1.05297580117724	0.09095149509466956	0.05869791424774532	0.0268817204301075	0.2266187050359712	0.3848577137472662	0.31171563425873516	0.0494402985074626	0.9186379928315412	3480.4444444444443	1782.4979241707977	122	6620	3233.6111111111113	1880.204060855501	164	5958	4890357.444444444	43828.56139446618	4777948	4914993
ntv2_250m_w4096	animal_fine	crf_style_penalty4	0.5	25	18	0.8349667441256957	0.09850743239232371	0.6307574545920464	0.9469646962245744	0.5953517439251844	0.3008248959825411	0.0618001731488054	0.9537934793694371	0.6452666459718914	0.26339793201838746	0.1133202590120026	0.9460619556054832	0.36841228189393693	0.24494494479397033	0.0365853658536585	0.6782477341389728	0.3894332656382338	0.29237893484211624	0.0146953405017921	0.8708022388059702	0.37211448337305053	0.2657510916611885	0.0244630071599045	0.7128675066819397	0.7950556616356883	0.08498413611955052	0.5844836092221074	0.8982950240128141	0.2184643035206079	0.1820982321507578	0.0	0.5162222936074526	0.2405491312345358	0.22960587621817297	0.0	0.7000932835820896	0.2258569562540018	0.2016191747490294	0.0	0.5731195112638412	90.36111111111111	253.12154459837922	4.5	1091.5	0.6891182635333108	0.13061626057983308	0.4746644754861682	0.9199400299850076	850.2222222222222	430.15887018027564	91	1512	0.483776153109123	0.18394719012010344	0.2857142857142857	0.893970893970894	0.13363307423304807	0.08894798637112018	0.009916752765721	0.3203031690697365	0.8013069270718344	0.30989031826116226	0.1232974910394265	1.05297580117724	0.09095149509466956	0.05869791424774532	0.0268817204301075	0.2266187050359712	0.3848577137472662	0.31171563425873516	0.0494402985074626	0.9186379928315412	3480.4444444444443	1782.4979241707977	122	6620	3233.6111111111113	1880.204060855501	164	5958	4890357.444444444	43828.56139446618	4777948	4914993
ntv2_250m_w4096	animal_fine	crf_style_penalty4	0.5	50	18	0.8349667441256957	0.09850743239232371	0.6307574545920464	0.9469646962245744	0.5953517439251844	0.3008248959825411	0.0618001731488054	0.9537934793694371	0.6452666459718914	0.26339793201838746	0.1133202590120026	0.9460619556054832	0.36841228189393693	0.24494494479397033	0.0365853658536585	0.6782477341389728	0.3894332656382338	0.29237893484211624	0.0146953405017921	0.8708022388059702	0.37211448337305053	0.2657510916611885	0.0244630071599045	0.7128675066819397	0.7950556616356883	0.08498413611955052	0.5844836092221074	0.8982950240128141	0.26143954608541925	0.20886275382696903	0.0	0.5817539351108255	0.28545161523190915	0.25978429706622563	0.0	0.7807835820895522	0.26905638714098984	0.22984945785410865	0.0	0.6391752577319587	90.36111111111111	253.12154459837922	4.5	1091.5	0.6891182635333108	0.13061626057983308	0.4746644754861682	0.9199400299850076	850.2222222222222	430.15887018027564	91	1512	0.483776153109123	0.18394719012010344	0.2857142857142857	0.893970893970894	0.13363307423304807	0.08894798637112018	0.009916752765721	0.3203031690697365	0.8013069270718344	0.30989031826116226	0.1232974910394265	1.05297580117724	0.09095149509466956	0.05869791424774532	0.0268817204301075	0.2266187050359712	0.3848577137472662	0.31171563425873516	0.0494402985074626	0.9186379928315412	3480.4444444444443	1782.4979241707977	122	6620	3233.6111111111113	1880.204060855501	164	5958	4890357.444444444	43828.56139446618	4777948	4914993
ntv2_250m_w4096	animal_fine	crf_style_penalty4	0.5	100	18	0.8349667441256957	0.09850743239232371	0.6307574545920464	0.9469646962245744	0.5953517439251844	0.3008248959825411	0.0618001731488054	0.9537934793694371	0.6452666459718914	0.26339793201838746	0.1133202590120026	0.9460619556054832	0.36841228189393693	0.24494494479397033	0.0365853658536585	0.6782477341389728	0.3894332656382338	0.29237893484211624	0.0146953405017921	0.8708022388059702	0.37211448337305053	0.2657510916611885	0.0244630071599045	0.7128675066819397	0.7950556616356883	0.08498413611955052	0.5844836092221074	0.8982950240128141	0.2962034689773973	0.2253259602669629	0.0	0.6180533247671057	0.3200079300715578	0.27722076539590473	0.0	0.832089552238806	0.3029380422218705	0.24707043495707628	0.0	0.681176021382207	90.36111111111111	253.12154459837922	4.5	1091.5	0.6891182635333108	0.13061626057983308	0.4746644754861682	0.9199400299850076	850.2222222222222	430.15887018027564	91	1512	0.483776153109123	0.18394719012010344	0.2857142857142857	0.893970893970894	0.13363307423304807	0.08894798637112018	0.009916752765721	0.3203031690697365	0.8013069270718344	0.30989031826116226	0.1232974910394265	1.05297580117724	0.09095149509466956	0.05869791424774532	0.0268817204301075	0.2266187050359712	0.3848577137472662	0.31171563425873516	0.0494402985074626	0.9186379928315412	3480.4444444444443	1782.4979241707977	122	6620	3233.6111111111113	1880.204060855501	164	5958	4890357.444444444	43828.56139446618	4777948	4914993
ntv2_250m_w4096	animal_fine	crf_style_penalty4	0.7	5	18	0.8349667441256957	0.09850743239232371	0.6307574545920464	0.9469646962245744	0.5953517439251844	0.3008248959825411	0.0618001731488054	0.9537934793694371	0.6452666459718914	0.26339793201838746	0.1133202590120026	0.9460619556054832	0.28977016822371376	0.21846294122911578	0.0	0.583681336331513	0.31202264800525087	0.26473649896431284	0.0	0.7831156716417911	0.2960907244917871	0.2373987554453853	0.0	0.6410843833524247	0.8403246573724474	0.21207497253245958	0.0	0.9285952745992408	0.0946450702478948	0.08408838524512183	0.0	0.2444587214905236	0.10655382183996846	0.11136785722721652	0.0	0.3507462686567164	0.09892683461859096	0.09548007122491249	0.0	0.2871324933180603	13.088235294117647	15.046007873890549	4.0	52.5	0.6891182635333108	0.13061626057983308	0.4746644754861682	0.9199400299850076	850.2222222222222	430.15887018027564	91	1512	0.483776153109123	0.18394719012010344	0.2857142857142857	0.893970893970894	0.13363307423304807	0.08894798637112018	0.009916752765721	0.3203031690697365	0.8013069270718344	0.30989031826116226	0.1232974910394265	1.05297580117724	0.09095149509466956	0.05869791424774532	0.0268817204301075	0.2266187050359712	0.3848577137472662	0.31171563425873516	0.0494402985074626	0.9186379928315412	3480.4444444444443	1782.4979241707977	122	6620	3233.6111111111113	1880.204060855501	164	5958	4890357.444444444	43828.56139446618	4777948	4914993
ntv2_250m_w4096	animal_fine	crf_style_penalty4	0.7	10	18	0.8349667441256957	0.09850743239232371	0.6307574545920464	0.9469646962245744	0.5953517439251844	0.3008248959825411	0.0618001731488054	0.9537934793694371	0.6452666459718914	0.26339793201838746	0.1133202590120026	0.9460619556054832	0.28977016822371376	0.21846294122911578	0.0	0.583681336331513	0.31202264800525087	0.26473649896431284	0.0	0.7831156716417911	0.2960907244917871	0.2373987554453853	0.0	0.6410843833524247	0.8403246573724474	0.21207497253245958	0.0	0.9285952745992408	0.14962325158554318	0.13129561483573277	0.0	0.3864439447478316	0.16713216326809127	0.17156850596361803	0.0	0.5307835820895522	0.15569263268050662	0.1481690293585514	0.0	0.4345169912180221	13.088235294117647	15.046007873890549	4.0	52.5	0.6891182635333108	0.13061626057983308	0.4746644754861682	0.9199400299850076	850.2222222222222	430.15887018027564	91	1512	0.483776153109123	0.18394719012010344	0.2857142857142857	0.893970893970894	0.13363307423304807	0.08894798637112018	0.009916752765721	0.3203031690697365	0.8013069270718344	0.30989031826116226	0.1232974910394265	1.05297580117724	0.09095149509466956	0.05869791424774532	0.0268817204301075	0.2266187050359712	0.3848577137472662	0.31171563425873516	0.0494402985074626	0.9186379928315412	3480.4444444444443	1782.4979241707977	122	6620	3233.6111111111113	1880.204060855501	164	5958	4890357.444444444	43828.56139446618	4777948	4914993
ntv2_250m_w4096	animal_fine	crf_style_penalty4	0.7	25	18	0.8349667441256957	0.09850743239232371	0.6307574545920464	0.9469646962245744	0.5953517439251844	0.3008248959825411	0.0618001731488054	0.9537934793694371	0.6452666459718914	0.26339793201838746	0.1133202590120026	0.9460619556054832	0.28977016822371376	0.21846294122911578	0.0	0.583681336331513	0.31202264800525087	0.26473649896431284	0.0	0.7831156716417911	0.2960907244917871	0.2373987554453853	0.0	0.6410843833524247	0.8403246573724474	0.21207497253245958	0.0	0.9285952745992408	0.21467735773478297	0.17970659955149718	0.0	0.5069065210407967	0.23648581023486828	0.22631762940230976	0.0	0.6879664179104478	0.22202619141868446	0.1987990849802252	0.0	0.5631920580374189	13.088235294117647	15.046007873890549	4.0	52.5	0.6891182635333108	0.13061626057983308	0.4746644754861682	0.9199400299850076	850.2222222222222	430.15887018027564	91	1512	0.483776153109123	0.18394719012010344	0.2857142857142857	0.893970893970894	0.13363307423304807	0.08894798637112018	0.009916752765721	0.3203031690697365	0.8013069270718344	0.30989031826116226	0.1232974910394265	1.05297580117724	0.09095149509466956	0.05869791424774532	0.0268817204301075	0.2266187050359712	0.3848577137472662	0.31171563425873516	0.0494402985074626	0.9186379928315412	3480.4444444444443	1782.4979241707977	122	6620	3233.6111111111113	1880.204060855501	164	5958	4890357.444444444	43828.56139446618	4777948	4914993
ntv2_250m_w4096	animal_fine	crf_style_penalty4	0.7	50	18	0.8349667441256957	0.09850743239232371	0.6307574545920464	0.9469646962245744	0.5953517439251844	0.3008248959825411	0.0618001731488054	0.9537934793694371	0.6452666459718914	0.26339793201838746	0.1133202590120026	0.9460619556054832	0.28977016822371376	0.21846294122911578	0.0	0.583681336331513	0.31202264800525087	0.26473649896431284	0.0	0.7831156716417911	0.2960907244917871	0.2373987554453853	0.0	0.6410843833524247	0.8403246573724474	0.21207497253245958	0.0	0.9285952745992408	0.24715552744914382	0.2007996135208166	0.0	0.5550915515579826	0.2706847379978046	0.24937301607185078	0.0	0.7476679104477612	0.25492035155682324	0.2205530755389527	0.0	0.612065673921344	13.088235294117647	15.046007873890549	4.0	52.5	0.6891182635333108	0.13061626057983308	0.4746644754861682	0.9199400299850076	850.2222222222222	430.15887018027564	91	1512	0.483776153109123	0.18394719012010344	0.2857142857142857	0.893970893970894	0.13363307423304807	0.08894798637112018	0.009916752765721	0.3203031690697365	0.8013069270718344	0.30989031826116226	0.1232974910394265	1.05297580117724	0.09095149509466956	0.05869791424774532	0.0268817204301075	0.2266187050359712	0.3848577137472662	0.31171563425873516	0.0494402985074626	0.9186379928315412	3480.4444444444443	1782.4979241707977	122	6620	3233.6111111111113	1880.204060855501	164	5958	4890357.444444444	43828.56139446618	4777948	4914993
ntv2_250m_w4096	animal_fine	crf_style_penalty4	0.7	100	18	0.8349667441256957	0.09850743239232371	0.6307574545920464	0.9469646962245744	0.5953517439251844	0.3008248959825411	0.0618001731488054	0.9537934793694371	0.6452666459718914	0.26339793201838746	0.1133202590120026	0.9460619556054832	0.28977016822371376	0.21846294122911578	0.0	0.583681336331513	0.31202264800525087	0.26473649896431284	0.0	0.7831156716417911	0.2960907244917871	0.2373987554453853	0.0	0.6410843833524247	0.8403246573724474	0.21207497253245958	0.0	0.9285952745992408	0.26597906975520424	0.20993535279050843	0.0	0.5734018631545134	0.28957684543524986	0.2584794422039412	0.0	0.7709888059701493	0.2734492195850579	0.22970971951683244	0.0	0.6311569301260023	13.088235294117647	15.046007873890549	4.0	52.5	0.6891182635333108	0.13061626057983308	0.4746644754861682	0.9199400299850076	850.2222222222222	430.15887018027564	91	1512	0.483776153109123	0.18394719012010344	0.2857142857142857	0.893970893970894	0.13363307423304807	0.08894798637112018	0.009916752765721	0.3203031690697365	0.8013069270718344	0.30989031826116226	0.1232974910394265	1.05297580117724	0.09095149509466956	0.05869791424774532	0.0268817204301075	0.2266187050359712	0.3848577137472662	0.31171563425873516	0.0494402985074626	0.9186379928315412	3480.4444444444443	1782.4979241707977	122	6620	3233.6111111111113	1880.204060855501	164	5958	4890357.444444444	43828.56139446618	4777948	4914993
ntv2_250m_w4096	animal_fine	crf_style_penalty4	0.8	5	18	0.8349667441256957	0.09850743239232371	0.6307574545920464	0.9469646962245744	0.5953517439251844	0.3008248959825411	0.0618001731488054	0.9537934793694371	0.6452666459718914	0.26339793201838746	0.1133202590120026	0.9460619556054832	0.2489551065548927	0.19606594182846931	0.0	0.5329264375200771	0.27039032215131975	0.24009974216746333	0.0	0.7117537313432836	0.25565155772442577	0.2138759305473582	0.0	0.5826651393661703	0.8708928206333774	0.2182727008201247	0.0	0.9460043064004792	0.09458152852182608	0.08406243682520581	0.0	0.2444587214905236	0.10649427495055368	0.11135958369476855	0.0	0.3507462686567164	0.0988653772852015	0.09546300962774242	0.0	0.2871324933180603	8.338235294117647	7.151781452280017	4.0	27.5	0.6891182635333108	0.13061626057983308	0.4746644754861682	0.9199400299850076	850.2222222222222	430.15887018027564	91	1512	0.483776153109123	0.18394719012010344	0.2857142857142857	0.893970893970894	0.13363307423304807	0.08894798637112018	0.009916752765721	0.3203031690697365	0.8013069270718344	0.30989031826116226	0.1232974910394265	1.05297580117724	0.09095149509466956	0.05869791424774532	0.0268817204301075	0.2266187050359712	0.3848577137472662	0.31171563425873516	0.0494402985074626	0.9186379928315412	3480.4444444444443	1782.4979241707977	122	6620	3233.6111111111113	1880.204060855501	164	5958	4890357.444444444	43828.56139446618	4777948	4914993
ntv2_250m_w4096	animal_fine	crf_style_penalty4	0.8	10	18	0.8349667441256957	0.09850743239232371	0.6307574545920464	0.9469646962245744	0.5953517439251844	0.3008248959825411	0.0618001731488054	0.9537934793694371	0.6452666459718914	0.26339793201838746	0.1133202590120026	0.9460619556054832	0.2489551065548927	0.19606594182846931	0.0	0.5329264375200771	0.27039032215131975	0.24009974216746333	0.0	0.7117537313432836	0.25565155772442577	0.2138759305473582	0.0	0.5826651393661703	0.8708928206333774	0.2182727008201247	0.0	0.9460043064004792	0.14848934550101098	0.13061369206577308	0.0	0.3845165435271442	0.16594425603711815	0.17053904102201276	0.0	0.527518656716418	0.15457606348393788	0.14731170986177494	0.0	0.43184421534937	8.338235294117647	7.151781452280017	4.0	27.5	0.6891182635333108	0.13061626057983308	0.4746644754861682	0.9199400299850076	850.2222222222222	430.15887018027564	91	1512	0.483776153109123	0.18394719012010344	0.2857142857142857	0.893970893970894	0.13363307423304807	0.08894798637112018	0.009916752765721	0.3203031690697365	0.8013069270718344	0.30989031826116226	0.1232974910394265	1.05297580117724	0.09095149509466956	0.05869791424774532	0.0268817204301075	0.2266187050359712	0.3848577137472662	0.31171563425873516	0.0494402985074626	0.9186379928315412	3480.4444444444443	1782.4979241707977	122	6620	3233.6111111111113	1880.204060855501	164	5958	4890357.444444444	43828.56139446618	4777948	4914993
ntv2_250m_w4096	animal_fine	crf_style_penalty4	0.8	25	18	0.8349667441256957	0.09850743239232371	0.6307574545920464	0.9469646962245744	0.5953517439251844	0.3008248959825411	0.0618001731488054	0.9537934793694371	0.6452666459718914	0.26339793201838746	0.1133202590120026	0.9460619556054832	0.2489551065548927	0.19606594182846931	0.0	0.5329264375200771	0.27039032215131975	0.24009974216746333	0.0	0.7117537313432836	0.25565155772442577	0.2138759305473582	0.0	0.5826651393661703	0.8708928206333774	0.2182727008201247	0.0	0.9460043064004792	0.20448363742399212	0.17238573108646504	0.0	0.4840989399293286	0.22543340121993932	0.21612632685140318	0.0	0.652518656716418	0.2116638259997647	0.1901472456289298	0.0	0.5341733486063382	8.338235294117647	7.151781452280017	4.0	27.5	0.6891182635333108	0.13061626057983308	0.4746644754861682	0.9199400299850076	850.2222222222222	430.15887018027564	91	1512	0.483776153109123	0.18394719012010344	0.2857142857142857	0.893970893970894	0.13363307423304807	0.08894798637112018	0.009916752765721	0.3203031690697365	0.8013069270718344	0.30989031826116226	0.1232974910394265	1.05297580117724	0.09095149509466956	0.05869791424774532	0.0268817204301075	0.2266187050359712	0.3848577137472662	0.31171563425873516	0.0494402985074626	0.9186379928315412	3480.4444444444443	1782.4979241707977	122	6620	3233.6111111111113	1880.204060855501	164	5958	4890357.444444444	43828.56139446618	4777948	4914993
ntv2_250m_w4096	animal_fine	crf_style_penalty4	0.8	50	18	0.8349667441256957	0.09850743239232371	0.6307574545920464	0.9469646962245744	0.5953517439251844	0.3008248959825411	0.0618001731488054	0.9537934793694371	0.6452666459718914	0.26339793201838746	0.1133202590120026	0.9460619556054832	0.2489551065548927	0.19606594182846931	0.0	0.5329264375200771	0.27039032215131975	0.24009974216746333	0.0	0.7117537313432836	0.25565155772442577	0.2138759305473582	0.0	0.5826651393661703	0.8708928206333774	0.2182727008201247	0.0	0.9460043064004792	0.22689940817500545	0.1866147066362558	0.0	0.5168647606810151	0.24908652116141658	0.23155697861452132	0.0	0.6921641791044776	0.23443120527810585	0.20471056053930273	0.0	0.5666284841542574	8.338235294117647	7.151781452280017	4.0	27.5	0.6891182635333108	0.13061626057983308	0.4746644754861682	0.9199400299850076	850.2222222222222	430.15887018027564	91	1512	0.483776153109123	0.18394719012010344	0.2857142857142857	0.893970893970894	0.13363307423304807	0.08894798637112018	0.009916752765721	0.3203031690697365	0.8013069270718344	0.30989031826116226	0.1232974910394265	1.05297580117724	0.09095149509466956	0.05869791424774532	0.0268817204301075	0.2266187050359712	0.3848577137472662	0.31171563425873516	0.0494402985074626	0.9186379928315412	3480.4444444444443	1782.4979241707977	122	6620	3233.6111111111113	1880.204060855501	164	5958	4890357.444444444	43828.56139446618	4777948	4914993
ntv2_250m_w4096	animal_fine	crf_style_penalty4	0.8	100	18	0.8349667441256957	0.09850743239232371	0.6307574545920464	0.9469646962245744	0.5953517439251844	0.3008248959825411	0.0618001731488054	0.9537934793694371	0.6452666459718914	0.26339793201838746	0.1133202590120026	0.9460619556054832	0.2489551065548927	0.19606594182846931	0.0	0.5329264375200771	0.27039032215131975	0.24009974216746333	0.0	0.7117537313432836	0.25565155772442577	0.2138759305473582	0.0	0.5826651393661703	0.8708928206333774	0.2182727008201247	0.0	0.9460043064004792	0.23774138134542566	0.19220712916563915	0.0	0.5281079344683585	0.2601693218809774	0.23709364118591142	0.0	0.7066231343283582	0.24525302976894622	0.21020871766482563	0.0	0.5784650630011454	8.338235294117647	7.151781452280017	4.0	27.5	0.6891182635333108	0.13061626057983308	0.4746644754861682	0.9199400299850076	850.2222222222222	430.15887018027564	91	1512	0.483776153109123	0.18394719012010344	0.2857142857142857	0.893970893970894	0.13363307423304807	0.08894798637112018	0.009916752765721	0.3203031690697365	0.8013069270718344	0.30989031826116226	0.1232974910394265	1.05297580117724	0.09095149509466956	0.05869791424774532	0.0268817204301075	0.2266187050359712	0.3848577137472662	0.31171563425873516	0.0494402985074626	0.9186379928315412	3480.4444444444443	1782.4979241707977	122	6620	3233.6111111111113	1880.204060855501	164	5958	4890357.444444444	43828.56139446618	4777948	4914993
ntv2_250m_w4096	animal_fine	crf_style_penalty4	0.9	5	18	0.8349667441256957	0.09850743239232371	0.6307574545920464	0.9469646962245744	0.5953517439251844	0.3008248959825411	0.0618001731488054	0.9537934793694371	0.6452666459718914	0.26339793201838746	0.1133202590120026	0.9460619556054832	0.1821186022074857	0.15130907177007868	0.0	0.4156761965949245	0.20124349102992298	0.1890187972333983	0.0	0.5657649253731343	0.1889814546974126	0.16619940698874555	0.0	0.4631538755250095	0.906630722534429	0.2263691565271864	0.0	0.9687546689490224	0.0922481843544513	0.08244563532779012	0.0	0.2373915836813363	0.10411987344162485	0.10858807712766408	0.0	0.3390858208955223	0.09665255497588174	0.09322267274576593	0.0	0.2775868652157311	4.985294117647059	3.6125547013973693	1.5	14.5	0.6891182635333108	0.13061626057983308	0.4746644754861682	0.9199400299850076	850.2222222222222	430.15887018027564	91	1512	0.483776153109123	0.18394719012010344	0.2857142857142857	0.893970893970894	0.13363307423304807	0.08894798637112018	0.009916752765721	0.3203031690697365	0.8013069270718344	0.30989031826116226	0.1232974910394265	1.05297580117724	0.09095149509466956	0.05869791424774532	0.0268817204301075	0.2266187050359712	0.3848577137472662	0.31171563425873516	0.0494402985074626	0.9186379928315412	3480.4444444444443	1782.4979241707977	122	6620	3233.6111111111113	1880.204060855501	164	5958	4890357.444444444	43828.56139446618	4777948	4914993
ntv2_250m_w4096	animal_fine	crf_style_penalty4	0.9	10	18	0.8349667441256957	0.09850743239232371	0.6307574545920464	0.9469646962245744	0.5953517439251844	0.3008248959825411	0.0618001731488054	0.9537934793694371	0.6452666459718914	0.26339793201838746	0.1133202590120026	0.9460619556054832	0.1821186022074857	0.15130907177007868	0.0	0.4156761965949245	0.20124349102992298	0.1890187972333983	0.0	0.5657649253731343	0.1889814546974126	0.16619940698874555	0.0	0.4631538755250095	0.906630722534429	0.2263691565271864	0.0	0.9687546689490224	0.13602795907286835	0.12084872535049898	0.0	0.3514294892386765	0.1527632850880046	0.15619476092988308	0.0	0.4799440298507462	0.142243328266958	0.13525327668006037	0.0	0.3928980526918672	4.985294117647059	3.6125547013973693	1.5	14.5	0.6891182635333108	0.13061626057983308	0.4746644754861682	0.9199400299850076	850.2222222222222	430.15887018027564	91	1512	0.483776153109123	0.18394719012010344	0.2857142857142857	0.893970893970894	0.13363307423304807	0.08894798637112018	0.009916752765721	0.3203031690697365	0.8013069270718344	0.30989031826116226	0.1232974910394265	1.05297580117724	0.09095149509466956	0.05869791424774532	0.0268817204301075	0.2266187050359712	0.3848577137472662	0.31171563425873516	0.0494402985074626	0.9186379928315412	3480.4444444444443	1782.4979241707977	122	6620	3233.6111111111113	1880.204060855501	164	5958	4890357.444444444	43828.56139446618	4777948	4914993
ntv2_250m_w4096	animal_fine	crf_style_penalty4	0.9	25	18	0.8349667441256957	0.09850743239232371	0.6307574545920464	0.9469646962245744	0.5953517439251844	0.3008248959825411	0.0618001731488054	0.9537934793694371	0.6452666459718914	0.26339793201838746	0.1133202590120026	0.9460619556054832	0.1821186022074857	0.15130907177007868	0.0	0.4156761965949245	0.20124349102992298	0.1890187972333983	0.0	0.5657649253731343	0.1889814546974126	0.16619940698874555	0.0	0.4631538755250095	0.906630722534429	0.2263691565271864	0.0	0.9687546689490224	0.1687473524255532	0.1441277016853674	0.0	0.4073241246386123	0.1877486261328902	0.18183916998631236	0.0	0.5489738805970149	0.17575512173444005	0.15912793586255788	0.0	0.4494081710576555	4.985294117647059	3.6125547013973693	1.5	14.5	0.6891182635333108	0.13061626057983308	0.4746644754861682	0.9199400299850076	850.2222222222222	430.15887018027564	91	1512	0.483776153109123	0.18394719012010344	0.2857142857142857	0.893970893970894	0.13363307423304807	0.08894798637112018	0.009916752765721	0.3203031690697365	0.8013069270718344	0.30989031826116226	0.1232974910394265	1.05297580117724	0.09095149509466956	0.05869791424774532	0.0268817204301075	0.2266187050359712	0.3848577137472662	0.31171563425873516	0.0494402985074626	0.9186379928315412	3480.4444444444443	1782.4979241707977	122	6620	3233.6111111111113	1880.204060855501	164	5958	4890357.444444444	43828.56139446618	4777948	4914993
ntv2_250m_w4096	animal_fine	crf_style_penalty4	0.9	50	18	0.8349667441256957	0.09850743239232371	0.6307574545920464	0.9469646962245744	0.5953517439251844	0.3008248959825411	0.0618001731488054	0.9537934793694371	0.6452666459718914	0.26339793201838746	0.1133202590120026	0.9460619556054832	0.1821186022074857	0.15130907177007868	0.0	0.4156761965949245	0.20124349102992298	0.1890187972333983	0.0	0.5657649253731343	0.1889814546974126	0.16619940698874555	0.0	0.4631538755250095	0.906630722534429	0.2263691565271864	0.0	0.9687546689490224	0.1768268425512845	0.14897632825611348	0.0	0.4134275618374558	0.1962127768609837	0.1873007019578193	0.0	0.5625	0.1839223427945408	0.16414636425347762	0.0	0.4604810996563574	4.985294117647059	3.6125547013973693	1.5	14.5	0.6891182635333108	0.13061626057983308	0.4746644754861682	0.9199400299850076	850.2222222222222	430.15887018027564	91	1512	0.483776153109123	0.18394719012010344	0.2857142857142857	0.893970893970894	0.13363307423304807	0.08894798637112018	0.009916752765721	0.3203031690697365	0.8013069270718344	0.30989031826116226	0.1232974910394265	1.05297580117724	0.09095149509466956	0.05869791424774532	0.0268817204301075	0.2266187050359712	0.3848577137472662	0.31171563425873516	0.0494402985074626	0.9186379928315412	3480.4444444444443	1782.4979241707977	122	6620	3233.6111111111113	1880.204060855501	164	5958	4890357.444444444	43828.56139446618	4777948	4914993
ntv2_250m_w4096	animal_fine	crf_style_penalty4	0.9	100	18	0.8349667441256957	0.09850743239232371	0.6307574545920464	0.9469646962245744	0.5953517439251844	0.3008248959825411	0.0618001731488054	0.9537934793694371	0.6452666459718914	0.26339793201838746	0.1133202590120026	0.9460619556054832	0.1821186022074857	0.15130907177007868	0.0	0.4156761965949245	0.20124349102992298	0.1890187972333983	0.0	0.5657649253731343	0.1889814546974126	0.16619940698874555	0.0	0.4631538755250095	0.906630722534429	0.2263691565271864	0.0	0.9687546689490224	0.17972144041195207	0.14990491791417754	0.0	0.415033729521362	0.19897760027403608	0.18824032409604172	0.0	0.5648320895522388	0.18667309123356715	0.16511205540454488	0.0	0.4623902252768232	4.985294117647059	3.6125547013973693	1.5	14.5	0.6891182635333108	0.13061626057983308	0.4746644754861682	0.9199400299850076	850.2222222222222	430.15887018027564	91	1512	0.483776153109123	0.18394719012010344	0.2857142857142857	0.893970893970894	0.13363307423304807	0.08894798637112018	0.009916752765721	0.3203031690697365	0.8013069270718344	0.30989031826116226	0.1232974910394265	1.05297580117724	0.09095149509466956	0.05869791424774532	0.0268817204301075	0.2266187050359712	0.3848577137472662	0.31171563425873516	0.0494402985074626	0.9186379928315412	3480.4444444444443	1782.4979241707977	122	6620	3233.6111111111113	1880.204060855501	164	5958	4890357.444444444	43828.56139446618	4777948	4914993
ntv2_250m_w4096	animal_fine	gap100_min100	0.5	5	18	0.825881163498462	0.10215433206978505	0.5845431613135009	0.9433639654730934	0.6075901716101917	0.2942644810909964	0.0656748221668766	0.9591933420988072	0.6486391641928289	0.25573261391948016	0.1208101138436379	0.942627748175304	0.49112166529546	0.19011445450633763	0.1639344262295081	0.7406847935548841	0.2768477975355906	0.19574095240447462	0.0175627240143369	0.6535288725939505	0.33920675621831475	0.21006616370798487	0.032996632996633	0.6935797665369651	0.7972750503112486	0.0696376695157064	0.6235080001428109	0.9068380680193217	0.10671411370705608	0.08613382234349184	0.0	0.2839378238341969	0.06793275284523159	0.0802834909538515	0.0	0.2511457378551787	0.0798705310057185	0.08497784101030723	0.0	0.2665369649805448	94.625	229.70350534470967	5.0	995.25	0.7284590406537236	0.10253866254854428	0.5285374554102259	0.9227941176470588	5.5	8.739699819855169	0	29	0.09658861045667641	0.1825300201705322	0.0	0.5	0.05227827457883113	0.11053884292367627	0.0	0.3902519893899204	0.6154712697313471	0.2882153422319876	0.0551971326164874	0.8975161761636402	0.03544360089955692	0.038935076505802524	0.0004664179104477	0.1272073250490516	0.4345596849526984	0.29985579308456783	0.1120851596743894	0.953405017921147	3480.4444444444443	1782.4979241707977	122	6620	1759.111111111111	1083.2724869790388	61	3506	4890357.444444444	43828.56139446618	4777948	4914993
ntv2_250m_w4096	animal_fine	gap100_min100	0.5	10	18	0.825881163498462	0.10215433206978505	0.5845431613135009	0.9433639654730934	0.6075901716101917	0.2942644810909964	0.0656748221668766	0.9591933420988072	0.6486391641928289	0.25573261391948016	0.1208101138436379	0.942627748175304	0.49112166529546	0.19011445450633763	0.1639344262295081	0.7406847935548841	0.2768477975355906	0.19574095240447462	0.0175627240143369	0.6535288725939505	0.33920675621831475	0.21006616370798487	0.032996632996633	0.6935797665369651	0.7972750503112486	0.0696376695157064	0.6235080001428109	0.9068380680193217	0.1590479871499505	0.13138204467091624	0.0	0.4196891191709844	0.10194955993753636	0.12061349584151608	0.0	0.3712190650779102	0.1198215412827325	0.12812224722553334	0.0	0.3939688715953307	94.625	229.70350534470967	5.0	995.25	0.7284590406537236	0.10253866254854428	0.5285374554102259	0.9227941176470588	5.5	8.739699819855169	0	29	0.09658861045667641	0.1825300201705322	0.0	0.5	0.05227827457883113	0.11053884292367627	0.0	0.3902519893899204	0.6154712697313471	0.2882153422319876	0.0551971326164874	0.8975161761636402	0.03544360089955692	0.038935076505802524	0.0004664179104477	0.1272073250490516	0.4345596849526984	0.29985579308456783	0.1120851596743894	0.953405017921147	3480.4444444444443	1782.4979241707977	122	6620	1759.111111111111	1083.2724869790388	61	3506	4890357.444444444	43828.56139446618	4777948	4914993
ntv2_250m_w4096	animal_fine	gap100_min100	0.5	25	18	0.825881163498462	0.10215433206978505	0.5845431613135009	0.9433639654730934	0.6075901716101917	0.2942644810909964	0.0656748221668766	0.9591933420988072	0.6486391641928289	0.25573261391948016	0.1208101138436379	0.942627748175304	0.49112166529546	0.19011445450633763	0.1639344262295081	0.7406847935548841	0.2768477975355906	0.19574095240447462	0.0175627240143369	0.6535288725939505	0.33920675621831475	0.21006616370798487	0.032996632996633	0.6935797665369651	0.7972750503112486	0.0696376695157064	0.6235080001428109	0.9068380680193217	0.22532385119966206	0.17034599654125365	0.0	0.5284974093264249	0.14171502837124178	0.15291401992088494	0.0	0.4674610449129239	0.16804019101512926	0.16376574413552175	0.0	0.4961089494163424	94.625	229.70350534470967	5.0	995.25	0.7284590406537236	0.10253866254854428	0.5285374554102259	0.9227941176470588	5.5	8.739699819855169	0	29	0.09658861045667641	0.1825300201705322	0.0	0.5	0.05227827457883113	0.11053884292367627	0.0	0.3902519893899204	0.6154712697313471	0.2882153422319876	0.0551971326164874	0.8975161761636402	0.03544360089955692	0.038935076505802524	0.0004664179104477	0.1272073250490516	0.4345596849526984	0.29985579308456783	0.1120851596743894	0.953405017921147	3480.4444444444443	1782.4979241707977	122	6620	1759.111111111111	1083.2724869790388	61	3506	4890357.444444444	43828.56139446618	4777948	4914993
ntv2_250m_w4096	animal_fine	gap100_min100	0.5	50	18	0.825881163498462	0.10215433206978505	0.5845431613135009	0.9433639654730934	0.6075901716101917	0.2942644810909964	0.0656748221668766	0.9591933420988072	0.6486391641928289	0.25573261391948016	0.1208101138436379	0.942627748175304	0.49112166529546	0.19011445450633763	0.1639344262295081	0.7406847935548841	0.2768477975355906	0.19574095240447462	0.0175627240143369	0.6535288725939505	0.33920675621831475	0.21006616370798487	0.032996632996633	0.6935797665369651	0.7972750503112486	0.0696376695157064	0.6235080001428109	0.9068380680193217	0.27663277955434773	0.19007748233664995	0.0	0.6145077720207254	0.16948990388003668	0.1725843397348082	0.0	0.5435380384967919	0.20211616738243876	0.18498168907867046	0.0	0.5768482490272374	94.625	229.70350534470967	5.0	995.25	0.7284590406537236	0.10253866254854428	0.5285374554102259	0.9227941176470588	5.5	8.739699819855169	0	29	0.09658861045667641	0.1825300201705322	0.0	0.5	0.05227827457883113	0.11053884292367627	0.0	0.3902519893899204	0.6154712697313471	0.2882153422319876	0.0551971326164874	0.8975161761636402	0.03544360089955692	0.038935076505802524	0.0004664179104477	0.1272073250490516	0.4345596849526984	0.29985579308456783	0.1120851596743894	0.953405017921147	3480.4444444444443	1782.4979241707977	122	6620	1759.111111111111	1083.2724869790388	61	3506	4890357.444444444	43828.56139446618	4777948	4914993
ntv2_250m_w4096	animal_fine	gap100_min100	0.5	100	18	0.825881163498462	0.10215433206978505	0.5845431613135009	0.9433639654730934	0.6075901716101917	0.2942644810909964	0.0656748221668766	0.9591933420988072	0.6486391641928289	0.25573261391948016	0.1208101138436379	0.942627748175304	0.49112166529546	0.19011445450633763	0.1639344262295081	0.7406847935548841	0.2768477975355906	0.19574095240447462	0.0175627240143369	0.6535288725939505	0.33920675621831475	0.21006616370798487	0.032996632996633	0.6935797665369651	0.7972750503112486	0.0696376695157064	0.6235080001428109	0.9068380680193217	0.32940911073735735	0.19968672615645103	0.0	0.6580310880829016	0.1967463284285543	0.18462265012228077	0.0	0.5820348304307974	0.2362972079940912	0.19809634681466612	0.0	0.617704280155642	94.625	229.70350534470967	5.0	995.25	0.7284590406537236	0.10253866254854428	0.5285374554102259	0.9227941176470588	5.5	8.739699819855169	0	29	0.09658861045667641	0.1825300201705322	0.0	0.5	0.05227827457883113	0.11053884292367627	0.0	0.3902519893899204	0.6154712697313471	0.2882153422319876	0.0551971326164874	0.8975161761636402	0.03544360089955692	0.038935076505802524	0.0004664179104477	0.1272073250490516	0.4345596849526984	0.29985579308456783	0.1120851596743894	0.953405017921147	3480.4444444444443	1782.4979241707977	122	6620	1759.111111111111	1083.2724869790388	61	3506	4890357.444444444	43828.56139446618	4777948	4914993
ntv2_250m_w4096	animal_fine	gap100_min100	0.7	5	18	0.825881163498462	0.10215433206978505	0.5845431613135009	0.9433639654730934	0.6075901716101917	0.2942644810909964	0.0656748221668766	0.9591933420988072	0.6486391641928289	0.25573261391948016	0.1208101138436379	0.942627748175304	0.354144064880669	0.19032086792414832	0.0163934426229508	0.6683937823834197	0.20870135482229493	0.18016482576011705	0.0081967213114754	0.5912007332722273	0.25221706413484113	0.1930513229454898	0.0109289617486338	0.627431906614786	0.8855090841733863	0.0477328552683993	0.7345385347288297	0.939251716793562	0.10671411370705608	0.08613382234349184	0.0	0.2839378238341969	0.06793275284523159	0.0802834909538515	0.0	0.2511457378551787	0.0798705310057185	0.08497784101030723	0.0	0.2665369649805448	26.73611111111111	36.886299088652365	4.5	139.5	0.7284590406537236	0.10253866254854428	0.5285374554102259	0.9227941176470588	5.5	8.739699819855169	0	29	0.09658861045667641	0.1825300201705322	0.0	0.5	0.05227827457883113	0.11053884292367627	0.0	0.3902519893899204	0.6154712697313471	0.2882153422319876	0.0551971326164874	0.8975161761636402	0.03544360089955692	0.038935076505802524	0.0004664179104477	0.1272073250490516	0.4345596849526984	0.29985579308456783	0.1120851596743894	0.953405017921147	3480.4444444444443	1782.4979241707977	122	6620	1759.111111111111	1083.2724869790388	61	3506	4890357.444444444	43828.56139446618	4777948	4914993
ntv2_250m_w4096	animal_fine	gap100_min100	0.7	10	18	0.825881163498462	0.10215433206978505	0.5845431613135009	0.9433639654730934	0.6075901716101917	0.2942644810909964	0.0656748221668766	0.9591933420988072	0.6486391641928289	0.25573261391948016	0.1208101138436379	0.942627748175304	0.354144064880669	0.19032086792414832	0.0163934426229508	0.6683937823834197	0.20870135482229493	0.18016482576011705	0.0081967213114754	0.5912007332722273	0.25221706413484113	0.1930513229454898	0.0109289617486338	0.627431906614786	0.8855090841733863	0.0477328552683993	0.7345385347288297	0.939251716793562	0.1590479871499505	0.13138204467091624	0.0	0.4196891191709844	0.10194955993753636	0.12061349584151608	0.0	0.3712190650779102	0.1198215412827325	0.12812224722553334	0.0	0.3939688715953307	26.73611111111111	36.886299088652365	4.5	139.5	0.7284590406537236	0.10253866254854428	0.5285374554102259	0.9227941176470588	5.5	8.739699819855169	0	29	0.09658861045667641	0.1825300201705322	0.0	0.5	0.05227827457883113	0.11053884292367627	0.0	0.3902519893899204	0.6154712697313471	0.2882153422319876	0.0551971326164874	0.8975161761636402	0.03544360089955692	0.038935076505802524	0.0004664179104477	0.1272073250490516	0.4345596849526984	0.29985579308456783	0.1120851596743894	0.953405017921147	3480.4444444444443	1782.4979241707977	122	6620	1759.111111111111	1083.2724869790388	61	3506	4890357.444444444	43828.56139446618	4777948	4914993
ntv2_250m_w4096	animal_fine	gap100_min100	0.7	25	18	0.825881163498462	0.10215433206978505	0.5845431613135009	0.9433639654730934	0.6075901716101917	0.2942644810909964	0.0656748221668766	0.9591933420988072	0.6486391641928289	0.25573261391948016	0.1208101138436379	0.942627748175304	0.354144064880669	0.19032086792414832	0.0163934426229508	0.6683937823834197	0.20870135482229493	0.18016482576011705	0.0081967213114754	0.5912007332722273	0.25221706413484113	0.1930513229454898	0.0109289617486338	0.627431906614786	0.8855090841733863	0.0477328552683993	0.7345385347288297	0.939251716793562	0.22458562672523957	0.17049340056244686	0.0	0.5284974093264249	0.14156951215913655	0.15285340313691737	0.0	0.4674610449129239	0.16784046938962777	0.16372575906775272	0.0	0.4961089494163424	26.73611111111111	36.886299088652365	4.5	139.5	0.7284590406537236	0.10253866254854428	0.5285374554102259	0.9227941176470588	5.5	8.739699819855169	0	29	0.09658861045667641	0.1825300201705322	0.0	0.5	0.05227827457883113	0.11053884292367627	0.0	0.3902519893899204	0.6154712697313471	0.2882153422319876	0.0551971326164874	0.8975161761636402	0.03544360089955692	0.038935076505802524	0.0004664179104477	0.1272073250490516	0.4345596849526984	0.29985579308456783	0.1120851596743894	0.953405017921147	3480.4444444444443	1782.4979241707977	122	6620	1759.111111111111	1083.2724869790388	61	3506	4890357.444444444	43828.56139446618	4777948	4914993
ntv2_250m_w4096	animal_fine	gap100_min100	0.7	50	18	0.825881163498462	0.10215433206978505	0.5845431613135009	0.9433639654730934	0.6075901716101917	0.2942644810909964	0.0656748221668766	0.9591933420988072	0.6486391641928289	0.25573261391948016	0.1208101138436379	0.942627748175304	0.354144064880669	0.19032086792414832	0.0163934426229508	0.6683937823834197	0.20870135482229493	0.18016482576011705	0.0081967213114754	0.5912007332722273	0.25221706413484113	0.1930513229454898	0.0109289617486338	0.627431906614786	0.8855090841733863	0.0477328552683993	0.7345385347288297	0.939251716793562	0.26801286132267554	0.1888508700543899	0.0	0.6082901554404145	0.16571608521707093	0.17076457172547882	0.0	0.538038496791934	0.1973461526800986	0.18295420749649682	0.0	0.571011673151751	26.73611111111111	36.886299088652365	4.5	139.5	0.7284590406537236	0.10253866254854428	0.5285374554102259	0.9227941176470588	5.5	8.739699819855169	0	29	0.09658861045667641	0.1825300201705322	0.0	0.5	0.05227827457883113	0.11053884292367627	0.0	0.3902519893899204	0.6154712697313471	0.2882153422319876	0.0551971326164874	0.8975161761636402	0.03544360089955692	0.038935076505802524	0.0004664179104477	0.1272073250490516	0.4345596849526984	0.29985579308456783	0.1120851596743894	0.953405017921147	3480.4444444444443	1782.4979241707977	122	6620	1759.111111111111	1083.2724869790388	61	3506	4890357.444444444	43828.56139446618	4777948	4914993
ntv2_250m_w4096	animal_fine	gap100_min100	0.7	100	18	0.825881163498462	0.10215433206978505	0.5845431613135009	0.9433639654730934	0.6075901716101917	0.2942644810909964	0.0656748221668766	0.9591933420988072	0.6486391641928289	0.25573261391948016	0.1208101138436379	0.942627748175304	0.354144064880669	0.19032086792414832	0.0163934426229508	0.6683937823834197	0.20870135482229493	0.18016482576011705	0.0081967213114754	0.5912007332722273	0.25221706413484113	0.1930513229454898	0.0109289617486338	0.627431906614786	0.8855090841733863	0.0477328552683993	0.7345385347288297	0.939251716793562	0.29879372517217967	0.1934797291030915	0.0	0.6404145077720207	0.18186914890519898	0.17720140831862383	0.0	0.5664527956003667	0.21762582556592508	0.18986076191174803	0.0	0.6011673151750972	26.73611111111111	36.886299088652365	4.5	139.5	0.7284590406537236	0.10253866254854428	0.5285374554102259	0.9227941176470588	5.5	8.739699819855169	0	29	0.09658861045667641	0.1825300201705322	0.0	0.5	0.05227827457883113	0.11053884292367627	0.0	0.3902519893899204	0.6154712697313471	0.2882153422319876	0.0551971326164874	0.8975161761636402	0.03544360089955692	0.038935076505802524	0.0004664179104477	0.1272073250490516	0.4345596849526984	0.29985579308456783	0.1120851596743894	0.953405017921147	3480.4444444444443	1782.4979241707977	122	6620	1759.111111111111	1083.2724869790388	61	3506	4890357.444444444	43828.56139446618	4777948	4914993
ntv2_250m_w4096	animal_fine	gap100_min100	0.8	5	18	0.825881163498462	0.10215433206978505	0.5845431613135009	0.9433639654730934	0.6075901716101917	0.2942644810909964	0.0656748221668766	0.9591933420988072	0.6486391641928289	0.25573261391948016	0.1208101138436379	0.942627748175304	0.29626134944358784	0.18258662165514275	0.0	0.6227979274611399	0.1787889532994017	0.16964401924647562	0.0	0.5508707607699358	0.21445316959623287	0.1814195824762142	0.0	0.5846303501945525	0.8769675127629767	0.21955728882216793	0.0	0.9525510015074116	0.10671411370705608	0.08613382234349184	0.0	0.2839378238341969	0.06793275284523159	0.0802834909538515	0.0	0.2511457378551787	0.0798705310057185	0.08497784101030723	0.0	0.2665369649805448	12.411764705882353	14.965831181099713	4.0	55.0	0.7284590406537236	0.10253866254854428	0.5285374554102259	0.9227941176470588	5.5	8.739699819855169	0	29	0.09658861045667641	0.1825300201705322	0.0	0.5	0.05227827457883113	0.11053884292367627	0.0	0.3902519893899204	0.6154712697313471	0.2882153422319876	0.0551971326164874	0.8975161761636402	0.03544360089955692	0.038935076505802524	0.0004664179104477	0.1272073250490516	0.4345596849526984	0.29985579308456783	0.1120851596743894	0.953405017921147	3480.4444444444443	1782.4979241707977	122	6620	1759.111111111111	1083.2724869790388	61	3506	4890357.444444444	43828.56139446618	4777948	4914993
ntv2_250m_w4096	animal_fine	gap100_min100	0.8	10	18	0.825881163498462	0.10215433206978505	0.5845431613135009	0.9433639654730934	0.6075901716101917	0.2942644810909964	0.0656748221668766	0.9591933420988072	0.6486391641928289	0.25573261391948016	0.1208101138436379	0.942627748175304	0.29626134944358784	0.18258662165514275	0.0	0.6227979274611399	0.1787889532994017	0.16964401924647562	0.0	0.5508707607699358	0.21445316959623287	0.1814195824762142	0.0	0.5846303501945525	0.8769675127629767	0.21955728882216793	0.0	0.9525510015074116	0.15903042850407328	0.13138878443011212	0.0	0.4196891191709844	0.10194116785965789	0.12061708339635757	0.0	0.3712190650779102	0.11981018487317494	0.12812672943091208	0.0	0.3939688715953307	12.411764705882353	14.965831181099713	4.0	55.0	0.7284590406537236	0.10253866254854428	0.5285374554102259	0.9227941176470588	5.5	8.739699819855169	0	29	0.09658861045667641	0.1825300201705322	0.0	0.5	0.05227827457883113	0.11053884292367627	0.0	0.3902519893899204	0.6154712697313471	0.2882153422319876	0.0551971326164874	0.8975161761636402	0.03544360089955692	0.038935076505802524	0.0004664179104477	0.1272073250490516	0.4345596849526984	0.29985579308456783	0.1120851596743894	0.953405017921147	3480.4444444444443	1782.4979241707977	122	6620	1759.111111111111	1083.2724869790388	61	3506	4890357.444444444	43828.56139446618	4777948	4914993
ntv2_250m_w4096	animal_fine	gap100_min100	0.8	25	18	0.825881163498462	0.10215433206978505	0.5845431613135009	0.9433639654730934	0.6075901716101917	0.2942644810909964	0.0656748221668766	0.9591933420988072	0.6486391641928289	0.25573261391948016	0.1208101138436379	0.942627748175304	0.29626134944358784	0.18258662165514275	0.0	0.6227979274611399	0.1787889532994017	0.16964401924647562	0.0	0.5508707607699358	0.21445316959623287	0.1814195824762142	0.0	0.5846303501945525	0.8769675127629767	0.21955728882216793	0.0	0.9525510015074116	0.22209772239013728	0.16920154202660623	0.0	0.5264248704663212	0.14004902901853897	0.15196401585236416	0.0	0.4656278643446379	0.16597156131834312	0.16268508047719815	0.0	0.4941634241245136	12.411764705882353	14.965831181099713	4.0	55.0	0.7284590406537236	0.10253866254854428	0.5285374554102259	0.9227941176470588	5.5	8.739699819855169	0	29	0.09658861045667641	0.1825300201705322	0.0	0.5	0.05227827457883113	0.11053884292367627	0.0	0.3902519893899204	0.6154712697313471	0.2882153422319876	0.0551971326164874	0.8975161761636402	0.03544360089955692	0.038935076505802524	0.0004664179104477	0.1272073250490516	0.4345596849526984	0.29985579308456783	0.1120851596743894	0.953405017921147	3480.4444444444443	1782.4979241707977	122	6620	1759.111111111111	1083.2724869790388	61	3506	4890357.444444444	43828.56139446618	4777948	4914993
ntv2_250m_w4096	animal_fine	gap100_min100	0.8	50	18	0.825881163498462	0.10215433206978505	0.5845431613135009	0.9433639654730934	0.6075901716101917	0.2942644810909964	0.0656748221668766	0.9591933420988072	0.6486391641928289	0.25573261391948016	0.1208101138436379	0.942627748175304	0.29626134944358784	0.18258662165514275	0.0	0.6227979274611399	0.1787889532994017	0.16964401924647562	0.0	0.5508707607699358	0.21445316959623287	0.1814195824762142	0.0	0.5846303501945525	0.8769675127629767	0.21955728882216793	0.0	0.9525510015074116	0.2529673255215241	0.18264313166177942	0.0	0.5854922279792746	0.1576680010109367	0.16472433564168282	0.0	0.5178735105407882	0.18747915644838425	0.17637889901572706	0.0	0.5496108949416343	12.411764705882353	14.965831181099713	4.0	55.0	0.7284590406537236	0.10253866254854428	0.5285374554102259	0.9227941176470588	5.5	8.739699819855169	0	29	0.09658861045667641	0.1825300201705322	0.0	0.5	0.05227827457883113	0.11053884292367627	0.0	0.3902519893899204	0.6154712697313471	0.2882153422319876	0.0551971326164874	0.8975161761636402	0.03544360089955692	0.038935076505802524	0.0004664179104477	0.1272073250490516	0.4345596849526984	0.29985579308456783	0.1120851596743894	0.953405017921147	3480.4444444444443	1782.4979241707977	122	6620	1759.111111111111	1083.2724869790388	61	3506	4890357.444444444	43828.56139446618	4777948	4914993
ntv2_250m_w4096	animal_fine	gap100_min100	0.8	100	18	0.825881163498462	0.10215433206978505	0.5845431613135009	0.9433639654730934	0.6075901716101917	0.2942644810909964	0.0656748221668766	0.9591933420988072	0.6486391641928289	0.25573261391948016	0.1208101138436379	0.942627748175304	0.29626134944358784	0.18258662165514275	0.0	0.6227979274611399	0.1787889532994017	0.16964401924647562	0.0	0.5508707607699358	0.21445316959623287	0.1814195824762142	0.0	0.5846303501945525	0.8769675127629767	0.21955728882216793	0.0	0.9525510015074116	0.2709904589192524	0.18440053250067495	0.0	0.6041450777202072	0.16710025639993364	0.16787833254144494	0.0	0.534372135655362	0.1993699361741876	0.17964714438023174	0.0	0.5671206225680934	12.411764705882353	14.965831181099713	4.0	55.0	0.7284590406537236	0.10253866254854428	0.5285374554102259	0.9227941176470588	5.5	8.739699819855169	0	29	0.09658861045667641	0.1825300201705322	0.0	0.5	0.05227827457883113	0.11053884292367627	0.0	0.3902519893899204	0.6154712697313471	0.2882153422319876	0.0551971326164874	0.8975161761636402	0.03544360089955692	0.038935076505802524	0.0004664179104477	0.1272073250490516	0.4345596849526984	0.29985579308456783	0.1120851596743894	0.953405017921147	3480.4444444444443	1782.4979241707977	122	6620	1759.111111111111	1083.2724869790388	61	3506	4890357.444444444	43828.56139446618	4777948	4914993
ntv2_250m_w4096	animal_fine	gap100_min100	0.9	5	18	0.825881163498462	0.10215433206978505	0.5845431613135009	0.9433639654730934	0.6075901716101917	0.2942644810909964	0.0656748221668766	0.9591933420988072	0.6486391641928289	0.25573261391948016	0.1208101138436379	0.942627748175304	0.21972420722331792	0.15666460440350252	0.0	0.5295336787564767	0.1367748866775138	0.14491623885568866	0.0	0.4683776351970669	0.16242672501805996	0.1541546337079658	0.0	0.4970817120622569	0.9094186298187661	0.22709258868145654	0.0	0.974189977671073	0.10671411370705608	0.08613382234349184	0.0	0.2839378238341969	0.06793275284523159	0.0802834909538515	0.0	0.2511457378551787	0.0798705310057185	0.08497784101030723	0.0	0.2665369649805448	6.5588235294117645	7.038137966068281	3.0	27.0	0.7284590406537236	0.10253866254854428	0.5285374554102259	0.9227941176470588	5.5	8.739699819855169	0	29	0.09658861045667641	0.1825300201705322	0.0	0.5	0.05227827457883113	0.11053884292367627	0.0	0.3902519893899204	0.6154712697313471	0.2882153422319876	0.0551971326164874	0.8975161761636402	0.03544360089955692	0.038935076505802524	0.0004664179104477	0.1272073250490516	0.4345596849526984	0.29985579308456783	0.1120851596743894	0.953405017921147	3480.4444444444443	1782.4979241707977	122	6620	1759.111111111111	1083.2724869790388	61	3506	4890357.444444444	43828.56139446618	4777948	4914993
ntv2_250m_w4096	animal_fine	gap100_min100	0.9	10	18	0.825881163498462	0.10215433206978505	0.5845431613135009	0.9433639654730934	0.6075901716101917	0.2942644810909964	0.0656748221668766	0.9591933420988072	0.6486391641928289	0.25573261391948016	0.1208101138436379	0.942627748175304	0.21972420722331792	0.15666460440350252	0.0	0.5295336787564767	0.1367748866775138	0.14491623885568866	0.0	0.4683776351970669	0.16242672501805996	0.1541546337079658	0.0	0.4970817120622569	0.9094186298187661	0.22709258868145654	0.0	0.974189977671073	0.1568361827167277	0.12923696094319148	0.0	0.4134715025906735	0.10043644818898748	0.11880312388703201	0.0	0.3657195233730522	0.1180488067834896	0.1261652471639707	0.0	0.3881322957198443	6.5588235294117645	7.038137966068281	3.0	27.0	0.7284590406537236	0.10253866254854428	0.5285374554102259	0.9227941176470588	5.5	8.739699819855169	0	29	0.09658861045667641	0.1825300201705322	0.0	0.5	0.05227827457883113	0.11053884292367627	0.0	0.3902519893899204	0.6154712697313471	0.2882153422319876	0.0551971326164874	0.8975161761636402	0.03544360089955692	0.038935076505802524	0.0004664179104477	0.1272073250490516	0.4345596849526984	0.29985579308456783	0.1120851596743894	0.953405017921147	3480.4444444444443	1782.4979241707977	122	6620	1759.111111111111	1083.2724869790388	61	3506	4890357.444444444	43828.56139446618	4777948	4914993
ntv2_250m_w4096	animal_fine	gap100_min100	0.9	25	18	0.825881163498462	0.10215433206978505	0.5845431613135009	0.9433639654730934	0.6075901716101917	0.2942644810909964	0.0656748221668766	0.9591933420988072	0.6486391641928289	0.25573261391948016	0.1208101138436379	0.942627748175304	0.21972420722331792	0.15666460440350252	0.0	0.5295336787564767	0.1367748866775138	0.14491623885568866	0.0	0.4683776351970669	0.16242672501805996	0.1541546337079658	0.0	0.4970817120622569	0.9094186298187661	0.22709258868145654	0.0	0.974189977671073	0.1972328084034914	0.15249625961431032	0.0	0.4880829015544041	0.12488838560326372	0.13898770373616057	0.0	0.4317140238313474	0.14761588212689833	0.14812953289427477	0.0	0.4581712062256809	6.5588235294117645	7.038137966068281	3.0	27.0	0.7284590406537236	0.10253866254854428	0.5285374554102259	0.9227941176470588	5.5	8.739699819855169	0	29	0.09658861045667641	0.1825300201705322	0.0	0.5	0.05227827457883113	0.11053884292367627	0.0	0.3902519893899204	0.6154712697313471	0.2882153422319876	0.0551971326164874	0.8975161761636402	0.03544360089955692	0.038935076505802524	0.0004664179104477	0.1272073250490516	0.4345596849526984	0.29985579308456783	0.1120851596743894	0.953405017921147	3480.4444444444443	1782.4979241707977	122	6620	1759.111111111111	1083.2724869790388	61	3506	4890357.444444444	43828.56139446618	4777948	4914993
ntv2_250m_w4096	animal_fine	gap100_min100	0.9	50	18	0.825881163498462	0.10215433206978505	0.5845431613135009	0.9433639654730934	0.6075901716101917	0.2942644810909964	0.0656748221668766	0.9591933420988072	0.6486391641928289	0.25573261391948016	0.1208101138436379	0.942627748175304	0.21972420722331792	0.15666460440350252	0.0	0.5295336787564767	0.1367748866775138	0.14491623885568866	0.0	0.4683776351970669	0.16242672501805996	0.1541546337079658	0.0	0.4970817120622569	0.9094186298187661	0.22709258868145654	0.0	0.974189977671073	0.21044863428443575	0.15673147003052817	0.0	0.522279792746114	0.13208838917528426	0.14420744136602587	0.0	0.461961503208066	0.15641696223484702	0.15339505370768466	0.0	0.490272373540856	6.5588235294117645	7.038137966068281	3.0	27.0	0.7284590406537236	0.10253866254854428	0.5285374554102259	0.9227941176470588	5.5	8.739699819855169	0	29	0.09658861045667641	0.1825300201705322	0.0	0.5	0.05227827457883113	0.11053884292367627	0.0	0.3902519893899204	0.6154712697313471	0.2882153422319876	0.0551971326164874	0.8975161761636402	0.03544360089955692	0.038935076505802524	0.0004664179104477	0.1272073250490516	0.4345596849526984	0.29985579308456783	0.1120851596743894	0.953405017921147	3480.4444444444443	1782.4979241707977	122	6620	1759.111111111111	1083.2724869790388	61	3506	4890357.444444444	43828.56139446618	4777948	4914993
ntv2_250m_w4096	animal_fine	gap100_min100	0.9	100	18	0.825881163498462	0.10215433206978505	0.5845431613135009	0.9433639654730934	0.6075901716101917	0.2942644810909964	0.0656748221668766	0.9591933420988072	0.6486391641928289	0.25573261391948016	0.1208101138436379	0.942627748175304	0.21972420722331792	0.15666460440350252	0.0	0.5295336787564767	0.1367748866775138	0.14491623885568866	0.0	0.4683776351970669	0.16242672501805996	0.1541546337079658	0.0	0.4970817120622569	0.9094186298187661	0.22709258868145654	0.0	0.974189977671073	0.21529117219894994	0.15613820487012234	0.0	0.5264248704663212	0.13442440353903473	0.14453891735396496	0.0	0.4656278643446379	0.15941479424949037	0.15365447564319143	0.0	0.4941634241245136	6.5588235294117645	7.038137966068281	3.0	27.0	0.7284590406537236	0.10253866254854428	0.5285374554102259	0.9227941176470588	5.5	8.739699819855169	0	29	0.09658861045667641	0.1825300201705322	0.0	0.5	0.05227827457883113	0.11053884292367627	0.0	0.3902519893899204	0.6154712697313471	0.2882153422319876	0.0551971326164874	0.8975161761636402	0.03544360089955692	0.038935076505802524	0.0004664179104477	0.1272073250490516	0.4345596849526984	0.29985579308456783	0.1120851596743894	0.953405017921147	3480.4444444444443	1782.4979241707977	122	6620	1759.111111111111	1083.2724869790388	61	3506	4890357.444444444	43828.56139446618	4777948	4914993
ntv2_250m_w4096	animal_fine	gap50_min80	0.5	5	18	0.8394398941577854	0.09658581480940022	0.6085791792089514	0.9452576536216278	0.6015741255894018	0.2964430346673731	0.0639515402174344	0.9563552442617844	0.6484893676976377	0.2596216596199429	0.1178850822767736	0.9448576105838312	0.4691274339970816	0.22745531723428075	0.108433734939759	0.7407243816254417	0.32093750549088734	0.23054049044923008	0.0157706093189964	0.7182835820895522	0.36863203659741045	0.23980480827667283	0.0291487247432924	0.7142199723884032	0.7963234041170266	0.07538510119724068	0.6165238347234062	0.9070284953750534	0.10808922710992813	0.0905157449226414	0.0	0.2791127541589648	0.08206576513685725	0.0911972255486543	0.0	0.2807835820895522	0.09100797262173599	0.091861067144375	0.0	0.2779567418315692	92.18055555555556	237.93976013397668	5.0	1030.5	0.744084739318411	0.0954523362148917	0.5532891381947985	0.922211350293542	5.888888888888889	9.022122411631175	0	31	0.07852311716559028	0.15132231770106838	0.0	0.4615384615384615	0.03587363463229915	0.06928614785199473	0.0	0.1734453286177424	0.6521573148776098	0.28871133643544467	0.068100358422939	0.9242329367564184	0.048013901768989974	0.04609998202883109	0.0046641791044776	0.158273381294964	0.4253844123724055	0.30261618209209695	0.102901273220622	0.9480286738351256	3480.4444444444443	1782.4979241707977	122	6620	2105.222222222222	1311.910531183459	83	4225	4890357.444444444	43828.56139446618	4777948	4914993
ntv2_250m_w4096	animal_fine	gap50_min80	0.5	10	18	0.8394398941577854	0.09658581480940022	0.6085791792089514	0.9452576536216278	0.6015741255894018	0.2964430346673731	0.0639515402174344	0.9563552442617844	0.6484893676976377	0.2596216596199429	0.1178850822767736	0.9448576105838312	0.4691274339970816	0.22745531723428075	0.108433734939759	0.7407243816254417	0.32093750549088734	0.23054049044923008	0.0157706093189964	0.7182835820895522	0.36863203659741045	0.23980480827667283	0.0291487247432924	0.7142199723884032	0.7963234041170266	0.07538510119724068	0.6165238347234062	0.9070284953750534	0.16361268503111237	0.13950055342415366	0.0	0.4249116607773852	0.12464435941183484	0.13881045349441928	0.0	0.4221082089552239	0.13822073114072297	0.14036736498415567	0.0	0.413808870598994	92.18055555555556	237.93976013397668	5.0	1030.5	0.744084739318411	0.0954523362148917	0.5532891381947985	0.922211350293542	5.888888888888889	9.022122411631175	0	31	0.07852311716559028	0.15132231770106838	0.0	0.4615384615384615	0.03587363463229915	0.06928614785199473	0.0	0.1734453286177424	0.6521573148776098	0.28871133643544467	0.068100358422939	0.9242329367564184	0.048013901768989974	0.04609998202883109	0.0046641791044776	0.158273381294964	0.4253844123724055	0.30261618209209695	0.102901273220622	0.9480286738351256	3480.4444444444443	1782.4979241707977	122	6620	2105.222222222222	1311.910531183459	83	4225	4890357.444444444	43828.56139446618	4777948	4914993
ntv2_250m_w4096	animal_fine	gap50_min80	0.5	25	18	0.8394398941577854	0.09658581480940022	0.6085791792089514	0.9452576536216278	0.6015741255894018	0.2964430346673731	0.0639515402174344	0.9563552442617844	0.6484893676976377	0.2596216596199429	0.1178850822767736	0.9448576105838312	0.4691274339970816	0.22745531723428075	0.108433734939759	0.7407243816254417	0.32093750549088734	0.23054049044923008	0.0157706093189964	0.7182835820895522	0.36863203659741045	0.23980480827667283	0.0291487247432924	0.7142199723884032	0.7963234041170266	0.07538510119724068	0.6165238347234062	0.9070284953750534	0.23586405123494802	0.18624004289255386	0.0	0.5547703180212014	0.17658618495393158	0.18008421766317464	0.0	0.5447761194029851	0.1974504856228664	0.18413280194700404	0.0	0.5340649291266575	92.18055555555556	237.93976013397668	5.0	1030.5	0.744084739318411	0.0954523362148917	0.5532891381947985	0.922211350293542	5.888888888888889	9.022122411631175	0	31	0.07852311716559028	0.15132231770106838	0.0	0.4615384615384615	0.03587363463229915	0.06928614785199473	0.0	0.1734453286177424	0.6521573148776098	0.28871133643544467	0.068100358422939	0.9242329367564184	0.048013901768989974	0.04609998202883109	0.0046641791044776	0.158273381294964	0.4253844123724055	0.30261618209209695	0.102901273220622	0.9480286738351256	3480.4444444444443	1782.4979241707977	122	6620	2105.222222222222	1311.910531183459	83	4225	4890357.444444444	43828.56139446618	4777948	4914993
ntv2_250m_w4096	animal_fine	gap50_min80	0.5	50	18	0.8394398941577854	0.09658581480940022	0.6085791792089514	0.9452576536216278	0.6015741255894018	0.2964430346673731	0.0639515402174344	0.9563552442617844	0.6484893676976377	0.2596216596199429	0.1178850822767736	0.9448576105838312	0.4691274339970816	0.22745531723428075	0.108433734939759	0.7407243816254417	0.32093750549088734	0.23054049044923008	0.0157706093189964	0.7182835820895522	0.36863203659741045	0.23980480827667283	0.0291487247432924	0.7142199723884032	0.7963234041170266	0.07538510119724068	0.6165238347234062	0.9070284953750534	0.2886586630369219	0.20999726998732324	0.0	0.6267667844522968	0.211979249548186	0.20382740319686396	0.0	0.6104491292392301	0.23829363545661492	0.20913189372375984	0.0	0.6129774505292224	92.18055555555556	237.93976013397668	5.0	1030.5	0.744084739318411	0.0954523362148917	0.5532891381947985	0.922211350293542	5.888888888888889	9.022122411631175	0	31	0.07852311716559028	0.15132231770106838	0.0	0.4615384615384615	0.03587363463229915	0.06928614785199473	0.0	0.1734453286177424	0.6521573148776098	0.28871133643544467	0.068100358422939	0.9242329367564184	0.048013901768989974	0.04609998202883109	0.0046641791044776	0.158273381294964	0.4253844123724055	0.30261618209209695	0.102901273220622	0.9480286738351256	3480.4444444444443	1782.4979241707977	122	6620	2105.222222222222	1311.910531183459	83	4225	4890357.444444444	43828.56139446618	4777948	4914993
ntv2_250m_w4096	animal_fine	gap50_min80	0.5	100	18	0.8394398941577854	0.09658581480940022	0.6085791792089514	0.9452576536216278	0.6015741255894018	0.2964430346673731	0.0639515402174344	0.9563552442617844	0.6484893676976377	0.2596216596199429	0.1178850822767736	0.9448576105838312	0.4691274339970816	0.22745531723428075	0.108433734939759	0.7407243816254417	0.32093750549088734	0.23054049044923008	0.0157706093189964	0.7182835820895522	0.36863203659741045	0.23980480827667283	0.0291487247432924	0.7142199723884032	0.7963234041170266	0.07538510119724068	0.6165238347234062	0.9070284953750534	0.3407742060511413	0.22338696159739924	0.0	0.676678445229682	0.24455939767607437	0.21830204225870078	0.0	0.6609141791044776	0.27667655305040656	0.22496344292885603	0.0	0.6534744592728946	92.18055555555556	237.93976013397668	5.0	1030.5	0.744084739318411	0.0954523362148917	0.5532891381947985	0.922211350293542	5.888888888888889	9.022122411631175	0	31	0.07852311716559028	0.15132231770106838	0.0	0.4615384615384615	0.03587363463229915	0.06928614785199473	0.0	0.1734453286177424	0.6521573148776098	0.28871133643544467	0.068100358422939	0.9242329367564184	0.048013901768989974	0.04609998202883109	0.0046641791044776	0.158273381294964	0.4253844123724055	0.30261618209209695	0.102901273220622	0.9480286738351256	3480.4444444444443	1782.4979241707977	122	6620	2105.222222222222	1311.910531183459	83	4225	4890357.444444444	43828.56139446618	4777948	4914993
ntv2_250m_w4096	animal_fine	gap50_min80	0.7	5	18	0.8394398941577854	0.09658581480940022	0.6085791792089514	0.9452576536216278	0.6015741255894018	0.2964430346673731	0.0639515402174344	0.9563552442617844	0.6484893676976377	0.2596216596199429	0.1178850822767736	0.9448576105838312	0.34889947964943363	0.21709994339121144	0.0120481927710843	0.6647526501766784	0.2491533396187575	0.21160009305009012	0.0081967213114754	0.6480293308890925	0.28283642302794637	0.21844279356300841	0.0097560975609756	0.650713299585826	0.8845488426021958	0.04793701690126885	0.7345385347288297	0.9362422949338528	0.10808922710992813	0.0905157449226414	0.0	0.2791127541589648	0.08206576513685725	0.0911972255486543	0.0	0.2807835820895522	0.09100797262173599	0.091861067144375	0.0	0.2779567418315692	23.75	34.00237880951688	4.5	139.5	0.744084739318411	0.0954523362148917	0.5532891381947985	0.922211350293542	5.888888888888889	9.022122411631175	0	31	0.07852311716559028	0.15132231770106838	0.0	0.4615384615384615	0.03587363463229915	0.06928614785199473	0.0	0.1734453286177424	0.6521573148776098	0.28871133643544467	0.068100358422939	0.9242329367564184	0.048013901768989974	0.04609998202883109	0.0046641791044776	0.158273381294964	0.4253844123724055	0.30261618209209695	0.102901273220622	0.9480286738351256	3480.4444444444443	1782.4979241707977	122	6620	2105.222222222222	1311.910531183459	83	4225	4890357.444444444	43828.56139446618	4777948	4914993
ntv2_250m_w4096	animal_fine	gap50_min80	0.7	10	18	0.8394398941577854	0.09658581480940022	0.6085791792089514	0.9452576536216278	0.6015741255894018	0.2964430346673731	0.0639515402174344	0.9563552442617844	0.6484893676976377	0.2596216596199429	0.1178850822767736	0.9448576105838312	0.34889947964943363	0.21709994339121144	0.0120481927710843	0.6647526501766784	0.2491533396187575	0.21160009305009012	0.0081967213114754	0.6480293308890925	0.28283642302794637	0.21844279356300841	0.0097560975609756	0.650713299585826	0.8845488426021958	0.04793701690126885	0.7345385347288297	0.9362422949338528	0.16361268503111237	0.13950055342415366	0.0	0.4249116607773852	0.12464435941183484	0.13881045349441928	0.0	0.4221082089552239	0.13822073114072297	0.14036736498415567	0.0	0.413808870598994	23.75	34.00237880951688	4.5	139.5	0.744084739318411	0.0954523362148917	0.5532891381947985	0.922211350293542	5.888888888888889	9.022122411631175	0	31	0.07852311716559028	0.15132231770106838	0.0	0.4615384615384615	0.03587363463229915	0.06928614785199473	0.0	0.1734453286177424	0.6521573148776098	0.28871133643544467	0.068100358422939	0.9242329367564184	0.048013901768989974	0.04609998202883109	0.0046641791044776	0.158273381294964	0.4253844123724055	0.30261618209209695	0.102901273220622	0.9480286738351256	3480.4444444444443	1782.4979241707977	122	6620	2105.222222222222	1311.910531183459	83	4225	4890357.444444444	43828.56139446618	4777948	4914993
ntv2_250m_w4096	animal_fine	gap50_min80	0.7	25	18	0.8394398941577854	0.09658581480940022	0.6085791792089514	0.9452576536216278	0.6015741255894018	0.2964430346673731	0.0639515402174344	0.9563552442617844	0.6484893676976377	0.2596216596199429	0.1178850822767736	0.9448576105838312	0.34889947964943363	0.21709994339121144	0.0120481927710843	0.6647526501766784	0.2491533396187575	0.21160009305009012	0.0081967213114754	0.6480293308890925	0.28283642302794637	0.21844279356300841	0.0097560975609756	0.650713299585826	0.8845488426021958	0.04793701690126885	0.7345385347288297	0.9362422949338528	0.23471684919632077	0.18612960340381646	0.0	0.553886925795053	0.17602037657197864	0.17968641939078414	0.0	0.542910447761194	0.19678409740578842	0.18374906919999148	0.0	0.532235939643347	23.75	34.00237880951688	4.5	139.5	0.744084739318411	0.0954523362148917	0.5532891381947985	0.922211350293542	5.888888888888889	9.022122411631175	0	31	0.07852311716559028	0.15132231770106838	0.0	0.4615384615384615	0.03587363463229915	0.06928614785199473	0.0	0.1734453286177424	0.6521573148776098	0.28871133643544467	0.068100358422939	0.9242329367564184	0.048013901768989974	0.04609998202883109	0.0046641791044776	0.158273381294964	0.4253844123724055	0.30261618209209695	0.102901273220622	0.9480286738351256	3480.4444444444443	1782.4979241707977	122	6620	2105.222222222222	1311.910531183459	83	4225	4890357.444444444	43828.56139446618	4777948	4914993
ntv2_250m_w4096	animal_fine	gap50_min80	0.7	50	18	0.8394398941577854	0.09658581480940022	0.6085791792089514	0.9452576536216278	0.6015741255894018	0.2964430346673731	0.0639515402174344	0.9563552442617844	0.6484893676976377	0.2596216596199429	0.1178850822767736	0.9448576105838312	0.34889947964943363	0.21709994339121144	0.0120481927710843	0.6647526501766784	0.2491533396187575	0.21160009305009012	0.0081967213114754	0.6480293308890925	0.28283642302794637	0.21844279356300841	0.0097560975609756	0.650713299585826	0.8845488426021958	0.04793701690126885	0.7345385347288297	0.9362422949338528	0.27847261946571344	0.2070927656485551	0.0	0.6157243816254417	0.20585667201220315	0.2004311905556599	0.0	0.6007462686567164	0.23110784407909404	0.20543882116732678	0.0	0.6028531983433041	23.75	34.00237880951688	4.5	139.5	0.744084739318411	0.0954523362148917	0.5532891381947985	0.922211350293542	5.888888888888889	9.022122411631175	0	31	0.07852311716559028	0.15132231770106838	0.0	0.4615384615384615	0.03587363463229915	0.06928614785199473	0.0	0.1734453286177424	0.6521573148776098	0.28871133643544467	0.068100358422939	0.9242329367564184	0.048013901768989974	0.04609998202883109	0.0046641791044776	0.158273381294964	0.4253844123724055	0.30261618209209695	0.102901273220622	0.9480286738351256	3480.4444444444443	1782.4979241707977	122	6620	2105.222222222222	1311.910531183459	83	4225	4890357.444444444	43828.56139446618	4777948	4914993
ntv2_250m_w4096	animal_fine	gap50_min80	0.7	100	18	0.8394398941577854	0.09658581480940022	0.6085791792089514	0.9452576536216278	0.6015741255894018	0.2964430346673731	0.0639515402174344	0.9563552442617844	0.6484893676976377	0.2596216596199429	0.1178850822767736	0.9448576105838312	0.34889947964943363	0.21709994339121144	0.0120481927710843	0.6647526501766784	0.2491533396187575	0.21160009305009012	0.0081967213114754	0.6480293308890925	0.28283642302794637	0.21844279356300841	0.0097560975609756	0.650713299585826	0.8845488426021958	0.04793701690126885	0.7345385347288297	0.9362422949338528	0.30663998715292706	0.21466813084487965	0.0	0.6435512367491166	0.22420762823017937	0.20771533060111608	0.0	0.6287809349220899	0.2527010179586356	0.21346716739034727	0.0	0.6313851817763461	23.75	34.00237880951688	4.5	139.5	0.744084739318411	0.0954523362148917	0.5532891381947985	0.922211350293542	5.888888888888889	9.022122411631175	0	31	0.07852311716559028	0.15132231770106838	0.0	0.4615384615384615	0.03587363463229915	0.06928614785199473	0.0	0.1734453286177424	0.6521573148776098	0.28871133643544467	0.068100358422939	0.9242329367564184	0.048013901768989974	0.04609998202883109	0.0046641791044776	0.158273381294964	0.4253844123724055	0.30261618209209695	0.102901273220622	0.9480286738351256	3480.4444444444443	1782.4979241707977	122	6620	2105.222222222222	1311.910531183459	83	4225	4890357.444444444	43828.56139446618	4777948	4914993
ntv2_250m_w4096	animal_fine	gap50_min80	0.8	5	18	0.8394398941577854	0.09658581480940022	0.6085791792089514	0.9452576536216278	0.6015741255894018	0.2964430346673731	0.0639515402174344	0.9563552442617844	0.6484893676976377	0.2596216596199429	0.1178850822767736	0.9448576105838312	0.2958466486607953	0.2017735330750076	0.0	0.6104240282685512	0.2148754514957769	0.19659427013040856	0.0	0.5994500458295142	0.24253277267988288	0.20187830184088285	0.0	0.6019328117809479	0.8754855267800752	0.21919521030527994	0.0	0.9507897179666708	0.10808922710992813	0.0905157449226414	0.0	0.2791127541589648	0.08206576513685725	0.0911972255486543	0.0	0.2807835820895522	0.09100797262173599	0.091861067144375	0.0	0.2779567418315692	11.823529411764707	12.894937447103258	4.0	49.5	0.744084739318411	0.0954523362148917	0.5532891381947985	0.922211350293542	5.888888888888889	9.022122411631175	0	31	0.07852311716559028	0.15132231770106838	0.0	0.4615384615384615	0.03587363463229915	0.06928614785199473	0.0	0.1734453286177424	0.6521573148776098	0.28871133643544467	0.068100358422939	0.9242329367564184	0.048013901768989974	0.04609998202883109	0.0046641791044776	0.158273381294964	0.4253844123724055	0.30261618209209695	0.102901273220622	0.9480286738351256	3480.4444444444443	1782.4979241707977	122	6620	2105.222222222222	1311.910531183459	83	4225	4890357.444444444	43828.56139446618	4777948	4914993
ntv2_250m_w4096	animal_fine	gap50_min80	0.8	10	18	0.8394398941577854	0.09658581480940022	0.6085791792089514	0.9452576536216278	0.6015741255894018	0.2964430346673731	0.0639515402174344	0.9563552442617844	0.6484893676976377	0.2596216596199429	0.1178850822767736	0.9448576105838312	0.2958466486607953	0.2017735330750076	0.0	0.6104240282685512	0.2148754514957769	0.19659427013040856	0.0	0.5994500458295142	0.24253277267988288	0.20187830184088285	0.0	0.6019328117809479	0.8754855267800752	0.21919521030527994	0.0	0.9507897179666708	0.16359840706772105	0.13950437154720557	0.0	0.4249116607773852	0.12463596733395638	0.13881360208540452	0.0	0.4221082089552239	0.13821016020445512	0.1403708074474652	0.0	0.413808870598994	11.823529411764707	12.894937447103258	4.0	49.5	0.744084739318411	0.0954523362148917	0.5532891381947985	0.922211350293542	5.888888888888889	9.022122411631175	0	31	0.07852311716559028	0.15132231770106838	0.0	0.4615384615384615	0.03587363463229915	0.06928614785199473	0.0	0.1734453286177424	0.6521573148776098	0.28871133643544467	0.068100358422939	0.9242329367564184	0.048013901768989974	0.04609998202883109	0.0046641791044776	0.158273381294964	0.4253844123724055	0.30261618209209695	0.102901273220622	0.9480286738351256	3480.4444444444443	1782.4979241707977	122	6620	2105.222222222222	1311.910531183459	83	4225	4890357.444444444	43828.56139446618	4777948	4914993
ntv2_250m_w4096	animal_fine	gap50_min80	0.8	25	18	0.8394398941577854	0.09658581480940022	0.6085791792089514	0.9452576536216278	0.6015741255894018	0.2964430346673731	0.0639515402174344	0.9563552442617844	0.6484893676976377	0.2596216596199429	0.1178850822767736	0.9448576105838312	0.2958466486607953	0.2017735330750076	0.0	0.6104240282685512	0.2148754514957769	0.19659427013040856	0.0	0.5994500458295142	0.24253277267988288	0.20187830184088285	0.0	0.6019328117809479	0.8754855267800752	0.21919521030527994	0.0	0.9507897179666708	0.2299181122287562	0.18278032615699194	0.0	0.5463780918727915	0.17244950113784174	0.1768656641699879	0.0	0.5335820895522388	0.1927264764445266	0.18074234980519502	0.0	0.5230909922267947	11.823529411764707	12.894937447103258	4.0	49.5	0.744084739318411	0.0954523362148917	0.5532891381947985	0.922211350293542	5.888888888888889	9.022122411631175	0	31	0.07852311716559028	0.15132231770106838	0.0	0.4615384615384615	0.03587363463229915	0.06928614785199473	0.0	0.1734453286177424	0.6521573148776098	0.28871133643544467	0.068100358422939	0.9242329367564184	0.048013901768989974	0.04609998202883109	0.0046641791044776	0.158273381294964	0.4253844123724055	0.30261618209209695	0.102901273220622	0.9480286738351256	3480.4444444444443	1782.4979241707977	122	6620	2105.222222222222	1311.910531183459	83	4225	4890357.444444444	43828.56139446618	4777948	4914993
ntv2_250m_w4096	animal_fine	gap50_min80	0.8	50	18	0.8394398941577854	0.09658581480940022	0.6085791792089514	0.9452576536216278	0.6015741255894018	0.2964430346673731	0.0639515402174344	0.9563552442617844	0.6484893676976377	0.2596216596199429	0.1178850822767736	0.9448576105838312	0.2958466486607953	0.2017735330750076	0.0	0.6104240282685512	0.2148754514957769	0.19659427013040856	0.0	0.5994500458295142	0.24253277267988288	0.20187830184088285	0.0	0.6019328117809479	0.8754855267800752	0.21919521030527994	0.0	0.9507897179666708	0.25994690161417294	0.19768517862662158	0.0	0.5870141342756183	0.19337113781743537	0.19103185003013995	0.0	0.5728689275893676	0.21676920675248973	0.1955578029234712	0.0	0.5752416014726185	11.823529411764707	12.894937447103258	4.0	49.5	0.744084739318411	0.0954523362148917	0.5532891381947985	0.922211350293542	5.888888888888889	9.022122411631175	0	31	0.07852311716559028	0.15132231770106838	0.0	0.4615384615384615	0.03587363463229915	0.06928614785199473	0.0	0.1734453286177424	0.6521573148776098	0.28871133643544467	0.068100358422939	0.9242329367564184	0.048013901768989974	0.04609998202883109	0.0046641791044776	0.158273381294964	0.4253844123724055	0.30261618209209695	0.102901273220622	0.9480286738351256	3480.4444444444443	1782.4979241707977	122	6620	2105.222222222222	1311.910531183459	83	4225	4890357.444444444	43828.56139446618	4777948	4914993
ntv2_250m_w4096	animal_fine	gap50_min80	0.8	100	18	0.8394398941577854	0.09658581480940022	0.6085791792089514	0.9452576536216278	0.6015741255894018	0.2964430346673731	0.0639515402174344	0.9563552442617844	0.6484893676976377	0.2596216596199429	0.1178850822767736	0.9448576105838312	0.2958466486607953	0.2017735330750076	0.0	0.6104240282685512	0.2148754514957769	0.19659427013040856	0.0	0.5994500458295142	0.24253277267988288	0.20187830184088285	0.0	0.6019328117809479	0.8754855267800752	0.21919521030527994	0.0	0.9507897179666708	0.2764643024485472	0.20150041427173923	0.0	0.6015901060070671	0.2041146370639198	0.19482359215504466	0.0	0.5902841429880843	0.22944148294033764	0.1996918563959395	0.0	0.5927289461573861	11.823529411764707	12.894937447103258	4.0	49.5	0.744084739318411	0.0954523362148917	0.5532891381947985	0.922211350293542	5.888888888888889	9.022122411631175	0	31	0.07852311716559028	0.15132231770106838	0.0	0.4615384615384615	0.03587363463229915	0.06928614785199473	0.0	0.1734453286177424	0.6521573148776098	0.28871133643544467	0.068100358422939	0.9242329367564184	0.048013901768989974	0.04609998202883109	0.0046641791044776	0.158273381294964	0.4253844123724055	0.30261618209209695	0.102901273220622	0.9480286738351256	3480.4444444444443	1782.4979241707977	122	6620	2105.222222222222	1311.910531183459	83	4225	4890357.444444444	43828.56139446618	4777948	4914993
ntv2_250m_w4096	animal_fine	gap50_min80	0.9	5	18	0.8394398941577854	0.09658581480940022	0.6085791792089514	0.9452576536216278	0.6015741255894018	0.2964430346673731	0.0639515402174344	0.9563552442617844	0.6484893676976377	0.2596216596199429	0.1178850822767736	0.9448576105838312	0.21894096881266617	0.1656464612804335	0.0	0.5101663585951941	0.16302816220062016	0.1633871347243858	0.0	0.5059578368469294	0.18246879988645212	0.16611391199958425	0.0	0.5080533824206167	0.9081060467240404	0.22676556744743756	0.0	0.9690544491469858	0.10801677922321012	0.09046593701007931	0.0	0.2791127541589648	0.08201177662445097	0.09116185536182975	0.0	0.2807835820895522	0.09094633166647181	0.09181891254200858	0.0	0.2779567418315692	6.117647058823529	5.857098822595284	3.5	22.5	0.744084739318411	0.0954523362148917	0.5532891381947985	0.922211350293542	5.888888888888889	9.022122411631175	0	31	0.07852311716559028	0.15132231770106838	0.0	0.4615384615384615	0.03587363463229915	0.06928614785199473	0.0	0.1734453286177424	0.6521573148776098	0.28871133643544467	0.068100358422939	0.9242329367564184	0.048013901768989974	0.04609998202883109	0.0046641791044776	0.158273381294964	0.4253844123724055	0.30261618209209695	0.102901273220622	0.9480286738351256	3480.4444444444443	1782.4979241707977	122	6620	2105.222222222222	1311.910531183459	83	4225	4890357.444444444	43828.56139446618	4777948	4914993
ntv2_250m_w4096	animal_fine	gap50_min80	0.9	10	18	0.8394398941577854	0.09658581480940022	0.6085791792089514	0.9452576536216278	0.6015741255894018	0.2964430346673731	0.0639515402174344	0.9563552442617844	0.6484893676976377	0.2596216596199429	0.1178850822767736	0.9448576105838312	0.21894096881266617	0.1656464612804335	0.0	0.5101663585951941	0.16302816220062016	0.1633871347243858	0.0	0.5059578368469294	0.18246879988645212	0.16611391199958425	0.0	0.5080533824206167	0.9081060467240404	0.22676556744743756	0.0	0.9690544491469858	0.15851539075843918	0.13505507354021992	0.0	0.4107773851590106	0.12077196710153615	0.13446944596576238	0.0	0.4076492537313433	0.13392337981696661	0.13594117032177597	0.0	0.4022089277496548	6.117647058823529	5.857098822595284	3.5	22.5	0.744084739318411	0.0954523362148917	0.5532891381947985	0.922211350293542	5.888888888888889	9.022122411631175	0	31	0.07852311716559028	0.15132231770106838	0.0	0.4615384615384615	0.03587363463229915	0.06928614785199473	0.0	0.1734453286177424	0.6521573148776098	0.28871133643544467	0.068100358422939	0.9242329367564184	0.048013901768989974	0.04609998202883109	0.0046641791044776	0.158273381294964	0.4253844123724055	0.30261618209209695	0.102901273220622	0.9480286738351256	3480.4444444444443	1782.4979241707977	122	6620	2105.222222222222	1311.910531183459	83	4225	4890357.444444444	43828.56139446618	4777948	4914993
ntv2_250m_w4096	animal_fine	gap50_min80	0.9	25	18	0.8394398941577854	0.09658581480940022	0.6085791792089514	0.9452576536216278	0.6015741255894018	0.2964430346673731	0.0639515402174344	0.9563552442617844	0.6484893676976377	0.2596216596199429	0.1178850822767736	0.9448576105838312	0.21894096881266617	0.1656464612804335	0.0	0.5101663585951941	0.16302816220062016	0.1633871347243858	0.0	0.5059578368469294	0.18246879988645212	0.16611391199958425	0.0	0.5080533824206167	0.9081060467240404	0.22676556744743756	0.0	0.9690544491469858	0.19875311259082518	0.16001021404338842	0.0	0.4845406360424028	0.14985729617485677	0.1569876989523481	0.0	0.4738805970149253	0.16707574644294618	0.15955526137004655	0.0	0.4721583064887252	6.117647058823529	5.857098822595284	3.5	22.5	0.744084739318411	0.0954523362148917	0.5532891381947985	0.922211350293542	5.888888888888889	9.022122411631175	0	31	0.07852311716559028	0.15132231770106838	0.0	0.4615384615384615	0.03587363463229915	0.06928614785199473	0.0	0.1734453286177424	0.6521573148776098	0.28871133643544467	0.068100358422939	0.9242329367564184	0.048013901768989974	0.04609998202883109	0.0046641791044776	0.158273381294964	0.4253844123724055	0.30261618209209695	0.102901273220622	0.9480286738351256	3480.4444444444443	1782.4979241707977	122	6620	2105.222222222222	1311.910531183459	83	4225	4890357.444444444	43828.56139446618	4777948	4914993
ntv2_250m_w4096	animal_fine	gap50_min80	0.9	50	18	0.8394398941577854	0.09658581480940022	0.6085791792089514	0.9452576536216278	0.6015741255894018	0.2964430346673731	0.0639515402174344	0.9563552442617844	0.6484893676976377	0.2596216596199429	0.1178850822767736	0.9448576105838312	0.21894096881266617	0.1656464612804335	0.0	0.5101663585951941	0.16302816220062016	0.1633871347243858	0.0	0.5059578368469294	0.18246879988645212	0.16611391199958425	0.0	0.5080533824206167	0.9081060467240404	0.22676556744743756	0.0	0.9690544491469858	0.21083443094719312	0.16469593579835182	0.0	0.5046210720887245	0.1579904908198045	0.16249929578959016	0.0	0.5004582951420715	0.17642712075098027	0.16500330371334015	0.0	0.5025310630464794	6.117647058823529	5.857098822595284	3.5	22.5	0.744084739318411	0.0954523362148917	0.5532891381947985	0.922211350293542	5.888888888888889	9.022122411631175	0	31	0.07852311716559028	0.15132231770106838	0.0	0.4615384615384615	0.03587363463229915	0.06928614785199473	0.0	0.1734453286177424	0.6521573148776098	0.28871133643544467	0.068100358422939	0.9242329367564184	0.048013901768989974	0.04609998202883109	0.0046641791044776	0.158273381294964	0.4253844123724055	0.30261618209209695	0.102901273220622	0.9480286738351256	3480.4444444444443	1782.4979241707977	122	6620	2105.222222222222	1311.910531183459	83	4225	4890357.444444444	43828.56139446618	4777948	4914993
ntv2_250m_w4096	animal_fine	gap50_min80	0.9	100	18	0.8394398941577854	0.09658581480940022	0.6085791792089514	0.9452576536216278	0.6015741255894018	0.2964430346673731	0.0639515402174344	0.9563552442617844	0.6484893676976377	0.2596216596199429	0.1178850822767736	0.9448576105838312	0.21894096881266617	0.1656464612804335	0.0	0.5101663585951941	0.16302816220062016	0.1633871347243858	0.0	0.5059578368469294	0.18246879988645212	0.16611391199958425	0.0	0.5080533824206167	0.9081060467240404	0.22676556744743756	0.0	0.9690544491469858	0.21517720989787187	0.1647777695047726	0.0	0.5083179297597042	0.16065246447514048	0.1629364814811342	0.0	0.5041246562786434	0.17961241545702514	0.16545526644738923	0.0	0.5062126092959043	6.117647058823529	5.857098822595284	3.5	22.5	0.744084739318411	0.0954523362148917	0.5532891381947985	0.922211350293542	5.888888888888889	9.022122411631175	0	31	0.07852311716559028	0.15132231770106838	0.0	0.4615384615384615	0.03587363463229915	0.06928614785199473	0.0	0.1734453286177424	0.6521573148776098	0.28871133643544467	0.068100358422939	0.9242329367564184	0.048013901768989974	0.04609998202883109	0.0046641791044776	0.158273381294964	0.4253844123724055	0.30261618209209695	0.102901273220622	0.9480286738351256	3480.4444444444443	1782.4979241707977	122	6620	2105.222222222222	1311.910531183459	83	4225	4890357.444444444	43828.56139446618	4777948	4914993
ntv2_250m_w4096	animal_fine	hmm_penalty2	0.5	5	18	0.834269440055809	0.09836835377728774	0.6296469493116224	0.9466826128000748	0.5950733586065211	0.30063769033524856	0.062665917175787	0.9536081088903406	0.6450322710519467	0.2631094862906521	0.1147971838749279	0.9459859089217176	0.32536955557114755	0.2377656850672881	0.0231481481481481	0.6400062363579669	0.39340376758743667	0.29707242257336003	0.0129032258064516	0.8722014925373134	0.3504626142251659	0.2615174104350243	0.0202988440936002	0.683979517190929	0.7954682453960131	0.08388442980736582	0.5886077820473907	0.8986945024904885	0.08465175843103116	0.07892236236087859	0.0	0.2279499404052443	0.10753247848833057	0.11164420274616195	0.0	0.3516791044776119	0.09355030111420364	0.09180198449267057	0.0	0.2757863935625457	90.83333333333333	267.19431406859735	4.5	1152.5	0.6725853057601416	0.13352506039612194	0.4484313725490196	0.9169406092483016	1393.111111111111	818.7264779837244	143	2931	0.4859688278558957	0.18772555863170984	0.3074074074074074	0.8930185836263185	0.10180325113478556	0.07118186373787955	0.0070405768484212	0.2570497930584153	0.9048490907679942	0.34895900105678446	0.1688172043010752	1.4149771092217136	0.11372375962015743	0.06694839698253773	0.043010752688172	0.2684761281883584	0.3794442200843269	0.30932245219485777	0.0461753731343283	0.9060931899641576	3480.4444444444443	1782.4979241707977	122	6620	3850.777777777778	2170.274814681733	216	6734	4890357.444444444	43828.56139446618	4777948	4914993
ntv2_250m_w4096	animal_fine	hmm_penalty2	0.5	10	18	0.834269440055809	0.09836835377728774	0.6296469493116224	0.9466826128000748	0.5950733586065211	0.30063769033524856	0.062665917175787	0.9536081088903406	0.6450322710519467	0.2631094862906521	0.1147971838749279	0.9459859089217176	0.32536955557114755	0.2377656850672881	0.0231481481481481	0.6400062363579669	0.39340376758743667	0.29707242257336003	0.0129032258064516	0.8722014925373134	0.3504626142251659	0.2615174104350243	0.0202988440936002	0.683979517190929	0.7954682453960131	0.08388442980736582	0.5886077820473907	0.8986945024904885	0.1345830303520862	0.12377161297553485	0.0	0.3602502979737783	0.16937570876546315	0.1723541111253766	0.0	0.5326492537313433	0.14800014089106092	0.14296856109267622	0.0	0.417702999268471	90.83333333333333	267.19431406859735	4.5	1152.5	0.6725853057601416	0.13352506039612194	0.4484313725490196	0.9169406092483016	1393.111111111111	818.7264779837244	143	2931	0.4859688278558957	0.18772555863170984	0.3074074074074074	0.8930185836263185	0.10180325113478556	0.07118186373787955	0.0070405768484212	0.2570497930584153	0.9048490907679942	0.34895900105678446	0.1688172043010752	1.4149771092217136	0.11372375962015743	0.06694839698253773	0.043010752688172	0.2684761281883584	0.3794442200843269	0.30932245219485777	0.0461753731343283	0.9060931899641576	3480.4444444444443	1782.4979241707977	122	6620	3850.777777777778	2170.274814681733	216	6734	4890357.444444444	43828.56139446618	4777948	4914993
ntv2_250m_w4096	animal_fine	hmm_penalty2	0.5	25	18	0.834269440055809	0.09836835377728774	0.6296469493116224	0.9466826128000748	0.5950733586065211	0.30063769033524856	0.062665917175787	0.9536081088903406	0.6450322710519467	0.2631094862906521	0.1147971838749279	0.9459859089217176	0.32536955557114755	0.2377656850672881	0.0231481481481481	0.6400062363579669	0.39340376758743667	0.29707242257336003	0.0129032258064516	0.8722014925373134	0.3504626142251659	0.2615174104350243	0.0202988440936002	0.683979517190929	0.7954682453960131	0.08388442980736582	0.5886077820473907	0.8986945024904885	0.19691990869753054	0.17241524057162969	0.0	0.4812276519666269	0.24456705321465064	0.23110667730093068	0.0	0.7014925373134329	0.21529983491356353	0.1953293292103918	0.0	0.5501097293343087	90.83333333333333	267.19431406859735	4.5	1152.5	0.6725853057601416	0.13352506039612194	0.4484313725490196	0.9169406092483016	1393.111111111111	818.7264779837244	143	2931	0.4859688278558957	0.18772555863170984	0.3074074074074074	0.8930185836263185	0.10180325113478556	0.07118186373787955	0.0070405768484212	0.2570497930584153	0.9048490907679942	0.34895900105678446	0.1688172043010752	1.4149771092217136	0.11372375962015743	0.06694839698253773	0.043010752688172	0.2684761281883584	0.3794442200843269	0.30932245219485777	0.0461753731343283	0.9060931899641576	3480.4444444444443	1782.4979241707977	122	6620	3850.777777777778	2170.274814681733	216	6734	4890357.444444444	43828.56139446618	4777948	4914993
ntv2_250m_w4096	animal_fine	hmm_penalty2	0.5	50	18	0.834269440055809	0.09836835377728774	0.6296469493116224	0.9466826128000748	0.5950733586065211	0.30063769033524856	0.062665917175787	0.9536081088903406	0.6450322710519467	0.2631094862906521	0.1147971838749279	0.9459859089217176	0.32536955557114755	0.2377656850672881	0.0231481481481481	0.6400062363579669	0.39340376758743667	0.29707242257336003	0.0129032258064516	0.8722014925373134	0.3504626142251659	0.2615174104350243	0.0202988440936002	0.683979517190929	0.7954682453960131	0.08388442980736582	0.5886077820473907	0.8986945024904885	0.23494739097228645	0.19824908857959458	0.0	0.5426102502979738	0.2901564983455277	0.2613005301309435	0.0	0.7817164179104478	0.25614293504127406	0.22280904717850575	0.0	0.6130212143379664	90.83333333333333	267.19431406859735	4.5	1152.5	0.6725853057601416	0.13352506039612194	0.4484313725490196	0.9169406092483016	1393.111111111111	818.7264779837244	143	2931	0.4859688278558957	0.18772555863170984	0.3074074074074074	0.8930185836263185	0.10180325113478556	0.07118186373787955	0.0070405768484212	0.2570497930584153	0.9048490907679942	0.34895900105678446	0.1688172043010752	1.4149771092217136	0.11372375962015743	0.06694839698253773	0.043010752688172	0.2684761281883584	0.3794442200843269	0.30932245219485777	0.0461753731343283	0.9060931899641576	3480.4444444444443	1782.4979241707977	122	6620	3850.777777777778	2170.274814681733	216	6734	4890357.444444444	43828.56139446618	4777948	4914993
ntv2_250m_w4096	animal_fine	hmm_penalty2	0.5	100	18	0.834269440055809	0.09836835377728774	0.6296469493116224	0.9466826128000748	0.5950733586065211	0.30063769033524856	0.062665917175787	0.9536081088903406	0.6450322710519467	0.2631094862906521	0.1147971838749279	0.9459859089217176	0.32536955557114755	0.2377656850672881	0.0231481481481481	0.6400062363579669	0.39340376758743667	0.29707242257336003	0.0129032258064516	0.8722014925373134	0.3504626142251659	0.2615174104350243	0.0202988440936002	0.683979517190929	0.7954682453960131	0.08388442980736582	0.5886077820473907	0.8986945024904885	0.2656454440174308	0.21447493152810765	0.0	0.5768772348033373	0.3253731062380486	0.27915492653990165	0.0	0.8325559701492538	0.2882173213170802	0.2399251316623971	0.0	0.6528895391367959	90.83333333333333	267.19431406859735	4.5	1152.5	0.6725853057601416	0.13352506039612194	0.4484313725490196	0.9169406092483016	1393.111111111111	818.7264779837244	143	2931	0.4859688278558957	0.18772555863170984	0.3074074074074074	0.8930185836263185	0.10180325113478556	0.07118186373787955	0.0070405768484212	0.2570497930584153	0.9048490907679942	0.34895900105678446	0.1688172043010752	1.4149771092217136	0.11372375962015743	0.06694839698253773	0.043010752688172	0.2684761281883584	0.3794442200843269	0.30932245219485777	0.0461753731343283	0.9060931899641576	3480.4444444444443	1782.4979241707977	122	6620	3850.777777777778	2170.274814681733	216	6734	4890357.444444444	43828.56139446618	4777948	4914993
ntv2_250m_w4096	animal_fine	hmm_penalty2	0.7	5	18	0.834269440055809	0.09836835377728774	0.6296469493116224	0.9466826128000748	0.5950733586065211	0.30063769033524856	0.062665917175787	0.9536081088903406	0.6450322710519467	0.2631094862906521	0.1147971838749279	0.9459859089217176	0.2582694962706014	0.20789363966238664	0.0	0.5423122765196663	0.3155747668485537	0.2667058573166165	0.0	0.7826492537313433	0.2801121415888017	0.23073728598689988	0.0	0.6137527432333577	0.8405579052465592	0.21207389937471122	0.0	0.9286897283632136	0.08463622276113307	0.07891421294956542	0.0	0.2279499404052443	0.107517270288069	0.11164223994000175	0.0	0.3516791044776119	0.09353493092315215	0.0917968644397293	0.0	0.2757863935625457	12.426470588235293	14.061184578999946	4.0	49.5	0.6725853057601416	0.13352506039612194	0.4484313725490196	0.9169406092483016	1393.111111111111	818.7264779837244	143	2931	0.4859688278558957	0.18772555863170984	0.3074074074074074	0.8930185836263185	0.10180325113478556	0.07118186373787955	0.0070405768484212	0.2570497930584153	0.9048490907679942	0.34895900105678446	0.1688172043010752	1.4149771092217136	0.11372375962015743	0.06694839698253773	0.043010752688172	0.2684761281883584	0.3794442200843269	0.30932245219485777	0.0461753731343283	0.9060931899641576	3480.4444444444443	1782.4979241707977	122	6620	3850.777777777778	2170.274814681733	216	6734	4890357.444444444	43828.56139446618	4777948	4914993
ntv2_250m_w4096	animal_fine	hmm_penalty2	0.7	10	18	0.834269440055809	0.09836835377728774	0.6296469493116224	0.9466826128000748	0.5950733586065211	0.30063769033524856	0.062665917175787	0.9536081088903406	0.6450322710519467	0.2631094862906521	0.1147971838749279	0.9459859089217176	0.2582694962706014	0.20789363966238664	0.0	0.5423122765196663	0.3155747668485537	0.2667058573166165	0.0	0.7826492537313433	0.2801121415888017	0.23073728598689988	0.0	0.6137527432333577	0.8405579052465592	0.21207389937471122	0.0	0.9286897283632136	0.13439595519229147	0.12363657463293978	0.0	0.3596543504171633	0.16916785057015948	0.172249394548278	0.0	0.5326492537313433	0.14780378865347196	0.14284532820397097	0.0	0.417702999268471	12.426470588235293	14.061184578999946	4.0	49.5	0.6725853057601416	0.13352506039612194	0.4484313725490196	0.9169406092483016	1393.111111111111	818.7264779837244	143	2931	0.4859688278558957	0.18772555863170984	0.3074074074074074	0.8930185836263185	0.10180325113478556	0.07118186373787955	0.0070405768484212	0.2570497930584153	0.9048490907679942	0.34895900105678446	0.1688172043010752	1.4149771092217136	0.11372375962015743	0.06694839698253773	0.043010752688172	0.2684761281883584	0.3794442200843269	0.30932245219485777	0.0461753731343283	0.9060931899641576	3480.4444444444443	1782.4979241707977	122	6620	3850.777777777778	2170.274814681733	216	6734	4890357.444444444	43828.56139446618	4777948	4914993
ntv2_250m_w4096	animal_fine	hmm_penalty2	0.7	25	18	0.834269440055809	0.09836835377728774	0.6296469493116224	0.9466826128000748	0.5950733586065211	0.30063769033524856	0.062665917175787	0.9536081088903406	0.6450322710519467	0.2631094862906521	0.1147971838749279	0.9459859089217176	0.2582694962706014	0.20789363966238664	0.0	0.5423122765196663	0.3155747668485537	0.2667058573166165	0.0	0.7826492537313433	0.2801121415888017	0.23073728598689988	0.0	0.6137527432333577	0.8405579052465592	0.21207389937471122	0.0	0.9286897283632136	0.19334429210297555	0.17010990988455302	0.0	0.4719904648390942	0.24013056372981906	0.2277782426408664	0.0	0.6893656716417911	0.21142373521639457	0.19259461159670152	0.0	0.5405998536942209	12.426470588235293	14.061184578999946	4.0	49.5	0.6725853057601416	0.13352506039612194	0.4484313725490196	0.9169406092483016	1393.111111111111	818.7264779837244	143	2931	0.4859688278558957	0.18772555863170984	0.3074074074074074	0.8930185836263185	0.10180325113478556	0.07118186373787955	0.0070405768484212	0.2570497930584153	0.9048490907679942	0.34895900105678446	0.1688172043010752	1.4149771092217136	0.11372375962015743	0.06694839698253773	0.043010752688172	0.2684761281883584	0.3794442200843269	0.30932245219485777	0.0461753731343283	0.9060931899641576	3480.4444444444443	1782.4979241707977	122	6620	3850.777777777778	2170.274814681733	216	6734	4890357.444444444	43828.56139446618	4777948	4914993
ntv2_250m_w4096	animal_fine	hmm_penalty2	0.7	50	18	0.834269440055809	0.09836835377728774	0.6296469493116224	0.9466826128000748	0.5950733586065211	0.30063769033524856	0.062665917175787	0.9536081088903406	0.6450322710519467	0.2631094862906521	0.1147971838749279	0.9459859089217176	0.2582694962706014	0.20789363966238664	0.0	0.5423122765196663	0.3155747668485537	0.2667058573166165	0.0	0.7826492537313433	0.2801121415888017	0.23073728598689988	0.0	0.6137527432333577	0.8405579052465592	0.21207389937471122	0.0	0.9286897283632136	0.2220504942436646	0.1902387455894666	0.0	0.5166865315852205	0.27459537190575084	0.2506960597817644	0.0	0.7481343283582089	0.24235566337685144	0.21367637068625708	0.0	0.5866861741038771	12.426470588235293	14.061184578999946	4.0	49.5	0.6725853057601416	0.13352506039612194	0.4484313725490196	0.9169406092483016	1393.111111111111	818.7264779837244	143	2931	0.4859688278558957	0.18772555863170984	0.3074074074074074	0.8930185836263185	0.10180325113478556	0.07118186373787955	0.0070405768484212	0.2570497930584153	0.9048490907679942	0.34895900105678446	0.1688172043010752	1.4149771092217136	0.11372375962015743	0.06694839698253773	0.043010752688172	0.2684761281883584	0.3794442200843269	0.30932245219485777	0.0461753731343283	0.9060931899641576	3480.4444444444443	1782.4979241707977	122	6620	3850.777777777778	2170.274814681733	216	6734	4890357.444444444	43828.56139446618	4777948	4914993
ntv2_250m_w4096	animal_fine	hmm_penalty2	0.7	100	18	0.834269440055809	0.09836835377728774	0.6296469493116224	0.9466826128000748	0.5950733586065211	0.30063769033524856	0.062665917175787	0.9536081088903406	0.6450322710519467	0.2631094862906521	0.1147971838749279	0.9459859089217176	0.2582694962706014	0.20789363966238664	0.0	0.5423122765196663	0.3155747668485537	0.2667058573166165	0.0	0.7826492537313433	0.2801121415888017	0.23073728598689988	0.0	0.6137527432333577	0.8405579052465592	0.21207389937471122	0.0	0.9286897283632136	0.23858661925668484	0.19923426017236578	0.0	0.533373063170441	0.2938027594137277	0.26005383402142707	0.0	0.7709888059701493	0.2598387003404563	0.22281403024654597	0.0	0.6046086320409656	12.426470588235293	14.061184578999946	4.0	49.5	0.6725853057601416	0.13352506039612194	0.4484313725490196	0.9169406092483016	1393.111111111111	818.7264779837244	143	2931	0.4859688278558957	0.18772555863170984	0.3074074074074074	0.8930185836263185	0.10180325113478556	0.07118186373787955	0.0070405768484212	0.2570497930584153	0.9048490907679942	0.34895900105678446	0.1688172043010752	1.4149771092217136	0.11372375962015743	0.06694839698253773	0.043010752688172	0.2684761281883584	0.3794442200843269	0.30932245219485777	0.0461753731343283	0.9060931899641576	3480.4444444444443	1782.4979241707977	122	6620	3850.777777777778	2170.274814681733	216	6734	4890357.444444444	43828.56139446618	4777948	4914993
ntv2_250m_w4096	animal_fine	hmm_penalty2	0.8	5	18	0.834269440055809	0.09836835377728774	0.6296469493116224	0.9466826128000748	0.5950733586065211	0.30063769033524856	0.062665917175787	0.9536081088903406	0.6450322710519467	0.2631094862906521	0.1147971838749279	0.9459859089217176	0.22286758667344733	0.1860143023209644	0.0	0.4946364719904648	0.2736914511570671	0.24185031648499955	0.0	0.7126865671641791	0.24237601171360376	0.2076669353428621	0.0	0.5588880760790051	0.8705428306661921	0.21816073606629138	0.0	0.945695877708879	0.08457900493213719	0.0788884622494579	0.0	0.2279499404052443	0.10745772339865421	0.11163327407303533	0.0	0.3516791044776119	0.0934765794700433	0.09177858150309903	0.0	0.2757863935625457	7.705882352941177	6.324700643927278	4.0	24.5	0.6725853057601416	0.13352506039612194	0.4484313725490196	0.9169406092483016	1393.111111111111	818.7264779837244	143	2931	0.4859688278558957	0.18772555863170984	0.3074074074074074	0.8930185836263185	0.10180325113478556	0.07118186373787955	0.0070405768484212	0.2570497930584153	0.9048490907679942	0.34895900105678446	0.1688172043010752	1.4149771092217136	0.11372375962015743	0.06694839698253773	0.043010752688172	0.2684761281883584	0.3794442200843269	0.30932245219485777	0.0461753731343283	0.9060931899641576	3480.4444444444443	1782.4979241707977	122	6620	3850.777777777778	2170.274814681733	216	6734	4890357.444444444	43828.56139446618	4777948	4914993
ntv2_250m_w4096	animal_fine	hmm_penalty2	0.8	10	18	0.834269440055809	0.09836835377728774	0.6296469493116224	0.9466826128000748	0.5950733586065211	0.30063769033524856	0.062665917175787	0.9536081088903406	0.6450322710519467	0.2631094862906521	0.1147971838749279	0.9459859089217176	0.22286758667344733	0.1860143023209644	0.0	0.4946364719904648	0.2736914511570671	0.24185031648499955	0.0	0.7126865671641791	0.24237601171360376	0.2076669353428621	0.0	0.5588880760790051	0.8705428306661921	0.21816073606629138	0.0	0.945695877708879	0.13336695878700422	0.12297517305266654	0.0	0.3575685339690107	0.16791418805703207	0.17120046368131536	0.0	0.5293843283582089	0.14670988494290668	0.14201243240482994	0.0	0.4151426481346013	7.705882352941177	6.324700643927278	4.0	24.5	0.6725853057601416	0.13352506039612194	0.4484313725490196	0.9169406092483016	1393.111111111111	818.7264779837244	143	2931	0.4859688278558957	0.18772555863170984	0.3074074074074074	0.8930185836263185	0.10180325113478556	0.07118186373787955	0.0070405768484212	0.2570497930584153	0.9048490907679942	0.34895900105678446	0.1688172043010752	1.4149771092217136	0.11372375962015743	0.06694839698253773	0.043010752688172	0.2684761281883584	0.3794442200843269	0.30932245219485777	0.0461753731343283	0.9060931899641576	3480.4444444444443	1782.4979241707977	122	6620	3850.777777777778	2170.274814681733	216	6734	4890357.444444444	43828.56139446618	4777948	4914993
ntv2_250m_w4096	animal_fine	hmm_penalty2	0.8	25	18	0.834269440055809	0.09836835377728774	0.6296469493116224	0.9466826128000748	0.5950733586065211	0.30063769033524856	0.062665917175787	0.9536081088903406	0.6450322710519467	0.2631094862906521	0.1147971838749279	0.9459859089217176	0.22286758667344733	0.1860143023209644	0.0	0.4946364719904648	0.2736914511570671	0.24185031648499955	0.0	0.7126865671641791	0.24237601171360376	0.2076669353428621	0.0	0.5588880760790051	0.8705428306661921	0.21816073606629138	0.0	0.945695877708879	0.18410314523951354	0.16300153630176634	0.0	0.4505363528009535	0.2286842110080744	0.21739924139729924	0.0	0.6534514925373134	0.2014113803063954	0.18413016680090993	0.0	0.5124359912216533	7.705882352941177	6.324700643927278	4.0	24.5	0.6725853057601416	0.13352506039612194	0.4484313725490196	0.9169406092483016	1393.111111111111	818.7264779837244	143	2931	0.4859688278558957	0.18772555863170984	0.3074074074074074	0.8930185836263185	0.10180325113478556	0.07118186373787955	0.0070405768484212	0.2570497930584153	0.9048490907679942	0.34895900105678446	0.1688172043010752	1.4149771092217136	0.11372375962015743	0.06694839698253773	0.043010752688172	0.2684761281883584	0.3794442200843269	0.30932245219485777	0.0461753731343283	0.9060931899641576	3480.4444444444443	1782.4979241707977	122	6620	3850.777777777778	2170.274814681733	216	6734	4890357.444444444	43828.56139446618	4777948	4914993
ntv2_250m_w4096	animal_fine	hmm_penalty2	0.8	50	18	0.834269440055809	0.09836835377728774	0.6296469493116224	0.9466826128000748	0.5950733586065211	0.30063769033524856	0.062665917175787	0.9536081088903406	0.6450322710519467	0.2631094862906521	0.1147971838749279	0.9459859089217176	0.22286758667344733	0.1860143023209644	0.0	0.4946364719904648	0.2736914511570671	0.24185031648499955	0.0	0.7126865671641791	0.24237601171360376	0.2076669353428621	0.0	0.5588880760790051	0.8705428306661921	0.21816073606629138	0.0	0.945695877708879	0.20403647088101015	0.1764818807520109	0.0	0.4806317044100119	0.25255773237251034	0.2327702943514818	0.0	0.6926305970149254	0.22286097697469864	0.19825781024348174	0.0	0.5431602048280907	7.705882352941177	6.324700643927278	4.0	24.5	0.6725853057601416	0.13352506039612194	0.4484313725490196	0.9169406092483016	1393.111111111111	818.7264779837244	143	2931	0.4859688278558957	0.18772555863170984	0.3074074074074074	0.8930185836263185	0.10180325113478556	0.07118186373787955	0.0070405768484212	0.2570497930584153	0.9048490907679942	0.34895900105678446	0.1688172043010752	1.4149771092217136	0.11372375962015743	0.06694839698253773	0.043010752688172	0.2684761281883584	0.3794442200843269	0.30932245219485777	0.0461753731343283	0.9060931899641576	3480.4444444444443	1782.4979241707977	122	6620	3850.777777777778	2170.274814681733	216	6734	4890357.444444444	43828.56139446618	4777948	4914993
ntv2_250m_w4096	animal_fine	hmm_penalty2	0.8	100	18	0.834269440055809	0.09836835377728774	0.6296469493116224	0.9466826128000748	0.5950733586065211	0.30063769033524856	0.062665917175787	0.9536081088903406	0.6450322710519467	0.2631094862906521	0.1147971838749279	0.9459859089217176	0.22286758667344733	0.1860143023209644	0.0	0.4946364719904648	0.2736914511570671	0.24185031648499955	0.0	0.7126865671641791	0.24237601171360376	0.2076669353428621	0.0	0.5588880760790051	0.8705428306661921	0.21816073606629138	0.0	0.945695877708879	0.21371757369896963	0.18181512587286316	0.0	0.4901668653158522	0.26385573854354655	0.23850265313199664	0.0	0.707089552238806	0.23312660439573765	0.2037270628582778	0.0	0.5544989027066569	7.705882352941177	6.324700643927278	4.0	24.5	0.6725853057601416	0.13352506039612194	0.4484313725490196	0.9169406092483016	1393.111111111111	818.7264779837244	143	2931	0.4859688278558957	0.18772555863170984	0.3074074074074074	0.8930185836263185	0.10180325113478556	0.07118186373787955	0.0070405768484212	0.2570497930584153	0.9048490907679942	0.34895900105678446	0.1688172043010752	1.4149771092217136	0.11372375962015743	0.06694839698253773	0.043010752688172	0.2684761281883584	0.3794442200843269	0.30932245219485777	0.0461753731343283	0.9060931899641576	3480.4444444444443	1782.4979241707977	122	6620	3850.777777777778	2170.274814681733	216	6734	4890357.444444444	43828.56139446618	4777948	4914993
ntv2_250m_w4096	animal_fine	hmm_penalty2	0.9	5	18	0.834269440055809	0.09836835377728774	0.6296469493116224	0.9466826128000748	0.5950733586065211	0.30063769033524856	0.062665917175787	0.9536081088903406	0.6450322710519467	0.2631094862906521	0.1147971838749279	0.9459859089217176	0.16346333074932662	0.1425208046571341	0.0	0.3861740166865315	0.20368908437544092	0.19010674511790593	0.0	0.566231343283582	0.17924735789843385	0.16073015817880812	0.0	0.4440380395025604	0.9056605403027373	0.22618427734894683	0.0	0.9687546689490224	0.0825211915249204	0.0772986645015599	0.0	0.2213945172824791	0.10503060969276848	0.10887230039104011	0.0	0.3400186567164179	0.0913586022157443	0.08963709426927503	0.0	0.2666422823701536	5.0588235294117645	3.565820176258439	1.5	14.5	0.6725853057601416	0.13352506039612194	0.4484313725490196	0.9169406092483016	1393.111111111111	818.7264779837244	143	2931	0.4859688278558957	0.18772555863170984	0.3074074074074074	0.8930185836263185	0.10180325113478556	0.07118186373787955	0.0070405768484212	0.2570497930584153	0.9048490907679942	0.34895900105678446	0.1688172043010752	1.4149771092217136	0.11372375962015743	0.06694839698253773	0.043010752688172	0.2684761281883584	0.3794442200843269	0.30932245219485777	0.0461753731343283	0.9060931899641576	3480.4444444444443	1782.4979241707977	122	6620	3850.777777777778	2170.274814681733	216	6734	4890357.444444444	43828.56139446618	4777948	4914993
ntv2_250m_w4096	animal_fine	hmm_penalty2	0.9	10	18	0.834269440055809	0.09836835377728774	0.6296469493116224	0.9466826128000748	0.5950733586065211	0.30063769033524856	0.062665917175787	0.9536081088903406	0.6450322710519467	0.2631094862906521	0.1147971838749279	0.9459859089217176	0.16346333074932662	0.1425208046571341	0.0	0.3861740166865315	0.20368908437544092	0.19010674511790593	0.0	0.566231343283582	0.17924735789843385	0.16073015817880812	0.0	0.4440380395025604	0.9056605403027373	0.22618427734894683	0.0	0.9687546689490224	0.12226569475472787	0.11365931226805404	0.0	0.3268772348033373	0.15457663906590344	0.15703089701050102	0.0	0.4822761194029851	0.13497050180777773	0.13053446213902364	0.0	0.3782004389173373	5.0588235294117645	3.565820176258439	1.5	14.5	0.6725853057601416	0.13352506039612194	0.4484313725490196	0.9169406092483016	1393.111111111111	818.7264779837244	143	2931	0.4859688278558957	0.18772555863170984	0.3074074074074074	0.8930185836263185	0.10180325113478556	0.07118186373787955	0.0070405768484212	0.2570497930584153	0.9048490907679942	0.34895900105678446	0.1688172043010752	1.4149771092217136	0.11372375962015743	0.06694839698253773	0.043010752688172	0.2684761281883584	0.3794442200843269	0.30932245219485777	0.0461753731343283	0.9060931899641576	3480.4444444444443	1782.4979241707977	122	6620	3850.777777777778	2170.274814681733	216	6734	4890357.444444444	43828.56139446618	4777948	4914993
ntv2_250m_w4096	animal_fine	hmm_penalty2	0.9	25	18	0.834269440055809	0.09836835377728774	0.6296469493116224	0.9466826128000748	0.5950733586065211	0.30063769033524856	0.062665917175787	0.9536081088903406	0.6450322710519467	0.2631094862906521	0.1147971838749279	0.9459859089217176	0.16346333074932662	0.1425208046571341	0.0	0.3861740166865315	0.20368908437544092	0.19010674511790593	0.0	0.566231343283582	0.17924735789843385	0.16073015817880812	0.0	0.4440380395025604	0.9056605403027373	0.22618427734894683	0.0	0.9687546689490224	0.1516036368492491	0.1357776215156664	0.0	0.3784266984505363	0.1900747132724144	0.1829103812041109	0.0	0.5503731343283582	0.1667864244737474	0.15385342036473565	0.0	0.4316020482809071	5.0588235294117645	3.565820176258439	1.5	14.5	0.6725853057601416	0.13352506039612194	0.4484313725490196	0.9169406092483016	1393.111111111111	818.7264779837244	143	2931	0.4859688278558957	0.18772555863170984	0.3074074074074074	0.8930185836263185	0.10180325113478556	0.07118186373787955	0.0070405768484212	0.2570497930584153	0.9048490907679942	0.34895900105678446	0.1688172043010752	1.4149771092217136	0.11372375962015743	0.06694839698253773	0.043010752688172	0.2684761281883584	0.3794442200843269	0.30932245219485777	0.0461753731343283	0.9060931899641576	3480.4444444444443	1782.4979241707977	122	6620	3850.777777777778	2170.274814681733	216	6734	4890357.444444444	43828.56139446618	4777948	4914993
ntv2_250m_w4096	animal_fine	hmm_penalty2	0.9	50	18	0.834269440055809	0.09836835377728774	0.6296469493116224	0.9466826128000748	0.5950733586065211	0.30063769033524856	0.062665917175787	0.9536081088903406	0.6450322710519467	0.2631094862906521	0.1147971838749279	0.9459859089217176	0.16346333074932662	0.1425208046571341	0.0	0.3861740166865315	0.20368908437544092	0.19010674511790593	0.0	0.566231343283582	0.17924735789843385	0.16073015817880812	0.0	0.4440380395025604	0.9056605403027373	0.22618427734894683	0.0	0.9687546689490224	0.15882606422346857	0.14011516485044925	0.0	0.384088200238379	0.19858819024797872	0.18808270913103212	0.0	0.5629664179104478	0.17448129204027218	0.15848759152724953	0.0	0.4414776883686905	5.0588235294117645	3.565820176258439	1.5	14.5	0.6725853057601416	0.13352506039612194	0.4484313725490196	0.9169406092483016	1393.111111111111	818.7264779837244	143	2931	0.4859688278558957	0.18772555863170984	0.3074074074074074	0.8930185836263185	0.10180325113478556	0.07118186373787955	0.0070405768484212	0.2570497930584153	0.9048490907679942	0.34895900105678446	0.1688172043010752	1.4149771092217136	0.11372375962015743	0.06694839698253773	0.043010752688172	0.2684761281883584	0.3794442200843269	0.30932245219485777	0.0461753731343283	0.9060931899641576	3480.4444444444443	1782.4979241707977	122	6620	3850.777777777778	2170.274814681733	216	6734	4890357.444444444	43828.56139446618	4777948	4914993
ntv2_250m_w4096	animal_fine	hmm_penalty2	0.9	100	18	0.834269440055809	0.09836835377728774	0.6296469493116224	0.9466826128000748	0.5950733586065211	0.30063769033524856	0.062665917175787	0.9536081088903406	0.6450322710519467	0.2631094862906521	0.1147971838749279	0.9459859089217176	0.16346333074932662	0.1425208046571341	0.0	0.3861740166865315	0.20368908437544092	0.19010674511790593	0.0	0.566231343283582	0.17924735789843385	0.16073015817880812	0.0	0.4440380395025604	0.9056605403027373	0.22618427734894683	0.0	0.9687546689490224	0.1614440635946268	0.141188803884586	0.0	0.3855780691299165	0.2014916156381794	0.18919409421637712	0.0	0.5652985074626866	0.17716742703369126	0.15959497758800986	0.0	0.443306510607169	5.0588235294117645	3.565820176258439	1.5	14.5	0.6725853057601416	0.13352506039612194	0.4484313725490196	0.9169406092483016	1393.111111111111	818.7264779837244	143	2931	0.4859688278558957	0.18772555863170984	0.3074074074074074	0.8930185836263185	0.10180325113478556	0.07118186373787955	0.0070405768484212	0.2570497930584153	0.9048490907679942	0.34895900105678446	0.1688172043010752	1.4149771092217136	0.11372375962015743	0.06694839698253773	0.043010752688172	0.2684761281883584	0.3794442200843269	0.30932245219485777	0.0461753731343283	0.9060931899641576	3480.4444444444443	1782.4979241707977	122	6620	3850.777777777778	2170.274814681733	216	6734	4890357.444444444	43828.56139446618	4777948	4914993
ntv2_250m_w4096	animal_fine	raw_threshold	0.5	5	18	0.832570255459181	0.09845416295032886	0.6285547734271887	0.9462624261232968	0.594553006815485	0.300485801876289	0.0632307707036597	0.9533300531716958	0.6444392888396313	0.2627057000363488	0.1157337812618516	0.9458267813435794	0.2184600338996808	0.1896075390838481	0.00177304964539	0.5048707155742633	0.3949884411862989	0.3065544912970485	0.0081967213114754	0.8717350746268657	0.2761869928729885	0.23200470192610115	0.0029154518950437	0.5854134709245572	0.7913543716098846	0.09552690222575291	0.5151721786566655	0.8974802549439946	0.058811983224868164	0.061366149741243624	0.0	0.1777256740914419	0.10847302917801394	0.1120366480196179	0.0	0.353544776119403	0.0751584069386544	0.07857740963535344	0.0	0.2365423623030113	104.09722222222223	330.4141690062116	4.5	1422.0	0.6329105325401737	0.14319839347841173	0.3719374293252921	0.9111619172042132	4359.944444444444	3222.1944015589606	461	10906	0.5000599181910418	0.20828779081323195	0.2364380757420675	0.901786669519632	0.0500669170707045	0.0371061729748732	0.0042266993896181	0.1342249379173346	1.4956507945436048	0.9099189947093315	0.3960573476702509	3.6955526487900583	0.1709206447653258	0.08334329019691962	0.074160447761194	0.3525179856115107	0.3690917973661442	0.3051906142446031	0.0438432835820895	0.8899641577060932	3480.4444444444443	1782.4979241707977	122	6620	6906.833333333333	4286.0742664642485	564	14117	4890357.444444444	43828.56139446618	4777948	4914993
ntv2_250m_w4096	animal_fine	raw_threshold	0.5	10	18	0.832570255459181	0.09845416295032886	0.6285547734271887	0.9462624261232968	0.594553006815485	0.300485801876289	0.0632307707036597	0.9533300531716958	0.6444392888396313	0.2627057000363488	0.1157337812618516	0.9458267813435794	0.2184600338996808	0.1896075390838481	0.00177304964539	0.5048707155742633	0.3949884411862989	0.3065544912970485	0.0081967213114754	0.8717350746268657	0.2761869928729885	0.23200470192610115	0.0029154518950437	0.5854134709245572	0.7913543716098846	0.09552690222575291	0.5151721786566655	0.8974802549439946	0.09415620040534294	0.09673006157380783	0.0	0.2751190746200952	0.17208272110546463	0.1734080544295569	0.0	0.5354477611940298	0.11988015767734435	0.12300719316570947	0.0	0.3582462162583866	104.09722222222223	330.4141690062116	4.5	1422.0	0.6329105325401737	0.14319839347841173	0.3719374293252921	0.9111619172042132	4359.944444444444	3222.1944015589606	461	10906	0.5000599181910418	0.20828779081323195	0.2364380757420675	0.901786669519632	0.0500669170707045	0.0371061729748732	0.0042266993896181	0.1342249379173346	1.4956507945436048	0.9099189947093315	0.3960573476702509	3.6955526487900583	0.1709206447653258	0.08334329019691962	0.074160447761194	0.3525179856115107	0.3690917973661442	0.3051906142446031	0.0438432835820895	0.8899641577060932	3480.4444444444443	1782.4979241707977	122	6620	6906.833333333333	4286.0742664642485	564	14117	4890357.444444444	43828.56139446618	4777948	4914993
ntv2_250m_w4096	animal_fine	raw_threshold	0.5	25	18	0.832570255459181	0.09845416295032886	0.6285547734271887	0.9462624261232968	0.594553006815485	0.300485801876289	0.0632307707036597	0.9533300531716958	0.6444392888396313	0.2627057000363488	0.1157337812618516	0.9458267813435794	0.2184600338996808	0.1896075390838481	0.00177304964539	0.5048707155742633	0.3949884411862989	0.3065544912970485	0.0081967213114754	0.8717350746268657	0.2761869928729885	0.23200470192610115	0.0029154518950437	0.5854134709245572	0.7913543716098846	0.09552690222575291	0.5151721786566655	0.8974802549439946	0.13820817680719252	0.13522279261249198	0.0	0.36833749149467	0.2501893089710057	0.23406681360985576	0.0	0.7061567164179104	0.17524982817709792	0.16953607894367445	0.0	0.4724606022780464	104.09722222222223	330.4141690062116	4.5	1422.0	0.6329105325401737	0.14319839347841173	0.3719374293252921	0.9111619172042132	4359.944444444444	3222.1944015589606	461	10906	0.5000599181910418	0.20828779081323195	0.2364380757420675	0.901786669519632	0.0500669170707045	0.0371061729748732	0.0042266993896181	0.1342249379173346	1.4956507945436048	0.9099189947093315	0.3960573476702509	3.6955526487900583	0.1709206447653258	0.08334329019691962	0.074160447761194	0.3525179856115107	0.3690917973661442	0.3051906142446031	0.0438432835820895	0.8899641577060932	3480.4444444444443	1782.4979241707977	122	6620	6906.833333333333	4286.0742664642485	564	14117	4890357.444444444	43828.56139446618	4777948	4914993
ntv2_250m_w4096	animal_fine	raw_threshold	0.5	50	18	0.832570255459181	0.09845416295032886	0.6285547734271887	0.9462624261232968	0.594553006815485	0.300485801876289	0.0632307707036597	0.9533300531716958	0.6444392888396313	0.2627057000363488	0.1157337812618516	0.9458267813435794	0.2184600338996808	0.1896075390838481	0.00177304964539	0.5048707155742633	0.3949884411862989	0.3065544912970485	0.0081967213114754	0.8717350746268657	0.2761869928729885	0.23200470192610115	0.0029154518950437	0.5854134709245572	0.7913543716098846	0.09552690222575291	0.5151721786566655	0.8974802549439946	0.16414752207723401	0.1555286076366488	0.0	0.4166477659333182	0.29708465035459897	0.26451846774834287	0.0	0.7854477611940298	0.20799347752142625	0.19362827211872716	0.0	0.5255110001560306	104.09722222222223	330.4141690062116	4.5	1422.0	0.6329105325401737	0.14319839347841173	0.3719374293252921	0.9111619172042132	4359.944444444444	3222.1944015589606	461	10906	0.5000599181910418	0.20828779081323195	0.2364380757420675	0.901786669519632	0.0500669170707045	0.0371061729748732	0.0042266993896181	0.1342249379173346	1.4956507945436048	0.9099189947093315	0.3960573476702509	3.6955526487900583	0.1709206447653258	0.08334329019691962	0.074160447761194	0.3525179856115107	0.3690917973661442	0.3051906142446031	0.0438432835820895	0.8899641577060932	3480.4444444444443	1782.4979241707977	122	6620	6906.833333333333	4286.0742664642485	564	14117	4890357.444444444	43828.56139446618	4777948	4914993
ntv2_250m_w4096	animal_fine	raw_threshold	0.5	100	18	0.832570255459181	0.09845416295032886	0.6285547734271887	0.9462624261232968	0.594553006815485	0.300485801876289	0.0632307707036597	0.9533300531716958	0.6444392888396313	0.2627057000363488	0.1157337812618516	0.9458267813435794	0.2184600338996808	0.1896075390838481	0.00177304964539	0.5048707155742633	0.3949884411862989	0.3065544912970485	0.0081967213114754	0.8717350746268657	0.2761869928729885	0.23200470192610115	0.0029154518950437	0.5854134709245572	0.7913543716098846	0.09552690222575291	0.5151721786566655	0.8974802549439946	0.18330684130420463	0.16857288713705107	0.0	0.4447384245339747	0.33138129873818417	0.28256837160089304	0.0	0.832089552238806	0.2320504002953112	0.20874759703808943	0.0	0.5567171165548448	104.09722222222223	330.4141690062116	4.5	1422.0	0.6329105325401737	0.14319839347841173	0.3719374293252921	0.9111619172042132	4359.944444444444	3222.1944015589606	461	10906	0.5000599181910418	0.20828779081323195	0.2364380757420675	0.901786669519632	0.0500669170707045	0.0371061729748732	0.0042266993896181	0.1342249379173346	1.4956507945436048	0.9099189947093315	0.3960573476702509	3.6955526487900583	0.1709206447653258	0.08334329019691962	0.074160447761194	0.3525179856115107	0.3690917973661442	0.3051906142446031	0.0438432835820895	0.8899641577060932	3480.4444444444443	1782.4979241707977	122	6620	6906.833333333333	4286.0742664642485	564	14117	4890357.444444444	43828.56139446618	4777948	4914993
ntv2_250m_w4096	animal_fine	raw_threshold	0.7	5	18	0.832570255459181	0.09845416295032886	0.6285547734271887	0.9462624261232968	0.594553006815485	0.300485801876289	0.0632307707036597	0.9533300531716958	0.6444392888396313	0.2627057000363488	0.1157337812618516	0.9458267813435794	0.17730681484646468	0.16279127335464685	0.0	0.413018825130415	0.31934926984653644	0.2704428982015457	0.0	0.7826492537313433	0.2242486556626343	0.20102135518596626	0.0	0.5236386331721018	0.8380102307441947	0.21180635130647107	0.0	0.9281440132431942	0.05879440006258093	0.06135354839481069	0.0	0.1777256740914419	0.10844860319849974	0.11202956312819144	0.0	0.353544776119403	0.07513795982094434	0.07856598906189961	0.0	0.2365423623030113	11.308823529411764	11.114998809240232	4.0	40.75	0.6329105325401737	0.14319839347841173	0.3719374293252921	0.9111619172042132	4359.944444444444	3222.1944015589606	461	10906	0.5000599181910418	0.20828779081323195	0.2364380757420675	0.901786669519632	0.0500669170707045	0.0371061729748732	0.0042266993896181	0.1342249379173346	1.4956507945436048	0.9099189947093315	0.3960573476702509	3.6955526487900583	0.1709206447653258	0.08334329019691962	0.074160447761194	0.3525179856115107	0.3690917973661442	0.3051906142446031	0.0438432835820895	0.8899641577060932	3480.4444444444443	1782.4979241707977	122	6620	6906.833333333333	4286.0742664642485	564	14117	4890357.444444444	43828.56139446618	4777948	4914993
ntv2_250m_w4096	animal_fine	raw_threshold	0.7	10	18	0.832570255459181	0.09845416295032886	0.6285547734271887	0.9462624261232968	0.594553006815485	0.300485801876289	0.0632307707036597	0.9533300531716958	0.6444392888396313	0.2627057000363488	0.1157337812618516	0.9458267813435794	0.17730681484646468	0.16279127335464685	0.0	0.413018825130415	0.31934926984653644	0.2704428982015457	0.0	0.7826492537313433	0.2242486556626343	0.20102135518596626	0.0	0.5236386331721018	0.8380102307441947	0.21180635130647107	0.0	0.9281440132431942	0.09402589935937561	0.09664072858358581	0.0	0.2748922658199138	0.1718645071874606	0.17333171782275378	0.0	0.5354477611940298	0.1197196285322538	0.12291801290767154	0.0	0.3582462162583866	11.308823529411764	11.114998809240232	4.0	40.75	0.6329105325401737	0.14319839347841173	0.3719374293252921	0.9111619172042132	4359.944444444444	3222.1944015589606	461	10906	0.5000599181910418	0.20828779081323195	0.2364380757420675	0.901786669519632	0.0500669170707045	0.0371061729748732	0.0042266993896181	0.1342249379173346	1.4956507945436048	0.9099189947093315	0.3960573476702509	3.6955526487900583	0.1709206447653258	0.08334329019691962	0.074160447761194	0.3525179856115107	0.3690917973661442	0.3051906142446031	0.0438432835820895	0.8899641577060932	3480.4444444444443	1782.4979241707977	122	6620	6906.833333333333	4286.0742664642485	564	14117	4890357.444444444	43828.56139446618	4777948	4914993
ntv2_250m_w4096	animal_fine	raw_threshold	0.7	25	18	0.832570255459181	0.09845416295032886	0.6285547734271887	0.9462624261232968	0.594553006815485	0.300485801876289	0.0632307707036597	0.9533300531716958	0.6444392888396313	0.2627057000363488	0.1157337812618516	0.9458267813435794	0.17730681484646468	0.16279127335464685	0.0	0.413018825130415	0.31934926984653644	0.2704428982015457	0.0	0.7826492537313433	0.2242486556626343	0.20102135518596626	0.0	0.5236386331721018	0.8380102307441947	0.21180635130647107	0.0	0.9281440132431942	0.13555223580190828	0.13327582841797914	0.0	0.3610796098888637	0.24514776022266702	0.23047744937769576	0.0	0.6940298507462687	0.17186635897242455	0.16703811138105326	0.0	0.4643470120143548	11.308823529411764	11.114998809240232	4.0	40.75	0.6329105325401737	0.14319839347841173	0.3719374293252921	0.9111619172042132	4359.944444444444	3222.1944015589606	461	10906	0.5000599181910418	0.20828779081323195	0.2364380757420675	0.901786669519632	0.0500669170707045	0.0371061729748732	0.0042266993896181	0.1342249379173346	1.4956507945436048	0.9099189947093315	0.3960573476702509	3.6955526487900583	0.1709206447653258	0.08334329019691962	0.074160447761194	0.3525179856115107	0.3690917973661442	0.3051906142446031	0.0438432835820895	0.8899641577060932	3480.4444444444443	1782.4979241707977	122	6620	6906.833333333333	4286.0742664642485	564	14117	4890357.444444444	43828.56139446618	4777948	4914993
ntv2_250m_w4096	animal_fine	raw_threshold	0.7	50	18	0.832570255459181	0.09845416295032886	0.6285547734271887	0.9462624261232968	0.594553006815485	0.300485801876289	0.0632307707036597	0.9533300531716958	0.6444392888396313	0.2627057000363488	0.1157337812618516	0.9458267813435794	0.17730681484646468	0.16279127335464685	0.0	0.413018825130415	0.31934926984653644	0.2704428982015457	0.0	0.7826492537313433	0.2242486556626343	0.20102135518596626	0.0	0.5236386331721018	0.8380102307441947	0.21180635130647107	0.0	0.9281440132431942	0.155091827625244	0.1488653155507261	0.0	0.3948741211158993	0.2802122950769049	0.2534081011629834	0.0	0.7518656716417911	0.19651307308507493	0.18541070641686436	0.0	0.5030425963488844	11.308823529411764	11.114998809240232	4.0	40.75	0.6329105325401737	0.14319839347841173	0.3719374293252921	0.9111619172042132	4359.944444444444	3222.1944015589606	461	10906	0.5000599181910418	0.20828779081323195	0.2364380757420675	0.901786669519632	0.0500669170707045	0.0371061729748732	0.0042266993896181	0.1342249379173346	1.4956507945436048	0.9099189947093315	0.3960573476702509	3.6955526487900583	0.1709206447653258	0.08334329019691962	0.074160447761194	0.3525179856115107	0.3690917973661442	0.3051906142446031	0.0438432835820895	0.8899641577060932	3480.4444444444443	1782.4979241707977	122	6620	6906.833333333333	4286.0742664642485	564	14117	4890357.444444444	43828.56139446618	4777948	4914993
ntv2_250m_w4096	animal_fine	raw_threshold	0.7	100	18	0.832570255459181	0.09845416295032886	0.6285547734271887	0.9462624261232968	0.594553006815485	0.300485801876289	0.0632307707036597	0.9533300531716958	0.6444392888396313	0.2627057000363488	0.1157337812618516	0.9458267813435794	0.17730681484646468	0.16279127335464685	0.0	0.413018825130415	0.31934926984653644	0.2704428982015457	0.0	0.7826492537313433	0.2242486556626343	0.20102135518596626	0.0	0.5236386331721018	0.8380102307441947	0.21180635130647107	0.0	0.9281440132431942	0.16548961682077093	0.1557209372254302	0.0	0.4066681787253345	0.298780749941234	0.26284091416881944	0.0	0.7714552238805971	0.2095907676048299	0.19332937582386472	0.0	0.5161491652363863	11.308823529411764	11.114998809240232	4.0	40.75	0.6329105325401737	0.14319839347841173	0.3719374293252921	0.9111619172042132	4359.944444444444	3222.1944015589606	461	10906	0.5000599181910418	0.20828779081323195	0.2364380757420675	0.901786669519632	0.0500669170707045	0.0371061729748732	0.0042266993896181	0.1342249379173346	1.4956507945436048	0.9099189947093315	0.3960573476702509	3.6955526487900583	0.1709206447653258	0.08334329019691962	0.074160447761194	0.3525179856115107	0.3690917973661442	0.3051906142446031	0.0438432835820895	0.8899641577060932	3480.4444444444443	1782.4979241707977	122	6620	6906.833333333333	4286.0742664642485	564	14117	4890357.444444444	43828.56139446618	4777948	4914993
ntv2_250m_w4096	animal_fine	raw_threshold	0.8	5	18	0.832570255459181	0.09845416295032886	0.6285547734271887	0.9462624261232968	0.594553006815485	0.300485801876289	0.0632307707036597	0.9533300531716958	0.6444392888396313	0.2627057000363488	0.1157337812618516	0.9458267813435794	0.1539357564786091	0.14535147583641173	0.0	0.3776366523021093	0.27696305376731517	0.24491308551161042	0.0	0.7140858208955224	0.19475642985016914	0.18043770903032433	0.0	0.4777656420658448	0.8679827669616418	0.2179343077496963	0.0	0.944840506687284	0.05875495700677864	0.061333580582275844	0.0	0.1777256740914419	0.10838905630908496	0.11201966333554433	0.0	0.353544776119403	0.07509061845102881	0.07854792389204021	0.0	0.2365423623030113	7.25	4.761499238685228	4.0	21.0	0.6329105325401737	0.14319839347841173	0.3719374293252921	0.9111619172042132	4359.944444444444	3222.1944015589606	461	10906	0.5000599181910418	0.20828779081323195	0.2364380757420675	0.901786669519632	0.0500669170707045	0.0371061729748732	0.0042266993896181	0.1342249379173346	1.4956507945436048	0.9099189947093315	0.3960573476702509	3.6955526487900583	0.1709206447653258	0.08334329019691962	0.074160447761194	0.3525179856115107	0.3690917973661442	0.3051906142446031	0.0438432835820895	0.8899641577060932	3480.4444444444443	1782.4979241707977	122	6620	6906.833333333333	4286.0742664642485	564	14117	4890357.444444444	43828.56139446618	4777948	4914993
ntv2_250m_w4096	animal_fine	raw_threshold	0.8	10	18	0.832570255459181	0.09845416295032886	0.6285547734271887	0.9462624261232968	0.594553006815485	0.300485801876289	0.0632307707036597	0.9533300531716958	0.6444392888396313	0.2627057000363488	0.1157337812618516	0.9458267813435794	0.1539357564786091	0.14535147583641173	0.0	0.3776366523021093	0.27696305376731517	0.24491308551161042	0.0	0.7140858208955224	0.19475642985016914	0.18043770903032433	0.0	0.4777656420658448	0.8679827669616418	0.2179343077496963	0.0	0.944840506687284	0.09337692615822106	0.09607840834641852	0.0	0.2733046042186436	0.1706082921387877	0.17225659666662502	0.0	0.5321828358208955	0.11887769216949756	0.12218955814024343	0.0	0.3560617881104696	7.25	4.761499238685228	4.0	21.0	0.6329105325401737	0.14319839347841173	0.3719374293252921	0.9111619172042132	4359.944444444444	3222.1944015589606	461	10906	0.5000599181910418	0.20828779081323195	0.2364380757420675	0.901786669519632	0.0500669170707045	0.0371061729748732	0.0042266993896181	0.1342249379173346	1.4956507945436048	0.9099189947093315	0.3960573476702509	3.6955526487900583	0.1709206447653258	0.08334329019691962	0.074160447761194	0.3525179856115107	0.3690917973661442	0.3051906142446031	0.0438432835820895	0.8899641577060932	3480.4444444444443	1782.4979241707977	122	6620	6906.833333333333	4286.0742664642485	564	14117	4890357.444444444	43828.56139446618	4777948	4914993
ntv2_250m_w4096	animal_fine	raw_threshold	0.8	25	18	0.832570255459181	0.09845416295032886	0.6285547734271887	0.9462624261232968	0.594553006815485	0.300485801876289	0.0632307707036597	0.9533300531716958	0.6444392888396313	0.2627057000363488	0.1157337812618516	0.9458267813435794	0.1539357564786091	0.14535147583641173	0.0	0.3776366523021093	0.27696305376731517	0.24491308551161042	0.0	0.7140858208955224	0.19475642985016914	0.18043770903032433	0.0	0.4777656420658448	0.8679827669616418	0.2179343077496963	0.0	0.944840506687284	0.12927046010784476	0.12756625878504038	0.0	0.3449761850759809	0.23353129765804065	0.22004078354384066	0.0	0.6585820895522388	0.16387685192614812	0.15973305343961555	0.0	0.440630363551256	7.25	4.761499238685228	4.0	21.0	0.6329105325401737	0.14319839347841173	0.3719374293252921	0.9111619172042132	4359.944444444444	3222.1944015589606	461	10906	0.5000599181910418	0.20828779081323195	0.2364380757420675	0.901786669519632	0.0500669170707045	0.0371061729748732	0.0042266993896181	0.1342249379173346	1.4956507945436048	0.9099189947093315	0.3960573476702509	3.6955526487900583	0.1709206447653258	0.08334329019691962	0.074160447761194	0.3525179856115107	0.3690917973661442	0.3051906142446031	0.0438432835820895	0.8899641577060932	3480.4444444444443	1782.4979241707977	122	6620	6906.833333333333	4286.0742664642485	564	14117	4890357.444444444	43828.56139446618	4777948	4914993
ntv2_250m_w4096	animal_fine	raw_threshold	0.8	50	18	0.832570255459181	0.09845416295032886	0.6285547734271887	0.9462624261232968	0.594553006815485	0.300485801876289	0.0632307707036597	0.9533300531716958	0.6444392888396313	0.2627057000363488	0.1157337812618516	0.9458267813435794	0.1539357564786091	0.14535147583641173	0.0	0.3776366523021093	0.27696305376731517	0.24491308551161042	0.0	0.7140858208955224	0.19475642985016914	0.18043770903032433	0.0	0.4777656420658448	0.8679827669616418	0.2179343077496963	0.0	0.944840506687284	0.1425104917303592	0.13781778277185847	0.0	0.3672034474937627	0.2572368347488698	0.23516240800264443	0.0	0.6972947761194029	0.1805693043586556	0.1718484121752672	0.0	0.4665314401622717	7.25	4.761499238685228	4.0	21.0	0.6329105325401737	0.14319839347841173	0.3719374293252921	0.9111619172042132	4359.944444444444	3222.1944015589606	461	10906	0.5000599181910418	0.20828779081323195	0.2364380757420675	0.901786669519632	0.0500669170707045	0.0371061729748732	0.0042266993896181	0.1342249379173346	1.4956507945436048	0.9099189947093315	0.3960573476702509	3.6955526487900583	0.1709206447653258	0.08334329019691962	0.074160447761194	0.3525179856115107	0.3690917973661442	0.3051906142446031	0.0438432835820895	0.8899641577060932	3480.4444444444443	1782.4979241707977	122	6620	6906.833333333333	4286.0742664642485	564	14117	4890357.444444444	43828.56139446618	4777948	4914993
ntv2_250m_w4096	animal_fine	raw_threshold	0.8	100	18	0.832570255459181	0.09845416295032886	0.6285547734271887	0.9462624261232968	0.594553006815485	0.300485801876289	0.0632307707036597	0.9533300531716958	0.6444392888396313	0.2627057000363488	0.1157337812618516	0.9458267813435794	0.1539357564786091	0.14535147583641173	0.0	0.3776366523021093	0.27696305376731517	0.24491308551161042	0.0	0.7140858208955224	0.19475642985016914	0.18043770903032433	0.0	0.4777656420658448	0.8679827669616418	0.2179343077496963	0.0	0.944840506687284	0.14839431285228757	0.141781005302482	0.0	0.3742345202993876	0.26773348294357047	0.24076742256592698	0.0	0.7089552238805971	0.1879838156832656	0.1764762055829217	0.0	0.4743329692619755	7.25	4.761499238685228	4.0	21.0	0.6329105325401737	0.14319839347841173	0.3719374293252921	0.9111619172042132	4359.944444444444	3222.1944015589606	461	10906	0.5000599181910418	0.20828779081323195	0.2364380757420675	0.901786669519632	0.0500669170707045	0.0371061729748732	0.0042266993896181	0.1342249379173346	1.4956507945436048	0.9099189947093315	0.3960573476702509	3.6955526487900583	0.1709206447653258	0.08334329019691962	0.074160447761194	0.3525179856115107	0.3690917973661442	0.3051906142446031	0.0438432835820895	0.8899641577060932	3480.4444444444443	1782.4979241707977	122	6620	6906.833333333333	4286.0742664642485	564	14117	4890357.444444444	43828.56139446618	4777948	4914993
ntv2_250m_w4096	animal_fine	raw_threshold	0.9	5	18	0.832570255459181	0.09845416295032886	0.6285547734271887	0.9462624261232968	0.594553006815485	0.300485801876289	0.0632307707036597	0.9533300531716958	0.6444392888396313	0.2627057000363488	0.1157337812618516	0.9458267813435794	0.11321770399378847	0.11035099158459859	0.0	0.293263778634611	0.2056663004857002	0.19135590254281976	0.0	0.5699626865671642	0.143894870567769	0.13835537548867688	0.0	0.3813387423935091	0.9066512285738582	0.2266700142060336	0.0	0.998803827751196	0.05733716799388311	0.05992420428568582	0.0	0.1718640093786635	0.10583038146535345	0.10918949535573338	0.0	0.341884328358209	0.0733238750583462	0.07664140182428218	0.0	0.2287408332033078	4.647058823529412	2.891337849304977	0.75	14.5	0.6329105325401737	0.14319839347841173	0.3719374293252921	0.9111619172042132	4359.944444444444	3222.1944015589606	461	10906	0.5000599181910418	0.20828779081323195	0.2364380757420675	0.901786669519632	0.0500669170707045	0.0371061729748732	0.0042266993896181	0.1342249379173346	1.4956507945436048	0.9099189947093315	0.3960573476702509	3.6955526487900583	0.1709206447653258	0.08334329019691962	0.074160447761194	0.3525179856115107	0.3690917973661442	0.3051906142446031	0.0438432835820895	0.8899641577060932	3480.4444444444443	1782.4979241707977	122	6620	6906.833333333333	4286.0742664642485	564	14117	4890357.444444444	43828.56139446618	4777948	4914993
ntv2_250m_w4096	animal_fine	raw_threshold	0.9	10	18	0.832570255459181	0.09845416295032886	0.6285547734271887	0.9462624261232968	0.594553006815485	0.300485801876289	0.0632307707036597	0.9533300531716958	0.6444392888396313	0.2627057000363488	0.1157337812618516	0.9458267813435794	0.11321770399378847	0.11035099158459859	0.0	0.293263778634611	0.2056663004857002	0.19135590254281976	0.0	0.5699626865671642	0.143894870567769	0.13835537548867688	0.0	0.3813387423935091	0.9066512285738582	0.2266700142060336	0.0	0.998803827751196	0.08548748049497244	0.08834421938470301	0.0	0.2488092537990474	0.15651614131249614	0.15782485299429683	0.0	0.4850746268656716	0.10899919221860957	0.1121216966936795	0.0	0.3245436105476673	4.647058823529412	2.891337849304977	0.75	14.5	0.6329105325401737	0.14319839347841173	0.3719374293252921	0.9111619172042132	4359.944444444444	3222.1944015589606	461	10906	0.5000599181910418	0.20828779081323195	0.2364380757420675	0.901786669519632	0.0500669170707045	0.0371061729748732	0.0042266993896181	0.1342249379173346	1.4956507945436048	0.9099189947093315	0.3960573476702509	3.6955526487900583	0.1709206447653258	0.08334329019691962	0.074160447761194	0.3525179856115107	0.3690917973661442	0.3051906142446031	0.0438432835820895	0.8899641577060932	3480.4444444444443	1782.4979241707977	122	6620	6906.833333333333	4286.0742664642485	564	14117	4890357.444444444	43828.56139446618	4777948	4914993
ntv2_250m_w4096	animal_fine	raw_threshold	0.9	25	18	0.832570255459181	0.09845416295032886	0.6285547734271887	0.9462624261232968	0.594553006815485	0.300485801876289	0.0632307707036597	0.9533300531716958	0.6444392888396313	0.2627057000363488	0.1157337812618516	0.9458267813435794	0.11321770399378847	0.11035099158459859	0.0	0.293263778634611	0.2056663004857002	0.19135590254281976	0.0	0.5699626865671642	0.143894870567769	0.13835537548867688	0.0	0.3813387423935091	0.9066512285738582	0.2266700142060336	0.0	0.998803827751196	0.10572758572028747	0.10520637681987981	0.0	0.2873667498298934	0.19260334920216776	0.18414164149105863	0.0	0.5541044776119403	0.1345290643204006	0.13238501350509443	0.0	0.3707286628179123	4.647058823529412	2.891337849304977	0.75	14.5	0.6329105325401737	0.14319839347841173	0.3719374293252921	0.9111619172042132	4359.944444444444	3222.1944015589606	461	10906	0.5000599181910418	0.20828779081323195	0.2364380757420675	0.901786669519632	0.0500669170707045	0.0371061729748732	0.0042266993896181	0.1342249379173346	1.4956507945436048	0.9099189947093315	0.3960573476702509	3.6955526487900583	0.1709206447653258	0.08334329019691962	0.074160447761194	0.3525179856115107	0.3690917973661442	0.3051906142446031	0.0438432835820895	0.8899641577060932	3480.4444444444443	1782.4979241707977	122	6620	6906.833333333333	4286.0742664642485	564	14117	4890357.444444444	43828.56139446618	4777948	4914993
ntv2_250m_w4096	animal_fine	raw_threshold	0.9	50	18	0.832570255459181	0.09845416295032886	0.6285547734271887	0.9462624261232968	0.594553006815485	0.300485801876289	0.0632307707036597	0.9533300531716958	0.6444392888396313	0.2627057000363488	0.1157337812618516	0.9458267813435794	0.11321770399378847	0.11035099158459859	0.0	0.293263778634611	0.2056663004857002	0.19135590254281976	0.0	0.5699626865671642	0.143894870567769	0.13835537548867688	0.0	0.3813387423935091	0.9066512285738582	0.2266700142060336	0.0	0.998803827751196	0.11041292216079283	0.10843837589348415	0.0	0.2919029258335223	0.20095466567390177	0.1890513857656506	0.0	0.5666977611940298	0.14043295246373824	0.13624440572117047	0.0	0.3791543142455921	4.647058823529412	2.891337849304977	0.75	14.5	0.6329105325401737	0.14319839347841173	0.3719374293252921	0.9111619172042132	4359.944444444444	3222.1944015589606	461	10906	0.5000599181910418	0.20828779081323195	0.2364380757420675	0.901786669519632	0.0500669170707045	0.0371061729748732	0.0042266993896181	0.1342249379173346	1.4956507945436048	0.9099189947093315	0.3960573476702509	3.6955526487900583	0.1709206447653258	0.08334329019691962	0.074160447761194	0.3525179856115107	0.3690917973661442	0.3051906142446031	0.0438432835820895	0.8899641577060932	3480.4444444444443	1782.4979241707977	122	6620	6906.833333333333	4286.0742664642485	564	14117	4890357.444444444	43828.56139446618	4777948	4914993
ntv2_250m_w4096	animal_fine	raw_threshold	0.9	100	18	0.832570255459181	0.09845416295032886	0.6285547734271887	0.9462624261232968	0.594553006815485	0.300485801876289	0.0632307707036597	0.9533300531716958	0.6444392888396313	0.2627057000363488	0.1157337812618516	0.9458267813435794	0.11321770399378847	0.11035099158459859	0.0	0.293263778634611	0.2056663004857002	0.19135590254281976	0.0	0.5699626865671642	0.143894870567769	0.13835537548867688	0.0	0.3813387423935091	0.9066512285738582	0.2266700142060336	0.0	0.998803827751196	0.11186673905707378	0.10931081250672761	0.0	0.2928101610342481	0.20353358117639203	0.1903106435724168	0.0	0.5690298507462687	0.14226768264423645	0.1372605930752182	0.0	0.3807146200655328	4.647058823529412	2.891337849304977	0.75	14.5	0.6329105325401737	0.14319839347841173	0.3719374293252921	0.9111619172042132	4359.944444444444	3222.1944015589606	461	10906	0.5000599181910418	0.20828779081323195	0.2364380757420675	0.901786669519632	0.0500669170707045	0.0371061729748732	0.0042266993896181	0.1342249379173346	1.4956507945436048	0.9099189947093315	0.3960573476702509	3.6955526487900583	0.1709206447653258	0.08334329019691962	0.074160447761194	0.3525179856115107	0.3690917973661442	0.3051906142446031	0.0438432835820895	0.8899641577060932	3480.4444444444443	1782.4979241707977	122	6620	6906.833333333333	4286.0742664642485	564	14117	4890357.444444444	43828.56139446618	4777948	4914993
ntv2_250m_w4096	plant_fine	crf_style_penalty4	0.5	5	15	0.8291055823342808	0.15928923939450595	0.5185378536625312	0.9740883248147936	0.10528300587019924	0.06470339357368754	0.0203325220035797	0.220404984423676	0.17595305114369647	0.09114971524287419	0.0396042658658741	0.3093292787181553	0.07342224218210651	0.1125577470445066	0.007158196134574	0.3614457831325301	0.012638820715716894	0.009474975322167217	0.0021359914560341	0.03125	0.01626156775155182	0.013574778898716586	0.0037926675094816	0.0444773906597479	0.6956626992693903	0.053472712426675284	0.6012216839859613	0.798945203102078	0.005896249920153814	0.01079732026647117	0.0	0.036036036036036	0.00049441378102854	0.0008991775152171414	0.0	0.003220611916264	0.0009102631494759733	0.0016572865025585842	0.0	0.0059127864005912	119.23333333333333	124.4736585252746	7.5	420.0	0.7121514321492103	0.1989436010952188	0.3352112676056338	0.946958981612447	216.8	157.41401280880757	63	518	0.6191483810699656	0.22805812394273867	0.2278481012658227	0.92	0.07898149499892769	0.10495467184840929	0.0043073240955391	0.3345344351170582	0.41138835680216235	0.44680424509977673	0.0416	1.2337536372453928	0.06855775150093871	0.07081613189072486	0.0031595576619273	0.1702508960573476	0.9026380448406638	0.08263720290162758	0.7856450048496605	0.9778434268833088	1617.8666666666666	1036.804766486692	170	2845	504.6	464.5699701259834	83	1414	4912505.533333333	3719.6456986936155	4906055	4915200
ntv2_250m_w4096	plant_fine	crf_style_penalty4	0.5	10	15	0.8291055823342808	0.15928923939450595	0.5185378536625312	0.9740883248147936	0.10528300587019924	0.06470339357368754	0.0203325220035797	0.220404984423676	0.17595305114369647	0.09114971524287419	0.0396042658658741	0.3093292787181553	0.07342224218210651	0.1125577470445066	0.007158196134574	0.3614457831325301	0.012638820715716894	0.009474975322167217	0.0021359914560341	0.03125	0.01626156775155182	0.013574778898716586	0.0037926675094816	0.0444773906597479	0.6956626992693903	0.053472712426675284	0.6012216839859613	0.798945203102078	0.02543482804168356	0.04674628113986844	0.0	0.1354166666666666	0.002176574241562193	0.003525828633672199	0.0	0.0104	0.003886574537988787	0.006575198049813695	0.0	0.0193164933135215	119.23333333333333	124.4736585252746	7.5	420.0	0.7121514321492103	0.1989436010952188	0.3352112676056338	0.946958981612447	216.8	157.41401280880757	63	518	0.6191483810699656	0.22805812394273867	0.2278481012658227	0.92	0.07898149499892769	0.10495467184840929	0.0043073240955391	0.3345344351170582	0.41138835680216235	0.44680424509977673	0.0416	1.2337536372453928	0.06855775150093871	0.07081613189072486	0.0031595576619273	0.1702508960573476	0.9026380448406638	0.08263720290162758	0.7856450048496605	0.9778434268833088	1617.8666666666666	1036.804766486692	170	2845	504.6	464.5699701259834	83	1414	4912505.533333333	3719.6456986936155	4906055	4915200
ntv2_250m_w4096	plant_fine	crf_style_penalty4	0.5	25	15	0.8291055823342808	0.15928923939450595	0.5185378536625312	0.9740883248147936	0.10528300587019924	0.06470339357368754	0.0203325220035797	0.220404984423676	0.17595305114369647	0.09114971524287419	0.0396042658658741	0.3093292787181553	0.07342224218210651	0.1125577470445066	0.007158196134574	0.3614457831325301	0.012638820715716894	0.009474975322167217	0.0021359914560341	0.03125	0.01626156775155182	0.013574778898716586	0.0037926675094816	0.0444773906597479	0.6956626992693903	0.053472712426675284	0.6012216839859613	0.798945203102078	0.048168890289576966	0.09039768997043177	0.0	0.2891566265060241	0.004169525639847373	0.006268939220604661	0.0	0.0189573459715639	0.00735850478383046	0.01184668911191791	0.0	0.0355819125277983	119.23333333333333	124.4736585252746	7.5	420.0	0.7121514321492103	0.1989436010952188	0.3352112676056338	0.946958981612447	216.8	157.41401280880757	63	518	0.6191483810699656	0.22805812394273867	0.2278481012658227	0.92	0.07898149499892769	0.10495467184840929	0.0043073240955391	0.3345344351170582	0.41138835680216235	0.44680424509977673	0.0416	1.2337536372453928	0.06855775150093871	0.07081613189072486	0.0031595576619273	0.1702508960573476	0.9026380448406638	0.08263720290162758	0.7856450048496605	0.9778434268833088	1617.8666666666666	1036.804766486692	170	2845	504.6	464.5699701259834	83	1414	4912505.533333333	3719.6456986936155	4906055	4915200
ntv2_250m_w4096	plant_fine	crf_style_penalty4	0.5	50	15	0.8291055823342808	0.15928923939450595	0.5185378536625312	0.9740883248147936	0.10528300587019924	0.06470339357368754	0.0203325220035797	0.220404984423676	0.17595305114369647	0.09114971524287419	0.0396042658658741	0.3093292787181553	0.07342224218210651	0.1125577470445066	0.007158196134574	0.3614457831325301	0.012638820715716894	0.009474975322167217	0.0021359914560341	0.03125	0.01626156775155182	0.013574778898716586	0.0037926675094816	0.0444773906597479	0.6956626992693903	0.053472712426675284	0.6012216839859613	0.798945203102078	0.0625732194250251	0.11393588608076723	0.0	0.3614457831325301	0.005536268468701194	0.008040770806531022	0.0	0.0236966824644549	0.009751013549723934	0.015186977501519216	0.0	0.0444773906597479	119.23333333333333	124.4736585252746	7.5	420.0	0.7121514321492103	0.1989436010952188	0.3352112676056338	0.946958981612447	216.8	157.41401280880757	63	518	0.6191483810699656	0.22805812394273867	0.2278481012658227	0.92	0.07898149499892769	0.10495467184840929	0.0043073240955391	0.3345344351170582	0.41138835680216235	0.44680424509977673	0.0416	1.2337536372453928	0.06855775150093871	0.07081613189072486	0.0031595576619273	0.1702508960573476	0.9026380448406638	0.08263720290162758	0.7856450048496605	0.9778434268833088	1617.8666666666666	1036.804766486692	170	2845	504.6	464.5699701259834	83	1414	4912505.533333333	3719.6456986936155	4906055	4915200
ntv2_250m_w4096	plant_fine	crf_style_penalty4	0.5	100	15	0.8291055823342808	0.15928923939450595	0.5185378536625312	0.9740883248147936	0.10528300587019924	0.06470339357368754	0.0203325220035797	0.220404984423676	0.17595305114369647	0.09114971524287419	0.0396042658658741	0.3093292787181553	0.07342224218210651	0.1125577470445066	0.007158196134574	0.3614457831325301	0.012638820715716894	0.009474975322167217	0.0021359914560341	0.03125	0.01626156775155182	0.013574778898716586	0.0037926675094816	0.0444773906597479	0.6956626992693903	0.053472712426675284	0.6012216839859613	0.798945203102078	0.06529782926367929	0.11410919779796999	0.0	0.3614457831325301	0.006259242863448593	0.007892399438029845	0.0	0.0236966824644549	0.010624988063965706	0.015057828207683562	0.0	0.0444773906597479	119.23333333333333	124.4736585252746	7.5	420.0	0.7121514321492103	0.1989436010952188	0.3352112676056338	0.946958981612447	216.8	157.41401280880757	63	518	0.6191483810699656	0.22805812394273867	0.2278481012658227	0.92	0.07898149499892769	0.10495467184840929	0.0043073240955391	0.3345344351170582	0.41138835680216235	0.44680424509977673	0.0416	1.2337536372453928	0.06855775150093871	0.07081613189072486	0.0031595576619273	0.1702508960573476	0.9026380448406638	0.08263720290162758	0.7856450048496605	0.9778434268833088	1617.8666666666666	1036.804766486692	170	2845	504.6	464.5699701259834	83	1414	4912505.533333333	3719.6456986936155	4906055	4915200
ntv2_250m_w4096	plant_fine	crf_style_penalty4	0.7	5	15	0.8291055823342808	0.15928923939450595	0.5185378536625312	0.9740883248147936	0.10528300587019924	0.06470339357368754	0.0203325220035797	0.220404984423676	0.17595305114369647	0.09114971524287419	0.0396042658658741	0.3093292787181553	0.04884369751680249	0.08575959793030716	0.0025839793281653	0.2650602409638554	0.005913723749644533	0.005522576262581656	0.0007119971520113	0.0173775671406003	0.008785334096397479	0.01073076195090634	0.0012642225031605	0.0326167531504818	0.8213709152498845	0.05174937008788297	0.7525279153290308	0.9248793935217092	0.005896249920153814	0.01079732026647117	0.0	0.036036036036036	0.00049441378102854	0.0008991775152171414	0.0	0.003220611916264	0.0009102631494759733	0.0016572865025585842	0.0	0.0059127864005912	82.46666666666667	126.12472096339891	5.5	449.5	0.7121514321492103	0.1989436010952188	0.3352112676056338	0.946958981612447	216.8	157.41401280880757	63	518	0.6191483810699656	0.22805812394273867	0.2278481012658227	0.92	0.07898149499892769	0.10495467184840929	0.0043073240955391	0.3345344351170582	0.41138835680216235	0.44680424509977673	0.0416	1.2337536372453928	0.06855775150093871	0.07081613189072486	0.0031595576619273	0.1702508960573476	0.9026380448406638	0.08263720290162758	0.7856450048496605	0.9778434268833088	1617.8666666666666	1036.804766486692	170	2845	504.6	464.5699701259834	83	1414	4912505.533333333	3719.6456986936155	4906055	4915200
ntv2_250m_w4096	plant_fine	crf_style_penalty4	0.7	10	15	0.8291055823342808	0.15928923939450595	0.5185378536625312	0.9740883248147936	0.10528300587019924	0.06470339357368754	0.0203325220035797	0.220404984423676	0.17595305114369647	0.09114971524287419	0.0396042658658741	0.3093292787181553	0.04884369751680249	0.08575959793030716	0.0025839793281653	0.2650602409638554	0.005913723749644533	0.005522576262581656	0.0007119971520113	0.0173775671406003	0.008785334096397479	0.01073076195090634	0.0012642225031605	0.0326167531504818	0.8213709152498845	0.05174937008788297	0.7525279153290308	0.9248793935217092	0.02543482804168356	0.04674628113986844	0.0	0.1354166666666666	0.002176574241562193	0.003525828633672199	0.0	0.0104	0.003886574537988787	0.006575198049813695	0.0	0.0193164933135215	82.46666666666667	126.12472096339891	5.5	449.5	0.7121514321492103	0.1989436010952188	0.3352112676056338	0.946958981612447	216.8	157.41401280880757	63	518	0.6191483810699656	0.22805812394273867	0.2278481012658227	0.92	0.07898149499892769	0.10495467184840929	0.0043073240955391	0.3345344351170582	0.41138835680216235	0.44680424509977673	0.0416	1.2337536372453928	0.06855775150093871	0.07081613189072486	0.0031595576619273	0.1702508960573476	0.9026380448406638	0.08263720290162758	0.7856450048496605	0.9778434268833088	1617.8666666666666	1036.804766486692	170	2845	504.6	464.5699701259834	83	1414	4912505.533333333	3719.6456986936155	4906055	4915200
ntv2_250m_w4096	plant_fine	crf_style_penalty4	0.7	25	15	0.8291055823342808	0.15928923939450595	0.5185378536625312	0.9740883248147936	0.10528300587019924	0.06470339357368754	0.0203325220035797	0.220404984423676	0.17595305114369647	0.09114971524287419	0.0396042658658741	0.3093292787181553	0.04884369751680249	0.08575959793030716	0.0025839793281653	0.2650602409638554	0.005913723749644533	0.005522576262581656	0.0007119971520113	0.0173775671406003	0.008785334096397479	0.01073076195090634	0.0012642225031605	0.0326167531504818	0.8213709152498845	0.05174937008788297	0.7525279153290308	0.9248793935217092	0.04492505220857202	0.08563174987815608	0.0	0.2650602409638554	0.0037778352948590332	0.006025284434245703	0.0	0.0173775671406003	0.006741610773843247	0.01134736664040657	0.0	0.0326167531504818	82.46666666666667	126.12472096339891	5.5	449.5	0.7121514321492103	0.1989436010952188	0.3352112676056338	0.946958981612447	216.8	157.41401280880757	63	518	0.6191483810699656	0.22805812394273867	0.2278481012658227	0.92	0.07898149499892769	0.10495467184840929	0.0043073240955391	0.3345344351170582	0.41138835680216235	0.44680424509977673	0.0416	1.2337536372453928	0.06855775150093871	0.07081613189072486	0.0031595576619273	0.1702508960573476	0.9026380448406638	0.08263720290162758	0.7856450048496605	0.9778434268833088	1617.8666666666666	1036.804766486692	170	2845	504.6	464.5699701259834	83	1414	4912505.533333333	3719.6456986936155	4906055	4915200
ntv2_250m_w4096	plant_fine	crf_style_penalty4	0.7	50	15	0.8291055823342808	0.15928923939450595	0.5185378536625312	0.9740883248147936	0.10528300587019924	0.06470339357368754	0.0203325220035797	0.220404984423676	0.17595305114369647	0.09114971524287419	0.0396042658658741	0.3093292787181553	0.04884369751680249	0.08575959793030716	0.0025839793281653	0.2650602409638554	0.005913723749644533	0.005522576262581656	0.0007119971520113	0.0173775671406003	0.008785334096397479	0.01073076195090634	0.0012642225031605	0.0326167531504818	0.8213709152498845	0.05174937008788297	0.7525279153290308	0.9248793935217092	0.044976373737953594	0.08560362222088919	0.0	0.2650602409638554	0.0038332984118862132	0.00600000644886016	0.0	0.0173775671406003	0.006794922782373166	0.011319300153278838	0.0	0.0326167531504818	82.46666666666667	126.12472096339891	5.5	449.5	0.7121514321492103	0.1989436010952188	0.3352112676056338	0.946958981612447	216.8	157.41401280880757	63	518	0.6191483810699656	0.22805812394273867	0.2278481012658227	0.92	0.07898149499892769	0.10495467184840929	0.0043073240955391	0.3345344351170582	0.41138835680216235	0.44680424509977673	0.0416	1.2337536372453928	0.06855775150093871	0.07081613189072486	0.0031595576619273	0.1702508960573476	0.9026380448406638	0.08263720290162758	0.7856450048496605	0.9778434268833088	1617.8666666666666	1036.804766486692	170	2845	504.6	464.5699701259834	83	1414	4912505.533333333	3719.6456986936155	4906055	4915200
ntv2_250m_w4096	plant_fine	crf_style_penalty4	0.7	100	15	0.8291055823342808	0.15928923939450595	0.5185378536625312	0.9740883248147936	0.10528300587019924	0.06470339357368754	0.0203325220035797	0.220404984423676	0.17595305114369647	0.09114971524287419	0.0396042658658741	0.3093292787181553	0.04884369751680249	0.08575959793030716	0.0025839793281653	0.2650602409638554	0.005913723749644533	0.005522576262581656	0.0007119971520113	0.0173775671406003	0.008785334096397479	0.01073076195090634	0.0012642225031605	0.0326167531504818	0.8213709152498845	0.05174937008788297	0.7525279153290308	0.9248793935217092	0.045927725949148325	0.08612024291972348	0.0	0.2650602409638554	0.00434379428021922	0.005980849386458612	0.0	0.0173775671406003	0.007290264446196367	0.011296476033197797	0.0	0.0326167531504818	82.46666666666667	126.12472096339891	5.5	449.5	0.7121514321492103	0.1989436010952188	0.3352112676056338	0.946958981612447	216.8	157.41401280880757	63	518	0.6191483810699656	0.22805812394273867	0.2278481012658227	0.92	0.07898149499892769	0.10495467184840929	0.0043073240955391	0.3345344351170582	0.41138835680216235	0.44680424509977673	0.0416	1.2337536372453928	0.06855775150093871	0.07081613189072486	0.0031595576619273	0.1702508960573476	0.9026380448406638	0.08263720290162758	0.7856450048496605	0.9778434268833088	1617.8666666666666	1036.804766486692	170	2845	504.6	464.5699701259834	83	1414	4912505.533333333	3719.6456986936155	4906055	4915200
ntv2_250m_w4096	plant_fine	crf_style_penalty4	0.8	5	15	0.8291055823342808	0.15928923939450595	0.5185378536625312	0.9740883248147936	0.10528300587019924	0.06470339357368754	0.0203325220035797	0.220404984423676	0.17595305114369647	0.09114971524287419	0.0396042658658741	0.3093292787181553	0.031143587598294126	0.05426352706914627	0.0	0.144578313253012	0.0034936365225277733	0.003938409530695988	0.0	0.0112721417069243	0.0054192333216952935	0.007318460714829902	0.0	0.0206947524020694	0.7573093417331321	0.31015065554298604	0.0	0.947228699115904	0.005896249920153814	0.01079732026647117	0.0	0.036036036036036	0.00049441378102854	0.0008991775152171414	0.0	0.003220611916264	0.0009102631494759733	0.0016572865025585842	0.0	0.0059127864005912	27.23076923076923	43.130309037755666	2.0	125.5	0.7121514321492103	0.1989436010952188	0.3352112676056338	0.946958981612447	216.8	157.41401280880757	63	518	0.6191483810699656	0.22805812394273867	0.2278481012658227	0.92	0.07898149499892769	0.10495467184840929	0.0043073240955391	0.3345344351170582	0.41138835680216235	0.44680424509977673	0.0416	1.2337536372453928	0.06855775150093871	0.07081613189072486	0.0031595576619273	0.1702508960573476	0.9026380448406638	0.08263720290162758	0.7856450048496605	0.9778434268833088	1617.8666666666666	1036.804766486692	170	2845	504.6	464.5699701259834	83	1414	4912505.533333333	3719.6456986936155	4906055	4915200
ntv2_250m_w4096	plant_fine	crf_style_penalty4	0.8	10	15	0.8291055823342808	0.15928923939450595	0.5185378536625312	0.9740883248147936	0.10528300587019924	0.06470339357368754	0.0203325220035797	0.220404984423676	0.17595305114369647	0.09114971524287419	0.0396042658658741	0.3093292787181553	0.031143587598294126	0.05426352706914627	0.0	0.144578313253012	0.0034936365225277733	0.003938409530695988	0.0	0.0112721417069243	0.0054192333216952935	0.007318460714829902	0.0	0.0206947524020694	0.7573093417331321	0.31015065554298604	0.0	0.947228699115904	0.02474038359723912	0.04504203754681975	0.0	0.125	0.00212324090822886	0.0033962205661603934	0.0	0.0096	0.003787515597919447	0.0063328606208277625	0.0	0.0178306092124814	27.23076923076923	43.130309037755666	2.0	125.5	0.7121514321492103	0.1989436010952188	0.3352112676056338	0.946958981612447	216.8	157.41401280880757	63	518	0.6191483810699656	0.22805812394273867	0.2278481012658227	0.92	0.07898149499892769	0.10495467184840929	0.0043073240955391	0.3345344351170582	0.41138835680216235	0.44680424509977673	0.0416	1.2337536372453928	0.06855775150093871	0.07081613189072486	0.0031595576619273	0.1702508960573476	0.9026380448406638	0.08263720290162758	0.7856450048496605	0.9778434268833088	1617.8666666666666	1036.804766486692	170	2845	504.6	464.5699701259834	83	1414	4912505.533333333	3719.6456986936155	4906055	4915200
ntv2_250m_w4096	plant_fine	crf_style_penalty4	0.8	25	15	0.8291055823342808	0.15928923939450595	0.5185378536625312	0.9740883248147936	0.10528300587019924	0.06470339357368754	0.0203325220035797	0.220404984423676	0.17595305114369647	0.09114971524287419	0.0396042658658741	0.3093292787181553	0.031143587598294126	0.05426352706914627	0.0	0.144578313253012	0.0034936365225277733	0.003938409530695988	0.0	0.0112721417069243	0.0054192333216952935	0.007318460714829902	0.0	0.0206947524020694	0.7573093417331321	0.31015065554298604	0.0	0.947228699115904	0.02921780489847982	0.052565328015490305	0.0	0.144578313253012	0.0025418797061110268	0.003837598191839069	0.0	0.0104	0.00450025600780346	0.007204723526032425	0.0	0.0193164933135215	27.23076923076923	43.130309037755666	2.0	125.5	0.7121514321492103	0.1989436010952188	0.3352112676056338	0.946958981612447	216.8	157.41401280880757	63	518	0.6191483810699656	0.22805812394273867	0.2278481012658227	0.92	0.07898149499892769	0.10495467184840929	0.0043073240955391	0.3345344351170582	0.41138835680216235	0.44680424509977673	0.0416	1.2337536372453928	0.06855775150093871	0.07081613189072486	0.0031595576619273	0.1702508960573476	0.9026380448406638	0.08263720290162758	0.7856450048496605	0.9778434268833088	1617.8666666666666	1036.804766486692	170	2845	504.6	464.5699701259834	83	1414	4912505.533333333	3719.6456986936155	4906055	4915200
ntv2_250m_w4096	plant_fine	crf_style_penalty4	0.8	50	15	0.8291055823342808	0.15928923939450595	0.5185378536625312	0.9740883248147936	0.10528300587019924	0.06470339357368754	0.0203325220035797	0.220404984423676	0.17595305114369647	0.09114971524287419	0.0396042658658741	0.3093292787181553	0.031143587598294126	0.05426352706914627	0.0	0.144578313253012	0.0034936365225277733	0.003938409530695988	0.0	0.0112721417069243	0.0054192333216952935	0.007318460714829902	0.0	0.0206947524020694	0.7573093417331321	0.31015065554298604	0.0	0.947228699115904	0.02921780489847982	0.052565328015490305	0.0	0.144578313253012	0.0025418797061110268	0.003837598191839069	0.0	0.0104	0.00450025600780346	0.007204723526032425	0.0	0.0193164933135215	27.23076923076923	43.130309037755666	2.0	125.5	0.7121514321492103	0.1989436010952188	0.3352112676056338	0.946958981612447	216.8	157.41401280880757	63	518	0.6191483810699656	0.22805812394273867	0.2278481012658227	0.92	0.07898149499892769	0.10495467184840929	0.0043073240955391	0.3345344351170582	0.41138835680216235	0.44680424509977673	0.0416	1.2337536372453928	0.06855775150093871	0.07081613189072486	0.0031595576619273	0.1702508960573476	0.9026380448406638	0.08263720290162758	0.7856450048496605	0.9778434268833088	1617.8666666666666	1036.804766486692	170	2845	504.6	464.5699701259834	83	1414	4912505.533333333	3719.6456986936155	4906055	4915200
ntv2_250m_w4096	plant_fine	crf_style_penalty4	0.8	100	15	0.8291055823342808	0.15928923939450595	0.5185378536625312	0.9740883248147936	0.10528300587019924	0.06470339357368754	0.0203325220035797	0.220404984423676	0.17595305114369647	0.09114971524287419	0.0396042658658741	0.3093292787181553	0.031143587598294126	0.05426352706914627	0.0	0.144578313253012	0.0034936365225277733	0.003938409530695988	0.0	0.0112721417069243	0.0054192333216952935	0.007318460714829902	0.0	0.0206947524020694	0.7573093417331321	0.31015065554298604	0.0	0.947228699115904	0.030169157109674546	0.05337763201650797	0.0	0.144578313253012	0.003052375574444033	0.0039537981359467796	0.0	0.0104669887278582	0.004995597671626653	0.007272624369810913	0.0	0.0193164933135215	27.23076923076923	43.130309037755666	2.0	125.5	0.7121514321492103	0.1989436010952188	0.3352112676056338	0.946958981612447	216.8	157.41401280880757	63	518	0.6191483810699656	0.22805812394273867	0.2278481012658227	0.92	0.07898149499892769	0.10495467184840929	0.0043073240955391	0.3345344351170582	0.41138835680216235	0.44680424509977673	0.0416	1.2337536372453928	0.06855775150093871	0.07081613189072486	0.0031595576619273	0.1702508960573476	0.9026380448406638	0.08263720290162758	0.7856450048496605	0.9778434268833088	1617.8666666666666	1036.804766486692	170	2845	504.6	464.5699701259834	83	1414	4912505.533333333	3719.6456986936155	4906055	4915200
ntv2_250m_w4096	plant_fine	crf_style_penalty4	0.9	5	15	0.8291055823342808	0.15928923939450595	0.5185378536625312	0.9740883248147936	0.10528300587019924	0.06470339357368754	0.0203325220035797	0.220404984423676	0.17595305114369647	0.09114971524287419	0.0396042658658741	0.3093292787181553	0.0066861925017702405	0.010978887989505014	0.0	0.036144578313253	0.0010383432692590666	0.0016065084406442689	0.0	0.0058823529411764	0.0014040103995492266	0.0018360670826267473	0.0	0.0051282051282051	0.4975938609084433	0.48211899563450966	0.0	0.9686453576864535	0.005295649319553214	0.009121567718177192	0.0	0.027027027027027	0.00044073691575747333	0.0007335979331696006	0.0	0.002415458937198	0.0008117167094661199	0.001354947236033083	0.0	0.0044345898004434	10.40625	17.95427600282769	1.0	54.5	0.7121514321492103	0.1989436010952188	0.3352112676056338	0.946958981612447	216.8	157.41401280880757	63	518	0.6191483810699656	0.22805812394273867	0.2278481012658227	0.92	0.07898149499892769	0.10495467184840929	0.0043073240955391	0.3345344351170582	0.41138835680216235	0.44680424509977673	0.0416	1.2337536372453928	0.06855775150093871	0.07081613189072486	0.0031595576619273	0.1702508960573476	0.9026380448406638	0.08263720290162758	0.7856450048496605	0.9778434268833088	1617.8666666666666	1036.804766486692	170	2845	504.6	464.5699701259834	83	1414	4912505.533333333	3719.6456986936155	4906055	4915200
ntv2_250m_w4096	plant_fine	crf_style_penalty4	0.9	10	15	0.8291055823342808	0.15928923939450595	0.5185378536625312	0.9740883248147936	0.10528300587019924	0.06470339357368754	0.0203325220035797	0.220404984423676	0.17595305114369647	0.09114971524287419	0.0396042658658741	0.3093292787181553	0.0066861925017702405	0.010978887989505014	0.0	0.036144578313253	0.0010383432692590666	0.0016065084406442689	0.0	0.0058823529411764	0.0014040103995492266	0.0018360670826267473	0.0	0.0051282051282051	0.4975938609084433	0.48211899563450966	0.0	0.9686453576864535	0.006194304786086493	0.011141311964407307	0.0	0.036144578313253	0.0006227204907566133	0.0009068802830910111	0.0	0.002415458937198	0.0010203851192426732	0.0015508549265519104	0.0	0.0044477390659747	10.40625	17.95427600282769	1.0	54.5	0.7121514321492103	0.1989436010952188	0.3352112676056338	0.946958981612447	216.8	157.41401280880757	63	518	0.6191483810699656	0.22805812394273867	0.2278481012658227	0.92	0.07898149499892769	0.10495467184840929	0.0043073240955391	0.3345344351170582	0.41138835680216235	0.44680424509977673	0.0416	1.2337536372453928	0.06855775150093871	0.07081613189072486	0.0031595576619273	0.1702508960573476	0.9026380448406638	0.08263720290162758	0.7856450048496605	0.9778434268833088	1617.8666666666666	1036.804766486692	170	2845	504.6	464.5699701259834	83	1414	4912505.533333333	3719.6456986936155	4906055	4915200
ntv2_250m_w4096	plant_fine	crf_style_penalty4	0.9	25	15	0.8291055823342808	0.15928923939450595	0.5185378536625312	0.9740883248147936	0.10528300587019924	0.06470339357368754	0.0203325220035797	0.220404984423676	0.17595305114369647	0.09114971524287419	0.0396042658658741	0.3093292787181553	0.0066861925017702405	0.010978887989505014	0.0	0.036144578313253	0.0010383432692590666	0.0016065084406442689	0.0	0.0058823529411764	0.0014040103995492266	0.0018360670826267473	0.0	0.0051282051282051	0.4975938609084433	0.48211899563450966	0.0	0.9686453576864535	0.00638316219873994	0.011104210081605993	0.0	0.036144578313253	0.0006461864065139733	0.000903923714633429	0.0	0.002415458937198	0.0010621300576688865	0.0015479105490330196	0.0	0.0044477390659747	10.40625	17.95427600282769	1.0	54.5	0.7121514321492103	0.1989436010952188	0.3352112676056338	0.946958981612447	216.8	157.41401280880757	63	518	0.6191483810699656	0.22805812394273867	0.2278481012658227	0.92	0.07898149499892769	0.10495467184840929	0.0043073240955391	0.3345344351170582	0.41138835680216235	0.44680424509977673	0.0416	1.2337536372453928	0.06855775150093871	0.07081613189072486	0.0031595576619273	0.1702508960573476	0.9026380448406638	0.08263720290162758	0.7856450048496605	0.9778434268833088	1617.8666666666666	1036.804766486692	170	2845	504.6	464.5699701259834	83	1414	4912505.533333333	3719.6456986936155	4906055	4915200
ntv2_250m_w4096	plant_fine	crf_style_penalty4	0.9	50	15	0.8291055823342808	0.15928923939450595	0.5185378536625312	0.9740883248147936	0.10528300587019924	0.06470339357368754	0.0203325220035797	0.220404984423676	0.17595305114369647	0.09114971524287419	0.0396042658658741	0.3093292787181553	0.0066861925017702405	0.010978887989505014	0.0	0.036144578313253	0.0010383432692590666	0.0016065084406442689	0.0	0.0058823529411764	0.0014040103995492266	0.0018360670826267473	0.0	0.0051282051282051	0.4975938609084433	0.48211899563450966	0.0	0.9686453576864535	0.00638316219873994	0.011104210081605993	0.0	0.036144578313253	0.0006461864065139733	0.000903923714633429	0.0	0.002415458937198	0.0010621300576688865	0.0015479105490330196	0.0	0.0044477390659747	10.40625	17.95427600282769	1.0	54.5	0.7121514321492103	0.1989436010952188	0.3352112676056338	0.946958981612447	216.8	157.41401280880757	63	518	0.6191483810699656	0.22805812394273867	0.2278481012658227	0.92	0.07898149499892769	0.10495467184840929	0.0043073240955391	0.3345344351170582	0.41138835680216235	0.44680424509977673	0.0416	1.2337536372453928	0.06855775150093871	0.07081613189072486	0.0031595576619273	0.1702508960573476	0.9026380448406638	0.08263720290162758	0.7856450048496605	0.9778434268833088	1617.8666666666666	1036.804766486692	170	2845	504.6	464.5699701259834	83	1414	4912505.533333333	3719.6456986936155	4906055	4915200
ntv2_250m_w4096	plant_fine	crf_style_penalty4	0.9	100	15	0.8291055823342808	0.15928923939450595	0.5185378536625312	0.9740883248147936	0.10528300587019924	0.06470339357368754	0.0203325220035797	0.220404984423676	0.17595305114369647	0.09114971524287419	0.0396042658658741	0.3093292787181553	0.0066861925017702405	0.010978887989505014	0.0	0.036144578313253	0.0010383432692590666	0.0016065084406442689	0.0	0.0058823529411764	0.0014040103995492266	0.0018360670826267473	0.0	0.0051282051282051	0.4975938609084433	0.48211899563450966	0.0	0.9686453576864535	0.0066861925017702405	0.010978887989505014	0.0	0.036144578313253	0.0010383432692590666	0.0016065084406442689	0.0	0.0058823529411764	0.0014040103995492266	0.0018360670826267473	0.0	0.0051282051282051	10.40625	17.95427600282769	1.0	54.5	0.7121514321492103	0.1989436010952188	0.3352112676056338	0.946958981612447	216.8	157.41401280880757	63	518	0.6191483810699656	0.22805812394273867	0.2278481012658227	0.92	0.07898149499892769	0.10495467184840929	0.0043073240955391	0.3345344351170582	0.41138835680216235	0.44680424509977673	0.0416	1.2337536372453928	0.06855775150093871	0.07081613189072486	0.0031595576619273	0.1702508960573476	0.9026380448406638	0.08263720290162758	0.7856450048496605	0.9778434268833088	1617.8666666666666	1036.804766486692	170	2845	504.6	464.5699701259834	83	1414	4912505.533333333	3719.6456986936155	4906055	4915200
ntv2_250m_w4096	plant_fine	gap100_min100	0.5	5	15	0.8464887098687629	0.1654291600288877	0.5029164082791843	0.9871138052405164	0.11613259455921474	0.07304394726540663	0.0165046647060997	0.2434692563393028	0.19040001641082424	0.10013580026932188	0.0323542197106129	0.3281003098770752	0.09427448966991152	0.06646033271048798	0.0187074829931972	0.2608695652173913	0.014371772663293267	0.018644849892927928	0.0015797788309636	0.0625	0.019983312149338395	0.0232473818220522	0.0031298904538341	0.0795454545454545	0.7336488268485961	0.06478548868638052	0.6412661928465984	0.8583696440734494	0.006607873683527253	0.016056807042379526	0.0	0.0625	0.0005201755804936534	0.001502443185780763	0.0	0.0058823529411764	0.00078100452771688	0.0020505813943448234	0.0	0.008	190.9	157.52921497750367	12.5	528.0	0.8000416877213811	0.17920671062005028	0.4511278195488721	0.963272120200334	0.0	0.0	0	0	0.0	0.0	0.0	0.0	0.0	0.0	0.0	0.0	0.17688905562785548	0.1947872582070834	0.0088	0.5259856630824373	0.04720518526920844	0.0514236144734102	0.0023696682464454	0.1406401551891367	0.9182820105239158	0.0833957318281825	0.7901785714285714	0.9952	1617.8666666666666	1036.804766486692	170	2845	193.93333333333334	202.33934250117923	12	599	4912505.533333333	3719.6456986936155	4906055	4915200
ntv2_250m_w4096	plant_fine	gap100_min100	0.5	10	15	0.8464887098687629	0.1654291600288877	0.5029164082791843	0.9871138052405164	0.11613259455921474	0.07304394726540663	0.0165046647060997	0.2434692563393028	0.19040001641082424	0.10013580026932188	0.0323542197106129	0.3281003098770752	0.09427448966991152	0.06646033271048798	0.0187074829931972	0.2608695652173913	0.014371772663293267	0.018644849892927928	0.0015797788309636	0.0625	0.019983312149338395	0.0232473818220522	0.0031298904538341	0.0795454545454545	0.7336488268485961	0.06478548868638052	0.6412661928465984	0.8583696440734494	0.0077711211347387	0.016056802312050745	0.0	0.0625	0.0006317695523252134	0.0014907044823161749	0.0	0.0058823529411764	0.0009532071507685	0.0020306789919433406	0.0	0.008	190.9	157.52921497750367	12.5	528.0	0.8000416877213811	0.17920671062005028	0.4511278195488721	0.963272120200334	0.0	0.0	0	0	0.0	0.0	0.0	0.0	0.0	0.0	0.0	0.0	0.17688905562785548	0.1947872582070834	0.0088	0.5259856630824373	0.04720518526920844	0.0514236144734102	0.0023696682464454	0.1406401551891367	0.9182820105239158	0.0833957318281825	0.7901785714285714	0.9952	1617.8666666666666	1036.804766486692	170	2845	193.93333333333334	202.33934250117923	12	599	4912505.533333333	3719.6456986936155	4906055	4915200
ntv2_250m_w4096	plant_fine	gap100_min100	0.5	25	15	0.8464887098687629	0.1654291600288877	0.5029164082791843	0.9871138052405164	0.11613259455921474	0.07304394726540663	0.0165046647060997	0.2434692563393028	0.19040001641082424	0.10013580026932188	0.0323542197106129	0.3281003098770752	0.09427448966991152	0.06646033271048798	0.0187074829931972	0.2608695652173913	0.014371772663293267	0.018644849892927928	0.0015797788309636	0.0625	0.019983312149338395	0.0232473818220522	0.0031298904538341	0.0795454545454545	0.7336488268485961	0.06478548868638052	0.6412661928465984	0.8583696440734494	0.011088648354522054	0.016288796127397174	0.0	0.0625	0.00090641129478906	0.0015681668048584095	0.0	0.0058823529411764	0.0013950531648146134	0.002106478026236454	0.0	0.008	190.9	157.52921497750367	12.5	528.0	0.8000416877213811	0.17920671062005028	0.4511278195488721	0.963272120200334	0.0	0.0	0	0	0.0	0.0	0.0	0.0	0.0	0.0	0.0	0.0	0.17688905562785548	0.1947872582070834	0.0088	0.5259856630824373	0.04720518526920844	0.0514236144734102	0.0023696682464454	0.1406401551891367	0.9182820105239158	0.0833957318281825	0.7901785714285714	0.9952	1617.8666666666666	1036.804766486692	170	2845	193.93333333333334	202.33934250117923	12	599	4912505.533333333	3719.6456986936155	4906055	4915200
ntv2_250m_w4096	plant_fine	gap100_min100	0.5	50	15	0.8464887098687629	0.1654291600288877	0.5029164082791843	0.9871138052405164	0.11613259455921474	0.07304394726540663	0.0165046647060997	0.2434692563393028	0.19040001641082424	0.10013580026932188	0.0323542197106129	0.3281003098770752	0.09427448966991152	0.06646033271048798	0.0187074829931972	0.2608695652173913	0.014371772663293267	0.018644849892927928	0.0015797788309636	0.0625	0.019983312149338395	0.0232473818220522	0.0031298904538341	0.0795454545454545	0.7336488268485961	0.06478548868638052	0.6412661928465984	0.8583696440734494	0.027999668889859202	0.033946570481999824	0.0	0.125	0.002232874592713187	0.003408592024152936	0.0	0.0117647058823529	0.00331271888606744	0.004418542934762489	0.0	0.016	190.9	157.52921497750367	12.5	528.0	0.8000416877213811	0.17920671062005028	0.4511278195488721	0.963272120200334	0.0	0.0	0	0	0.0	0.0	0.0	0.0	0.0	0.0	0.0	0.0	0.17688905562785548	0.1947872582070834	0.0088	0.5259856630824373	0.04720518526920844	0.0514236144734102	0.0023696682464454	0.1406401551891367	0.9182820105239158	0.0833957318281825	0.7901785714285714	0.9952	1617.8666666666666	1036.804766486692	170	2845	193.93333333333334	202.33934250117923	12	599	4912505.533333333	3719.6456986936155	4906055	4915200
ntv2_250m_w4096	plant_fine	gap100_min100	0.5	100	15	0.8464887098687629	0.1654291600288877	0.5029164082791843	0.9871138052405164	0.11613259455921474	0.07304394726540663	0.0165046647060997	0.2434692563393028	0.19040001641082424	0.10013580026932188	0.0323542197106129	0.3281003098770752	0.09427448966991152	0.06646033271048798	0.0187074829931972	0.2608695652173913	0.014371772663293267	0.018644849892927928	0.0015797788309636	0.0625	0.019983312149338395	0.0232473818220522	0.0031298904538341	0.0795454545454545	0.7336488268485961	0.06478548868638052	0.6412661928465984	0.8583696440734494	0.03353962521005625	0.03372627120723225	0.0	0.125	0.0036088194413105203	0.006405125661660103	0.0	0.0235294117647058	0.00524638283156426	0.008452774362667234	0.0	0.032	190.9	157.52921497750367	12.5	528.0	0.8000416877213811	0.17920671062005028	0.4511278195488721	0.963272120200334	0.0	0.0	0	0	0.0	0.0	0.0	0.0	0.0	0.0	0.0	0.0	0.17688905562785548	0.1947872582070834	0.0088	0.5259856630824373	0.04720518526920844	0.0514236144734102	0.0023696682464454	0.1406401551891367	0.9182820105239158	0.0833957318281825	0.7901785714285714	0.9952	1617.8666666666666	1036.804766486692	170	2845	193.93333333333334	202.33934250117923	12	599	4912505.533333333	3719.6456986936155	4906055	4915200
ntv2_250m_w4096	plant_fine	gap100_min100	0.7	5	15	0.8464887098687629	0.1654291600288877	0.5029164082791843	0.9871138052405164	0.11613259455921474	0.07304394726540663	0.0165046647060997	0.2434692563393028	0.19040001641082424	0.10013580026932188	0.0323542197106129	0.3281003098770752	0.05065717761574333	0.031160718886250757	0.006677796327212	0.125	0.008209345048176745	0.011359111309502032	0.0007898894154818	0.0357142857142857	0.01137392533963214	0.01433335774498171	0.001564945226917	0.0454545454545454	0.8408525470685624	0.05486853150362171	0.7208480565371025	0.932524510984543	0.006607873683527253	0.016056807042379526	0.0	0.0625	0.0005201755804936534	0.001502443185780763	0.0	0.0058823529411764	0.00078100452771688	0.0020505813943448234	0.0	0.008	98.78333333333333	76.06052962389012	10.5	253.0	0.8000416877213811	0.17920671062005028	0.4511278195488721	0.963272120200334	0.0	0.0	0	0	0.0	0.0	0.0	0.0	0.0	0.0	0.0	0.0	0.17688905562785548	0.1947872582070834	0.0088	0.5259856630824373	0.04720518526920844	0.0514236144734102	0.0023696682464454	0.1406401551891367	0.9182820105239158	0.0833957318281825	0.7901785714285714	0.9952	1617.8666666666666	1036.804766486692	170	2845	193.93333333333334	202.33934250117923	12	599	4912505.533333333	3719.6456986936155	4906055	4915200
ntv2_250m_w4096	plant_fine	gap100_min100	0.7	10	15	0.8464887098687629	0.1654291600288877	0.5029164082791843	0.9871138052405164	0.11613259455921474	0.07304394726540663	0.0165046647060997	0.2434692563393028	0.19040001641082424	0.10013580026932188	0.0323542197106129	0.3281003098770752	0.05065717761574333	0.031160718886250757	0.006677796327212	0.125	0.008209345048176745	0.011359111309502032	0.0007898894154818	0.0357142857142857	0.01137392533963214	0.01433335774498171	0.001564945226917	0.0454545454545454	0.8408525470685624	0.05486853150362171	0.7208480565371025	0.932524510984543	0.0077711211347387	0.016056802312050745	0.0	0.0625	0.0006317695523252134	0.0014907044823161749	0.0	0.0058823529411764	0.0009532071507685	0.0020306789919433406	0.0	0.008	98.78333333333333	76.06052962389012	10.5	253.0	0.8000416877213811	0.17920671062005028	0.4511278195488721	0.963272120200334	0.0	0.0	0	0	0.0	0.0	0.0	0.0	0.0	0.0	0.0	0.0	0.17688905562785548	0.1947872582070834	0.0088	0.5259856630824373	0.04720518526920844	0.0514236144734102	0.0023696682464454	0.1406401551891367	0.9182820105239158	0.0833957318281825	0.7901785714285714	0.9952	1617.8666666666666	1036.804766486692	170	2845	193.93333333333334	202.33934250117923	12	599	4912505.533333333	3719.6456986936155	4906055	4915200
ntv2_250m_w4096	plant_fine	gap100_min100	0.7	25	15	0.8464887098687629	0.1654291600288877	0.5029164082791843	0.9871138052405164	0.11613259455921474	0.07304394726540663	0.0165046647060997	0.2434692563393028	0.19040001641082424	0.10013580026932188	0.0323542197106129	0.3281003098770752	0.05065717761574333	0.031160718886250757	0.006677796327212	0.125	0.008209345048176745	0.011359111309502032	0.0007898894154818	0.0357142857142857	0.01137392533963214	0.01433335774498171	0.001564945226917	0.0454545454545454	0.8408525470685624	0.05486853150362171	0.7208480565371025	0.932524510984543	0.011088648354522054	0.016288796127397174	0.0	0.0625	0.00090641129478906	0.0015681668048584095	0.0	0.0058823529411764	0.0013950531648146134	0.002106478026236454	0.0	0.008	98.78333333333333	76.06052962389012	10.5	253.0	0.8000416877213811	0.17920671062005028	0.4511278195488721	0.963272120200334	0.0	0.0	0	0	0.0	0.0	0.0	0.0	0.0	0.0	0.0	0.0	0.17688905562785548	0.1947872582070834	0.0088	0.5259856630824373	0.04720518526920844	0.0514236144734102	0.0023696682464454	0.1406401551891367	0.9182820105239158	0.0833957318281825	0.7901785714285714	0.9952	1617.8666666666666	1036.804766486692	170	2845	193.93333333333334	202.33934250117923	12	599	4912505.533333333	3719.6456986936155	4906055	4915200
ntv2_250m_w4096	plant_fine	gap100_min100	0.7	50	15	0.8464887098687629	0.1654291600288877	0.5029164082791843	0.9871138052405164	0.11613259455921474	0.07304394726540663	0.0165046647060997	0.2434692563393028	0.19040001641082424	0.10013580026932188	0.0323542197106129	0.3281003098770752	0.05065717761574333	0.031160718886250757	0.006677796327212	0.125	0.008209345048176745	0.011359111309502032	0.0007898894154818	0.0357142857142857	0.01137392533963214	0.01433335774498171	0.001564945226917	0.0454545454545454	0.8408525470685624	0.05486853150362171	0.7208480565371025	0.932524510984543	0.027600467293052815	0.03403266812521914	0.0	0.125	0.0022063564277702	0.00341548195237168	0.0	0.0117647058823529	0.00326298619925904	0.004426698260361172	0.0	0.016	98.78333333333333	76.06052962389012	10.5	253.0	0.8000416877213811	0.17920671062005028	0.4511278195488721	0.963272120200334	0.0	0.0	0	0	0.0	0.0	0.0	0.0	0.0	0.0	0.0	0.0	0.17688905562785548	0.1947872582070834	0.0088	0.5259856630824373	0.04720518526920844	0.0514236144734102	0.0023696682464454	0.1406401551891367	0.9182820105239158	0.0833957318281825	0.7901785714285714	0.9952	1617.8666666666666	1036.804766486692	170	2845	193.93333333333334	202.33934250117923	12	599	4912505.533333333	3719.6456986936155	4906055	4915200
ntv2_250m_w4096	plant_fine	gap100_min100	0.7	100	15	0.8464887098687629	0.1654291600288877	0.5029164082791843	0.9871138052405164	0.11613259455921474	0.07304394726540663	0.0165046647060997	0.2434692563393028	0.19040001641082424	0.10013580026932188	0.0323542197106129	0.3281003098770752	0.05065717761574333	0.031160718886250757	0.006677796327212	0.125	0.008209345048176745	0.011359111309502032	0.0007898894154818	0.0357142857142857	0.01137392533963214	0.01433335774498171	0.001564945226917	0.0454545454545454	0.8408525470685624	0.05486853150362171	0.7208480565371025	0.932524510984543	0.03125850935810594	0.03389874711686123	0.0	0.125	0.003426635667796827	0.006460218147352795	0.0	0.0235294117647058	0.004930387846693121	0.008530950077464725	0.0	0.032	98.78333333333333	76.06052962389012	10.5	253.0	0.8000416877213811	0.17920671062005028	0.4511278195488721	0.963272120200334	0.0	0.0	0	0	0.0	0.0	0.0	0.0	0.0	0.0	0.0	0.0	0.17688905562785548	0.1947872582070834	0.0088	0.5259856630824373	0.04720518526920844	0.0514236144734102	0.0023696682464454	0.1406401551891367	0.9182820105239158	0.0833957318281825	0.7901785714285714	0.9952	1617.8666666666666	1036.804766486692	170	2845	193.93333333333334	202.33934250117923	12	599	4912505.533333333	3719.6456986936155	4906055	4915200
ntv2_250m_w4096	plant_fine	gap100_min100	0.8	5	15	0.8464887098687629	0.1654291600288877	0.5029164082791843	0.9871138052405164	0.11613259455921474	0.07304394726540663	0.0165046647060997	0.2434692563393028	0.19040001641082424	0.10013580026932188	0.0323542197106129	0.3281003098770752	0.026159544618403606	0.018893557152115346	0.0	0.0625	0.0052913314753969265	0.008733874910004135	0.0	0.0267857142857142	0.0072367684784958065	0.011211452956181419	0.0	0.034090909090909	0.8544798121926004	0.23907409002270905	0.0	0.9846153846153848	0.006607873683527253	0.016056807042379526	0.0	0.0625	0.0005201755804936534	0.001502443185780763	0.0	0.0058823529411764	0.00078100452771688	0.0020505813943448234	0.0	0.008	59.339285714285715	79.129191293954	1.5	266.5	0.8000416877213811	0.17920671062005028	0.4511278195488721	0.963272120200334	0.0	0.0	0	0	0.0	0.0	0.0	0.0	0.0	0.0	0.0	0.0	0.17688905562785548	0.1947872582070834	0.0088	0.5259856630824373	0.04720518526920844	0.0514236144734102	0.0023696682464454	0.1406401551891367	0.9182820105239158	0.0833957318281825	0.7901785714285714	0.9952	1617.8666666666666	1036.804766486692	170	2845	193.93333333333334	202.33934250117923	12	599	4912505.533333333	3719.6456986936155	4906055	4915200
ntv2_250m_w4096	plant_fine	gap100_min100	0.8	10	15	0.8464887098687629	0.1654291600288877	0.5029164082791843	0.9871138052405164	0.11613259455921474	0.07304394726540663	0.0165046647060997	0.2434692563393028	0.19040001641082424	0.10013580026932188	0.0323542197106129	0.3281003098770752	0.026159544618403606	0.018893557152115346	0.0	0.0625	0.0052913314753969265	0.008733874910004135	0.0	0.0267857142857142	0.0072367684784958065	0.011211452956181419	0.0	0.034090909090909	0.8544798121926004	0.23907409002270905	0.0	0.9846153846153848	0.0077711211347387	0.016056802312050745	0.0	0.0625	0.0006317695523252134	0.0014907044823161749	0.0	0.0058823529411764	0.0009532071507685	0.0020306789919433406	0.0	0.008	59.339285714285715	79.129191293954	1.5	266.5	0.8000416877213811	0.17920671062005028	0.4511278195488721	0.963272120200334	0.0	0.0	0	0	0.0	0.0	0.0	0.0	0.0	0.0	0.0	0.0	0.17688905562785548	0.1947872582070834	0.0088	0.5259856630824373	0.04720518526920844	0.0514236144734102	0.0023696682464454	0.1406401551891367	0.9182820105239158	0.0833957318281825	0.7901785714285714	0.9952	1617.8666666666666	1036.804766486692	170	2845	193.93333333333334	202.33934250117923	12	599	4912505.533333333	3719.6456986936155	4906055	4915200
ntv2_250m_w4096	plant_fine	gap100_min100	0.8	25	15	0.8464887098687629	0.1654291600288877	0.5029164082791843	0.9871138052405164	0.11613259455921474	0.07304394726540663	0.0165046647060997	0.2434692563393028	0.19040001641082424	0.10013580026932188	0.0323542197106129	0.3281003098770752	0.026159544618403606	0.018893557152115346	0.0	0.0625	0.0052913314753969265	0.008733874910004135	0.0	0.0267857142857142	0.0072367684784958065	0.011211452956181419	0.0	0.034090909090909	0.8544798121926004	0.23907409002270905	0.0	0.9846153846153848	0.011088648354522054	0.016288796127397174	0.0	0.0625	0.00090641129478906	0.0015681668048584095	0.0	0.0058823529411764	0.0013950531648146134	0.002106478026236454	0.0	0.008	59.339285714285715	79.129191293954	1.5	266.5	0.8000416877213811	0.17920671062005028	0.4511278195488721	0.963272120200334	0.0	0.0	0	0	0.0	0.0	0.0	0.0	0.0	0.0	0.0	0.0	0.17688905562785548	0.1947872582070834	0.0088	0.5259856630824373	0.04720518526920844	0.0514236144734102	0.0023696682464454	0.1406401551891367	0.9182820105239158	0.0833957318281825	0.7901785714285714	0.9952	1617.8666666666666	1036.804766486692	170	2845	193.93333333333334	202.33934250117923	12	599	4912505.533333333	3719.6456986936155	4906055	4915200
ntv2_250m_w4096	plant_fine	gap100_min100	0.8	50	15	0.8464887098687629	0.1654291600288877	0.5029164082791843	0.9871138052405164	0.11613259455921474	0.07304394726540663	0.0165046647060997	0.2434692563393028	0.19040001641082424	0.10013580026932188	0.0323542197106129	0.3281003098770752	0.026159544618403606	0.018893557152115346	0.0	0.0625	0.0052913314753969265	0.008733874910004135	0.0	0.0267857142857142	0.0072367684784958065	0.011211452956181419	0.0	0.034090909090909	0.8544798121926004	0.23907409002270905	0.0	0.9846153846153848	0.016928865745826402	0.017678422090445147	0.0	0.0625	0.00199494959484408	0.0035075651950745206	0.0	0.0117647058823529	0.0028822525347026932	0.004582985603662539	0.0	0.016	59.339285714285715	79.129191293954	1.5	266.5	0.8000416877213811	0.17920671062005028	0.4511278195488721	0.963272120200334	0.0	0.0	0	0	0.0	0.0	0.0	0.0	0.0	0.0	0.0	0.0	0.17688905562785548	0.1947872582070834	0.0088	0.5259856630824373	0.04720518526920844	0.0514236144734102	0.0023696682464454	0.1406401551891367	0.9182820105239158	0.0833957318281825	0.7901785714285714	0.9952	1617.8666666666666	1036.804766486692	170	2845	193.93333333333334	202.33934250117923	12	599	4912505.533333333	3719.6456986936155	4906055	4915200
ntv2_250m_w4096	plant_fine	gap100_min100	0.8	100	15	0.8464887098687629	0.1654291600288877	0.5029164082791843	0.9871138052405164	0.11613259455921474	0.07304394726540663	0.0165046647060997	0.2434692563393028	0.19040001641082424	0.10013580026932188	0.0323542197106129	0.3281003098770752	0.026159544618403606	0.018893557152115346	0.0	0.0625	0.0052913314753969265	0.008733874910004135	0.0	0.0267857142857142	0.0072367684784958065	0.011211452956181419	0.0	0.034090909090909	0.8544798121926004	0.23907409002270905	0.0	0.9846153846153848	0.02058690781087953	0.01939490223995032	0.0	0.0625	0.0032152288348707	0.006548623254101105	0.0	0.0235294117647058	0.00454965418213678	0.00868347072293891	0.0	0.032	59.339285714285715	79.129191293954	1.5	266.5	0.8000416877213811	0.17920671062005028	0.4511278195488721	0.963272120200334	0.0	0.0	0	0	0.0	0.0	0.0	0.0	0.0	0.0	0.0	0.0	0.17688905562785548	0.1947872582070834	0.0088	0.5259856630824373	0.04720518526920844	0.0514236144734102	0.0023696682464454	0.1406401551891367	0.9182820105239158	0.0833957318281825	0.7901785714285714	0.9952	1617.8666666666666	1036.804766486692	170	2845	193.93333333333334	202.33934250117923	12	599	4912505.533333333	3719.6456986936155	4906055	4915200
ntv2_250m_w4096	plant_fine	gap100_min100	0.9	5	15	0.8464887098687629	0.1654291600288877	0.5029164082791843	0.9871138052405164	0.11613259455921474	0.07304394726540663	0.0165046647060997	0.2434692563393028	0.19040001641082424	0.10013580026932188	0.0323542197106129	0.3281003098770752	0.020022667128263387	0.01867657046076725	0.0	0.0625	0.0034115242496797265	0.006303959849976346	0.0	0.0235294117647058	0.004750909793499853	0.00836045079296144	0.0	0.032	0.7603473512570673	0.3940401086489656	0.0	0.98594471478643	0.006607873683527253	0.016056807042379526	0.0	0.0625	0.0005201755804936534	0.001502443185780763	0.0	0.0058823529411764	0.00078100452771688	0.0020505813943448234	0.0	0.008	33.333333333333336	29.875752811613065	1.5	96.75	0.8000416877213811	0.17920671062005028	0.4511278195488721	0.963272120200334	0.0	0.0	0	0	0.0	0.0	0.0	0.0	0.0	0.0	0.0	0.0	0.17688905562785548	0.1947872582070834	0.0088	0.5259856630824373	0.04720518526920844	0.0514236144734102	0.0023696682464454	0.1406401551891367	0.9182820105239158	0.0833957318281825	0.7901785714285714	0.9952	1617.8666666666666	1036.804766486692	170	2845	193.93333333333334	202.33934250117923	12	599	4912505.533333333	3719.6456986936155	4906055	4915200
ntv2_250m_w4096	plant_fine	gap100_min100	0.9	10	15	0.8464887098687629	0.1654291600288877	0.5029164082791843	0.9871138052405164	0.11613259455921474	0.07304394726540663	0.0165046647060997	0.2434692563393028	0.19040001641082424	0.10013580026932188	0.0323542197106129	0.3281003098770752	0.020022667128263387	0.01867657046076725	0.0	0.0625	0.0034115242496797265	0.006303959849976346	0.0	0.0235294117647058	0.004750909793499853	0.00836045079296144	0.0	0.032	0.7603473512570673	0.3940401086489656	0.0	0.98594471478643	0.0077711211347387	0.016056802312050745	0.0	0.0625	0.0006317695523252134	0.0014907044823161749	0.0	0.0058823529411764	0.0009532071507685	0.0020306789919433406	0.0	0.008	33.333333333333336	29.875752811613065	1.5	96.75	0.8000416877213811	0.17920671062005028	0.4511278195488721	0.963272120200334	0.0	0.0	0	0	0.0	0.0	0.0	0.0	0.0	0.0	0.0	0.0	0.17688905562785548	0.1947872582070834	0.0088	0.5259856630824373	0.04720518526920844	0.0514236144734102	0.0023696682464454	0.1406401551891367	0.9182820105239158	0.0833957318281825	0.7901785714285714	0.9952	1617.8666666666666	1036.804766486692	170	2845	193.93333333333334	202.33934250117923	12	599	4912505.533333333	3719.6456986936155	4906055	4915200
ntv2_250m_w4096	plant_fine	gap100_min100	0.9	25	15	0.8464887098687629	0.1654291600288877	0.5029164082791843	0.9871138052405164	0.11613259455921474	0.07304394726540663	0.0165046647060997	0.2434692563393028	0.19040001641082424	0.10013580026932188	0.0323542197106129	0.3281003098770752	0.020022667128263387	0.01867657046076725	0.0	0.0625	0.0034115242496797265	0.006303959849976346	0.0	0.0235294117647058	0.004750909793499853	0.00836045079296144	0.0	0.032	0.7603473512570673	0.3940401086489656	0.0	0.98594471478643	0.009084499819545955	0.016146875743338743	0.0	0.0625	0.0007447833456165333	0.0015150528186674596	0.0	0.0058823529411764	0.0011284901122016065	0.002049783985803501	0.0	0.008	33.333333333333336	29.875752811613065	1.5	96.75	0.8000416877213811	0.17920671062005028	0.4511278195488721	0.963272120200334	0.0	0.0	0	0	0.0	0.0	0.0	0.0	0.0	0.0	0.0	0.0	0.17688905562785548	0.1947872582070834	0.0088	0.5259856630824373	0.04720518526920844	0.0514236144734102	0.0023696682464454	0.1406401551891367	0.9182820105239158	0.0833957318281825	0.7901785714285714	0.9952	1617.8666666666666	1036.804766486692	170	2845	193.93333333333334	202.33934250117923	12	599	4912505.533333333	3719.6456986936155	4906055	4915200
ntv2_250m_w4096	plant_fine	gap100_min100	0.9	50	15	0.8464887098687629	0.1654291600288877	0.5029164082791843	0.9871138052405164	0.11613259455921474	0.07304394726540663	0.0165046647060997	0.2434692563393028	0.19040001641082424	0.10013580026932188	0.0323542197106129	0.3281003098770752	0.020022667128263387	0.01867657046076725	0.0	0.0625	0.0034115242496797265	0.006303959849976346	0.0	0.0235294117647058	0.004750909793499853	0.00836045079296144	0.0	0.032	0.7603473512570673	0.3940401086489656	0.0	0.98594471478643	0.014391383877516966	0.018080366713554605	0.0	0.0625	0.0018095884072711732	0.0035445215618759656	0.0	0.0117647058823529	0.002570245264866327	0.004658773703609207	0.0	0.016	33.333333333333336	29.875752811613065	1.5	96.75	0.8000416877213811	0.17920671062005028	0.4511278195488721	0.963272120200334	0.0	0.0	0	0	0.0	0.0	0.0	0.0	0.0	0.0	0.0	0.0	0.17688905562785548	0.1947872582070834	0.0088	0.5259856630824373	0.04720518526920844	0.0514236144734102	0.0023696682464454	0.1406401551891367	0.9182820105239158	0.0833957318281825	0.7901785714285714	0.9952	1617.8666666666666	1036.804766486692	170	2845	193.93333333333334	202.33934250117923	12	599	4912505.533333333	3719.6456986936155	4906055	4915200
ntv2_250m_w4096	plant_fine	gap100_min100	0.9	100	15	0.8464887098687629	0.1654291600288877	0.5029164082791843	0.9871138052405164	0.11613259455921474	0.07304394726540663	0.0165046647060997	0.2434692563393028	0.19040001641082424	0.10013580026932188	0.0323542197106129	0.3281003098770752	0.020022667128263387	0.01867657046076725	0.0	0.0625	0.0034115242496797265	0.006303959849976346	0.0	0.0235294117647058	0.004750909793499853	0.00836045079296144	0.0	0.032	0.7603473512570673	0.3940401086489656	0.0	0.98594471478643	0.017528592609236768	0.019697899215998335	0.0	0.0625	0.002732248599678753	0.00617710592747584	0.0	0.0235294117647058	0.00385885903351254	0.008279302147765216	0.0	0.032	33.333333333333336	29.875752811613065	1.5	96.75	0.8000416877213811	0.17920671062005028	0.4511278195488721	0.963272120200334	0.0	0.0	0	0	0.0	0.0	0.0	0.0	0.0	0.0	0.0	0.0	0.17688905562785548	0.1947872582070834	0.0088	0.5259856630824373	0.04720518526920844	0.0514236144734102	0.0023696682464454	0.1406401551891367	0.9182820105239158	0.0833957318281825	0.7901785714285714	0.9952	1617.8666666666666	1036.804766486692	170	2845	193.93333333333334	202.33934250117923	12	599	4912505.533333333	3719.6456986936155	4906055	4915200
ntv2_250m_w4096	plant_fine	gap50_min80	0.5	5	15	0.8438855606919516	0.16210433828851303	0.5124928202182654	0.9828333716014532	0.11156028484857819	0.07005746551143033	0.0171778396101393	0.2329269566125411	0.1844280956459239	0.09751557854802662	0.0336195672391344	0.3202850168712757	0.08590557592900579	0.08619887546172844	0.0157593123209169	0.2916666666666667	0.011887583919137627	0.012878652436458216	0.0017799928800284	0.0401785714285714	0.015991601804273992	0.01428062009736399	0.003382949932341	0.0466321243523316	0.7393030054614562	0.06538911499040304	0.6236691404304895	0.8402163448471692	0.007007702536456547	0.013930234043199265	0.0	0.0512820512820512	0.00064269397460566	0.0015302806806835143	0.0	0.0058823529411764	0.0009802528995091334	0.002033832131905151	0.0	0.0074906367041198	197.18333333333334	182.15465041185928	8.25	499.0	0.779582036756936	0.18332255123316646	0.4090909090909091	0.96398891966759	0.06666666666666667	0.2581988897471611	0	1	0.0	0.0	0.0	0.0	0.0	0.0	0.0	0.0	0.2119272429135322	0.23168922501529404	0.0128	0.6281362007168458	0.05388049441875555	0.056574137373677426	0.0024	0.1445198836081474	0.917299282656069	0.08254413371390174	0.7901785714285714	0.9928	1617.8666666666666	1036.804766486692	170	2845	236.2	240.50577658640253	24	722	4912505.533333333	3719.6456986936155	4906055	4915200
ntv2_250m_w4096	plant_fine	gap50_min80	0.5	10	15	0.8438855606919516	0.16210433828851303	0.5124928202182654	0.9828333716014532	0.11156028484857819	0.07005746551143033	0.0171778396101393	0.2329269566125411	0.1844280956459239	0.09751557854802662	0.0336195672391344	0.3202850168712757	0.08590557592900579	0.08619887546172844	0.0157593123209169	0.2916666666666667	0.011887583919137627	0.012878652436458216	0.0017799928800284	0.0401785714285714	0.015991601804273992	0.01428062009736399	0.003382949932341	0.0466321243523316	0.7393030054614562	0.06538911499040304	0.6236691404304895	0.8402163448471692	0.024658601936856272	0.044643620328953575	0.0	0.16	0.0010328961427587202	0.0016556657039167883	0.0	0.0058823529411764	0.0017414382425440533	0.0024704899412093975	0.0	0.0074906367041198	197.18333333333334	182.15465041185928	8.25	499.0	0.779582036756936	0.18332255123316646	0.4090909090909091	0.96398891966759	0.06666666666666667	0.2581988897471611	0	1	0.0	0.0	0.0	0.0	0.0	0.0	0.0	0.0	0.2119272429135322	0.23168922501529404	0.0128	0.6281362007168458	0.05388049441875555	0.056574137373677426	0.0024	0.1445198836081474	0.917299282656069	0.08254413371390174	0.7901785714285714	0.9928	1617.8666666666666	1036.804766486692	170	2845	236.2	240.50577658640253	24	722	4912505.533333333	3719.6456986936155	4906055	4915200
ntv2_250m_w4096	plant_fine	gap50_min80	0.5	25	15	0.8438855606919516	0.16210433828851303	0.5124928202182654	0.9828333716014532	0.11156028484857819	0.07005746551143033	0.0171778396101393	0.2329269566125411	0.1844280956459239	0.09751557854802662	0.0336195672391344	0.3202850168712757	0.08590557592900579	0.08619887546172844	0.0157593123209169	0.2916666666666667	0.011887583919137627	0.012878652436458216	0.0017799928800284	0.0401785714285714	0.015991601804273992	0.01428062009736399	0.003382949932341	0.0466321243523316	0.7393030054614562	0.06538911499040304	0.6236691404304895	0.8402163448471692	0.038538516704972006	0.0693910678606451	0.0	0.2083333333333333	0.0015793555526963535	0.0017846647411549031	0.0	0.0058823529411764	0.00265857028759474	0.0029188277411197248	0.0	0.0078431372549019	197.18333333333334	182.15465041185928	8.25	499.0	0.779582036756936	0.18332255123316646	0.4090909090909091	0.96398891966759	0.06666666666666667	0.2581988897471611	0	1	0.0	0.0	0.0	0.0	0.0	0.0	0.0	0.0	0.2119272429135322	0.23168922501529404	0.0128	0.6281362007168458	0.05388049441875555	0.056574137373677426	0.0024	0.1445198836081474	0.917299282656069	0.08254413371390174	0.7901785714285714	0.9928	1617.8666666666666	1036.804766486692	170	2845	236.2	240.50577658640253	24	722	4912505.533333333	3719.6456986936155	4906055	4915200
ntv2_250m_w4096	plant_fine	gap50_min80	0.5	50	15	0.8438855606919516	0.16210433828851303	0.5124928202182654	0.9828333716014532	0.11156028484857819	0.07005746551143033	0.0171778396101393	0.2329269566125411	0.1844280956459239	0.09751557854802662	0.0336195672391344	0.3202850168712757	0.08590557592900579	0.08619887546172844	0.0157593123209169	0.2916666666666667	0.011887583919137627	0.012878652436458216	0.0017799928800284	0.0401785714285714	0.015991601804273992	0.01428062009736399	0.003382949932341	0.0466321243523316	0.7393030054614562	0.06538911499040304	0.6236691404304895	0.8402163448471692	0.046689415985629326	0.08232561995532572	0.0	0.25	0.00280470850104884	0.0034331094847581127	0.0	0.0117647058823529	0.004271863217452513	0.004567675355125408	0.0	0.0149812734082397	197.18333333333334	182.15465041185928	8.25	499.0	0.779582036756936	0.18332255123316646	0.4090909090909091	0.96398891966759	0.06666666666666667	0.2581988897471611	0	1	0.0	0.0	0.0	0.0	0.0	0.0	0.0	0.0	0.2119272429135322	0.23168922501529404	0.0128	0.6281362007168458	0.05388049441875555	0.056574137373677426	0.0024	0.1445198836081474	0.917299282656069	0.08254413371390174	0.7901785714285714	0.9928	1617.8666666666666	1036.804766486692	170	2845	236.2	240.50577658640253	24	722	4912505.533333333	3719.6456986936155	4906055	4915200
ntv2_250m_w4096	plant_fine	gap50_min80	0.5	100	15	0.8438855606919516	0.16210433828851303	0.5124928202182654	0.9828333716014532	0.11156028484857819	0.07005746551143033	0.0171778396101393	0.2329269566125411	0.1844280956459239	0.09751557854802662	0.0336195672391344	0.3202850168712757	0.08590557592900579	0.08619887546172844	0.0157593123209169	0.2916666666666667	0.011887583919137627	0.012878652436458216	0.0017799928800284	0.0401785714285714	0.015991601804273992	0.01428062009736399	0.003382949932341	0.0466321243523316	0.7393030054614562	0.06538911499040304	0.6236691404304895	0.8402163448471692	0.05105167640076389	0.08154122202628099	0.0	0.25	0.003713025908544427	0.005071528728275309	0.0	0.0176470588235294	0.005485063545130567	0.006321755087641891	0.0	0.0224719101123595	197.18333333333334	182.15465041185928	8.25	499.0	0.779582036756936	0.18332255123316646	0.4090909090909091	0.96398891966759	0.06666666666666667	0.2581988897471611	0	1	0.0	0.0	0.0	0.0	0.0	0.0	0.0	0.0	0.2119272429135322	0.23168922501529404	0.0128	0.6281362007168458	0.05388049441875555	0.056574137373677426	0.0024	0.1445198836081474	0.917299282656069	0.08254413371390174	0.7901785714285714	0.9928	1617.8666666666666	1036.804766486692	170	2845	236.2	240.50577658640253	24	722	4912505.533333333	3719.6456986936155	4906055	4915200
ntv2_250m_w4096	plant_fine	gap50_min80	0.7	5	15	0.8438855606919516	0.16210433828851303	0.5124928202182654	0.9828333716014532	0.11156028484857819	0.07005746551143033	0.0171778396101393	0.2329269566125411	0.1844280956459239	0.09751557854802662	0.0336195672391344	0.3202850168712757	0.060151824975312566	0.07906488857226839	0.0069252077562326	0.25	0.006231240355184781	0.00704982224916601	0.0007119971520113	0.0267857142857142	0.008647663947611187	0.007952992882324582	0.0013531799729364	0.0310880829015544	0.843428635241771	0.05281593162454666	0.766098636344909	0.9538879963826176	0.007007702536456547	0.013930234043199265	0.0	0.0512820512820512	0.00064269397460566	0.0015302806806835143	0.0	0.0058823529411764	0.0009802528995091334	0.002033832131905151	0.0	0.0074906367041198	94.1	98.17053311166529	8.0	378.5	0.779582036756936	0.18332255123316646	0.4090909090909091	0.96398891966759	0.06666666666666667	0.2581988897471611	0	1	0.0	0.0	0.0	0.0	0.0	0.0	0.0	0.0	0.2119272429135322	0.23168922501529404	0.0128	0.6281362007168458	0.05388049441875555	0.056574137373677426	0.0024	0.1445198836081474	0.917299282656069	0.08254413371390174	0.7901785714285714	0.9928	1617.8666666666666	1036.804766486692	170	2845	236.2	240.50577658640253	24	722	4912505.533333333	3719.6456986936155	4906055	4915200
ntv2_250m_w4096	plant_fine	gap50_min80	0.7	10	15	0.8438855606919516	0.16210433828851303	0.5124928202182654	0.9828333716014532	0.11156028484857819	0.07005746551143033	0.0171778396101393	0.2329269566125411	0.1844280956459239	0.09751557854802662	0.0336195672391344	0.3202850168712757	0.060151824975312566	0.07906488857226839	0.0069252077562326	0.25	0.006231240355184781	0.00704982224916601	0.0007119971520113	0.0267857142857142	0.008647663947611187	0.007952992882324582	0.0013531799729364	0.0310880829015544	0.843428635241771	0.05281593162454666	0.766098636344909	0.9538879963826176	0.024658601936856272	0.044643620328953575	0.0	0.16	0.0010328961427587202	0.0016556657039167883	0.0	0.0058823529411764	0.0017414382425440533	0.0024704899412093975	0.0	0.0074906367041198	94.1	98.17053311166529	8.0	378.5	0.779582036756936	0.18332255123316646	0.4090909090909091	0.96398891966759	0.06666666666666667	0.2581988897471611	0	1	0.0	0.0	0.0	0.0	0.0	0.0	0.0	0.0	0.2119272429135322	0.23168922501529404	0.0128	0.6281362007168458	0.05388049441875555	0.056574137373677426	0.0024	0.1445198836081474	0.917299282656069	0.08254413371390174	0.7901785714285714	0.9928	1617.8666666666666	1036.804766486692	170	2845	236.2	240.50577658640253	24	722	4912505.533333333	3719.6456986936155	4906055	4915200
ntv2_250m_w4096	plant_fine	gap50_min80	0.7	25	15	0.8438855606919516	0.16210433828851303	0.5124928202182654	0.9828333716014532	0.11156028484857819	0.07005746551143033	0.0171778396101393	0.2329269566125411	0.1844280956459239	0.09751557854802662	0.0336195672391344	0.3202850168712757	0.060151824975312566	0.07906488857226839	0.0069252077562326	0.25	0.006231240355184781	0.00704982224916601	0.0007119971520113	0.0267857142857142	0.008647663947611187	0.007952992882324582	0.0013531799729364	0.0310880829015544	0.843428635241771	0.05281593162454666	0.766098636344909	0.9538879963826176	0.038538516704972006	0.0693910678606451	0.0	0.2083333333333333	0.0015793555526963535	0.0017846647411549031	0.0	0.0058823529411764	0.00265857028759474	0.0029188277411197248	0.0	0.0078431372549019	94.1	98.17053311166529	8.0	378.5	0.779582036756936	0.18332255123316646	0.4090909090909091	0.96398891966759	0.06666666666666667	0.2581988897471611	0	1	0.0	0.0	0.0	0.0	0.0	0.0	0.0	0.0	0.2119272429135322	0.23168922501529404	0.0128	0.6281362007168458	0.05388049441875555	0.056574137373677426	0.0024	0.1445198836081474	0.917299282656069	0.08254413371390174	0.7901785714285714	0.9928	1617.8666666666666	1036.804766486692	170	2845	236.2	240.50577658640253	24	722	4912505.533333333	3719.6456986936155	4906055	4915200
ntv2_250m_w4096	plant_fine	gap50_min80	0.7	50	15	0.8438855606919516	0.16210433828851303	0.5124928202182654	0.9828333716014532	0.11156028484857819	0.07005746551143033	0.0171778396101393	0.2329269566125411	0.1844280956459239	0.09751557854802662	0.0336195672391344	0.3202850168712757	0.060151824975312566	0.07906488857226839	0.0069252077562326	0.25	0.006231240355184781	0.00704982224916601	0.0007119971520113	0.0267857142857142	0.008647663947611187	0.007952992882324582	0.0013531799729364	0.0310880829015544	0.843428635241771	0.05281593162454666	0.766098636344909	0.9538879963826176	0.045932466682149904	0.08250097382120804	0.0	0.25	0.002754724420348493	0.0034514371107742807	0.0	0.0117647058823529	0.004178257866510487	0.0045939165962962875	0.0	0.0149812734082397	94.1	98.17053311166529	8.0	378.5	0.779582036756936	0.18332255123316646	0.4090909090909091	0.96398891966759	0.06666666666666667	0.2581988897471611	0	1	0.0	0.0	0.0	0.0	0.0	0.0	0.0	0.0	0.2119272429135322	0.23168922501529404	0.0128	0.6281362007168458	0.05388049441875555	0.056574137373677426	0.0024	0.1445198836081474	0.917299282656069	0.08254413371390174	0.7901785714285714	0.9928	1617.8666666666666	1036.804766486692	170	2845	236.2	240.50577658640253	24	722	4912505.533333333	3719.6456986936155	4906055	4915200
ntv2_250m_w4096	plant_fine	gap50_min80	0.7	100	15	0.8438855606919516	0.16210433828851303	0.5124928202182654	0.9828333716014532	0.11156028484857819	0.07005746551143033	0.0171778396101393	0.2329269566125411	0.1844280956459239	0.09751557854802662	0.0336195672391344	0.3202850168712757	0.060151824975312566	0.07906488857226839	0.0069252077562326	0.25	0.006231240355184781	0.00704982224916601	0.0007119971520113	0.0267857142857142	0.008647663947611187	0.007952992882324582	0.0013531799729364	0.0310880829015544	0.843428635241771	0.05281593162454666	0.766098636344909	0.9538879963826176	0.04928970197165632	0.0821845821653843	0.0	0.25	0.003586572574700927	0.005129609140862686	0.0	0.0176470588235294	0.005249364005810167	0.006425969473441333	0.0	0.0224719101123595	94.1	98.17053311166529	8.0	378.5	0.779582036756936	0.18332255123316646	0.4090909090909091	0.96398891966759	0.06666666666666667	0.2581988897471611	0	1	0.0	0.0	0.0	0.0	0.0	0.0	0.0	0.0	0.2119272429135322	0.23168922501529404	0.0128	0.6281362007168458	0.05388049441875555	0.056574137373677426	0.0024	0.1445198836081474	0.917299282656069	0.08254413371390174	0.7901785714285714	0.9928	1617.8666666666666	1036.804766486692	170	2845	236.2	240.50577658640253	24	722	4912505.533333333	3719.6456986936155	4906055	4915200
ntv2_250m_w4096	plant_fine	gap50_min80	0.8	5	15	0.8438855606919516	0.16210433828851303	0.5124928202182654	0.9828333716014532	0.11156028484857819	0.07005746551143033	0.0171778396101393	0.2329269566125411	0.1844280956459239	0.09751557854802662	0.0336195672391344	0.3202850168712757	0.03953527130190771	0.050356923054842746	0.0015625	0.1666666666666666	0.0046572750410306726	0.006635230851664086	0.0003532320734722	0.0223214285714285	0.006311385926467826	0.00773278258605479	0.0006724949562878	0.0259067357512953	0.8929433663184444	0.04333367892397235	0.8194462919853676	0.9692307692307692	0.007007702536456547	0.013930234043199265	0.0	0.0512820512820512	0.00064269397460566	0.0015302806806835143	0.0	0.0058823529411764	0.0009802528995091334	0.002033832131905151	0.0	0.0074906367041198	59.96666666666667	74.24031121650695	3.0	266.5	0.779582036756936	0.18332255123316646	0.4090909090909091	0.96398891966759	0.06666666666666667	0.2581988897471611	0	1	0.0	0.0	0.0	0.0	0.0	0.0	0.0	0.0	0.2119272429135322	0.23168922501529404	0.0128	0.6281362007168458	0.05388049441875555	0.056574137373677426	0.0024	0.1445198836081474	0.917299282656069	0.08254413371390174	0.7901785714285714	0.9928	1617.8666666666666	1036.804766486692	170	2845	236.2	240.50577658640253	24	722	4912505.533333333	3719.6456986936155	4906055	4915200
ntv2_250m_w4096	plant_fine	gap50_min80	0.8	10	15	0.8438855606919516	0.16210433828851303	0.5124928202182654	0.9828333716014532	0.11156028484857819	0.07005746551143033	0.0171778396101393	0.2329269566125411	0.1844280956459239	0.09751557854802662	0.0336195672391344	0.3202850168712757	0.03953527130190771	0.050356923054842746	0.0015625	0.1666666666666666	0.0046572750410306726	0.006635230851664086	0.0003532320734722	0.0223214285714285	0.006311385926467826	0.00773278258605479	0.0006724949562878	0.0259067357512953	0.8929433663184444	0.04333367892397235	0.8194462919853676	0.9692307692307692	0.021991935270189607	0.036418952280903756	0.0	0.12	0.0009795628094253868	0.001592553477135633	0.0	0.0058823529411764	0.00163686307914536	0.0022916251146564127	0.0	0.0074906367041198	59.96666666666667	74.24031121650695	3.0	266.5	0.779582036756936	0.18332255123316646	0.4090909090909091	0.96398891966759	0.06666666666666667	0.2581988897471611	0	1	0.0	0.0	0.0	0.0	0.0	0.0	0.0	0.0	0.2119272429135322	0.23168922501529404	0.0128	0.6281362007168458	0.05388049441875555	0.056574137373677426	0.0024	0.1445198836081474	0.917299282656069	0.08254413371390174	0.7901785714285714	0.9928	1617.8666666666666	1036.804766486692	170	2845	236.2	240.50577658640253	24	722	4912505.533333333	3719.6456986936155	4906055	4915200
ntv2_250m_w4096	plant_fine	gap50_min80	0.8	25	15	0.8438855606919516	0.16210433828851303	0.5124928202182654	0.9828333716014532	0.11156028484857819	0.07005746551143033	0.0171778396101393	0.2329269566125411	0.1844280956459239	0.09751557854802662	0.0336195672391344	0.3202850168712757	0.03953527130190771	0.050356923054842746	0.0015625	0.1666666666666666	0.0046572750410306726	0.006635230851664086	0.0003532320734722	0.0223214285714285	0.006311385926467826	0.00773278258605479	0.0006724949562878	0.0259067357512953	0.8929433663184444	0.04333367892397235	0.8194462919853676	0.9692307692307692	0.029507601897014086	0.049739455628455366	0.0	0.1666666666666666	0.0013719782538329534	0.0016106284071504692	0.0	0.0058823529411764	0.0022550109579894803	0.0024230916352724844	0.0	0.0074906367041198	59.96666666666667	74.24031121650695	3.0	266.5	0.779582036756936	0.18332255123316646	0.4090909090909091	0.96398891966759	0.06666666666666667	0.2581988897471611	0	1	0.0	0.0	0.0	0.0	0.0	0.0	0.0	0.0	0.2119272429135322	0.23168922501529404	0.0128	0.6281362007168458	0.05388049441875555	0.056574137373677426	0.0024	0.1445198836081474	0.917299282656069	0.08254413371390174	0.7901785714285714	0.9928	1617.8666666666666	1036.804766486692	170	2845	236.2	240.50577658640253	24	722	4912505.533333333	3719.6456986936155	4906055	4915200
ntv2_250m_w4096	plant_fine	gap50_min80	0.8	50	15	0.8438855606919516	0.16210433828851303	0.5124928202182654	0.9828333716014532	0.11156028484857819	0.07005746551143033	0.0171778396101393	0.2329269566125411	0.1844280956459239	0.09751557854802662	0.0336195672391344	0.3202850168712757	0.03953527130190771	0.050356923054842746	0.0015625	0.1666666666666666	0.0046572750410306726	0.006635230851664086	0.0003532320734722	0.0223214285714285	0.006311385926467826	0.00773278258605479	0.0006724949562878	0.0259067357512953	0.8929433663184444	0.04333367892397235	0.8194462919853676	0.9692307692307692	0.031017932387871493	0.04908901848320613	0.0	0.1666666666666666	0.0023593732118161468	0.003428645983235613	0.0	0.0117647058823529	0.003445233024965347	0.004277392632462391	0.0	0.0149812734082397	59.96666666666667	74.24031121650695	3.0	266.5	0.779582036756936	0.18332255123316646	0.4090909090909091	0.96398891966759	0.06666666666666667	0.2581988897471611	0	1	0.0	0.0	0.0	0.0	0.0	0.0	0.0	0.0	0.2119272429135322	0.23168922501529404	0.0128	0.6281362007168458	0.05388049441875555	0.056574137373677426	0.0024	0.1445198836081474	0.917299282656069	0.08254413371390174	0.7901785714285714	0.9928	1617.8666666666666	1036.804766486692	170	2845	236.2	240.50577658640253	24	722	4912505.533333333	3719.6456986936155	4906055	4915200
ntv2_250m_w4096	plant_fine	gap50_min80	0.8	100	15	0.8438855606919516	0.16210433828851303	0.5124928202182654	0.9828333716014532	0.11156028484857819	0.07005746551143033	0.0171778396101393	0.2329269566125411	0.1844280956459239	0.09751557854802662	0.0336195672391344	0.3202850168712757	0.03953527130190771	0.050356923054842746	0.0015625	0.1666666666666666	0.0046572750410306726	0.006635230851664086	0.0003532320734722	0.0223214285714285	0.006311385926467826	0.00773278258605479	0.0006724949562878	0.0259067357512953	0.8929433663184444	0.04333367892397235	0.8194462919853676	0.9692307692307692	0.03427965669361478	0.04971132174151185	0.0	0.1666666666666666	0.0031265592258517337	0.005192545021446549	0.0	0.0176470588235294	0.00443922329767548	0.006358430127575762	0.0	0.0224719101123595	59.96666666666667	74.24031121650695	3.0	266.5	0.779582036756936	0.18332255123316646	0.4090909090909091	0.96398891966759	0.06666666666666667	0.2581988897471611	0	1	0.0	0.0	0.0	0.0	0.0	0.0	0.0	0.0	0.2119272429135322	0.23168922501529404	0.0128	0.6281362007168458	0.05388049441875555	0.056574137373677426	0.0024	0.1445198836081474	0.917299282656069	0.08254413371390174	0.7901785714285714	0.9928	1617.8666666666666	1036.804766486692	170	2845	236.2	240.50577658640253	24	722	4912505.533333333	3719.6456986936155	4906055	4915200
ntv2_250m_w4096	plant_fine	gap50_min80	0.9	5	15	0.8438855606919516	0.16210433828851303	0.5124928202182654	0.9828333716014532	0.11156028484857819	0.07005746551143033	0.0171778396101393	0.2329269566125411	0.1844280956459239	0.09751557854802662	0.0336195672391344	0.3202850168712757	0.009765474768176807	0.011414751874042294	0.0	0.0309278350515463	0.00243598080709868	0.004841684340633227	0.0	0.0176470588235294	0.0031663931708067134	0.006002879649310691	0.0	0.0224719101123595	0.6328942904542607	0.4634015851777822	0.0	0.9751166407465008	0.005298300827054839	0.008700869607555058	0.0	0.0256410256410256	0.0005890171093345934	0.0015078728478250256	0.0	0.0058823529411764	0.0008761675495221467	0.0019547785497137267	0.0	0.0074906367041198	30.275	31.468337261444244	2.5	98.0	0.779582036756936	0.18332255123316646	0.4090909090909091	0.96398891966759	0.06666666666666667	0.2581988897471611	0	1	0.0	0.0	0.0	0.0	0.0	0.0	0.0	0.0	0.2119272429135322	0.23168922501529404	0.0128	0.6281362007168458	0.05388049441875555	0.056574137373677426	0.0024	0.1445198836081474	0.917299282656069	0.08254413371390174	0.7901785714285714	0.9928	1617.8666666666666	1036.804766486692	170	2845	236.2	240.50577658640253	24	722	4912505.533333333	3719.6456986936155	4906055	4915200
ntv2_250m_w4096	plant_fine	gap50_min80	0.9	10	15	0.8438855606919516	0.16210433828851303	0.5124928202182654	0.9828333716014532	0.11156028484857819	0.07005746551143033	0.0171778396101393	0.2329269566125411	0.1844280956459239	0.09751557854802662	0.0336195672391344	0.3202850168712757	0.009765474768176807	0.011414751874042294	0.0	0.0309278350515463	0.00243598080709868	0.004841684340633227	0.0	0.0176470588235294	0.0031663931708067134	0.006002879649310691	0.0	0.0224719101123595	0.6328942904542607	0.4634015851777822	0.0	0.9751166407465008	0.005720241755324881	0.009526421967918829	0.0	0.0256410256410256	0.0006124830250919533	0.0015183610838318377	0.0	0.0058823529411764	0.0009206268137213268	0.0019894570758118625	0.0	0.0074906367041198	30.275	31.468337261444244	2.5	98.0	0.779582036756936	0.18332255123316646	0.4090909090909091	0.96398891966759	0.06666666666666667	0.2581988897471611	0	1	0.0	0.0	0.0	0.0	0.0	0.0	0.0	0.0	0.2119272429135322	0.23168922501529404	0.0128	0.6281362007168458	0.05388049441875555	0.056574137373677426	0.0024	0.1445198836081474	0.917299282656069	0.08254413371390174	0.7901785714285714	0.9928	1617.8666666666666	1036.804766486692	170	2845	236.2	240.50577658640253	24	722	4912505.533333333	3719.6456986936155	4906055	4915200
ntv2_250m_w4096	plant_fine	gap50_min80	0.9	25	15	0.8438855606919516	0.16210433828851303	0.5124928202182654	0.9828333716014532	0.11156028484857819	0.07005746551143033	0.0171778396101393	0.2329269566125411	0.1844280956459239	0.09751557854802662	0.0336195672391344	0.3202850168712757	0.009765474768176807	0.011414751874042294	0.0	0.0309278350515463	0.00243598080709868	0.004841684340633227	0.0	0.0176470588235294	0.0031663931708067134	0.006002879649310691	0.0	0.0224719101123595	0.6328942904542607	0.4634015851777822	0.0	0.9751166407465008	0.006400548060725432	0.010466397127463806	0.0	0.0263157894736842	0.0007017635799828933	0.0015151244233690255	0.0	0.0058823529411764	0.00104499049509944	0.0019927336683370628	0.0	0.0074906367041198	30.275	31.468337261444244	2.5	98.0	0.779582036756936	0.18332255123316646	0.4090909090909091	0.96398891966759	0.06666666666666667	0.2581988897471611	0	1	0.0	0.0	0.0	0.0	0.0	0.0	0.0	0.0	0.2119272429135322	0.23168922501529404	0.0128	0.6281362007168458	0.05388049441875555	0.056574137373677426	0.0024	0.1445198836081474	0.917299282656069	0.08254413371390174	0.7901785714285714	0.9928	1617.8666666666666	1036.804766486692	170	2845	236.2	240.50577658640253	24	722	4912505.533333333	3719.6456986936155	4906055	4915200
ntv2_250m_w4096	plant_fine	gap50_min80	0.9	50	15	0.8438855606919516	0.16210433828851303	0.5124928202182654	0.9828333716014532	0.11156028484857819	0.07005746551143033	0.0171778396101393	0.2329269566125411	0.1844280956459239	0.09751557854802662	0.0336195672391344	0.3202850168712757	0.009765474768176807	0.011414751874042294	0.0	0.0309278350515463	0.00243598080709868	0.004841684340633227	0.0	0.0176470588235294	0.0031663931708067134	0.006002879649310691	0.0	0.0224719101123595	0.6328942904542607	0.4634015851777822	0.0	0.9751166407465008	0.00791087855158284	0.010956639391302193	0.0	0.0263157894736842	0.0016891585379660867	0.003588197694445684	0.0	0.0117647058823529	0.002235212562075307	0.00441382261880694	0.0	0.0149812734082397	30.275	31.468337261444244	2.5	98.0	0.779582036756936	0.18332255123316646	0.4090909090909091	0.96398891966759	0.06666666666666667	0.2581988897471611	0	1	0.0	0.0	0.0	0.0	0.0	0.0	0.0	0.0	0.2119272429135322	0.23168922501529404	0.0128	0.6281362007168458	0.05388049441875555	0.056574137373677426	0.0024	0.1445198836081474	0.917299282656069	0.08254413371390174	0.7901785714285714	0.9928	1617.8666666666666	1036.804766486692	170	2845	236.2	240.50577658640253	24	722	4912505.533333333	3719.6456986936155	4906055	4915200
ntv2_250m_w4096	plant_fine	gap50_min80	0.9	100	15	0.8438855606919516	0.16210433828851303	0.5124928202182654	0.9828333716014532	0.11156028484857819	0.07005746551143033	0.0171778396101393	0.2329269566125411	0.1844280956459239	0.09751557854802662	0.0336195672391344	0.3202850168712757	0.009765474768176807	0.011414751874042294	0.0	0.0309278350515463	0.00243598080709868	0.004841684340633227	0.0	0.0176470588235294	0.0031663931708067134	0.006002879649310691	0.0	0.0224719101123595	0.6328942904542607	0.4634015851777822	0.0	0.9751166407465008	0.009051678514179552	0.011856556661885634	0.0	0.0309278350515463	0.00210504863911156	0.004852979903635681	0.0	0.0176470588235294	0.00277969434144784	0.006052117133734163	0.0	0.0224719101123595	30.275	31.468337261444244	2.5	98.0	0.779582036756936	0.18332255123316646	0.4090909090909091	0.96398891966759	0.06666666666666667	0.2581988897471611	0	1	0.0	0.0	0.0	0.0	0.0	0.0	0.0	0.0	0.2119272429135322	0.23168922501529404	0.0128	0.6281362007168458	0.05388049441875555	0.056574137373677426	0.0024	0.1445198836081474	0.917299282656069	0.08254413371390174	0.7901785714285714	0.9928	1617.8666666666666	1036.804766486692	170	2845	236.2	240.50577658640253	24	722	4912505.533333333	3719.6456986936155	4906055	4915200
ntv2_250m_w4096	plant_fine	hmm_penalty2	0.5	5	15	0.8278609842161291	0.15970227521205896	0.517007011303939	0.9740923076923076	0.10483563966214302	0.0642886667716096	0.0205225949176614	0.22009171757253	0.175293902399659	0.09060442685737637	0.0399615497308995	0.3087482223402242	0.056988502340178035	0.09429856627706601	0.0038967364831953	0.31	0.011255127839888447	0.008457829048153351	0.0021193924408336	0.0267857142857142	0.01381067299044656	0.013572901481500066	0.0036374658987571	0.0453879941434846	0.6917354846707047	0.06370425385908955	0.5698010955419286	0.798945203102078	0.004656503592477714	0.008587540960730666	0.0	0.028169014084507	0.00049441378102854	0.0008991775152171414	0.0	0.003220611916264	0.0008898479411329067	0.0016226466263659792	0.0	0.0057803468208092	99.23333333333333	110.62853976042443	7.5	354.0	0.7187153828991637	0.2003148491073486	0.3353057199211045	0.9464198733560644	398.46666666666664	326.30219706511906	81	1029	0.6602521111613496	0.21745754697263725	0.2611683848797251	0.9348054679284964	0.05820941181585649	0.08162144064225255	0.0038352641253566	0.2635293009825918	0.5904173863742559	0.6432492033450623	0.0504	1.746415770609319	0.07474085923180415	0.07629945982750942	0.0039494470774091	0.1875	0.9010032445615777	0.08297974888622002	0.7807953443258971	0.976735598227474	1617.8666666666666	1036.804766486692	170	2845	717.7333333333333	676.1367641309884	100	2053	4912505.533333333	3719.6456986936155	4906055	4915200
ntv2_250m_w4096	plant_fine	hmm_penalty2	0.5	10	15	0.8278609842161291	0.15970227521205896	0.517007011303939	0.9740923076923076	0.10483563966214302	0.0642886667716096	0.0205225949176614	0.22009171757253	0.175293902399659	0.09060442685737637	0.0399615497308995	0.3087482223402242	0.056988502340178035	0.09429856627706601	0.0038967364831953	0.31	0.011255127839888447	0.008457829048153351	0.0021193924408336	0.0267857142857142	0.01381067299044656	0.013572901481500066	0.0036374658987571	0.0453879941434846	0.6917354846707047	0.06370425385908955	0.5698010955419286	0.798945203102078	0.020668456956990933	0.038843321617882905	0.0	0.1150442477876106	0.002176574241562193	0.003525828633672199	0.0	0.0104	0.0037911367701409598	0.006485534151988167	0.0	0.0190755685986793	99.23333333333333	110.62853976042443	7.5	354.0	0.7187153828991637	0.2003148491073486	0.3353057199211045	0.9464198733560644	398.46666666666664	326.30219706511906	81	1029	0.6602521111613496	0.21745754697263725	0.2611683848797251	0.9348054679284964	0.05820941181585649	0.08162144064225255	0.0038352641253566	0.2635293009825918	0.5904173863742559	0.6432492033450623	0.0504	1.746415770609319	0.07474085923180415	0.07629945982750942	0.0039494470774091	0.1875	0.9010032445615777	0.08297974888622002	0.7807953443258971	0.976735598227474	1617.8666666666666	1036.804766486692	170	2845	717.7333333333333	676.1367641309884	100	2053	4912505.533333333	3719.6456986936155	4906055	4915200
ntv2_250m_w4096	plant_fine	hmm_penalty2	0.5	25	15	0.8278609842161291	0.15970227521205896	0.517007011303939	0.9740923076923076	0.10483563966214302	0.0642886667716096	0.0205225949176614	0.22009171757253	0.175293902399659	0.09060442685737637	0.0399615497308995	0.3087482223402242	0.056988502340178035	0.09429856627706601	0.0038967364831953	0.31	0.011255127839888447	0.008457829048153351	0.0021193924408336	0.0267857142857142	0.01381067299044656	0.013572901481500066	0.0036374658987571	0.0453879941434846	0.6917354846707047	0.06370425385908955	0.5698010955419286	0.798945203102078	0.03916257226252377	0.0752732279049028	0.0	0.24	0.004172610881533181	0.0062620929544559886	0.0	0.0189573459715639	0.0071625799076979	0.011708520045417285	0.0	0.0351390922401171	99.23333333333333	110.62853976042443	7.5	354.0	0.7187153828991637	0.2003148491073486	0.3353057199211045	0.9464198733560644	398.46666666666664	326.30219706511906	81	1029	0.6602521111613496	0.21745754697263725	0.2611683848797251	0.9348054679284964	0.05820941181585649	0.08162144064225255	0.0038352641253566	0.2635293009825918	0.5904173863742559	0.6432492033450623	0.0504	1.746415770609319	0.07474085923180415	0.07629945982750942	0.0039494470774091	0.1875	0.9010032445615777	0.08297974888622002	0.7807953443258971	0.976735598227474	1617.8666666666666	1036.804766486692	170	2845	717.7333333333333	676.1367641309884	100	2053	4912505.533333333	3719.6456986936155	4906055	4915200
ntv2_250m_w4096	plant_fine	hmm_penalty2	0.5	50	15	0.8278609842161291	0.15970227521205896	0.517007011303939	0.9740923076923076	0.10483563966214302	0.0642886667716096	0.0205225949176614	0.22009171757253	0.175293902399659	0.09060442685737637	0.0399615497308995	0.3087482223402242	0.056988502340178035	0.09429856627706601	0.0038967364831953	0.31	0.011255127839888447	0.008457829048153351	0.0021193924408336	0.0267857142857142	0.01381067299044656	0.013572901481500066	0.0036374658987571	0.0453879941434846	0.6917354846707047	0.06370425385908955	0.5698010955419286	0.798945203102078	0.05069051155059897	0.09417273352716031	0.0	0.3	0.00556278663364418	0.008028883066015883	0.0	0.0236966824644549	0.00951547477285166	0.014988354229518438	0.0	0.0439238653001464	99.23333333333333	110.62853976042443	7.5	354.0	0.7187153828991637	0.2003148491073486	0.3353057199211045	0.9464198733560644	398.46666666666664	326.30219706511906	81	1029	0.6602521111613496	0.21745754697263725	0.2611683848797251	0.9348054679284964	0.05820941181585649	0.08162144064225255	0.0038352641253566	0.2635293009825918	0.5904173863742559	0.6432492033450623	0.0504	1.746415770609319	0.07474085923180415	0.07629945982750942	0.0039494470774091	0.1875	0.9010032445615777	0.08297974888622002	0.7807953443258971	0.976735598227474	1617.8666666666666	1036.804766486692	170	2845	717.7333333333333	676.1367641309884	100	2053	4912505.533333333	3719.6456986936155	4906055	4915200
ntv2_250m_w4096	plant_fine	hmm_penalty2	0.5	100	15	0.8278609842161291	0.15970227521205896	0.517007011303939	0.9740923076923076	0.10483563966214302	0.0642886667716096	0.0205225949176614	0.22009171757253	0.175293902399659	0.09060442685737637	0.0399615497308995	0.3087482223402242	0.056988502340178035	0.09429856627706601	0.0038967364831953	0.31	0.011255127839888447	0.008457829048153351	0.0021193924408336	0.0267857142857142	0.01381067299044656	0.013572901481500066	0.0036374658987571	0.0453879941434846	0.6917354846707047	0.06370425385908955	0.5698010955419286	0.798945203102078	0.05265364719717644	0.0942932354683115	0.0	0.3	0.00628576102839158	0.007877680766247312	0.0	0.0236966824644549	0.010288353016629174	0.014894773697835427	0.0	0.0439238653001464	99.23333333333333	110.62853976042443	7.5	354.0	0.7187153828991637	0.2003148491073486	0.3353057199211045	0.9464198733560644	398.46666666666664	326.30219706511906	81	1029	0.6602521111613496	0.21745754697263725	0.2611683848797251	0.9348054679284964	0.05820941181585649	0.08162144064225255	0.0038352641253566	0.2635293009825918	0.5904173863742559	0.6432492033450623	0.0504	1.746415770609319	0.07474085923180415	0.07629945982750942	0.0039494470774091	0.1875	0.9010032445615777	0.08297974888622002	0.7807953443258971	0.976735598227474	1617.8666666666666	1036.804766486692	170	2845	717.7333333333333	676.1367641309884	100	2053	4912505.533333333	3719.6456986936155	4906055	4915200
ntv2_250m_w4096	plant_fine	hmm_penalty2	0.7	5	15	0.8278609842161291	0.15970227521205896	0.517007011303939	0.9740923076923076	0.10483563966214302	0.0642886667716096	0.0205225949176614	0.22009171757253	0.175293902399659	0.09060442685737637	0.0399615497308995	0.3087482223402242	0.038446401414750524	0.07122655866747948	0.0	0.22	0.00525555803653422	0.005804298448220769	0.0	0.0173775671406003	0.007728242350607526	0.010861719312604523	0.0	0.0322108345534407	0.7704319558658426	0.21899905629719296	0.0	0.9248793935217092	0.004656503592477714	0.008587540960730666	0.0	0.028169014084507	0.00049441378102854	0.0008991775152171414	0.0	0.003220611916264	0.0008898479411329067	0.0016226466263659792	0.0	0.0057803468208092	70.19642857142857	143.77871547877064	5.5	522.0	0.7187153828991637	0.2003148491073486	0.3353057199211045	0.9464198733560644	398.46666666666664	326.30219706511906	81	1029	0.6602521111613496	0.21745754697263725	0.2611683848797251	0.9348054679284964	0.05820941181585649	0.08162144064225255	0.0038352641253566	0.2635293009825918	0.5904173863742559	0.6432492033450623	0.0504	1.746415770609319	0.07474085923180415	0.07629945982750942	0.0039494470774091	0.1875	0.9010032445615777	0.08297974888622002	0.7807953443258971	0.976735598227474	1617.8666666666666	1036.804766486692	170	2845	717.7333333333333	676.1367641309884	100	2053	4912505.533333333	3719.6456986936155	4906055	4915200
ntv2_250m_w4096	plant_fine	hmm_penalty2	0.7	10	15	0.8278609842161291	0.15970227521205896	0.517007011303939	0.9740923076923076	0.10483563966214302	0.0642886667716096	0.0205225949176614	0.22009171757253	0.175293902399659	0.09060442685737637	0.0399615497308995	0.3087482223402242	0.038446401414750524	0.07122655866747948	0.0	0.22	0.00525555803653422	0.005804298448220769	0.0	0.0173775671406003	0.007728242350607526	0.010861719312604523	0.0	0.0322108345534407	0.7704319558658426	0.21899905629719296	0.0	0.9248793935217092	0.020668456956990933	0.038843321617882905	0.0	0.1150442477876106	0.002176574241562193	0.003525828633672199	0.0	0.0104	0.0037911367701409598	0.006485534151988167	0.0	0.0190755685986793	70.19642857142857	143.77871547877064	5.5	522.0	0.7187153828991637	0.2003148491073486	0.3353057199211045	0.9464198733560644	398.46666666666664	326.30219706511906	81	1029	0.6602521111613496	0.21745754697263725	0.2611683848797251	0.9348054679284964	0.05820941181585649	0.08162144064225255	0.0038352641253566	0.2635293009825918	0.5904173863742559	0.6432492033450623	0.0504	1.746415770609319	0.07474085923180415	0.07629945982750942	0.0039494470774091	0.1875	0.9010032445615777	0.08297974888622002	0.7807953443258971	0.976735598227474	1617.8666666666666	1036.804766486692	170	2845	717.7333333333333	676.1367641309884	100	2053	4912505.533333333	3719.6456986936155	4906055	4915200
ntv2_250m_w4096	plant_fine	hmm_penalty2	0.7	25	15	0.8278609842161291	0.15970227521205896	0.517007011303939	0.9740923076923076	0.10483563966214302	0.0642886667716096	0.0205225949176614	0.22009171757253	0.175293902399659	0.09060442685737637	0.0399615497308995	0.3087482223402242	0.038446401414750524	0.07122655866747948	0.0	0.22	0.00525555803653422	0.005804298448220769	0.0	0.0173775671406003	0.007728242350607526	0.010861719312604523	0.0	0.0322108345534407	0.7704319558658426	0.21899905629719296	0.0	0.9248793935217092	0.03652251246172506	0.07139977682729905	0.0	0.22	0.00375440237160186	0.00603291710543174	0.0	0.0173775671406003	0.006537987390114667	0.011227710590865664	0.0	0.0322108345534407	70.19642857142857	143.77871547877064	5.5	522.0	0.7187153828991637	0.2003148491073486	0.3353057199211045	0.9464198733560644	398.46666666666664	326.30219706511906	81	1029	0.6602521111613496	0.21745754697263725	0.2611683848797251	0.9348054679284964	0.05820941181585649	0.08162144064225255	0.0038352641253566	0.2635293009825918	0.5904173863742559	0.6432492033450623	0.0504	1.746415770609319	0.07474085923180415	0.07629945982750942	0.0039494470774091	0.1875	0.9010032445615777	0.08297974888622002	0.7807953443258971	0.976735598227474	1617.8666666666666	1036.804766486692	170	2845	717.7333333333333	676.1367641309884	100	2053	4912505.533333333	3719.6456986936155	4906055	4915200
ntv2_250m_w4096	plant_fine	hmm_penalty2	0.7	50	15	0.8278609842161291	0.15970227521205896	0.517007011303939	0.9740923076923076	0.10483563966214302	0.0642886667716096	0.0205225949176614	0.22009171757253	0.175293902399659	0.09060442685737637	0.0399615497308995	0.3087482223402242	0.038446401414750524	0.07122655866747948	0.0	0.22	0.00525555803653422	0.005804298448220769	0.0	0.0173775671406003	0.007728242350607526	0.010861719312604523	0.0	0.0322108345534407	0.7704319558658426	0.21899905629719296	0.0	0.9248793935217092	0.03655835475563187	0.07138055467366394	0.0	0.22	0.00380986548862904	0.006007903017349605	0.0	0.0173775671406003	0.00658153191439074	0.011204499822918329	0.0	0.0322108345534407	70.19642857142857	143.77871547877064	5.5	522.0	0.7187153828991637	0.2003148491073486	0.3353057199211045	0.9464198733560644	398.46666666666664	326.30219706511906	81	1029	0.6602521111613496	0.21745754697263725	0.2611683848797251	0.9348054679284964	0.05820941181585649	0.08162144064225255	0.0038352641253566	0.2635293009825918	0.5904173863742559	0.6432492033450623	0.0504	1.746415770609319	0.07474085923180415	0.07629945982750942	0.0039494470774091	0.1875	0.9010032445615777	0.08297974888622002	0.7807953443258971	0.976735598227474	1617.8666666666666	1036.804766486692	170	2845	717.7333333333333	676.1367641309884	100	2053	4912505.533333333	3719.6456986936155	4906055	4915200
ntv2_250m_w4096	plant_fine	hmm_penalty2	0.7	100	15	0.8278609842161291	0.15970227521205896	0.517007011303939	0.9740923076923076	0.10483563966214302	0.0642886667716096	0.0205225949176614	0.22009171757253	0.175293902399659	0.09060442685737637	0.0399615497308995	0.3087482223402242	0.038446401414750524	0.07122655866747948	0.0	0.22	0.00525555803653422	0.005804298448220769	0.0	0.0173775671406003	0.007728242350607526	0.010861719312604523	0.0	0.0322108345534407	0.7704319558658426	0.21899905629719296	0.0	0.9248793935217092	0.037267305455588984	0.07176135926482305	0.0	0.22	0.004320361356962047	0.0059909109824646326	0.0	0.0173775671406003	0.006992082925384847	0.011203729716274138	0.0	0.0322108345534407	70.19642857142857	143.77871547877064	5.5	522.0	0.7187153828991637	0.2003148491073486	0.3353057199211045	0.9464198733560644	398.46666666666664	326.30219706511906	81	1029	0.6602521111613496	0.21745754697263725	0.2611683848797251	0.9348054679284964	0.05820941181585649	0.08162144064225255	0.0038352641253566	0.2635293009825918	0.5904173863742559	0.6432492033450623	0.0504	1.746415770609319	0.07474085923180415	0.07629945982750942	0.0039494470774091	0.1875	0.9010032445615777	0.08297974888622002	0.7807953443258971	0.976735598227474	1617.8666666666666	1036.804766486692	170	2845	717.7333333333333	676.1367641309884	100	2053	4912505.533333333	3719.6456986936155	4906055	4915200
ntv2_250m_w4096	plant_fine	hmm_penalty2	0.8	5	15	0.8278609842161291	0.15970227521205896	0.517007011303939	0.9740923076923076	0.10483563966214302	0.0642886667716096	0.0205225949176614	0.22009171757253	0.175293902399659	0.09060442685737637	0.0399615497308995	0.3087482223402242	0.024525546585493392	0.04415291549516319	0.0	0.12	0.0033567895774881734	0.0038770382259572496	0.0	0.0104669887278582	0.004975036466159833	0.0070889332834800055	0.0	0.0190755685986793	0.7575636041560609	0.3102602063456352	0.0	0.947228699115904	0.004656503592477714	0.008587540960730666	0.0	0.028169014084507	0.00049441378102854	0.0008991775152171414	0.0	0.003220611916264	0.0008898479411329067	0.0016226466263659792	0.0	0.0057803468208092	19.057692307692307	34.71463335872596	2.0	125.5	0.7187153828991637	0.2003148491073486	0.3353057199211045	0.9464198733560644	398.46666666666664	326.30219706511906	81	1029	0.6602521111613496	0.21745754697263725	0.2611683848797251	0.9348054679284964	0.05820941181585649	0.08162144064225255	0.0038352641253566	0.2635293009825918	0.5904173863742559	0.6432492033450623	0.0504	1.746415770609319	0.07474085923180415	0.07629945982750942	0.0039494470774091	0.1875	0.9010032445615777	0.08297974888622002	0.7807953443258971	0.976735598227474	1617.8666666666666	1036.804766486692	170	2845	717.7333333333333	676.1367641309884	100	2053	4912505.533333333	3719.6456986936155	4906055	4915200
ntv2_250m_w4096	plant_fine	hmm_penalty2	0.8	10	15	0.8278609842161291	0.15970227521205896	0.517007011303939	0.9740923076923076	0.10483563966214302	0.0642886667716096	0.0205225949176614	0.22009171757253	0.175293902399659	0.09060442685737637	0.0399615497308995	0.3087482223402242	0.024525546585493392	0.04415291549516319	0.0	0.12	0.0033567895774881734	0.0038770382259572496	0.0	0.0104669887278582	0.004975036466159833	0.0070889332834800055	0.0	0.0190755685986793	0.7575636041560609	0.3102602063456352	0.0	0.947228699115904	0.020078486455516006	0.03734585135832097	0.0	0.1061946902654867	0.00212324090822886	0.0033962205661603934	0.0	0.0096	0.003693313341429787	0.006245137870858212	0.0	0.0176082171680117	19.057692307692307	34.71463335872596	2.0	125.5	0.7187153828991637	0.2003148491073486	0.3353057199211045	0.9464198733560644	398.46666666666664	326.30219706511906	81	1029	0.6602521111613496	0.21745754697263725	0.2611683848797251	0.9348054679284964	0.05820941181585649	0.08162144064225255	0.0038352641253566	0.2635293009825918	0.5904173863742559	0.6432492033450623	0.0504	1.746415770609319	0.07474085923180415	0.07629945982750942	0.0039494470774091	0.1875	0.9010032445615777	0.08297974888622002	0.7807953443258971	0.976735598227474	1617.8666666666666	1036.804766486692	170	2845	717.7333333333333	676.1367641309884	100	2053	4912505.533333333	3719.6456986936155	4906055	4915200
ntv2_250m_w4096	plant_fine	hmm_penalty2	0.8	25	15	0.8278609842161291	0.15970227521205896	0.517007011303939	0.9740923076923076	0.10483563966214302	0.0642886667716096	0.0205225949176614	0.22009171757253	0.175293902399659	0.09060442685737637	0.0399615497308995	0.3087482223402242	0.024525546585493392	0.04415291549516319	0.0	0.12	0.0033567895774881734	0.0038770382259572496	0.0	0.0104669887278582	0.004975036466159833	0.0070889332834800055	0.0	0.0190755685986793	0.7575636041560609	0.3102602063456352	0.0	0.947228699115904	0.02358285395759898	0.04367631751962706	0.0	0.12	0.0025184467828538466	0.0038483871608139754	0.0	0.0104	0.00434270280688764	0.007130804844827486	0.0	0.0190755685986793	19.057692307692307	34.71463335872596	2.0	125.5	0.7187153828991637	0.2003148491073486	0.3353057199211045	0.9464198733560644	398.46666666666664	326.30219706511906	81	1029	0.6602521111613496	0.21745754697263725	0.2611683848797251	0.9348054679284964	0.05820941181585649	0.08162144064225255	0.0038352641253566	0.2635293009825918	0.5904173863742559	0.6432492033450623	0.0504	1.746415770609319	0.07474085923180415	0.07629945982750942	0.0039494470774091	0.1875	0.9010032445615777	0.08297974888622002	0.7807953443258971	0.976735598227474	1617.8666666666666	1036.804766486692	170	2845	717.7333333333333	676.1367641309884	100	2053	4912505.533333333	3719.6456986936155	4906055	4915200
ntv2_250m_w4096	plant_fine	hmm_penalty2	0.8	50	15	0.8278609842161291	0.15970227521205896	0.517007011303939	0.9740923076923076	0.10483563966214302	0.0642886667716096	0.0205225949176614	0.22009171757253	0.175293902399659	0.09060442685737637	0.0399615497308995	0.3087482223402242	0.024525546585493392	0.04415291549516319	0.0	0.12	0.0033567895774881734	0.0038770382259572496	0.0	0.0104669887278582	0.004975036466159833	0.0070889332834800055	0.0	0.0190755685986793	0.7575636041560609	0.3102602063456352	0.0	0.947228699115904	0.02358285395759898	0.04367631751962706	0.0	0.12	0.0025184467828538466	0.0038483871608139754	0.0	0.0104	0.00434270280688764	0.007130804844827486	0.0	0.0190755685986793	19.057692307692307	34.71463335872596	2.0	125.5	0.7187153828991637	0.2003148491073486	0.3353057199211045	0.9464198733560644	398.46666666666664	326.30219706511906	81	1029	0.6602521111613496	0.21745754697263725	0.2611683848797251	0.9348054679284964	0.05820941181585649	0.08162144064225255	0.0038352641253566	0.2635293009825918	0.5904173863742559	0.6432492033450623	0.0504	1.746415770609319	0.07474085923180415	0.07629945982750942	0.0039494470774091	0.1875	0.9010032445615777	0.08297974888622002	0.7807953443258971	0.976735598227474	1617.8666666666666	1036.804766486692	170	2845	717.7333333333333	676.1367641309884	100	2053	4912505.533333333	3719.6456986936155	4906055	4915200
ntv2_250m_w4096	plant_fine	hmm_penalty2	0.8	100	15	0.8278609842161291	0.15970227521205896	0.517007011303939	0.9740923076923076	0.10483563966214302	0.0642886667716096	0.0205225949176614	0.22009171757253	0.175293902399659	0.09060442685737637	0.0399615497308995	0.3087482223402242	0.024525546585493392	0.04415291549516319	0.0	0.12	0.0033567895774881734	0.0038770382259572496	0.0	0.0104669887278582	0.004975036466159833	0.0070889332834800055	0.0	0.0190755685986793	0.7575636041560609	0.3102602063456352	0.0	0.947228699115904	0.024291804657556086	0.0442785235304575	0.0	0.12	0.0030289426511868533	0.003967502652062835	0.0	0.0104669887278582	0.0047532538178817465	0.007204565255112368	0.0	0.0190755685986793	19.057692307692307	34.71463335872596	2.0	125.5	0.7187153828991637	0.2003148491073486	0.3353057199211045	0.9464198733560644	398.46666666666664	326.30219706511906	81	1029	0.6602521111613496	0.21745754697263725	0.2611683848797251	0.9348054679284964	0.05820941181585649	0.08162144064225255	0.0038352641253566	0.2635293009825918	0.5904173863742559	0.6432492033450623	0.0504	1.746415770609319	0.07474085923180415	0.07629945982750942	0.0039494470774091	0.1875	0.9010032445615777	0.08297974888622002	0.7807953443258971	0.976735598227474	1617.8666666666666	1036.804766486692	170	2845	717.7333333333333	676.1367641309884	100	2053	4912505.533333333	3719.6456986936155	4906055	4915200
ntv2_250m_w4096	plant_fine	hmm_penalty2	0.9	5	15	0.8278609842161291	0.15970227521205896	0.517007011303939	0.9740923076923076	0.10483563966214302	0.0642886667716096	0.0205225949176614	0.22009171757253	0.175293902399659	0.09060442685737637	0.0399615497308995	0.3087482223402242	0.0052571983755026735	0.008936724795515529	0.0	0.03	0.0010383432692590666	0.0016065084406442689	0.0	0.0058823529411764	0.0012888891978716866	0.0016727078067385428	0.0	0.0043923865300146	0.4975938609084433	0.48211899563450966	0.0	0.9686453576864535	0.004187020024402593	0.0073073692220865264	0.0	0.0211267605633802	0.00044073691575747333	0.0007335979331696006	0.0	0.002415458937198	0.0007935088274527534	0.0013276299082071263	0.0	0.0043352601156069	10.40625	17.95427600282769	1.0	54.5	0.7187153828991637	0.2003148491073486	0.3353057199211045	0.9464198733560644	398.46666666666664	326.30219706511906	81	1029	0.6602521111613496	0.21745754697263725	0.2611683848797251	0.9348054679284964	0.05820941181585649	0.08162144064225255	0.0038352641253566	0.2635293009825918	0.5904173863742559	0.6432492033450623	0.0504	1.746415770609319	0.07474085923180415	0.07629945982750942	0.0039494470774091	0.1875	0.9010032445615777	0.08297974888622002	0.7807953443258971	0.976735598227474	1617.8666666666666	1036.804766486692	170	2845	717.7333333333333	676.1367641309884	100	2053	4912505.533333333	3719.6456986936155	4906055	4915200
ntv2_250m_w4096	plant_fine	hmm_penalty2	0.9	10	15	0.8278609842161291	0.15970227521205896	0.517007011303939	0.9740923076923076	0.10483563966214302	0.0642886667716096	0.0205225949176614	0.22009171757253	0.175293902399659	0.09060442685737637	0.0399615497308995	0.3087482223402242	0.0052571983755026735	0.008936724795515529	0.0	0.03	0.0010383432692590666	0.0016065084406442689	0.0	0.0058823529411764	0.0012888891978716866	0.0016727078067385428	0.0	0.0043923865300146	0.4975938609084433	0.48211899563450966	0.0	0.9686453576864535	0.00491982425720682	0.009057152693104984	0.0	0.03	0.0006227204907566133	0.0009068802830910111	0.0	0.002415458937198	0.0009786351940570934	0.0015165063305685239	0.0	0.0043923865300146	10.40625	17.95427600282769	1.0	54.5	0.7187153828991637	0.2003148491073486	0.3353057199211045	0.9464198733560644	398.46666666666664	326.30219706511906	81	1029	0.6602521111613496	0.21745754697263725	0.2611683848797251	0.9348054679284964	0.05820941181585649	0.08162144064225255	0.0038352641253566	0.2635293009825918	0.5904173863742559	0.6432492033450623	0.0504	1.746415770609319	0.07474085923180415	0.07629945982750942	0.0039494470774091	0.1875	0.9010032445615777	0.08297974888622002	0.7807953443258971	0.976735598227474	1617.8666666666666	1036.804766486692	170	2845	717.7333333333333	676.1367641309884	100	2053	4912505.533333333	3719.6456986936155	4906055	4915200
ntv2_250m_w4096	plant_fine	hmm_penalty2	0.9	25	15	0.8278609842161291	0.15970227521205896	0.517007011303939	0.9740923076923076	0.10483563966214302	0.0642886667716096	0.0205225949176614	0.22009171757253	0.175293902399659	0.09060442685737637	0.0399615497308995	0.3087482223402242	0.0052571983755026735	0.008936724795515529	0.0	0.03	0.0010383432692590666	0.0016065084406442689	0.0	0.0058823529411764	0.0012888891978716866	0.0016727078067385428	0.0	0.0043923865300146	0.4975938609084433	0.48211899563450966	0.0	0.9686453576864535	0.005050800026689467	0.009025515205315306	0.0	0.03	0.0006461864065139733	0.000903923714633429	0.0	0.002415458937198	0.0010184361890819666	0.0015136068405762007	0.0	0.0043923865300146	10.40625	17.95427600282769	1.0	54.5	0.7187153828991637	0.2003148491073486	0.3353057199211045	0.9464198733560644	398.46666666666664	326.30219706511906	81	1029	0.6602521111613496	0.21745754697263725	0.2611683848797251	0.9348054679284964	0.05820941181585649	0.08162144064225255	0.0038352641253566	0.2635293009825918	0.5904173863742559	0.6432492033450623	0.0504	1.746415770609319	0.07474085923180415	0.07629945982750942	0.0039494470774091	0.1875	0.9010032445615777	0.08297974888622002	0.7807953443258971	0.976735598227474	1617.8666666666666	1036.804766486692	170	2845	717.7333333333333	676.1367641309884	100	2053	4912505.533333333	3719.6456986936155	4906055	4915200
ntv2_250m_w4096	plant_fine	hmm_penalty2	0.9	50	15	0.8278609842161291	0.15970227521205896	0.517007011303939	0.9740923076923076	0.10483563966214302	0.0642886667716096	0.0205225949176614	0.22009171757253	0.175293902399659	0.09060442685737637	0.0399615497308995	0.3087482223402242	0.0052571983755026735	0.008936724795515529	0.0	0.03	0.0010383432692590666	0.0016065084406442689	0.0	0.0058823529411764	0.0012888891978716866	0.0016727078067385428	0.0	0.0043923865300146	0.4975938609084433	0.48211899563450966	0.0	0.9686453576864535	0.005050800026689467	0.009025515205315306	0.0	0.03	0.0006461864065139733	0.000903923714633429	0.0	0.002415458937198	0.0010184361890819666	0.0015136068405762007	0.0	0.0043923865300146	10.40625	17.95427600282769	1.0	54.5	0.7187153828991637	0.2003148491073486	0.3353057199211045	0.9464198733560644	398.46666666666664	326.30219706511906	81	1029	0.6602521111613496	0.21745754697263725	0.2611683848797251	0.9348054679284964	0.05820941181585649	0.08162144064225255	0.0038352641253566	0.2635293009825918	0.5904173863742559	0.6432492033450623	0.0504	1.746415770609319	0.07474085923180415	0.07629945982750942	0.0039494470774091	0.1875	0.9010032445615777	0.08297974888622002	0.7807953443258971	0.976735598227474	1617.8666666666666	1036.804766486692	170	2845	717.7333333333333	676.1367641309884	100	2053	4912505.533333333	3719.6456986936155	4906055	4915200
ntv2_250m_w4096	plant_fine	hmm_penalty2	0.9	100	15	0.8278609842161291	0.15970227521205896	0.517007011303939	0.9740923076923076	0.10483563966214302	0.0642886667716096	0.0205225949176614	0.22009171757253	0.175293902399659	0.09060442685737637	0.0399615497308995	0.3087482223402242	0.0052571983755026735	0.008936724795515529	0.0	0.03	0.0010383432692590666	0.0016065084406442689	0.0	0.0058823529411764	0.0012888891978716866	0.0016727078067385428	0.0	0.0043923865300146	0.4975938609084433	0.48211899563450966	0.0	0.9686453576864535	0.0052571983755026735	0.008936724795515529	0.0	0.03	0.0010383432692590666	0.0016065084406442689	0.0	0.0058823529411764	0.0012888891978716866	0.0016727078067385428	0.0	0.0043923865300146	10.40625	17.95427600282769	1.0	54.5	0.7187153828991637	0.2003148491073486	0.3353057199211045	0.9464198733560644	398.46666666666664	326.30219706511906	81	1029	0.6602521111613496	0.21745754697263725	0.2611683848797251	0.9348054679284964	0.05820941181585649	0.08162144064225255	0.0038352641253566	0.2635293009825918	0.5904173863742559	0.6432492033450623	0.0504	1.746415770609319	0.07474085923180415	0.07629945982750942	0.0039494470774091	0.1875	0.9010032445615777	0.08297974888622002	0.7807953443258971	0.976735598227474	1617.8666666666666	1036.804766486692	170	2845	717.7333333333333	676.1367641309884	100	2053	4912505.533333333	3719.6456986936155	4906055	4915200
ntv2_250m_w4096	plant_fine	raw_threshold	0.5	5	15	0.82398762080934	0.16172246270223173	0.5142863039283466	0.9736816493689512	0.10358838435973812	0.06308609531652587	0.0207417067491723	0.2168502758488661	0.17347384213079528	0.08907338265350258	0.0403570859893059	0.3050678353588556	0.025071249609827023	0.04743564317802215	0.0006850488097276	0.1639344262295081	0.009765570008768246	0.008398993672196462	0.0014239943040227	0.0236966824644549	0.00974969848622152	0.013101394167732715	0.0011502516175413	0.041407867494824	0.6971061444850998	0.07040797338287755	0.6000578889237953	0.8118724733701518	0.0020742861961186468	0.003826932663658966	0.0	0.0109289617486338	0.00049441378102854	0.0008991775152171414	0.0	0.003220611916264	0.0007814303026175934	0.0014205209780729952	0.0	0.0049689440993788	85.43333333333334	92.74429452352669	7.0	257.75	0.7460931386641635	0.1973236426083714	0.3635664873174481	0.9571844493920192	1588.6	1542.5934470420725	164	4613	0.7293936761437132	0.20437395931341154	0.3475783475783476	0.952742250162584	0.02478055820159896	0.03913899464799305	0.0026789176324369	0.1396647271732549	1.6342048858360003	1.8163833628061739	0.0908372827804107	5.014336917562724	0.08464329120634223	0.08221221934501075	0.0064	0.1998207885304659	0.8979365125475545	0.08361187437130883	0.7740058195926285	0.9736	1617.8666666666666	1036.804766486692	170	2845	1959.6	1959.3544782475099	183	5839	4912505.533333333	3719.6456986936155	4906055	4915200
ntv2_250m_w4096	plant_fine	raw_threshold	0.5	10	15	0.82398762080934	0.16172246270223173	0.5142863039283466	0.9736816493689512	0.10358838435973812	0.06308609531652587	0.0207417067491723	0.2168502758488661	0.17347384213079528	0.08907338265350258	0.0403570859893059	0.3050678353588556	0.025071249609827023	0.04743564317802215	0.0006850488097276	0.1639344262295081	0.009765570008768246	0.008398993672196462	0.0014239943040227	0.0236966824644549	0.00974969848622152	0.013101394167732715	0.0011502516175413	0.041407867494824	0.6971061444850998	0.07040797338287755	0.6000578889237953	0.8118724733701518	0.009697873471692594	0.019182422731458267	0.0	0.056768558951965	0.002088479177988173	0.003550488390927999	0.0	0.0104	0.0032994295500732664	0.005944570327964442	0.0	0.0175794455713319	85.43333333333334	92.74429452352669	7.0	257.75	0.7460931386641635	0.1973236426083714	0.3635664873174481	0.9571844493920192	1588.6	1542.5934470420725	164	4613	0.7293936761437132	0.20437395931341154	0.3475783475783476	0.952742250162584	0.02478055820159896	0.03913899464799305	0.0026789176324369	0.1396647271732549	1.6342048858360003	1.8163833628061739	0.0908372827804107	5.014336917562724	0.08464329120634223	0.08221221934501075	0.0064	0.1998207885304659	0.8979365125475545	0.08361187437130883	0.7740058195926285	0.9736	1617.8666666666666	1036.804766486692	170	2845	1959.6	1959.3544782475099	183	5839	4912505.533333333	3719.6456986936155	4906055	4915200
ntv2_250m_w4096	plant_fine	raw_threshold	0.5	25	15	0.82398762080934	0.16172246270223173	0.5142863039283466	0.9736816493689512	0.10358838435973812	0.06308609531652587	0.0207417067491723	0.2168502758488661	0.17347384213079528	0.08907338265350258	0.0403570859893059	0.3050678353588556	0.025071249609827023	0.04743564317802215	0.0006850488097276	0.1639344262295081	0.009765570008768246	0.008398993672196462	0.0014239943040227	0.0236966824644549	0.00974969848622152	0.013101394167732715	0.0011502516175413	0.041407867494824	0.6971061444850998	0.07040797338287755	0.6000578889237953	0.8118724733701518	0.018016004884033574	0.03702555327588755	0.0	0.1202185792349726	0.0038765349580433335	0.006082495325228117	0.0	0.0173775671406003	0.005985919428958573	0.010489014272632368	0.0	0.0303657694962042	85.43333333333334	92.74429452352669	7.0	257.75	0.7460931386641635	0.1973236426083714	0.3635664873174481	0.9571844493920192	1588.6	1542.5934470420725	164	4613	0.7293936761437132	0.20437395931341154	0.3475783475783476	0.952742250162584	0.02478055820159896	0.03913899464799305	0.0026789176324369	0.1396647271732549	1.6342048858360003	1.8163833628061739	0.0908372827804107	5.014336917562724	0.08464329120634223	0.08221221934501075	0.0064	0.1998207885304659	0.8979365125475545	0.08361187437130883	0.7740058195926285	0.9736	1617.8666666666666	1036.804766486692	170	2845	1959.6	1959.3544782475099	183	5839	4912505.533333333	3719.6456986936155	4906055	4915200
ntv2_250m_w4096	plant_fine	raw_threshold	0.5	50	15	0.82398762080934	0.16172246270223173	0.5142863039283466	0.9736816493689512	0.10358838435973812	0.06308609531652587	0.0207417067491723	0.2168502758488661	0.17347384213079528	0.08907338265350258	0.0403570859893059	0.3050678353588556	0.025071249609827023	0.04743564317802215	0.0006850488097276	0.1639344262295081	0.009765570008768246	0.008398993672196462	0.0014239943040227	0.0236966824644549	0.00974969848622152	0.013101394167732715	0.0011502516175413	0.041407867494824	0.6971061444850998	0.07040797338287755	0.6000578889237953	0.8118724733701518	0.023376699092261765	0.046944961936045915	0.0	0.1584699453551912	0.0054884524630918665	0.007941059369225865	0.0	0.0229067930489731	0.008048268140837627	0.013668559652093324	0.0	0.0400276052449965	85.43333333333334	92.74429452352669	7.0	257.75	0.7460931386641635	0.1973236426083714	0.3635664873174481	0.9571844493920192	1588.6	1542.5934470420725	164	4613	0.7293936761437132	0.20437395931341154	0.3475783475783476	0.952742250162584	0.02478055820159896	0.03913899464799305	0.0026789176324369	0.1396647271732549	1.6342048858360003	1.8163833628061739	0.0908372827804107	5.014336917562724	0.08464329120634223	0.08221221934501075	0.0064	0.1998207885304659	0.8979365125475545	0.08361187437130883	0.7740058195926285	0.9736	1617.8666666666666	1036.804766486692	170	2845	1959.6	1959.3544782475099	183	5839	4912505.533333333	3719.6456986936155	4906055	4915200
ntv2_250m_w4096	plant_fine	raw_threshold	0.5	100	15	0.82398762080934	0.16172246270223173	0.5142863039283466	0.9736816493689512	0.10358838435973812	0.06308609531652587	0.0207417067491723	0.2168502758488661	0.17347384213079528	0.08907338265350258	0.0403570859893059	0.3050678353588556	0.025071249609827023	0.04743564317802215	0.0006850488097276	0.1639344262295081	0.009765570008768246	0.008398993672196462	0.0014239943040227	0.0236966824644549	0.00974969848622152	0.013101394167732715	0.0011502516175413	0.041407867494824	0.6971061444850998	0.07040797338287755	0.6000578889237953	0.8118724733701518	0.02378789697663024	0.0467701549243989	0.0	0.1584699453551912	0.005741275030392207	0.007826153404317665	0.0	0.0229067930489731	0.008323411728997407	0.01356043260257548	0.0	0.0400276052449965	85.43333333333334	92.74429452352669	7.0	257.75	0.7460931386641635	0.1973236426083714	0.3635664873174481	0.9571844493920192	1588.6	1542.5934470420725	164	4613	0.7293936761437132	0.20437395931341154	0.3475783475783476	0.952742250162584	0.02478055820159896	0.03913899464799305	0.0026789176324369	0.1396647271732549	1.6342048858360003	1.8163833628061739	0.0908372827804107	5.014336917562724	0.08464329120634223	0.08221221934501075	0.0064	0.1998207885304659	0.8979365125475545	0.08361187437130883	0.7740058195926285	0.9736	1617.8666666666666	1036.804766486692	170	2845	1959.6	1959.3544782475099	183	5839	4912505.533333333	3719.6456986936155	4906055	4915200
ntv2_250m_w4096	plant_fine	raw_threshold	0.7	5	15	0.82398762080934	0.16172246270223173	0.5142863039283466	0.9736816493689512	0.10358838435973812	0.06308609531652587	0.0207417067491723	0.2168502758488661	0.17347384213079528	0.08907338265350258	0.0403570859893059	0.3050678353588556	0.01748397870215506	0.034802071374406454	0.0001712622024319	0.1092896174863388	0.005048913930535986	0.005636283658800182	0.0003977724741447	0.016	0.00616361534793906	0.00984114099695323	0.0002875629043853	0.0276052449965493	0.8237542031104312	0.040356479958877596	0.7465437788018433	0.8781929929263068	0.0020742861961186468	0.003826932663658966	0.0	0.0109289617486338	0.00049441378102854	0.0008991775152171414	0.0	0.003220611916264	0.0007814303026175934	0.0014205209780729952	0.0	0.0049689440993788	44.03333333333333	71.69932672195013	4.25	257.75	0.7460931386641635	0.1973236426083714	0.3635664873174481	0.9571844493920192	1588.6	1542.5934470420725	164	4613	0.7293936761437132	0.20437395931341154	0.3475783475783476	0.952742250162584	0.02478055820159896	0.03913899464799305	0.0026789176324369	0.1396647271732549	1.6342048858360003	1.8163833628061739	0.0908372827804107	5.014336917562724	0.08464329120634223	0.08221221934501075	0.0064	0.1998207885304659	0.8979365125475545	0.08361187437130883	0.7740058195926285	0.9736	1617.8666666666666	1036.804766486692	170	2845	1959.6	1959.3544782475099	183	5839	4912505.533333333	3719.6456986936155	4906055	4915200
ntv2_250m_w4096	plant_fine	raw_threshold	0.7	10	15	0.82398762080934	0.16172246270223173	0.5142863039283466	0.9736816493689512	0.10358838435973812	0.06308609531652587	0.0207417067491723	0.2168502758488661	0.17347384213079528	0.08907338265350258	0.0403570859893059	0.3050678353588556	0.01748397870215506	0.034802071374406454	0.0001712622024319	0.1092896174863388	0.005048913930535986	0.005636283658800182	0.0003977724741447	0.016	0.00616361534793906	0.00984114099695323	0.0002875629043853	0.0276052449965493	0.8237542031104312	0.040356479958877596	0.7465437788018433	0.8781929929263068	0.009697873471692594	0.019182422731458267	0.0	0.056768558951965	0.002088479177988173	0.003550488390927999	0.0	0.0104	0.0032994295500732664	0.005944570327964442	0.0	0.0175794455713319	44.03333333333333	71.69932672195013	4.25	257.75	0.7460931386641635	0.1973236426083714	0.3635664873174481	0.9571844493920192	1588.6	1542.5934470420725	164	4613	0.7293936761437132	0.20437395931341154	0.3475783475783476	0.952742250162584	0.02478055820159896	0.03913899464799305	0.0026789176324369	0.1396647271732549	1.6342048858360003	1.8163833628061739	0.0908372827804107	5.014336917562724	0.08464329120634223	0.08221221934501075	0.0064	0.1998207885304659	0.8979365125475545	0.08361187437130883	0.7740058195926285	0.9736	1617.8666666666666	1036.804766486692	170	2845	1959.6	1959.3544782475099	183	5839	4912505.533333333	3719.6456986936155	4906055	4915200
ntv2_250m_w4096	plant_fine	raw_threshold	0.7	25	15	0.82398762080934	0.16172246270223173	0.5142863039283466	0.9736816493689512	0.10358838435973812	0.06308609531652587	0.0207417067491723	0.2168502758488661	0.17347384213079528	0.08907338265350258	0.0403570859893059	0.3050678353588556	0.01748397870215506	0.034802071374406454	0.0001712622024319	0.1092896174863388	0.005048913930535986	0.005636283658800182	0.0003977724741447	0.016	0.00616361534793906	0.00984114099695323	0.0002875629043853	0.0276052449965493	0.8237542031104312	0.040356479958877596	0.7465437788018433	0.8781929929263068	0.016857160642855265	0.034881981894311805	0.0	0.1092896174863388	0.0035375228035395604	0.0058297773901925705	0.0	0.016	0.005538599781639606	0.009999931796128323	0.0	0.0276052449965493	44.03333333333333	71.69932672195013	4.25	257.75	0.7460931386641635	0.1973236426083714	0.3635664873174481	0.9571844493920192	1588.6	1542.5934470420725	164	4613	0.7293936761437132	0.20437395931341154	0.3475783475783476	0.952742250162584	0.02478055820159896	0.03913899464799305	0.0026789176324369	0.1396647271732549	1.6342048858360003	1.8163833628061739	0.0908372827804107	5.014336917562724	0.08464329120634223	0.08221221934501075	0.0064	0.1998207885304659	0.8979365125475545	0.08361187437130883	0.7740058195926285	0.9736	1617.8666666666666	1036.804766486692	170	2845	1959.6	1959.3544782475099	183	5839	4912505.533333333	3719.6456986936155	4906055	4915200
ntv2_250m_w4096	plant_fine	raw_threshold	0.7	50	15	0.82398762080934	0.16172246270223173	0.5142863039283466	0.9736816493689512	0.10358838435973812	0.06308609531652587	0.0207417067491723	0.2168502758488661	0.17347384213079528	0.08907338265350258	0.0403570859893059	0.3050678353588556	0.01748397870215506	0.034802071374406454	0.0001712622024319	0.1092896174863388	0.005048913930535986	0.005636283658800182	0.0003977724741447	0.016	0.00616361534793906	0.00984114099695323	0.0002875629043853	0.0276052449965493	0.8237542031104312	0.040356479958877596	0.7465437788018433	0.8781929929263068	0.017086875537774885	0.03499695562258764	0.0	0.1092896174863388	0.0038888187164296734	0.005835249219569909	0.0	0.016	0.005704905393481679	0.010075922748775041	0.0	0.0276052449965493	44.03333333333333	71.69932672195013	4.25	257.75	0.7460931386641635	0.1973236426083714	0.3635664873174481	0.9571844493920192	1588.6	1542.5934470420725	164	4613	0.7293936761437132	0.20437395931341154	0.3475783475783476	0.952742250162584	0.02478055820159896	0.03913899464799305	0.0026789176324369	0.1396647271732549	1.6342048858360003	1.8163833628061739	0.0908372827804107	5.014336917562724	0.08464329120634223	0.08221221934501075	0.0064	0.1998207885304659	0.8979365125475545	0.08361187437130883	0.7740058195926285	0.9736	1617.8666666666666	1036.804766486692	170	2845	1959.6	1959.3544782475099	183	5839	4912505.533333333	3719.6456986936155	4906055	4915200
ntv2_250m_w4096	plant_fine	raw_threshold	0.7	100	15	0.82398762080934	0.16172246270223173	0.5142863039283466	0.9736816493689512	0.10358838435973812	0.06308609531652587	0.0207417067491723	0.2168502758488661	0.17347384213079528	0.08907338265350258	0.0403570859893059	0.3050678353588556	0.01748397870215506	0.034802071374406454	0.0001712622024319	0.1092896174863388	0.005048913930535986	0.005636283658800182	0.0003977724741447	0.016	0.00616361534793906	0.00984114099695323	0.0002875629043853	0.0276052449965493	0.8237542031104312	0.040356479958877596	0.7465437788018433	0.8781929929263068	0.017141252916785216	0.034970491650864174	0.0	0.1092896174863388	0.003912551954830053	0.005820559597982767	0.0	0.016	0.005737949590094647	0.010058416217914234	0.0	0.0276052449965493	44.03333333333333	71.69932672195013	4.25	257.75	0.7460931386641635	0.1973236426083714	0.3635664873174481	0.9571844493920192	1588.6	1542.5934470420725	164	4613	0.7293936761437132	0.20437395931341154	0.3475783475783476	0.952742250162584	0.02478055820159896	0.03913899464799305	0.0026789176324369	0.1396647271732549	1.6342048858360003	1.8163833628061739	0.0908372827804107	5.014336917562724	0.08464329120634223	0.08221221934501075	0.0064	0.1998207885304659	0.8979365125475545	0.08361187437130883	0.7740058195926285	0.9736	1617.8666666666666	1036.804766486692	170	2845	1959.6	1959.3544782475099	183	5839	4912505.533333333	3719.6456986936155	4906055	4915200
ntv2_250m_w4096	plant_fine	raw_threshold	0.8	5	15	0.82398762080934	0.16172246270223173	0.5142863039283466	0.9736816493689512	0.10358838435973812	0.06308609531652587	0.0207417067491723	0.2168502758488661	0.17347384213079528	0.08907338265350258	0.0403570859893059	0.3050678353588556	0.01108863815712618	0.021174069797528526	0.0	0.0601092896174863	0.0029026895158578998	0.003870116621381645	0.0	0.0104669887278582	0.00395094067190646	0.006447911537637643	0.0	0.0175794455713319	0.7528893969858952	0.30885013097121805	0.0	0.9536082474226804	0.0020742861961186468	0.003826932663658966	0.0	0.0109289617486338	0.00049441378102854	0.0008991775152171414	0.0	0.003220611916264	0.0007814303026175934	0.0014205209780729952	0.0	0.0049689440993788	23.48076923076923	40.18997355509176	2.0	141.5	0.7460931386641635	0.1973236426083714	0.3635664873174481	0.9571844493920192	1588.6	1542.5934470420725	164	4613	0.7293936761437132	0.20437395931341154	0.3475783475783476	0.952742250162584	0.02478055820159896	0.03913899464799305	0.0026789176324369	0.1396647271732549	1.6342048858360003	1.8163833628061739	0.0908372827804107	5.014336917562724	0.08464329120634223	0.08221221934501075	0.0064	0.1998207885304659	0.8979365125475545	0.08361187437130883	0.7740058195926285	0.9736	1617.8666666666666	1036.804766486692	170	2845	1959.6	1959.3544782475099	183	5839	4912505.533333333	3719.6456986936155	4906055	4915200
ntv2_250m_w4096	plant_fine	raw_threshold	0.8	10	15	0.82398762080934	0.16172246270223173	0.5142863039283466	0.9736816493689512	0.10358838435973812	0.06308609531652587	0.0207417067491723	0.2168502758488661	0.17347384213079528	0.08907338265350258	0.0403570859893059	0.3050678353588556	0.01108863815712618	0.021174069797528526	0.0	0.0601092896174863	0.0029026895158578998	0.003870116621381645	0.0	0.0104669887278582	0.00395094067190646	0.006447911537637643	0.0	0.0175794455713319	0.7528893969858952	0.30885013097121805	0.0	0.9536082474226804	0.009406752656554314	0.018435631019431065	0.0	0.0524017467248908	0.00203514584465484	0.0034203430218089164	0.0	0.0096	0.00320927854714336	0.00571849636262898	0.0	0.0162271805273833	23.48076923076923	40.18997355509176	2.0	141.5	0.7460931386641635	0.1973236426083714	0.3635664873174481	0.9571844493920192	1588.6	1542.5934470420725	164	4613	0.7293936761437132	0.20437395931341154	0.3475783475783476	0.952742250162584	0.02478055820159896	0.03913899464799305	0.0026789176324369	0.1396647271732549	1.6342048858360003	1.8163833628061739	0.0908372827804107	5.014336917562724	0.08464329120634223	0.08221221934501075	0.0064	0.1998207885304659	0.8979365125475545	0.08361187437130883	0.7740058195926285	0.9736	1617.8666666666666	1036.804766486692	170	2845	1959.6	1959.3544782475099	183	5839	4912505.533333333	3719.6456986936155	4906055	4915200
ntv2_250m_w4096	plant_fine	raw_threshold	0.8	25	15	0.82398762080934	0.16172246270223173	0.5142863039283466	0.9736816493689512	0.10358838435973812	0.06308609531652587	0.0207417067491723	0.2168502758488661	0.17347384213079528	0.08907338265350258	0.0403570859893059	0.3050678353588556	0.01108863815712618	0.021174069797528526	0.0	0.0601092896174863	0.0029026895158578998	0.003870116621381645	0.0	0.0104669887278582	0.00395094067190646	0.006447911537637643	0.0	0.0175794455713319	0.7528893969858952	0.30885013097121805	0.0	0.9536082474226804	0.010733963874946887	0.021050676068877113	0.0	0.0601092896174863	0.002409689626184187	0.003755135192492611	0.0	0.0104	0.0036704911729323933	0.006381289951421958	0.0	0.0175794455713319	23.48076923076923	40.18997355509176	2.0	141.5	0.7460931386641635	0.1973236426083714	0.3635664873174481	0.9571844493920192	1588.6	1542.5934470420725	164	4613	0.7293936761437132	0.20437395931341154	0.3475783475783476	0.952742250162584	0.02478055820159896	0.03913899464799305	0.0026789176324369	0.1396647271732549	1.6342048858360003	1.8163833628061739	0.0908372827804107	5.014336917562724	0.08464329120634223	0.08221221934501075	0.0064	0.1998207885304659	0.8979365125475545	0.08361187437130883	0.7740058195926285	0.9736	1617.8666666666666	1036.804766486692	170	2845	1959.6	1959.3544782475099	183	5839	4912505.533333333	3719.6456986936155	4906055	4915200
ntv2_250m_w4096	plant_fine	raw_threshold	0.8	50	15	0.82398762080934	0.16172246270223173	0.5142863039283466	0.9736816493689512	0.10358838435973812	0.06308609531652587	0.0207417067491723	0.2168502758488661	0.17347384213079528	0.08907338265350258	0.0403570859893059	0.3050678353588556	0.01108863815712618	0.021174069797528526	0.0	0.0601092896174863	0.0029026895158578998	0.003870116621381645	0.0	0.0104669887278582	0.00395094067190646	0.006447911537637643	0.0	0.0175794455713319	0.7528893969858952	0.30885013097121805	0.0	0.9536082474226804	0.01091512329523674	0.021262995736549717	0.0	0.0601092896174863	0.0024633664914552535	0.0038701955629505498	0.0	0.0104669887278582	0.00375330690792204	0.006543528478777459	0.0	0.0175794455713319	23.48076923076923	40.18997355509176	2.0	141.5	0.7460931386641635	0.1973236426083714	0.3635664873174481	0.9571844493920192	1588.6	1542.5934470420725	164	4613	0.7293936761437132	0.20437395931341154	0.3475783475783476	0.952742250162584	0.02478055820159896	0.03913899464799305	0.0026789176324369	0.1396647271732549	1.6342048858360003	1.8163833628061739	0.0908372827804107	5.014336917562724	0.08464329120634223	0.08221221934501075	0.0064	0.1998207885304659	0.8979365125475545	0.08361187437130883	0.7740058195926285	0.9736	1617.8666666666666	1036.804766486692	170	2845	1959.6	1959.3544782475099	183	5839	4912505.533333333	3719.6456986936155	4906055	4915200
ntv2_250m_w4096	plant_fine	raw_threshold	0.8	100	15	0.82398762080934	0.16172246270223173	0.5142863039283466	0.9736816493689512	0.10358838435973812	0.06308609531652587	0.0207417067491723	0.2168502758488661	0.17347384213079528	0.08907338265350258	0.0403570859893059	0.3050678353588556	0.01108863815712618	0.021174069797528526	0.0	0.0601092896174863	0.0029026895158578998	0.003870116621381645	0.0	0.0104669887278582	0.00395094067190646	0.006447911537637643	0.0	0.0175794455713319	0.7528893969858952	0.30885013097121805	0.0	0.9536082474226804	0.010969500674247073	0.021236349073117288	0.0	0.0601092896174863	0.0024870997298556334	0.0038574199164888973	0.0	0.0104669887278582	0.0037863511045350064	0.006527133616610648	0.0	0.0175794455713319	23.48076923076923	40.18997355509176	2.0	141.5	0.7460931386641635	0.1973236426083714	0.3635664873174481	0.9571844493920192	1588.6	1542.5934470420725	164	4613	0.7293936761437132	0.20437395931341154	0.3475783475783476	0.952742250162584	0.02478055820159896	0.03913899464799305	0.0026789176324369	0.1396647271732549	1.6342048858360003	1.8163833628061739	0.0908372827804107	5.014336917562724	0.08464329120634223	0.08221221934501075	0.0064	0.1998207885304659	0.8979365125475545	0.08361187437130883	0.7740058195926285	0.9736	1617.8666666666666	1036.804766486692	170	2845	1959.6	1959.3544782475099	183	5839	4912505.533333333	3719.6456986936155	4906055	4915200
ntv2_250m_w4096	plant_fine	raw_threshold	0.9	5	15	0.82398762080934	0.16172246270223173	0.5142863039283466	0.9736816493689512	0.10358838435973812	0.06308609531652587	0.0207417067491723	0.2168502758488661	0.17347384213079528	0.08907338265350258	0.0403570859893059	0.3050678353588556	0.0023233408975621337	0.004537511535024396	0.0	0.0163934426229508	0.0005817915888401466	0.0008371480632113349	0.0	0.002415458937198	0.0008432581734451534	0.0013703607811834046	0.0	0.0041407867494824	0.436008920954148	0.48269027440193585	0.0	0.9686453576864535	0.0018931267758287866	0.0034239419176339122	0.0	0.0109289617486338	0.00044073691575747333	0.0007335979331696006	0.0	0.002415458937198	0.0006986145676279467	0.001173725161133447	0.0	0.0037267080745341	6.785714285714286	9.86093784779598	1.0	29.0	0.7460931386641635	0.1973236426083714	0.3635664873174481	0.9571844493920192	1588.6	1542.5934470420725	164	4613	0.7293936761437132	0.20437395931341154	0.3475783475783476	0.952742250162584	0.02478055820159896	0.03913899464799305	0.0026789176324369	0.1396647271732549	1.6342048858360003	1.8163833628061739	0.0908372827804107	5.014336917562724	0.08464329120634223	0.08221221934501075	0.0064	0.1998207885304659	0.8979365125475545	0.08361187437130883	0.7740058195926285	0.9736	1617.8666666666666	1036.804766486692	170	2845	1959.6	1959.3544782475099	183	5839	4912505.533333333	3719.6456986936155	4906055	4915200
ntv2_250m_w4096	plant_fine	raw_threshold	0.9	10	15	0.82398762080934	0.16172246270223173	0.5142863039283466	0.9736816493689512	0.10358838435973812	0.06308609531652587	0.0207417067491723	0.2168502758488661	0.17347384213079528	0.08907338265350258	0.0403570859893059	0.3050678353588556	0.0023233408975621337	0.004537511535024396	0.0	0.0163934426229508	0.0005817915888401466	0.0008371480632113349	0.0	0.002415458937198	0.0008432581734451534	0.0013703607811834046	0.0	0.0041407867494824	0.436008920954148	0.48269027440193585	0.0	0.9686453576864535	0.0022689635185518	0.004551263624637492	0.0	0.0163934426229508	0.0005580583504397666	0.0008382386428538498	0.0	0.002415458937198	0.0008102139768321867	0.0013725097187603638	0.0	0.0041407867494824	6.785714285714286	9.86093784779598	1.0	29.0	0.7460931386641635	0.1973236426083714	0.3635664873174481	0.9571844493920192	1588.6	1542.5934470420725	164	4613	0.7293936761437132	0.20437395931341154	0.3475783475783476	0.952742250162584	0.02478055820159896	0.03913899464799305	0.0026789176324369	0.1396647271732549	1.6342048858360003	1.8163833628061739	0.0908372827804107	5.014336917562724	0.08464329120634223	0.08221221934501075	0.0064	0.1998207885304659	0.8979365125475545	0.08361187437130883	0.7740058195926285	0.9736	1617.8666666666666	1036.804766486692	170	2845	1959.6	1959.3544782475099	183	5839	4912505.533333333	3719.6456986936155	4906055	4915200
ntv2_250m_w4096	plant_fine	raw_threshold	0.9	25	15	0.82398762080934	0.16172246270223173	0.5142863039283466	0.9736816493689512	0.10358838435973812	0.06308609531652587	0.0207417067491723	0.2168502758488661	0.17347384213079528	0.08907338265350258	0.0403570859893059	0.3050678353588556	0.0023233408975621337	0.004537511535024396	0.0	0.0163934426229508	0.0005817915888401466	0.0008371480632113349	0.0	0.002415458937198	0.0008432581734451534	0.0013703607811834046	0.0	0.0041407867494824	0.436008920954148	0.48269027440193585	0.0	0.9686453576864535	0.0022689635185518	0.004551263624637492	0.0	0.0163934426229508	0.0005580583504397666	0.0008382386428538498	0.0	0.002415458937198	0.0008102139768321867	0.0013725097187603638	0.0	0.0041407867494824	6.785714285714286	9.86093784779598	1.0	29.0	0.7460931386641635	0.1973236426083714	0.3635664873174481	0.9571844493920192	1588.6	1542.5934470420725	164	4613	0.7293936761437132	0.20437395931341154	0.3475783475783476	0.952742250162584	0.02478055820159896	0.03913899464799305	0.0026789176324369	0.1396647271732549	1.6342048858360003	1.8163833628061739	0.0908372827804107	5.014336917562724	0.08464329120634223	0.08221221934501075	0.0064	0.1998207885304659	0.8979365125475545	0.08361187437130883	0.7740058195926285	0.9736	1617.8666666666666	1036.804766486692	170	2845	1959.6	1959.3544782475099	183	5839	4912505.533333333	3719.6456986936155	4906055	4915200
ntv2_250m_w4096	plant_fine	raw_threshold	0.9	50	15	0.82398762080934	0.16172246270223173	0.5142863039283466	0.9736816493689512	0.10358838435973812	0.06308609531652587	0.0207417067491723	0.2168502758488661	0.17347384213079528	0.08907338265350258	0.0403570859893059	0.3050678353588556	0.0023233408975621337	0.004537511535024396	0.0	0.0163934426229508	0.0005817915888401466	0.0008371480632113349	0.0	0.002415458937198	0.0008432581734451534	0.0013703607811834046	0.0	0.0041407867494824	0.436008920954148	0.48269027440193585	0.0	0.9686453576864535	0.0022689635185518	0.004551263624637492	0.0	0.0163934426229508	0.0005580583504397666	0.0008382386428538498	0.0	0.002415458937198	0.0008102139768321867	0.0013725097187603638	0.0	0.0041407867494824	6.785714285714286	9.86093784779598	1.0	29.0	0.7460931386641635	0.1973236426083714	0.3635664873174481	0.9571844493920192	1588.6	1542.5934470420725	164	4613	0.7293936761437132	0.20437395931341154	0.3475783475783476	0.952742250162584	0.02478055820159896	0.03913899464799305	0.0026789176324369	0.1396647271732549	1.6342048858360003	1.8163833628061739	0.0908372827804107	5.014336917562724	0.08464329120634223	0.08221221934501075	0.0064	0.1998207885304659	0.8979365125475545	0.08361187437130883	0.7740058195926285	0.9736	1617.8666666666666	1036.804766486692	170	2845	1959.6	1959.3544782475099	183	5839	4912505.533333333	3719.6456986936155	4906055	4915200
ntv2_250m_w4096	plant_fine	raw_threshold	0.9	100	15	0.82398762080934	0.16172246270223173	0.5142863039283466	0.9736816493689512	0.10358838435973812	0.06308609531652587	0.0207417067491723	0.2168502758488661	0.17347384213079528	0.08907338265350258	0.0403570859893059	0.3050678353588556	0.0023233408975621337	0.004537511535024396	0.0	0.0163934426229508	0.0005817915888401466	0.0008371480632113349	0.0	0.002415458937198	0.0008432581734451534	0.0013703607811834046	0.0	0.0041407867494824	0.436008920954148	0.48269027440193585	0.0	0.9686453576864535	0.0023233408975621337	0.004537511535024396	0.0	0.0163934426229508	0.0005817915888401466	0.0008371480632113349	0.0	0.002415458937198	0.0008432581734451534	0.0013703607811834046	0.0	0.0041407867494824	6.785714285714286	9.86093784779598	1.0	29.0	0.7460931386641635	0.1973236426083714	0.3635664873174481	0.9571844493920192	1588.6	1542.5934470420725	164	4613	0.7293936761437132	0.20437395931341154	0.3475783475783476	0.952742250162584	0.02478055820159896	0.03913899464799305	0.0026789176324369	0.1396647271732549	1.6342048858360003	1.8163833628061739	0.0908372827804107	5.014336917562724	0.08464329120634223	0.08221221934501075	0.0064	0.1998207885304659	0.8979365125475545	0.08361187437130883	0.7740058195926285	0.9736	1617.8666666666666	1036.804766486692	170	2845	1959.6	1959.3544782475099	183	5839	4912505.533333333	3719.6456986936155	4906055	4915200
ntv3_100m_pre_w2048	animal_fine	crf_style_penalty4	0.5	5	18	0.5721166736725364	0.17353858736310518	0.2727825338128767	0.843096646750301	0.555516869543377	0.27327792034852194	0.1644526193882417	0.9418937952011086	0.5314191990848539	0.182429146222377	0.2314990814793562	0.8550125773926264	0.19299001316663597	0.13255548279900592	0.0124137931034482	0.4393358876117497	0.2289425210516122	0.17066353150068297	0.0568720379146919	0.6319702602230484	0.20123465191742163	0.14102350517435364	0.0224438902743142	0.5065176908752328	0.7338665387737197	0.04957304618320082	0.6552783345972002	0.8294284523339149	0.012348710262099145	0.01355121637809131	0.0	0.0446998722860791	0.014529081235340477	0.018676531482169946	0.0	0.0585501858736059	0.012957776525156717	0.015245727026239766	0.0	0.0487295509919944	48.666666666666664	30.3510102554991	17.5	114.5	0.46000219398770714	0.18351053171829806	0.1517241379310344	0.8146705615060046	510.94444444444446	238.99876254226092	140	901	0.39115397443372024	0.23857544120440688	0.065625	0.8431151241534989	0.06740835551722413	0.04451351664872797	0.0072484362682251	0.1820479368239748	0.9488233424291411	0.40846127571551255	0.3640167364016736	1.8893491124260355	0.11687722590467217	0.08452188594692221	0.0167286245353159	0.306136210384356	0.34239718735709573	0.2210667720098729	0.0617696160267111	0.7298266586969516	1712.8333333333333	951.6151749402017	77	3269	1870.5555555555557	724.6917577776427	725	3081	2444661.4444444445	23334.11577931793	2388080	2457600
ntv3_100m_pre_w2048	animal_fine	crf_style_penalty4	0.5	10	18	0.5721166736725364	0.17353858736310518	0.2727825338128767	0.843096646750301	0.555516869543377	0.27327792034852194	0.1644526193882417	0.9418937952011086	0.5314191990848539	0.182429146222377	0.2314990814793562	0.8550125773926264	0.19299001316663597	0.13255548279900592	0.0124137931034482	0.4393358876117497	0.2289425210516122	0.17066353150068297	0.0568720379146919	0.6319702602230484	0.20123465191742163	0.14102350517435364	0.0224438902743142	0.5065176908752328	0.7338665387737197	0.04957304618320082	0.6552783345972002	0.8294284523339149	0.025055799436177844	0.02656093384791617	0.0	0.082375478927203	0.029677847927228742	0.03675588312447249	0.0	0.1198884758364312	0.02636890010224112	0.029841576571280764	0.0	0.0960893854748603	48.666666666666664	30.3510102554991	17.5	114.5	0.46000219398770714	0.18351053171829806	0.1517241379310344	0.8146705615060046	510.94444444444446	238.99876254226092	140	901	0.39115397443372024	0.23857544120440688	0.065625	0.8431151241534989	0.06740835551722413	0.04451351664872797	0.0072484362682251	0.1820479368239748	0.9488233424291411	0.40846127571551255	0.3640167364016736	1.8893491124260355	0.11687722590467217	0.08452188594692221	0.0167286245353159	0.306136210384356	0.34239718735709573	0.2210667720098729	0.0617696160267111	0.7298266586969516	1712.8333333333333	951.6151749402017	77	3269	1870.5555555555557	724.6917577776427	725	3081	2444661.4444444445	23334.11577931793	2388080	2457600
ntv3_100m_pre_w2048	animal_fine	crf_style_penalty4	0.5	25	18	0.5721166736725364	0.17353858736310518	0.2727825338128767	0.843096646750301	0.555516869543377	0.27327792034852194	0.1644526193882417	0.9418937952011086	0.5314191990848539	0.182429146222377	0.2314990814793562	0.8550125773926264	0.19299001316663597	0.13255548279900592	0.0124137931034482	0.4393358876117497	0.2289425210516122	0.17066353150068297	0.0568720379146919	0.6319702602230484	0.20123465191742163	0.14102350517435364	0.0224438902743142	0.5065176908752328	0.7338665387737197	0.04957304618320082	0.6552783345972002	0.8294284523339149	0.05805892238274895	0.05866522878676842	0.0013793103448275	0.185823754789272	0.07010623669194539	0.08310421993055794	0.0080917060013486	0.275092936802974	0.061397545350638474	0.06654599168868823	0.0024937655860349	0.2204841713221601	48.666666666666664	30.3510102554991	17.5	114.5	0.46000219398770714	0.18351053171829806	0.1517241379310344	0.8146705615060046	510.94444444444446	238.99876254226092	140	901	0.39115397443372024	0.23857544120440688	0.065625	0.8431151241534989	0.06740835551722413	0.04451351664872797	0.0072484362682251	0.1820479368239748	0.9488233424291411	0.40846127571551255	0.3640167364016736	1.8893491124260355	0.11687722590467217	0.08452188594692221	0.0167286245353159	0.306136210384356	0.34239718735709573	0.2210667720098729	0.0617696160267111	0.7298266586969516	1712.8333333333333	951.6151749402017	77	3269	1870.5555555555557	724.6917577776427	725	3081	2444661.4444444445	23334.11577931793	2388080	2457600
ntv3_100m_pre_w2048	animal_fine	crf_style_penalty4	0.5	50	18	0.5721166736725364	0.17353858736310518	0.2727825338128767	0.843096646750301	0.555516869543377	0.27327792034852194	0.1644526193882417	0.9418937952011086	0.5314191990848539	0.182429146222377	0.2314990814793562	0.8550125773926264	0.19299001316663597	0.13255548279900592	0.0124137931034482	0.4393358876117497	0.2289425210516122	0.17066353150068297	0.0568720379146919	0.6319702602230484	0.20123465191742163	0.14102350517435364	0.0224438902743142	0.5065176908752328	0.7338665387737197	0.04957304618320082	0.6552783345972002	0.8294284523339149	0.09588469656416573	0.09199205903523174	0.0013793103448275	0.3090676883780332	0.11534183528314092	0.1314694970534772	0.0129870129870129	0.4377323420074349	0.10135893393130559	0.10473625723408517	0.0024937655860349	0.3508379888268156	48.666666666666664	30.3510102554991	17.5	114.5	0.46000219398770714	0.18351053171829806	0.1517241379310344	0.8146705615060046	510.94444444444446	238.99876254226092	140	901	0.39115397443372024	0.23857544120440688	0.065625	0.8431151241534989	0.06740835551722413	0.04451351664872797	0.0072484362682251	0.1820479368239748	0.9488233424291411	0.40846127571551255	0.3640167364016736	1.8893491124260355	0.11687722590467217	0.08452188594692221	0.0167286245353159	0.306136210384356	0.34239718735709573	0.2210667720098729	0.0617696160267111	0.7298266586969516	1712.8333333333333	951.6151749402017	77	3269	1870.5555555555557	724.6917577776427	725	3081	2444661.4444444445	23334.11577931793	2388080	2457600
ntv3_100m_pre_w2048	animal_fine	crf_style_penalty4	0.5	100	18	0.5721166736725364	0.17353858736310518	0.2727825338128767	0.843096646750301	0.555516869543377	0.27327792034852194	0.1644526193882417	0.9418937952011086	0.5314191990848539	0.182429146222377	0.2314990814793562	0.8550125773926264	0.19299001316663597	0.13255548279900592	0.0124137931034482	0.4393358876117497	0.2289425210516122	0.17066353150068297	0.0568720379146919	0.6319702602230484	0.20123465191742163	0.14102350517435364	0.0224438902743142	0.5065176908752328	0.7338665387737197	0.04957304618320082	0.6552783345972002	0.8294284523339149	0.13026475304085525	0.11230070609333373	0.0068965517241379	0.3767560664112388	0.15774635583533714	0.15830832475851278	0.0490137477585176	0.5613382899628253	0.13742993097689818	0.12707577176417814	0.0124688279301745	0.4499068901303538	48.666666666666664	30.3510102554991	17.5	114.5	0.46000219398770714	0.18351053171829806	0.1517241379310344	0.8146705615060046	510.94444444444446	238.99876254226092	140	901	0.39115397443372024	0.23857544120440688	0.065625	0.8431151241534989	0.06740835551722413	0.04451351664872797	0.0072484362682251	0.1820479368239748	0.9488233424291411	0.40846127571551255	0.3640167364016736	1.8893491124260355	0.11687722590467217	0.08452188594692221	0.0167286245353159	0.306136210384356	0.34239718735709573	0.2210667720098729	0.0617696160267111	0.7298266586969516	1712.8333333333333	951.6151749402017	77	3269	1870.5555555555557	724.6917577776427	725	3081	2444661.4444444445	23334.11577931793	2388080	2457600
ntv3_100m_pre_w2048	animal_fine	crf_style_penalty4	0.7	5	18	0.5721166736725364	0.17353858736310518	0.2727825338128767	0.843096646750301	0.555516869543377	0.27327792034852194	0.1644526193882417	0.9418937952011086	0.5314191990848539	0.182429146222377	0.2314990814793562	0.8550125773926264	0.11998663440457984	0.10385050951110471	0.0041379310344827	0.3424487259167184	0.14501454765653557	0.1490404391850698	0.0264048747461069	0.5120817843866171	0.12654748077093858	0.11727261893941125	0.0074812967581047	0.4104283054003724	0.8432418821468153	0.027243617890108113	0.7725391879929665	0.8865833169184946	0.012348710262099145	0.01355121637809131	0.0	0.0446998722860791	0.014529081235340477	0.018676531482169946	0.0	0.0585501858736059	0.012957776525156717	0.015245727026239766	0.0	0.0487295509919944	26.40277777777778	14.260223084450699	11.0	51.5	0.46000219398770714	0.18351053171829806	0.1517241379310344	0.8146705615060046	510.94444444444446	238.99876254226092	140	901	0.39115397443372024	0.23857544120440688	0.065625	0.8431151241534989	0.06740835551722413	0.04451351664872797	0.0072484362682251	0.1820479368239748	0.9488233424291411	0.40846127571551255	0.3640167364016736	1.8893491124260355	0.11687722590467217	0.08452188594692221	0.0167286245353159	0.306136210384356	0.34239718735709573	0.2210667720098729	0.0617696160267111	0.7298266586969516	1712.8333333333333	951.6151749402017	77	3269	1870.5555555555557	724.6917577776427	725	3081	2444661.4444444445	23334.11577931793	2388080	2457600
ntv3_100m_pre_w2048	animal_fine	crf_style_penalty4	0.7	10	18	0.5721166736725364	0.17353858736310518	0.2727825338128767	0.843096646750301	0.555516869543377	0.27327792034852194	0.1644526193882417	0.9418937952011086	0.5314191990848539	0.182429146222377	0.2314990814793562	0.8550125773926264	0.11998663440457984	0.10385050951110471	0.0041379310344827	0.3424487259167184	0.14501454765653557	0.1490404391850698	0.0264048747461069	0.5120817843866171	0.12654748077093858	0.11727261893941125	0.0074812967581047	0.4104283054003724	0.8432418821468153	0.027243617890108113	0.7725391879929665	0.8865833169184946	0.02488198092618606	0.026373221234061914	0.0	0.0810983397190293	0.029504908285188727	0.03659515043175712	0.0	0.1198884758364312	0.026196746231953026	0.029659650837377118	0.0	0.0960893854748603	26.40277777777778	14.260223084450699	11.0	51.5	0.46000219398770714	0.18351053171829806	0.1517241379310344	0.8146705615060046	510.94444444444446	238.99876254226092	140	901	0.39115397443372024	0.23857544120440688	0.065625	0.8431151241534989	0.06740835551722413	0.04451351664872797	0.0072484362682251	0.1820479368239748	0.9488233424291411	0.40846127571551255	0.3640167364016736	1.8893491124260355	0.11687722590467217	0.08452188594692221	0.0167286245353159	0.306136210384356	0.34239718735709573	0.2210667720098729	0.0617696160267111	0.7298266586969516	1712.8333333333333	951.6151749402017	77	3269	1870.5555555555557	724.6917577776427	725	3081	2444661.4444444445	23334.11577931793	2388080	2457600
ntv3_100m_pre_w2048	animal_fine	crf_style_penalty4	0.7	25	18	0.5721166736725364	0.17353858736310518	0.2727825338128767	0.843096646750301	0.555516869543377	0.27327792034852194	0.1644526193882417	0.9418937952011086	0.5314191990848539	0.182429146222377	0.2314990814793562	0.8550125773926264	0.11998663440457984	0.10385050951110471	0.0041379310344827	0.3424487259167184	0.14501454765653557	0.1490404391850698	0.0264048747461069	0.5120817843866171	0.12654748077093858	0.11727261893941125	0.0074812967581047	0.4104283054003724	0.8432418821468153	0.027243617890108113	0.7725391879929665	0.8865833169184946	0.055461755998557606	0.05783306893595898	0.0	0.18272218769422	0.06643069821978338	0.0820505815437241	0.0	0.2732342007434944	0.058637035224812104	0.06564117085488116	0.0	0.2189944134078212	26.40277777777778	14.260223084450699	11.0	51.5	0.46000219398770714	0.18351053171829806	0.1517241379310344	0.8146705615060046	510.94444444444446	238.99876254226092	140	901	0.39115397443372024	0.23857544120440688	0.065625	0.8431151241534989	0.06740835551722413	0.04451351664872797	0.0072484362682251	0.1820479368239748	0.9488233424291411	0.40846127571551255	0.3640167364016736	1.8893491124260355	0.11687722590467217	0.08452188594692221	0.0167286245353159	0.306136210384356	0.34239718735709573	0.2210667720098729	0.0617696160267111	0.7298266586969516	1712.8333333333333	951.6151749402017	77	3269	1870.5555555555557	724.6917577776427	725	3081	2444661.4444444445	23334.11577931793	2388080	2457600
ntv3_100m_pre_w2048	animal_fine	crf_style_penalty4	0.7	50	18	0.5721166736725364	0.17353858736310518	0.2727825338128767	0.843096646750301	0.555516869543377	0.27327792034852194	0.1644526193882417	0.9418937952011086	0.5314191990848539	0.182429146222377	0.2314990814793562	0.8550125773926264	0.11998663440457984	0.10385050951110471	0.0041379310344827	0.3424487259167184	0.14501454765653557	0.1490404391850698	0.0264048747461069	0.5120817843866171	0.12654748077093858	0.11727261893941125	0.0074812967581047	0.4104283054003724	0.8432418821468153	0.027243617890108113	0.7725391879929665	0.8865833169184946	0.0830854939766197	0.08460668239682098	0.0	0.2734617775015537	0.1004619869259559	0.12291500298466632	0.0	0.4089219330855018	0.08815161286571244	0.09695440505707108	0.0	0.3277467411545623	26.40277777777778	14.260223084450699	11.0	51.5	0.46000219398770714	0.18351053171829806	0.1517241379310344	0.8146705615060046	510.94444444444446	238.99876254226092	140	901	0.39115397443372024	0.23857544120440688	0.065625	0.8431151241534989	0.06740835551722413	0.04451351664872797	0.0072484362682251	0.1820479368239748	0.9488233424291411	0.40846127571551255	0.3640167364016736	1.8893491124260355	0.11687722590467217	0.08452188594692221	0.0167286245353159	0.306136210384356	0.34239718735709573	0.2210667720098729	0.0617696160267111	0.7298266586969516	1712.8333333333333	951.6151749402017	77	3269	1870.5555555555557	724.6917577776427	725	3081	2444661.4444444445	23334.11577931793	2388080	2457600
ntv3_100m_pre_w2048	animal_fine	crf_style_penalty4	0.7	100	18	0.5721166736725364	0.17353858736310518	0.2727825338128767	0.843096646750301	0.555516869543377	0.27327792034852194	0.1644526193882417	0.9418937952011086	0.5314191990848539	0.182429146222377	0.2314990814793562	0.8550125773926264	0.11998663440457984	0.10385050951110471	0.0041379310344827	0.3424487259167184	0.14501454765653557	0.1490404391850698	0.0264048747461069	0.5120817843866171	0.12654748077093858	0.11727261893941125	0.0074812967581047	0.4104283054003724	0.8432418821468153	0.027243617890108113	0.7725391879929665	0.8865833169184946	0.10035682346462929	0.09821945669541791	0.0027586206896551	0.3306401491609695	0.12282493868008292	0.1428925786109336	0.0257278266756939	0.4944237918215613	0.10667266705840633	0.112819020990351	0.0049875311720698	0.3962756052141526	26.40277777777778	14.260223084450699	11.0	51.5	0.46000219398770714	0.18351053171829806	0.1517241379310344	0.8146705615060046	510.94444444444446	238.99876254226092	140	901	0.39115397443372024	0.23857544120440688	0.065625	0.8431151241534989	0.06740835551722413	0.04451351664872797	0.0072484362682251	0.1820479368239748	0.9488233424291411	0.40846127571551255	0.3640167364016736	1.8893491124260355	0.11687722590467217	0.08452188594692221	0.0167286245353159	0.306136210384356	0.34239718735709573	0.2210667720098729	0.0617696160267111	0.7298266586969516	1712.8333333333333	951.6151749402017	77	3269	1870.5555555555557	724.6917577776427	725	3081	2444661.4444444445	23334.11577931793	2388080	2457600
ntv3_100m_pre_w2048	animal_fine	crf_style_penalty4	0.8	5	18	0.5721166736725364	0.17353858736310518	0.2727825338128767	0.843096646750301	0.555516869543377	0.27327792034852194	0.1644526193882417	0.9418937952011086	0.5314191990848539	0.182429146222377	0.2314990814793562	0.8550125773926264	0.08549973024739972	0.08084428430279372	0.0	0.2597886886264761	0.10352345723185692	0.1203381325610559	0.0	0.3884758364312267	0.09057671106649474	0.09259000158289737	0.0	0.3113594040968342	0.8487259436235013	0.21230082275556936	0.0	0.9217161264905464	0.012310814248759745	0.013582638948989265	0.0	0.0446998722860791	0.014491467453650866	0.01870384423449488	0.0	0.0585501858736059	0.012920022155088378	0.015275170428422887	0.0	0.0487295509919944	15.676470588235293	7.921866842146861	6.0	35.0	0.46000219398770714	0.18351053171829806	0.1517241379310344	0.8146705615060046	510.94444444444446	238.99876254226092	140	901	0.39115397443372024	0.23857544120440688	0.065625	0.8431151241534989	0.06740835551722413	0.04451351664872797	0.0072484362682251	0.1820479368239748	0.9488233424291411	0.40846127571551255	0.3640167364016736	1.8893491124260355	0.11687722590467217	0.08452188594692221	0.0167286245353159	0.306136210384356	0.34239718735709573	0.2210667720098729	0.0617696160267111	0.7298266586969516	1712.8333333333333	951.6151749402017	77	3269	1870.5555555555557	724.6917577776427	725	3081	2444661.4444444445	23334.11577931793	2388080	2457600
ntv3_100m_pre_w2048	animal_fine	crf_style_penalty4	0.8	10	18	0.5721166736725364	0.17353858736310518	0.2727825338128767	0.843096646750301	0.555516869543377	0.27327792034852194	0.1644526193882417	0.9418937952011086	0.5314191990848539	0.182429146222377	0.2314990814793562	0.8550125773926264	0.08549973024739972	0.08084428430279372	0.0	0.2597886886264761	0.10352345723185692	0.1203381325610559	0.0	0.3884758364312267	0.09057671106649474	0.09259000158289737	0.0	0.3113594040968342	0.8487259436235013	0.21230082275556936	0.0	0.9217161264905464	0.02450025107378718	0.026033942695494066	0.0	0.0798212005108556	0.029079232406646432	0.036100251236188825	0.0	0.1171003717472119	0.025800465877538887	0.029242947701950767	0.0	0.0938547486033519	15.676470588235293	7.921866842146861	6.0	35.0	0.46000219398770714	0.18351053171829806	0.1517241379310344	0.8146705615060046	510.94444444444446	238.99876254226092	140	901	0.39115397443372024	0.23857544120440688	0.065625	0.8431151241534989	0.06740835551722413	0.04451351664872797	0.0072484362682251	0.1820479368239748	0.9488233424291411	0.40846127571551255	0.3640167364016736	1.8893491124260355	0.11687722590467217	0.08452188594692221	0.0167286245353159	0.306136210384356	0.34239718735709573	0.2210667720098729	0.0617696160267111	0.7298266586969516	1712.8333333333333	951.6151749402017	77	3269	1870.5555555555557	724.6917577776427	725	3081	2444661.4444444445	23334.11577931793	2388080	2457600
ntv3_100m_pre_w2048	animal_fine	crf_style_penalty4	0.8	25	18	0.5721166736725364	0.17353858736310518	0.2727825338128767	0.843096646750301	0.555516869543377	0.27327792034852194	0.1644526193882417	0.9418937952011086	0.5314191990848539	0.182429146222377	0.2314990814793562	0.8550125773926264	0.08549973024739972	0.08084428430279372	0.0	0.2597886886264761	0.10352345723185692	0.1203381325610559	0.0	0.3884758364312267	0.09057671106649474	0.09259000158289737	0.0	0.3113594040968342	0.8487259436235013	0.21230082275556936	0.0	0.9217161264905464	0.050337819253030526	0.05315838815457148	0.0	0.1678060907395898	0.06050767920643591	0.07565993337372072	0.0	0.2509293680297397	0.053284397246739376	0.0603527617734608	0.0	0.2011173184357541	15.676470588235293	7.921866842146861	6.0	35.0	0.46000219398770714	0.18351053171829806	0.1517241379310344	0.8146705615060046	510.94444444444446	238.99876254226092	140	901	0.39115397443372024	0.23857544120440688	0.065625	0.8431151241534989	0.06740835551722413	0.04451351664872797	0.0072484362682251	0.1820479368239748	0.9488233424291411	0.40846127571551255	0.3640167364016736	1.8893491124260355	0.11687722590467217	0.08452188594692221	0.0167286245353159	0.306136210384356	0.34239718735709573	0.2210667720098729	0.0617696160267111	0.7298266586969516	1712.8333333333333	951.6151749402017	77	3269	1870.5555555555557	724.6917577776427	725	3081	2444661.4444444445	23334.11577931793	2388080	2457600
ntv3_100m_pre_w2048	animal_fine	crf_style_penalty4	0.8	50	18	0.5721166736725364	0.17353858736310518	0.2727825338128767	0.843096646750301	0.555516869543377	0.27327792034852194	0.1644526193882417	0.9418937952011086	0.5314191990848539	0.182429146222377	0.2314990814793562	0.8550125773926264	0.08549973024739972	0.08084428430279372	0.0	0.2597886886264761	0.10352345723185692	0.1203381325610559	0.0	0.3884758364312267	0.09057671106649474	0.09259000158289737	0.0	0.3113594040968342	0.8487259436235013	0.21230082275556936	0.0	0.9217161264905464	0.0688309846590245	0.07265899094166052	0.0	0.2324425108763207	0.08402647224156073	0.10653413925410847	0.0	0.3475836431226766	0.07330344862416477	0.08349580474427008	0.0	0.278584729981378	15.676470588235293	7.921866842146861	6.0	35.0	0.46000219398770714	0.18351053171829806	0.1517241379310344	0.8146705615060046	510.94444444444446	238.99876254226092	140	901	0.39115397443372024	0.23857544120440688	0.065625	0.8431151241534989	0.06740835551722413	0.04451351664872797	0.0072484362682251	0.1820479368239748	0.9488233424291411	0.40846127571551255	0.3640167364016736	1.8893491124260355	0.11687722590467217	0.08452188594692221	0.0167286245353159	0.306136210384356	0.34239718735709573	0.2210667720098729	0.0617696160267111	0.7298266586969516	1712.8333333333333	951.6151749402017	77	3269	1870.5555555555557	724.6917577776427	725	3081	2444661.4444444445	23334.11577931793	2388080	2457600
ntv3_100m_pre_w2048	animal_fine	crf_style_penalty4	0.8	100	18	0.5721166736725364	0.17353858736310518	0.2727825338128767	0.843096646750301	0.555516869543377	0.27327792034852194	0.1644526193882417	0.9418937952011086	0.5314191990848539	0.182429146222377	0.2314990814793562	0.8550125773926264	0.08549973024739972	0.08084428430279372	0.0	0.2597886886264761	0.10352345723185692	0.1203381325610559	0.0	0.3884758364312267	0.09057671106649474	0.09259000158289737	0.0	0.3113594040968342	0.8487259436235013	0.21230082275556936	0.0	0.9217161264905464	0.07724506792308451	0.0787326196192407	0.0	0.257302672467371	0.09442597282062642	0.11678668332424538	0.0	0.3847583643122677	0.08227690192254836	0.09075102214896945	0.0	0.3083798882681565	15.676470588235293	7.921866842146861	6.0	35.0	0.46000219398770714	0.18351053171829806	0.1517241379310344	0.8146705615060046	510.94444444444446	238.99876254226092	140	901	0.39115397443372024	0.23857544120440688	0.065625	0.8431151241534989	0.06740835551722413	0.04451351664872797	0.0072484362682251	0.1820479368239748	0.9488233424291411	0.40846127571551255	0.3640167364016736	1.8893491124260355	0.11687722590467217	0.08452188594692221	0.0167286245353159	0.306136210384356	0.34239718735709573	0.2210667720098729	0.0617696160267111	0.7298266586969516	1712.8333333333333	951.6151749402017	77	3269	1870.5555555555557	724.6917577776427	725	3081	2444661.4444444445	23334.11577931793	2388080	2457600
ntv3_100m_pre_w2048	animal_fine	crf_style_penalty4	0.9	5	18	0.5721166736725364	0.17353858736310518	0.2727825338128767	0.843096646750301	0.555516869543377	0.27327792034852194	0.1644526193882417	0.9418937952011086	0.5314191990848539	0.182429146222377	0.2314990814793562	0.8550125773926264	0.04696873527367814	0.047922781184287944	0.0	0.1535114978247358	0.058098644581284185	0.07440915594517623	0.0	0.2295539033457249	0.05018400177947144	0.05597161428322673	0.0	0.1839851024208566	0.8944967708369433	0.22335105431710267	0.0	0.956832900384095	0.011762613790606839	0.012862145594696926	0.0	0.0415070242656449	0.013775479795419305	0.01761292045447415	0.0	0.0548327137546468	0.012309775321994504	0.014401681882693043	0.0	0.0452488687782805	9.617647058823529	4.9102234284854145	3.0	21.0	0.46000219398770714	0.18351053171829806	0.1517241379310344	0.8146705615060046	510.94444444444446	238.99876254226092	140	901	0.39115397443372024	0.23857544120440688	0.065625	0.8431151241534989	0.06740835551722413	0.04451351664872797	0.0072484362682251	0.1820479368239748	0.9488233424291411	0.40846127571551255	0.3640167364016736	1.8893491124260355	0.11687722590467217	0.08452188594692221	0.0167286245353159	0.306136210384356	0.34239718735709573	0.2210667720098729	0.0617696160267111	0.7298266586969516	1712.8333333333333	951.6151749402017	77	3269	1870.5555555555557	724.6917577776427	725	3081	2444661.4444444445	23334.11577931793	2388080	2457600
ntv3_100m_pre_w2048	animal_fine	crf_style_penalty4	0.9	10	18	0.5721166736725364	0.17353858736310518	0.2727825338128767	0.843096646750301	0.555516869543377	0.27327792034852194	0.1644526193882417	0.9418937952011086	0.5314191990848539	0.182429146222377	0.2314990814793562	0.8550125773926264	0.04696873527367814	0.047922781184287944	0.0	0.1535114978247358	0.058098644581284185	0.07440915594517623	0.0	0.2295539033457249	0.05018400177947144	0.05597161428322673	0.0	0.1839851024208566	0.8944967708369433	0.22335105431710267	0.0	0.956832900384095	0.02145165309890763	0.022713151174656863	0.0	0.0683269476372924	0.025362032556040384	0.03158154692524232	0.0	0.0975836431226765	0.02252176774925721	0.02541877659178552	0.0	0.0782122905027933	9.617647058823529	4.9102234284854145	3.0	21.0	0.46000219398770714	0.18351053171829806	0.1517241379310344	0.8146705615060046	510.94444444444446	238.99876254226092	140	901	0.39115397443372024	0.23857544120440688	0.065625	0.8431151241534989	0.06740835551722413	0.04451351664872797	0.0072484362682251	0.1820479368239748	0.9488233424291411	0.40846127571551255	0.3640167364016736	1.8893491124260355	0.11687722590467217	0.08452188594692221	0.0167286245353159	0.306136210384356	0.34239718735709573	0.2210667720098729	0.0617696160267111	0.7298266586969516	1712.8333333333333	951.6151749402017	77	3269	1870.5555555555557	724.6917577776427	725	3081	2444661.4444444445	23334.11577931793	2388080	2457600
ntv3_100m_pre_w2048	animal_fine	crf_style_penalty4	0.9	25	18	0.5721166736725364	0.17353858736310518	0.2727825338128767	0.843096646750301	0.555516869543377	0.27327792034852194	0.1644526193882417	0.9418937952011086	0.5314191990848539	0.182429146222377	0.2314990814793562	0.8550125773926264	0.04696873527367814	0.047922781184287944	0.0	0.1535114978247358	0.058098644581284185	0.07440915594517623	0.0	0.2295539033457249	0.05018400177947144	0.05597161428322673	0.0	0.1839851024208566	0.8944967708369433	0.22335105431710267	0.0	0.956832900384095	0.036418809495918504	0.0394101118592629	0.0	0.1230577998756991	0.044489284320579456	0.05808632632995556	0.0	0.1840148698884758	0.03876642446033093	0.045242814325422674	0.0	0.147486033519553	9.617647058823529	4.9102234284854145	3.0	21.0	0.46000219398770714	0.18351053171829806	0.1517241379310344	0.8146705615060046	510.94444444444446	238.99876254226092	140	901	0.39115397443372024	0.23857544120440688	0.065625	0.8431151241534989	0.06740835551722413	0.04451351664872797	0.0072484362682251	0.1820479368239748	0.9488233424291411	0.40846127571551255	0.3640167364016736	1.8893491124260355	0.11687722590467217	0.08452188594692221	0.0167286245353159	0.306136210384356	0.34239718735709573	0.2210667720098729	0.0617696160267111	0.7298266586969516	1712.8333333333333	951.6151749402017	77	3269	1870.5555555555557	724.6917577776427	725	3081	2444661.4444444445	23334.11577931793	2388080	2457600
ntv3_100m_pre_w2048	animal_fine	crf_style_penalty4	0.9	50	18	0.5721166736725364	0.17353858736310518	0.2727825338128767	0.843096646750301	0.555516869543377	0.27327792034852194	0.1644526193882417	0.9418937952011086	0.5314191990848539	0.182429146222377	0.2314990814793562	0.8550125773926264	0.04696873527367814	0.047922781184287944	0.0	0.1535114978247358	0.058098644581284185	0.07440915594517623	0.0	0.2295539033457249	0.05018400177947144	0.05597161428322673	0.0	0.1839851024208566	0.8944967708369433	0.22335105431710267	0.0	0.956832900384095	0.04304454875099453	0.0465516964378408	0.0	0.1485394655065258	0.05339904329721928	0.070784889086543	0.0	0.2221189591078066	0.04610685745427893	0.05417425733701087	0.0	0.1780260707635009	9.617647058823529	4.9102234284854145	3.0	21.0	0.46000219398770714	0.18351053171829806	0.1517241379310344	0.8146705615060046	510.94444444444446	238.99876254226092	140	901	0.39115397443372024	0.23857544120440688	0.065625	0.8431151241534989	0.06740835551722413	0.04451351664872797	0.0072484362682251	0.1820479368239748	0.9488233424291411	0.40846127571551255	0.3640167364016736	1.8893491124260355	0.11687722590467217	0.08452188594692221	0.0167286245353159	0.306136210384356	0.34239718735709573	0.2210667720098729	0.0617696160267111	0.7298266586969516	1712.8333333333333	951.6151749402017	77	3269	1870.5555555555557	724.6917577776427	725	3081	2444661.4444444445	23334.11577931793	2388080	2457600
ntv3_100m_pre_w2048	animal_fine	crf_style_penalty4	0.9	100	18	0.5721166736725364	0.17353858736310518	0.2727825338128767	0.843096646750301	0.555516869543377	0.27327792034852194	0.1644526193882417	0.9418937952011086	0.5314191990848539	0.182429146222377	0.2314990814793562	0.8550125773926264	0.04696873527367814	0.047922781184287944	0.0	0.1535114978247358	0.058098644581284185	0.07440915594517623	0.0	0.2295539033457249	0.05018400177947144	0.05597161428322673	0.0	0.1839851024208566	0.8944967708369433	0.22335105431710267	0.0	0.956832900384095	0.04511833913214255	0.047784173162977193	0.0	0.1535114978247358	0.05609718683796843	0.07365639917058867	0.0	0.2295539033457249	0.048348489195920163	0.05582808620595332	0.0	0.1839851024208566	9.617647058823529	4.9102234284854145	3.0	21.0	0.46000219398770714	0.18351053171829806	0.1517241379310344	0.8146705615060046	510.94444444444446	238.99876254226092	140	901	0.39115397443372024	0.23857544120440688	0.065625	0.8431151241534989	0.06740835551722413	0.04451351664872797	0.0072484362682251	0.1820479368239748	0.9488233424291411	0.40846127571551255	0.3640167364016736	1.8893491124260355	0.11687722590467217	0.08452188594692221	0.0167286245353159	0.306136210384356	0.34239718735709573	0.2210667720098729	0.0617696160267111	0.7298266586969516	1712.8333333333333	951.6151749402017	77	3269	1870.5555555555557	724.6917577776427	725	3081	2444661.4444444445	23334.11577931793	2388080	2457600
ntv3_100m_pre_w2048	animal_fine	gap100_min100	0.5	5	18	0.5251683938049992	0.19148138878081133	0.200172135769615	0.8270498746966763	0.7084092994880714	0.1632855724226122	0.479861466181734	0.956019078930649	0.5855491501181966	0.15885844721354525	0.3040824351842343	0.8469012398121472	0.22089465429972846	0.10517469831229206	0.0169731258840169	0.4371482176360225	0.19118499393049335	0.10997136546841098	0.0983213429256594	0.4637546468401487	0.19196177133242653	0.09994325573793614	0.0306122448979591	0.4467323187108326	0.7258789235749596	0.042977350496880624	0.6724360730283842	0.8123448598767719	0.009273510998457251	0.010147976677679246	0.0	0.0328330206378986	0.008295728091111928	0.010262272986913665	0.0	0.0343866171003717	0.008401666266470794	0.009928867280725518	0.0	0.0331244404655326	92.69444444444444	67.48554069290977	22.5	265.5	0.37614562277256414	0.1809570744112771	0.0905233380480905	0.72734375	29.72222222222222	58.96739433594842	0	174	0.045061266555907364	0.06492327905959092	0.0	0.2	0.02124091581894622	0.038634465153100865	0.0	0.1410427807486631	0.8775545591761559	0.2153906734500389	0.6102809324566647	1.32603550295858	0.07388281672864255	0.06991924276975471	0.0046468401486988	0.2306136210384356	0.2558279432983651	0.13762658605983544	0.057175528873642	0.4549549549549549	1712.8333333333333	951.6151749402017	77	3269	1295.611111111111	402.87206243770544	707	1933	2444661.4444444445	23334.11577931793	2388080	2457600
ntv3_100m_pre_w2048	animal_fine	gap100_min100	0.5	10	18	0.5251683938049992	0.19148138878081133	0.200172135769615	0.8270498746966763	0.7084092994880714	0.1632855724226122	0.479861466181734	0.956019078930649	0.5855491501181966	0.15885844721354525	0.3040824351842343	0.8469012398121472	0.22089465429972846	0.10517469831229206	0.0169731258840169	0.4371482176360225	0.19118499393049335	0.10997136546841098	0.0983213429256594	0.4637546468401487	0.19196177133242653	0.09994325573793614	0.0306122448979591	0.4467323187108326	0.7258789235749596	0.042977350496880624	0.6724360730283842	0.8123448598767719	0.017489952144386735	0.019538781287326317	0.0	0.0639032815198618	0.01596937147533582	0.02017930600196584	0.0	0.0687732342007435	0.015980654617873142	0.019223632742748926	0.0	0.0662488809310653	92.69444444444444	67.48554069290977	22.5	265.5	0.37614562277256414	0.1809570744112771	0.0905233380480905	0.72734375	29.72222222222222	58.96739433594842	0	174	0.045061266555907364	0.06492327905959092	0.0	0.2	0.02124091581894622	0.038634465153100865	0.0	0.1410427807486631	0.8775545591761559	0.2153906734500389	0.6102809324566647	1.32603550295858	0.07388281672864255	0.06991924276975471	0.0046468401486988	0.2306136210384356	0.2558279432983651	0.13762658605983544	0.057175528873642	0.4549549549549549	1712.8333333333333	951.6151749402017	77	3269	1295.611111111111	402.87206243770544	707	1933	2444661.4444444445	23334.11577931793	2388080	2457600
ntv3_100m_pre_w2048	animal_fine	gap100_min100	0.5	25	18	0.5251683938049992	0.19148138878081133	0.200172135769615	0.8270498746966763	0.7084092994880714	0.1632855724226122	0.479861466181734	0.956019078930649	0.5855491501181966	0.15885844721354525	0.3040824351842343	0.8469012398121472	0.22089465429972846	0.10517469831229206	0.0169731258840169	0.4371482176360225	0.19118499393049335	0.10997136546841098	0.0983213429256594	0.4637546468401487	0.19196177133242653	0.09994325573793614	0.0306122448979591	0.4467323187108326	0.7258789235749596	0.042977350496880624	0.6724360730283842	0.8123448598767719	0.041360595592113726	0.044218077491105685	0.0013071895424836	0.1538461538461538	0.03803457313796539	0.047341928660763914	0.0011834319526627	0.1533457249070632	0.03757251719481201	0.04438800130392158	0.0012422360248447	0.1477170993733214	92.69444444444444	67.48554069290977	22.5	265.5	0.37614562277256414	0.1809570744112771	0.0905233380480905	0.72734375	29.72222222222222	58.96739433594842	0	174	0.045061266555907364	0.06492327905959092	0.0	0.2	0.02124091581894622	0.038634465153100865	0.0	0.1410427807486631	0.8775545591761559	0.2153906734500389	0.6102809324566647	1.32603550295858	0.07388281672864255	0.06991924276975471	0.0046468401486988	0.2306136210384356	0.2558279432983651	0.13762658605983544	0.057175528873642	0.4549549549549549	1712.8333333333333	951.6151749402017	77	3269	1295.611111111111	402.87206243770544	707	1933	2444661.4444444445	23334.11577931793	2388080	2457600
ntv3_100m_pre_w2048	animal_fine	gap100_min100	0.5	50	18	0.5251683938049992	0.19148138878081133	0.200172135769615	0.8270498746966763	0.7084092994880714	0.1632855724226122	0.479861466181734	0.956019078930649	0.5855491501181966	0.15885844721354525	0.3040824351842343	0.8469012398121472	0.22089465429972846	0.10517469831229206	0.0169731258840169	0.4371482176360225	0.19118499393049335	0.10997136546841098	0.0983213429256594	0.4637546468401487	0.19196177133242653	0.09994325573793614	0.0306122448979591	0.4467323187108326	0.7258789235749596	0.042977350496880624	0.6724360730283842	0.8123448598767719	0.07564384509424696	0.07553445327893704	0.0028288543140028	0.274859287054409	0.0701036591112374	0.08095574889807673	0.0087660148347943	0.2648698884758364	0.06899039302183532	0.07596487593253598	0.0051020408163265	0.2551477170993733	92.69444444444444	67.48554069290977	22.5	265.5	0.37614562277256414	0.1809570744112771	0.0905233380480905	0.72734375	29.72222222222222	58.96739433594842	0	174	0.045061266555907364	0.06492327905959092	0.0	0.2	0.02124091581894622	0.038634465153100865	0.0	0.1410427807486631	0.8775545591761559	0.2153906734500389	0.6102809324566647	1.32603550295858	0.07388281672864255	0.06991924276975471	0.0046468401486988	0.2306136210384356	0.2558279432983651	0.13762658605983544	0.057175528873642	0.4549549549549549	1712.8333333333333	951.6151749402017	77	3269	1295.611111111111	402.87206243770544	707	1933	2444661.4444444445	23334.11577931793	2388080	2457600
ntv3_100m_pre_w2048	animal_fine	gap100_min100	0.5	100	18	0.5251683938049992	0.19148138878081133	0.200172135769615	0.8270498746966763	0.7084092994880714	0.1632855724226122	0.479861466181734	0.956019078930649	0.5855491501181966	0.15885844721354525	0.3040824351842343	0.8469012398121472	0.22089465429972846	0.10517469831229206	0.0169731258840169	0.4371482176360225	0.19118499393049335	0.10997136546841098	0.0983213429256594	0.4637546468401487	0.19196177133242653	0.09994325573793614	0.0306122448979591	0.4467323187108326	0.7258789235749596	0.042977350496880624	0.6724360730283842	0.8123448598767719	0.11648584932917465	0.09671662218026486	0.0042432814710042	0.350844277673546	0.10550992286339576	0.10484319171672102	0.0236008091706001	0.3689591078066914	0.10483168321771037	0.09746506963455755	0.0076530612244897	0.3554162936436885	92.69444444444444	67.48554069290977	22.5	265.5	0.37614562277256414	0.1809570744112771	0.0905233380480905	0.72734375	29.72222222222222	58.96739433594842	0	174	0.045061266555907364	0.06492327905959092	0.0	0.2	0.02124091581894622	0.038634465153100865	0.0	0.1410427807486631	0.8775545591761559	0.2153906734500389	0.6102809324566647	1.32603550295858	0.07388281672864255	0.06991924276975471	0.0046468401486988	0.2306136210384356	0.2558279432983651	0.13762658605983544	0.057175528873642	0.4549549549549549	1712.8333333333333	951.6151749402017	77	3269	1295.611111111111	402.87206243770544	707	1933	2444661.4444444445	23334.11577931793	2388080	2457600
ntv3_100m_pre_w2048	animal_fine	gap100_min100	0.7	5	18	0.5251683938049992	0.19148138878081133	0.200172135769615	0.8270498746966763	0.7084092994880714	0.1632855724226122	0.479861466181734	0.956019078930649	0.5855491501181966	0.15885844721354525	0.3040824351842343	0.8469012398121472	0.1227266904938025	0.08676175723945989	0.007072135785007	0.3320825515947467	0.11064413020648062	0.09779397178844672	0.0367705835331734	0.3475836431226766	0.10956125049644465	0.08867491304669801	0.0127551020408163	0.3348254252461952	0.847701294167313	0.022012316949789074	0.8015161605245977	0.8834843694426259	0.009273510998457251	0.010147976677679246	0.0	0.0328330206378986	0.008295728091111928	0.010262272986913665	0.0	0.0343866171003717	0.008401666266470794	0.009928867280725518	0.0	0.0331244404655326	49.263888888888886	39.47425372969501	16.0	149.5	0.37614562277256414	0.1809570744112771	0.0905233380480905	0.72734375	29.72222222222222	58.96739433594842	0	174	0.045061266555907364	0.06492327905959092	0.0	0.2	0.02124091581894622	0.038634465153100865	0.0	0.1410427807486631	0.8775545591761559	0.2153906734500389	0.6102809324566647	1.32603550295858	0.07388281672864255	0.06991924276975471	0.0046468401486988	0.2306136210384356	0.2558279432983651	0.13762658605983544	0.057175528873642	0.4549549549549549	1712.8333333333333	951.6151749402017	77	3269	1295.611111111111	402.87206243770544	707	1933	2444661.4444444445	23334.11577931793	2388080	2457600
ntv3_100m_pre_w2048	animal_fine	gap100_min100	0.7	10	18	0.5251683938049992	0.19148138878081133	0.200172135769615	0.8270498746966763	0.7084092994880714	0.1632855724226122	0.479861466181734	0.956019078930649	0.5855491501181966	0.15885844721354525	0.3040824351842343	0.8469012398121472	0.1227266904938025	0.08676175723945989	0.007072135785007	0.3320825515947467	0.11064413020648062	0.09779397178844672	0.0367705835331734	0.3475836431226766	0.10956125049644465	0.08867491304669801	0.0127551020408163	0.3348254252461952	0.847701294167313	0.022012316949789074	0.8015161605245977	0.8834843694426259	0.017489952144386735	0.019538781287326317	0.0	0.0639032815198618	0.01596937147533582	0.02017930600196584	0.0	0.0687732342007435	0.015980654617873142	0.019223632742748926	0.0	0.0662488809310653	49.263888888888886	39.47425372969501	16.0	149.5	0.37614562277256414	0.1809570744112771	0.0905233380480905	0.72734375	29.72222222222222	58.96739433594842	0	174	0.045061266555907364	0.06492327905959092	0.0	0.2	0.02124091581894622	0.038634465153100865	0.0	0.1410427807486631	0.8775545591761559	0.2153906734500389	0.6102809324566647	1.32603550295858	0.07388281672864255	0.06991924276975471	0.0046468401486988	0.2306136210384356	0.2558279432983651	0.13762658605983544	0.057175528873642	0.4549549549549549	1712.8333333333333	951.6151749402017	77	3269	1295.611111111111	402.87206243770544	707	1933	2444661.4444444445	23334.11577931793	2388080	2457600
ntv3_100m_pre_w2048	animal_fine	gap100_min100	0.7	25	18	0.5251683938049992	0.19148138878081133	0.200172135769615	0.8270498746966763	0.7084092994880714	0.1632855724226122	0.479861466181734	0.956019078930649	0.5855491501181966	0.15885844721354525	0.3040824351842343	0.8469012398121472	0.1227266904938025	0.08676175723945989	0.007072135785007	0.3320825515947467	0.11064413020648062	0.09779397178844672	0.0367705835331734	0.3475836431226766	0.10956125049644465	0.08867491304669801	0.0127551020408163	0.3348254252461952	0.847701294167313	0.022012316949789074	0.8015161605245977	0.8834843694426259	0.04118266572499493	0.04420575990950722	0.0013071895424836	0.1538461538461538	0.037803324356744626	0.04714864476348666	0.0011834319526627	0.1533457249070632	0.037386414227203804	0.04431516343877804	0.0012422360248447	0.1477170993733214	49.263888888888886	39.47425372969501	16.0	149.5	0.37614562277256414	0.1809570744112771	0.0905233380480905	0.72734375	29.72222222222222	58.96739433594842	0	174	0.045061266555907364	0.06492327905959092	0.0	0.2	0.02124091581894622	0.038634465153100865	0.0	0.1410427807486631	0.8775545591761559	0.2153906734500389	0.6102809324566647	1.32603550295858	0.07388281672864255	0.06991924276975471	0.0046468401486988	0.2306136210384356	0.2558279432983651	0.13762658605983544	0.057175528873642	0.4549549549549549	1712.8333333333333	951.6151749402017	77	3269	1295.611111111111	402.87206243770544	707	1933	2444661.4444444445	23334.11577931793	2388080	2457600
ntv3_100m_pre_w2048	animal_fine	gap100_min100	0.7	50	18	0.5251683938049992	0.19148138878081133	0.200172135769615	0.8270498746966763	0.7084092994880714	0.1632855724226122	0.479861466181734	0.956019078930649	0.5855491501181966	0.15885844721354525	0.3040824351842343	0.8469012398121472	0.1227266904938025	0.08676175723945989	0.007072135785007	0.3320825515947467	0.11064413020648062	0.09779397178844672	0.0367705835331734	0.3475836431226766	0.10956125049644465	0.08867491304669801	0.0127551020408163	0.3348254252461952	0.847701294167313	0.022012316949789074	0.8015161605245977	0.8834843694426259	0.06973346200351717	0.07285089349662176	0.0014144271570014	0.2589118198874296	0.0643357195145967	0.0789344816092358	0.0074173971679028	0.2574349442379182	0.0636842998912038	0.07362484185862024	0.0025510204081632	0.2479856759176365	49.263888888888886	39.47425372969501	16.0	149.5	0.37614562277256414	0.1809570744112771	0.0905233380480905	0.72734375	29.72222222222222	58.96739433594842	0	174	0.045061266555907364	0.06492327905959092	0.0	0.2	0.02124091581894622	0.038634465153100865	0.0	0.1410427807486631	0.8775545591761559	0.2153906734500389	0.6102809324566647	1.32603550295858	0.07388281672864255	0.06991924276975471	0.0046468401486988	0.2306136210384356	0.2558279432983651	0.13762658605983544	0.057175528873642	0.4549549549549549	1712.8333333333333	951.6151749402017	77	3269	1295.611111111111	402.87206243770544	707	1933	2444661.4444444445	23334.11577931793	2388080	2457600
ntv3_100m_pre_w2048	animal_fine	gap100_min100	0.7	100	18	0.5251683938049992	0.19148138878081133	0.200172135769615	0.8270498746966763	0.7084092994880714	0.1632855724226122	0.479861466181734	0.956019078930649	0.5855491501181966	0.15885844721354525	0.3040824351842343	0.8469012398121472	0.1227266904938025	0.08676175723945989	0.007072135785007	0.3320825515947467	0.11064413020648062	0.09779397178844672	0.0367705835331734	0.3475836431226766	0.10956125049644465	0.08867491304669801	0.0127551020408163	0.3348254252461952	0.847701294167313	0.022012316949789074	0.8015161605245977	0.8834843694426259	0.09187486787062667	0.08684868328770538	0.0028288543140028	0.3058161350844278	0.08437993633677296	0.09499842413794914	0.0161834120026972	0.3234200743494423	0.08345853267719895	0.08813416557514005	0.0051020408163265	0.3115487914055506	49.263888888888886	39.47425372969501	16.0	149.5	0.37614562277256414	0.1809570744112771	0.0905233380480905	0.72734375	29.72222222222222	58.96739433594842	0	174	0.045061266555907364	0.06492327905959092	0.0	0.2	0.02124091581894622	0.038634465153100865	0.0	0.1410427807486631	0.8775545591761559	0.2153906734500389	0.6102809324566647	1.32603550295858	0.07388281672864255	0.06991924276975471	0.0046468401486988	0.2306136210384356	0.2558279432983651	0.13762658605983544	0.057175528873642	0.4549549549549549	1712.8333333333333	951.6151749402017	77	3269	1295.611111111111	402.87206243770544	707	1933	2444661.4444444445	23334.11577931793	2388080	2457600
ntv3_100m_pre_w2048	animal_fine	gap100_min100	0.8	5	18	0.5251683938049992	0.19148138878081133	0.200172135769615	0.8270498746966763	0.7084092994880714	0.1632855724226122	0.479861466181734	0.956019078930649	0.5855491501181966	0.15885844721354525	0.3040824351842343	0.8469012398121472	0.08361704622193006	0.07074231077471149	0.007072135785007	0.2617260787992495	0.07826151123073995	0.08036862109940664	0.023181454836131	0.2682926829268293	0.07579495048718568	0.07295707438050024	0.0127551020408163	0.2542524619516562	0.8968877627599395	0.015303826481179393	0.8636753600661385	0.931302630121319	0.009244770410999643	0.010168740207444129	0.0	0.0328330206378986	0.008258114309422316	0.010282550601506756	0.0	0.0343866171003717	0.00836908236291915	0.009948813587937828	0.0	0.0331244404655326	34.65277777777778	34.42330978473668	9.5	125.75	0.37614562277256414	0.1809570744112771	0.0905233380480905	0.72734375	29.72222222222222	58.96739433594842	0	174	0.045061266555907364	0.06492327905959092	0.0	0.2	0.02124091581894622	0.038634465153100865	0.0	0.1410427807486631	0.8775545591761559	0.2153906734500389	0.6102809324566647	1.32603550295858	0.07388281672864255	0.06991924276975471	0.0046468401486988	0.2306136210384356	0.2558279432983651	0.13762658605983544	0.057175528873642	0.4549549549549549	1712.8333333333333	951.6151749402017	77	3269	1295.611111111111	402.87206243770544	707	1933	2444661.4444444445	23334.11577931793	2388080	2457600
ntv3_100m_pre_w2048	animal_fine	gap100_min100	0.8	10	18	0.5251683938049992	0.19148138878081133	0.200172135769615	0.8270498746966763	0.7084092994880714	0.1632855724226122	0.479861466181734	0.956019078930649	0.5855491501181966	0.15885844721354525	0.3040824351842343	0.8469012398121472	0.08361704622193006	0.07074231077471149	0.007072135785007	0.2617260787992495	0.07826151123073995	0.08036862109940664	0.023181454836131	0.2682926829268293	0.07579495048718568	0.07295707438050024	0.0127551020408163	0.2542524619516562	0.8968877627599395	0.015303826481179393	0.8636753600661385	0.931302630121319	0.01746121155692913	0.019555919960927405	0.0	0.0639032815198618	0.015931757693646204	0.02019407803112699	0.0	0.0687732342007435	0.0159480707143215	0.019239120098744667	0.0	0.0662488809310653	34.65277777777778	34.42330978473668	9.5	125.75	0.37614562277256414	0.1809570744112771	0.0905233380480905	0.72734375	29.72222222222222	58.96739433594842	0	174	0.045061266555907364	0.06492327905959092	0.0	0.2	0.02124091581894622	0.038634465153100865	0.0	0.1410427807486631	0.8775545591761559	0.2153906734500389	0.6102809324566647	1.32603550295858	0.07388281672864255	0.06991924276975471	0.0046468401486988	0.2306136210384356	0.2558279432983651	0.13762658605983544	0.057175528873642	0.4549549549549549	1712.8333333333333	951.6151749402017	77	3269	1295.611111111111	402.87206243770544	707	1933	2444661.4444444445	23334.11577931793	2388080	2457600
ntv3_100m_pre_w2048	animal_fine	gap100_min100	0.8	25	18	0.5251683938049992	0.19148138878081133	0.200172135769615	0.8270498746966763	0.7084092994880714	0.1632855724226122	0.479861466181734	0.956019078930649	0.5855491501181966	0.15885844721354525	0.3040824351842343	0.8469012398121472	0.08361704622193006	0.07074231077471149	0.007072135785007	0.2617260787992495	0.07826151123073995	0.08036862109940664	0.023181454836131	0.2682926829268293	0.07579495048718568	0.07295707438050024	0.0127551020408163	0.2542524619516562	0.8968877627599395	0.015303826481179393	0.8636753600661385	0.931302630121319	0.03951899209521694	0.04342557970994546	0.0013071895424836	0.1510318949343339	0.0362311607417191	0.046249033744991806	0.0011834319526627	0.1496282527881041	0.03585319634235167	0.0435422415560886	0.0012422360248447	0.144136078782453	34.65277777777778	34.42330978473668	9.5	125.75	0.37614562277256414	0.1809570744112771	0.0905233380480905	0.72734375	29.72222222222222	58.96739433594842	0	174	0.045061266555907364	0.06492327905959092	0.0	0.2	0.02124091581894622	0.038634465153100865	0.0	0.1410427807486631	0.8775545591761559	0.2153906734500389	0.6102809324566647	1.32603550295858	0.07388281672864255	0.06991924276975471	0.0046468401486988	0.2306136210384356	0.2558279432983651	0.13762658605983544	0.057175528873642	0.4549549549549549	1712.8333333333333	951.6151749402017	77	3269	1295.611111111111	402.87206243770544	707	1933	2444661.4444444445	23334.11577931793	2388080	2457600
ntv3_100m_pre_w2048	animal_fine	gap100_min100	0.8	50	18	0.5251683938049992	0.19148138878081133	0.200172135769615	0.8270498746966763	0.7084092994880714	0.1632855724226122	0.479861466181734	0.956019078930649	0.5855491501181966	0.15885844721354525	0.3040824351842343	0.8469012398121472	0.08361704622193006	0.07074231077471149	0.007072135785007	0.2617260787992495	0.07826151123073995	0.08036862109940664	0.023181454836131	0.2682926829268293	0.07579495048718568	0.07295707438050024	0.0127551020408163	0.2542524619516562	0.8968877627599395	0.015303826481179393	0.8636753600661385	0.931302630121319	0.05999123367169021	0.06466022865963743	0.0014144271570014	0.2260787992495309	0.05550545240769034	0.07058659637748467	0.0053254437869822	0.2276951672862453	0.054855448433570965	0.06560913174412838	0.0025510204081632	0.2193375111906893	34.65277777777778	34.42330978473668	9.5	125.75	0.37614562277256414	0.1809570744112771	0.0905233380480905	0.72734375	29.72222222222222	58.96739433594842	0	174	0.045061266555907364	0.06492327905959092	0.0	0.2	0.02124091581894622	0.038634465153100865	0.0	0.1410427807486631	0.8775545591761559	0.2153906734500389	0.6102809324566647	1.32603550295858	0.07388281672864255	0.06991924276975471	0.0046468401486988	0.2306136210384356	0.2558279432983651	0.13762658605983544	0.057175528873642	0.4549549549549549	1712.8333333333333	951.6151749402017	77	3269	1295.611111111111	402.87206243770544	707	1933	2444661.4444444445	23334.11577931793	2388080	2457600
ntv3_100m_pre_w2048	animal_fine	gap100_min100	0.8	100	18	0.5251683938049992	0.19148138878081133	0.200172135769615	0.8270498746966763	0.7084092994880714	0.1632855724226122	0.479861466181734	0.956019078930649	0.5855491501181966	0.15885844721354525	0.3040824351842343	0.8469012398121472	0.08361704622193006	0.07074231077471149	0.007072135785007	0.2617260787992495	0.07826151123073995	0.08036862109940664	0.023181454836131	0.2682926829268293	0.07579495048718568	0.07295707438050024	0.0127551020408163	0.2542524619516562	0.8968877627599395	0.015303826481179393	0.8636753600661385	0.931302630121319	0.07131630561753115	0.07167682819768573	0.0028288543140028	0.24953095684803	0.06666966713263639	0.07994706479900007	0.008284023668639	0.2574349442379182	0.06526520438236072	0.07340032177331333	0.0051020408163265	0.2479856759176365	34.65277777777778	34.42330978473668	9.5	125.75	0.37614562277256414	0.1809570744112771	0.0905233380480905	0.72734375	29.72222222222222	58.96739433594842	0	174	0.045061266555907364	0.06492327905959092	0.0	0.2	0.02124091581894622	0.038634465153100865	0.0	0.1410427807486631	0.8775545591761559	0.2153906734500389	0.6102809324566647	1.32603550295858	0.07388281672864255	0.06991924276975471	0.0046468401486988	0.2306136210384356	0.2558279432983651	0.13762658605983544	0.057175528873642	0.4549549549549549	1712.8333333333333	951.6151749402017	77	3269	1295.611111111111	402.87206243770544	707	1933	2444661.4444444445	23334.11577931793	2388080	2457600
ntv3_100m_pre_w2048	animal_fine	gap100_min100	0.9	5	18	0.5251683938049992	0.19148138878081133	0.200172135769615	0.8270498746966763	0.7084092994880714	0.1632855724226122	0.479861466181734	0.956019078930649	0.5855491501181966	0.15885844721354525	0.3040824351842343	0.8469012398121472	0.043846857560776886	0.04290875894417794	0.0028288543140028	0.1519699812382739	0.041918041440314295	0.05024136666018746	0.0059171597633136	0.1726078799249531	0.040422398707403856	0.04488023017518607	0.0051020408163265	0.1423455684870188	0.947523174011907	0.008669758065452539	0.930623362955701	0.9634082633122284	0.009213222679281556	0.010142128069549014	0.0	0.0328330206378986	0.008224907163244461	0.01024833622131269	0.0	0.0343866171003717	0.008336726186125005	0.009916354407612472	0.0	0.0331244404655326	23.625	30.702587790914684	4.5	94.75	0.37614562277256414	0.1809570744112771	0.0905233380480905	0.72734375	29.72222222222222	58.96739433594842	0	174	0.045061266555907364	0.06492327905959092	0.0	0.2	0.02124091581894622	0.038634465153100865	0.0	0.1410427807486631	0.8775545591761559	0.2153906734500389	0.6102809324566647	1.32603550295858	0.07388281672864255	0.06991924276975471	0.0046468401486988	0.2306136210384356	0.2558279432983651	0.13762658605983544	0.057175528873642	0.4549549549549549	1712.8333333333333	951.6151749402017	77	3269	1295.611111111111	402.87206243770544	707	1933	2444661.4444444445	23334.11577931793	2388080	2457600
ntv3_100m_pre_w2048	animal_fine	gap100_min100	0.9	10	18	0.5251683938049992	0.19148138878081133	0.200172135769615	0.8270498746966763	0.7084092994880714	0.1632855724226122	0.479861466181734	0.956019078930649	0.5855491501181966	0.15885844721354525	0.3040824351842343	0.8469012398121472	0.043846857560776886	0.04290875894417794	0.0028288543140028	0.1519699812382739	0.041918041440314295	0.05024136666018746	0.0059171597633136	0.1726078799249531	0.040422398707403856	0.04488023017518607	0.0051020408163265	0.1423455684870188	0.947523174011907	0.008669758065452539	0.930623362955701	0.9634082633122284	0.017001921058959715	0.01870030019570498	0.0	0.0609756097560975	0.015527917384489788	0.019390156983091728	0.0	0.0641263940520446	0.015527866998051473	0.018404343557543223	0.0	0.0617726051924798	23.625	30.702587790914684	4.5	94.75	0.37614562277256414	0.1809570744112771	0.0905233380480905	0.72734375	29.72222222222222	58.96739433594842	0	174	0.045061266555907364	0.06492327905959092	0.0	0.2	0.02124091581894622	0.038634465153100865	0.0	0.1410427807486631	0.8775545591761559	0.2153906734500389	0.6102809324566647	1.32603550295858	0.07388281672864255	0.06991924276975471	0.0046468401486988	0.2306136210384356	0.2558279432983651	0.13762658605983544	0.057175528873642	0.4549549549549549	1712.8333333333333	951.6151749402017	77	3269	1295.611111111111	402.87206243770544	707	1933	2444661.4444444445	23334.11577931793	2388080	2457600
ntv3_100m_pre_w2048	animal_fine	gap100_min100	0.9	25	18	0.5251683938049992	0.19148138878081133	0.200172135769615	0.8270498746966763	0.7084092994880714	0.1632855724226122	0.479861466181734	0.956019078930649	0.5855491501181966	0.15885844721354525	0.3040824351842343	0.8469012398121472	0.043846857560776886	0.04290875894417794	0.0028288543140028	0.1519699812382739	0.041918041440314295	0.05024136666018746	0.0059171597633136	0.1726078799249531	0.040422398707403856	0.04488023017518607	0.0051020408163265	0.1423455684870188	0.947523174011907	0.008669758065452539	0.930623362955701	0.9634082633122284	0.031245262049841713	0.03427451398294216	0.0006535947712418	0.1153846153846153	0.029401657946534696	0.03776065273372034	0.0005917159763313	0.1180297397769516	0.028703375957028234	0.03486054695851509	0.0006211180124223	0.1136974037600716	23.625	30.702587790914684	4.5	94.75	0.37614562277256414	0.1809570744112771	0.0905233380480905	0.72734375	29.72222222222222	58.96739433594842	0	174	0.045061266555907364	0.06492327905959092	0.0	0.2	0.02124091581894622	0.038634465153100865	0.0	0.1410427807486631	0.8775545591761559	0.2153906734500389	0.6102809324566647	1.32603550295858	0.07388281672864255	0.06991924276975471	0.0046468401486988	0.2306136210384356	0.2558279432983651	0.13762658605983544	0.057175528873642	0.4549549549549549	1712.8333333333333	951.6151749402017	77	3269	1295.611111111111	402.87206243770544	707	1933	2444661.4444444445	23334.11577931793	2388080	2457600
ntv3_100m_pre_w2048	animal_fine	gap100_min100	0.9	50	18	0.5251683938049992	0.19148138878081133	0.200172135769615	0.8270498746966763	0.7084092994880714	0.1632855724226122	0.479861466181734	0.956019078930649	0.5855491501181966	0.15885844721354525	0.3040824351842343	0.8469012398121472	0.043846857560776886	0.04290875894417794	0.0028288543140028	0.1519699812382739	0.041918041440314295	0.05024136666018746	0.0059171597633136	0.1726078799249531	0.040422398707403856	0.04488023017518607	0.0051020408163265	0.1423455684870188	0.947523174011907	0.008669758065452539	0.930623362955701	0.9634082633122284	0.03884570020258462	0.04231635311712032	0.0013071895424836	0.1444652908067542	0.036876846520360884	0.04790338913261808	0.0011834319526627	0.1519699812382739	0.035914542182692626	0.04357793608021641	0.0012422360248447	0.1396598030438675	23.625	30.702587790914684	4.5	94.75	0.37614562277256414	0.1809570744112771	0.0905233380480905	0.72734375	29.72222222222222	58.96739433594842	0	174	0.045061266555907364	0.06492327905959092	0.0	0.2	0.02124091581894622	0.038634465153100865	0.0	0.1410427807486631	0.8775545591761559	0.2153906734500389	0.6102809324566647	1.32603550295858	0.07388281672864255	0.06991924276975471	0.0046468401486988	0.2306136210384356	0.2558279432983651	0.13762658605983544	0.057175528873642	0.4549549549549549	1712.8333333333333	951.6151749402017	77	3269	1295.611111111111	402.87206243770544	707	1933	2444661.4444444445	23334.11577931793	2388080	2457600
ntv3_100m_pre_w2048	animal_fine	gap100_min100	0.9	100	18	0.5251683938049992	0.19148138878081133	0.200172135769615	0.8270498746966763	0.7084092994880714	0.1632855724226122	0.479861466181734	0.956019078930649	0.5855491501181966	0.15885844721354525	0.3040824351842343	0.8469012398121472	0.043846857560776886	0.04290875894417794	0.0028288543140028	0.1519699812382739	0.041918041440314295	0.05024136666018746	0.0059171597633136	0.1726078799249531	0.040422398707403856	0.04488023017518607	0.0051020408163265	0.1423455684870188	0.947523174011907	0.008669758065452539	0.930623362955701	0.9634082633122284	0.04126977913313785	0.04326241608596256	0.0014144271570014	0.148217636022514	0.039063926461178705	0.050008852275168554	0.001775147928994	0.1651031894934334	0.038078115766627556	0.04492917189772078	0.001863354037267	0.1423455684870188	23.625	30.702587790914684	4.5	94.75	0.37614562277256414	0.1809570744112771	0.0905233380480905	0.72734375	29.72222222222222	58.96739433594842	0	174	0.045061266555907364	0.06492327905959092	0.0	0.2	0.02124091581894622	0.038634465153100865	0.0	0.1410427807486631	0.8775545591761559	0.2153906734500389	0.6102809324566647	1.32603550295858	0.07388281672864255	0.06991924276975471	0.0046468401486988	0.2306136210384356	0.2558279432983651	0.13762658605983544	0.057175528873642	0.4549549549549549	1712.8333333333333	951.6151749402017	77	3269	1295.611111111111	402.87206243770544	707	1933	2444661.4444444445	23334.11577931793	2388080	2457600
ntv3_100m_pre_w2048	animal_fine	gap50_min80	0.5	5	18	0.5391594084779856	0.18598062542151225	0.2235583591648675	0.8312982744346782	0.6704320395800553	0.19115426479261485	0.3915477649041229	0.9522438208153488	0.579929298061467	0.15725213170625968	0.3074658185431483	0.8498256604431246	0.21660614489080438	0.1180499061503452	0.01625	0.455564451561249	0.22102820858009642	0.12738321382066967	0.1087130295763389	0.5492565055762082	0.20737763972701484	0.11498505736253628	0.0296465222348916	0.4914760914760914	0.7280075895805462	0.044768311367907744	0.6679275760719611	0.8202176848762253	0.0099837726186867	0.011267290205102339	0.0	0.0400320256204963	0.010390630192038345	0.01271850463439541	0.0	0.0399628252788104	0.00983766804411691	0.011639321480325485	0.0	0.0391236306729264	70.08333333333333	48.067507675327285	20.5	186.5	0.41065506936758184	0.18104218830784366	0.11625	0.7629994526546251	32.888888888888886	66.61910067813434	0	199	0.053368358940108225	0.09109155345536409	0.0	0.2857142857142857	0.022341764118828544	0.038699431757126077	0.0	0.1368170913950764	0.9294928670315792	0.28903034906699576	0.5893604303646145	1.5609467455621302	0.09821806950233192	0.07974532168949658	0.0112570356472795	0.2784895482130816	0.276378997521197	0.15641344098193585	0.057175528873642	0.5110579796772265	1712.8333333333333	951.6151749402017	77	3269	1593.9444444444443	498.71310534004266	800	2178	2444661.4444444445	23334.11577931793	2388080	2457600
ntv3_100m_pre_w2048	animal_fine	gap50_min80	0.5	10	18	0.5391594084779856	0.18598062542151225	0.2235583591648675	0.8312982744346782	0.6704320395800553	0.19115426479261485	0.3915477649041229	0.9522438208153488	0.579929298061467	0.15725213170625968	0.3074658185431483	0.8498256604431246	0.21660614489080438	0.1180499061503452	0.01625	0.455564451561249	0.22102820858009642	0.12738321382066967	0.1087130295763389	0.5492565055762082	0.20737763972701484	0.11498505736253628	0.0296465222348916	0.4914760914760914	0.7280075895805462	0.044768311367907744	0.6679275760719611	0.8202176848762253	0.02010846187417641	0.022435584928148122	0.0	0.0744595676541233	0.020976984897964294	0.026008846095495964	0.0	0.0864312267657992	0.019840172489670946	0.023384965131999974	0.0	0.0773388773388773	70.08333333333333	48.067507675327285	20.5	186.5	0.41065506936758184	0.18104218830784366	0.11625	0.7629994526546251	32.888888888888886	66.61910067813434	0	199	0.053368358940108225	0.09109155345536409	0.0	0.2857142857142857	0.022341764118828544	0.038699431757126077	0.0	0.1368170913950764	0.9294928670315792	0.28903034906699576	0.5893604303646145	1.5609467455621302	0.09821806950233192	0.07974532168949658	0.0112570356472795	0.2784895482130816	0.276378997521197	0.15641344098193585	0.057175528873642	0.5110579796772265	1712.8333333333333	951.6151749402017	77	3269	1593.9444444444443	498.71310534004266	800	2178	2444661.4444444445	23334.11577931793	2388080	2457600
ntv3_100m_pre_w2048	animal_fine	gap50_min80	0.5	25	18	0.5391594084779856	0.18598062542151225	0.2235583591648675	0.8312982744346782	0.6704320395800553	0.19115426479261485	0.3915477649041229	0.9522438208153488	0.579929298061467	0.15725213170625968	0.3074658185431483	0.8498256604431246	0.21660614489080438	0.1180499061503452	0.01625	0.455564451561249	0.22102820858009642	0.12738321382066967	0.1087130295763389	0.5492565055762082	0.20737763972701484	0.11498505736253628	0.0296465222348916	0.4914760914760914	0.7280075895805462	0.044768311367907744	0.6679275760719611	0.8202176848762253	0.04765044157497718	0.050218906870872576	0.00125	0.1705364291433146	0.05009119906933855	0.05977213996279995	0.0035502958579881	0.199814126394052	0.046861718244971595	0.05299340469575459	0.0022805017103762	0.1787941787941787	70.08333333333333	48.067507675327285	20.5	186.5	0.41065506936758184	0.18104218830784366	0.11625	0.7629994526546251	32.888888888888886	66.61910067813434	0	199	0.053368358940108225	0.09109155345536409	0.0	0.2857142857142857	0.022341764118828544	0.038699431757126077	0.0	0.1368170913950764	0.9294928670315792	0.28903034906699576	0.5893604303646145	1.5609467455621302	0.09821806950233192	0.07974532168949658	0.0112570356472795	0.2784895482130816	0.276378997521197	0.15641344098193585	0.057175528873642	0.5110579796772265	1712.8333333333333	951.6151749402017	77	3269	1593.9444444444443	498.71310534004266	800	2178	2444661.4444444445	23334.11577931793	2388080	2457600
ntv3_100m_pre_w2048	animal_fine	gap50_min80	0.5	50	18	0.5391594084779856	0.18598062542151225	0.2235583591648675	0.8312982744346782	0.6704320395800553	0.19115426479261485	0.3915477649041229	0.9522438208153488	0.579929298061467	0.15725213170625968	0.3074658185431483	0.8498256604431246	0.21660614489080438	0.1180499061503452	0.01625	0.455564451561249	0.22102820858009642	0.12738321382066967	0.1087130295763389	0.5492565055762082	0.20737763972701484	0.11498505736253628	0.0296465222348916	0.4914760914760914	0.7280075895805462	0.044768311367907744	0.6679275760719611	0.8202176848762253	0.08626897816596552	0.08613292025418731	0.00375	0.3082465972778223	0.09142031870899071	0.10190194656302577	0.0171597633136094	0.345724907063197	0.08495213990369081	0.09091943428989341	0.0068415051311288	0.3093555093555094	70.08333333333333	48.067507675327285	20.5	186.5	0.41065506936758184	0.18104218830784366	0.11625	0.7629994526546251	32.888888888888886	66.61910067813434	0	199	0.053368358940108225	0.09109155345536409	0.0	0.2857142857142857	0.022341764118828544	0.038699431757126077	0.0	0.1368170913950764	0.9294928670315792	0.28903034906699576	0.5893604303646145	1.5609467455621302	0.09821806950233192	0.07974532168949658	0.0112570356472795	0.2784895482130816	0.276378997521197	0.15641344098193585	0.057175528873642	0.5110579796772265	1712.8333333333333	951.6151749402017	77	3269	1593.9444444444443	498.71310534004266	800	2178	2444661.4444444445	23334.11577931793	2388080	2457600
ntv3_100m_pre_w2048	animal_fine	gap50_min80	0.5	100	18	0.5391594084779856	0.18598062542151225	0.2235583591648675	0.8312982744346782	0.6704320395800553	0.19115426479261485	0.3915477649041229	0.9522438208153488	0.579929298061467	0.15725213170625968	0.3074658185431483	0.8498256604431246	0.21660614489080438	0.1180499061503452	0.01625	0.455564451561249	0.22102820858009642	0.12738321382066967	0.1087130295763389	0.5492565055762082	0.20737763972701484	0.11498505736253628	0.0296465222348916	0.4914760914760914	0.7280075895805462	0.044768311367907744	0.6679275760719611	0.8202176848762253	0.12946258088868823	0.1070575078790712	0.0075	0.3859087269815853	0.1362223884709988	0.12565104395616283	0.0397842211732973	0.4609665427509293	0.12649807481653508	0.11214261792679515	0.0136830102622576	0.4124740124740125	70.08333333333333	48.067507675327285	20.5	186.5	0.41065506936758184	0.18104218830784366	0.11625	0.7629994526546251	32.888888888888886	66.61910067813434	0	199	0.053368358940108225	0.09109155345536409	0.0	0.2857142857142857	0.022341764118828544	0.038699431757126077	0.0	0.1368170913950764	0.9294928670315792	0.28903034906699576	0.5893604303646145	1.5609467455621302	0.09821806950233192	0.07974532168949658	0.0112570356472795	0.2784895482130816	0.276378997521197	0.15641344098193585	0.057175528873642	0.5110579796772265	1712.8333333333333	951.6151749402017	77	3269	1593.9444444444443	498.71310534004266	800	2178	2444661.4444444445	23334.11577931793	2388080	2457600
ntv3_100m_pre_w2048	animal_fine	gap50_min80	0.7	5	18	0.5391594084779856	0.18598062542151225	0.2235583591648675	0.8312982744346782	0.6704320395800553	0.19115426479261485	0.3915477649041229	0.9522438208153488	0.579929298061467	0.15725213170625968	0.3074658185431483	0.8498256604431246	0.12419469895625974	0.09689973132432801	0.0075	0.3466773418734988	0.12908983296360316	0.11664521728670559	0.0455635491606714	0.4256505576208178	0.12039579018385307	0.10193126555870069	0.0136830102622576	0.3808731808731808	0.8469731949003719	0.01918432323888847	0.8123961558734073	0.8863319787437415	0.0099837726186867	0.011267290205102339	0.0	0.0400320256204963	0.010390630192038345	0.01271850463439541	0.0	0.0399628252788104	0.00983766804411691	0.011639321480325485	0.0	0.0391236306729264	36.93055555555556	23.609071903482164	14.5	89.25	0.41065506936758184	0.18104218830784366	0.11625	0.7629994526546251	32.888888888888886	66.61910067813434	0	199	0.053368358940108225	0.09109155345536409	0.0	0.2857142857142857	0.022341764118828544	0.038699431757126077	0.0	0.1368170913950764	0.9294928670315792	0.28903034906699576	0.5893604303646145	1.5609467455621302	0.09821806950233192	0.07974532168949658	0.0112570356472795	0.2784895482130816	0.276378997521197	0.15641344098193585	0.057175528873642	0.5110579796772265	1712.8333333333333	951.6151749402017	77	3269	1593.9444444444443	498.71310534004266	800	2178	2444661.4444444445	23334.11577931793	2388080	2457600
ntv3_100m_pre_w2048	animal_fine	gap50_min80	0.7	10	18	0.5391594084779856	0.18598062542151225	0.2235583591648675	0.8312982744346782	0.6704320395800553	0.19115426479261485	0.3915477649041229	0.9522438208153488	0.579929298061467	0.15725213170625968	0.3074658185431483	0.8498256604431246	0.12419469895625974	0.09689973132432801	0.0075	0.3466773418734988	0.12908983296360316	0.11664521728670559	0.0455635491606714	0.4256505576208178	0.12039579018385307	0.10193126555870069	0.0136830102622576	0.3808731808731808	0.8469731949003719	0.01918432323888847	0.8123961558734073	0.8863319787437415	0.02010846187417641	0.022435584928148122	0.0	0.0744595676541233	0.020976984897964294	0.026008846095495964	0.0	0.0864312267657992	0.019840172489670946	0.023384965131999974	0.0	0.0773388773388773	36.93055555555556	23.609071903482164	14.5	89.25	0.41065506936758184	0.18104218830784366	0.11625	0.7629994526546251	32.888888888888886	66.61910067813434	0	199	0.053368358940108225	0.09109155345536409	0.0	0.2857142857142857	0.022341764118828544	0.038699431757126077	0.0	0.1368170913950764	0.9294928670315792	0.28903034906699576	0.5893604303646145	1.5609467455621302	0.09821806950233192	0.07974532168949658	0.0112570356472795	0.2784895482130816	0.276378997521197	0.15641344098193585	0.057175528873642	0.5110579796772265	1712.8333333333333	951.6151749402017	77	3269	1593.9444444444443	498.71310534004266	800	2178	2444661.4444444445	23334.11577931793	2388080	2457600
ntv3_100m_pre_w2048	animal_fine	gap50_min80	0.7	25	18	0.5391594084779856	0.18598062542151225	0.2235583591648675	0.8312982744346782	0.6704320395800553	0.19115426479261485	0.3915477649041229	0.9522438208153488	0.579929298061467	0.15725213170625968	0.3074658185431483	0.8498256604431246	0.12419469895625974	0.09689973132432801	0.0075	0.3466773418734988	0.12908983296360316	0.11664521728670559	0.0455635491606714	0.4256505576208178	0.12039579018385307	0.10193126555870069	0.0136830102622576	0.3808731808731808	0.8469731949003719	0.01918432323888847	0.8123961558734073	0.8863319787437415	0.04713162998143147	0.050029532822210065	0.0	0.1697357886309047	0.04879999557893898	0.05976092226308801	0.0	0.1988847583643122	0.04625697300102014	0.05276442158440398	0.0	0.1779625779625779	36.93055555555556	23.609071903482164	14.5	89.25	0.41065506936758184	0.18104218830784366	0.11625	0.7629994526546251	32.888888888888886	66.61910067813434	0	199	0.053368358940108225	0.09109155345536409	0.0	0.2857142857142857	0.022341764118828544	0.038699431757126077	0.0	0.1368170913950764	0.9294928670315792	0.28903034906699576	0.5893604303646145	1.5609467455621302	0.09821806950233192	0.07974532168949658	0.0112570356472795	0.2784895482130816	0.276378997521197	0.15641344098193585	0.057175528873642	0.5110579796772265	1712.8333333333333	951.6151749402017	77	3269	1593.9444444444443	498.71310534004266	800	2178	2444661.4444444445	23334.11577931793	2388080	2457600
ntv3_100m_pre_w2048	animal_fine	gap50_min80	0.7	50	18	0.5391594084779856	0.18598062542151225	0.2235583591648675	0.8312982744346782	0.6704320395800553	0.19115426479261485	0.3915477649041229	0.9522438208153488	0.579929298061467	0.15725213170625968	0.3074658185431483	0.8498256604431246	0.12419469895625974	0.09689973132432801	0.0075	0.3466773418734988	0.12908983296360316	0.11664521728670559	0.0455635491606714	0.4256505576208178	0.12039579018385307	0.10193126555870069	0.0136830102622576	0.3808731808731808	0.8469731949003719	0.01918432323888847	0.8123961558734073	0.8863319787437415	0.07676025754687736	0.08032910537315517	0.00125	0.2786228983186549	0.08031588559544652	0.09668088059639225	0.0129870129870129	0.3271375464684015	0.07552772240630044	0.08535245321372993	0.0022805017103762	0.2927234927234927	36.93055555555556	23.609071903482164	14.5	89.25	0.41065506936758184	0.18104218830784366	0.11625	0.7629994526546251	32.888888888888886	66.61910067813434	0	199	0.053368358940108225	0.09109155345536409	0.0	0.2857142857142857	0.022341764118828544	0.038699431757126077	0.0	0.1368170913950764	0.9294928670315792	0.28903034906699576	0.5893604303646145	1.5609467455621302	0.09821806950233192	0.07974532168949658	0.0112570356472795	0.2784895482130816	0.276378997521197	0.15641344098193585	0.057175528873642	0.5110579796772265	1712.8333333333333	951.6151749402017	77	3269	1593.9444444444443	498.71310534004266	800	2178	2444661.4444444445	23334.11577931793	2388080	2457600
ntv3_100m_pre_w2048	animal_fine	gap50_min80	0.7	100	18	0.5391594084779856	0.18598062542151225	0.2235583591648675	0.8312982744346782	0.6704320395800553	0.19115426479261485	0.3915477649041229	0.9522438208153488	0.579929298061467	0.15725213170625968	0.3074658185431483	0.8498256604431246	0.12419469895625974	0.09689973132432801	0.0075	0.3466773418734988	0.12908983296360316	0.11664521728670559	0.0455635491606714	0.4256505576208178	0.12039579018385307	0.10193126555870069	0.0136830102622576	0.3808731808731808	0.8469731949003719	0.01918432323888847	0.8123961558734073	0.8863319787437415	0.09861063178366763	0.09481897378295047	0.00375	0.3266613290632506	0.10335062368201312	0.11422746158306853	0.0276466621712744	0.4014869888475836	0.09660628345965808	0.1007734453893819	0.0068415051311288	0.3592515592515592	36.93055555555556	23.609071903482164	14.5	89.25	0.41065506936758184	0.18104218830784366	0.11625	0.7629994526546251	32.888888888888886	66.61910067813434	0	199	0.053368358940108225	0.09109155345536409	0.0	0.2857142857142857	0.022341764118828544	0.038699431757126077	0.0	0.1368170913950764	0.9294928670315792	0.28903034906699576	0.5893604303646145	1.5609467455621302	0.09821806950233192	0.07974532168949658	0.0112570356472795	0.2784895482130816	0.276378997521197	0.15641344098193585	0.057175528873642	0.5110579796772265	1712.8333333333333	951.6151749402017	77	3269	1593.9444444444443	498.71310534004266	800	2178	2444661.4444444445	23334.11577931793	2388080	2457600
ntv3_100m_pre_w2048	animal_fine	gap50_min80	0.8	5	18	0.5391594084779856	0.18598062542151225	0.2235583591648675	0.8312982744346782	0.6704320395800553	0.19115426479261485	0.3915477649041229	0.9522438208153488	0.579929298061467	0.15725213170625968	0.3074658185431483	0.8498256604431246	0.08587686116492071	0.07634510520236552	0.0075	0.2682145716573259	0.09229584056320114	0.09521209890698935	0.0287769784172661	0.3234200743494423	0.08423914143979545	0.08203822526181428	0.0136830102622576	0.2893970893970894	0.8959078485039732	0.018899728114983663	0.8432619544286993	0.9193609682516544	0.009957884661764262	0.011287561037099308	0.0	0.0400320256204963	0.010353016410348732	0.012743537715423739	0.0	0.0399628252788104	0.00980699978270065	0.011661313485671286	0.0	0.0391236306729264	25.180555555555557	18.408319242132386	8.0	70.25	0.41065506936758184	0.18104218830784366	0.11625	0.7629994526546251	32.888888888888886	66.61910067813434	0	199	0.053368358940108225	0.09109155345536409	0.0	0.2857142857142857	0.022341764118828544	0.038699431757126077	0.0	0.1368170913950764	0.9294928670315792	0.28903034906699576	0.5893604303646145	1.5609467455621302	0.09821806950233192	0.07974532168949658	0.0112570356472795	0.2784895482130816	0.276378997521197	0.15641344098193585	0.057175528873642	0.5110579796772265	1712.8333333333333	951.6151749402017	77	3269	1593.9444444444443	498.71310534004266	800	2178	2444661.4444444445	23334.11577931793	2388080	2457600
ntv3_100m_pre_w2048	animal_fine	gap50_min80	0.8	10	18	0.5391594084779856	0.18598062542151225	0.2235583591648675	0.8312982744346782	0.6704320395800553	0.19115426479261485	0.3915477649041229	0.9522438208153488	0.579929298061467	0.15725213170625968	0.3074658185431483	0.8498256604431246	0.08587686116492071	0.07634510520236552	0.0075	0.2682145716573259	0.09229584056320114	0.09521209890698935	0.0287769784172661	0.3234200743494423	0.08423914143979545	0.08203822526181428	0.0136830102622576	0.2893970893970894	0.8959078485039732	0.018899728114983663	0.8432619544286993	0.9193609682516544	0.020082573917253974	0.022451875705755776	0.0	0.0744595676541233	0.020939371116274683	0.026025900264798056	0.0	0.0864312267657992	0.019809504228254685	0.02340137317046283	0.0	0.0773388773388773	25.180555555555557	18.408319242132386	8.0	70.25	0.41065506936758184	0.18104218830784366	0.11625	0.7629994526546251	32.888888888888886	66.61910067813434	0	199	0.053368358940108225	0.09109155345536409	0.0	0.2857142857142857	0.022341764118828544	0.038699431757126077	0.0	0.1368170913950764	0.9294928670315792	0.28903034906699576	0.5893604303646145	1.5609467455621302	0.09821806950233192	0.07974532168949658	0.0112570356472795	0.2784895482130816	0.276378997521197	0.15641344098193585	0.057175528873642	0.5110579796772265	1712.8333333333333	951.6151749402017	77	3269	1593.9444444444443	498.71310534004266	800	2178	2444661.4444444445	23334.11577931793	2388080	2457600
ntv3_100m_pre_w2048	animal_fine	gap50_min80	0.8	25	18	0.5391594084779856	0.18598062542151225	0.2235583591648675	0.8312982744346782	0.6704320395800553	0.19115426479261485	0.3915477649041229	0.9522438208153488	0.579929298061467	0.15725213170625968	0.3074658185431483	0.8498256604431246	0.08587686116492071	0.07634510520236552	0.0075	0.2682145716573259	0.09229584056320114	0.09521209890698935	0.0287769784172661	0.3234200743494423	0.08423914143979545	0.08203822526181428	0.0136830102622576	0.2893970893970894	0.8959078485039732	0.018899728114983663	0.8432619544286993	0.9193609682516544	0.0438670377923494	0.04757281034502631	0.0	0.1617293835068054	0.04552780347414967	0.057276586619557916	0.0	0.1868029739776951	0.04310916005735531	0.050356148466265176	0.0	0.1671517671517671	25.180555555555557	18.408319242132386	8.0	70.25	0.41065506936758184	0.18104218830784366	0.11625	0.7629994526546251	32.888888888888886	66.61910067813434	0	199	0.053368358940108225	0.09109155345536409	0.0	0.2857142857142857	0.022341764118828544	0.038699431757126077	0.0	0.1368170913950764	0.9294928670315792	0.28903034906699576	0.5893604303646145	1.5609467455621302	0.09821806950233192	0.07974532168949658	0.0112570356472795	0.2784895482130816	0.276378997521197	0.15641344098193585	0.057175528873642	0.5110579796772265	1712.8333333333333	951.6151749402017	77	3269	1593.9444444444443	498.71310534004266	800	2178	2444661.4444444445	23334.11577931793	2388080	2457600
ntv3_100m_pre_w2048	animal_fine	gap50_min80	0.8	50	18	0.5391594084779856	0.18598062542151225	0.2235583591648675	0.8312982744346782	0.6704320395800553	0.19115426479261485	0.3915477649041229	0.9522438208153488	0.579929298061467	0.15725213170625968	0.3074658185431483	0.8498256604431246	0.08587686116492071	0.07634510520236552	0.0075	0.2682145716573259	0.09229584056320114	0.09521209890698935	0.0287769784172661	0.3234200743494423	0.08423914143979545	0.08203822526181428	0.0136830102622576	0.2893970893970894	0.8959078485039732	0.018899728114983663	0.8432619544286993	0.9193609682516544	0.06435773794138926	0.06960086297094581	0.00125	0.2385908726981585	0.06810857529588914	0.08537312156433924	0.0094674556213017	0.2806691449814126	0.06364302344993446	0.07456965179209855	0.0022805017103762	0.2511434511434511	25.180555555555557	18.408319242132386	8.0	70.25	0.41065506936758184	0.18104218830784366	0.11625	0.7629994526546251	32.888888888888886	66.61910067813434	0	199	0.053368358940108225	0.09109155345536409	0.0	0.2857142857142857	0.022341764118828544	0.038699431757126077	0.0	0.1368170913950764	0.9294928670315792	0.28903034906699576	0.5893604303646145	1.5609467455621302	0.09821806950233192	0.07974532168949658	0.0112570356472795	0.2784895482130816	0.276378997521197	0.15641344098193585	0.057175528873642	0.5110579796772265	1712.8333333333333	951.6151749402017	77	3269	1593.9444444444443	498.71310534004266	800	2178	2444661.4444444445	23334.11577931793	2388080	2457600
ntv3_100m_pre_w2048	animal_fine	gap50_min80	0.8	100	18	0.5391594084779856	0.18598062542151225	0.2235583591648675	0.8312982744346782	0.6704320395800553	0.19115426479261485	0.3915477649041229	0.9522438208153488	0.579929298061467	0.15725213170625968	0.3074658185431483	0.8498256604431246	0.08587686116492071	0.07634510520236552	0.0075	0.2682145716573259	0.09229584056320114	0.09521209890698935	0.0287769784172661	0.3234200743494423	0.08423914143979545	0.08203822526181428	0.0136830102622576	0.2893970893970894	0.8959078485039732	0.018899728114983663	0.8432619544286993	0.9193609682516544	0.07581897530631834	0.07603004027478061	0.00375	0.2594075260208166	0.08100137597571663	0.09430879653450704	0.0177514792899408	0.3159851301115242	0.07480958756386807	0.08185633415768781	0.0068415051311288	0.2827442827442827	25.180555555555557	18.408319242132386	8.0	70.25	0.41065506936758184	0.18104218830784366	0.11625	0.7629994526546251	32.888888888888886	66.61910067813434	0	199	0.053368358940108225	0.09109155345536409	0.0	0.2857142857142857	0.022341764118828544	0.038699431757126077	0.0	0.1368170913950764	0.9294928670315792	0.28903034906699576	0.5893604303646145	1.5609467455621302	0.09821806950233192	0.07974532168949658	0.0112570356472795	0.2784895482130816	0.276378997521197	0.15641344098193585	0.057175528873642	0.5110579796772265	1712.8333333333333	951.6151749402017	77	3269	1593.9444444444443	498.71310534004266	800	2178	2444661.4444444445	23334.11577931793	2388080	2457600
ntv3_100m_pre_w2048	animal_fine	gap50_min80	0.9	5	18	0.5391594084779856	0.18598062542151225	0.2235583591648675	0.8312982744346782	0.6704320395800553	0.19115426479261485	0.3915477649041229	0.9522438208153488	0.579929298061467	0.15725213170625968	0.3074658185431483	0.8498256604431246	0.04587460381998096	0.04620604513234198	0.0	0.1577261809447558	0.04875988848239203	0.0611891952852209	0.0	0.2026266416510319	0.04551005726651341	0.05077437189999247	0.0	0.1621621621621622	0.8947780888036375	0.223403996485814	0.0	0.9609408346031582	0.009902910026540482	0.011293798911989686	0.0	0.0400320256204963	0.010282195482481266	0.012750307112804019	0.0	0.0399628252788104	0.009745320884636017	0.011665854057581778	0.0	0.0391236306729264	11.25	6.47229673299981	3.75	29.0	0.41065506936758184	0.18104218830784366	0.11625	0.7629994526546251	32.888888888888886	66.61910067813434	0	199	0.053368358940108225	0.09109155345536409	0.0	0.2857142857142857	0.022341764118828544	0.038699431757126077	0.0	0.1368170913950764	0.9294928670315792	0.28903034906699576	0.5893604303646145	1.5609467455621302	0.09821806950233192	0.07974532168949658	0.0112570356472795	0.2784895482130816	0.276378997521197	0.15641344098193585	0.057175528873642	0.5110579796772265	1712.8333333333333	951.6151749402017	77	3269	1593.9444444444443	498.71310534004266	800	2178	2444661.4444444445	23334.11577931793	2388080	2457600
ntv3_100m_pre_w2048	animal_fine	gap50_min80	0.9	10	18	0.5391594084779856	0.18598062542151225	0.2235583591648675	0.8312982744346782	0.6704320395800553	0.19115426479261485	0.3915477649041229	0.9522438208153488	0.579929298061467	0.15725213170625968	0.3074658185431483	0.8498256604431246	0.04587460381998096	0.04620604513234198	0.0	0.1577261809447558	0.04875988848239203	0.0611891952852209	0.0	0.2026266416510319	0.04551005726651341	0.05077437189999247	0.0	0.1621621621621622	0.8947780888036375	0.223403996485814	0.0	0.9609408346031582	0.019029622476910733	0.0207003735526722	0.0	0.0696557245796637	0.019873479887754942	0.024196990464952325	0.0	0.0771375464684014	0.018768876794614708	0.021578597545431694	0.0	0.069022869022869	11.25	6.47229673299981	3.75	29.0	0.41065506936758184	0.18104218830784366	0.11625	0.7629994526546251	32.888888888888886	66.61910067813434	0	199	0.053368358940108225	0.09109155345536409	0.0	0.2857142857142857	0.022341764118828544	0.038699431757126077	0.0	0.1368170913950764	0.9294928670315792	0.28903034906699576	0.5893604303646145	1.5609467455621302	0.09821806950233192	0.07974532168949658	0.0112570356472795	0.2784895482130816	0.276378997521197	0.15641344098193585	0.057175528873642	0.5110579796772265	1712.8333333333333	951.6151749402017	77	3269	1593.9444444444443	498.71310534004266	800	2178	2444661.4444444445	23334.11577931793	2388080	2457600
ntv3_100m_pre_w2048	animal_fine	gap50_min80	0.9	25	18	0.5391594084779856	0.18598062542151225	0.2235583591648675	0.8312982744346782	0.6704320395800553	0.19115426479261485	0.3915477649041229	0.9522438208153488	0.579929298061467	0.15725213170625968	0.3074658185431483	0.8498256604431246	0.04587460381998096	0.04620604513234198	0.0	0.1577261809447558	0.04875988848239203	0.0611891952852209	0.0	0.2026266416510319	0.04551005726651341	0.05077437189999247	0.0	0.1621621621621622	0.8947780888036375	0.223403996485814	0.0	0.9609408346031582	0.033361554783411164	0.03678498387364788	0.0	0.1232986389111289	0.035322011515332125	0.04583440893093391	0.0	0.1403345724907063	0.03309357105670857	0.03940812287228562	0.0	0.1255717255717255	11.25	6.47229673299981	3.75	29.0	0.41065506936758184	0.18104218830784366	0.11625	0.7629994526546251	32.888888888888886	66.61910067813434	0	199	0.053368358940108225	0.09109155345536409	0.0	0.2857142857142857	0.022341764118828544	0.038699431757126077	0.0	0.1368170913950764	0.9294928670315792	0.28903034906699576	0.5893604303646145	1.5609467455621302	0.09821806950233192	0.07974532168949658	0.0112570356472795	0.2784895482130816	0.276378997521197	0.15641344098193585	0.057175528873642	0.5110579796772265	1712.8333333333333	951.6151749402017	77	3269	1593.9444444444443	498.71310534004266	800	2178	2444661.4444444445	23334.11577931793	2388080	2457600
ntv3_100m_pre_w2048	animal_fine	gap50_min80	0.9	50	18	0.5391594084779856	0.18598062542151225	0.2235583591648675	0.8312982744346782	0.6704320395800553	0.19115426479261485	0.3915477649041229	0.9522438208153488	0.579929298061467	0.15725213170625968	0.3074658185431483	0.8498256604431246	0.04587460381998096	0.04620604513234198	0.0	0.1577261809447558	0.04875988848239203	0.0611891952852209	0.0	0.2026266416510319	0.04551005726651341	0.05077437189999247	0.0	0.1621621621621622	0.8947780888036375	0.223403996485814	0.0	0.9609408346031582	0.041348296106782166	0.04500415460288175	0.0	0.1521216973578863	0.04415556734949033	0.05783949270060125	0.0	0.1801125703564728	0.04118615720582247	0.048935426111754575	0.0	0.1563409563409563	11.25	6.47229673299981	3.75	29.0	0.41065506936758184	0.18104218830784366	0.11625	0.7629994526546251	32.888888888888886	66.61910067813434	0	199	0.053368358940108225	0.09109155345536409	0.0	0.2857142857142857	0.022341764118828544	0.038699431757126077	0.0	0.1368170913950764	0.9294928670315792	0.28903034906699576	0.5893604303646145	1.5609467455621302	0.09821806950233192	0.07974532168949658	0.0112570356472795	0.2784895482130816	0.276378997521197	0.15641344098193585	0.057175528873642	0.5110579796772265	1712.8333333333333	951.6151749402017	77	3269	1593.9444444444443	498.71310534004266	800	2178	2444661.4444444445	23334.11577931793	2388080	2457600
ntv3_100m_pre_w2048	animal_fine	gap50_min80	0.9	100	18	0.5391594084779856	0.18598062542151225	0.2235583591648675	0.8312982744346782	0.6704320395800553	0.19115426479261485	0.3915477649041229	0.9522438208153488	0.579929298061467	0.15725213170625968	0.3074658185431483	0.8498256604431246	0.04587460381998096	0.04620604513234198	0.0	0.1577261809447558	0.04875988848239203	0.0611891952852209	0.0	0.2026266416510319	0.04551005726651341	0.05077437189999247	0.0	0.1621621621621622	0.8947780888036375	0.223403996485814	0.0	0.9609408346031582	0.044048871217230084	0.04600601813024851	0.0	0.1561248999199359	0.04700604929300071	0.060084875785656716	0.0	0.1932457786116322	0.043823358705509914	0.05032418349840464	0.0	0.1613305613305613	11.25	6.47229673299981	3.75	29.0	0.41065506936758184	0.18104218830784366	0.11625	0.7629994526546251	32.888888888888886	66.61910067813434	0	199	0.053368358940108225	0.09109155345536409	0.0	0.2857142857142857	0.022341764118828544	0.038699431757126077	0.0	0.1368170913950764	0.9294928670315792	0.28903034906699576	0.5893604303646145	1.5609467455621302	0.09821806950233192	0.07974532168949658	0.0112570356472795	0.2784895482130816	0.276378997521197	0.15641344098193585	0.057175528873642	0.5110579796772265	1712.8333333333333	951.6151749402017	77	3269	1593.9444444444443	498.71310534004266	800	2178	2444661.4444444445	23334.11577931793	2388080	2457600
ntv3_100m_pre_w2048	animal_fine	hmm_penalty2	0.5	5	18	0.5699439304082191	0.17538649133591713	0.2648476959977733	0.8414947806700231	0.5559710208034678	0.2715144347268196	0.1710971942425038	0.9410237135699296	0.5312932871653698	0.18138602784311977	0.2331940811613199	0.8547019397695893	0.16415307685240121	0.12889201519960525	0.0077821011673151	0.3947963800904977	0.23536477195452146	0.1754854766993465	0.0568720379146919	0.6403345724907064	0.18607975340563337	0.14199018934481353	0.0144796380090497	0.4865819209039548	0.7323732752146702	0.052396280000358446	0.6483440094256058	0.8314120159322893	0.011102572886298527	0.012729124282651327	0.0	0.0395927601809954	0.015457699181026796	0.019265374485548027	0.0	0.0585501858736059	0.012599789537540268	0.014858367257336396	0.0	0.0455284552845528	44.93055555555556	27.927533003708053	17.5	104.5	0.45532341087210804	0.18779958981841666	0.1585603112840466	0.831463053144188	1028.0	549.4346827314738	280	2196	0.3811391586570483	0.23446939620687546	0.0661322645290581	0.8459196102314251	0.05018810390263348	0.03129476922100211	0.0049297286212538	0.1234965794637713	1.1663208814965993	0.6292216260234911	0.5212193664076509	2.721301775147929	0.15628711189265265	0.10372639661293945	0.0241635687732342	0.3796358732299393	0.3187044500858376	0.2022567102714433	0.0605175292153589	0.6682606096832038	1712.8333333333333	951.6151749402017	77	3269	2483.722222222222	1019.4051209669268	1028	4723	2444661.4444444445	23334.11577931793	2388080	2457600
ntv3_100m_pre_w2048	animal_fine	hmm_penalty2	0.5	10	18	0.5699439304082191	0.17538649133591713	0.2648476959977733	0.8414947806700231	0.5559710208034678	0.2715144347268196	0.1710971942425038	0.9410237135699296	0.5312932871653698	0.18138602784311977	0.2331940811613199	0.8547019397695893	0.16415307685240121	0.12889201519960525	0.0077821011673151	0.3947963800904977	0.23536477195452146	0.1754854766993465	0.0568720379146919	0.6403345724907064	0.18607975340563337	0.14199018934481353	0.0144796380090497	0.4865819209039548	0.7323732752146702	0.052396280000358446	0.6483440094256058	0.8314120159322893	0.022343813588803878	0.025171918499700092	0.0	0.0740318906605922	0.03132282335883062	0.03774115644001833	0.0	0.120817843866171	0.025410491067026992	0.029236434439833307	0.0	0.0918079096045197	44.93055555555556	27.927533003708053	17.5	104.5	0.45532341087210804	0.18779958981841666	0.1585603112840466	0.831463053144188	1028.0	549.4346827314738	280	2196	0.3811391586570483	0.23446939620687546	0.0661322645290581	0.8459196102314251	0.05018810390263348	0.03129476922100211	0.0049297286212538	0.1234965794637713	1.1663208814965993	0.6292216260234911	0.5212193664076509	2.721301775147929	0.15628711189265265	0.10372639661293945	0.0241635687732342	0.3796358732299393	0.3187044500858376	0.2022567102714433	0.0605175292153589	0.6682606096832038	1712.8333333333333	951.6151749402017	77	3269	2483.722222222222	1019.4051209669268	1028	4723	2444661.4444444445	23334.11577931793	2388080	2457600
ntv3_100m_pre_w2048	animal_fine	hmm_penalty2	0.5	25	18	0.5699439304082191	0.17538649133591713	0.2648476959977733	0.8414947806700231	0.5559710208034678	0.2715144347268196	0.1710971942425038	0.9410237135699296	0.5312932871653698	0.18138602784311977	0.2331940811613199	0.8547019397695893	0.16415307685240121	0.12889201519960525	0.0077821011673151	0.3947963800904977	0.23536477195452146	0.1754854766993465	0.0568720379146919	0.6403345724907064	0.18607975340563337	0.14199018934481353	0.0144796380090497	0.4865819209039548	0.7323732752146702	0.052396280000358446	0.6483440094256058	0.8314120159322893	0.0526212743232013	0.05533075775210166	0.0009727626459143	0.1702733485193621	0.07516063363994807	0.08454668942640348	0.0074173971679028	0.2778810408921933	0.060059153410256964	0.06470016640369247	0.0018099547511312	0.2111581920903954	44.93055555555556	27.927533003708053	17.5	104.5	0.45532341087210804	0.18779958981841666	0.1585603112840466	0.831463053144188	1028.0	549.4346827314738	280	2196	0.3811391586570483	0.23446939620687546	0.0661322645290581	0.8459196102314251	0.05018810390263348	0.03129476922100211	0.0049297286212538	0.1234965794637713	1.1663208814965993	0.6292216260234911	0.5212193664076509	2.721301775147929	0.15628711189265265	0.10372639661293945	0.0241635687732342	0.3796358732299393	0.3187044500858376	0.2022567102714433	0.0605175292153589	0.6682606096832038	1712.8333333333333	951.6151749402017	77	3269	2483.722222222222	1019.4051209669268	1028	4723	2444661.4444444445	23334.11577931793	2388080	2457600
ntv3_100m_pre_w2048	animal_fine	hmm_penalty2	0.5	50	18	0.5699439304082191	0.17538649133591713	0.2648476959977733	0.8414947806700231	0.5559710208034678	0.2715144347268196	0.1710971942425038	0.9410237135699296	0.5312932871653698	0.18138602784311977	0.2331940811613199	0.8547019397695893	0.16415307685240121	0.12889201519960525	0.0077821011673151	0.3947963800904977	0.23536477195452146	0.1754854766993465	0.0568720379146919	0.6403345724907064	0.18607975340563337	0.14199018934481353	0.0144796380090497	0.4865819209039548	0.7323732752146702	0.052396280000358446	0.6483440094256058	0.8314120159322893	0.08588871592747566	0.08673624818151421	0.0009727626459143	0.2799773755656108	0.1229031220832624	0.13337185224316217	0.0129870129870129	0.441449814126394	0.09816978480671808	0.10167040301037378	0.0018099547511312	0.3354519774011299	44.93055555555556	27.927533003708053	17.5	104.5	0.45532341087210804	0.18779958981841666	0.1585603112840466	0.831463053144188	1028.0	549.4346827314738	280	2196	0.3811391586570483	0.23446939620687546	0.0661322645290581	0.8459196102314251	0.05018810390263348	0.03129476922100211	0.0049297286212538	0.1234965794637713	1.1663208814965993	0.6292216260234911	0.5212193664076509	2.721301775147929	0.15628711189265265	0.10372639661293945	0.0241635687732342	0.3796358732299393	0.3187044500858376	0.2022567102714433	0.0605175292153589	0.6682606096832038	1712.8333333333333	951.6151749402017	77	3269	2483.722222222222	1019.4051209669268	1028	4723	2444661.4444444445	23334.11577931793	2388080	2457600
ntv3_100m_pre_w2048	animal_fine	hmm_penalty2	0.5	100	18	0.5699439304082191	0.17538649133591713	0.2648476959977733	0.8414947806700231	0.5559710208034678	0.2715144347268196	0.1710971942425038	0.9410237135699296	0.5312932871653698	0.18138602784311977	0.2331940811613199	0.8547019397695893	0.16415307685240121	0.12889201519960525	0.0077821011673151	0.3947963800904977	0.23536477195452146	0.1754854766993465	0.0568720379146919	0.6403345724907064	0.18607975340563337	0.14199018934481353	0.0144796380090497	0.4865819209039548	0.7323732752146702	0.052396280000358446	0.6483440094256058	0.8314120159322893	0.1150362831881675	0.10751091782837115	0.0048638132295719	0.3485193621867881	0.16687710667640288	0.1616858194248071	0.0484160191273162	0.5687732342007435	0.13152203771347978	0.12513377629346684	0.0090497737556561	0.4322033898305084	44.93055555555556	27.927533003708053	17.5	104.5	0.45532341087210804	0.18779958981841666	0.1585603112840466	0.831463053144188	1028.0	549.4346827314738	280	2196	0.3811391586570483	0.23446939620687546	0.0661322645290581	0.8459196102314251	0.05018810390263348	0.03129476922100211	0.0049297286212538	0.1234965794637713	1.1663208814965993	0.6292216260234911	0.5212193664076509	2.721301775147929	0.15628711189265265	0.10372639661293945	0.0241635687732342	0.3796358732299393	0.3187044500858376	0.2022567102714433	0.0605175292153589	0.6682606096832038	1712.8333333333333	951.6151749402017	77	3269	2483.722222222222	1019.4051209669268	1028	4723	2444661.4444444445	23334.11577931793	2388080	2457600
ntv3_100m_pre_w2048	animal_fine	hmm_penalty2	0.7	5	18	0.5699439304082191	0.17538649133591713	0.2648476959977733	0.8414947806700231	0.5559710208034678	0.2715144347268196	0.1710971942425038	0.9410237135699296	0.5312932871653698	0.18138602784311977	0.2331940811613199	0.8547019397695893	0.10421006558234308	0.09932733550087741	0.0019455252918287	0.3154897494305239	0.14915430008704744	0.15261653038465972	0.0250507786052809	0.5148698884758365	0.11865397024970006	0.11536698670399179	0.0036199095022624	0.3912429378531074	0.8418656969165539	0.03166690333872012	0.7539345769837099	0.888000395437254	0.011102572886298527	0.012729124282651327	0.0	0.0395927601809954	0.015457699181026796	0.019265374485548027	0.0	0.0585501858736059	0.012599789537540268	0.014858367257336396	0.0	0.0455284552845528	23.61111111111111	12.951329202231529	10.5	52.5	0.45532341087210804	0.18779958981841666	0.1585603112840466	0.831463053144188	1028.0	549.4346827314738	280	2196	0.3811391586570483	0.23446939620687546	0.0661322645290581	0.8459196102314251	0.05018810390263348	0.03129476922100211	0.0049297286212538	0.1234965794637713	1.1663208814965993	0.6292216260234911	0.5212193664076509	2.721301775147929	0.15628711189265265	0.10372639661293945	0.0241635687732342	0.3796358732299393	0.3187044500858376	0.2022567102714433	0.0605175292153589	0.6682606096832038	1712.8333333333333	951.6151749402017	77	3269	2483.722222222222	1019.4051209669268	1028	4723	2444661.4444444445	23334.11577931793	2388080	2457600
ntv3_100m_pre_w2048	animal_fine	hmm_penalty2	0.7	10	18	0.5699439304082191	0.17538649133591713	0.2648476959977733	0.8414947806700231	0.5559710208034678	0.2715144347268196	0.1710971942425038	0.9410237135699296	0.5312932871653698	0.18138602784311977	0.2331940811613199	0.8547019397695893	0.10421006558234308	0.09932733550087741	0.0019455252918287	0.3154897494305239	0.14915430008704744	0.15261653038465972	0.0250507786052809	0.5148698884758365	0.11865397024970006	0.11536698670399179	0.0036199095022624	0.3912429378531074	0.8418656969165539	0.03166690333872012	0.7539345769837099	0.888000395437254	0.022148748308757214	0.02506210442622199	0.0	0.0740318906605922	0.031046053539921552	0.03765198136050147	0.0	0.120817843866171	0.025185884279828232	0.029124338783829046	0.0	0.0918079096045197	23.61111111111111	12.951329202231529	10.5	52.5	0.45532341087210804	0.18779958981841666	0.1585603112840466	0.831463053144188	1028.0	549.4346827314738	280	2196	0.3811391586570483	0.23446939620687546	0.0661322645290581	0.8459196102314251	0.05018810390263348	0.03129476922100211	0.0049297286212538	0.1234965794637713	1.1663208814965993	0.6292216260234911	0.5212193664076509	2.721301775147929	0.15628711189265265	0.10372639661293945	0.0241635687732342	0.3796358732299393	0.3187044500858376	0.2022567102714433	0.0605175292153589	0.6682606096832038	1712.8333333333333	951.6151749402017	77	3269	2483.722222222222	1019.4051209669268	1028	4723	2444661.4444444445	23334.11577931793	2388080	2457600
ntv3_100m_pre_w2048	animal_fine	hmm_penalty2	0.7	25	18	0.5699439304082191	0.17538649133591713	0.2648476959977733	0.8414947806700231	0.5559710208034678	0.2715144347268196	0.1710971942425038	0.9410237135699296	0.5312932871653698	0.18138602784311977	0.2331940811613199	0.8547019397695893	0.10421006558234308	0.09932733550087741	0.0019455252918287	0.3154897494305239	0.14915430008704744	0.15261653038465972	0.0250507786052809	0.5148698884758365	0.11865397024970006	0.11536698670399179	0.0036199095022624	0.3912429378531074	0.8418656969165539	0.03166690333872012	0.7539345769837099	0.888000395437254	0.049912358282567876	0.05458857248596887	0.0	0.1685649202733485	0.07051239339559173	0.08377335342344089	0.0	0.275092936802974	0.05688928453194807	0.06392597827105123	0.0	0.2090395480225988	23.61111111111111	12.951329202231529	10.5	52.5	0.45532341087210804	0.18779958981841666	0.1585603112840466	0.831463053144188	1028.0	549.4346827314738	280	2196	0.3811391586570483	0.23446939620687546	0.0661322645290581	0.8459196102314251	0.05018810390263348	0.03129476922100211	0.0049297286212538	0.1234965794637713	1.1663208814965993	0.6292216260234911	0.5212193664076509	2.721301775147929	0.15628711189265265	0.10372639661293945	0.0241635687732342	0.3796358732299393	0.3187044500858376	0.2022567102714433	0.0605175292153589	0.6682606096832038	1712.8333333333333	951.6151749402017	77	3269	2483.722222222222	1019.4051209669268	1028	4723	2444661.4444444445	23334.11577931793	2388080	2457600
ntv3_100m_pre_w2048	animal_fine	hmm_penalty2	0.7	50	18	0.5699439304082191	0.17538649133591713	0.2648476959977733	0.8414947806700231	0.5559710208034678	0.2715144347268196	0.1710971942425038	0.9410237135699296	0.5312932871653698	0.18138602784311977	0.2331940811613199	0.8547019397695893	0.10421006558234308	0.09932733550087741	0.0019455252918287	0.3154897494305239	0.14915430008704744	0.15261653038465972	0.0250507786052809	0.5148698884758365	0.11865397024970006	0.11536698670399179	0.0036199095022624	0.3912429378531074	0.8418656969165539	0.03166690333872012	0.7539345769837099	0.888000395437254	0.0742231933849837	0.07963043255600102	0.0	0.2511389521640091	0.10582900500347113	0.12467968767002718	0.0	0.4098513011152416	0.08484173984014322	0.0939264692235328	0.0	0.3114406779661017	23.61111111111111	12.951329202231529	10.5	52.5	0.45532341087210804	0.18779958981841666	0.1585603112840466	0.831463053144188	1028.0	549.4346827314738	280	2196	0.3811391586570483	0.23446939620687546	0.0661322645290581	0.8459196102314251	0.05018810390263348	0.03129476922100211	0.0049297286212538	0.1234965794637713	1.1663208814965993	0.6292216260234911	0.5212193664076509	2.721301775147929	0.15628711189265265	0.10372639661293945	0.0241635687732342	0.3796358732299393	0.3187044500858376	0.2022567102714433	0.0605175292153589	0.6682606096832038	1712.8333333333333	951.6151749402017	77	3269	2483.722222222222	1019.4051209669268	1028	4723	2444661.4444444445	23334.11577931793	2388080	2457600
ntv3_100m_pre_w2048	animal_fine	hmm_penalty2	0.7	100	18	0.5699439304082191	0.17538649133591713	0.2648476959977733	0.8414947806700231	0.5559710208034678	0.2715144347268196	0.1710971942425038	0.9410237135699296	0.5312932871653698	0.18138602784311977	0.2331940811613199	0.8547019397695893	0.10421006558234308	0.09932733550087741	0.0019455252918287	0.3154897494305239	0.14915430008704744	0.15261653038465972	0.0250507786052809	0.5148698884758365	0.11865397024970006	0.11536698670399179	0.0036199095022624	0.3912429378531074	0.8418656969165539	0.03166690333872012	0.7539345769837099	0.888000395437254	0.08901511415815265	0.09324918033525337	0.0019455252918287	0.3052391799544419	0.12870813178781992	0.14555589975051955	0.0243737305348679	0.4981412639405204	0.10194994902827698	0.11015545686736428	0.0036199095022624	0.3785310734463277	23.61111111111111	12.951329202231529	10.5	52.5	0.45532341087210804	0.18779958981841666	0.1585603112840466	0.831463053144188	1028.0	549.4346827314738	280	2196	0.3811391586570483	0.23446939620687546	0.0661322645290581	0.8459196102314251	0.05018810390263348	0.03129476922100211	0.0049297286212538	0.1234965794637713	1.1663208814965993	0.6292216260234911	0.5212193664076509	2.721301775147929	0.15628711189265265	0.10372639661293945	0.0241635687732342	0.3796358732299393	0.3187044500858376	0.2022567102714433	0.0605175292153589	0.6682606096832038	1712.8333333333333	951.6151749402017	77	3269	2483.722222222222	1019.4051209669268	1028	4723	2444661.4444444445	23334.11577931793	2388080	2457600
ntv3_100m_pre_w2048	animal_fine	hmm_penalty2	0.8	5	18	0.5699439304082191	0.17538649133591713	0.2648476959977733	0.8414947806700231	0.5559710208034678	0.2715144347268196	0.1710971942425038	0.9410237135699296	0.5312932871653698	0.18138602784311977	0.2331940811613199	0.8547019397695893	0.07529679685330236	0.07718926913370211	0.0	0.2403189066059225	0.10761550413842401	0.12380034374953704	0.0	0.3921933085501858	0.08591605806525715	0.09100387006724173	0.0	0.2980225988700565	0.8481600336324625	0.21218261538900396	0.0	0.9192213519804868	0.011077041840546895	0.012750218339867307	0.0	0.0395927601809954	0.015420085399337183	0.019293770547820988	0.0	0.0585501858736059	0.012569373137017106	0.014882657810121208	0.0	0.0455284552845528	15.308823529411764	8.046510021705794	5.5	34.25	0.45532341087210804	0.18779958981841666	0.1585603112840466	0.831463053144188	1028.0	549.4346827314738	280	2196	0.3811391586570483	0.23446939620687546	0.0661322645290581	0.8459196102314251	0.05018810390263348	0.03129476922100211	0.0049297286212538	0.1234965794637713	1.1663208814965993	0.6292216260234911	0.5212193664076509	2.721301775147929	0.15628711189265265	0.10372639661293945	0.0241635687732342	0.3796358732299393	0.3187044500858376	0.2022567102714433	0.0605175292153589	0.6682606096832038	1712.8333333333333	951.6151749402017	77	3269	2483.722222222222	1019.4051209669268	1028	4723	2444661.4444444445	23334.11577931793	2388080	2457600
ntv3_100m_pre_w2048	animal_fine	hmm_penalty2	0.8	10	18	0.5699439304082191	0.17538649133591713	0.2648476959977733	0.8414947806700231	0.5559710208034678	0.2715144347268196	0.1710971942425038	0.9410237135699296	0.5312932871653698	0.18138602784311977	0.2331940811613199	0.8547019397695893	0.07529679685330236	0.07718926913370211	0.0	0.2403189066059225	0.10761550413842401	0.12380034374953704	0.0	0.3921933085501858	0.08591605806525715	0.09100387006724173	0.0	0.2980225988700565	0.8481600336324625	0.21218261538900396	0.0	0.9192213519804868	0.021816634660454567	0.02478435170337485	0.0	0.0723234624145785	0.0305541612661998	0.037223374775057064	0.0	0.1180297397769516	0.024794434770329346	0.028771917289946426	0.0	0.0896892655367231	15.308823529411764	8.046510021705794	5.5	34.25	0.45532341087210804	0.18779958981841666	0.1585603112840466	0.831463053144188	1028.0	549.4346827314738	280	2196	0.3811391586570483	0.23446939620687546	0.0661322645290581	0.8459196102314251	0.05018810390263348	0.03129476922100211	0.0049297286212538	0.1234965794637713	1.1663208814965993	0.6292216260234911	0.5212193664076509	2.721301775147929	0.15628711189265265	0.10372639661293945	0.0241635687732342	0.3796358732299393	0.3187044500858376	0.2022567102714433	0.0605175292153589	0.6682606096832038	1712.8333333333333	951.6151749402017	77	3269	2483.722222222222	1019.4051209669268	1028	4723	2444661.4444444445	23334.11577931793	2388080	2457600
ntv3_100m_pre_w2048	animal_fine	hmm_penalty2	0.8	25	18	0.5699439304082191	0.17538649133591713	0.2648476959977733	0.8414947806700231	0.5559710208034678	0.2715144347268196	0.1710971942425038	0.9410237135699296	0.5312932871653698	0.18138602784311977	0.2331940811613199	0.8547019397695893	0.07529679685330236	0.07718926913370211	0.0	0.2403189066059225	0.10761550413842401	0.12380034374953704	0.0	0.3921933085501858	0.08591605806525715	0.09100387006724173	0.0	0.2980225988700565	0.8481600336324625	0.21218261538900396	0.0	0.9192213519804868	0.04517732772877796	0.05047750862052188	0.0	0.1548974943052392	0.06384232232935581	0.07779557558838693	0.0	0.2527881040892193	0.051484256042857265	0.05915197086527766	0.0	0.192090395480226	15.308823529411764	8.046510021705794	5.5	34.25	0.45532341087210804	0.18779958981841666	0.1585603112840466	0.831463053144188	1028.0	549.4346827314738	280	2196	0.3811391586570483	0.23446939620687546	0.0661322645290581	0.8459196102314251	0.05018810390263348	0.03129476922100211	0.0049297286212538	0.1234965794637713	1.1663208814965993	0.6292216260234911	0.5212193664076509	2.721301775147929	0.15628711189265265	0.10372639661293945	0.0241635687732342	0.3796358732299393	0.3187044500858376	0.2022567102714433	0.0605175292153589	0.6682606096832038	1712.8333333333333	951.6151749402017	77	3269	2483.722222222222	1019.4051209669268	1028	4723	2444661.4444444445	23334.11577931793	2388080	2457600
ntv3_100m_pre_w2048	animal_fine	hmm_penalty2	0.8	50	18	0.5699439304082191	0.17538649133591713	0.2648476959977733	0.8414947806700231	0.5559710208034678	0.2715144347268196	0.1710971942425038	0.9410237135699296	0.5312932871653698	0.18138602784311977	0.2331940811613199	0.8547019397695893	0.07529679685330236	0.07718926913370211	0.0	0.2403189066059225	0.10761550413842401	0.12380034374953704	0.0	0.3921933085501858	0.08591605806525715	0.09100387006724173	0.0	0.2980225988700565	0.8481600336324625	0.21218261538900396	0.0	0.9192213519804868	0.06155502891535617	0.06869818565883654	0.0	0.214123006833713	0.08812872933397341	0.10892818116646383	0.0	0.3494423791821561	0.07044615070743533	0.08134794791585606	0.0	0.2655367231638418	15.308823529411764	8.046510021705794	5.5	34.25	0.45532341087210804	0.18779958981841666	0.1585603112840466	0.831463053144188	1028.0	549.4346827314738	280	2196	0.3811391586570483	0.23446939620687546	0.0661322645290581	0.8459196102314251	0.05018810390263348	0.03129476922100211	0.0049297286212538	0.1234965794637713	1.1663208814965993	0.6292216260234911	0.5212193664076509	2.721301775147929	0.15628711189265265	0.10372639661293945	0.0241635687732342	0.3796358732299393	0.3187044500858376	0.2022567102714433	0.0605175292153589	0.6682606096832038	1712.8333333333333	951.6151749402017	77	3269	2483.722222222222	1019.4051209669268	1028	4723	2444661.4444444445	23334.11577931793	2388080	2457600
ntv3_100m_pre_w2048	animal_fine	hmm_penalty2	0.8	100	18	0.5699439304082191	0.17538649133591713	0.2648476959977733	0.8414947806700231	0.5559710208034678	0.2715144347268196	0.1710971942425038	0.9410237135699296	0.5312932871653698	0.18138602784311977	0.2331940811613199	0.8547019397695893	0.07529679685330236	0.07718926913370211	0.0	0.2403189066059225	0.10761550413842401	0.12380034374953704	0.0	0.3921933085501858	0.08591605806525715	0.09100387006724173	0.0	0.2980225988700565	0.8481600336324625	0.21218261538900396	0.0	0.9192213519804868	0.0686735319828911	0.074687233505489	0.0	0.2380410022779043	0.09871442326268492	0.11968729494338577	0.0	0.3884758364312267	0.07867488794811671	0.088704941695298	0.0	0.2951977401129943	15.308823529411764	8.046510021705794	5.5	34.25	0.45532341087210804	0.18779958981841666	0.1585603112840466	0.831463053144188	1028.0	549.4346827314738	280	2196	0.3811391586570483	0.23446939620687546	0.0661322645290581	0.8459196102314251	0.05018810390263348	0.03129476922100211	0.0049297286212538	0.1234965794637713	1.1663208814965993	0.6292216260234911	0.5212193664076509	2.721301775147929	0.15628711189265265	0.10372639661293945	0.0241635687732342	0.3796358732299393	0.3187044500858376	0.2022567102714433	0.0605175292153589	0.6682606096832038	1712.8333333333333	951.6151749402017	77	3269	2483.722222222222	1019.4051209669268	1028	4723	2444661.4444444445	23334.11577931793	2388080	2457600
ntv3_100m_pre_w2048	animal_fine	hmm_penalty2	0.9	5	18	0.5699439304082191	0.17538649133591713	0.2648476959977733	0.8414947806700231	0.5559710208034678	0.2715144347268196	0.1710971942425038	0.9410237135699296	0.5312932871653698	0.18138602784311977	0.2331940811613199	0.8547019397695893	0.041267638608713395	0.04487510633819933	0.0	0.1406605922551252	0.05997925849359845	0.07580876839815873	0.0	0.2345215759849906	0.04739749731512407	0.05396484870256956	0.0	0.1744350282485875	0.8947031014256118	0.22343543705267155	0.0	0.9600200487145364	0.010568385682498788	0.012022725155145934	0.0	0.0361990950226244	0.014644099274325417	0.018141613673661842	0.0	0.0548327137546468	0.011963354681957966	0.013988923652558891	0.0	0.0416666666666666	9.029411764705882	4.404261388967842	2.0	19.0	0.45532341087210804	0.18779958981841666	0.1585603112840466	0.831463053144188	1028.0	549.4346827314738	280	2196	0.3811391586570483	0.23446939620687546	0.0661322645290581	0.8459196102314251	0.05018810390263348	0.03129476922100211	0.0049297286212538	0.1234965794637713	1.1663208814965993	0.6292216260234911	0.5212193664076509	2.721301775147929	0.15628711189265265	0.10372639661293945	0.0241635687732342	0.3796358732299393	0.3187044500858376	0.2022567102714433	0.0605175292153589	0.6682606096832038	1712.8333333333333	951.6151749402017	77	3269	2483.722222222222	1019.4051209669268	1028	4723	2444661.4444444445	23334.11577931793	2388080	2457600
ntv3_100m_pre_w2048	animal_fine	hmm_penalty2	0.9	10	18	0.5699439304082191	0.17538649133591713	0.2648476959977733	0.8414947806700231	0.5559710208034678	0.2715144347268196	0.1710971942425038	0.9410237135699296	0.5312932871653698	0.18138602784311977	0.2331940811613199	0.8547019397695893	0.041267638608713395	0.04487510633819933	0.0	0.1406605922551252	0.05997925849359845	0.07580876839815873	0.0	0.2345215759849906	0.04739749731512407	0.05396484870256956	0.0	0.1744350282485875	0.8947031014256118	0.22343543705267155	0.0	0.9600200487145364	0.019193181980938095	0.021466558057870528	0.0	0.0612903225806451	0.026751801550268933	0.032443922926442985	0.0	0.0975836431226765	0.021750268222941023	0.0248465802407543	0.0	0.0741525423728813	9.029411764705882	4.404261388967842	2.0	19.0	0.45532341087210804	0.18779958981841666	0.1585603112840466	0.831463053144188	1028.0	549.4346827314738	280	2196	0.3811391586570483	0.23446939620687546	0.0661322645290581	0.8459196102314251	0.05018810390263348	0.03129476922100211	0.0049297286212538	0.1234965794637713	1.1663208814965993	0.6292216260234911	0.5212193664076509	2.721301775147929	0.15628711189265265	0.10372639661293945	0.0241635687732342	0.3796358732299393	0.3187044500858376	0.2022567102714433	0.0605175292153589	0.6682606096832038	1712.8333333333333	951.6151749402017	77	3269	2483.722222222222	1019.4051209669268	1028	4723	2444661.4444444445	23334.11577931793	2388080	2457600
ntv3_100m_pre_w2048	animal_fine	hmm_penalty2	0.9	25	18	0.5699439304082191	0.17538649133591713	0.2648476959977733	0.8414947806700231	0.5559710208034678	0.2715144347268196	0.1710971942425038	0.9410237135699296	0.5312932871653698	0.18138602784311977	0.2331940811613199	0.8547019397695893	0.041267638608713395	0.04487510633819933	0.0	0.1406605922551252	0.05997925849359845	0.07580876839815873	0.0	0.2345215759849906	0.04739749731512407	0.05396484870256956	0.0	0.1744350282485875	0.8947031014256118	0.22343543705267155	0.0	0.9600200487145364	0.03241515771366446	0.036750349174890215	0.0	0.1121867881548975	0.046530751893753594	0.05912944312133458	0.0	0.183085501858736	0.037131658902278084	0.04360223545181544	0.0	0.1391242937853107	9.029411764705882	4.404261388967842	2.0	19.0	0.45532341087210804	0.18779958981841666	0.1585603112840466	0.831463053144188	1028.0	549.4346827314738	280	2196	0.3811391586570483	0.23446939620687546	0.0661322645290581	0.8459196102314251	0.05018810390263348	0.03129476922100211	0.0049297286212538	0.1234965794637713	1.1663208814965993	0.6292216260234911	0.5212193664076509	2.721301775147929	0.15628711189265265	0.10372639661293945	0.0241635687732342	0.3796358732299393	0.3187044500858376	0.2022567102714433	0.0605175292153589	0.6682606096832038	1712.8333333333333	951.6151749402017	77	3269	2483.722222222222	1019.4051209669268	1028	4723	2444661.4444444445	23334.11577931793	2388080	2457600
ntv3_100m_pre_w2048	animal_fine	hmm_penalty2	0.9	50	18	0.5699439304082191	0.17538649133591713	0.2648476959977733	0.8414947806700231	0.5559710208034678	0.2715144347268196	0.1710971942425038	0.9410237135699296	0.5312932871653698	0.18138602784311977	0.2331940811613199	0.8547019397695893	0.041267638608713395	0.04487510633819933	0.0	0.1406605922551252	0.05997925849359845	0.07580876839815873	0.0	0.2345215759849906	0.04739749731512407	0.05396484870256956	0.0	0.1744350282485875	0.8947031014256118	0.22343543705267155	0.0	0.9600200487145364	0.03809595702398633	0.04335789568035445	0.0	0.1361047835990888	0.05543723923036076	0.0719590393410634	0.0	0.2221189591078066	0.04384474551063796	0.05206506631841733	0.0	0.1687853107344633	9.029411764705882	4.404261388967842	2.0	19.0	0.45532341087210804	0.18779958981841666	0.1585603112840466	0.831463053144188	1028.0	549.4346827314738	280	2196	0.3811391586570483	0.23446939620687546	0.0661322645290581	0.8459196102314251	0.05018810390263348	0.03129476922100211	0.0049297286212538	0.1234965794637713	1.1663208814965993	0.6292216260234911	0.5212193664076509	2.721301775147929	0.15628711189265265	0.10372639661293945	0.0241635687732342	0.3796358732299393	0.3187044500858376	0.2022567102714433	0.0605175292153589	0.6682606096832038	1712.8333333333333	951.6151749402017	77	3269	2483.722222222222	1019.4051209669268	1028	4723	2444661.4444444445	23334.11577931793	2388080	2457600
ntv3_100m_pre_w2048	animal_fine	hmm_penalty2	0.9	100	18	0.5699439304082191	0.17538649133591713	0.2648476959977733	0.8414947806700231	0.5559710208034678	0.2715144347268196	0.1710971942425038	0.9410237135699296	0.5312932871653698	0.18138602784311977	0.2331940811613199	0.8547019397695893	0.041267638608713395	0.04487510633819933	0.0	0.1406605922551252	0.05997925849359845	0.07580876839815873	0.0	0.2345215759849906	0.04739749731512407	0.05396484870256956	0.0	0.1744350282485875	0.8947031014256118	0.22343543705267155	0.0	0.9600200487145364	0.03984287141410091	0.04459833212114908	0.0	0.1406605922551252	0.05811810952798854	0.0749466510974234	0.0	0.2295539033457249	0.04586758068430903	0.05371296166297384	0.0	0.1744350282485875	9.029411764705882	4.404261388967842	2.0	19.0	0.45532341087210804	0.18779958981841666	0.1585603112840466	0.831463053144188	1028.0	549.4346827314738	280	2196	0.3811391586570483	0.23446939620687546	0.0661322645290581	0.8459196102314251	0.05018810390263348	0.03129476922100211	0.0049297286212538	0.1234965794637713	1.1663208814965993	0.6292216260234911	0.5212193664076509	2.721301775147929	0.15628711189265265	0.10372639661293945	0.0241635687732342	0.3796358732299393	0.3187044500858376	0.2022567102714433	0.0605175292153589	0.6682606096832038	1712.8333333333333	951.6151749402017	77	3269	2483.722222222222	1019.4051209669268	1028	4723	2444661.4444444445	23334.11577931793	2388080	2457600
ntv3_100m_pre_w2048	animal_fine	raw_threshold	0.5	5	18	0.5602619461221564	0.18364945058852317	0.2308401713746278	0.8362968512265284	0.5578635402721557	0.26532554087685123	0.1998627777291174	0.9394500763076972	0.5300064743813742	0.17879547855670047	0.2355584082156611	0.854108460861682	0.01626675565125055	0.020031336990173673	0.0001144071259295	0.0579452676141518	0.234560685653631	0.22178816959259343	0.0083432657926102	0.6988847583643123	0.03003576986354681	0.03645386226899838	0.0002257190764865	0.103469222462203	0.7241373139673898	0.0736648680737753	0.5597716965927602	0.835374049689131	0.0012893529804565318	0.0019702079055670865	0.0	0.006841548231025	0.017501861376122377	0.02293175165306239	0.0	0.062267657992565	0.0023766220914645288	0.0035798607430169347	0.0	0.0122165226781857	32.43055555555556	16.749847575152728	11.75	68.75	0.4046205504063446	0.21897632101575418	0.0691024622716441	0.8499511655347233	52035.77777777778	45829.98896504283	13322	175561	0.39436891878954516	0.22741624893037293	0.0500675627622501	0.850405272241557	0.004020272126736133	0.001964413129813556	0.0004020937986455	0.0072934397771031	22.909348267479828	31.98763502114763	2.0148698884758365	93.62337662337664	0.5139875406024789	0.20352153107965998	0.2329974811083123	0.8192852326365475	0.18739443060788144	0.10725235520556071	0.0496661101836394	0.3783783783783784	1712.8333333333333	951.6151749402017	77	3269	53376.833333333336	45819.12515308556	14758	177129	2444661.4444444445	23334.11577931793	2388080	2457600
ntv3_100m_pre_w2048	animal_fine	raw_threshold	0.5	10	18	0.5602619461221564	0.18364945058852317	0.2308401713746278	0.8362968512265284	0.5578635402721557	0.26532554087685123	0.1998627777291174	0.9394500763076972	0.5300064743813742	0.17879547855670047	0.2355584082156611	0.854108460861682	0.01626675565125055	0.020031336990173673	0.0001144071259295	0.0579452676141518	0.234560685653631	0.22178816959259343	0.0083432657926102	0.6988847583643123	0.03003576986354681	0.03645386226899838	0.0002257190764865	0.103469222462203	0.7241373139673898	0.0736648680737753	0.5597716965927602	0.835374049689131	0.0028010353538913866	0.004099638456644301	1.25550854373564e-05	0.013456304807983	0.038793537302327236	0.04715945097285961	0.00119189511323	0.1459107806691449	0.0051636784696735445	0.0074608413247547935	2.487856152157282e-05	0.0240280777537797	32.43055555555556	16.749847575152728	11.75	68.75	0.4046205504063446	0.21897632101575418	0.0691024622716441	0.8499511655347233	52035.77777777778	45829.98896504283	13322	175561	0.39436891878954516	0.22741624893037293	0.0500675627622501	0.850405272241557	0.004020272126736133	0.001964413129813556	0.0004020937986455	0.0072934397771031	22.909348267479828	31.98763502114763	2.0148698884758365	93.62337662337664	0.5139875406024789	0.20352153107965998	0.2329974811083123	0.8192852326365475	0.18739443060788144	0.10725235520556071	0.0496661101836394	0.3783783783783784	1712.8333333333333	951.6151749402017	77	3269	53376.833333333336	45819.12515308556	14758	177129	2444661.4444444445	23334.11577931793	2388080	2457600
ntv3_100m_pre_w2048	animal_fine	raw_threshold	0.5	25	18	0.5602619461221564	0.18364945058852317	0.2308401713746278	0.8362968512265284	0.5578635402721557	0.26532554087685123	0.1998627777291174	0.9394500763076972	0.5300064743813742	0.17879547855670047	0.2355584082156611	0.854108460861682	0.01626675565125055	0.020031336990173673	0.0001144071259295	0.0579452676141518	0.234560685653631	0.22178816959259343	0.0083432657926102	0.6988847583643123	0.03003576986354681	0.03645386226899838	0.0002257190764865	0.103469222462203	0.7241373139673898	0.0736648680737753	0.5597716965927602	0.835374049689131	0.006379435375323681	0.008942965745791278	1.6343875132793986e-05	0.0278575748412458	0.08894437141432814	0.10370023795931198	0.00119189511323	0.3243494423791822	0.011766662522287669	0.01629882365372901	3.224558235521734e-05	0.0497435205183585	32.43055555555556	16.749847575152728	11.75	68.75	0.4046205504063446	0.21897632101575418	0.0691024622716441	0.8499511655347233	52035.77777777778	45829.98896504283	13322	175561	0.39436891878954516	0.22741624893037293	0.0500675627622501	0.850405272241557	0.004020272126736133	0.001964413129813556	0.0004020937986455	0.0072934397771031	22.909348267479828	31.98763502114763	2.0148698884758365	93.62337662337664	0.5139875406024789	0.20352153107965998	0.2329974811083123	0.8192852326365475	0.18739443060788144	0.10725235520556071	0.0496661101836394	0.3783783783783784	1712.8333333333333	951.6151749402017	77	3269	53376.833333333336	45819.12515308556	14758	177129	2444661.4444444445	23334.11577931793	2388080	2457600
ntv3_100m_pre_w2048	animal_fine	raw_threshold	0.5	50	18	0.5602619461221564	0.18364945058852317	0.2308401713746278	0.8362968512265284	0.5578635402721557	0.26532554087685123	0.1998627777291174	0.9394500763076972	0.5300064743813742	0.17879547855670047	0.2355584082156611	0.854108460861682	0.01626675565125055	0.020031336990173673	0.0001144071259295	0.0579452676141518	0.234560685653631	0.22178816959259343	0.0083432657926102	0.6988847583643123	0.03003576986354681	0.03645386226899838	0.0002257190764865	0.103469222462203	0.7241373139673898	0.0736648680737753	0.5597716965927602	0.835374049689131	0.009859734539497289	0.013412024455997073	4.903162539838196e-05	0.0388191714544904	0.1393055218464561	0.15862415365851001	0.0035756853396901	0.5092936802973977	0.018205861245669593	0.024504094830108916	9.6736747065652e-05	0.0693169546436285	32.43055555555556	16.749847575152728	11.75	68.75	0.4046205504063446	0.21897632101575418	0.0691024622716441	0.8499511655347233	52035.77777777778	45829.98896504283	13322	175561	0.39436891878954516	0.22741624893037293	0.0500675627622501	0.850405272241557	0.004020272126736133	0.001964413129813556	0.0004020937986455	0.0072934397771031	22.909348267479828	31.98763502114763	2.0148698884758365	93.62337662337664	0.5139875406024789	0.20352153107965998	0.2329974811083123	0.8192852326365475	0.18739443060788144	0.10725235520556071	0.0496661101836394	0.3783783783783784	1712.8333333333333	951.6151749402017	77	3269	53376.833333333336	45819.12515308556	14758	177129	2444661.4444444445	23334.11577931793	2388080	2457600
ntv3_100m_pre_w2048	animal_fine	raw_threshold	0.5	100	18	0.5602619461221564	0.18364945058852317	0.2308401713746278	0.8362968512265284	0.5578635402721557	0.26532554087685123	0.1998627777291174	0.9394500763076972	0.5300064743813742	0.17879547855670047	0.2355584082156611	0.854108460861682	0.01626675565125055	0.020031336990173673	0.0001144071259295	0.0579452676141518	0.234560685653631	0.22178816959259343	0.0083432657926102	0.6988847583643123	0.03003576986354681	0.03645386226899838	0.0002257190764865	0.103469222462203	0.7241373139673898	0.0736648680737753	0.5597716965927602	0.835374049689131	0.01248495630732409	0.016530877436665637	9.43900827486392e-05	0.0472860598729966	0.17903271054874836	0.19315544785285196	0.0071513706793802	0.6384758364312267	0.02306261209068552	0.030197739473194134	0.0001883239171374	0.0867752936718453	32.43055555555556	16.749847575152728	11.75	68.75	0.4046205504063446	0.21897632101575418	0.0691024622716441	0.8499511655347233	52035.77777777778	45829.98896504283	13322	175561	0.39436891878954516	0.22741624893037293	0.0500675627622501	0.850405272241557	0.004020272126736133	0.001964413129813556	0.0004020937986455	0.0072934397771031	22.909348267479828	31.98763502114763	2.0148698884758365	93.62337662337664	0.5139875406024789	0.20352153107965998	0.2329974811083123	0.8192852326365475	0.18739443060788144	0.10725235520556071	0.0496661101836394	0.3783783783783784	1712.8333333333333	951.6151749402017	77	3269	53376.833333333336	45819.12515308556	14758	177129	2444661.4444444445	23334.11577931793	2388080	2457600
ntv3_100m_pre_w2048	animal_fine	raw_threshold	0.7	5	18	0.5602619461221564	0.18364945058852317	0.2308401713746278	0.8362968512265284	0.5578635402721557	0.26532554087685123	0.1998627777291174	0.9394500763076972	0.5300064743813742	0.17879547855670047	0.2355584082156611	0.854108460861682	0.01135106589437171	0.014959519136635006	0.0	0.0414272754762624	0.15746331800951163	0.1810078066368491	0.0	0.5659851301115242	0.0209511006971959	0.02733428321889105	0.0	0.0769230769230769	0.8002041823096389	0.20212467349868737	0.0	0.8940313809021135	0.001288524732565251	0.0019707715965046092	0.0	0.006841548231025	0.017464247594432766	0.022960333480695656	0.0	0.062267657992565	0.002375001285502556	0.003580978528649549	0.0	0.0122165226781857	17.720588235294116	10.188030029517627	6.0	48.5	0.4046205504063446	0.21897632101575418	0.0691024622716441	0.8499511655347233	52035.77777777778	45829.98896504283	13322	175561	0.39436891878954516	0.22741624893037293	0.0500675627622501	0.850405272241557	0.004020272126736133	0.001964413129813556	0.0004020937986455	0.0072934397771031	22.909348267479828	31.98763502114763	2.0148698884758365	93.62337662337664	0.5139875406024789	0.20352153107965998	0.2329974811083123	0.8192852326365475	0.18739443060788144	0.10725235520556071	0.0496661101836394	0.3783783783783784	1712.8333333333333	951.6151749402017	77	3269	53376.833333333336	45819.12515308556	14758	177129	2444661.4444444445	23334.11577931793	2388080	2457600
ntv3_100m_pre_w2048	animal_fine	raw_threshold	0.7	10	18	0.5602619461221564	0.18364945058852317	0.2308401713746278	0.8362968512265284	0.5578635402721557	0.26532554087685123	0.1998627777291174	0.9394500763076972	0.5300064743813742	0.17879547855670047	0.2355584082156611	0.854108460861682	0.01135106589437171	0.014959519136635006	0.0	0.0414272754762624	0.15746331800951163	0.1810078066368491	0.0	0.5659851301115242	0.0209511006971959	0.02733428321889105	0.0	0.0769230769230769	0.8002041823096389	0.20212467349868737	0.0	0.8940313809021135	0.0027829115337324904	0.0040947512875453475	0.0	0.0134185061989718	0.037739624197767635	0.04773028296951356	0.0	0.1459107806691449	0.005129442202582482	0.007452841764431553	0.0	0.0239605831533477	17.720588235294116	10.188030029517627	6.0	48.5	0.4046205504063446	0.21897632101575418	0.0691024622716441	0.8499511655347233	52035.77777777778	45829.98896504283	13322	175561	0.39436891878954516	0.22741624893037293	0.0500675627622501	0.850405272241557	0.004020272126736133	0.001964413129813556	0.0004020937986455	0.0072934397771031	22.909348267479828	31.98763502114763	2.0148698884758365	93.62337662337664	0.5139875406024789	0.20352153107965998	0.2329974811083123	0.8192852326365475	0.18739443060788144	0.10725235520556071	0.0496661101836394	0.3783783783783784	1712.8333333333333	951.6151749402017	77	3269	53376.833333333336	45819.12515308556	14758	177129	2444661.4444444445	23334.11577931793	2388080	2457600
ntv3_100m_pre_w2048	animal_fine	raw_threshold	0.7	25	18	0.5602619461221564	0.18364945058852317	0.2308401713746278	0.8362968512265284	0.5578635402721557	0.26532554087685123	0.1998627777291174	0.9394500763076972	0.5300064743813742	0.17879547855670047	0.2355584082156611	0.854108460861682	0.01135106589437171	0.014959519136635006	0.0	0.0414272754762624	0.15746331800951163	0.1810078066368491	0.0	0.5659851301115242	0.0209511006971959	0.02733428321889105	0.0	0.0769230769230769	0.8002041823096389	0.20212467349868737	0.0	0.8940313809021135	0.006143839053953386	0.008751744990578823	0.0	0.027101602661022	0.08331697584331801	0.10270388654163447	0.0	0.3197026022304832	0.011326965335074253	0.015954649789808865	0.0	0.0483936285097192	17.720588235294116	10.188030029517627	6.0	48.5	0.4046205504063446	0.21897632101575418	0.0691024622716441	0.8499511655347233	52035.77777777778	45829.98896504283	13322	175561	0.39436891878954516	0.22741624893037293	0.0500675627622501	0.850405272241557	0.004020272126736133	0.001964413129813556	0.0004020937986455	0.0072934397771031	22.909348267479828	31.98763502114763	2.0148698884758365	93.62337662337664	0.5139875406024789	0.20352153107965998	0.2329974811083123	0.8192852326365475	0.18739443060788144	0.10725235520556071	0.0496661101836394	0.3783783783783784	1712.8333333333333	951.6151749402017	77	3269	53376.833333333336	45819.12515308556	14758	177129	2444661.4444444445	23334.11577931793	2388080	2457600
ntv3_100m_pre_w2048	animal_fine	raw_threshold	0.7	50	18	0.5602619461221564	0.18364945058852317	0.2308401713746278	0.8362968512265284	0.5578635402721557	0.26532554087685123	0.1998627777291174	0.9394500763076972	0.5300064743813742	0.17879547855670047	0.2355584082156611	0.854108460861682	0.01135106589437171	0.014959519136635006	0.0	0.0414272754762624	0.15746331800951163	0.1810078066368491	0.0	0.5659851301115242	0.0209511006971959	0.02733428321889105	0.0	0.0769230769230769	0.8002041823096389	0.20212467349868737	0.0	0.8940313809021135	0.00875324215462819	0.012223468890137014	0.0	0.0351527063804052	0.12028138129242685	0.1478330001723606	0.0	0.466542750929368	0.01615359590489039	0.02234623122817767	0.0	0.0634078565113047	17.720588235294116	10.188030029517627	6.0	48.5	0.4046205504063446	0.21897632101575418	0.0691024622716441	0.8499511655347233	52035.77777777778	45829.98896504283	13322	175561	0.39436891878954516	0.22741624893037293	0.0500675627622501	0.850405272241557	0.004020272126736133	0.001964413129813556	0.0004020937986455	0.0072934397771031	22.909348267479828	31.98763502114763	2.0148698884758365	93.62337662337664	0.5139875406024789	0.20352153107965998	0.2329974811083123	0.8192852326365475	0.18739443060788144	0.10725235520556071	0.0496661101836394	0.3783783783783784	1712.8333333333333	951.6151749402017	77	3269	53376.833333333336	45819.12515308556	14758	177129	2444661.4444444445	23334.11577931793	2388080	2457600
ntv3_100m_pre_w2048	animal_fine	raw_threshold	0.7	100	18	0.5602619461221564	0.18364945058852317	0.2308401713746278	0.8362968512265284	0.5578635402721557	0.26532554087685123	0.1998627777291174	0.9394500763076972	0.5300064743813742	0.17879547855670047	0.2355584082156611	0.854108460861682	0.01135106589437171	0.014959519136635006	0.0	0.0414272754762624	0.15746331800951163	0.1810078066368491	0.0	0.5659851301115242	0.0209511006971959	0.02733428321889105	0.0	0.0769230769230769	0.8002041823096389	0.20212467349868737	0.0	0.8940313809021135	0.010096227272570944	0.013937941242278864	0.0	0.0399783168451009	0.13944118918653822	0.16965263731119012	0.0	0.5483271375464684	0.018638067438559874	0.025503562338101606	0.0	0.0745231779714538	17.720588235294116	10.188030029517627	6.0	48.5	0.4046205504063446	0.21897632101575418	0.0691024622716441	0.8499511655347233	52035.77777777778	45829.98896504283	13322	175561	0.39436891878954516	0.22741624893037293	0.0500675627622501	0.850405272241557	0.004020272126736133	0.001964413129813556	0.0004020937986455	0.0072934397771031	22.909348267479828	31.98763502114763	2.0148698884758365	93.62337662337664	0.5139875406024789	0.20352153107965998	0.2329974811083123	0.8192852326365475	0.18739443060788144	0.10725235520556071	0.0496661101836394	0.3783783783783784	1712.8333333333333	951.6151749402017	77	3269	53376.833333333336	45819.12515308556	14758	177129	2444661.4444444445	23334.11577931793	2388080	2457600
ntv3_100m_pre_w2048	animal_fine	raw_threshold	0.8	5	18	0.5602619461221564	0.18364945058852317	0.2308401713746278	0.8362968512265284	0.5578635402721557	0.26532554087685123	0.1998627777291174	0.9394500763076972	0.5300064743813742	0.17879547855670047	0.2355584082156611	0.854108460861682	0.008498670303492807	0.011541873766339172	0.0	0.032506803749622	0.11694988371020942	0.14428010492786714	0.0	0.4386617100371747	0.015683414398245235	0.02110906070993897	0.0	0.059618542377163	0.844355253542426	0.21183649943660463	0.0	0.9238120445326156	0.001286708622222094	0.0019717947907289344	0.0	0.006841548231025	0.01741365216795583	0.02299172229120159	0.0	0.062267657992565	0.0023715028148762946	0.0035829657729615854	0.0	0.0122165226781857	12.382352941176471	5.7521175768274295	5.5	25.5	0.4046205504063446	0.21897632101575418	0.0691024622716441	0.8499511655347233	52035.77777777778	45829.98896504283	13322	175561	0.39436891878954516	0.22741624893037293	0.0500675627622501	0.850405272241557	0.004020272126736133	0.001964413129813556	0.0004020937986455	0.0072934397771031	22.909348267479828	31.98763502114763	2.0148698884758365	93.62337662337664	0.5139875406024789	0.20352153107965998	0.2329974811083123	0.8192852326365475	0.18739443060788144	0.10725235520556071	0.0496661101836394	0.3783783783783784	1712.8333333333333	951.6151749402017	77	3269	53376.833333333336	45819.12515308556	14758	177129	2444661.4444444445	23334.11577931793	2388080	2457600
ntv3_100m_pre_w2048	animal_fine	raw_threshold	0.8	10	18	0.5602619461221564	0.18364945058852317	0.2308401713746278	0.8362968512265284	0.5578635402721557	0.26532554087685123	0.1998627777291174	0.9394500763076972	0.5300064743813742	0.17879547855670047	0.2355584082156611	0.854108460861682	0.008498670303492807	0.011541873766339172	0.0	0.032506803749622	0.11694988371020942	0.14428010492786714	0.0	0.4386617100371747	0.015683414398245235	0.02110906070993897	0.0	0.059618542377163	0.844355253542426	0.21183649943660463	0.0	0.9238120445326156	0.0027352291681364553	0.004047337496984567	0.0	0.0133429089809495	0.036820748591297664	0.04688568411349206	0.0	0.1421933085501859	0.005039704060787463	0.007363431569164957	0.0	0.0238255939524838	12.382352941176471	5.7521175768274295	5.5	25.5	0.4046205504063446	0.21897632101575418	0.0691024622716441	0.8499511655347233	52035.77777777778	45829.98896504283	13322	175561	0.39436891878954516	0.22741624893037293	0.0500675627622501	0.850405272241557	0.004020272126736133	0.001964413129813556	0.0004020937986455	0.0072934397771031	22.909348267479828	31.98763502114763	2.0148698884758365	93.62337662337664	0.5139875406024789	0.20352153107965998	0.2329974811083123	0.8192852326365475	0.18739443060788144	0.10725235520556071	0.0496661101836394	0.3783783783783784	1712.8333333333333	951.6151749402017	77	3269	53376.833333333336	45819.12515308556	14758	177129	2444661.4444444445	23334.11577931793	2388080	2457600
ntv3_100m_pre_w2048	animal_fine	raw_threshold	0.8	25	18	0.5602619461221564	0.18364945058852317	0.2308401713746278	0.8362968512265284	0.5578635402721557	0.26532554087685123	0.1998627777291174	0.9394500763076972	0.5300064743813742	0.17879547855670047	0.2355584082156611	0.854108460861682	0.008498670303492807	0.011541873766339172	0.0	0.032506803749622	0.11694988371020942	0.14428010492786714	0.0	0.4386617100371747	0.015683414398245235	0.02110906070993897	0.0	0.059618542377163	0.844355253542426	0.21183649943660463	0.0	0.9238120445326156	0.005591248198675906	0.008058527247293584	0.0	0.0252494708194738	0.07517455521781473	0.09468277194186571	0.0	0.2927509293680297	0.010303290189527472	0.014684341839144114	0.0	0.0450863930885529	12.382352941176471	5.7521175768274295	5.5	25.5	0.4046205504063446	0.21897632101575418	0.0691024622716441	0.8499511655347233	52035.77777777778	45829.98896504283	13322	175561	0.39436891878954516	0.22741624893037293	0.0500675627622501	0.850405272241557	0.004020272126736133	0.001964413129813556	0.0004020937986455	0.0072934397771031	22.909348267479828	31.98763502114763	2.0148698884758365	93.62337662337664	0.5139875406024789	0.20352153107965998	0.2329974811083123	0.8192852326365475	0.18739443060788144	0.10725235520556071	0.0496661101836394	0.3783783783783784	1712.8333333333333	951.6151749402017	77	3269	53376.833333333336	45819.12515308556	14758	177129	2444661.4444444445	23334.11577931793	2388080	2457600
ntv3_100m_pre_w2048	animal_fine	raw_threshold	0.8	50	18	0.5602619461221564	0.18364945058852317	0.2308401713746278	0.8362968512265284	0.5578635402721557	0.26532554087685123	0.1998627777291174	0.9394500763076972	0.5300064743813742	0.17879547855670047	0.2355584082156611	0.854108460861682	0.008498670303492807	0.011541873766339172	0.0	0.032506803749622	0.11694988371020942	0.14428010492786714	0.0	0.4386617100371747	0.015683414398245235	0.02110906070993897	0.0	0.059618542377163	0.844355253542426	0.21183649943660463	0.0	0.9238120445326156	0.0073134811277433915	0.010377471990679555	0.0	0.0302388872089507	0.09980921059377362	0.12710531811908468	0.0	0.3931226765799256	0.013491333199546575	0.018968745348545507	0.0	0.0539956803455723	12.382352941176471	5.7521175768274295	5.5	25.5	0.4046205504063446	0.21897632101575418	0.0691024622716441	0.8499511655347233	52035.77777777778	45829.98896504283	13322	175561	0.39436891878954516	0.22741624893037293	0.0500675627622501	0.850405272241557	0.004020272126736133	0.001964413129813556	0.0004020937986455	0.0072934397771031	22.909348267479828	31.98763502114763	2.0148698884758365	93.62337662337664	0.5139875406024789	0.20352153107965998	0.2329974811083123	0.8192852326365475	0.18739443060788144	0.10725235520556071	0.0496661101836394	0.3783783783783784	1712.8333333333333	951.6151749402017	77	3269	53376.833333333336	45819.12515308556	14758	177129	2444661.4444444445	23334.11577931793	2388080	2457600
ntv3_100m_pre_w2048	animal_fine	raw_threshold	0.8	100	18	0.5602619461221564	0.18364945058852317	0.2308401713746278	0.8362968512265284	0.5578635402721557	0.26532554087685123	0.1998627777291174	0.9394500763076972	0.5300064743813742	0.17879547855670047	0.2355584082156611	0.854108460861682	0.008498670303492807	0.011541873766339172	0.0	0.032506803749622	0.11694988371020942	0.14428010492786714	0.0	0.4386617100371747	0.015683414398245235	0.02110906070993897	0.0	0.059618542377163	0.844355253542426	0.21183649943660463	0.0	0.9238120445326156	0.007968548183836358	0.011127479502688959	0.0	0.0315760943217238	0.1095842749196748	0.13831605512242948	0.0	0.433085501858736	0.014707204951174934	0.020362107365045578	0.0	0.0588606795503347	12.382352941176471	5.7521175768274295	5.5	25.5	0.4046205504063446	0.21897632101575418	0.0691024622716441	0.8499511655347233	52035.77777777778	45829.98896504283	13322	175561	0.39436891878954516	0.22741624893037293	0.0500675627622501	0.850405272241557	0.004020272126736133	0.001964413129813556	0.0004020937986455	0.0072934397771031	22.909348267479828	31.98763502114763	2.0148698884758365	93.62337662337664	0.5139875406024789	0.20352153107965998	0.2329974811083123	0.8192852326365475	0.18739443060788144	0.10725235520556071	0.0496661101836394	0.3783783783783784	1712.8333333333333	951.6151749402017	77	3269	53376.833333333336	45819.12515308556	14758	177129	2444661.4444444445	23334.11577931793	2388080	2457600
ntv3_100m_pre_w2048	animal_fine	raw_threshold	0.9	5	18	0.5602619461221564	0.18364945058852317	0.2308401713746278	0.8362968512265284	0.5578635402721557	0.26532554087685123	0.1998627777291174	0.9394500763076972	0.5300064743813742	0.17879547855670047	0.2355584082156611	0.854108460861682	0.004728220316788571	0.006483119130264766	0.0	0.0184835198064711	0.06652868288197683	0.08795260552834289	0.0	0.2682926829268293	0.008738539691844965	0.011888120045478215	0.0	0.0341038272072754	0.8383599125184683	0.30530798445913654	0.0	0.95463623750986	0.0012275318330328508	0.0018861512806832251	0.0	0.0066147565769579	0.016551499694442345	0.02195857250102544	0.0	0.0576208178438661	0.002261954192372995	0.0034254913216359355	0.0	0.0118115550755939	7.84375	2.5946660029118713	4.75	13.5	0.4046205504063446	0.21897632101575418	0.0691024622716441	0.8499511655347233	52035.77777777778	45829.98896504283	13322	175561	0.39436891878954516	0.22741624893037293	0.0500675627622501	0.850405272241557	0.004020272126736133	0.001964413129813556	0.0004020937986455	0.0072934397771031	22.909348267479828	31.98763502114763	2.0148698884758365	93.62337662337664	0.5139875406024789	0.20352153107965998	0.2329974811083123	0.8192852326365475	0.18739443060788144	0.10725235520556071	0.0496661101836394	0.3783783783783784	1712.8333333333333	951.6151749402017	77	3269	53376.833333333336	45819.12515308556	14758	177129	2444661.4444444445	23334.11577931793	2388080	2457600
ntv3_100m_pre_w2048	animal_fine	raw_threshold	0.9	10	18	0.5602619461221564	0.18364945058852317	0.2308401713746278	0.8362968512265284	0.5578635402721557	0.26532554087685123	0.1998627777291174	0.9394500763076972	0.5300064743813742	0.17879547855670047	0.2355584082156611	0.854108460861682	0.004728220316788571	0.006483119130264766	0.0	0.0184835198064711	0.06652868288197683	0.08795260552834289	0.0	0.2682926829268293	0.008738539691844965	0.011888120045478215	0.0	0.0341038272072754	0.8383599125184683	0.30530798445913654	0.0	0.95463623750986	0.0023417051688586665	0.003450008594802878	0.0	0.0117553674024795	0.0315255221151275	0.04033696115717868	0.0	0.1143122676579925	0.004314536143290978	0.006269534253866686	0.0	0.0209908207343412	7.84375	2.5946660029118713	4.75	13.5	0.4046205504063446	0.21897632101575418	0.0691024622716441	0.8499511655347233	52035.77777777778	45829.98896504283	13322	175561	0.39436891878954516	0.22741624893037293	0.0500675627622501	0.850405272241557	0.004020272126736133	0.001964413129813556	0.0004020937986455	0.0072934397771031	22.909348267479828	31.98763502114763	2.0148698884758365	93.62337662337664	0.5139875406024789	0.20352153107965998	0.2329974811083123	0.8192852326365475	0.18739443060788144	0.10725235520556071	0.0496661101836394	0.3783783783783784	1712.8333333333333	951.6151749402017	77	3269	53376.833333333336	45819.12515308556	14758	177129	2444661.4444444445	23334.11577931793	2388080	2457600
ntv3_100m_pre_w2048	animal_fine	raw_threshold	0.9	25	18	0.5602619461221564	0.18364945058852317	0.2308401713746278	0.8362968512265284	0.5578635402721557	0.26532554087685123	0.1998627777291174	0.9394500763076972	0.5300064743813742	0.17879547855670047	0.2355584082156611	0.854108460861682	0.004728220316788571	0.006483119130264766	0.0	0.0184835198064711	0.06652868288197683	0.08795260552834289	0.0	0.2682926829268293	0.008738539691844965	0.011888120045478215	0.0	0.0341038272072754	0.8383599125184683	0.30530798445913654	0.0	0.95463623750986	0.0038585908658472275	0.005574275057716967	0.0	0.0173495615361354	0.05314614779721021	0.06974320166636923	0.0	0.2109665427509293	0.007122253012105242	0.010182191555233608	0.0	0.0309800215982721	7.84375	2.5946660029118713	4.75	13.5	0.4046205504063446	0.21897632101575418	0.0691024622716441	0.8499511655347233	52035.77777777778	45829.98896504283	13322	175561	0.39436891878954516	0.22741624893037293	0.0500675627622501	0.850405272241557	0.004020272126736133	0.001964413129813556	0.0004020937986455	0.0072934397771031	22.909348267479828	31.98763502114763	2.0148698884758365	93.62337662337664	0.5139875406024789	0.20352153107965998	0.2329974811083123	0.8192852326365475	0.18739443060788144	0.10725235520556071	0.0496661101836394	0.3783783783783784	1712.8333333333333	951.6151749402017	77	3269	53376.833333333336	45819.12515308556	14758	177129	2444661.4444444445	23334.11577931793	2388080	2457600
ntv3_100m_pre_w2048	animal_fine	raw_threshold	0.9	50	18	0.5602619461221564	0.18364945058852317	0.2308401713746278	0.8362968512265284	0.5578635402721557	0.26532554087685123	0.1998627777291174	0.9394500763076972	0.5300064743813742	0.17879547855670047	0.2355584082156611	0.854108460861682	0.004728220316788571	0.006483119130264766	0.0	0.0184835198064711	0.06652868288197683	0.08795260552834289	0.0	0.2682926829268293	0.008738539691844965	0.011888120045478215	0.0	0.0341038272072754	0.8383599125184683	0.30530798445913654	0.0	0.95463623750986	0.004380248069766866	0.006225837144682158	0.0	0.0181811309343816	0.06111210062240873	0.08136658124293378	0.0	0.241635687732342	0.008092470141823264	0.011404737551721625	0.0	0.0328407224958949	7.84375	2.5946660029118713	4.75	13.5	0.4046205504063446	0.21897632101575418	0.0691024622716441	0.8499511655347233	52035.77777777778	45829.98896504283	13322	175561	0.39436891878954516	0.22741624893037293	0.0500675627622501	0.850405272241557	0.004020272126736133	0.001964413129813556	0.0004020937986455	0.0072934397771031	22.909348267479828	31.98763502114763	2.0148698884758365	93.62337662337664	0.5139875406024789	0.20352153107965998	0.2329974811083123	0.8192852326365475	0.18739443060788144	0.10725235520556071	0.0496661101836394	0.3783783783783784	1712.8333333333333	951.6151749402017	77	3269	53376.833333333336	45819.12515308556	14758	177129	2444661.4444444445	23334.11577931793	2388080	2457600
ntv3_100m_pre_w2048	animal_fine	raw_threshold	0.9	100	18	0.5602619461221564	0.18364945058852317	0.2308401713746278	0.8362968512265284	0.5578635402721557	0.26532554087685123	0.1998627777291174	0.9394500763076972	0.5300064743813742	0.17879547855670047	0.2355584082156611	0.854108460861682	0.004728220316788571	0.006483119130264766	0.0	0.0184835198064711	0.06652868288197683	0.08795260552834289	0.0	0.2682926829268293	0.008738539691844965	0.011888120045478215	0.0	0.0341038272072754	0.8383599125184683	0.30530798445913654	0.0	0.95463623750986	0.0045703508977052104	0.006387157961467511	0.0	0.0182951619460631	0.06422185514793573	0.08531258791689636	0.0	0.2509293680297397	0.008447179153457104	0.011711214539929586	0.0	0.0341038272072754	7.84375	2.5946660029118713	4.75	13.5	0.4046205504063446	0.21897632101575418	0.0691024622716441	0.8499511655347233	52035.77777777778	45829.98896504283	13322	175561	0.39436891878954516	0.22741624893037293	0.0500675627622501	0.850405272241557	0.004020272126736133	0.001964413129813556	0.0004020937986455	0.0072934397771031	22.909348267479828	31.98763502114763	2.0148698884758365	93.62337662337664	0.5139875406024789	0.20352153107965998	0.2329974811083123	0.8192852326365475	0.18739443060788144	0.10725235520556071	0.0496661101836394	0.3783783783783784	1712.8333333333333	951.6151749402017	77	3269	53376.833333333336	45819.12515308556	14758	177129	2444661.4444444445	23334.11577931793	2388080	2457600
ntv3_100m_pre_w2048	plant_fine	crf_style_penalty4	0.5	5	15	0.42966046480260445	0.27542584563370087	0.0810401269778284	0.8912968455995333	0.41696515974006915	0.18020613506655747	0.0873271927918289	0.6139612108378651	0.3924140437231892	0.21169936195472286	0.1105651365661454	0.726486639258816	0.05475720961912458	0.039026883435340325	0.0085470085470085	0.1164274322169059	0.12571182619974552	0.04917653791971292	0.0304054054054054	0.1866666666666666	0.06719727725717836	0.043837749216011745	0.0163455925277291	0.1394016549968173	0.707149624156609	0.031391670640344295	0.6467162258425546	0.7599953356865984	0.0025248255343654	0.0028760511353959485	0.0	0.0101694915254237	0.0031449355273519535	0.003305978396685899	0.0	0.0095162569389373	0.00276862955980296	0.0029937975942431077	0.0	0.0097560975609756	79.51666666666667	71.3412615198112	9.25	236.0	0.37596049459657793	0.2284390183034665	0.0506715506715506	0.792022792022792	525.8	209.75877301591663	208	935	0.37986510183507366	0.21293706150277603	0.0462107208872458	0.7555205047318612	0.03726888791599618	0.028154301533979572	0.002493508223766	0.0721119126915538	1.700072772452824	1.5337045497396684	0.2077702702702702	4.9	0.2152827495220457	0.1553227993933439	0.0320945945945945	0.4883720930232558	0.39747939733947235	0.2531931223416767	0.1333333333333333	0.8445945945945946	770.0666666666667	499.6139176070525	75	1410	1744.4	714.2297349492769	579	2862	2456197.2	1969.5869835359929	2452184	2457600
ntv3_100m_pre_w2048	plant_fine	crf_style_penalty4	0.5	10	15	0.42966046480260445	0.27542584563370087	0.0810401269778284	0.8912968455995333	0.41696515974006915	0.18020613506655747	0.0873271927918289	0.6139612108378651	0.3924140437231892	0.21169936195472286	0.1105651365661454	0.726486639258816	0.05475720961912458	0.039026883435340325	0.0085470085470085	0.1164274322169059	0.12571182619974552	0.04917653791971292	0.0304054054054054	0.1866666666666666	0.06719727725717836	0.043837749216011745	0.0163455925277291	0.1394016549968173	0.707149624156609	0.031391670640344295	0.6467162258425546	0.7599953356865984	0.005323235767131848	0.004990134495451475	0.0	0.0152542372881355	0.00741258330837286	0.00567148707533869	0.0	0.0140625	0.005855511215265367	0.0051470292797982245	0.0	0.0146341463414634	79.51666666666667	71.3412615198112	9.25	236.0	0.37596049459657793	0.2284390183034665	0.0506715506715506	0.792022792022792	525.8	209.75877301591663	208	935	0.37986510183507366	0.21293706150277603	0.0462107208872458	0.7555205047318612	0.03726888791599618	0.028154301533979572	0.002493508223766	0.0721119126915538	1.700072772452824	1.5337045497396684	0.2077702702702702	4.9	0.2152827495220457	0.1553227993933439	0.0320945945945945	0.4883720930232558	0.39747939733947235	0.2531931223416767	0.1333333333333333	0.8445945945945946	770.0666666666667	499.6139176070525	75	1410	1744.4	714.2297349492769	579	2862	2456197.2	1969.5869835359929	2452184	2457600
ntv3_100m_pre_w2048	plant_fine	crf_style_penalty4	0.5	25	15	0.42966046480260445	0.27542584563370087	0.0810401269778284	0.8912968455995333	0.41696515974006915	0.18020613506655747	0.0873271927918289	0.6139612108378651	0.3924140437231892	0.21169936195472286	0.1105651365661454	0.726486639258816	0.05475720961912458	0.039026883435340325	0.0085470085470085	0.1164274322169059	0.12571182619974552	0.04917653791971292	0.0304054054054054	0.1866666666666666	0.06719727725717836	0.043837749216011745	0.0163455925277291	0.1394016549968173	0.707149624156609	0.031391670640344295	0.6467162258425546	0.7599953356865984	0.011853407099093006	0.00981595135688462	0.0	0.0271186440677966	0.017409804828396755	0.01102258481220157	0.0	0.0283687943262411	0.013291202709365395	0.010396240826041103	0.0	0.0260162601626016	79.51666666666667	71.3412615198112	9.25	236.0	0.37596049459657793	0.2284390183034665	0.0506715506715506	0.792022792022792	525.8	209.75877301591663	208	935	0.37986510183507366	0.21293706150277603	0.0462107208872458	0.7555205047318612	0.03726888791599618	0.028154301533979572	0.002493508223766	0.0721119126915538	1.700072772452824	1.5337045497396684	0.2077702702702702	4.9	0.2152827495220457	0.1553227993933439	0.0320945945945945	0.4883720930232558	0.39747939733947235	0.2531931223416767	0.1333333333333333	0.8445945945945946	770.0666666666667	499.6139176070525	75	1410	1744.4	714.2297349492769	579	2862	2456197.2	1969.5869835359929	2452184	2457600
ntv3_100m_pre_w2048	plant_fine	crf_style_penalty4	0.5	50	15	0.42966046480260445	0.27542584563370087	0.0810401269778284	0.8912968455995333	0.41696515974006915	0.18020613506655747	0.0873271927918289	0.6139612108378651	0.3924140437231892	0.21169936195472286	0.1105651365661454	0.726486639258816	0.05475720961912458	0.039026883435340325	0.0085470085470085	0.1164274322169059	0.12571182619974552	0.04917653791971292	0.0304054054054054	0.1866666666666666	0.06719727725717836	0.043837749216011745	0.0163455925277291	0.1394016549968173	0.707149624156609	0.031391670640344295	0.6467162258425546	0.7599953356865984	0.02183574796120208	0.017115545200361237	0.0011855364552459	0.0430045871559633	0.03705194144493927	0.01621046753582299	0.0129449838187702	0.0618556701030927	0.02520278768776724	0.018827504289253047	0.0022246941045606	0.0496499045194143	79.51666666666667	71.3412615198112	9.25	236.0	0.37596049459657793	0.2284390183034665	0.0506715506715506	0.792022792022792	525.8	209.75877301591663	208	935	0.37986510183507366	0.21293706150277603	0.0462107208872458	0.7555205047318612	0.03726888791599618	0.028154301533979572	0.002493508223766	0.0721119126915538	1.700072772452824	1.5337045497396684	0.2077702702702702	4.9	0.2152827495220457	0.1553227993933439	0.0320945945945945	0.4883720930232558	0.39747939733947235	0.2531931223416767	0.1333333333333333	0.8445945945945946	770.0666666666667	499.6139176070525	75	1410	1744.4	714.2297349492769	579	2862	2456197.2	1969.5869835359929	2452184	2457600
ntv3_100m_pre_w2048	plant_fine	crf_style_penalty4	0.5	100	15	0.42966046480260445	0.27542584563370087	0.0810401269778284	0.8912968455995333	0.41696515974006915	0.18020613506655747	0.0873271927918289	0.6139612108378651	0.3924140437231892	0.21169936195472286	0.1105651365661454	0.726486639258816	0.05475720961912458	0.039026883435340325	0.0085470085470085	0.1164274322169059	0.12571182619974552	0.04917653791971292	0.0304054054054054	0.1866666666666666	0.06719727725717836	0.043837749216011745	0.0163455925277291	0.1394016549968173	0.707149624156609	0.031391670640344295	0.6467162258425546	0.7599953356865984	0.0352768410873727	0.029055128983065892	0.0024420024420024	0.0797448165869218	0.0634558100697428	0.031321486938854406	0.0236486486486486	0.1189532117367168	0.04149364794097844	0.033324440221944744	0.0046701692936368	0.0954805856142584	79.51666666666667	71.3412615198112	9.25	236.0	0.37596049459657793	0.2284390183034665	0.0506715506715506	0.792022792022792	525.8	209.75877301591663	208	935	0.37986510183507366	0.21293706150277603	0.0462107208872458	0.7555205047318612	0.03726888791599618	0.028154301533979572	0.002493508223766	0.0721119126915538	1.700072772452824	1.5337045497396684	0.2077702702702702	4.9	0.2152827495220457	0.1553227993933439	0.0320945945945945	0.4883720930232558	0.39747939733947235	0.2531931223416767	0.1333333333333333	0.8445945945945946	770.0666666666667	499.6139176070525	75	1410	1744.4	714.2297349492769	579	2862	2456197.2	1969.5869835359929	2452184	2457600
ntv3_100m_pre_w2048	plant_fine	crf_style_penalty4	0.7	5	15	0.42966046480260445	0.27542584563370087	0.0810401269778284	0.8912968455995333	0.41696515974006915	0.18020613506655747	0.0873271927918289	0.6139612108378651	0.3924140437231892	0.21169936195472286	0.1105651365661454	0.726486639258816	0.026049820345854638	0.019150412995064377	0.0036630036630036	0.0574162679425837	0.05590257088953437	0.022479196084085575	0.0211382113821138	0.09009009009009	0.03128138805343159	0.021302663822822806	0.0070052539404553	0.068746021642266	0.8339214441137947	0.01929514603992308	0.8071316371645274	0.8796101989185445	0.0025248255343654	0.0028760511353959485	0.0	0.0101694915254237	0.0031449355273519535	0.003305978396685899	0.0	0.0095162569389373	0.00276862955980296	0.0029937975942431077	0.0	0.0097560975609756	39.78333333333333	31.406304341341286	7.5	103.75	0.37596049459657793	0.2284390183034665	0.0506715506715506	0.792022792022792	525.8	209.75877301591663	208	935	0.37986510183507366	0.21293706150277603	0.0462107208872458	0.7555205047318612	0.03726888791599618	0.028154301533979572	0.002493508223766	0.0721119126915538	1.700072772452824	1.5337045497396684	0.2077702702702702	4.9	0.2152827495220457	0.1553227993933439	0.0320945945945945	0.4883720930232558	0.39747939733947235	0.2531931223416767	0.1333333333333333	0.8445945945945946	770.0666666666667	499.6139176070525	75	1410	1744.4	714.2297349492769	579	2862	2456197.2	1969.5869835359929	2452184	2457600
ntv3_100m_pre_w2048	plant_fine	crf_style_penalty4	0.7	10	15	0.42966046480260445	0.27542584563370087	0.0810401269778284	0.8912968455995333	0.41696515974006915	0.18020613506655747	0.0873271927918289	0.6139612108378651	0.3924140437231892	0.21169936195472286	0.1105651365661454	0.726486639258816	0.026049820345854638	0.019150412995064377	0.0036630036630036	0.0574162679425837	0.05590257088953437	0.022479196084085575	0.0211382113821138	0.09009009009009	0.03128138805343159	0.021302663822822806	0.0070052539404553	0.068746021642266	0.8339214441137947	0.01929514603992308	0.8071316371645274	0.8796101989185445	0.0052836944464517335	0.004987322079297023	0.0	0.0152542372881355	0.007361847641198833	0.005672995346608967	0.0	0.0140625	0.005811066770820926	0.005142400911694499	0.0	0.0146341463414634	39.78333333333333	31.406304341341286	7.5	103.75	0.37596049459657793	0.2284390183034665	0.0506715506715506	0.792022792022792	525.8	209.75877301591663	208	935	0.37986510183507366	0.21293706150277603	0.0462107208872458	0.7555205047318612	0.03726888791599618	0.028154301533979572	0.002493508223766	0.0721119126915538	1.700072772452824	1.5337045497396684	0.2077702702702702	4.9	0.2152827495220457	0.1553227993933439	0.0320945945945945	0.4883720930232558	0.39747939733947235	0.2531931223416767	0.1333333333333333	0.8445945945945946	770.0666666666667	499.6139176070525	75	1410	1744.4	714.2297349492769	579	2862	2456197.2	1969.5869835359929	2452184	2457600
ntv3_100m_pre_w2048	plant_fine	crf_style_penalty4	0.7	25	15	0.42966046480260445	0.27542584563370087	0.0810401269778284	0.8912968455995333	0.41696515974006915	0.18020613506655747	0.0873271927918289	0.6139612108378651	0.3924140437231892	0.21169936195472286	0.1105651365661454	0.726486639258816	0.026049820345854638	0.019150412995064377	0.0036630036630036	0.0574162679425837	0.05590257088953437	0.022479196084085575	0.0211382113821138	0.09009009009009	0.03128138805343159	0.021302663822822806	0.0070052539404553	0.068746021642266	0.8339214441137947	0.01929514603992308	0.8071316371645274	0.8796101989185445	0.01146730040410798	0.009515710553748578	0.0	0.0271186440677966	0.01690267898995108	0.010658016963770087	0.0	0.0269627279936558	0.012856770008519388	0.010045131528306541	0.0	0.0260162601626016	39.78333333333333	31.406304341341286	7.5	103.75	0.37596049459657793	0.2284390183034665	0.0506715506715506	0.792022792022792	525.8	209.75877301591663	208	935	0.37986510183507366	0.21293706150277603	0.0462107208872458	0.7555205047318612	0.03726888791599618	0.028154301533979572	0.002493508223766	0.0721119126915538	1.700072772452824	1.5337045497396684	0.2077702702702702	4.9	0.2152827495220457	0.1553227993933439	0.0320945945945945	0.4883720930232558	0.39747939733947235	0.2531931223416767	0.1333333333333333	0.8445945945945946	770.0666666666667	499.6139176070525	75	1410	1744.4	714.2297349492769	579	2862	2456197.2	1969.5869835359929	2452184	2457600
ntv3_100m_pre_w2048	plant_fine	crf_style_penalty4	0.7	50	15	0.42966046480260445	0.27542584563370087	0.0810401269778284	0.8912968455995333	0.41696515974006915	0.18020613506655747	0.0873271927918289	0.6139612108378651	0.3924140437231892	0.21169936195472286	0.1105651365661454	0.726486639258816	0.026049820345854638	0.019150412995064377	0.0036630036630036	0.0574162679425837	0.05590257088953437	0.022479196084085575	0.0211382113821138	0.09009009009009	0.03128138805343159	0.021302663822822806	0.0070052539404553	0.068746021642266	0.8339214441137947	0.01929514603992308	0.8071316371645274	0.8796101989185445	0.01792485592837246	0.014185346888547643	0.0011855364552459	0.0361509835194045	0.030082202164715226	0.0137967995677325	0.0112359550561797	0.0539254559873116	0.02070559966833098	0.01577757588101292	0.0022246941045606	0.0432845321451304	39.78333333333333	31.406304341341286	7.5	103.75	0.37596049459657793	0.2284390183034665	0.0506715506715506	0.792022792022792	525.8	209.75877301591663	208	935	0.37986510183507366	0.21293706150277603	0.0462107208872458	0.7555205047318612	0.03726888791599618	0.028154301533979572	0.002493508223766	0.0721119126915538	1.700072772452824	1.5337045497396684	0.2077702702702702	4.9	0.2152827495220457	0.1553227993933439	0.0320945945945945	0.4883720930232558	0.39747939733947235	0.2531931223416767	0.1333333333333333	0.8445945945945946	770.0666666666667	499.6139176070525	75	1410	1744.4	714.2297349492769	579	2862	2456197.2	1969.5869835359929	2452184	2457600
ntv3_100m_pre_w2048	plant_fine	crf_style_penalty4	0.7	100	15	0.42966046480260445	0.27542584563370087	0.0810401269778284	0.8912968455995333	0.41696515974006915	0.18020613506655747	0.0873271927918289	0.6139612108378651	0.3924140437231892	0.21169936195472286	0.1105651365661454	0.726486639258816	0.026049820345854638	0.019150412995064377	0.0036630036630036	0.0574162679425837	0.05590257088953437	0.022479196084085575	0.0211382113821138	0.09009009009009	0.03128138805343159	0.021302663822822806	0.0070052539404553	0.068746021642266	0.8339214441137947	0.01929514603992308	0.8071316371645274	0.8796101989185445	0.0225488320406246	0.017993508847092866	0.0012210012210012	0.0494417862838915	0.040758871638950374	0.019624259307513946	0.0112359550561797	0.0737509912767644	0.026446838259359014	0.02043239330448543	0.0023350846468184	0.0591979630808402	39.78333333333333	31.406304341341286	7.5	103.75	0.37596049459657793	0.2284390183034665	0.0506715506715506	0.792022792022792	525.8	209.75877301591663	208	935	0.37986510183507366	0.21293706150277603	0.0462107208872458	0.7555205047318612	0.03726888791599618	0.028154301533979572	0.002493508223766	0.0721119126915538	1.700072772452824	1.5337045497396684	0.2077702702702702	4.9	0.2152827495220457	0.1553227993933439	0.0320945945945945	0.4883720930232558	0.39747939733947235	0.2531931223416767	0.1333333333333333	0.8445945945945946	770.0666666666667	499.6139176070525	75	1410	1744.4	714.2297349492769	579	2862	2456197.2	1969.5869835359929	2452184	2457600
ntv3_100m_pre_w2048	plant_fine	crf_style_penalty4	0.8	5	15	0.42966046480260445	0.27542584563370087	0.0810401269778284	0.8912968455995333	0.41696515974006915	0.18020613506655747	0.0873271927918289	0.6139612108378651	0.3924140437231892	0.21169936195472286	0.1105651365661454	0.726486639258816	0.01574066776988028	0.011436455742665578	0.0012210012210012	0.0297713981924508	0.0335016558610131	0.0163269684879178	0.0118243243243243	0.072072072072072	0.01877713129715345	0.012449394034320218	0.0023350846468184	0.0356460852959898	0.8908813305349871	0.022067041485768473	0.8556206221259346	0.9556001317325828	0.002485284213685287	0.002873634548135651	0.0	0.0101694915254237	0.0030941998601779334	0.0033009580441875253	0.0	0.0095162569389373	0.002724185115358513	0.002989761253538592	0.0	0.0097560975609756	25.25	24.69040444036046	5.5	95.5	0.37596049459657793	0.2284390183034665	0.0506715506715506	0.792022792022792	525.8	209.75877301591663	208	935	0.37986510183507366	0.21293706150277603	0.0462107208872458	0.7555205047318612	0.03726888791599618	0.028154301533979572	0.002493508223766	0.0721119126915538	1.700072772452824	1.5337045497396684	0.2077702702702702	4.9	0.2152827495220457	0.1553227993933439	0.0320945945945945	0.4883720930232558	0.39747939733947235	0.2531931223416767	0.1333333333333333	0.8445945945945946	770.0666666666667	499.6139176070525	75	1410	1744.4	714.2297349492769	579	2862	2456197.2	1969.5869835359929	2452184	2457600
ntv3_100m_pre_w2048	plant_fine	crf_style_penalty4	0.8	10	15	0.42966046480260445	0.27542584563370087	0.0810401269778284	0.8912968455995333	0.41696515974006915	0.18020613506655747	0.0873271927918289	0.6139612108378651	0.3924140437231892	0.21169936195472286	0.1105651365661454	0.726486639258816	0.01574066776988028	0.011436455742665578	0.0012210012210012	0.0297713981924508	0.0335016558610131	0.0163269684879178	0.0118243243243243	0.072072072072072	0.01877713129715345	0.012449394034320218	0.0023350846468184	0.0356460852959898	0.8908813305349871	0.022067041485768473	0.8556206221259346	0.9556001317325828	0.005129012077988087	0.004837566913392794	0.0	0.0152542372881355	0.0071984993614122	0.005601637114333834	0.0	0.0140625	0.005652759531044853	0.005014014014834996	0.0	0.0146341463414634	25.25	24.69040444036046	5.5	95.5	0.37596049459657793	0.2284390183034665	0.0506715506715506	0.792022792022792	525.8	209.75877301591663	208	935	0.37986510183507366	0.21293706150277603	0.0462107208872458	0.7555205047318612	0.03726888791599618	0.028154301533979572	0.002493508223766	0.0721119126915538	1.700072772452824	1.5337045497396684	0.2077702702702702	4.9	0.2152827495220457	0.1553227993933439	0.0320945945945945	0.4883720930232558	0.39747939733947235	0.2531931223416767	0.1333333333333333	0.8445945945945946	770.0666666666667	499.6139176070525	75	1410	1744.4	714.2297349492769	579	2862	2456197.2	1969.5869835359929	2452184	2457600
ntv3_100m_pre_w2048	plant_fine	crf_style_penalty4	0.8	25	15	0.42966046480260445	0.27542584563370087	0.0810401269778284	0.8912968455995333	0.41696515974006915	0.18020613506655747	0.0873271927918289	0.6139612108378651	0.3924140437231892	0.21169936195472286	0.1105651365661454	0.726486639258816	0.01574066776988028	0.011436455742665578	0.0012210012210012	0.0297713981924508	0.0335016558610131	0.0163269684879178	0.0118243243243243	0.072072072072072	0.01877713129715345	0.012449394034320218	0.0023350846468184	0.0356460852959898	0.8908813305349871	0.022067041485768473	0.8556206221259346	0.9556001317325828	0.009780901632465453	0.008190966325842384	0.0	0.023728813559322	0.01473520041327194	0.010184558271251155	0.0	0.0266666666666666	0.0110462674853209	0.008872081230273676	0.0	0.0227642276422764	25.25	24.69040444036046	5.5	95.5	0.37596049459657793	0.2284390183034665	0.0506715506715506	0.792022792022792	525.8	209.75877301591663	208	935	0.37986510183507366	0.21293706150277603	0.0462107208872458	0.7555205047318612	0.03726888791599618	0.028154301533979572	0.002493508223766	0.0721119126915538	1.700072772452824	1.5337045497396684	0.2077702702702702	4.9	0.2152827495220457	0.1553227993933439	0.0320945945945945	0.4883720930232558	0.39747939733947235	0.2531931223416767	0.1333333333333333	0.8445945945945946	770.0666666666667	499.6139176070525	75	1410	1744.4	714.2297349492769	579	2862	2456197.2	1969.5869835359929	2452184	2457600
ntv3_100m_pre_w2048	plant_fine	crf_style_penalty4	0.8	50	15	0.42966046480260445	0.27542584563370087	0.0810401269778284	0.8912968455995333	0.41696515974006915	0.18020613506655747	0.0873271927918289	0.6139612108378651	0.3924140437231892	0.21169936195472286	0.1105651365661454	0.726486639258816	0.01574066776988028	0.011436455742665578	0.0012210012210012	0.0297713981924508	0.0335016558610131	0.0163269684879178	0.0118243243243243	0.072072072072072	0.01877713129715345	0.012449394034320218	0.0023350846468184	0.0356460852959898	0.8908813305349871	0.022067041485768473	0.8556206221259346	0.9556001317325828	0.01330626765692694	0.010667542247841043	0.0011855364552459	0.0271186440677966	0.022942608498554454	0.010336830905385366	0.0089887640449438	0.037037037037037	0.015406585805789234	0.01178339380565208	0.0022246941045606	0.0292807129217059	25.25	24.69040444036046	5.5	95.5	0.37596049459657793	0.2284390183034665	0.0506715506715506	0.792022792022792	525.8	209.75877301591663	208	935	0.37986510183507366	0.21293706150277603	0.0462107208872458	0.7555205047318612	0.03726888791599618	0.028154301533979572	0.002493508223766	0.0721119126915538	1.700072772452824	1.5337045497396684	0.2077702702702702	4.9	0.2152827495220457	0.1553227993933439	0.0320945945945945	0.4883720930232558	0.39747939733947235	0.2531931223416767	0.1333333333333333	0.8445945945945946	770.0666666666667	499.6139176070525	75	1410	1744.4	714.2297349492769	579	2862	2456197.2	1969.5869835359929	2452184	2457600
ntv3_100m_pre_w2048	plant_fine	crf_style_penalty4	0.8	100	15	0.42966046480260445	0.27542584563370087	0.0810401269778284	0.8912968455995333	0.41696515974006915	0.18020613506655747	0.0873271927918289	0.6139612108378651	0.3924140437231892	0.21169936195472286	0.1105651365661454	0.726486639258816	0.01574066776988028	0.011436455742665578	0.0012210012210012	0.0297713981924508	0.0335016558610131	0.0163269684879178	0.0118243243243243	0.072072072072072	0.01877713129715345	0.012449394034320218	0.0023350846468184	0.0356460852959898	0.8908813305349871	0.022067041485768473	0.8556206221259346	0.9556001317325828	0.014745261938654032	0.011318701151733742	0.0012210012210012	0.0271186440677966	0.02874807112775408	0.013049736229521285	0.0089887640449438	0.0454545454545454	0.017351433573527912	0.01247816668488747	0.0023350846468184	0.0324633991088478	25.25	24.69040444036046	5.5	95.5	0.37596049459657793	0.2284390183034665	0.0506715506715506	0.792022792022792	525.8	209.75877301591663	208	935	0.37986510183507366	0.21293706150277603	0.0462107208872458	0.7555205047318612	0.03726888791599618	0.028154301533979572	0.002493508223766	0.0721119126915538	1.700072772452824	1.5337045497396684	0.2077702702702702	4.9	0.2152827495220457	0.1553227993933439	0.0320945945945945	0.4883720930232558	0.39747939733947235	0.2531931223416767	0.1333333333333333	0.8445945945945946	770.0666666666667	499.6139176070525	75	1410	1744.4	714.2297349492769	579	2862	2456197.2	1969.5869835359929	2452184	2457600
ntv3_100m_pre_w2048	plant_fine	crf_style_penalty4	0.9	5	15	0.42966046480260445	0.27542584563370087	0.0810401269778284	0.8912968455995333	0.41696515974006915	0.18020613506655747	0.0873271927918289	0.6139612108378651	0.3924140437231892	0.21169936195472286	0.1105651365661454	0.726486639258816	0.006609694655080247	0.005263409524132266	0.0003494060097833	0.0131176213379973	0.015384354786615186	0.009981140593587012	0.0022471910112359	0.0363636363636363	0.00797181670961306	0.005902836317219087	0.000604777744179	0.0162293751690559	0.9424301143035538	0.014489847006255161	0.9067055393586004	0.9707541976328103	0.0023368477226975003	0.0025106188103249504	0.0	0.0084745762711864	0.00293716509940606	0.002993275423154614	0.0	0.0087232355273592	0.0025733482155191134	0.0026555200700297075	0.0	0.008130081300813	14.133333333333333	14.25152456339154	2.0	45.5	0.37596049459657793	0.2284390183034665	0.0506715506715506	0.792022792022792	525.8	209.75877301591663	208	935	0.37986510183507366	0.21293706150277603	0.0462107208872458	0.7555205047318612	0.03726888791599618	0.028154301533979572	0.002493508223766	0.0721119126915538	1.700072772452824	1.5337045497396684	0.2077702702702702	4.9	0.2152827495220457	0.1553227993933439	0.0320945945945945	0.4883720930232558	0.39747939733947235	0.2531931223416767	0.1333333333333333	0.8445945945945946	770.0666666666667	499.6139176070525	75	1410	1744.4	714.2297349492769	579	2862	2456197.2	1969.5869835359929	2452184	2457600
ntv3_100m_pre_w2048	plant_fine	crf_style_penalty4	0.9	10	15	0.42966046480260445	0.27542584563370087	0.0810401269778284	0.8912968455995333	0.41696515974006915	0.18020613506655747	0.0873271927918289	0.6139612108378651	0.3924140437231892	0.21169936195472286	0.1105651365661454	0.726486639258816	0.006609694655080247	0.005263409524132266	0.0003494060097833	0.0131176213379973	0.015384354786615186	0.009981140593587012	0.0022471910112359	0.0363636363636363	0.00797181670961306	0.005902836317219087	0.000604777744179	0.0162293751690559	0.9424301143035538	0.014489847006255161	0.9067055393586004	0.9707541976328103	0.0035300983589285797	0.003241737927227607	0.0	0.0084745762711864	0.005485778451219	0.0048430583233380516	0.0	0.0133333333333333	0.00400922428041784	0.003656569562086545	0.0	0.0095480585614258	14.133333333333333	14.25152456339154	2.0	45.5	0.37596049459657793	0.2284390183034665	0.0506715506715506	0.792022792022792	525.8	209.75877301591663	208	935	0.37986510183507366	0.21293706150277603	0.0462107208872458	0.7555205047318612	0.03726888791599618	0.028154301533979572	0.002493508223766	0.0721119126915538	1.700072772452824	1.5337045497396684	0.2077702702702702	4.9	0.2152827495220457	0.1553227993933439	0.0320945945945945	0.4883720930232558	0.39747939733947235	0.2531931223416767	0.1333333333333333	0.8445945945945946	770.0666666666667	499.6139176070525	75	1410	1744.4	714.2297349492769	579	2862	2456197.2	1969.5869835359929	2452184	2457600
ntv3_100m_pre_w2048	plant_fine	crf_style_penalty4	0.9	25	15	0.42966046480260445	0.27542584563370087	0.0810401269778284	0.8912968455995333	0.41696515974006915	0.18020613506655747	0.0873271927918289	0.6139612108378651	0.3924140437231892	0.21169936195472286	0.1105651365661454	0.726486639258816	0.006609694655080247	0.005263409524132266	0.0003494060097833	0.0131176213379973	0.015384354786615186	0.009981140593587012	0.0022471910112359	0.0363636363636363	0.00797181670961306	0.005902836317219087	0.000604777744179	0.0162293751690559	0.9424301143035538	0.014489847006255161	0.9067055393586004	0.9707541976328103	0.005602102873079959	0.00517441752064536	0.0	0.012227538543328	0.00937187598491532	0.008584465007257598	0.0	0.0266666666666666	0.006476239473224113	0.005969366240090314	0.0	0.0146403564608529	14.133333333333333	14.25152456339154	2.0	45.5	0.37596049459657793	0.2284390183034665	0.0506715506715506	0.792022792022792	525.8	209.75877301591663	208	935	0.37986510183507366	0.21293706150277603	0.0462107208872458	0.7555205047318612	0.03726888791599618	0.028154301533979572	0.002493508223766	0.0721119126915538	1.700072772452824	1.5337045497396684	0.2077702702702702	4.9	0.2152827495220457	0.1553227993933439	0.0320945945945945	0.4883720930232558	0.39747939733947235	0.2531931223416767	0.1333333333333333	0.8445945945945946	770.0666666666667	499.6139176070525	75	1410	1744.4	714.2297349492769	579	2862	2456197.2	1969.5869835359929	2452184	2457600
ntv3_100m_pre_w2048	plant_fine	crf_style_penalty4	0.9	50	15	0.42966046480260445	0.27542584563370087	0.0810401269778284	0.8912968455995333	0.41696515974006915	0.18020613506655747	0.0873271927918289	0.6139612108378651	0.3924140437231892	0.21169936195472286	0.1105651365661454	0.726486639258816	0.006609694655080247	0.005263409524132266	0.0003494060097833	0.0131176213379973	0.015384354786615186	0.009981140593587012	0.0022471910112359	0.0363636363636363	0.00797181670961306	0.005902836317219087	0.000604777744179	0.0162293751690559	0.9424301143035538	0.014489847006255161	0.9067055393586004	0.9707541976328103	0.006145965483303667	0.005288243626072557	0.0003494060097833	0.0122431132487975	0.011802582533634013	0.007262016010114468	0.0022471910112359	0.0266666666666666	0.007245852776344793	0.006015158643457212	0.000604777744179	0.0151474168244522	14.133333333333333	14.25152456339154	2.0	45.5	0.37596049459657793	0.2284390183034665	0.0506715506715506	0.792022792022792	525.8	209.75877301591663	208	935	0.37986510183507366	0.21293706150277603	0.0462107208872458	0.7555205047318612	0.03726888791599618	0.028154301533979572	0.002493508223766	0.0721119126915538	1.700072772452824	1.5337045497396684	0.2077702702702702	4.9	0.2152827495220457	0.1553227993933439	0.0320945945945945	0.4883720930232558	0.39747939733947235	0.2531931223416767	0.1333333333333333	0.8445945945945946	770.0666666666667	499.6139176070525	75	1410	1744.4	714.2297349492769	579	2862	2456197.2	1969.5869835359929	2452184	2457600
ntv3_100m_pre_w2048	plant_fine	crf_style_penalty4	0.9	100	15	0.42966046480260445	0.27542584563370087	0.0810401269778284	0.8912968455995333	0.41696515974006915	0.18020613506655747	0.0873271927918289	0.6139612108378651	0.3924140437231892	0.21169936195472286	0.1105651365661454	0.726486639258816	0.006609694655080247	0.005263409524132266	0.0003494060097833	0.0131176213379973	0.015384354786615186	0.009981140593587012	0.0022471910112359	0.0363636363636363	0.00797181670961306	0.005902836317219087	0.000604777744179	0.0162293751690559	0.9424301143035538	0.014489847006255161	0.9067055393586004	0.9707541976328103	0.006528338832097634	0.005259532903752219	0.0003494060097833	0.0131176213379973	0.014725426086449367	0.008800395411174014	0.0022471910112359	0.0272727272727272	0.007844020245043567	0.005901617245728067	0.000604777744179	0.0162293751690559	14.133333333333333	14.25152456339154	2.0	45.5	0.37596049459657793	0.2284390183034665	0.0506715506715506	0.792022792022792	525.8	209.75877301591663	208	935	0.37986510183507366	0.21293706150277603	0.0462107208872458	0.7555205047318612	0.03726888791599618	0.028154301533979572	0.002493508223766	0.0721119126915538	1.700072772452824	1.5337045497396684	0.2077702702702702	4.9	0.2152827495220457	0.1553227993933439	0.0320945945945945	0.4883720930232558	0.39747939733947235	0.2531931223416767	0.1333333333333333	0.8445945945945946	770.0666666666667	499.6139176070525	75	1410	1744.4	714.2297349492769	579	2862	2456197.2	1969.5869835359929	2452184	2457600
ntv3_100m_pre_w2048	plant_fine	gap100_min100	0.5	5	15	0.4027434564053383	0.25755483947351626	0.065861646842796	0.8519440256538419	0.6247477056410531	0.19761120998519863	0.24934443634317	0.8170085218392975	0.45849829807297865	0.23882749545148146	0.1205810453158777	0.8061042248800506	0.09946841314490558	0.07253452958203958	0.0100308641975308	0.1945495836487509	0.1594786077481057	0.057283492818925384	0.0371621621621621	0.2342342342342342	0.10970875489299041	0.06762252721907709	0.0189642596644784	0.1964081008788689	0.703458353165157	0.024337918966370244	0.6708359221139694	0.7604386618177821	0.0030574694836081133	0.003279288261905056	0.0	0.0088757396449704	0.005432771220680667	0.006844068129818085	0.0	0.0266666666666666	0.0032595904666312867	0.0032444154826776293	0.0	0.0091848450057405	187.3	202.89109499574258	45.75	631.5	0.28708097089487095	0.20300120876989913	0.0300925925925925	0.70064874884152	1.4	2.164651077128664	0	7	0.08015873015873015	0.1875015746973432	0.0	0.6666666666666666	0.06262961847487677	0.13592706897753642	0.0	0.4285714285714285	1.0972802769851535	0.61713427535597	0.2956081081081081	2.213953488372093	0.13243637640946934	0.11491336414260653	0.0234375	0.3372093023255814	0.2836503841585956	0.24320455346178685	0.0666666666666666	0.7415540540540541	770.0666666666667	499.6139176070525	75	1410	1169.8	210.291362501785	781	1393	2456197.2	1969.5869835359929	2452184	2457600
ntv3_100m_pre_w2048	plant_fine	gap100_min100	0.5	10	15	0.4027434564053383	0.25755483947351626	0.065861646842796	0.8519440256538419	0.6247477056410531	0.19761120998519863	0.24934443634317	0.8170085218392975	0.45849829807297865	0.23882749545148146	0.1205810453158777	0.8061042248800506	0.09946841314490558	0.07253452958203958	0.0100308641975308	0.1945495836487509	0.1594786077481057	0.057283492818925384	0.0371621621621621	0.2342342342342342	0.10970875489299041	0.06762252721907709	0.0189642596644784	0.1964081008788689	0.703458353165157	0.024337918966370244	0.6708359221139694	0.7604386618177821	0.0046421917866689135	0.005355644233287827	0.0	0.0143575017946877	0.0070365664823852465	0.007562455926448352	0.0	0.0266666666666666	0.004853573589680733	0.0052954543022312355	0.0	0.0142704245451302	187.3	202.89109499574258	45.75	631.5	0.28708097089487095	0.20300120876989913	0.0300925925925925	0.70064874884152	1.4	2.164651077128664	0	7	0.08015873015873015	0.1875015746973432	0.0	0.6666666666666666	0.06262961847487677	0.13592706897753642	0.0	0.4285714285714285	1.0972802769851535	0.61713427535597	0.2956081081081081	2.213953488372093	0.13243637640946934	0.11491336414260653	0.0234375	0.3372093023255814	0.2836503841585956	0.24320455346178685	0.0666666666666666	0.7415540540540541	770.0666666666667	499.6139176070525	75	1410	1169.8	210.291362501785	781	1393	2456197.2	1969.5869835359929	2452184	2457600
ntv3_100m_pre_w2048	plant_fine	gap100_min100	0.5	25	15	0.4027434564053383	0.25755483947351626	0.065861646842796	0.8519440256538419	0.6247477056410531	0.19761120998519863	0.24934443634317	0.8170085218392975	0.45849829807297865	0.23882749545148146	0.1205810453158777	0.8061042248800506	0.09946841314490558	0.07253452958203958	0.0100308641975308	0.1945495836487509	0.1594786077481057	0.057283492818925384	0.0371621621621621	0.2342342342342342	0.10970875489299041	0.06762252721907709	0.0189642596644784	0.1964081008788689	0.703458353165157	0.024337918966370244	0.6708359221139694	0.7604386618177821	0.014060741814881327	0.015402292665295705	0.0	0.0352490421455938	0.01860325207074242	0.01753955502800332	0.0	0.0533333333333333	0.014564516417559079	0.015264233449599351	0.0	0.0351279114165712	187.3	202.89109499574258	45.75	631.5	0.28708097089487095	0.20300120876989913	0.0300925925925925	0.70064874884152	1.4	2.164651077128664	0	7	0.08015873015873015	0.1875015746973432	0.0	0.6666666666666666	0.06262961847487677	0.13592706897753642	0.0	0.4285714285714285	1.0972802769851535	0.61713427535597	0.2956081081081081	2.213953488372093	0.13243637640946934	0.11491336414260653	0.0234375	0.3372093023255814	0.2836503841585956	0.24320455346178685	0.0666666666666666	0.7415540540540541	770.0666666666667	499.6139176070525	75	1410	1169.8	210.291362501785	781	1393	2456197.2	1969.5869835359929	2452184	2457600
ntv3_100m_pre_w2048	plant_fine	gap100_min100	0.5	50	15	0.4027434564053383	0.25755483947351626	0.065861646842796	0.8519440256538419	0.6247477056410531	0.19761120998519863	0.24934443634317	0.8170085218392975	0.45849829807297865	0.23882749545148146	0.1205810453158777	0.8061042248800506	0.09946841314490558	0.07253452958203958	0.0100308641975308	0.1945495836487509	0.1594786077481057	0.057283492818925384	0.0371621621621621	0.2342342342342342	0.10970875489299041	0.06762252721907709	0.0189642596644784	0.1964081008788689	0.703458353165157	0.024337918966370244	0.6708359221139694	0.7604386618177821	0.028074397557438926	0.027180919434938753	0.0008	0.0620689655172413	0.036996391237088436	0.023875066000133244	0.0069767441860465	0.0650277557494052	0.029422338534498278	0.02649084984012849	0.0014695077149155	0.0627631075392269	187.3	202.89109499574258	45.75	631.5	0.28708097089487095	0.20300120876989913	0.0300925925925925	0.70064874884152	1.4	2.164651077128664	0	7	0.08015873015873015	0.1875015746973432	0.0	0.6666666666666666	0.06262961847487677	0.13592706897753642	0.0	0.4285714285714285	1.0972802769851535	0.61713427535597	0.2956081081081081	2.213953488372093	0.13243637640946934	0.11491336414260653	0.0234375	0.3372093023255814	0.2836503841585956	0.24320455346178685	0.0666666666666666	0.7415540540540541	770.0666666666667	499.6139176070525	75	1410	1169.8	210.291362501785	781	1393	2456197.2	1969.5869835359929	2452184	2457600
ntv3_100m_pre_w2048	plant_fine	gap100_min100	0.5	100	15	0.4027434564053383	0.25755483947351626	0.065861646842796	0.8519440256538419	0.6247477056410531	0.19761120998519863	0.24934443634317	0.8170085218392975	0.45849829807297865	0.23882749545148146	0.1205810453158777	0.8061042248800506	0.09946841314490558	0.07253452958203958	0.0100308641975308	0.1945495836487509	0.1594786077481057	0.057283492818925384	0.0371621621621621	0.2342342342342342	0.10970875489299041	0.06762252721907709	0.0189642596644784	0.1964081008788689	0.703458353165157	0.024337918966370244	0.6708359221139694	0.7604386618177821	0.04739875624798896	0.0460009410072922	0.0024	0.1085626911314984	0.05984125555944963	0.03820052318771955	0.0069767441860465	0.1111111111111111	0.04958002608749461	0.04492769045650313	0.0036014405762304	0.1098221191028615	187.3	202.89109499574258	45.75	631.5	0.28708097089487095	0.20300120876989913	0.0300925925925925	0.70064874884152	1.4	2.164651077128664	0	7	0.08015873015873015	0.1875015746973432	0.0	0.6666666666666666	0.06262961847487677	0.13592706897753642	0.0	0.4285714285714285	1.0972802769851535	0.61713427535597	0.2956081081081081	2.213953488372093	0.13243637640946934	0.11491336414260653	0.0234375	0.3372093023255814	0.2836503841585956	0.24320455346178685	0.0666666666666666	0.7415540540540541	770.0666666666667	499.6139176070525	75	1410	1169.8	210.291362501785	781	1393	2456197.2	1969.5869835359929	2452184	2457600
ntv3_100m_pre_w2048	plant_fine	gap100_min100	0.7	5	15	0.4027434564053383	0.25755483947351626	0.065861646842796	0.8519440256538419	0.6247477056410531	0.19761120998519863	0.24934443634317	0.8170085218392975	0.45849829807297865	0.23882749545148146	0.1205810453158777	0.8061042248800506	0.04727249350624318	0.036231348090844835	0.0061728395061728	0.0927203065134099	0.07659112582435947	0.03061110388724442	0.0118243243243243	0.1181818181818181	0.05195471332583543	0.03383552102394683	0.0101966496722505	0.0932365303782957	0.8256103738258399	0.02450852025673571	0.7841594815305981	0.8846355616116686	0.0030574694836081133	0.003279288261905056	0.0	0.0088757396449704	0.005432771220680667	0.006844068129818085	0.0	0.0266666666666666	0.0032595904666312867	0.0032444154826776293	0.0	0.0091848450057405	127.46666666666667	170.06461132113736	22.0	505.75	0.28708097089487095	0.20300120876989913	0.0300925925925925	0.70064874884152	1.4	2.164651077128664	0	7	0.08015873015873015	0.1875015746973432	0.0	0.6666666666666666	0.06262961847487677	0.13592706897753642	0.0	0.4285714285714285	1.0972802769851535	0.61713427535597	0.2956081081081081	2.213953488372093	0.13243637640946934	0.11491336414260653	0.0234375	0.3372093023255814	0.2836503841585956	0.24320455346178685	0.0666666666666666	0.7415540540540541	770.0666666666667	499.6139176070525	75	1410	1169.8	210.291362501785	781	1393	2456197.2	1969.5869835359929	2452184	2457600
ntv3_100m_pre_w2048	plant_fine	gap100_min100	0.7	10	15	0.4027434564053383	0.25755483947351626	0.065861646842796	0.8519440256538419	0.6247477056410531	0.19761120998519863	0.24934443634317	0.8170085218392975	0.45849829807297865	0.23882749545148146	0.1205810453158777	0.8061042248800506	0.04727249350624318	0.036231348090844835	0.0061728395061728	0.0927203065134099	0.07659112582435947	0.03061110388724442	0.0118243243243243	0.1181818181818181	0.05195471332583543	0.03383552102394683	0.0101966496722505	0.0932365303782957	0.8256103738258399	0.02450852025673571	0.7841594815305981	0.8846355616116686	0.0046421917866689135	0.005355644233287827	0.0	0.0143575017946877	0.0070365664823852465	0.007562455926448352	0.0	0.0266666666666666	0.004853573589680733	0.0052954543022312355	0.0	0.0142704245451302	127.46666666666667	170.06461132113736	22.0	505.75	0.28708097089487095	0.20300120876989913	0.0300925925925925	0.70064874884152	1.4	2.164651077128664	0	7	0.08015873015873015	0.1875015746973432	0.0	0.6666666666666666	0.06262961847487677	0.13592706897753642	0.0	0.4285714285714285	1.0972802769851535	0.61713427535597	0.2956081081081081	2.213953488372093	0.13243637640946934	0.11491336414260653	0.0234375	0.3372093023255814	0.2836503841585956	0.24320455346178685	0.0666666666666666	0.7415540540540541	770.0666666666667	499.6139176070525	75	1410	1169.8	210.291362501785	781	1393	2456197.2	1969.5869835359929	2452184	2457600
ntv3_100m_pre_w2048	plant_fine	gap100_min100	0.7	25	15	0.4027434564053383	0.25755483947351626	0.065861646842796	0.8519440256538419	0.6247477056410531	0.19761120998519863	0.24934443634317	0.8170085218392975	0.45849829807297865	0.23882749545148146	0.1205810453158777	0.8061042248800506	0.04727249350624318	0.036231348090844835	0.0061728395061728	0.0927203065134099	0.07659112582435947	0.03061110388724442	0.0118243243243243	0.1181818181818181	0.05195471332583543	0.03383552102394683	0.0101966496722505	0.0932365303782957	0.8256103738258399	0.02450852025673571	0.7841594815305981	0.8846355616116686	0.013960965332119919	0.015286424290991491	0.0	0.0352490421455938	0.018498943647419108	0.017452790018078028	0.0	0.0533333333333333	0.014462540577156534	0.015143164309107289	0.0	0.0351279114165712	127.46666666666667	170.06461132113736	22.0	505.75	0.28708097089487095	0.20300120876989913	0.0300925925925925	0.70064874884152	1.4	2.164651077128664	0	7	0.08015873015873015	0.1875015746973432	0.0	0.6666666666666666	0.06262961847487677	0.13592706897753642	0.0	0.4285714285714285	1.0972802769851535	0.61713427535597	0.2956081081081081	2.213953488372093	0.13243637640946934	0.11491336414260653	0.0234375	0.3372093023255814	0.2836503841585956	0.24320455346178685	0.0666666666666666	0.7415540540540541	770.0666666666667	499.6139176070525	75	1410	1169.8	210.291362501785	781	1393	2456197.2	1969.5869835359929	2452184	2457600
ntv3_100m_pre_w2048	plant_fine	gap100_min100	0.7	50	15	0.4027434564053383	0.25755483947351626	0.065861646842796	0.8519440256538419	0.6247477056410531	0.19761120998519863	0.24934443634317	0.8170085218392975	0.45849829807297865	0.23882749545148146	0.1205810453158777	0.8061042248800506	0.04727249350624318	0.036231348090844835	0.0061728395061728	0.0927203065134099	0.07659112582435947	0.03061110388724442	0.0118243243243243	0.1181818181818181	0.05195471332583543	0.03383552102394683	0.0101966496722505	0.0932365303782957	0.8256103738258399	0.02450852025673571	0.7841594815305981	0.8846355616116686	0.02521735790934286	0.02553955246569089	0.0008	0.0582375478927203	0.03302788255216034	0.023214713412838903	0.0044943820224719	0.0594766058683584	0.026316647405118306	0.02502833541295711	0.0014695077149155	0.0580374188621611	127.46666666666667	170.06461132113736	22.0	505.75	0.28708097089487095	0.20300120876989913	0.0300925925925925	0.70064874884152	1.4	2.164651077128664	0	7	0.08015873015873015	0.1875015746973432	0.0	0.6666666666666666	0.06262961847487677	0.13592706897753642	0.0	0.4285714285714285	1.0972802769851535	0.61713427535597	0.2956081081081081	2.213953488372093	0.13243637640946934	0.11491336414260653	0.0234375	0.3372093023255814	0.2836503841585956	0.24320455346178685	0.0666666666666666	0.7415540540540541	770.0666666666667	499.6139176070525	75	1410	1169.8	210.291362501785	781	1393	2456197.2	1969.5869835359929	2452184	2457600
ntv3_100m_pre_w2048	plant_fine	gap100_min100	0.7	100	15	0.4027434564053383	0.25755483947351626	0.065861646842796	0.8519440256538419	0.6247477056410531	0.19761120998519863	0.24934443634317	0.8170085218392975	0.45849829807297865	0.23882749545148146	0.1205810453158777	0.8061042248800506	0.04727249350624318	0.036231348090844835	0.0061728395061728	0.0927203065134099	0.07659112582435947	0.03061110388724442	0.0118243243243243	0.1181818181818181	0.05195471332583543	0.03383552102394683	0.0101966496722505	0.0932365303782957	0.8256103738258399	0.02450852025673571	0.7841594815305981	0.8846355616116686	0.033299353336866976	0.033264408842181306	0.0016	0.0787461773700305	0.04296114869246999	0.02870890670316393	0.0046511627906976	0.0805946791862284	0.034784100508289395	0.032561939906714514	0.0024009603841536	0.0796597061098221	127.46666666666667	170.06461132113736	22.0	505.75	0.28708097089487095	0.20300120876989913	0.0300925925925925	0.70064874884152	1.4	2.164651077128664	0	7	0.08015873015873015	0.1875015746973432	0.0	0.6666666666666666	0.06262961847487677	0.13592706897753642	0.0	0.4285714285714285	1.0972802769851535	0.61713427535597	0.2956081081081081	2.213953488372093	0.13243637640946934	0.11491336414260653	0.0234375	0.3372093023255814	0.2836503841585956	0.24320455346178685	0.0666666666666666	0.7415540540540541	770.0666666666667	499.6139176070525	75	1410	1169.8	210.291362501785	781	1393	2456197.2	1969.5869835359929	2452184	2457600
ntv3_100m_pre_w2048	plant_fine	gap100_min100	0.8	5	15	0.4027434564053383	0.25755483947351626	0.065861646842796	0.8519440256538419	0.6247477056410531	0.19761120998519863	0.24934443634317	0.8170085218392975	0.45849829807297865	0.23882749545148146	0.1205810453158777	0.8061042248800506	0.027973082172158055	0.02318958118069756	0.0024	0.0649847094801223	0.045004010630714145	0.023541808543761877	0.0050675675675675	0.0933333333333333	0.030480538801857658	0.02176010226265493	0.0043699927166788	0.065738592420727	0.8831401460377852	0.018864568794585975	0.8325290199025027	0.9047773035497304	0.0030574694836081133	0.003279288261905056	0.0	0.0088757396449704	0.005432771220680667	0.006844068129818085	0.0	0.0266666666666666	0.0032595904666312867	0.0032444154826776293	0.0	0.0091848450057405	108.31666666666666	201.13586973794128	12.0	756.5	0.28708097089487095	0.20300120876989913	0.0300925925925925	0.70064874884152	1.4	2.164651077128664	0	7	0.08015873015873015	0.1875015746973432	0.0	0.6666666666666666	0.06262961847487677	0.13592706897753642	0.0	0.4285714285714285	1.0972802769851535	0.61713427535597	0.2956081081081081	2.213953488372093	0.13243637640946934	0.11491336414260653	0.0234375	0.3372093023255814	0.2836503841585956	0.24320455346178685	0.0666666666666666	0.7415540540540541	770.0666666666667	499.6139176070525	75	1410	1169.8	210.291362501785	781	1393	2456197.2	1969.5869835359929	2452184	2457600
ntv3_100m_pre_w2048	plant_fine	gap100_min100	0.8	10	15	0.4027434564053383	0.25755483947351626	0.065861646842796	0.8519440256538419	0.6247477056410531	0.19761120998519863	0.24934443634317	0.8170085218392975	0.45849829807297865	0.23882749545148146	0.1205810453158777	0.8061042248800506	0.027973082172158055	0.02318958118069756	0.0024	0.0649847094801223	0.045004010630714145	0.023541808543761877	0.0050675675675675	0.0933333333333333	0.030480538801857658	0.02176010226265493	0.0043699927166788	0.065738592420727	0.8831401460377852	0.018864568794585975	0.8325290199025027	0.9047773035497304	0.0046421917866689135	0.005355644233287827	0.0	0.0143575017946877	0.0070365664823852465	0.007562455926448352	0.0	0.0266666666666666	0.004853573589680733	0.0052954543022312355	0.0	0.0142704245451302	108.31666666666666	201.13586973794128	12.0	756.5	0.28708097089487095	0.20300120876989913	0.0300925925925925	0.70064874884152	1.4	2.164651077128664	0	7	0.08015873015873015	0.1875015746973432	0.0	0.6666666666666666	0.06262961847487677	0.13592706897753642	0.0	0.4285714285714285	1.0972802769851535	0.61713427535597	0.2956081081081081	2.213953488372093	0.13243637640946934	0.11491336414260653	0.0234375	0.3372093023255814	0.2836503841585956	0.24320455346178685	0.0666666666666666	0.7415540540540541	770.0666666666667	499.6139176070525	75	1410	1169.8	210.291362501785	781	1393	2456197.2	1969.5869835359929	2452184	2457600
ntv3_100m_pre_w2048	plant_fine	gap100_min100	0.8	25	15	0.4027434564053383	0.25755483947351626	0.065861646842796	0.8519440256538419	0.6247477056410531	0.19761120998519863	0.24934443634317	0.8170085218392975	0.45849829807297865	0.23882749545148146	0.1205810453158777	0.8061042248800506	0.027973082172158055	0.02318958118069756	0.0024	0.0649847094801223	0.045004010630714145	0.023541808543761877	0.0050675675675675	0.0933333333333333	0.030480538801857658	0.02176010226265493	0.0043699927166788	0.065738592420727	0.8831401460377852	0.018864568794585975	0.8325290199025027	0.9047773035497304	0.01329817117777682	0.014649904254115048	0.0	0.0352490421455938	0.017798026472007566	0.017072325329377868	0.0	0.0533333333333333	0.013783409472934967	0.014512762456162474	0.0	0.0351279114165712	108.31666666666666	201.13586973794128	12.0	756.5	0.28708097089487095	0.20300120876989913	0.0300925925925925	0.70064874884152	1.4	2.164651077128664	0	7	0.08015873015873015	0.1875015746973432	0.0	0.6666666666666666	0.06262961847487677	0.13592706897753642	0.0	0.4285714285714285	1.0972802769851535	0.61713427535597	0.2956081081081081	2.213953488372093	0.13243637640946934	0.11491336414260653	0.0234375	0.3372093023255814	0.2836503841585956	0.24320455346178685	0.0666666666666666	0.7415540540540541	770.0666666666667	499.6139176070525	75	1410	1169.8	210.291362501785	781	1393	2456197.2	1969.5869835359929	2452184	2457600
ntv3_100m_pre_w2048	plant_fine	gap100_min100	0.8	50	15	0.4027434564053383	0.25755483947351626	0.065861646842796	0.8519440256538419	0.6247477056410531	0.19761120998519863	0.24934443634317	0.8170085218392975	0.45849829807297865	0.23882749545148146	0.1205810453158777	0.8061042248800506	0.027973082172158055	0.02318958118069756	0.0024	0.0649847094801223	0.045004010630714145	0.023541808543761877	0.0050675675675675	0.0933333333333333	0.030480538801857658	0.02176010226265493	0.0043699927166788	0.065738592420727	0.8831401460377852	0.018864568794585975	0.8325290199025027	0.9047773035497304	0.0199010039703274	0.021152646230535376	0.0	0.0498084291187739	0.02647942924926625	0.020537124799266008	0.0	0.0533333333333333	0.020705186767101914	0.020812094369480717	0.0	0.0502706883217324	108.31666666666666	201.13586973794128	12.0	756.5	0.28708097089487095	0.20300120876989913	0.0300925925925925	0.70064874884152	1.4	2.164651077128664	0	7	0.08015873015873015	0.1875015746973432	0.0	0.6666666666666666	0.06262961847487677	0.13592706897753642	0.0	0.4285714285714285	1.0972802769851535	0.61713427535597	0.2956081081081081	2.213953488372093	0.13243637640946934	0.11491336414260653	0.0234375	0.3372093023255814	0.2836503841585956	0.24320455346178685	0.0666666666666666	0.7415540540540541	770.0666666666667	499.6139176070525	75	1410	1169.8	210.291362501785	781	1393	2456197.2	1969.5869835359929	2452184	2457600
ntv3_100m_pre_w2048	plant_fine	gap100_min100	0.8	100	15	0.4027434564053383	0.25755483947351626	0.065861646842796	0.8519440256538419	0.6247477056410531	0.19761120998519863	0.24934443634317	0.8170085218392975	0.45849829807297865	0.23882749545148146	0.1205810453158777	0.8061042248800506	0.027973082172158055	0.02318958118069756	0.0024	0.0649847094801223	0.045004010630714145	0.023541808543761877	0.0050675675675675	0.0933333333333333	0.030480538801857658	0.02176010226265493	0.0043699927166788	0.065738592420727	0.8831401460377852	0.018864568794585975	0.8325290199025027	0.9047773035497304	0.022654831952777198	0.02315924566758702	0.0	0.0596330275229357	0.030183314214223708	0.021163044460447446	0.0	0.0610328638497652	0.023658118954483845	0.022695669694515253	0.0	0.0603248259860788	108.31666666666666	201.13586973794128	12.0	756.5	0.28708097089487095	0.20300120876989913	0.0300925925925925	0.70064874884152	1.4	2.164651077128664	0	7	0.08015873015873015	0.1875015746973432	0.0	0.6666666666666666	0.06262961847487677	0.13592706897753642	0.0	0.4285714285714285	1.0972802769851535	0.61713427535597	0.2956081081081081	2.213953488372093	0.13243637640946934	0.11491336414260653	0.0234375	0.3372093023255814	0.2836503841585956	0.24320455346178685	0.0666666666666666	0.7415540540540541	770.0666666666667	499.6139176070525	75	1410	1169.8	210.291362501785	781	1393	2456197.2	1969.5869835359929	2452184	2457600
ntv3_100m_pre_w2048	plant_fine	gap100_min100	0.9	5	15	0.4027434564053383	0.25755483947351626	0.065861646842796	0.8519440256538419	0.6247477056410531	0.19761120998519863	0.24934443634317	0.8170085218392975	0.45849829807297865	0.23882749545148146	0.1205810453158777	0.8061042248800506	0.011111184705688405	0.010332893656446159	0.0	0.0251479289940828	0.01742414471919216	0.0110381323486588	0.0	0.04	0.01196128700137528	0.009898377883829306	0.0	0.0260237275162648	0.885619622786612	0.24541999004421053	0.0	0.9823529411764704	0.0030574694836081133	0.003279288261905056	0.0	0.0088757396449704	0.005432771220680667	0.006844068129818085	0.0	0.0266666666666666	0.0032595904666312867	0.0032444154826776293	0.0	0.0091848450057405	49.714285714285715	91.85575319817696	1.5	328.5	0.28708097089487095	0.20300120876989913	0.0300925925925925	0.70064874884152	1.4	2.164651077128664	0	7	0.08015873015873015	0.1875015746973432	0.0	0.6666666666666666	0.06262961847487677	0.13592706897753642	0.0	0.4285714285714285	1.0972802769851535	0.61713427535597	0.2956081081081081	2.213953488372093	0.13243637640946934	0.11491336414260653	0.0234375	0.3372093023255814	0.2836503841585956	0.24320455346178685	0.0666666666666666	0.7415540540540541	770.0666666666667	499.6139176070525	75	1410	1169.8	210.291362501785	781	1393	2456197.2	1969.5869835359929	2452184	2457600
ntv3_100m_pre_w2048	plant_fine	gap100_min100	0.9	10	15	0.4027434564053383	0.25755483947351626	0.065861646842796	0.8519440256538419	0.6247477056410531	0.19761120998519863	0.24934443634317	0.8170085218392975	0.45849829807297865	0.23882749545148146	0.1205810453158777	0.8061042248800506	0.011111184705688405	0.010332893656446159	0.0	0.0251479289940828	0.01742414471919216	0.0110381323486588	0.0	0.04	0.01196128700137528	0.009898377883829306	0.0	0.0260237275162648	0.885619622786612	0.24541999004421053	0.0	0.9823529411764704	0.004494407830186287	0.005206388254381595	0.0	0.0136396267049533	0.006889385282877907	0.007509585773813338	0.0	0.0266666666666666	0.004706093898766126	0.005152144090952275	0.0	0.0135569033178737	49.714285714285715	91.85575319817696	1.5	328.5	0.28708097089487095	0.20300120876989913	0.0300925925925925	0.70064874884152	1.4	2.164651077128664	0	7	0.08015873015873015	0.1875015746973432	0.0	0.6666666666666666	0.06262961847487677	0.13592706897753642	0.0	0.4285714285714285	1.0972802769851535	0.61713427535597	0.2956081081081081	2.213953488372093	0.13243637640946934	0.11491336414260653	0.0234375	0.3372093023255814	0.2836503841585956	0.24320455346178685	0.0666666666666666	0.7415540540540541	770.0666666666667	499.6139176070525	75	1410	1169.8	210.291362501785	781	1393	2456197.2	1969.5869835359929	2452184	2457600
ntv3_100m_pre_w2048	plant_fine	gap100_min100	0.9	25	15	0.4027434564053383	0.25755483947351626	0.065861646842796	0.8519440256538419	0.6247477056410531	0.19761120998519863	0.24934443634317	0.8170085218392975	0.45849829807297865	0.23882749545148146	0.1205810453158777	0.8061042248800506	0.011111184705688405	0.010332893656446159	0.0	0.0251479289940828	0.01742414471919216	0.0110381323486588	0.0	0.04	0.01196128700137528	0.009898377883829306	0.0	0.0260237275162648	0.885619622786612	0.24541999004421053	0.0	0.9823529411764704	0.00873137206697374	0.009869051134664561	0.0	0.022189349112426	0.012151002214577067	0.012189654983992779	0.0	0.04	0.009066300183960013	0.009782306845657002	0.0	0.0229621125143513	49.714285714285715	91.85575319817696	1.5	328.5	0.28708097089487095	0.20300120876989913	0.0300925925925925	0.70064874884152	1.4	2.164651077128664	0	7	0.08015873015873015	0.1875015746973432	0.0	0.6666666666666666	0.06262961847487677	0.13592706897753642	0.0	0.4285714285714285	1.0972802769851535	0.61713427535597	0.2956081081081081	2.213953488372093	0.13243637640946934	0.11491336414260653	0.0234375	0.3372093023255814	0.2836503841585956	0.24320455346178685	0.0666666666666666	0.7415540540540541	770.0666666666667	499.6139176070525	75	1410	1169.8	210.291362501785	781	1393	2456197.2	1969.5869835359929	2452184	2457600
ntv3_100m_pre_w2048	plant_fine	gap100_min100	0.9	50	15	0.4027434564053383	0.25755483947351626	0.065861646842796	0.8519440256538419	0.6247477056410531	0.19761120998519863	0.24934443634317	0.8170085218392975	0.45849829807297865	0.23882749545148146	0.1205810453158777	0.8061042248800506	0.011111184705688405	0.010332893656446159	0.0	0.0251479289940828	0.01742414471919216	0.0110381323486588	0.0	0.04	0.01196128700137528	0.009898377883829306	0.0	0.0260237275162648	0.885619622786612	0.24541999004421053	0.0	0.9823529411764704	0.009668040178846747	0.010450298872407735	0.0	0.0244082840236686	0.013734877214411606	0.01198341025583098	0.0	0.04	0.010093107367550027	0.010304703264899372	0.0	0.0252583237657864	49.714285714285715	91.85575319817696	1.5	328.5	0.28708097089487095	0.20300120876989913	0.0300925925925925	0.70064874884152	1.4	2.164651077128664	0	7	0.08015873015873015	0.1875015746973432	0.0	0.6666666666666666	0.06262961847487677	0.13592706897753642	0.0	0.4285714285714285	1.0972802769851535	0.61713427535597	0.2956081081081081	2.213953488372093	0.13243637640946934	0.11491336414260653	0.0234375	0.3372093023255814	0.2836503841585956	0.24320455346178685	0.0666666666666666	0.7415540540540541	770.0666666666667	499.6139176070525	75	1410	1169.8	210.291362501785	781	1393	2456197.2	1969.5869835359929	2452184	2457600
ntv3_100m_pre_w2048	plant_fine	gap100_min100	0.9	100	15	0.4027434564053383	0.25755483947351626	0.065861646842796	0.8519440256538419	0.6247477056410531	0.19761120998519863	0.24934443634317	0.8170085218392975	0.45849829807297865	0.23882749545148146	0.1205810453158777	0.8061042248800506	0.011111184705688405	0.010332893656446159	0.0	0.0251479289940828	0.01742414471919216	0.0110381323486588	0.0	0.04	0.01196128700137528	0.009898377883829306	0.0	0.0260237275162648	0.885619622786612	0.24541999004421053	0.0	0.9823529411764704	0.009920220278859773	0.010760338598932901	0.0	0.0251479289940828	0.0139949556487475	0.012187343030684519	0.0	0.04	0.01034915149231652	0.010622056014544988	0.0	0.0260237275162648	49.714285714285715	91.85575319817696	1.5	328.5	0.28708097089487095	0.20300120876989913	0.0300925925925925	0.70064874884152	1.4	2.164651077128664	0	7	0.08015873015873015	0.1875015746973432	0.0	0.6666666666666666	0.06262961847487677	0.13592706897753642	0.0	0.4285714285714285	1.0972802769851535	0.61713427535597	0.2956081081081081	2.213953488372093	0.13243637640946934	0.11491336414260653	0.0234375	0.3372093023255814	0.2836503841585956	0.24320455346178685	0.0666666666666666	0.7415540540540541	770.0666666666667	499.6139176070525	75	1410	1169.8	210.291362501785	781	1393	2456197.2	1969.5869835359929	2452184	2457600
ntv3_100m_pre_w2048	plant_fine	gap50_min80	0.5	5	15	0.41198326846910277	0.26146657886531505	0.0689680686638824	0.8593877518362644	0.5808917332714157	0.1980745100961556	0.2089617150824411	0.7802883645269466	0.45104873967200376	0.23443693410210295	0.1250255222561525	0.7988427927130314	0.0858540986787107	0.06609991580546706	0.0083226632522407	0.1748538011695906	0.17101791075360392	0.06263376163680612	0.0405405405405405	0.2522522522522522	0.10273705701353815	0.06902521401770256	0.0158827122785583	0.1989354624085163	0.7056382261512224	0.029072159090557204	0.6572333733110438	0.7702198838596931	0.0033223284601451002	0.0030821534206369483	0.0	0.0082644628099173	0.006577449375652067	0.00677203644300636	0.0	0.0266666666666666	0.0038610903413061	0.003387311403364777	0.0	0.0094754653130287	130.35	126.58466252162734	35.5	409.5	0.3057952820842258	0.2015516115295452	0.0320102432778489	0.7221518987341772	1.6	2.7202941017470885	0	9	0.06222222222222222	0.13443985299781488	0.0	0.4	0.055114515185686566	0.11727744865393994	0.0	0.4285714285714285	1.2940940497375706	0.8742353956205929	0.2956081081081081	3.013953488372093	0.17387563082071317	0.13068756447714677	0.0453125	0.4232558139534884	0.30767660326888424	0.24751355026507704	0.08	0.7668918918918919	770.0666666666667	499.6139176070525	75	1410	1503.4	358.2161757534527	835	2018	2456197.2	1969.5869835359929	2452184	2457600
ntv3_100m_pre_w2048	plant_fine	gap50_min80	0.5	10	15	0.41198326846910277	0.26146657886531505	0.0689680686638824	0.8593877518362644	0.5808917332714157	0.1980745100961556	0.2089617150824411	0.7802883645269466	0.45104873967200376	0.23443693410210295	0.1250255222561525	0.7988427927130314	0.0858540986787107	0.06609991580546706	0.0083226632522407	0.1748538011695906	0.17101791075360392	0.06263376163680612	0.0405405405405405	0.2522522522522522	0.10273705701353815	0.06902521401770256	0.0158827122785583	0.1989354624085163	0.7056382261512224	0.029072159090557204	0.6572333733110438	0.7702198838596931	0.005311624843591426	0.005099780898405217	0.0	0.0122807017543859	0.0091666282569603	0.007785277393057504	0.0	0.0266666666666666	0.00610801743750526	0.0056358346314951974	0.0	0.0139720558882235	130.35	126.58466252162734	35.5	409.5	0.3057952820842258	0.2015516115295452	0.0320102432778489	0.7221518987341772	1.6	2.7202941017470885	0	9	0.06222222222222222	0.13443985299781488	0.0	0.4	0.055114515185686566	0.11727744865393994	0.0	0.4285714285714285	1.2940940497375706	0.8742353956205929	0.2956081081081081	3.013953488372093	0.17387563082071317	0.13068756447714677	0.0453125	0.4232558139534884	0.30767660326888424	0.24751355026507704	0.08	0.7668918918918919	770.0666666666667	499.6139176070525	75	1410	1503.4	358.2161757534527	835	2018	2456197.2	1969.5869835359929	2452184	2457600
ntv3_100m_pre_w2048	plant_fine	gap50_min80	0.5	25	15	0.41198326846910277	0.26146657886531505	0.0689680686638824	0.8593877518362644	0.5808917332714157	0.1980745100961556	0.2089617150824411	0.7802883645269466	0.45104873967200376	0.23443693410210295	0.1250255222561525	0.7988427927130314	0.0858540986787107	0.06609991580546706	0.0083226632522407	0.1748538011695906	0.17101791075360392	0.06263376163680612	0.0405405405405405	0.2522522522522522	0.10273705701353815	0.06902521401770256	0.0158827122785583	0.1989354624085163	0.7056382261512224	0.029072159090557204	0.6572333733110438	0.7702198838596931	0.014629056409613147	0.014332735027679478	0.0	0.0346858638743455	0.023199611724635635	0.018331605979069167	0.0	0.0533333333333333	0.01671355035477884	0.0156440752293681	0.0	0.0372976776917663	130.35	126.58466252162734	35.5	409.5	0.3057952820842258	0.2015516115295452	0.0320102432778489	0.7221518987341772	1.6	2.7202941017470885	0	9	0.06222222222222222	0.13443985299781488	0.0	0.4	0.055114515185686566	0.11727744865393994	0.0	0.4285714285714285	1.2940940497375706	0.8742353956205929	0.2956081081081081	3.013953488372093	0.17387563082071317	0.13068756447714677	0.0453125	0.4232558139534884	0.30767660326888424	0.24751355026507704	0.08	0.7668918918918919	770.0666666666667	499.6139176070525	75	1410	1503.4	358.2161757534527	835	2018	2456197.2	1969.5869835359929	2452184	2457600
ntv3_100m_pre_w2048	plant_fine	gap50_min80	0.5	50	15	0.41198326846910277	0.26146657886531505	0.0689680686638824	0.8593877518362644	0.5808917332714157	0.1980745100961556	0.2089617150824411	0.7802883645269466	0.45104873967200376	0.23443693410210295	0.1250255222561525	0.7988427927130314	0.0858540986787107	0.06609991580546706	0.0083226632522407	0.1748538011695906	0.17101791075360392	0.06263376163680612	0.0405405405405405	0.2522522522522522	0.10273705701353815	0.06902521401770256	0.0158827122785583	0.1989354624085163	0.7056382261512224	0.029072159090557204	0.6572333733110438	0.7702198838596931	0.029176655782327938	0.027513985098249667	0.001310615989515	0.0687172774869109	0.046821042447387544	0.028307946715462776	0.0069767441860465	0.0833333333333333	0.03350888330378912	0.02975537956635472	0.0024434941967012	0.0749585406301824	130.35	126.58466252162734	35.5	409.5	0.3057952820842258	0.2015516115295452	0.0320102432778489	0.7221518987341772	1.6	2.7202941017470885	0	9	0.06222222222222222	0.13443985299781488	0.0	0.4	0.055114515185686566	0.11727744865393994	0.0	0.4285714285714285	1.2940940497375706	0.8742353956205929	0.2956081081081081	3.013953488372093	0.17387563082071317	0.13068756447714677	0.0453125	0.4232558139534884	0.30767660326888424	0.24751355026507704	0.08	0.7668918918918919	770.0666666666667	499.6139176070525	75	1410	1503.4	358.2161757534527	835	2018	2456197.2	1969.5869835359929	2452184	2457600
ntv3_100m_pre_w2048	plant_fine	gap50_min80	0.5	100	15	0.41198326846910277	0.26146657886531505	0.0689680686638824	0.8593877518362644	0.5808917332714157	0.1980745100961556	0.2089617150824411	0.7802883645269466	0.45104873967200376	0.23443693410210295	0.1250255222561525	0.7988427927130314	0.0858540986787107	0.06609991580546706	0.0083226632522407	0.1748538011695906	0.17101791075360392	0.06263376163680612	0.0405405405405405	0.2522522522522522	0.10273705701353815	0.06902521401770256	0.0158827122785583	0.1989354624085163	0.7056382261512224	0.029072159090557204	0.6572333733110438	0.7702198838596931	0.04912814529745249	0.04630653341234752	0.0025608194622279	0.1132198952879581	0.07874255111314299	0.04600716007969615	0.0186046511627906	0.1404320987654321	0.056565697377391734	0.050148028706431924	0.0048869883934025	0.1217452498240675	130.35	126.58466252162734	35.5	409.5	0.3057952820842258	0.2015516115295452	0.0320102432778489	0.7221518987341772	1.6	2.7202941017470885	0	9	0.06222222222222222	0.13443985299781488	0.0	0.4	0.055114515185686566	0.11727744865393994	0.0	0.4285714285714285	1.2940940497375706	0.8742353956205929	0.2956081081081081	3.013953488372093	0.17387563082071317	0.13068756447714677	0.0453125	0.4232558139534884	0.30767660326888424	0.24751355026507704	0.08	0.7668918918918919	770.0666666666667	499.6139176070525	75	1410	1503.4	358.2161757534527	835	2018	2456197.2	1969.5869835359929	2452184	2457600
ntv3_100m_pre_w2048	plant_fine	gap50_min80	0.7	5	15	0.41198326846910277	0.26146657886531505	0.0689680686638824	0.8593877518362644	0.5808917332714157	0.1980745100961556	0.2089617150824411	0.7802883645269466	0.45104873967200376	0.23443693410210295	0.1250255222561525	0.7988427927130314	0.04172216484279979	0.034674086008056985	0.0051216389244558	0.0896596858638743	0.08275901874234301	0.035532678808375275	0.0152027027027027	0.1272727272727272	0.04950298186328982	0.03631276506760821	0.0097739767868051	0.0978043912175648	0.8273673897510173	0.02503636027772975	0.7752232628168318	0.8774250958278393	0.0033223284601451002	0.0030821534206369483	0.0	0.0082644628099173	0.006577449375652067	0.00677203644300636	0.0	0.0266666666666666	0.0038610903413061	0.003387311403364777	0.0	0.0094754653130287	74.46666666666667	87.56318466983605	13.5	293.75	0.3057952820842258	0.2015516115295452	0.0320102432778489	0.7221518987341772	1.6	2.7202941017470885	0	9	0.06222222222222222	0.13443985299781488	0.0	0.4	0.055114515185686566	0.11727744865393994	0.0	0.4285714285714285	1.2940940497375706	0.8742353956205929	0.2956081081081081	3.013953488372093	0.17387563082071317	0.13068756447714677	0.0453125	0.4232558139534884	0.30767660326888424	0.24751355026507704	0.08	0.7668918918918919	770.0666666666667	499.6139176070525	75	1410	1503.4	358.2161757534527	835	2018	2456197.2	1969.5869835359929	2452184	2457600
ntv3_100m_pre_w2048	plant_fine	gap50_min80	0.7	10	15	0.41198326846910277	0.26146657886531505	0.0689680686638824	0.8593877518362644	0.5808917332714157	0.1980745100961556	0.2089617150824411	0.7802883645269466	0.45104873967200376	0.23443693410210295	0.1250255222561525	0.7988427927130314	0.04172216484279979	0.034674086008056985	0.0051216389244558	0.0896596858638743	0.08275901874234301	0.035532678808375275	0.0152027027027027	0.1272727272727272	0.04950298186328982	0.03631276506760821	0.0097739767868051	0.0978043912175648	0.8273673897510173	0.02503636027772975	0.7752232628168318	0.8774250958278393	0.005311624843591426	0.005099780898405217	0.0	0.0122807017543859	0.0091666282569603	0.007785277393057504	0.0	0.0266666666666666	0.00610801743750526	0.0056358346314951974	0.0	0.0139720558882235	74.46666666666667	87.56318466983605	13.5	293.75	0.3057952820842258	0.2015516115295452	0.0320102432778489	0.7221518987341772	1.6	2.7202941017470885	0	9	0.06222222222222222	0.13443985299781488	0.0	0.4	0.055114515185686566	0.11727744865393994	0.0	0.4285714285714285	1.2940940497375706	0.8742353956205929	0.2956081081081081	3.013953488372093	0.17387563082071317	0.13068756447714677	0.0453125	0.4232558139534884	0.30767660326888424	0.24751355026507704	0.08	0.7668918918918919	770.0666666666667	499.6139176070525	75	1410	1503.4	358.2161757534527	835	2018	2456197.2	1969.5869835359929	2452184	2457600
ntv3_100m_pre_w2048	plant_fine	gap50_min80	0.7	25	15	0.41198326846910277	0.26146657886531505	0.0689680686638824	0.8593877518362644	0.5808917332714157	0.1980745100961556	0.2089617150824411	0.7802883645269466	0.45104873967200376	0.23443693410210295	0.1250255222561525	0.7988427927130314	0.04172216484279979	0.034674086008056985	0.0051216389244558	0.0896596858638743	0.08275901874234301	0.035532678808375275	0.0152027027027027	0.1272727272727272	0.04950298186328982	0.03631276506760821	0.0097739767868051	0.0978043912175648	0.8273673897510173	0.02503636027772975	0.7752232628168318	0.8774250958278393	0.014553291848470502	0.014328916541497821	0.0	0.0346858638743455	0.02299693089644803	0.0184564447555514	0.0	0.0533333333333333	0.016609846783240526	0.01565568113513317	0.0	0.0372976776917663	74.46666666666667	87.56318466983605	13.5	293.75	0.3057952820842258	0.2015516115295452	0.0320102432778489	0.7221518987341772	1.6	2.7202941017470885	0	9	0.06222222222222222	0.13443985299781488	0.0	0.4	0.055114515185686566	0.11727744865393994	0.0	0.4285714285714285	1.2940940497375706	0.8742353956205929	0.2956081081081081	3.013953488372093	0.17387563082071317	0.13068756447714677	0.0453125	0.4232558139534884	0.30767660326888424	0.24751355026507704	0.08	0.7668918918918919	770.0666666666667	499.6139176070525	75	1410	1503.4	358.2161757534527	835	2018	2456197.2	1969.5869835359929	2452184	2457600
ntv3_100m_pre_w2048	plant_fine	gap50_min80	0.7	50	15	0.41198326846910277	0.26146657886531505	0.0689680686638824	0.8593877518362644	0.5808917332714157	0.1980745100961556	0.2089617150824411	0.7802883645269466	0.45104873967200376	0.23443693410210295	0.1250255222561525	0.7988427927130314	0.04172216484279979	0.034674086008056985	0.0051216389244558	0.0896596858638743	0.08275901874234301	0.035532678808375275	0.0152027027027027	0.1272727272727272	0.04950298186328982	0.03631276506760821	0.0097739767868051	0.0978043912175648	0.8273673897510173	0.02503636027772975	0.7752232628168318	0.8774250958278393	0.025040173356728406	0.024567487943303972	0.0004955401387512	0.0602094240837696	0.0402773495712105	0.02632481986827061	0.0023255813953488	0.0730088495575221	0.028695013706471574	0.02667322110160053	0.0008169934640522	0.0656716417910447	74.46666666666667	87.56318466983605	13.5	293.75	0.3057952820842258	0.2015516115295452	0.0320102432778489	0.7221518987341772	1.6	2.7202941017470885	0	9	0.06222222222222222	0.13443985299781488	0.0	0.4	0.055114515185686566	0.11727744865393994	0.0	0.4285714285714285	1.2940940497375706	0.8742353956205929	0.2956081081081081	3.013953488372093	0.17387563082071317	0.13068756447714677	0.0453125	0.4232558139534884	0.30767660326888424	0.24751355026507704	0.08	0.7668918918918919	770.0666666666667	499.6139176070525	75	1410	1503.4	358.2161757534527	835	2018	2456197.2	1969.5869835359929	2452184	2457600
ntv3_100m_pre_w2048	plant_fine	gap50_min80	0.7	100	15	0.41198326846910277	0.26146657886531505	0.0689680686638824	0.8593877518362644	0.5808917332714157	0.1980745100961556	0.2089617150824411	0.7802883645269466	0.45104873967200376	0.23443693410210295	0.1250255222561525	0.7988427927130314	0.04172216484279979	0.034674086008056985	0.0051216389244558	0.0896596858638743	0.08275901874234301	0.035532678808375275	0.0152027027027027	0.1272727272727272	0.04950298186328982	0.03631276506760821	0.0097739767868051	0.0978043912175648	0.8273673897510173	0.02503636027772975	0.7752232628168318	0.8774250958278393	0.032867129666973256	0.03152700586682208	0.0019821605550049	0.0785340314136125	0.05393758746048223	0.03200906678004414	0.0093023255813953	0.0941358024691358	0.03783106615950101	0.03410855042443851	0.0032679738562091	0.0844475721323012	74.46666666666667	87.56318466983605	13.5	293.75	0.3057952820842258	0.2015516115295452	0.0320102432778489	0.7221518987341772	1.6	2.7202941017470885	0	9	0.06222222222222222	0.13443985299781488	0.0	0.4	0.055114515185686566	0.11727744865393994	0.0	0.4285714285714285	1.2940940497375706	0.8742353956205929	0.2956081081081081	3.013953488372093	0.17387563082071317	0.13068756447714677	0.0453125	0.4232558139534884	0.30767660326888424	0.24751355026507704	0.08	0.7668918918918919	770.0666666666667	499.6139176070525	75	1410	1503.4	358.2161757534527	835	2018	2456197.2	1969.5869835359929	2452184	2457600
ntv3_100m_pre_w2048	plant_fine	gap50_min80	0.8	5	15	0.41198326846910277	0.26146657886531505	0.0689680686638824	0.8593877518362644	0.5808917332714157	0.1980745100961556	0.2089617150824411	0.7802883645269466	0.45104873967200376	0.23443693410210295	0.1250255222561525	0.7988427927130314	0.025588447375117306	0.0230640976016831	0.0035928143712574	0.0606629143214509	0.048820666503320724	0.024112358164892555	0.0050675675675675	0.08	0.030025340249401167	0.02437093050348976	0.0042046250875963	0.0674313521028849	0.8860740864413157	0.022306329232090482	0.8266081871345029	0.9279176501097612	0.0033223284601451002	0.0030821534206369483	0.0	0.0082644628099173	0.006577449375652067	0.00677203644300636	0.0	0.0266666666666666	0.0038610903413061	0.003387311403364777	0.0	0.0094754653130287	36.93333333333333	44.57582491291291	8.5	152.0	0.3057952820842258	0.2015516115295452	0.0320102432778489	0.7221518987341772	1.6	2.7202941017470885	0	9	0.06222222222222222	0.13443985299781488	0.0	0.4	0.055114515185686566	0.11727744865393994	0.0	0.4285714285714285	1.2940940497375706	0.8742353956205929	0.2956081081081081	3.013953488372093	0.17387563082071317	0.13068756447714677	0.0453125	0.4232558139534884	0.30767660326888424	0.24751355026507704	0.08	0.7668918918918919	770.0666666666667	499.6139176070525	75	1410	1503.4	358.2161757534527	835	2018	2456197.2	1969.5869835359929	2452184	2457600
ntv3_100m_pre_w2048	plant_fine	gap50_min80	0.8	10	15	0.41198326846910277	0.26146657886531505	0.0689680686638824	0.8593877518362644	0.5808917332714157	0.1980745100961556	0.2089617150824411	0.7802883645269466	0.45104873967200376	0.23443693410210295	0.1250255222561525	0.7988427927130314	0.025588447375117306	0.0230640976016831	0.0035928143712574	0.0606629143214509	0.048820666503320724	0.024112358164892555	0.0050675675675675	0.08	0.030025340249401167	0.02437093050348976	0.0042046250875963	0.0674313521028849	0.8860740864413157	0.022306329232090482	0.8266081871345029	0.9279176501097612	0.005311624843591426	0.005099780898405217	0.0	0.0122807017543859	0.0091666282569603	0.007785277393057504	0.0	0.0266666666666666	0.00610801743750526	0.0056358346314951974	0.0	0.0139720558882235	36.93333333333333	44.57582491291291	8.5	152.0	0.3057952820842258	0.2015516115295452	0.0320102432778489	0.7221518987341772	1.6	2.7202941017470885	0	9	0.06222222222222222	0.13443985299781488	0.0	0.4	0.055114515185686566	0.11727744865393994	0.0	0.4285714285714285	1.2940940497375706	0.8742353956205929	0.2956081081081081	3.013953488372093	0.17387563082071317	0.13068756447714677	0.0453125	0.4232558139534884	0.30767660326888424	0.24751355026507704	0.08	0.7668918918918919	770.0666666666667	499.6139176070525	75	1410	1503.4	358.2161757534527	835	2018	2456197.2	1969.5869835359929	2452184	2457600
ntv3_100m_pre_w2048	plant_fine	gap50_min80	0.8	25	15	0.41198326846910277	0.26146657886531505	0.0689680686638824	0.8593877518362644	0.5808917332714157	0.1980745100961556	0.2089617150824411	0.7802883645269466	0.45104873967200376	0.23443693410210295	0.1250255222561525	0.7988427927130314	0.025588447375117306	0.0230640976016831	0.0035928143712574	0.0606629143214509	0.048820666503320724	0.024112358164892555	0.0050675675675675	0.08	0.030025340249401167	0.02437093050348976	0.0042046250875963	0.0674313521028849	0.8860740864413157	0.022306329232090482	0.8266081871345029	0.9279176501097612	0.013660163555121167	0.013676400950525901	0.0	0.0340314136125654	0.021816691476722293	0.017948739214556867	0.0	0.0533333333333333	0.015594286073480967	0.014929384837063278	0.0	0.0365939479239971	36.93333333333333	44.57582491291291	8.5	152.0	0.3057952820842258	0.2015516115295452	0.0320102432778489	0.7221518987341772	1.6	2.7202941017470885	0	9	0.06222222222222222	0.13443985299781488	0.0	0.4	0.055114515185686566	0.11727744865393994	0.0	0.4285714285714285	1.2940940497375706	0.8742353956205929	0.2956081081081081	3.013953488372093	0.17387563082071317	0.13068756447714677	0.0453125	0.4232558139534884	0.30767660326888424	0.24751355026507704	0.08	0.7668918918918919	770.0666666666667	499.6139176070525	75	1410	1503.4	358.2161757534527	835	2018	2456197.2	1969.5869835359929	2452184	2457600
ntv3_100m_pre_w2048	plant_fine	gap50_min80	0.8	50	15	0.41198326846910277	0.26146657886531505	0.0689680686638824	0.8593877518362644	0.5808917332714157	0.1980745100961556	0.2089617150824411	0.7802883645269466	0.45104873967200376	0.23443693410210295	0.1250255222561525	0.7988427927130314	0.025588447375117306	0.0230640976016831	0.0035928143712574	0.0606629143214509	0.048820666503320724	0.024112358164892555	0.0050675675675675	0.08	0.030025340249401167	0.02437093050348976	0.0042046250875963	0.0674313521028849	0.8860740864413157	0.022306329232090482	0.8266081871345029	0.9279176501097612	0.01979885577022994	0.020005043365964235	0.0	0.0484293193717277	0.03210231502589622	0.02271211960606065	0.0	0.0582595870206489	0.022665005859882993	0.02174628712336725	0.0	0.0524046434494195	36.93333333333333	44.57582491291291	8.5	152.0	0.3057952820842258	0.2015516115295452	0.0320102432778489	0.7221518987341772	1.6	2.7202941017470885	0	9	0.06222222222222222	0.13443985299781488	0.0	0.4	0.055114515185686566	0.11727744865393994	0.0	0.4285714285714285	1.2940940497375706	0.8742353956205929	0.2956081081081081	3.013953488372093	0.17387563082071317	0.13068756447714677	0.0453125	0.4232558139534884	0.30767660326888424	0.24751355026507704	0.08	0.7668918918918919	770.0666666666667	499.6139176070525	75	1410	1503.4	358.2161757534527	835	2018	2456197.2	1969.5869835359929	2452184	2457600
ntv3_100m_pre_w2048	plant_fine	gap50_min80	0.8	100	15	0.41198326846910277	0.26146657886531505	0.0689680686638824	0.8593877518362644	0.5808917332714157	0.1980745100961556	0.2089617150824411	0.7802883645269466	0.45104873967200376	0.23443693410210295	0.1250255222561525	0.7988427927130314	0.025588447375117306	0.0230640976016831	0.0035928143712574	0.0606629143214509	0.048820666503320724	0.024112358164892555	0.0050675675675675	0.08	0.030025340249401167	0.02437093050348976	0.0042046250875963	0.0674313521028849	0.8860740864413157	0.022306329232090482	0.8266081871345029	0.9279176501097612	0.02255531340858937	0.022163097328106375	0.0014866204162537	0.0544090056285178	0.03830766374262779	0.023191646718798274	0.0050675675675675	0.068075117370892	0.02597482028900322	0.023900071998038976	0.0024509803921568	0.0604796663190823	36.93333333333333	44.57582491291291	8.5	152.0	0.3057952820842258	0.2015516115295452	0.0320102432778489	0.7221518987341772	1.6	2.7202941017470885	0	9	0.06222222222222222	0.13443985299781488	0.0	0.4	0.055114515185686566	0.11727744865393994	0.0	0.4285714285714285	1.2940940497375706	0.8742353956205929	0.2956081081081081	3.013953488372093	0.17387563082071317	0.13068756447714677	0.0453125	0.4232558139534884	0.30767660326888424	0.24751355026507704	0.08	0.7668918918918919	770.0666666666667	499.6139176070525	75	1410	1503.4	358.2161757534527	835	2018	2456197.2	1969.5869835359929	2452184	2457600
ntv3_100m_pre_w2048	plant_fine	gap50_min80	0.9	5	15	0.41198326846910277	0.26146657886531505	0.0689680686638824	0.8593877518362644	0.5808917332714157	0.1980745100961556	0.2089617150824411	0.7802883645269466	0.45104873967200376	0.23443693410210295	0.1250255222561525	0.7988427927130314	0.010906816296790526	0.010092831127761975	0.0	0.025523560209424	0.02170206630418551	0.014094577053197515	0.0	0.0533333333333333	0.012794749124951293	0.010735800785402554	0.0	0.0274454609429978	0.8815910133500557	0.24420662228805817	0.0	0.9629318211107348	0.0033223284601451002	0.0030821534206369483	0.0	0.0082644628099173	0.006577449375652067	0.00677203644300636	0.0	0.0266666666666666	0.0038610903413061	0.003387311403364777	0.0	0.0094754653130287	20.785714285714285	29.157374239246444	3.0	108.5	0.3057952820842258	0.2015516115295452	0.0320102432778489	0.7221518987341772	1.6	2.7202941017470885	0	9	0.06222222222222222	0.13443985299781488	0.0	0.4	0.055114515185686566	0.11727744865393994	0.0	0.4285714285714285	1.2940940497375706	0.8742353956205929	0.2956081081081081	3.013953488372093	0.17387563082071317	0.13068756447714677	0.0453125	0.4232558139534884	0.30767660326888424	0.24751355026507704	0.08	0.7668918918918919	770.0666666666667	499.6139176070525	75	1410	1503.4	358.2161757534527	835	2018	2456197.2	1969.5869835359929	2452184	2457600
ntv3_100m_pre_w2048	plant_fine	gap50_min80	0.9	10	15	0.41198326846910277	0.26146657886531505	0.0689680686638824	0.8593877518362644	0.5808917332714157	0.1980745100961556	0.2089617150824411	0.7802883645269466	0.45104873967200376	0.23443693410210295	0.1250255222561525	0.7988427927130314	0.010906816296790526	0.010092831127761975	0.0	0.025523560209424	0.02170206630418551	0.014094577053197515	0.0	0.0533333333333333	0.012794749124951293	0.010735800785402554	0.0	0.0274454609429978	0.8815910133500557	0.24420662228805817	0.0	0.9629318211107348	0.005006335401888434	0.004906336826311714	0.0	0.0116959064327485	0.008746321043193006	0.007690226927772635	0.0	0.0266666666666666	0.0057554571894962	0.005416272497095068	0.0	0.0133067198935462	20.785714285714285	29.157374239246444	3.0	108.5	0.3057952820842258	0.2015516115295452	0.0320102432778489	0.7221518987341772	1.6	2.7202941017470885	0	9	0.06222222222222222	0.13443985299781488	0.0	0.4	0.055114515185686566	0.11727744865393994	0.0	0.4285714285714285	1.2940940497375706	0.8742353956205929	0.2956081081081081	3.013953488372093	0.17387563082071317	0.13068756447714677	0.0453125	0.4232558139534884	0.30767660326888424	0.24751355026507704	0.08	0.7668918918918919	770.0666666666667	499.6139176070525	75	1410	1503.4	358.2161757534527	835	2018	2456197.2	1969.5869835359929	2452184	2457600
ntv3_100m_pre_w2048	plant_fine	gap50_min80	0.9	25	15	0.41198326846910277	0.26146657886531505	0.0689680686638824	0.8593877518362644	0.5808917332714157	0.1980745100961556	0.2089617150824411	0.7802883645269466	0.45104873967200376	0.23443693410210295	0.1250255222561525	0.7988427927130314	0.010906816296790526	0.010092831127761975	0.0	0.025523560209424	0.02170206630418551	0.014094577053197515	0.0	0.0533333333333333	0.012794749124951293	0.010735800785402554	0.0	0.0274454609429978	0.8815910133500557	0.24420662228805817	0.0	0.9629318211107348	0.008983587721093967	0.009485279320269211	0.0	0.022302591922845	0.014790559231575507	0.013028023247422105	0.0	0.04	0.010260251786929393	0.010392196819618688	0.0	0.0245439469320066	20.785714285714285	29.157374239246444	3.0	108.5	0.3057952820842258	0.2015516115295452	0.0320102432778489	0.7221518987341772	1.6	2.7202941017470885	0	9	0.06222222222222222	0.13443985299781488	0.0	0.4	0.055114515185686566	0.11727744865393994	0.0	0.4285714285714285	1.2940940497375706	0.8742353956205929	0.2956081081081081	3.013953488372093	0.17387563082071317	0.13068756447714677	0.0453125	0.4232558139534884	0.30767660326888424	0.24751355026507704	0.08	0.7668918918918919	770.0666666666667	499.6139176070525	75	1410	1503.4	358.2161757534527	835	2018	2456197.2	1969.5869835359929	2452184	2457600
ntv3_100m_pre_w2048	plant_fine	gap50_min80	0.9	50	15	0.41198326846910277	0.26146657886531505	0.0689680686638824	0.8593877518362644	0.5808917332714157	0.1980745100961556	0.2089617150824411	0.7802883645269466	0.45104873967200376	0.23443693410210295	0.1250255222561525	0.7988427927130314	0.010906816296790526	0.010092831127761975	0.0	0.025523560209424	0.02170206630418551	0.014094577053197515	0.0	0.0533333333333333	0.012794749124951293	0.010735800785402554	0.0	0.0274454609429978	0.8815910133500557	0.24420662228805817	0.0	0.9629318211107348	0.009755942274290925	0.009934333010107231	0.0	0.0242146596858638	0.016978555439663277	0.012583657555987249	0.0	0.04	0.011219553982772286	0.010792198324216103	0.0	0.0260380014074595	20.785714285714285	29.157374239246444	3.0	108.5	0.3057952820842258	0.2015516115295452	0.0320102432778489	0.7221518987341772	1.6	2.7202941017470885	0	9	0.06222222222222222	0.13443985299781488	0.0	0.4	0.055114515185686566	0.11727744865393994	0.0	0.4285714285714285	1.2940940497375706	0.8742353956205929	0.2956081081081081	3.013953488372093	0.17387563082071317	0.13068756447714677	0.0453125	0.4232558139534884	0.30767660326888424	0.24751355026507704	0.08	0.7668918918918919	770.0666666666667	499.6139176070525	75	1410	1503.4	358.2161757534527	835	2018	2456197.2	1969.5869835359929	2452184	2457600
ntv3_100m_pre_w2048	plant_fine	gap50_min80	0.9	100	15	0.41198326846910277	0.26146657886531505	0.0689680686638824	0.8593877518362644	0.5808917332714157	0.1980745100961556	0.2089617150824411	0.7802883645269466	0.45104873967200376	0.23443693410210295	0.1250255222561525	0.7988427927130314	0.010906816296790526	0.010092831127761975	0.0	0.025523560209424	0.02170206630418551	0.014094577053197515	0.0	0.0533333333333333	0.012794749124951293	0.010735800785402554	0.0	0.0274454609429978	0.8815910133500557	0.24420662228805817	0.0	0.9629318211107348	0.01027366589878472	0.010169644824295178	0.0	0.025523560209424	0.018853328577245206	0.012604867939879664	0.0	0.04	0.011889977135268927	0.01096974561867358	0.0	0.0274454609429978	20.785714285714285	29.157374239246444	3.0	108.5	0.3057952820842258	0.2015516115295452	0.0320102432778489	0.7221518987341772	1.6	2.7202941017470885	0	9	0.06222222222222222	0.13443985299781488	0.0	0.4	0.055114515185686566	0.11727744865393994	0.0	0.4285714285714285	1.2940940497375706	0.8742353956205929	0.2956081081081081	3.013953488372093	0.17387563082071317	0.13068756447714677	0.0453125	0.4232558139534884	0.30767660326888424	0.24751355026507704	0.08	0.7668918918918919	770.0666666666667	499.6139176070525	75	1410	1503.4	358.2161757534527	835	2018	2456197.2	1969.5869835359929	2452184	2457600
ntv3_100m_pre_w2048	plant_fine	hmm_penalty2	0.5	5	15	0.42771030610648825	0.2749868712531295	0.0809364630699275	0.8879750967835544	0.41634741818057797	0.17833972882225171	0.0901745763750745	0.6088155282076442	0.3911806834376037	0.21055211375149852	0.1127032269072599	0.7223629257922329	0.040043513319786145	0.029767050251345	0.0060408921933085	0.0862683023347843	0.12503276134431834	0.04868401665769089	0.0304054054054054	0.1733333333333333	0.05456105692866816	0.03787584772914135	0.0116748989672204	0.1151003167898627	0.7033999621028192	0.02777578897800006	0.6460508748477876	0.7493820671341576	0.0016649522187553135	0.001951212418230562	0.0	0.0072904009720534	0.0028265110902785467	0.0029130192080302026	0.0	0.009375	0.00207729889781218	0.0022926800512295476	0.0	0.0082023239917976	73.85	59.93395174213503	9.75	215.0	0.38729704433876316	0.2336960985566699	0.0520446096654275	0.8103644646924829	1076.6666666666667	436.9124898758604	436	1941	0.3928541125814197	0.22215051495001617	0.0508806262230919	0.796875	0.026410409425507188	0.019566279910191907	0.0019187840256732	0.0522780785734361	2.3306427187065806	2.2449404848768073	0.2939189189189189	7.21860465116279	0.2688937641534586	0.1692730796449255	0.0506756756756756	0.5534883720930233	0.3703269350552207	0.25018924872607184	0.12	0.8226351351351351	770.0666666666667	499.6139176070525	75	1410	2414.6666666666665	1027.6377673832258	823	4139	2456197.2	1969.5869835359929	2452184	2457600
ntv3_100m_pre_w2048	plant_fine	hmm_penalty2	0.5	10	15	0.42771030610648825	0.2749868712531295	0.0809364630699275	0.8879750967835544	0.41634741818057797	0.17833972882225171	0.0901745763750745	0.6088155282076442	0.3911806834376037	0.21055211375149852	0.1127032269072599	0.7223629257922329	0.040043513319786145	0.029767050251345	0.0060408921933085	0.0862683023347843	0.12503276134431834	0.04868401665769089	0.0304054054054054	0.1733333333333333	0.05456105692866816	0.03787584772914135	0.0116748989672204	0.1151003167898627	0.7033999621028192	0.02777578897800006	0.6460508748477876	0.7493820671341576	0.0035784545671382465	0.003329806937063535	0.0	0.0109356014580801	0.007031215801861906	0.005256800407930171	0.0	0.0140625	0.004512578468686367	0.0039717495154294544	0.0	0.0123034859876965	73.85	59.93395174213503	9.75	215.0	0.38729704433876316	0.2336960985566699	0.0520446096654275	0.8103644646924829	1076.6666666666667	436.9124898758604	436	1941	0.3928541125814197	0.22215051495001617	0.0508806262230919	0.796875	0.026410409425507188	0.019566279910191907	0.0019187840256732	0.0522780785734361	2.3306427187065806	2.2449404848768073	0.2939189189189189	7.21860465116279	0.2688937641534586	0.1692730796449255	0.0506756756756756	0.5534883720930233	0.3703269350552207	0.25018924872607184	0.12	0.8226351351351351	770.0666666666667	499.6139176070525	75	1410	2414.6666666666665	1027.6377673832258	823	4139	2456197.2	1969.5869835359929	2452184	2457600
ntv3_100m_pre_w2048	plant_fine	hmm_penalty2	0.5	25	15	0.42771030610648825	0.2749868712531295	0.0809364630699275	0.8879750967835544	0.41634741818057797	0.17833972882225171	0.0901745763750745	0.6088155282076442	0.3911806834376037	0.21055211375149852	0.1127032269072599	0.7223629257922329	0.040043513319786145	0.029767050251345	0.0060408921933085	0.0862683023347843	0.12503276134431834	0.04868401665769089	0.0304054054054054	0.1733333333333333	0.05456105692866816	0.03787584772914135	0.0116748989672204	0.1151003167898627	0.7033999621028192	0.02777578897800006	0.6460508748477876	0.7493820671341576	0.008500448355130714	0.006896448137042025	0.0	0.0182260024301336	0.017698678026162495	0.010521046246586131	0.0	0.0304964539007092	0.010894581453958408	0.008460608108525409	0.0	0.0205058099794941	73.85	59.93395174213503	9.75	215.0	0.38729704433876316	0.2336960985566699	0.0520446096654275	0.8103644646924829	1076.6666666666667	436.9124898758604	436	1941	0.3928541125814197	0.22215051495001617	0.0508806262230919	0.796875	0.026410409425507188	0.019566279910191907	0.0019187840256732	0.0522780785734361	2.3306427187065806	2.2449404848768073	0.2939189189189189	7.21860465116279	0.2688937641534586	0.1692730796449255	0.0506756756756756	0.5534883720930233	0.3703269350552207	0.25018924872607184	0.12	0.8226351351351351	770.0666666666667	499.6139176070525	75	1410	2414.6666666666665	1027.6377673832258	823	4139	2456197.2	1969.5869835359929	2452184	2457600
ntv3_100m_pre_w2048	plant_fine	hmm_penalty2	0.5	50	15	0.42771030610648825	0.2749868712531295	0.0809364630699275	0.8879750967835544	0.41634741818057797	0.17833972882225171	0.0901745763750745	0.6088155282076442	0.3911806834376037	0.21055211375149852	0.1127032269072599	0.7223629257922329	0.040043513319786145	0.029767050251345	0.0060408921933085	0.0862683023347843	0.12503276134431834	0.04868401665769089	0.0304054054054054	0.1733333333333333	0.05456105692866816	0.03787584772914135	0.0116748989672204	0.1151003167898627	0.7033999621028192	0.02777578897800006	0.6460508748477876	0.7493820671341576	0.015926342500816967	0.012664435540917353	0.0008609556607834	0.0319516407599309	0.03641424835370149	0.01644823115378612	0.0161812297734627	0.0594766058683584	0.02073778516844846	0.015932266002577865	0.0016433853738701	0.0411797440178074	73.85	59.93395174213503	9.75	215.0	0.38729704433876316	0.2336960985566699	0.0520446096654275	0.8103644646924829	1076.6666666666667	436.9124898758604	436	1941	0.3928541125814197	0.22215051495001617	0.0508806262230919	0.796875	0.026410409425507188	0.019566279910191907	0.0019187840256732	0.0522780785734361	2.3306427187065806	2.2449404848768073	0.2939189189189189	7.21860465116279	0.2688937641534586	0.1692730796449255	0.0506756756756756	0.5534883720930233	0.3703269350552207	0.25018924872607184	0.12	0.8226351351351351	770.0666666666667	499.6139176070525	75	1410	2414.6666666666665	1027.6377673832258	823	4139	2456197.2	1969.5869835359929	2452184	2457600
ntv3_100m_pre_w2048	plant_fine	hmm_penalty2	0.5	100	15	0.42771030610648825	0.2749868712531295	0.0809364630699275	0.8879750967835544	0.41634741818057797	0.17833972882225171	0.0901745763750745	0.6088155282076442	0.3911806834376037	0.21055211375149852	0.1127032269072599	0.7223629257922329	0.040043513319786145	0.029767050251345	0.0060408921933085	0.0862683023347843	0.12503276134431834	0.04868401665769089	0.0304054054054054	0.1733333333333333	0.05456105692866816	0.03787584772914135	0.0116748989672204	0.1151003167898627	0.7033999621028192	0.02777578897800006	0.6460508748477876	0.7493820671341576	0.026289281379273513	0.02195326957646648	0.0018587360594795	0.0589631974673525	0.0660529754420542	0.030975148693722487	0.0236486486486486	0.1181601903251387	0.03480087464155949	0.02832061889136546	0.0035922766052986	0.0786694825765575	73.85	59.93395174213503	9.75	215.0	0.38729704433876316	0.2336960985566699	0.0520446096654275	0.8103644646924829	1076.6666666666667	436.9124898758604	436	1941	0.3928541125814197	0.22215051495001617	0.0508806262230919	0.796875	0.026410409425507188	0.019566279910191907	0.0019187840256732	0.0522780785734361	2.3306427187065806	2.2449404848768073	0.2939189189189189	7.21860465116279	0.2688937641534586	0.1692730796449255	0.0506756756756756	0.5534883720930233	0.3703269350552207	0.25018924872607184	0.12	0.8226351351351351	770.0666666666667	499.6139176070525	75	1410	2414.6666666666665	1027.6377673832258	823	4139	2456197.2	1969.5869835359929	2452184	2457600
ntv3_100m_pre_w2048	plant_fine	hmm_penalty2	0.7	5	15	0.42771030610648825	0.2749868712531295	0.0809364630699275	0.8879750967835544	0.41634741818057797	0.17833972882225171	0.0901745763750745	0.6088155282076442	0.3911806834376037	0.21055211375149852	0.1127032269072599	0.7223629257922329	0.01843972765824816	0.01375419795298002	0.0023234200743494	0.040364068064899	0.05446632636319004	0.02050398097857455	0.0195121951219512	0.081081081081081	0.024780602267962193	0.017326341610869052	0.0044903457566232	0.0538542766631467	0.8331945635167065	0.017307183945232518	0.797352774205783	0.8685725831428496	0.0016649522187553135	0.001951212418230562	0.0	0.0072904009720534	0.0028265110902785467	0.0029130192080302026	0.0	0.009375	0.00207729889781218	0.0022926800512295476	0.0	0.0082023239917976	35.56666666666667	25.1973401846495	7.75	86.5	0.38729704433876316	0.2336960985566699	0.0520446096654275	0.8103644646924829	1076.6666666666667	436.9124898758604	436	1941	0.3928541125814197	0.22215051495001617	0.0508806262230919	0.796875	0.026410409425507188	0.019566279910191907	0.0019187840256732	0.0522780785734361	2.3306427187065806	2.2449404848768073	0.2939189189189189	7.21860465116279	0.2688937641534586	0.1692730796449255	0.0506756756756756	0.5534883720930233	0.3703269350552207	0.25018924872607184	0.12	0.8226351351351351	770.0666666666667	499.6139176070525	75	1410	2414.6666666666665	1027.6377673832258	823	4139	2456197.2	1969.5869835359929	2452184	2457600
ntv3_100m_pre_w2048	plant_fine	hmm_penalty2	0.7	10	15	0.42771030610648825	0.2749868712531295	0.0809364630699275	0.8879750967835544	0.41634741818057797	0.17833972882225171	0.0901745763750745	0.6088155282076442	0.3911806834376037	0.21055211375149852	0.1127032269072599	0.7223629257922329	0.01843972765824816	0.01375419795298002	0.0023234200743494	0.040364068064899	0.05446632636319004	0.02050398097857455	0.0195121951219512	0.081081081081081	0.024780602267962193	0.017326341610869052	0.0044903457566232	0.0538542766631467	0.8331945635167065	0.017307183945232518	0.797352774205783	0.8685725831428496	0.0035497807320128	0.0033289598842110883	0.0	0.0109356014580801	0.0069804801346878866	0.005262351020757665	0.0	0.0140625	0.00447593836609408	0.003969996133452889	0.0	0.0123034859876965	35.56666666666667	25.1973401846495	7.75	86.5	0.38729704433876316	0.2336960985566699	0.0520446096654275	0.8103644646924829	1076.6666666666667	436.9124898758604	436	1941	0.3928541125814197	0.22215051495001617	0.0508806262230919	0.796875	0.026410409425507188	0.019566279910191907	0.0019187840256732	0.0522780785734361	2.3306427187065806	2.2449404848768073	0.2939189189189189	7.21860465116279	0.2688937641534586	0.1692730796449255	0.0506756756756756	0.5534883720930233	0.3703269350552207	0.25018924872607184	0.12	0.8226351351351351	770.0666666666667	499.6139176070525	75	1410	2414.6666666666665	1027.6377673832258	823	4139	2456197.2	1969.5869835359929	2452184	2457600
ntv3_100m_pre_w2048	plant_fine	hmm_penalty2	0.7	25	15	0.42771030610648825	0.2749868712531295	0.0809364630699275	0.8879750967835544	0.41634741818057797	0.17833972882225171	0.0901745763750745	0.6088155282076442	0.3911806834376037	0.21055211375149852	0.1127032269072599	0.7223629257922329	0.01843972765824816	0.01375419795298002	0.0023234200743494	0.040364068064899	0.05446632636319004	0.02050398097857455	0.0195121951219512	0.081081081081081	0.024780602267962193	0.017326341610869052	0.0044903457566232	0.0538542766631467	0.8331945635167065	0.017307183945232518	0.797352774205783	0.8685725831428496	0.008062725240245634	0.006532834102196264	0.0	0.0182260024301336	0.016926874858576704	0.00997519312038007	0.0	0.0283687943262411	0.010338348449769027	0.00798743537859864	0.0	0.0205058099794941	35.56666666666667	25.1973401846495	7.75	86.5	0.38729704433876316	0.2336960985566699	0.0520446096654275	0.8103644646924829	1076.6666666666667	436.9124898758604	436	1941	0.3928541125814197	0.22215051495001617	0.0508806262230919	0.796875	0.026410409425507188	0.019566279910191907	0.0019187840256732	0.0522780785734361	2.3306427187065806	2.2449404848768073	0.2939189189189189	7.21860465116279	0.2688937641534586	0.1692730796449255	0.0506756756756756	0.5534883720930233	0.3703269350552207	0.25018924872607184	0.12	0.8226351351351351	770.0666666666667	499.6139176070525	75	1410	2414.6666666666665	1027.6377673832258	823	4139	2456197.2	1969.5869835359929	2452184	2457600
ntv3_100m_pre_w2048	plant_fine	hmm_penalty2	0.7	50	15	0.42771030610648825	0.2749868712531295	0.0809364630699275	0.8879750967835544	0.41634741818057797	0.17833972882225171	0.0901745763750745	0.6088155282076442	0.3911806834376037	0.21055211375149852	0.1127032269072599	0.7223629257922329	0.01843972765824816	0.01375419795298002	0.0023234200743494	0.040364068064899	0.05446632636319004	0.02050398097857455	0.0195121951219512	0.081081081081081	0.024780602267962193	0.017326341610869052	0.0044903457566232	0.0538542766631467	0.8331945635167065	0.017307183945232518	0.797352774205783	0.8685725831428496	0.01276436484067294	0.010207855814595986	0.0008609556607834	0.0261179263949347	0.02943435774927024	0.013199358483881546	0.0145631067961165	0.0523394131641554	0.01666406532257694	0.012923360245908238	0.0016433853738701	0.0348468848996832	35.56666666666667	25.1973401846495	7.75	86.5	0.38729704433876316	0.2336960985566699	0.0520446096654275	0.8103644646924829	1076.6666666666667	436.9124898758604	436	1941	0.3928541125814197	0.22215051495001617	0.0508806262230919	0.796875	0.026410409425507188	0.019566279910191907	0.0019187840256732	0.0522780785734361	2.3306427187065806	2.2449404848768073	0.2939189189189189	7.21860465116279	0.2688937641534586	0.1692730796449255	0.0506756756756756	0.5534883720930233	0.3703269350552207	0.25018924872607184	0.12	0.8226351351351351	770.0666666666667	499.6139176070525	75	1410	2414.6666666666665	1027.6377673832258	823	4139	2456197.2	1969.5869835359929	2452184	2457600
ntv3_100m_pre_w2048	plant_fine	hmm_penalty2	0.7	100	15	0.42771030610648825	0.2749868712531295	0.0809364630699275	0.8879750967835544	0.41634741818057797	0.17833972882225171	0.0901745763750745	0.6088155282076442	0.3911806834376037	0.21055211375149852	0.1127032269072599	0.7223629257922329	0.01843972765824816	0.01375419795298002	0.0023234200743494	0.040364068064899	0.05446632636319004	0.02050398097857455	0.0195121951219512	0.081081081081081	0.024780602267962193	0.017326341610869052	0.0044903457566232	0.0538542766631467	0.8331945635167065	0.017307183945232518	0.797352774205783	0.8685725831428496	0.01611331060747775	0.012932772955725114	0.0009293680297397	0.0352196280174119	0.040566016087329716	0.017415884203947164	0.0195121951219512	0.070578905630452	0.021298923964797618	0.01653388898712479	0.0017961383026493	0.0469904963041182	35.56666666666667	25.1973401846495	7.75	86.5	0.38729704433876316	0.2336960985566699	0.0520446096654275	0.8103644646924829	1076.6666666666667	436.9124898758604	436	1941	0.3928541125814197	0.22215051495001617	0.0508806262230919	0.796875	0.026410409425507188	0.019566279910191907	0.0019187840256732	0.0522780785734361	2.3306427187065806	2.2449404848768073	0.2939189189189189	7.21860465116279	0.2688937641534586	0.1692730796449255	0.0506756756756756	0.5534883720930233	0.3703269350552207	0.25018924872607184	0.12	0.8226351351351351	770.0666666666667	499.6139176070525	75	1410	2414.6666666666665	1027.6377673832258	823	4139	2456197.2	1969.5869835359929	2452184	2457600
ntv3_100m_pre_w2048	plant_fine	hmm_penalty2	0.8	5	15	0.42771030610648825	0.2749868712531295	0.0809364630699275	0.8879750967835544	0.41634741818057797	0.17833972882225171	0.0901745763750745	0.6088155282076442	0.3911806834376037	0.21055211375149852	0.1127032269072599	0.7223629257922329	0.010978846646085833	0.008160923159949878	0.0009293680297397	0.0221606648199446	0.03250438727490941	0.015409130370871632	0.0101351351351351	0.072072072072072	0.014682094582011753	0.010117508676652157	0.0017961383026493	0.0295670538542766	0.8908131657986211	0.021588000359548117	0.8672157598834893	0.9556001317325828	0.00163627838362986	0.0019467219770449202	0.0	0.0072904009720534	0.0027757754231045265	0.0029013605220286898	0.0	0.009375	0.0020406587952198933	0.002285576274058343	0.0	0.0082023239917976	23.6	21.44756895980788	5.5	65.5	0.38729704433876316	0.2336960985566699	0.0520446096654275	0.8103644646924829	1076.6666666666667	436.9124898758604	436	1941	0.3928541125814197	0.22215051495001617	0.0508806262230919	0.796875	0.026410409425507188	0.019566279910191907	0.0019187840256732	0.0522780785734361	2.3306427187065806	2.2449404848768073	0.2939189189189189	7.21860465116279	0.2688937641534586	0.1692730796449255	0.0506756756756756	0.5534883720930233	0.3703269350552207	0.25018924872607184	0.12	0.8226351351351351	770.0666666666667	499.6139176070525	75	1410	2414.6666666666665	1027.6377673832258	823	4139	2456197.2	1969.5869835359929	2452184	2457600
ntv3_100m_pre_w2048	plant_fine	hmm_penalty2	0.8	10	15	0.42771030610648825	0.2749868712531295	0.0809364630699275	0.8879750967835544	0.41634741818057797	0.17833972882225171	0.0901745763750745	0.6088155282076442	0.3911806834376037	0.21055211375149852	0.1127032269072599	0.7223629257922329	0.010978846646085833	0.008160923159949878	0.0009293680297397	0.0221606648199446	0.03250438727490941	0.015409130370871632	0.0101351351351351	0.072072072072072	0.014682094582011753	0.010117508676652157	0.0017961383026493	0.0295670538542766	0.8908131657986211	0.021588000359548117	0.8672157598834893	0.9556001317325828	0.0034453493211297733	0.0032637168944128535	0.0	0.0109356014580801	0.006817131854901247	0.005219642865085797	0.0	0.0140625	0.004348718553356866	0.003897386650102075	0.0	0.0123034859876965	23.6	21.44756895980788	5.5	65.5	0.38729704433876316	0.2336960985566699	0.0520446096654275	0.8103644646924829	1076.6666666666667	436.9124898758604	436	1941	0.3928541125814197	0.22215051495001617	0.0508806262230919	0.796875	0.026410409425507188	0.019566279910191907	0.0019187840256732	0.0522780785734361	2.3306427187065806	2.2449404848768073	0.2939189189189189	7.21860465116279	0.2688937641534586	0.1692730796449255	0.0506756756756756	0.5534883720930233	0.3703269350552207	0.25018924872607184	0.12	0.8226351351351351	770.0666666666667	499.6139176070525	75	1410	2414.6666666666665	1027.6377673832258	823	4139	2456197.2	1969.5869835359929	2452184	2457600
ntv3_100m_pre_w2048	plant_fine	hmm_penalty2	0.8	25	15	0.42771030610648825	0.2749868712531295	0.0809364630699275	0.8879750967835544	0.41634741818057797	0.17833972882225171	0.0901745763750745	0.6088155282076442	0.3911806834376037	0.21055211375149852	0.1127032269072599	0.7223629257922329	0.010978846646085833	0.008160923159949878	0.0009293680297397	0.0221606648199446	0.03250438727490941	0.015409130370871632	0.0101351351351351	0.072072072072072	0.014682094582011753	0.010117508676652157	0.0017961383026493	0.0295670538542766	0.8908131657986211	0.021588000359548117	0.8672157598834893	0.9556001317325828	0.0067989971369290395	0.005727109250875423	0.0	0.0157958687727825	0.014354395370142973	0.009919384936351205	0.0	0.0266666666666666	0.008741561465564686	0.0071208628589460934	0.0	0.0177717019822282	23.6	21.44756895980788	5.5	65.5	0.38729704433876316	0.2336960985566699	0.0520446096654275	0.8103644646924829	1076.6666666666667	436.9124898758604	436	1941	0.3928541125814197	0.22215051495001617	0.0508806262230919	0.796875	0.026410409425507188	0.019566279910191907	0.0019187840256732	0.0522780785734361	2.3306427187065806	2.2449404848768073	0.2939189189189189	7.21860465116279	0.2688937641534586	0.1692730796449255	0.0506756756756756	0.5534883720930233	0.3703269350552207	0.25018924872607184	0.12	0.8226351351351351	770.0666666666667	499.6139176070525	75	1410	2414.6666666666665	1027.6377673832258	823	4139	2456197.2	1969.5869835359929	2452184	2457600
ntv3_100m_pre_w2048	plant_fine	hmm_penalty2	0.8	50	15	0.42771030610648825	0.2749868712531295	0.0809364630699275	0.8879750967835544	0.41634741818057797	0.17833972882225171	0.0901745763750745	0.6088155282076442	0.3911806834376037	0.21055211375149852	0.1127032269072599	0.7223629257922329	0.010978846646085833	0.008160923159949878	0.0009293680297397	0.0221606648199446	0.03250438727490941	0.015409130370871632	0.0101351351351351	0.072072072072072	0.014682094582011753	0.010117508676652157	0.0017961383026493	0.0295670538542766	0.8908131657986211	0.021588000359548117	0.8672157598834893	0.9556001317325828	0.009335859080373227	0.007690770677482464	0.0005130836326321	0.0182260024301336	0.021741901081409793	0.010578977319826963	0.0069767441860465	0.0375886524822695	0.012177175914404814	0.009688106325728849	0.0009713453132588	0.0237592397043294	23.6	21.44756895980788	5.5	65.5	0.38729704433876316	0.2336960985566699	0.0520446096654275	0.8103644646924829	1076.6666666666667	436.9124898758604	436	1941	0.3928541125814197	0.22215051495001617	0.0508806262230919	0.796875	0.026410409425507188	0.019566279910191907	0.0019187840256732	0.0522780785734361	2.3306427187065806	2.2449404848768073	0.2939189189189189	7.21860465116279	0.2688937641534586	0.1692730796449255	0.0506756756756756	0.5534883720930233	0.3703269350552207	0.25018924872607184	0.12	0.8226351351351351	770.0666666666667	499.6139176070525	75	1410	2414.6666666666665	1027.6377673832258	823	4139	2456197.2	1969.5869835359929	2452184	2457600
ntv3_100m_pre_w2048	plant_fine	hmm_penalty2	0.8	100	15	0.42771030610648825	0.2749868712531295	0.0809364630699275	0.8879750967835544	0.41634741818057797	0.17833972882225171	0.0901745763750745	0.6088155282076442	0.3911806834376037	0.21055211375149852	0.1127032269072599	0.7223629257922329	0.010978846646085833	0.008160923159949878	0.0009293680297397	0.0221606648199446	0.03250438727490941	0.015409130370871632	0.0101351351351351	0.072072072072072	0.014682094582011753	0.010117508676652157	0.0017961383026493	0.0295670538542766	0.8908131657986211	0.021588000359548117	0.8672157598834893	0.9556001317325828	0.010287652171168941	0.008126784330621115	0.0009293680297397	0.0201820340324495	0.02704112741261697	0.011574833139652815	0.0101351351351351	0.045045045045045	0.0135849594494698	0.01020677375735094	0.0017961383026493	0.0272686633884666	23.6	21.44756895980788	5.5	65.5	0.38729704433876316	0.2336960985566699	0.0520446096654275	0.8103644646924829	1076.6666666666667	436.9124898758604	436	1941	0.3928541125814197	0.22215051495001617	0.0508806262230919	0.796875	0.026410409425507188	0.019566279910191907	0.0019187840256732	0.0522780785734361	2.3306427187065806	2.2449404848768073	0.2939189189189189	7.21860465116279	0.2688937641534586	0.1692730796449255	0.0506756756756756	0.5534883720930233	0.3703269350552207	0.25018924872607184	0.12	0.8226351351351351	770.0666666666667	499.6139176070525	75	1410	2414.6666666666665	1027.6377673832258	823	4139	2456197.2	1969.5869835359929	2452184	2457600
ntv3_100m_pre_w2048	plant_fine	hmm_penalty2	0.9	5	15	0.42771030610648825	0.2749868712531295	0.0809364630699275	0.8879750967835544	0.41634741818057797	0.17833972882225171	0.0901745763750745	0.6088155282076442	0.3911806834376037	0.21055211375149852	0.1127032269072599	0.7223629257922329	0.004486443657408107	0.0036686754222890576	0.0007248127567045	0.010443864229765	0.014996641207337114	0.00977104127900464	0.0016260162601626	0.036036036036036	0.006075260405449934	0.004641803382584226	0.0012706480304955	0.0143048725972284	0.9426978077324863	0.015072700555572006	0.9177296315934454	0.9761904761904762	0.0015288921845515535	0.0016810998882204964	0.0	0.0060753341433778	0.0026187406623326467	0.002594894510779656	0.0	0.0078125	0.0019143229883416535	0.001998037725201472	0.0	0.0068352699931647	15.116666666666667	16.281526194988455	1.0	49.5	0.38729704433876316	0.2336960985566699	0.0520446096654275	0.8103644646924829	1076.6666666666667	436.9124898758604	436	1941	0.3928541125814197	0.22215051495001617	0.0508806262230919	0.796875	0.026410409425507188	0.019566279910191907	0.0019187840256732	0.0522780785734361	2.3306427187065806	2.2449404848768073	0.2939189189189189	7.21860465116279	0.2688937641534586	0.1692730796449255	0.0506756756756756	0.5534883720930233	0.3703269350552207	0.25018924872607184	0.12	0.8226351351351351	770.0666666666667	499.6139176070525	75	1410	2414.6666666666665	1027.6377673832258	823	4139	2456197.2	1969.5869835359929	2452184	2457600
ntv3_100m_pre_w2048	plant_fine	hmm_penalty2	0.9	10	15	0.42771030610648825	0.2749868712531295	0.0809364630699275	0.8879750967835544	0.41634741818057797	0.17833972882225171	0.0901745763750745	0.6088155282076442	0.3911806834376037	0.21055211375149852	0.1127032269072599	0.7223629257922329	0.004486443657408107	0.0036686754222890576	0.0007248127567045	0.010443864229765	0.014996641207337114	0.00977104127900464	0.0016260162601626	0.036036036036036	0.006075260405449934	0.004641803382584226	0.0012706480304955	0.0143048725972284	0.9426978077324863	0.015072700555572006	0.9177296315934454	0.9761904761904762	0.0023692487939364136	0.002249266031370344	0.0	0.0060753341433778	0.005164858716423419	0.004559631285928865	0.0	0.0133333333333333	0.0030516136190929066	0.0028402396478284866	0.0	0.0075994635672776	15.116666666666667	16.281526194988455	1.0	49.5	0.38729704433876316	0.2336960985566699	0.0520446096654275	0.8103644646924829	1076.6666666666667	436.9124898758604	436	1941	0.3928541125814197	0.22215051495001617	0.0508806262230919	0.796875	0.026410409425507188	0.019566279910191907	0.0019187840256732	0.0522780785734361	2.3306427187065806	2.2449404848768073	0.2939189189189189	7.21860465116279	0.2688937641534586	0.1692730796449255	0.0506756756756756	0.5534883720930233	0.3703269350552207	0.25018924872607184	0.12	0.8226351351351351	770.0666666666667	499.6139176070525	75	1410	2414.6666666666665	1027.6377673832258	823	4139	2456197.2	1969.5869835359929	2452184	2457600
ntv3_100m_pre_w2048	plant_fine	hmm_penalty2	0.9	25	15	0.42771030610648825	0.2749868712531295	0.0809364630699275	0.8879750967835544	0.41634741818057797	0.17833972882225171	0.0901745763750745	0.6088155282076442	0.3911806834376037	0.21055211375149852	0.1127032269072599	0.7223629257922329	0.004486443657408107	0.0036686754222890576	0.0007248127567045	0.010443864229765	0.014996641207337114	0.00977104127900464	0.0016260162601626	0.036036036036036	0.006075260405449934	0.004641803382584226	0.0012706480304955	0.0143048725972284	0.9426978077324863	0.015072700555572006	0.9177296315934454	0.9761904761904762	0.0037906486006627133	0.0036104463672157507	0.0	0.0089686098654708	0.008950915584663486	0.00832469339460539	0.0	0.0266666666666666	0.004962618395215007	0.00468606626083035	0.0	0.0120697362539114	15.116666666666667	16.281526194988455	1.0	49.5	0.38729704433876316	0.2336960985566699	0.0520446096654275	0.8103644646924829	1076.6666666666667	436.9124898758604	436	1941	0.3928541125814197	0.22215051495001617	0.0508806262230919	0.796875	0.026410409425507188	0.019566279910191907	0.0019187840256732	0.0522780785734361	2.3306427187065806	2.2449404848768073	0.2939189189189189	7.21860465116279	0.2688937641534586	0.1692730796449255	0.0506756756756756	0.5534883720930233	0.3703269350552207	0.25018924872607184	0.12	0.8226351351351351	770.0666666666667	499.6139176070525	75	1410	2414.6666666666665	1027.6377673832258	823	4139	2456197.2	1969.5869835359929	2452184	2457600
ntv3_100m_pre_w2048	plant_fine	hmm_penalty2	0.9	50	15	0.42771030610648825	0.2749868712531295	0.0809364630699275	0.8879750967835544	0.41634741818057797	0.17833972882225171	0.0901745763750745	0.6088155282076442	0.3911806834376037	0.21055211375149852	0.1127032269072599	0.7223629257922329	0.004486443657408107	0.0036686754222890576	0.0007248127567045	0.010443864229765	0.014996641207337114	0.00977104127900464	0.0016260162601626	0.036036036036036	0.006075260405449934	0.004641803382584226	0.0012706480304955	0.0143048725972284	0.9426978077324863	0.015072700555572006	0.9177296315934454	0.9761904761904762	0.004144468309420387	0.0037258004804909396	0.0002453987730061	0.0097911227154047	0.01116834556014884	0.0072094421096056335	0.0016260162601626	0.0266666666666666	0.005499884946490854	0.004789997232263139	0.0004439511653718	0.0134108180599016	15.116666666666667	16.281526194988455	1.0	49.5	0.38729704433876316	0.2336960985566699	0.0520446096654275	0.8103644646924829	1076.6666666666667	436.9124898758604	436	1941	0.3928541125814197	0.22215051495001617	0.0508806262230919	0.796875	0.026410409425507188	0.019566279910191907	0.0019187840256732	0.0522780785734361	2.3306427187065806	2.2449404848768073	0.2939189189189189	7.21860465116279	0.2688937641534586	0.1692730796449255	0.0506756756756756	0.5534883720930233	0.3703269350552207	0.25018924872607184	0.12	0.8226351351351351	770.0666666666667	499.6139176070525	75	1410	2414.6666666666665	1027.6377673832258	823	4139	2456197.2	1969.5869835359929	2452184	2457600
ntv3_100m_pre_w2048	plant_fine	hmm_penalty2	0.9	100	15	0.42771030610648825	0.2749868712531295	0.0809364630699275	0.8879750967835544	0.41634741818057797	0.17833972882225171	0.0901745763750745	0.6088155282076442	0.3911806834376037	0.21055211375149852	0.1127032269072599	0.7223629257922329	0.004486443657408107	0.0036686754222890576	0.0007248127567045	0.010443864229765	0.014996641207337114	0.00977104127900464	0.0016260162601626	0.036036036036036	0.006075260405449934	0.004641803382584226	0.0012706480304955	0.0143048725972284	0.9426978077324863	0.015072700555572006	0.9177296315934454	0.9761904761904762	0.004407179641672773	0.0037424984055516738	0.0004907975460122	0.010443864229765	0.01363494124098598	0.008075710284605788	0.0016260162601626	0.027027027027027	0.00592612779441222	0.004766448531846345	0.0008879023307436	0.0143048725972284	15.116666666666667	16.281526194988455	1.0	49.5	0.38729704433876316	0.2336960985566699	0.0520446096654275	0.8103644646924829	1076.6666666666667	436.9124898758604	436	1941	0.3928541125814197	0.22215051495001617	0.0508806262230919	0.796875	0.026410409425507188	0.019566279910191907	0.0019187840256732	0.0522780785734361	2.3306427187065806	2.2449404848768073	0.2939189189189189	7.21860465116279	0.2688937641534586	0.1692730796449255	0.0506756756756756	0.5534883720930233	0.3703269350552207	0.25018924872607184	0.12	0.8226351351351351	770.0666666666667	499.6139176070525	75	1410	2414.6666666666665	1027.6377673832258	823	4139	2456197.2	1969.5869835359929	2452184	2457600
ntv3_100m_pre_w2048	plant_fine	raw_threshold	0.5	5	15	0.4180793888235323	0.2730621942597145	0.0757545768241121	0.8701674261671438	0.40824808081721753	0.1656630594894044	0.1050578670812368	0.5854119812188315	0.3832667729983675	0.2045051376501852	0.1168789526466956	0.6999363062705378	0.0008002541916573667	0.000603909231103182	0.0001357325680601	0.0017448493389705	0.07662811420546875	0.03284933566458025	0.024390243902439	0.1441441441441441	0.0015738956491553333	0.0011832021295251156	0.0002710709237709	0.0034316184040334	0.6863214972674353	0.036317460260154255	0.6290921328254119	0.7463457406866287	3.28702792374981e-05	4.318600227628999e-05	0.0	0.0001685374321636	0.0024962132676067464	0.003618954819848644	0.0	0.0133333333333333	6.450685571996807e-05	8.455155619878008e-05	0.0	0.0003299567756623	60.78333333333333	45.370485476584356	8.5	167.0	0.4254600448013675	0.2528439894969936	0.0666059101838206	0.8646095960647345	73324.06666666667	38917.54829758984	29478	151445	0.42608553395727294	0.25254028395594763	0.0669611168073191	0.8647454807933719	0.0020359336773668867	0.001522560392166981	0.0002820776692516	0.0039050608552849	74.77924918618464	86.55598184726308	7.56081081081081	273.3558139534884	0.6776103243957393	0.18056832478554163	0.3108108108108108	0.8558139534883721	0.20955748453364972	0.1949126829284889	0.0533333333333333	0.5827702702702703	770.0666666666667	499.6139176070525	75	1410	74427.46666666666	39517.24915033337	29667	153441	2456197.2	1969.5869835359929	2452184	2457600
ntv3_100m_pre_w2048	plant_fine	raw_threshold	0.5	10	15	0.4180793888235323	0.2730621942597145	0.0757545768241121	0.8701674261671438	0.40824808081721753	0.1656630594894044	0.1050578670812368	0.5854119812188315	0.3832667729983675	0.2045051376501852	0.1168789526466956	0.6999363062705378	0.0008002541916573667	0.000603909231103182	0.0001357325680601	0.0017448493389705	0.07662811420546875	0.03284933566458025	0.024390243902439	0.1441441441441441	0.0015738956491553333	0.0011832021295251156	0.0002710709237709	0.0034316184040334	0.6863214972674353	0.036317460260154255	0.6290921328254119	0.7463457406866287	6.925071345564548e-05	6.181862442205242e-05	0.0	0.0002022449185964	0.005519312472739007	0.00515994880668416	0.0	0.018018018018018	0.00013598765620397615	0.0001210972320922007	0.0	0.0003959481307948	60.78333333333333	45.370485476584356	8.5	167.0	0.4254600448013675	0.2528439894969936	0.0666059101838206	0.8646095960647345	73324.06666666667	38917.54829758984	29478	151445	0.42608553395727294	0.25254028395594763	0.0669611168073191	0.8647454807933719	0.0020359336773668867	0.001522560392166981	0.0002820776692516	0.0039050608552849	74.77924918618464	86.55598184726308	7.56081081081081	273.3558139534884	0.6776103243957393	0.18056832478554163	0.3108108108108108	0.8558139534883721	0.20955748453364972	0.1949126829284889	0.0533333333333333	0.5827702702702703	770.0666666666667	499.6139176070525	75	1410	74427.46666666666	39517.24915033337	29667	153441	2456197.2	1969.5869835359929	2452184	2457600
ntv3_100m_pre_w2048	plant_fine	raw_threshold	0.5	25	15	0.4180793888235323	0.2730621942597145	0.0757545768241121	0.8701674261671438	0.40824808081721753	0.1656630594894044	0.1050578670812368	0.5854119812188315	0.3832667729983675	0.2045051376501852	0.1168789526466956	0.6999363062705378	0.0008002541916573667	0.000603909231103182	0.0001357325680601	0.0017448493389705	0.07662811420546875	0.03284933566458025	0.024390243902439	0.1441441441441441	0.0015738956491553333	0.0011832021295251156	0.0002710709237709	0.0034316184040334	0.6863214972674353	0.036317460260154255	0.6290921328254119	0.7463457406866287	0.00019390605911050835	0.0001630806284668777	0.0	0.0004381973236255	0.01247445075592176	0.0072036312577079065	0.0	0.0203125	0.00038063962092758127	0.00031960692788937374	0.0	0.0008578876167222	60.78333333333333	45.370485476584356	8.5	167.0	0.4254600448013675	0.2528439894969936	0.0666059101838206	0.8646095960647345	73324.06666666667	38917.54829758984	29478	151445	0.42608553395727294	0.25254028395594763	0.0669611168073191	0.8647454807933719	0.0020359336773668867	0.001522560392166981	0.0002820776692516	0.0039050608552849	74.77924918618464	86.55598184726308	7.56081081081081	273.3558139534884	0.6776103243957393	0.18056832478554163	0.3108108108108108	0.8558139534883721	0.20955748453364972	0.1949126829284889	0.0533333333333333	0.5827702702702703	770.0666666666667	499.6139176070525	75	1410	74427.46666666666	39517.24915033337	29667	153441	2456197.2	1969.5869835359929	2452184	2457600
ntv3_100m_pre_w2048	plant_fine	raw_threshold	0.5	50	15	0.4180793888235323	0.2730621942597145	0.0757545768241121	0.8701674261671438	0.40824808081721753	0.1656630594894044	0.1050578670812368	0.5854119812188315	0.3832667729983675	0.2045051376501852	0.1168789526466956	0.6999363062705378	0.0008002541916573667	0.000603909231103182	0.0001357325680601	0.0017448493389705	0.07662811420546875	0.03284933566458025	0.024390243902439	0.1441441441441441	0.0015738956491553333	0.0011832021295251156	0.0002710709237709	0.0034316184040334	0.6863214972674353	0.036317460260154255	0.6290921328254119	0.7463457406866287	0.00035102226967647347	0.000277988880585444	1.887504718761797e-05	0.0006632664730233	0.023624950209282812	0.010325406090957029	0.009090909090909	0.0411347517730496	0.0006893682321307981	0.0005450777113085439	3.767187794311546e-05	0.0013054830287206	60.78333333333333	45.370485476584356	8.5	167.0	0.4254600448013675	0.2528439894969936	0.0666059101838206	0.8646095960647345	73324.06666666667	38917.54829758984	29478	151445	0.42608553395727294	0.25254028395594763	0.0669611168073191	0.8647454807933719	0.0020359336773668867	0.001522560392166981	0.0002820776692516	0.0039050608552849	74.77924918618464	86.55598184726308	7.56081081081081	273.3558139534884	0.6776103243957393	0.18056832478554163	0.3108108108108108	0.8558139534883721	0.20955748453364972	0.1949126829284889	0.0533333333333333	0.5827702702702703	770.0666666666667	499.6139176070525	75	1410	74427.46666666666	39517.24915033337	29667	153441	2456197.2	1969.5869835359929	2452184	2457600
ntv3_100m_pre_w2048	plant_fine	raw_threshold	0.5	100	15	0.4180793888235323	0.2730621942597145	0.0757545768241121	0.8701674261671438	0.40824808081721753	0.1656630594894044	0.1050578670812368	0.5854119812188315	0.3832667729983675	0.2045051376501852	0.1168789526466956	0.6999363062705378	0.0008002541916573667	0.000603909231103182	0.0001357325680601	0.0017448493389705	0.07662811420546875	0.03284933566458025	0.024390243902439	0.1441441441441441	0.0015738956491553333	0.0011832021295251156	0.0002710709237709	0.0034316184040334	0.6863214972674353	0.036317460260154255	0.6290921328254119	0.7463457406866287	0.0005686075663223274	0.00047132540249231517	1.93903668657411e-05	0.0011811287833031	0.042457754835879775	0.018758401896676408	0.0133333333333333	0.0730496453900709	0.0011171169772449712	0.0009241092007434465	3.872441768156912e-05	0.0023229416888841	60.78333333333333	45.370485476584356	8.5	167.0	0.4254600448013675	0.2528439894969936	0.0666059101838206	0.8646095960647345	73324.06666666667	38917.54829758984	29478	151445	0.42608553395727294	0.25254028395594763	0.0669611168073191	0.8647454807933719	0.0020359336773668867	0.001522560392166981	0.0002820776692516	0.0039050608552849	74.77924918618464	86.55598184726308	7.56081081081081	273.3558139534884	0.6776103243957393	0.18056832478554163	0.3108108108108108	0.8558139534883721	0.20955748453364972	0.1949126829284889	0.0533333333333333	0.5827702702702703	770.0666666666667	499.6139176070525	75	1410	74427.46666666666	39517.24915033337	29667	153441	2456197.2	1969.5869835359929	2452184	2457600
ntv3_100m_pre_w2048	plant_fine	raw_threshold	0.7	5	15	0.4180793888235323	0.2730621942597145	0.0757545768241121	0.8701674261671438	0.40824808081721753	0.1656630594894044	0.1050578670812368	0.5854119812188315	0.3832667729983675	0.2045051376501852	0.1168789526466956	0.6999363062705378	0.0003107670228933969	0.00021653635566347605	3.775009437523594e-05	0.0006518308441781	0.031243323475889297	0.021919663578353548	0.0135135135135135	0.0990990990990991	0.0006112382786661887	0.0004244313316557632	7.534375588623093e-05	0.0012829747006392	0.8243852789706758	0.02102629029676029	0.7999385972496921	0.8842864881597277	3.1848254606704505e-05	4.2642574748469354e-05	0.0	0.0001685374321636	0.0024470490591505	0.003617360783001893	0.0	0.0133333333333333	6.250443278822363e-05	8.348875040267167e-05	0.0	0.0003299567756623	34.166666666666664	28.90465648760882	4.5	110.25	0.4254600448013675	0.2528439894969936	0.0666059101838206	0.8646095960647345	73324.06666666667	38917.54829758984	29478	151445	0.42608553395727294	0.25254028395594763	0.0669611168073191	0.8647454807933719	0.0020359336773668867	0.001522560392166981	0.0002820776692516	0.0039050608552849	74.77924918618464	86.55598184726308	7.56081081081081	273.3558139534884	0.6776103243957393	0.18056832478554163	0.3108108108108108	0.8558139534883721	0.20955748453364972	0.1949126829284889	0.0533333333333333	0.5827702702702703	770.0666666666667	499.6139176070525	75	1410	74427.46666666666	39517.24915033337	29667	153441	2456197.2	1969.5869835359929	2452184	2457600
ntv3_100m_pre_w2048	plant_fine	raw_threshold	0.7	10	15	0.4180793888235323	0.2730621942597145	0.0757545768241121	0.8701674261671438	0.40824808081721753	0.1656630594894044	0.1050578670812368	0.5854119812188315	0.3832667729983675	0.2045051376501852	0.1168789526466956	0.6999363062705378	0.0003107670228933969	0.00021653635566347605	3.775009437523594e-05	0.0006518308441781	0.031243323475889297	0.021919663578353548	0.0135135135135135	0.0990990990990991	0.0006112382786661887	0.0004244313316557632	7.534375588623093e-05	0.0012829747006392	0.8243852789706758	0.02102629029676029	0.7999385972496921	0.8842864881597277	6.420923360798721e-05	5.773785953350704e-05	0.0	0.0002022449185964	0.005261847304641654	0.005133875389087589	0.0	0.018018018018018	0.0001260995661121095	0.00011308976768084328	0.0	0.0003959481307948	34.166666666666664	28.90465648760882	4.5	110.25	0.4254600448013675	0.2528439894969936	0.0666059101838206	0.8646095960647345	73324.06666666667	38917.54829758984	29478	151445	0.42608553395727294	0.25254028395594763	0.0669611168073191	0.8647454807933719	0.0020359336773668867	0.001522560392166981	0.0002820776692516	0.0039050608552849	74.77924918618464	86.55598184726308	7.56081081081081	273.3558139534884	0.6776103243957393	0.18056832478554163	0.3108108108108108	0.8558139534883721	0.20955748453364972	0.1949126829284889	0.0533333333333333	0.5827702702702703	770.0666666666667	499.6139176070525	75	1410	74427.46666666666	39517.24915033337	29667	153441	2456197.2	1969.5869835359929	2452184	2457600
ntv3_100m_pre_w2048	plant_fine	raw_threshold	0.7	25	15	0.4180793888235323	0.2730621942597145	0.0757545768241121	0.8701674261671438	0.40824808081721753	0.1656630594894044	0.1050578670812368	0.5854119812188315	0.3832667729983675	0.2045051376501852	0.1168789526466956	0.6999363062705378	0.0003107670228933969	0.00021653635566347605	3.775009437523594e-05	0.0006518308441781	0.031243323475889297	0.021919663578353548	0.0135135135135135	0.0990990990990991	0.0006112382786661887	0.0004244313316557632	7.534375588623093e-05	0.0012829747006392	0.8243852789706758	0.02102629029676029	0.7999385972496921	0.8842864881597277	0.00015636471786167503	0.00012785380246890183	0.0	0.0003707823507601	0.010548188301937574	0.005949221651450233	0.0	0.018018018018018	0.0003070051793712213	0.00025056764411724434	0.0	0.0007259049064572	34.166666666666664	28.90465648760882	4.5	110.25	0.4254600448013675	0.2528439894969936	0.0666059101838206	0.8646095960647345	73324.06666666667	38917.54829758984	29478	151445	0.42608553395727294	0.25254028395594763	0.0669611168073191	0.8647454807933719	0.0020359336773668867	0.001522560392166981	0.0002820776692516	0.0039050608552849	74.77924918618464	86.55598184726308	7.56081081081081	273.3558139534884	0.6776103243957393	0.18056832478554163	0.3108108108108108	0.8558139534883721	0.20955748453364972	0.1949126829284889	0.0533333333333333	0.5827702702702703	770.0666666666667	499.6139176070525	75	1410	74427.46666666666	39517.24915033337	29667	153441	2456197.2	1969.5869835359929	2452184	2457600
ntv3_100m_pre_w2048	plant_fine	raw_threshold	0.7	50	15	0.4180793888235323	0.2730621942597145	0.0757545768241121	0.8701674261671438	0.40824808081721753	0.1656630594894044	0.1050578670812368	0.5854119812188315	0.3832667729983675	0.2045051376501852	0.1168789526466956	0.6999363062705378	0.0003107670228933969	0.00021653635566347605	3.775009437523594e-05	0.0006518308441781	0.031243323475889297	0.021919663578353548	0.0135135135135135	0.0990990990990991	0.0006112382786661887	0.0004244313316557632	7.534375588623093e-05	0.0012829747006392	0.8243852789706758	0.02102629029676029	0.7999385972496921	0.8842864881597277	0.0002265462770588674	0.0001818238920754073	6.517162948625204e-06	0.0004760311864755	0.01572469168019539	0.00745881981832132	0.0023255813953488	0.0290780141843971	0.0004450236000737628	0.0003568499273639684	1.2997900839014498e-05	0.0009364480777504	34.166666666666664	28.90465648760882	4.5	110.25	0.4254600448013675	0.2528439894969936	0.0666059101838206	0.8646095960647345	73324.06666666667	38917.54829758984	29478	151445	0.42608553395727294	0.25254028395594763	0.0669611168073191	0.8647454807933719	0.0020359336773668867	0.001522560392166981	0.0002820776692516	0.0039050608552849	74.77924918618464	86.55598184726308	7.56081081081081	273.3558139534884	0.6776103243957393	0.18056832478554163	0.3108108108108108	0.8558139534883721	0.20955748453364972	0.1949126829284889	0.0533333333333333	0.5827702702702703	770.0666666666667	499.6139176070525	75	1410	74427.46666666666	39517.24915033337	29667	153441	2456197.2	1969.5869835359929	2452184	2457600
ntv3_100m_pre_w2048	plant_fine	raw_threshold	0.7	100	15	0.4180793888235323	0.2730621942597145	0.0757545768241121	0.8701674261671438	0.40824808081721753	0.1656630594894044	0.1050578670812368	0.5854119812188315	0.3832667729983675	0.2045051376501852	0.1168789526466956	0.6999363062705378	0.0003107670228933969	0.00021653635566347605	3.775009437523594e-05	0.0006518308441781	0.031243323475889297	0.021919663578353548	0.0135135135135135	0.0990990990990991	0.0006112382786661887	0.0004244313316557632	7.534375588623093e-05	0.0012829747006392	0.8243852789706758	0.02102629029676029	0.7999385972496921	0.8842864881597277	0.0002731765405792589	0.00021475427928735892	1.93903668657411e-05	0.0006060883287972	0.021139882880138926	0.00905167439636049	0.0080906148867313	0.0375886524822695	0.0005368295275367984	0.0004213738667151722	3.872441768156912e-05	0.0011929413883136	34.166666666666664	28.90465648760882	4.5	110.25	0.4254600448013675	0.2528439894969936	0.0666059101838206	0.8646095960647345	73324.06666666667	38917.54829758984	29478	151445	0.42608553395727294	0.25254028395594763	0.0669611168073191	0.8647454807933719	0.0020359336773668867	0.001522560392166981	0.0002820776692516	0.0039050608552849	74.77924918618464	86.55598184726308	7.56081081081081	273.3558139534884	0.6776103243957393	0.18056832478554163	0.3108108108108108	0.8558139534883721	0.20955748453364972	0.1949126829284889	0.0533333333333333	0.5827702702702703	770.0666666666667	499.6139176070525	75	1410	74427.46666666666	39517.24915033337	29667	153441	2456197.2	1969.5869835359929	2452184	2457600
ntv3_100m_pre_w2048	plant_fine	raw_threshold	0.8	5	15	0.4180793888235323	0.2730621942597145	0.0757545768241121	0.8701674261671438	0.40824808081721753	0.1656630594894044	0.1050578670812368	0.5854119812188315	0.3832667729983675	0.2045051376501852	0.1168789526466956	0.6999363062705378	0.00017348934007452735	0.00010830843205945814	3.775009437523594e-05	0.0003201976076664	0.01927646102127772	0.017809478785706552	0.0067567567567567	0.081081081081081	0.00034135084413473924	0.00021212596173431105	7.534375588623093e-05	0.0006302331862789	0.8722107188931548	0.016608722840576618	0.8507508029656198	0.9022302483840944	3.0772552038464626e-05	4.2397852840910015e-05	0.0	0.0001685374321636	0.00239631339197648	0.0036251530356604224	0.0	0.0133333333333333	6.039769491381682e-05	8.301286526450838e-05	0.0	0.0003299567756623	26.766666666666666	23.6281586449808	4.25	84.5	0.4254600448013675	0.2528439894969936	0.0666059101838206	0.8646095960647345	73324.06666666667	38917.54829758984	29478	151445	0.42608553395727294	0.25254028395594763	0.0669611168073191	0.8647454807933719	0.0020359336773668867	0.001522560392166981	0.0002820776692516	0.0039050608552849	74.77924918618464	86.55598184726308	7.56081081081081	273.3558139534884	0.6776103243957393	0.18056832478554163	0.3108108108108108	0.8558139534883721	0.20955748453364972	0.1949126829284889	0.0533333333333333	0.5827702702702703	770.0666666666667	499.6139176070525	75	1410	74427.46666666666	39517.24915033337	29667	153441	2456197.2	1969.5869835359929	2452184	2457600
ntv3_100m_pre_w2048	plant_fine	raw_threshold	0.8	10	15	0.4180793888235323	0.2730621942597145	0.0757545768241121	0.8701674261671438	0.40824808081721753	0.1656630594894044	0.1050578670812368	0.5854119812188315	0.3832667729983675	0.2045051376501852	0.1168789526466956	0.6999363062705378	0.00017348934007452735	0.00010830843205945814	3.775009437523594e-05	0.0003201976076664	0.01927646102127772	0.017809478785706552	0.0067567567567567	0.081081081081081	0.00034135084413473924	0.00021212596173431105	7.534375588623093e-05	0.0006302331862789	0.8722107188931548	0.016608722840576618	0.8507508029656198	0.9022302483840944	5.6416828880786914e-05	5.532916728085742e-05	0.0	0.0002022449185964	0.004849595539811513	0.005213745743123169	0.0	0.018018018018018	0.00011080760568746326	0.00010836375254766178	0.0	0.0003959481307948	26.766666666666666	23.6281586449808	4.25	84.5	0.4254600448013675	0.2528439894969936	0.0666059101838206	0.8646095960647345	73324.06666666667	38917.54829758984	29478	151445	0.42608553395727294	0.25254028395594763	0.0669611168073191	0.8647454807933719	0.0020359336773668867	0.001522560392166981	0.0002820776692516	0.0039050608552849	74.77924918618464	86.55598184726308	7.56081081081081	273.3558139534884	0.6776103243957393	0.18056832478554163	0.3108108108108108	0.8558139534883721	0.20955748453364972	0.1949126829284889	0.0533333333333333	0.5827702702702703	770.0666666666667	499.6139176070525	75	1410	74427.46666666666	39517.24915033337	29667	153441	2456197.2	1969.5869835359929	2452184	2457600
ntv3_100m_pre_w2048	plant_fine	raw_threshold	0.8	25	15	0.4180793888235323	0.2730621942597145	0.0757545768241121	0.8701674261671438	0.40824808081721753	0.1656630594894044	0.1050578670812368	0.5854119812188315	0.3832667729983675	0.2045051376501852	0.1168789526466956	0.6999363062705378	0.00017348934007452735	0.00010830843205945814	3.775009437523594e-05	0.0003201976076664	0.01927646102127772	0.017809478785706552	0.0067567567567567	0.081081081081081	0.00034135084413473924	0.00021212596173431105	7.534375588623093e-05	0.0006302331862789	0.8722107188931548	0.016608722840576618	0.8507508029656198	0.9022302483840944	0.00011034706790498106	9.085982914223071e-05	0.0	0.0002696598914618	0.008050536923836067	0.0052571549221141515	0.0	0.018018018018018	0.0002167241669472268	0.00017812032227738851	0.0	0.0005279308410598	26.766666666666666	23.6281586449808	4.25	84.5	0.4254600448013675	0.2528439894969936	0.0666059101838206	0.8646095960647345	73324.06666666667	38917.54829758984	29478	151445	0.42608553395727294	0.25254028395594763	0.0669611168073191	0.8647454807933719	0.0020359336773668867	0.001522560392166981	0.0002820776692516	0.0039050608552849	74.77924918618464	86.55598184726308	7.56081081081081	273.3558139534884	0.6776103243957393	0.18056832478554163	0.3108108108108108	0.8558139534883721	0.20955748453364972	0.1949126829284889	0.0533333333333333	0.5827702702702703	770.0666666666667	499.6139176070525	75	1410	74427.46666666666	39517.24915033337	29667	153441	2456197.2	1969.5869835359929	2452184	2457600
ntv3_100m_pre_w2048	plant_fine	raw_threshold	0.8	50	15	0.4180793888235323	0.2730621942597145	0.0757545768241121	0.8701674261671438	0.40824808081721753	0.1656630594894044	0.1050578670812368	0.5854119812188315	0.3832667729983675	0.2045051376501852	0.1168789526466956	0.6999363062705378	0.00017348934007452735	0.00010830843205945814	3.775009437523594e-05	0.0003201976076664	0.01927646102127772	0.017809478785706552	0.0067567567567567	0.081081081081081	0.00034135084413473924	0.00021212596173431105	7.534375588623093e-05	0.0006302331862789	0.8722107188931548	0.016608722840576618	0.8507508029656198	0.9022302483840944	0.00014046139416167946	0.00010841243747593947	6.517162948625204e-06	0.0002818602778337	0.010821118581627041	0.004581323753265409	0.0023255813953488	0.018018018018018	0.0002759945132884673	0.0002126270848137656	1.2997900839014498e-05	0.0005543383575746	26.766666666666666	23.6281586449808	4.25	84.5	0.4254600448013675	0.2528439894969936	0.0666059101838206	0.8646095960647345	73324.06666666667	38917.54829758984	29478	151445	0.42608553395727294	0.25254028395594763	0.0669611168073191	0.8647454807933719	0.0020359336773668867	0.001522560392166981	0.0002820776692516	0.0039050608552849	74.77924918618464	86.55598184726308	7.56081081081081	273.3558139534884	0.6776103243957393	0.18056832478554163	0.3108108108108108	0.8558139534883721	0.20955748453364972	0.1949126829284889	0.0533333333333333	0.5827702702702703	770.0666666666667	499.6139176070525	75	1410	74427.46666666666	39517.24915033337	29667	153441	2456197.2	1969.5869835359929	2452184	2457600
ntv3_100m_pre_w2048	plant_fine	raw_threshold	0.8	100	15	0.4180793888235323	0.2730621942597145	0.0757545768241121	0.8701674261671438	0.40824808081721753	0.1656630594894044	0.1050578670812368	0.5854119812188315	0.3832667729983675	0.2045051376501852	0.1168789526466956	0.6999363062705378	0.00017348934007452735	0.00010830843205945814	3.775009437523594e-05	0.0003201976076664	0.01927646102127772	0.017809478785706552	0.0067567567567567	0.081081081081081	0.00034135084413473924	0.00021212596173431105	7.534375588623093e-05	0.0006302331862789	0.8722107188931548	0.016608722840576618	0.8507508029656198	0.9022302483840944	0.00015635928206589921	0.00010969920760643669	1.93903668657411e-05	0.0003087619788212	0.014157858042567107	0.007127078117342181	0.0067567567567567	0.036036036036036	0.00030741460390812104	0.0002149687543082512	3.872441768156912e-05	0.0006077248581975	26.766666666666666	23.6281586449808	4.25	84.5	0.4254600448013675	0.2528439894969936	0.0666059101838206	0.8646095960647345	73324.06666666667	38917.54829758984	29478	151445	0.42608553395727294	0.25254028395594763	0.0669611168073191	0.8647454807933719	0.0020359336773668867	0.001522560392166981	0.0002820776692516	0.0039050608552849	74.77924918618464	86.55598184726308	7.56081081081081	273.3558139534884	0.6776103243957393	0.18056832478554163	0.3108108108108108	0.8558139534883721	0.20955748453364972	0.1949126829284889	0.0533333333333333	0.5827702702702703	770.0666666666667	499.6139176070525	75	1410	74427.46666666666	39517.24915033337	29667	153441	2456197.2	1969.5869835359929	2452184	2457600
ntv3_100m_pre_w2048	plant_fine	raw_threshold	0.9	5	15	0.4180793888235323	0.2730621942597145	0.0757545768241121	0.8701674261671438	0.40824808081721753	0.1656630594894044	0.1050578670812368	0.5854119812188315	0.3832667729983675	0.2045051376501852	0.1168789526466956	0.6999363062705378	5.588514735608933e-05	4.101971955579722e-05	1.3034325897250408e-05	0.0001348299457309	0.00663288236867848	0.006404470392440127	0.0016260162601626	0.027027027027027	0.00010996006890981766	8.030238553889759e-05	2.5995801678028995e-05	0.0002639654205299	0.9394701719740206	0.020798290459549274	0.9076045288805176	0.984126984126984	2.46331611574057e-05	3.366652839350904e-05	0.0	0.0001348299457309	0.00208014188001974	0.0034890422078195293	0.0	0.0133333333333333	4.835522270018785e-05	6.591131631579413e-05	0.0	0.0002639654205299	12.933333333333334	13.07207583617333	1.5	41.5	0.4254600448013675	0.2528439894969936	0.0666059101838206	0.8646095960647345	73324.06666666667	38917.54829758984	29478	151445	0.42608553395727294	0.25254028395594763	0.0669611168073191	0.8647454807933719	0.0020359336773668867	0.001522560392166981	0.0002820776692516	0.0039050608552849	74.77924918618464	86.55598184726308	7.56081081081081	273.3558139534884	0.6776103243957393	0.18056832478554163	0.3108108108108108	0.8558139534883721	0.20955748453364972	0.1949126829284889	0.0533333333333333	0.5827702702702703	770.0666666666667	499.6139176070525	75	1410	74427.46666666666	39517.24915033337	29667	153441	2456197.2	1969.5869835359929	2452184	2457600
ntv3_100m_pre_w2048	plant_fine	raw_threshold	0.9	10	15	0.4180793888235323	0.2730621942597145	0.0757545768241121	0.8701674261671438	0.40824808081721753	0.1656630594894044	0.1050578670812368	0.5854119812188315	0.3832667729983675	0.2045051376501852	0.1168789526466956	0.6999363062705378	5.588514735608933e-05	4.101971955579722e-05	1.3034325897250408e-05	0.0001348299457309	0.00663288236867848	0.006404470392440127	0.0016260162601626	0.027027027027027	0.00010996006890981766	8.030238553889759e-05	2.5995801678028995e-05	0.0002639654205299	0.9394701719740206	0.020798290459549274	0.9076045288805176	0.984126984126984	3.1435202320579025e-05	3.529480361835268e-05	0.0	0.0001348299457309	0.00298282548563044	0.003800478032794818	0.0	0.0133333333333333	6.174119663874694e-05	6.908449763684456e-05	0.0	0.0002639654205299	12.933333333333334	13.07207583617333	1.5	41.5	0.4254600448013675	0.2528439894969936	0.0666059101838206	0.8646095960647345	73324.06666666667	38917.54829758984	29478	151445	0.42608553395727294	0.25254028395594763	0.0669611168073191	0.8647454807933719	0.0020359336773668867	0.001522560392166981	0.0002820776692516	0.0039050608552849	74.77924918618464	86.55598184726308	7.56081081081081	273.3558139534884	0.6776103243957393	0.18056832478554163	0.3108108108108108	0.8558139534883721	0.20955748453364972	0.1949126829284889	0.0533333333333333	0.5827702702702703	770.0666666666667	499.6139176070525	75	1410	74427.46666666666	39517.24915033337	29667	153441	2456197.2	1969.5869835359929	2452184	2457600
ntv3_100m_pre_w2048	plant_fine	raw_threshold	0.9	25	15	0.4180793888235323	0.2730621942597145	0.0757545768241121	0.8701674261671438	0.40824808081721753	0.1656630594894044	0.1050578670812368	0.5854119812188315	0.3832667729983675	0.2045051376501852	0.1168789526466956	0.6999363062705378	5.588514735608933e-05	4.101971955579722e-05	1.3034325897250408e-05	0.0001348299457309	0.00663288236867848	0.006404470392440127	0.0016260162601626	0.027027027027027	0.00010996006890981766	8.030238553889759e-05	2.5995801678028995e-05	0.0002639654205299	0.9394701719740206	0.020798290459549274	0.9076045288805176	0.984126984126984	4.692874827293125e-05	4.1857505709754335e-05	0.0	0.0001348299457309	0.0040541008547004004	0.0035813574864667816	0.0	0.0133333333333333	9.220385680201058e-05	8.202316934788021e-05	0.0	0.0002639654205299	12.933333333333334	13.07207583617333	1.5	41.5	0.4254600448013675	0.2528439894969936	0.0666059101838206	0.8646095960647345	73324.06666666667	38917.54829758984	29478	151445	0.42608553395727294	0.25254028395594763	0.0669611168073191	0.8647454807933719	0.0020359336773668867	0.001522560392166981	0.0002820776692516	0.0039050608552849	74.77924918618464	86.55598184726308	7.56081081081081	273.3558139534884	0.6776103243957393	0.18056832478554163	0.3108108108108108	0.8558139534883721	0.20955748453364972	0.1949126829284889	0.0533333333333333	0.5827702702702703	770.0666666666667	499.6139176070525	75	1410	74427.46666666666	39517.24915033337	29667	153441	2456197.2	1969.5869835359929	2452184	2457600
ntv3_100m_pre_w2048	plant_fine	raw_threshold	0.9	50	15	0.4180793888235323	0.2730621942597145	0.0757545768241121	0.8701674261671438	0.40824808081721753	0.1656630594894044	0.1050578670812368	0.5854119812188315	0.3832667729983675	0.2045051376501852	0.1168789526466956	0.6999363062705378	5.588514735608933e-05	4.101971955579722e-05	1.3034325897250408e-05	0.0001348299457309	0.00663288236867848	0.006404470392440127	0.0016260162601626	0.027027027027027	0.00010996006890981766	8.030238553889759e-05	2.5995801678028995e-05	0.0002639654205299	0.9394701719740206	0.020798290459549274	0.9076045288805176	0.984126984126984	5.077435397037443e-05	4.112652209559075e-05	0.0	0.0001348299457309	0.005016570713094999	0.0034800034209830568	0.0	0.0133333333333333	9.982991610622417e-05	8.054543571691827e-05	0.0	0.0002639654205299	12.933333333333334	13.07207583617333	1.5	41.5	0.4254600448013675	0.2528439894969936	0.0666059101838206	0.8646095960647345	73324.06666666667	38917.54829758984	29478	151445	0.42608553395727294	0.25254028395594763	0.0669611168073191	0.8647454807933719	0.0020359336773668867	0.001522560392166981	0.0002820776692516	0.0039050608552849	74.77924918618464	86.55598184726308	7.56081081081081	273.3558139534884	0.6776103243957393	0.18056832478554163	0.3108108108108108	0.8558139534883721	0.20955748453364972	0.1949126829284889	0.0533333333333333	0.5827702702702703	770.0666666666667	499.6139176070525	75	1410	74427.46666666666	39517.24915033337	29667	153441	2456197.2	1969.5869835359929	2452184	2457600
ntv3_100m_pre_w2048	plant_fine	raw_threshold	0.9	100	15	0.4180793888235323	0.2730621942597145	0.0757545768241121	0.8701674261671438	0.40824808081721753	0.1656630594894044	0.1050578670812368	0.5854119812188315	0.3832667729983675	0.2045051376501852	0.1168789526466956	0.6999363062705378	5.588514735608933e-05	4.101971955579722e-05	1.3034325897250408e-05	0.0001348299457309	0.00663288236867848	0.006404470392440127	0.0016260162601626	0.027027027027027	0.00010996006890981766	8.030238553889759e-05	2.5995801678028995e-05	0.0002639654205299	0.9394701719740206	0.020798290459549274	0.9076045288805176	0.984126984126984	5.388641729311763e-05	4.00126565006901e-05	1.3034325897250408e-05	0.0001348299457309	0.005979413673972673	0.004483025577997508	0.0016260162601626	0.018018018018018	0.00010599644427752188	7.82891023542433e-05	2.5995801678028995e-05	0.0002639654205299	12.933333333333334	13.07207583617333	1.5	41.5	0.4254600448013675	0.2528439894969936	0.0666059101838206	0.8646095960647345	73324.06666666667	38917.54829758984	29478	151445	0.42608553395727294	0.25254028395594763	0.0669611168073191	0.8647454807933719	0.0020359336773668867	0.001522560392166981	0.0002820776692516	0.0039050608552849	74.77924918618464	86.55598184726308	7.56081081081081	273.3558139534884	0.6776103243957393	0.18056832478554163	0.3108108108108108	0.8558139534883721	0.20955748453364972	0.1949126829284889	0.0533333333333333	0.5827702702702703	770.0666666666667	499.6139176070525	75	1410	74427.46666666666	39517.24915033337	29667	153441	2456197.2	1969.5869835359929	2452184	2457600
